{"odd":"{\"success\":1,\"results\":[{\"FI\":\"75370472\",\"event_id\":\"827267\",\"asian_lines\":{\"updated_at\":\"1532569681\",\"sp\":{\"asian_handicap\":[{\"opp\":\"0.0, +0.5\",\"odds\":\"1.675\",\"header\":\"Home\"},{\"opp\":\"0.0, -0.5\",\"odds\":\"2.150\",\"header\":\"Away\"}],\"goal_line\":[{\"goals\":\"2.0, 2.5\",\"odds\":\"2.150\",\"header\":\"Over\"},{\"goals\":\"2.0, 2.5\",\"odds\":\"1.675\",\"header\":\"Under\"}],\"alternative_asian_handicap\":[{\"opp\":\"-1.5\",\"odds\":\"6.400\",\"header\":\"Home\"},{\"opp\":\"+1.5\",\"odds\":\"1.115\",\"header\":\"Away\"},{\"opp\":\"-1.0, -1.5\",\"odds\":\"5.900\",\"header\":\"Home\"},{\"opp\":\"+1.0, +1.5\",\"odds\":\"1.130\",\"header\":\"Away\"},{\"opp\":\"-1.0\",\"odds\":\"5.250\",\"header\":\"Home\"},{\"opp\":\"+1.0\",\"odds\":\"1.160\",\"header\":\"Away\"},{\"opp\":\"-0.5, -1.0\",\"odds\":\"3.450\",\"header\":\"Home\"},{\"opp\":\"+0.5, +1.0\",\"odds\":\"1.300\",\"header\":\"Away\"},{\"opp\":\"-0.5\",\"odds\":\"2.750\",\"header\":\"Home\"},{\"opp\":\"+0.5\",\"odds\":\"1.425\",\"header\":\"Away\"},{\"opp\":\"0.0, -0.5\",\"odds\":\"2.375\",\"header\":\"Home\"},{\"opp\":\"0.0, +0.5\",\"odds\":\"1.550\",\"header\":\"Away\"},{\"opp\":\"0.0\",\"odds\":\"2.000\",\"header\":\"Home\"},{\"opp\":\"0.0\",\"odds\":\"1.800\",\"header\":\"Away\"},{\"opp\":\"+0.5\",\"odds\":\"1.500\",\"header\":\"Home\"},{\"opp\":\"-0.5\",\"odds\":\"2.500\",\"header\":\"Away\"},{\"opp\":\"+0.5, +1.0\",\"odds\":\"1.350\",\"header\":\"Home\"},{\"opp\":\"-0.5, -1.0\",\"odds\":\"3.100\",\"header\":\"Away\"},{\"opp\":\"+1.0\",\"odds\":\"1.200\",\"header\":\"Home\"},{\"opp\":\"-1.0\",\"odds\":\"4.400\",\"header\":\"Away\"},{\"opp\":\"+1.0, +1.5\",\"odds\":\"1.170\",\"header\":\"Home\"},{\"opp\":\"-1.0, -1.5\",\"odds\":\"5.000\",\"header\":\"Away\"},{\"opp\":\"+1.5\",\"odds\":\"1.140\",\"header\":\"Home\"},{\"opp\":\"-1.5\",\"odds\":\"5.750\",\"header\":\"Away\"}],\"alternative_goal_line\":[{\"goals\":\"0.5, 1.0\",\"odds\":\"1.120\",\"header\":\"Over\"},{\"goals\":\"0.5, 1.0\",\"odds\":\"6.250\",\"header\":\"Under\"},{\"goals\":\"1.0\",\"odds\":\"1.150\",\"header\":\"Over\"},{\"goals\":\"1.0\",\"odds\":\"5.500\",\"header\":\"Under\"},{\"goals\":\"1.0, 1.5\",\"odds\":\"1.325\",\"header\":\"Over\"},{\"goals\":\"1.0, 1.5\",\"odds\":\"3.300\",\"header\":\"Under\"},{\"goals\":\"1.5\",\"odds\":\"1.475\",\"header\":\"Over\"},{\"goals\":\"1.5\",\"odds\":\"2.600\",\"header\":\"Under\"},{\"goals\":\"1.5, 2.0\",\"odds\":\"1.625\",\"header\":\"Over\"},{\"goals\":\"1.5, 2.0\",\"odds\":\"2.250\",\"header\":\"Under\"},{\"goals\":\"2.0\",\"odds\":\"1.850\",\"header\":\"Over\"},{\"goals\":\"2.0\",\"odds\":\"1.950\",\"header\":\"Under\"},{\"goals\":\"2.5\",\"odds\":\"2.425\",\"header\":\"Over\"},{\"goals\":\"2.5\",\"odds\":\"1.525\",\"header\":\"Under\"},{\"goals\":\"2.5, 3.0\",\"odds\":\"3.000\",\"header\":\"Over\"},{\"goals\":\"2.5, 3.0\",\"odds\":\"1.375\",\"header\":\"Under\"},{\"goals\":\"3.0\",\"odds\":\"3.900\",\"header\":\"Over\"},{\"goals\":\"3.0\",\"odds\":\"1.240\",\"header\":\"Under\"},{\"goals\":\"3.0, 3.5\",\"odds\":\"4.250\",\"header\":\"Over\"},{\"goals\":\"3.0, 3.5\",\"odds\":\"1.210\",\"header\":\"Under\"},{\"goals\":\"3.5\",\"odds\":\"4.650\",\"header\":\"Over\"},{\"goals\":\"3.5\",\"odds\":\"1.180\",\"header\":\"Under\"},{\"goals\":\"3.5, 4.0\",\"odds\":\"6.250\",\"header\":\"Over\"},{\"goals\":\"3.5, 4.0\",\"odds\":\"1.120\",\"header\":\"Under\"}],\"1st_half_asian_handicap\":[{\"opp\":\"0.0\",\"odds\":\"1.975\",\"header\":\"Home\"},{\"opp\":\"0.0\",\"odds\":\"1.825\",\"header\":\"Away\"}],\"1st_half_goal_line\":[{\"goals\":\"0.5, 1.0\",\"odds\":\"1.800\",\"header\":\"Over\"},{\"goals\":\"0.5, 1.0\",\"odds\":\"2.000\",\"header\":\"Under\"}],\"alternative_1st_half_asian_handicap\":[{\"opp\":\"-0.5, -1.0\",\"odds\":\"5.250\",\"header\":\"Home\"},{\"opp\":\"+0.5, +1.0\",\"odds\":\"1.160\",\"header\":\"Away\"},{\"opp\":\"-0.5\",\"odds\":\"3.550\",\"header\":\"Home\"},{\"opp\":\"+0.5\",\"odds\":\"1.275\",\"header\":\"Away\"},{\"opp\":\"0.0, -0.5\",\"odds\":\"2.750\",\"header\":\"Home\"},{\"opp\":\"0.0, +0.5\",\"odds\":\"1.425\",\"header\":\"Away\"},{\"opp\":\"0.0, +0.5\",\"odds\":\"1.475\",\"header\":\"Home\"},{\"opp\":\"0.0, -0.5\",\"odds\":\"2.600\",\"header\":\"Away\"},{\"opp\":\"+0.5\",\"odds\":\"1.325\",\"header\":\"Home\"},{\"opp\":\"-0.5\",\"odds\":\"3.300\",\"header\":\"Away\"},{\"opp\":\"+0.5, +1.0\",\"odds\":\"1.180\",\"header\":\"Home\"},{\"opp\":\"-0.5, -1.0\",\"odds\":\"4.650\",\"header\":\"Away\"}],\"alternative_1st_half_goal_line\":[{\"goals\":\"1.0\",\"odds\":\"2.350\",\"header\":\"Over\"},{\"goals\":\"1.0\",\"odds\":\"1.575\",\"header\":\"Under\"},{\"goals\":\"1.0, 1.5\",\"odds\":\"3.000\",\"header\":\"Over\"},{\"goals\":\"1.0, 1.5\",\"odds\":\"1.375\",\"header\":\"Under\"},{\"goals\":\"1.5\",\"odds\":\"3.550\",\"header\":\"Over\"},{\"goals\":\"1.5\",\"odds\":\"1.275\",\"header\":\"Under\"},{\"goals\":\"1.5, 2.0\",\"odds\":\"5.000\",\"header\":\"Over\"},{\"goals\":\"1.5, 2.0\",\"odds\":\"1.170\",\"header\":\"Under\"}],\"asian_total_corners\":[{\"goals\":\"9.5\",\"odds\":\"1.875\",\"header\":\"Over\"},{\"goals\":\"9.5\",\"odds\":\"1.925\",\"header\":\"Under\"}],\"1st_half_asian_corners\":[{\"goals\":\"4.5\",\"odds\":\"1.925\",\"header\":\"Over\"},{\"goals\":\"4.5\",\"odds\":\"1.875\",\"header\":\"Under\"}]}},\"corners\":{\"updated_at\":\"1532569690\",\"sp\":{\"corners\":[{\"opp\":\"Over 10\",\"odds\":\"2.40\"},{\"opp\":\"Exactly 10\",\"odds\":\"7.00\"},{\"opp\":\"Under 10\",\"odds\":\"1.83\"}],\"total_corners\":[{\"opp\":\"Under 6\",\"odds\":\"10.00\"},{\"opp\":\"6 - 8\",\"odds\":\"3.10\"},{\"opp\":\"9 - 11\",\"odds\":\"2.50\"},{\"opp\":\"12 - 14\",\"odds\":\"4.33\"},{\"opp\":\"Over 14\",\"odds\":\"11.00\"}],\"alternative_corners\":[{\"goals\":\"4\",\"odds\":\"1.02\",\"header\":\"Over\"},{\"goals\":\"4\",\"odds\":\"21.00\",\"header\":\"Exactly\"},{\"goals\":\"4\",\"odds\":\"29.00\",\"header\":\"Under\"},{\"goals\":\"5\",\"odds\":\"1.05\",\"header\":\"Over\"},{\"goals\":\"5\",\"odds\":\"15.00\",\"header\":\"Exactly\"},{\"goals\":\"5\",\"odds\":\"17.00\",\"header\":\"Under\"},{\"goals\":\"6\",\"odds\":\"1.12\",\"header\":\"Over\"},{\"goals\":\"6\",\"odds\":\"11.00\",\"header\":\"Exactly\"},{\"goals\":\"6\",\"odds\":\"10.00\",\"header\":\"Under\"},{\"goals\":\"7\",\"odds\":\"1.25\",\"header\":\"Over\"},{\"goals\":\"7\",\"odds\":\"8.50\",\"header\":\"Exactly\"},{\"goals\":\"7\",\"odds\":\"6.00\",\"header\":\"Under\"},{\"goals\":\"8\",\"odds\":\"1.50\",\"header\":\"Over\"},{\"goals\":\"8\",\"odds\":\"7.50\",\"header\":\"Exactly\"},{\"goals\":\"8\",\"odds\":\"3.60\",\"header\":\"Under\"},{\"goals\":\"9\",\"odds\":\"1.83\",\"header\":\"Over\"},{\"goals\":\"9\",\"odds\":\"7.00\",\"header\":\"Exactly\"},{\"goals\":\"9\",\"odds\":\"2.50\",\"header\":\"Under\"},{\"goals\":\"11\",\"odds\":\"3.25\",\"header\":\"Over\"},{\"goals\":\"11\",\"odds\":\"8.00\",\"header\":\"Exactly\"},{\"goals\":\"11\",\"odds\":\"1.53\",\"header\":\"Under\"},{\"goals\":\"12\",\"odds\":\"4.75\",\"header\":\"Over\"},{\"goals\":\"12\",\"odds\":\"9.50\",\"header\":\"Exactly\"},{\"goals\":\"12\",\"odds\":\"1.30\",\"header\":\"Under\"},{\"goals\":\"13\",\"odds\":\"7.00\",\"header\":\"Over\"},{\"goals\":\"13\",\"odds\":\"11.00\",\"header\":\"Exactly\"},{\"goals\":\"13\",\"odds\":\"1.18\",\"header\":\"Under\"},{\"goals\":\"14\",\"odds\":\"11.00\",\"header\":\"Over\"},{\"goals\":\"14\",\"odds\":\"15.00\",\"header\":\"Exactly\"},{\"goals\":\"14\",\"odds\":\"1.08\",\"header\":\"Under\"},{\"goals\":\"15\",\"odds\":\"15.00\",\"header\":\"Over\"},{\"goals\":\"15\",\"odds\":\"19.00\",\"header\":\"Exactly\"},{\"goals\":\"15\",\"odds\":\"1.05\",\"header\":\"Under\"},{\"goals\":\"16\",\"odds\":\"21.00\",\"header\":\"Over\"},{\"goals\":\"16\",\"odds\":\"23.00\",\"header\":\"Exactly\"},{\"goals\":\"16\",\"odds\":\"1.02\",\"header\":\"Under\"},{\"goals\":\"17\",\"odds\":\"34.00\",\"header\":\"Over\"},{\"goals\":\"17\",\"odds\":\"34.00\",\"header\":\"Exactly\"},{\"goals\":\"17\",\"odds\":\"1.01\",\"header\":\"Under\"}],\"corners_2_way\":[{\"opp\":\"Over 9.5\",\"odds\":\"1.83\"},{\"opp\":\"Under 9.5\",\"odds\":\"1.83\"}],\"first_half_corners\":[{\"opp\":\"5\",\"odds\":\"2.75\",\"header\":\"Over\"},{\"opp\":\"5\",\"odds\":\"5.00\",\"header\":\"Exactly\"},{\"opp\":\"5\",\"odds\":\"1.83\",\"header\":\"Under\"}],\"asian_total_corners\":[{\"goals\":\"9.5\",\"odds\":\"1.875\",\"header\":\"Over\"},{\"goals\":\"9.5\",\"odds\":\"1.925\",\"header\":\"Under\"}],\"1st_half_asian_corners\":[{\"goals\":\"4.5\",\"odds\":\"1.925\",\"header\":\"Over\"},{\"goals\":\"4.5\",\"odds\":\"1.875\",\"header\":\"Under\"}]}},\"goals\":{\"updated_at\":\"1532569716\",\"sp\":{\"goals_over_under\":[{\"goals\":\"2.5\",\"odds\":\"2.40\",\"header\":\"Over\"},{\"goals\":\"2.5\",\"odds\":\"1.53\",\"header\":\"Under\"}],\"alternative_total_goals\":[{\"goals\":\"0.5\",\"odds\":\"1.10\",\"header\":\"Over \"},{\"goals\":\"0.5\",\"odds\":\"7.00\",\"header\":\"Under\"},{\"goals\":\"1.5\",\"odds\":\"1.44\",\"header\":\"Over \"},{\"goals\":\"1.5\",\"odds\":\"2.62\",\"header\":\"Under\"},{\"goals\":\"3.5\",\"odds\":\"5.00\",\"header\":\"Over \"},{\"goals\":\"3.5\",\"odds\":\"1.17\",\"header\":\"Under\"},{\"goals\":\"4.5\",\"odds\":\"11.00\",\"header\":\"Over \"},{\"goals\":\"4.5\",\"odds\":\"1.05\",\"header\":\"Under\"},{\"goals\":\"5.5\",\"odds\":\"23.00\",\"header\":\"Over \"},{\"goals\":\"5.5\",\"odds\":\"1.01\",\"header\":\"Under\"}],\"result_total_goals\":[{\"opp\":\"Juarez FC & Over 2.5\",\"odds\":\"6.00\"},{\"opp\":\"Juarez FC & Under 2.5\",\"odds\":\"5.00\"},{\"opp\":\"Draw & Over 2.5\",\"odds\":\"17.00\"},{\"opp\":\"Draw & Under  2.5\",\"odds\":\"3.50\"},{\"opp\":\"Tijuana & Over 2.5\",\"odds\":\"4.75\"},{\"opp\":\"Tijuana & Under 2.5\",\"odds\":\"4.33\"}],\"total_goals_both_teams_to_score\":[{\"opp\":\"Over 2.5 & Yes\",\"odds\":\"2.88\"},{\"opp\":\"Over 2.5 & No\",\"odds\":\"12.00\"},{\"opp\":\"Under 2.5 & Yes\",\"odds\":\"6.00\"},{\"opp\":\"Under 2.5 & No\",\"odds\":\"1.91\"}],\"exact_total_goals\":[{\"opp\":\"0 Goals\",\"odds\":\"7.00\"},{\"opp\":\"1 Goal\",\"odds\":\"3.75\"},{\"opp\":\"2 Goals\",\"odds\":\"3.25\"},{\"opp\":\"3 Goals\",\"odds\":\"4.50\"},{\"opp\":\"4 Goals\",\"odds\":\"7.50\"},{\"opp\":\"5 Goals\",\"odds\":\"17.00\"},{\"opp\":\"6 Goals\",\"odds\":\"41.00\"},{\"opp\":\"7+ Goals\",\"odds\":\"51.00\"}],\"number_of_goals_in_match\":[{\"opp\":\"Under 2 goals\",\"odds\":\"2.62\"},{\"opp\":\"2 or 3 goals\",\"odds\":\"2.00\"},{\"opp\":\"Over 3 goals\",\"odds\":\"5.00\"}],\"both_teams_to_score\":[{\"opp\":\"Yes\",\"odds\":\"2.10\"},{\"opp\":\"No\",\"odds\":\"1.67\"}],\"teams_to_score\":[{\"opp\":\"Both Teams\",\"odds\":\"2.10\"},{\"opp\":\"Juarez FC Only\",\"odds\":\"4.33\"},{\"opp\":\"No Goal\",\"odds\":\"7.00\"},{\"opp\":\"Tijuana Only\",\"odds\":\"3.60\"}],\"both_teams_to_score_in_1st_half\":[{\"opp\":\"Yes\",\"odds\":\"6.00\"},{\"opp\":\"No\",\"odds\":\"1.12\"}],\"both_teams_to_score_in_2nd_half\":[{\"opp\":\"Yes\",\"odds\":\"4.00\"},{\"opp\":\"No\",\"odds\":\"1.22\"}],\"both_teams_to_score_1st_half_2nd_half\":[{\"opp\":\"Yes \\\/ Yes\",\"odds\":\"23.00\"},{\"opp\":\"Yes \\\/ No\",\"odds\":\"7.00\"},{\"opp\":\"No \\\/ Yes\",\"odds\":\"4.50\"},{\"opp\":\"No \\\/ No\",\"odds\":\"1.40\"}],\"first_half_goals\":[{\"goals\":\"0.5\",\"odds\":\"1.53\",\"header\":\"Over\"},{\"goals\":\"0.5\",\"odds\":\"2.38\",\"header\":\"Under\"},{\"goals\":\"1.5\",\"odds\":\"3.50\",\"header\":\"Over\"},{\"goals\":\"1.5\",\"odds\":\"1.29\",\"header\":\"Under\"},{\"goals\":\"2.5\",\"odds\":\"11.00\",\"header\":\"Over\"},{\"goals\":\"2.5\",\"odds\":\"1.05\",\"header\":\"Under\"}],\"exact_1st_half_goals\":[{\"opp\":\"0 Goals\",\"odds\":\"2.38\"},{\"opp\":\"1 Goal\",\"odds\":\"2.50\"},{\"opp\":\"2 Goals\",\"odds\":\"4.75\"},{\"opp\":\"3 Goals\",\"odds\":\"15.00\"},{\"opp\":\"4 Goals\",\"odds\":\"41.00\"},{\"opp\":\"5+ Goals\",\"odds\":\"126.00\"}],\"total_goal_minutes\":[{\"opp\":\"Over 120 minutes\",\"odds\":\"2.20\"},{\"opp\":\"100 To 120 minutes inc.\",\"odds\":\"8.50\"},{\"opp\":\"Under 100 minutes\",\"odds\":\"1.83\"}],\"first_team_to_score\":[{\"opp\":\"Juarez FC\",\"odds\":\"2.30\"},{\"opp\":\"No Goals\",\"odds\":\"7.00\"},{\"opp\":\"Tijuana\",\"odds\":\"1.83\"}],\"early_goal\":[{\"opp\":\"Goal before 34:00\",\"odds\":\"1.83\"},{\"opp\":\"No Goal before 34:00\",\"odds\":\"1.83\"}],\"late_goal\":[{\"opp\":\"Goal after 67:59\",\"odds\":\"1.83\"},{\"opp\":\"No Goal after 67:59\",\"odds\":\"1.83\"}],\"time_of_first_goal_brackets\":[{\"opp\":\"1-10\",\"odds\":\"5.00\"},{\"opp\":\"11-20\",\"odds\":\"5.50\"},{\"opp\":\"21-30\",\"odds\":\"6.50\"},{\"opp\":\"31-40\",\"odds\":\"7.50\"},{\"opp\":\"41-50\",\"odds\":\"8.00\"},{\"opp\":\"51-60\",\"odds\":\"12.00\"},{\"opp\":\"61-70\",\"odds\":\"15.00\"},{\"opp\":\"71-80\",\"odds\":\"17.00\"},{\"opp\":\"81 - Full Time\",\"odds\":\"17.00\"},{\"opp\":\"No Goal\",\"odds\":\"7.00\"}],\"2nd_half_goals\":[{\"goals\":\"0.5\",\"odds\":\"1.33\",\"header\":\"Over\"},{\"goals\":\"0.5\",\"odds\":\"3.25\",\"header\":\"Under\"},{\"goals\":\"1.5\",\"odds\":\"2.62\",\"header\":\"Over\"},{\"goals\":\"1.5\",\"odds\":\"1.44\",\"header\":\"Under\"},{\"goals\":\"2.5\",\"odds\":\"6.50\",\"header\":\"Over\"},{\"goals\":\"2.5\",\"odds\":\"1.11\",\"header\":\"Under\"},{\"goals\":\"3.5\",\"odds\":\"19.00\",\"header\":\"Over\"},{\"goals\":\"3.5\",\"odds\":\"1.02\",\"header\":\"Under\"}],\"exact_2nd_half_goals\":[{\"opp\":\"0 Goals\",\"odds\":\"3.25\"},{\"opp\":\"1 Goal\",\"odds\":\"2.60\"},{\"opp\":\"2 Goals\",\"odds\":\"4.00\"},{\"opp\":\"3 Goals\",\"odds\":\"9.00\"},{\"opp\":\"4 Goals\",\"odds\":\"26.00\"},{\"opp\":\"5+ Goals\",\"odds\":\"51.00\"}],\"half_with_most_goals\":[{\"opp\":\"1st Half\",\"odds\":\"3.20\"},{\"opp\":\"2nd Half\",\"odds\":\"2.10\"},{\"opp\":\"Tie\",\"odds\":\"3.20\"}],\"home_team_highest_scoring_half\":[{\"opp\":\"Juarez FC - 1st Half\",\"odds\":\"3.75\"},{\"opp\":\"Juarez FC - 2nd Half\",\"odds\":\"2.75\"},{\"opp\":\"Juarez FC - Tie\",\"odds\":\"2.00\"}],\"away_team_highest_scoring_half\":[{\"opp\":\"Tijuana - 1st Half\",\"odds\":\"3.75\"},{\"opp\":\"Tijuana - 2nd Half\",\"odds\":\"2.62\"},{\"opp\":\"Tijuana - Tie\",\"odds\":\"2.10\"}],\"home_team_exact_goals\":[{\"opp\":\"Juarez FC - 0 Goals\",\"odds\":\"2.62\"},{\"opp\":\"Juarez FC - 1 Goal\",\"odds\":\"2.50\"},{\"opp\":\"Juarez FC - 2 Goals\",\"odds\":\"4.50\"},{\"opp\":\"Juarez FC - 3+ Goals\",\"odds\":\"10.00\"}],\"away_team_exact_goals\":[{\"opp\":\"Tijuana - 0 Goals\",\"odds\":\"3.00\"},{\"opp\":\"Tijuana - 1 Goal\",\"odds\":\"2.50\"},{\"opp\":\"Tijuana - 2 Goals\",\"odds\":\"4.00\"},{\"opp\":\"Tijuana - 3+ Goals\",\"odds\":\"8.00\"}],\"time_of_1st_team_goal\":[{\"opp\":\"Juarez FC - Goal before 68:00\",\"odds\":\"1.83\"},{\"opp\":\"Juarez FC - No Goal before 68:00\",\"odds\":\"1.83\"},{\"opp\":\"Tijuana - Goal before 61:00\",\"odds\":\"1.83\"},{\"opp\":\"Tijuana - No Goal before 61:00\",\"odds\":\"1.83\"}],\"goals_odd_even\":[{\"opp\":\"Even\",\"odds\":\"1.90\"},{\"opp\":\"Odd\",\"odds\":\"1.95\"}],\"home_team_odd_even_goals\":[{\"opp\":\"Juarez FC - Even\",\"odds\":\"1.67\"},{\"opp\":\"Juarez FC - Odd\",\"odds\":\"2.10\"}],\"away_team_odd_even_goals\":[{\"opp\":\"Tijuana - Even\",\"odds\":\"1.73\"},{\"opp\":\"Tijuana - Odd\",\"odds\":\"2.00\"}],\"1st_half_goals_odd_even\":[{\"opp\":\"Odd\",\"odds\":\"2.20\"},{\"opp\":\"Even\",\"odds\":\"1.67\"}],\"last_team_to_score\":[{\"opp\":\"Juarez FC\",\"odds\":\"2.30\"},{\"opp\":\"No Goal\",\"odds\":\"7.00\"},{\"opp\":\"Tijuana\",\"odds\":\"1.83\"}],\"first_10_minutes_(00:00_09:59)\":[{\"name\":\"Goals\",\"handicap\":\"0.5\",\"odds\":\"5.00\",\"header\":\"Over\"},{\"name\":\"Goals\",\"handicap\":\"0.5\",\"odds\":\"1.17\",\"header\":\"Under\"}]}},\"half\":{\"updated_at\":\"1532569774\",\"sp\":{\"half_time_result\":[{\"opp\":\"1\",\"odds\":\"3.60\"},{\"opp\":\"X\",\"odds\":\"1.95\"},{\"opp\":\"2\",\"odds\":\"3.25\"}],\"half_time_double_chance\":[{\"opp\":\"1X\",\"odds\":\"1.33\"},{\"opp\":\"X2\",\"odds\":\"1.25\"},{\"opp\":\"12\",\"odds\":\"1.80\"}],\"half_time_result_both_teams_to_score\":[{\"opp\":\"Juarez FC & Yes\",\"odds\":\"29.00\"},{\"opp\":\"Juarez FC & No\",\"odds\":\"4.00\"},{\"opp\":\"Draw & Yes\",\"odds\":\"9.00\"},{\"opp\":\"Draw & No\",\"odds\":\"2.38\"},{\"opp\":\"Tijuana & Yes\",\"odds\":\"26.00\"},{\"opp\":\"Tijuana & No\",\"odds\":\"3.50\"}],\"half_time_result_total_goals\":[{\"opp\":\"Juarez FC & Over 1.5\",\"odds\":\"12.00\"},{\"opp\":\"Juarez FC & Under 1.5\",\"odds\":\"4.75\"},{\"opp\":\"Draw & Over 1.5\",\"odds\":\"9.00\"},{\"opp\":\"Draw & Under 1.5\",\"odds\":\"2.38\"},{\"opp\":\"Tijuana & Over 1.5\",\"odds\":\"9.50\"},{\"opp\":\"Tijuana & Under 1.5\",\"odds\":\"4.33\"}],\"half_time_correct_score\":[{\"opp\":\"1-0\",\"odds\":\"4.75\",\"header\":\"Home\"},{\"opp\":\"0-0\",\"odds\":\"2.38\",\"header\":\"X\"},{\"opp\":\"1-0\",\"odds\":\"4.33\",\"header\":\"Away\"},{\"opp\":\"2-0\",\"odds\":\"19.00\",\"header\":\"Home\"},{\"opp\":\"1-1\",\"odds\":\"9.00\",\"header\":\"X\"},{\"opp\":\"2-0\",\"odds\":\"15.00\",\"header\":\"Away\"},{\"opp\":\"2-1\",\"odds\":\"34.00\",\"header\":\"Home\"},{\"opp\":\"2-2\",\"odds\":\"81.00\",\"header\":\"X\"},{\"opp\":\"2-1\",\"odds\":\"29.00\",\"header\":\"Away\"},{\"opp\":\"3-0\",\"odds\":\"67.00\",\"header\":\"Home\"},{\"opp\":\"3-0\",\"odds\":\"51.00\",\"header\":\"Away\"},{\"opp\":\"3-1\",\"odds\":\"101.00\",\"header\":\"Home\"},{\"opp\":\"3-1\",\"odds\":\"101.00\",\"header\":\"Away\"},{\"opp\":\"3-2\",\"odds\":\"351.00\",\"header\":\"Home\"},{\"opp\":\"3-2\",\"odds\":\"351.00\",\"header\":\"Away\"},{\"opp\":\"4-0\",\"odds\":\"351.00\",\"header\":\"Home\"},{\"opp\":\"4-0\",\"odds\":\"251.00\",\"header\":\"Away\"}],\"both_teams_to_score_in_1st_half\":[{\"opp\":\"Yes\",\"odds\":\"6.00\"},{\"opp\":\"No\",\"odds\":\"1.12\"}],\"both_teams_to_score_in_2nd_half\":[{\"opp\":\"Yes\",\"odds\":\"4.00\"},{\"opp\":\"No\",\"odds\":\"1.22\"}],\"both_teams_to_score_1st_half_2nd_half\":[{\"opp\":\"Yes \\\/ Yes\",\"odds\":\"23.00\"},{\"opp\":\"Yes \\\/ No\",\"odds\":\"7.00\"},{\"opp\":\"No \\\/ Yes\",\"odds\":\"4.50\"},{\"opp\":\"No \\\/ No\",\"odds\":\"1.40\"}],\"1st_half_asian_handicap\":[{\"opp\":\"0.0\",\"odds\":\"1.975\",\"header\":\"Home\"},{\"opp\":\"0.0\",\"odds\":\"1.825\",\"header\":\"Away\"}],\"1st_half_goal_line\":[{\"goals\":\"0.5, 1.0\",\"odds\":\"1.775\",\"header\":\"Over\"},{\"goals\":\"0.5, 1.0\",\"odds\":\"2.025\",\"header\":\"Under\"}],\"alternative_1st_half_asian_handicap\":[{\"opp\":\"-0.5, -1.0\",\"odds\":\"5.250\",\"header\":\"Home\"},{\"opp\":\"+0.5, +1.0\",\"odds\":\"1.160\",\"header\":\"Away\"},{\"opp\":\"-0.5\",\"odds\":\"3.550\",\"header\":\"Home\"},{\"opp\":\"+0.5\",\"odds\":\"1.275\",\"header\":\"Away\"},{\"opp\":\"0.0, -0.5\",\"odds\":\"2.750\",\"header\":\"Home\"},{\"opp\":\"0.0, +0.5\",\"odds\":\"1.425\",\"header\":\"Away\"},{\"opp\":\"0.0, +0.5\",\"odds\":\"1.475\",\"header\":\"Home\"},{\"opp\":\"0.0, -0.5\",\"odds\":\"2.600\",\"header\":\"Away\"},{\"opp\":\"+0.5\",\"odds\":\"1.325\",\"header\":\"Home\"},{\"opp\":\"-0.5\",\"odds\":\"3.300\",\"header\":\"Away\"},{\"opp\":\"+0.5, +1.0\",\"odds\":\"1.190\",\"header\":\"Home\"},{\"opp\":\"-0.5, -1.0\",\"odds\":\"4.500\",\"header\":\"Away\"}],\"alternative_1st_half_goal_line\":[{\"goals\":\"1.0\",\"odds\":\"2.350\",\"header\":\"Over\"},{\"goals\":\"1.0\",\"odds\":\"1.575\",\"header\":\"Under\"},{\"goals\":\"1.0, 1.5\",\"odds\":\"3.000\",\"header\":\"Over\"},{\"goals\":\"1.0, 1.5\",\"odds\":\"1.375\",\"header\":\"Under\"},{\"goals\":\"1.5\",\"odds\":\"3.550\",\"header\":\"Over\"},{\"goals\":\"1.5\",\"odds\":\"1.275\",\"header\":\"Under\"},{\"goals\":\"1.5, 2.0\",\"odds\":\"4.650\",\"header\":\"Over\"},{\"goals\":\"1.5, 2.0\",\"odds\":\"1.180\",\"header\":\"Under\"}],\"1st_half_handicap\":[{\"opp\":\"Juarez FC  +1.0\",\"odds\":\"1.33\"},{\"opp\":\"Tie - Tijuana -1.0\",\"odds\":\"4.00\"},{\"opp\":\"Tijuana  -1.0\",\"odds\":\"12.00\"}],\"alternative_1st_half_handicap_result\":[{\"opp\":\"-1.0\",\"odds\":\"15.00\",\"header\":\"Home\"},{\"opp\":\"+1.0\",\"odds\":\"4.33\",\"header\":\"Tie\"},{\"opp\":\"+1.0\",\"odds\":\"1.25\",\"header\":\"Away\"},{\"opp\":\"+2.0\",\"odds\":\"1.04\",\"header\":\"Home\"},{\"opp\":\"-2.0\",\"odds\":\"13.00\",\"header\":\"Tie\"},{\"opp\":\"-2.0\",\"odds\":\"26.00\",\"header\":\"Away\"}],\"first_half_goals\":[{\"goals\":\"0.5\",\"odds\":\"1.53\",\"header\":\"Over\"},{\"goals\":\"0.5\",\"odds\":\"2.38\",\"header\":\"Under\"},{\"goals\":\"1.5\",\"odds\":\"3.50\",\"header\":\"Over\"},{\"goals\":\"1.5\",\"odds\":\"1.29\",\"header\":\"Under\"},{\"goals\":\"2.5\",\"odds\":\"11.00\",\"header\":\"Over\"},{\"goals\":\"2.5\",\"odds\":\"1.05\",\"header\":\"Under\"}],\"exact_1st_half_goals\":[{\"opp\":\"0 Goals\",\"odds\":\"2.38\"},{\"opp\":\"1 Goal\",\"odds\":\"2.50\"},{\"opp\":\"2 Goals\",\"odds\":\"4.75\"},{\"opp\":\"3 Goals\",\"odds\":\"15.00\"},{\"opp\":\"4 Goals\",\"odds\":\"41.00\"},{\"opp\":\"5+ Goals\",\"odds\":\"126.00\"}],\"first_half_corners\":[{\"opp\":\"5\",\"odds\":\"2.75\",\"header\":\"Over\"},{\"opp\":\"5\",\"odds\":\"5.00\",\"header\":\"Exactly\"},{\"opp\":\"5\",\"odds\":\"1.83\",\"header\":\"Under\"}],\"1st_half_asian_corners\":[{\"goals\":\"4.5\",\"odds\":\"1.925\",\"header\":\"Over\"},{\"goals\":\"4.5\",\"odds\":\"1.875\",\"header\":\"Under\"}],\"1st_half_goals_odd_even\":[{\"opp\":\"Odd\",\"odds\":\"2.20\"},{\"opp\":\"Even\",\"odds\":\"1.67\"}],\"to_score_in_half\":[{\"name\":\"1st Half\",\"odds\":\"2.50\",\"header\":\"Yes\"},{\"name\":\"1st Half\",\"odds\":\"1.50\",\"header\":\"No\"},{\"name\":\"2nd Half\",\"odds\":\"2.10\",\"header\":\"Yes\"},{\"name\":\"2nd Half\",\"odds\":\"1.67\",\"header\":\"No\"},{\"name\":\"1st Half\",\"odds\":\"2.38\",\"header\":\"Yes\"},{\"name\":\"1st Half\",\"odds\":\"1.53\",\"header\":\"No\"},{\"name\":\"2nd Half\",\"odds\":\"1.91\",\"header\":\"Yes\"},{\"name\":\"2nd Half\",\"odds\":\"1.80\",\"header\":\"No\"}],\"half_with_most_goals\":[{\"opp\":\"1st Half\",\"odds\":\"3.20\"},{\"opp\":\"2nd Half\",\"odds\":\"2.10\"},{\"opp\":\"Tie\",\"odds\":\"3.20\"}],\"home_team_highest_scoring_half\":[{\"opp\":\"Juarez FC - 1st Half\",\"odds\":\"3.75\"},{\"opp\":\"Juarez FC - 2nd Half\",\"odds\":\"2.75\"},{\"opp\":\"Juarez FC - Tie\",\"odds\":\"2.00\"}],\"away_team_highest_scoring_half\":[{\"opp\":\"Tijuana - 1st Half\",\"odds\":\"3.75\"},{\"opp\":\"Tijuana - 2nd Half\",\"odds\":\"2.62\"},{\"opp\":\"Tijuana - Tie\",\"odds\":\"2.10\"}],\"2nd_half_result\":[{\"opp\":\"1\",\"odds\":\"3.25\"},{\"opp\":\"X\",\"odds\":\"2.20\"},{\"opp\":\"2\",\"odds\":\"2.88\"}],\"2nd_half_goals\":[{\"goals\":\"0.5\",\"odds\":\"1.33\",\"header\":\"Over\"},{\"goals\":\"0.5\",\"odds\":\"3.25\",\"header\":\"Under\"},{\"goals\":\"1.5\",\"odds\":\"2.62\",\"header\":\"Over\"},{\"goals\":\"1.5\",\"odds\":\"1.44\",\"header\":\"Under\"},{\"goals\":\"2.5\",\"odds\":\"6.50\",\"header\":\"Over\"},{\"goals\":\"2.5\",\"odds\":\"1.11\",\"header\":\"Under\"},{\"goals\":\"3.5\",\"odds\":\"19.00\",\"header\":\"Over\"},{\"goals\":\"3.5\",\"odds\":\"1.02\",\"header\":\"Under\"}],\"exact_2nd_half_goals\":[{\"opp\":\"0 Goals\",\"odds\":\"3.25\"},{\"opp\":\"1 Goal\",\"odds\":\"2.60\"},{\"opp\":\"2 Goals\",\"odds\":\"4.00\"},{\"opp\":\"3 Goals\",\"odds\":\"9.00\"},{\"opp\":\"4 Goals\",\"odds\":\"26.00\"},{\"opp\":\"5+ Goals\",\"odds\":\"51.00\"}],\"2nd_half_goals_odd_even\":[{\"opp\":\"Even\",\"odds\":\"1.73\"},{\"opp\":\"Odd\",\"odds\":\"2.00\"}]}},\"main\":{\"updated_at\":\"1532569757\",\"sp\":{\"full_time_result\":[{\"opp\":\"1\",\"odds\":\"3.00\"},{\"opp\":\"X\",\"odds\":\"3.10\"},{\"opp\":\"2\",\"odds\":\"2.45\"}],\"double_chance\":[{\"opp\":\"1X\",\"odds\":\"1.57\"},{\"opp\":\"X2\",\"odds\":\"1.40\"},{\"opp\":\"12\",\"odds\":\"1.38\"}],\"correct_score\":[{\"opp\":\"1-0\",\"odds\":\"7.50\",\"header\":\"Home\"},{\"opp\":\"0-0\",\"odds\":\"7.00\",\"header\":\"X\"},{\"opp\":\"1-0\",\"odds\":\"6.50\",\"header\":\"Away\"},{\"opp\":\"2-0\",\"odds\":\"13.00\",\"header\":\"Home\"},{\"opp\":\"1-1\",\"odds\":\"6.00\",\"header\":\"X\"},{\"opp\":\"2-0\",\"odds\":\"11.00\",\"header\":\"Away\"},{\"opp\":\"2-1\",\"odds\":\"12.00\",\"header\":\"Home\"},{\"opp\":\"2-2\",\"odds\":\"17.00\",\"header\":\"X\"},{\"opp\":\"2-1\",\"odds\":\"10.00\",\"header\":\"Away\"},{\"opp\":\"3-0\",\"odds\":\"34.00\",\"header\":\"Home\"},{\"opp\":\"3-3\",\"odds\":\"67.00\",\"header\":\"X\"},{\"opp\":\"3-0\",\"odds\":\"23.00\",\"header\":\"Away\"},{\"opp\":\"3-1\",\"odds\":\"29.00\",\"header\":\"Home\"},{\"opp\":\"3-1\",\"odds\":\"23.00\",\"header\":\"Away\"},{\"opp\":\"3-2\",\"odds\":\"41.00\",\"header\":\"Home\"},{\"opp\":\"3-2\",\"odds\":\"41.00\",\"header\":\"Away\"},{\"opp\":\"4-0\",\"odds\":\"67.00\",\"header\":\"Home\"},{\"opp\":\"4-0\",\"odds\":\"51.00\",\"header\":\"Away\"},{\"opp\":\"4-1\",\"odds\":\"67.00\",\"header\":\"Home\"},{\"opp\":\"4-1\",\"odds\":\"51.00\",\"header\":\"Away\"},{\"opp\":\"4-2\",\"odds\":\"101.00\",\"header\":\"Home\"},{\"opp\":\"4-2\",\"odds\":\"81.00\",\"header\":\"Away\"},{\"opp\":\"4-3\",\"odds\":\"201.00\",\"header\":\"Home\"},{\"opp\":\"4-3\",\"odds\":\"201.00\",\"header\":\"Away\"},{\"opp\":\"5-0\",\"odds\":\"251.00\",\"header\":\"Home\"},{\"opp\":\"5-0\",\"odds\":\"151.00\",\"header\":\"Away\"},{\"opp\":\"5-1\",\"odds\":\"251.00\",\"header\":\"Home\"},{\"opp\":\"5-1\",\"odds\":\"151.00\",\"header\":\"Away\"},{\"opp\":\"5-2\",\"odds\":\"301.00\",\"header\":\"Away\"}],\"half_time_full_time\":[{\"opp\":\"Juarez FC - Juarez FC\",\"odds\":\"5.00\"},{\"opp\":\"Juarez FC - Draw\",\"odds\":\"15.00\"},{\"opp\":\"Juarez FC - Tijuana\",\"odds\":\"34.00\"},{\"opp\":\"Draw - Juarez FC\",\"odds\":\"6.50\"},{\"opp\":\"Draw - Draw\",\"odds\":\"4.33\"},{\"opp\":\"Draw - Tijuana\",\"odds\":\"5.50\"},{\"opp\":\"Tijuana - Juarez FC\",\"odds\":\"34.00\"},{\"opp\":\"Tijuana - Draw\",\"odds\":\"15.00\"},{\"opp\":\"Tijuana - Tijuana\",\"odds\":\"4.00\"}],\"goals_over_under\":[{\"goals\":\"2.5\",\"odds\":\"2.40\",\"header\":\"Over\"},{\"goals\":\"2.5\",\"odds\":\"1.53\",\"header\":\"Under\"}],\"both_teams_to_score\":[{\"opp\":\"Yes\",\"odds\":\"2.10\"},{\"opp\":\"No\",\"odds\":\"1.67\"}],\"asian_handicap\":[{\"opp\":\"0.0, +0.5\",\"odds\":\"1.675\",\"header\":\"Home\"},{\"opp\":\"0.0, -0.5\",\"odds\":\"2.150\",\"header\":\"Away\"}],\"goal_line\":[{\"goals\":\"2.0, 2.5\",\"odds\":\"2.100\",\"header\":\"Over\"},{\"goals\":\"2.0, 2.5\",\"odds\":\"1.700\",\"header\":\"Under\"}],\"alternative_asian_handicap\":[{\"opp\":\"-1.5\",\"odds\":\"6.400\",\"header\":\"Home\"},{\"opp\":\"+1.5\",\"odds\":\"1.115\",\"header\":\"Away\"},{\"opp\":\"-1.0, -1.5\",\"odds\":\"5.900\",\"header\":\"Home\"},{\"opp\":\"+1.0, +1.5\",\"odds\":\"1.130\",\"header\":\"Away\"},{\"opp\":\"-1.0\",\"odds\":\"5.250\",\"header\":\"Home\"},{\"opp\":\"+1.0\",\"odds\":\"1.160\",\"header\":\"Away\"},{\"opp\":\"-0.5, -1.0\",\"odds\":\"3.450\",\"header\":\"Home\"},{\"opp\":\"+0.5, +1.0\",\"odds\":\"1.300\",\"header\":\"Away\"},{\"opp\":\"-0.5\",\"odds\":\"2.750\",\"header\":\"Home\"},{\"opp\":\"+0.5\",\"odds\":\"1.425\",\"header\":\"Away\"},{\"opp\":\"0.0, -0.5\",\"odds\":\"2.375\",\"header\":\"Home\"},{\"opp\":\"0.0, +0.5\",\"odds\":\"1.550\",\"header\":\"Away\"},{\"opp\":\"0.0\",\"odds\":\"2.000\",\"header\":\"Home\"},{\"opp\":\"0.0\",\"odds\":\"1.800\",\"header\":\"Away\"},{\"opp\":\"+0.5\",\"odds\":\"1.500\",\"header\":\"Home\"},{\"opp\":\"-0.5\",\"odds\":\"2.500\",\"header\":\"Away\"},{\"opp\":\"+0.5, +1.0\",\"odds\":\"1.350\",\"header\":\"Home\"},{\"opp\":\"-0.5, -1.0\",\"odds\":\"3.100\",\"header\":\"Away\"},{\"opp\":\"+1.0\",\"odds\":\"1.200\",\"header\":\"Home\"},{\"opp\":\"-1.0\",\"odds\":\"4.400\",\"header\":\"Away\"},{\"opp\":\"+1.0, +1.5\",\"odds\":\"1.170\",\"header\":\"Home\"},{\"opp\":\"-1.0, -1.5\",\"odds\":\"5.000\",\"header\":\"Away\"},{\"opp\":\"+1.5\",\"odds\":\"1.140\",\"header\":\"Home\"},{\"opp\":\"-1.5\",\"odds\":\"5.750\",\"header\":\"Away\"}],\"alternative_goal_line\":[{\"goals\":\"0.5, 1.0\",\"odds\":\"1.115\",\"header\":\"Over\"},{\"goals\":\"0.5, 1.0\",\"odds\":\"6.400\",\"header\":\"Under\"},{\"goals\":\"1.0\",\"odds\":\"1.140\",\"header\":\"Over\"},{\"goals\":\"1.0\",\"odds\":\"5.750\",\"header\":\"Under\"},{\"goals\":\"1.0, 1.5\",\"odds\":\"1.300\",\"header\":\"Over\"},{\"goals\":\"1.0, 1.5\",\"odds\":\"3.450\",\"header\":\"Under\"},{\"goals\":\"1.5\",\"odds\":\"1.475\",\"header\":\"Over\"},{\"goals\":\"1.5\",\"odds\":\"2.600\",\"header\":\"Under\"},{\"goals\":\"1.5, 2.0\",\"odds\":\"1.600\",\"header\":\"Over\"},{\"goals\":\"1.5, 2.0\",\"odds\":\"2.300\",\"header\":\"Under\"},{\"goals\":\"2.0\",\"odds\":\"1.800\",\"header\":\"Over\"},{\"goals\":\"2.0\",\"odds\":\"2.000\",\"header\":\"Under\"},{\"goals\":\"2.5\",\"odds\":\"2.375\",\"header\":\"Over\"},{\"goals\":\"2.5\",\"odds\":\"1.550\",\"header\":\"Under\"},{\"goals\":\"2.5, 3.0\",\"odds\":\"2.850\",\"header\":\"Over\"},{\"goals\":\"2.5, 3.0\",\"odds\":\"1.400\",\"header\":\"Under\"},{\"goals\":\"3.0\",\"odds\":\"3.800\",\"header\":\"Over\"},{\"goals\":\"3.0\",\"odds\":\"1.250\",\"header\":\"Under\"},{\"goals\":\"3.0, 3.5\",\"odds\":\"4.150\",\"header\":\"Over\"},{\"goals\":\"3.0, 3.5\",\"odds\":\"1.220\",\"header\":\"Under\"},{\"goals\":\"3.5\",\"odds\":\"4.500\",\"header\":\"Over\"},{\"goals\":\"3.5\",\"odds\":\"1.190\",\"header\":\"Under\"},{\"goals\":\"3.5, 4.0\",\"odds\":\"6.000\",\"header\":\"Over\"},{\"goals\":\"3.5, 4.0\",\"odds\":\"1.125\",\"header\":\"Under\"}],\"draw_no_bet\":[{\"opp\":\"Juarez FC\",\"odds\":\"2.00\"},{\"opp\":\"Tijuana\",\"odds\":\"1.73\"}],\"result_both_teams_to_score\":[{\"name\":\"Juarez FC\",\"odds\":\"7.00\",\"header\":\"Yes\"},{\"name\":\"Juarez FC\",\"odds\":\"4.50\",\"header\":\"No\"},{\"name\":\"Tijuana\",\"odds\":\"6.00\",\"header\":\"Yes\"},{\"name\":\"Tijuana\",\"odds\":\"3.75\",\"header\":\"No\"},{\"name\":\"Draw\",\"odds\":\"4.75\",\"header\":\"Yes\"},{\"name\":\"Draw\",\"odds\":\"7.00\",\"header\":\"No\"}],\"handicap_result\":[{\"opp\":\"Juarez FC (+1)\",\"odds\":\"1.57\"},{\"opp\":\"Tie - (Tijuana -1)\",\"odds\":\"3.75\"},{\"opp\":\"Tijuana (-1)\",\"odds\":\"5.00\"}],\"alternative_handicap_result\":[{\"opp\":\"-2.0\",\"odds\":\"15.00\",\"header\":\"Home\"},{\"opp\":\"+2.0\",\"odds\":\"8.00\",\"header\":\"Tie\"},{\"opp\":\"+2.0\",\"odds\":\"1.08\",\"header\":\"Away\"},{\"opp\":\"-1.0\",\"odds\":\"6.50\",\"header\":\"Home\"},{\"opp\":\"+1.0\",\"odds\":\"4.33\",\"header\":\"Tie\"},{\"opp\":\"+1.0\",\"odds\":\"1.40\",\"header\":\"Away\"},{\"opp\":\"+2.0\",\"odds\":\"1.12\",\"header\":\"Home\"},{\"opp\":\"-2.0\",\"odds\":\"7.00\",\"header\":\"Tie\"},{\"opp\":\"-2.0\",\"odds\":\"12.00\",\"header\":\"Away\"},{\"opp\":\"+3.0\",\"odds\":\"1.04\",\"header\":\"Home\"},{\"opp\":\"-3.0\",\"odds\":\"13.00\",\"header\":\"Tie\"},{\"opp\":\"-3.0\",\"odds\":\"19.00\",\"header\":\"Away\"}],\"winning_margin\":[{\"goals\":\" 1\",\"odds\":\"4.33\",\"header\":\"Home\"},{\"goals\":\" 1\",\"odds\":\"3.75\",\"header\":\"Away\"},{\"goals\":\" 2\",\"odds\":\"8.00\",\"header\":\"Home\"},{\"goals\":\" 2\",\"odds\":\"7.00\",\"header\":\"Away\"},{\"goals\":\" 3\",\"odds\":\"29.00\",\"header\":\"Home\"},{\"goals\":\" 3\",\"odds\":\"13.00\",\"header\":\"Away\"},{\"goals\":\" 4+\",\"odds\":\"51.00\",\"header\":\"Home\"},{\"goals\":\" 4+\",\"odds\":\"19.00\",\"header\":\"Away\"},{\"goals\":\"Score Draw\",\"odds\":\"4.75\",\"header\":\"Home\"},{\"goals\":\"No Goal\",\"odds\":\"7.00\",\"header\":\"Home\"}]}},\"schedule\":{\"updated_at\":\"1532570184\",\"sp\":{\"main\":[{\"odds\":\"2.90\"},{\"odds\":\"3.10\"},{\"odds\":\"2.50\"}]}},\"specials\":{\"updated_at\":\"1532569782\",\"sp\":{\"specials\":[{\"name\":\"To Win From Behind\",\"odds\":\"11.00\",\"header\":\"Home\"},{\"name\":\"To Win From Behind\",\"odds\":\"10.00\",\"header\":\"Away\"},{\"name\":\"To Win to Nil\",\"odds\":\"4.50\",\"header\":\"Home\"},{\"name\":\"To Win to Nil\",\"odds\":\"3.75\",\"header\":\"Away\"},{\"name\":\"To Win Either Half\",\"odds\":\"2.00\",\"header\":\"Home\"},{\"name\":\"To Win Either Half\",\"odds\":\"1.80\",\"header\":\"Away\"},{\"name\":\"To Win Both Halves\",\"odds\":\"13.00\",\"header\":\"Home\"},{\"name\":\"To Win Both Halves\",\"odds\":\"10.00\",\"header\":\"Away\"},{\"name\":\"To Score in Both Halves\",\"odds\":\"5.50\",\"header\":\"Home\"},{\"name\":\"To Score in Both Halves\",\"odds\":\"4.50\",\"header\":\"Away\"}],\"to_score_in_half\":[{\"name\":\"1st Half\",\"odds\":\"2.50\",\"header\":\"Yes\"},{\"name\":\"1st Half\",\"odds\":\"1.50\",\"header\":\"No\"},{\"name\":\"2nd Half\",\"odds\":\"2.10\",\"header\":\"Yes\"},{\"name\":\"2nd Half\",\"odds\":\"1.67\",\"header\":\"No\"},{\"name\":\"1st Half\",\"odds\":\"2.38\",\"header\":\"Yes\"},{\"name\":\"1st Half\",\"odds\":\"1.53\",\"header\":\"No\"},{\"name\":\"2nd Half\",\"odds\":\"1.91\",\"header\":\"Yes\"},{\"name\":\"2nd Half\",\"odds\":\"1.80\",\"header\":\"No\"}]}}}]}"}