{"odd":"{\"success\":1,\"results\":[{\"FI\":\"75382765\",\"event_id\":\"830149\",\"asian_lines\":{\"updated_at\":\"1532570436\",\"sp\":{\"asian_total_corners\":[{\"goals\":\"8.0\",\"odds\":\"1.925\",\"header\":\"Over\"},{\"goals\":\"8.0\",\"odds\":\"1.875\",\"header\":\"Under\"}],\"1st_half_asian_corners\":[{\"goals\":\"3.5\",\"odds\":\"1.750\",\"header\":\"Over\"},{\"goals\":\"3.5\",\"odds\":\"2.050\",\"header\":\"Under\"}]}},\"corners\":{\"updated_at\":\"1532570455\",\"sp\":{\"corners\":[{\"opp\":\"Over 8\",\"odds\":\"2.20\"},{\"opp\":\"Exactly 8\",\"odds\":\"6.50\"},{\"opp\":\"Under 8\",\"odds\":\"2.10\"}],\"total_corners\":[{\"opp\":\"Under 6\",\"odds\":\"4.50\"},{\"opp\":\"6 - 8\",\"odds\":\"2.38\"},{\"opp\":\"9 - 11\",\"odds\":\"3.00\"},{\"opp\":\"12 - 14\",\"odds\":\"7.50\"},{\"opp\":\"Over 14\",\"odds\":\"29.00\"}],\"alternative_corners\":[{\"goals\":\"3\",\"odds\":\"1.02\",\"header\":\"Over\"},{\"goals\":\"3\",\"odds\":\"19.00\",\"header\":\"Exactly\"},{\"goals\":\"3\",\"odds\":\"29.00\",\"header\":\"Under\"},{\"goals\":\"4\",\"odds\":\"1.06\",\"header\":\"Over\"},{\"goals\":\"4\",\"odds\":\"13.00\",\"header\":\"Exactly\"},{\"goals\":\"4\",\"odds\":\"15.00\",\"header\":\"Under\"},{\"goals\":\"5\",\"odds\":\"1.18\",\"header\":\"Over\"},{\"goals\":\"5\",\"odds\":\"9.00\",\"header\":\"Exactly\"},{\"goals\":\"5\",\"odds\":\"8.00\",\"header\":\"Under\"},{\"goals\":\"6\",\"odds\":\"1.36\",\"header\":\"Over\"},{\"goals\":\"6\",\"odds\":\"7.50\",\"header\":\"Exactly\"},{\"goals\":\"6\",\"odds\":\"4.75\",\"header\":\"Under\"},{\"goals\":\"7\",\"odds\":\"1.67\",\"header\":\"Over\"},{\"goals\":\"7\",\"odds\":\"6.50\",\"header\":\"Exactly\"},{\"goals\":\"7\",\"odds\":\"3.00\",\"header\":\"Under\"},{\"goals\":\"9\",\"odds\":\"3.00\",\"header\":\"Over\"},{\"goals\":\"9\",\"odds\":\"7.50\",\"header\":\"Exactly\"},{\"goals\":\"9\",\"odds\":\"1.67\",\"header\":\"Under\"},{\"goals\":\"10\",\"odds\":\"4.33\",\"header\":\"Over\"},{\"goals\":\"10\",\"odds\":\"8.50\",\"header\":\"Exactly\"},{\"goals\":\"10\",\"odds\":\"1.36\",\"header\":\"Under\"},{\"goals\":\"11\",\"odds\":\"6.50\",\"header\":\"Over\"},{\"goals\":\"11\",\"odds\":\"11.00\",\"header\":\"Exactly\"},{\"goals\":\"11\",\"odds\":\"1.20\",\"header\":\"Under\"},{\"goals\":\"12\",\"odds\":\"10.00\",\"header\":\"Over\"},{\"goals\":\"12\",\"odds\":\"13.00\",\"header\":\"Exactly\"},{\"goals\":\"12\",\"odds\":\"1.10\",\"header\":\"Under\"},{\"goals\":\"13\",\"odds\":\"15.00\",\"header\":\"Over\"},{\"goals\":\"13\",\"odds\":\"17.00\",\"header\":\"Exactly\"},{\"goals\":\"13\",\"odds\":\"1.05\",\"header\":\"Under\"},{\"goals\":\"14\",\"odds\":\"21.00\",\"header\":\"Over\"},{\"goals\":\"14\",\"odds\":\"23.00\",\"header\":\"Exactly\"},{\"goals\":\"14\",\"odds\":\"1.03\",\"header\":\"Under\"},{\"goals\":\"15\",\"odds\":\"29.00\",\"header\":\"Over\"},{\"goals\":\"15\",\"odds\":\"29.00\",\"header\":\"Exactly\"},{\"goals\":\"15\",\"odds\":\"1.02\",\"header\":\"Under\"}],\"corners_2_way\":[{\"opp\":\"Over 7.5\",\"odds\":\"1.67\"},{\"opp\":\"Under 7.5\",\"odds\":\"2.10\"}],\"first_half_corners\":[{\"opp\":\"4\",\"odds\":\"2.60\",\"header\":\"Over\"},{\"opp\":\"4\",\"odds\":\"4.75\",\"header\":\"Exactly\"},{\"opp\":\"4\",\"odds\":\"2.05\",\"header\":\"Under\"}],\"asian_total_corners\":[{\"goals\":\"8.0\",\"odds\":\"1.925\",\"header\":\"Over\"},{\"goals\":\"8.0\",\"odds\":\"1.875\",\"header\":\"Under\"}],\"1st_half_asian_corners\":[{\"goals\":\"3.5\",\"odds\":\"1.750\",\"header\":\"Over\"},{\"goals\":\"3.5\",\"odds\":\"2.050\",\"header\":\"Under\"}]}},\"goals\":{\"updated_at\":\"1532569865\",\"sp\":{\"goals_over_under\":[{\"goals\":\"2.5\",\"odds\":\"1.62\",\"header\":\"Over\"},{\"goals\":\"2.5\",\"odds\":\"2.25\",\"header\":\"Under\"}],\"first_team_to_score\":[{\"opp\":\"PK-35 Vantaa Women\",\"odds\":\"1.80\"},{\"opp\":\"No Goals\",\"odds\":\"15.00\"},{\"opp\":\"HJK Women\",\"odds\":\"2.05\"}],\"home_team_highest_scoring_half\":[{\"opp\":\"PK-35 Vantaa Women - 1st Half\",\"odds\":\"3.40\"},{\"opp\":\"PK-35 Vantaa Women - 2nd Half\",\"odds\":\"2.30\"},{\"opp\":\"PK-35 Vantaa Women - Tie\",\"odds\":\"2.60\"}],\"away_team_highest_scoring_half\":[{\"opp\":\"HJK Women - 1st Half\",\"odds\":\"3.40\"},{\"opp\":\"HJK Women - 2nd Half\",\"odds\":\"2.38\"},{\"opp\":\"HJK Women - Tie\",\"odds\":\"2.50\"}],\"goals_odd_even\":[{\"opp\":\"Even\",\"odds\":\"1.90\"},{\"opp\":\"Odd\",\"odds\":\"1.95\"}],\"home_team_odd_even_goals\":[{\"opp\":\"PK-35 Vantaa Women - Even\",\"odds\":\"1.80\"},{\"opp\":\"PK-35 Vantaa Women - Odd\",\"odds\":\"1.91\"}],\"away_team_odd_even_goals\":[{\"opp\":\"HJK Women - Even\",\"odds\":\"1.73\"},{\"opp\":\"HJK Women - Odd\",\"odds\":\"2.00\"}],\"1st_half_goals_odd_even\":[{\"opp\":\"Odd\",\"odds\":\"2.10\"},{\"opp\":\"Even\",\"odds\":\"1.73\"}]}},\"half\":{\"updated_at\":\"1532570472\",\"sp\":{\"half_time_result\":[{\"opp\":\"1\",\"odds\":\"2.75\"},{\"opp\":\"X\",\"odds\":\"2.38\"},{\"opp\":\"2\",\"odds\":\"3.00\"}],\"half_time_double_chance\":[{\"opp\":\"1X\",\"odds\":\"1.36\"},{\"opp\":\"X2\",\"odds\":\"1.40\"},{\"opp\":\"12\",\"odds\":\"1.53\"}],\"half_time_correct_score\":[{\"opp\":\"1-0\",\"odds\":\"4.75\",\"header\":\"Home\"},{\"opp\":\"0-0\",\"odds\":\"3.40\",\"header\":\"X\"},{\"opp\":\"1-0\",\"odds\":\"5.00\",\"header\":\"Away\"},{\"opp\":\"2-0\",\"odds\":\"12.00\",\"header\":\"Home\"},{\"opp\":\"1-1\",\"odds\":\"8.50\",\"header\":\"X\"},{\"opp\":\"2-0\",\"odds\":\"13.00\",\"header\":\"Away\"},{\"opp\":\"2-1\",\"odds\":\"21.00\",\"header\":\"Home\"},{\"opp\":\"2-2\",\"odds\":\"51.00\",\"header\":\"X\"},{\"opp\":\"2-1\",\"odds\":\"23.00\",\"header\":\"Away\"},{\"opp\":\"3-0\",\"odds\":\"34.00\",\"header\":\"Home\"},{\"opp\":\"3-0\",\"odds\":\"34.00\",\"header\":\"Away\"},{\"opp\":\"3-1\",\"odds\":\"51.00\",\"header\":\"Home\"},{\"opp\":\"3-1\",\"odds\":\"51.00\",\"header\":\"Away\"},{\"opp\":\"4-0\",\"odds\":\"81.00\",\"header\":\"Home\"},{\"opp\":\"4-0\",\"odds\":\"81.00\",\"header\":\"Away\"}],\"first_half_corners\":[{\"opp\":\"4\",\"odds\":\"2.60\",\"header\":\"Over\"},{\"opp\":\"4\",\"odds\":\"4.75\",\"header\":\"Exactly\"},{\"opp\":\"4\",\"odds\":\"2.05\",\"header\":\"Under\"}],\"1st_half_asian_corners\":[{\"goals\":\"3.5\",\"odds\":\"1.750\",\"header\":\"Over\"},{\"goals\":\"3.5\",\"odds\":\"2.050\",\"header\":\"Under\"}],\"1st_half_goals_odd_even\":[{\"opp\":\"Odd\",\"odds\":\"2.10\"},{\"opp\":\"Even\",\"odds\":\"1.73\"}],\"home_team_highest_scoring_half\":[{\"opp\":\"PK-35 Vantaa Women - 1st Half\",\"odds\":\"3.40\"},{\"opp\":\"PK-35 Vantaa Women - 2nd Half\",\"odds\":\"2.30\"},{\"opp\":\"PK-35 Vantaa Women - Tie\",\"odds\":\"2.60\"}],\"away_team_highest_scoring_half\":[{\"opp\":\"HJK Women - 1st Half\",\"odds\":\"3.40\"},{\"opp\":\"HJK Women - 2nd Half\",\"odds\":\"2.38\"},{\"opp\":\"HJK Women - Tie\",\"odds\":\"2.50\"}],\"2nd_half_goals_odd_even\":[{\"opp\":\"Even\",\"odds\":\"1.80\"},{\"opp\":\"Odd\",\"odds\":\"1.91\"}]}},\"main\":{\"updated_at\":\"1532570415\",\"sp\":{\"full_time_result\":[{\"opp\":\"1\",\"odds\":\"2.25\"},{\"opp\":\"X\",\"odds\":\"3.75\"},{\"opp\":\"2\",\"odds\":\"2.50\"}],\"double_chance\":[{\"opp\":\"1X\",\"odds\":\"1.50\"},{\"opp\":\"X2\",\"odds\":\"1.57\"},{\"opp\":\"12\",\"odds\":\"1.25\"}],\"correct_score\":[{\"opp\":\"1-0\",\"odds\":\"11.00\",\"header\":\"Home\"},{\"opp\":\"0-0\",\"odds\":\"15.00\",\"header\":\"X\"},{\"opp\":\"1-0\",\"odds\":\"12.00\",\"header\":\"Away\"},{\"opp\":\"2-0\",\"odds\":\"13.00\",\"header\":\"Home\"},{\"opp\":\"1-1\",\"odds\":\"8.00\",\"header\":\"X\"},{\"opp\":\"2-0\",\"odds\":\"15.00\",\"header\":\"Away\"},{\"opp\":\"2-1\",\"odds\":\"10.00\",\"header\":\"Home\"},{\"opp\":\"2-2\",\"odds\":\"13.00\",\"header\":\"X\"},{\"opp\":\"2-1\",\"odds\":\"11.00\",\"header\":\"Away\"},{\"opp\":\"3-0\",\"odds\":\"21.00\",\"header\":\"Home\"},{\"opp\":\"3-3\",\"odds\":\"41.00\",\"header\":\"X\"},{\"opp\":\"3-0\",\"odds\":\"23.00\",\"header\":\"Away\"},{\"opp\":\"3-1\",\"odds\":\"17.00\",\"header\":\"Home\"},{\"opp\":\"3-1\",\"odds\":\"19.00\",\"header\":\"Away\"},{\"opp\":\"3-2\",\"odds\":\"23.00\",\"header\":\"Home\"},{\"opp\":\"3-2\",\"odds\":\"26.00\",\"header\":\"Away\"},{\"opp\":\"4-0\",\"odds\":\"41.00\",\"header\":\"Home\"},{\"opp\":\"4-0\",\"odds\":\"41.00\",\"header\":\"Away\"},{\"opp\":\"4-1\",\"odds\":\"34.00\",\"header\":\"Home\"},{\"opp\":\"4-1\",\"odds\":\"41.00\",\"header\":\"Away\"},{\"opp\":\"4-2\",\"odds\":\"41.00\",\"header\":\"Home\"},{\"opp\":\"4-2\",\"odds\":\"41.00\",\"header\":\"Away\"},{\"opp\":\"5-0\",\"odds\":\"67.00\",\"header\":\"Home\"},{\"opp\":\"5-0\",\"odds\":\"81.00\",\"header\":\"Away\"},{\"opp\":\"5-1\",\"odds\":\"51.00\",\"header\":\"Home\"},{\"opp\":\"5-1\",\"odds\":\"67.00\",\"header\":\"Away\"},{\"opp\":\"4-3\",\"odds\":\"67.00\",\"header\":\"Home\"},{\"opp\":\"5-2\",\"odds\":\"81.00\",\"header\":\"Away\"},{\"opp\":\"5-2\",\"odds\":\"81.00\",\"header\":\"Home\"},{\"opp\":\"4-3\",\"odds\":\"67.00\",\"header\":\"Away\"}],\"half_time_full_time\":[{\"opp\":\"PK-35 Vantaa Women - PK-35 Vantaa Women\",\"odds\":\"3.75\"},{\"opp\":\"PK-35 Vantaa Women - Draw\",\"odds\":\"15.00\"},{\"opp\":\"PK-35 Vantaa Women - HJK Women\",\"odds\":\"21.00\"},{\"opp\":\"Draw - PK-35 Vantaa Women\",\"odds\":\"6.00\"},{\"opp\":\"Draw - Draw\",\"odds\":\"6.50\"},{\"opp\":\"Draw - HJK Women\",\"odds\":\"6.50\"},{\"opp\":\"HJK Women - PK-35 Vantaa Women\",\"odds\":\"21.00\"},{\"opp\":\"HJK Women - Draw\",\"odds\":\"15.00\"},{\"opp\":\"HJK Women - HJK Women\",\"odds\":\"4.00\"}],\"goals_over_under\":[{\"goals\":\"2.5\",\"odds\":\"1.62\",\"header\":\"Over\"},{\"goals\":\"2.5\",\"odds\":\"2.25\",\"header\":\"Under\"}],\"draw_no_bet\":[{\"opp\":\"PK-35 Vantaa Women\",\"odds\":\"1.80\"},{\"opp\":\"HJK Women\",\"odds\":\"1.91\"}]}},\"schedule\":{\"updated_at\":\"1532570335\",\"sp\":{\"main\":[{\"odds\":\"2.25\"},{\"odds\":\"3.75\"},{\"odds\":\"2.50\"}]}}}]}"}