{"odd":"{\"success\":1,\"results\":[{\"FI\":\"75228393\",\"event_id\":\"829979\",\"asian_lines\":{\"updated_at\":\"1532570194\",\"sp\":{\"asian_total_corners\":[{\"goals\":\"11.0\",\"odds\":\"1.825\",\"header\":\"Over\"},{\"goals\":\"11.0\",\"odds\":\"1.975\",\"header\":\"Under\"}],\"1st_half_asian_corners\":[{\"goals\":\"5.5\",\"odds\":\"2.050\",\"header\":\"Over\"},{\"goals\":\"5.5\",\"odds\":\"1.750\",\"header\":\"Under\"}]}},\"corners\":{\"updated_at\":\"1532570206\",\"sp\":{\"corners\":[{\"opp\":\"Over 11\",\"odds\":\"2.00\"},{\"opp\":\"Exactly 11\",\"odds\":\"8.00\"},{\"opp\":\"Under 11\",\"odds\":\"2.20\"}],\"total_corners\":[{\"opp\":\"Under 6\",\"odds\":\"21.00\"},{\"opp\":\"6 - 8\",\"odds\":\"4.75\"},{\"opp\":\"9 - 11\",\"odds\":\"2.75\"},{\"opp\":\"12 - 14\",\"odds\":\"3.20\"},{\"opp\":\"Over 14\",\"odds\":\"4.75\"}],\"alternative_corners\":[{\"goals\":\"5\",\"odds\":\"1.02\",\"header\":\"Over\"},{\"goals\":\"5\",\"odds\":\"23.00\",\"header\":\"Exactly\"},{\"goals\":\"5\",\"odds\":\"29.00\",\"header\":\"Under\"},{\"goals\":\"6\",\"odds\":\"1.05\",\"header\":\"Over\"},{\"goals\":\"6\",\"odds\":\"17.00\",\"header\":\"Exactly\"},{\"goals\":\"6\",\"odds\":\"17.00\",\"header\":\"Under\"},{\"goals\":\"7\",\"odds\":\"1.10\",\"header\":\"Over\"},{\"goals\":\"7\",\"odds\":\"13.00\",\"header\":\"Exactly\"},{\"goals\":\"7\",\"odds\":\"11.00\",\"header\":\"Under\"},{\"goals\":\"8\",\"odds\":\"1.22\",\"header\":\"Over\"},{\"goals\":\"8\",\"odds\":\"10.00\",\"header\":\"Exactly\"},{\"goals\":\"8\",\"odds\":\"6.50\",\"header\":\"Under\"},{\"goals\":\"9\",\"odds\":\"1.40\",\"header\":\"Over\"},{\"goals\":\"9\",\"odds\":\"8.50\",\"header\":\"Exactly\"},{\"goals\":\"9\",\"odds\":\"4.00\",\"header\":\"Under\"},{\"goals\":\"10\",\"odds\":\"1.67\",\"header\":\"Over\"},{\"goals\":\"10\",\"odds\":\"8.00\",\"header\":\"Exactly\"},{\"goals\":\"10\",\"odds\":\"2.88\",\"header\":\"Under\"},{\"goals\":\"12\",\"odds\":\"2.60\",\"header\":\"Over\"},{\"goals\":\"12\",\"odds\":\"8.50\",\"header\":\"Exactly\"},{\"goals\":\"12\",\"odds\":\"1.73\",\"header\":\"Under\"},{\"goals\":\"13\",\"odds\":\"3.50\",\"header\":\"Over\"},{\"goals\":\"13\",\"odds\":\"9.00\",\"header\":\"Exactly\"},{\"goals\":\"13\",\"odds\":\"1.44\",\"header\":\"Under\"},{\"goals\":\"14\",\"odds\":\"4.75\",\"header\":\"Over\"},{\"goals\":\"14\",\"odds\":\"11.00\",\"header\":\"Exactly\"},{\"goals\":\"14\",\"odds\":\"1.29\",\"header\":\"Under\"},{\"goals\":\"15\",\"odds\":\"7.00\",\"header\":\"Over\"},{\"goals\":\"15\",\"odds\":\"13.00\",\"header\":\"Exactly\"},{\"goals\":\"15\",\"odds\":\"1.17\",\"header\":\"Under\"},{\"goals\":\"16\",\"odds\":\"10.00\",\"header\":\"Over\"},{\"goals\":\"16\",\"odds\":\"17.00\",\"header\":\"Exactly\"},{\"goals\":\"16\",\"odds\":\"1.08\",\"header\":\"Under\"},{\"goals\":\"17\",\"odds\":\"15.00\",\"header\":\"Over\"},{\"goals\":\"17\",\"odds\":\"19.00\",\"header\":\"Exactly\"},{\"goals\":\"17\",\"odds\":\"1.05\",\"header\":\"Under\"},{\"goals\":\"18\",\"odds\":\"19.00\",\"header\":\"Over\"},{\"goals\":\"18\",\"odds\":\"23.00\",\"header\":\"Exactly\"},{\"goals\":\"18\",\"odds\":\"1.03\",\"header\":\"Under\"},{\"goals\":\"19\",\"odds\":\"26.00\",\"header\":\"Over\"},{\"goals\":\"19\",\"odds\":\"29.00\",\"header\":\"Exactly\"},{\"goals\":\"19\",\"odds\":\"1.02\",\"header\":\"Under\"},{\"goals\":\"20\",\"odds\":\"34.00\",\"header\":\"Over\"},{\"goals\":\"20\",\"odds\":\"41.00\",\"header\":\"Exactly\"},{\"goals\":\"20\",\"odds\":\"1.01\",\"header\":\"Under\"}],\"corners_2_way\":[{\"opp\":\"Over 11.5\",\"odds\":\"2.00\"},{\"opp\":\"Under 11.5\",\"odds\":\"1.73\"}],\"first_half_corners\":[{\"opp\":\"5\",\"odds\":\"2.05\",\"header\":\"Over\"},{\"opp\":\"5\",\"odds\":\"5.50\",\"header\":\"Exactly\"},{\"opp\":\"5\",\"odds\":\"2.50\",\"header\":\"Under\"}],\"asian_total_corners\":[{\"goals\":\"11.0\",\"odds\":\"1.825\",\"header\":\"Over\"},{\"goals\":\"11.0\",\"odds\":\"1.975\",\"header\":\"Under\"}],\"1st_half_asian_corners\":[{\"goals\":\"5.5\",\"odds\":\"2.050\",\"header\":\"Over\"},{\"goals\":\"5.5\",\"odds\":\"1.750\",\"header\":\"Under\"}]}},\"goals\":{\"updated_at\":\"1532570215\",\"sp\":{\"goals_over_under\":[{\"goals\":\"2.5\",\"odds\":\"1.62\",\"header\":\"Over\"},{\"goals\":\"2.5\",\"odds\":\"2.25\",\"header\":\"Under\"}],\"first_team_to_score\":[{\"opp\":\"IR Reykjavik\",\"odds\":\"2.00\"},{\"opp\":\"No Goals\",\"odds\":\"15.00\"},{\"opp\":\"Selfoss\",\"odds\":\"1.80\"}],\"home_team_highest_scoring_half\":[{\"opp\":\"IR Reykjavik - 1st Half\",\"odds\":\"3.60\"},{\"opp\":\"IR Reykjavik - 2nd Half\",\"odds\":\"2.40\"},{\"opp\":\"IR Reykjavik - Tie\",\"odds\":\"2.38\"}],\"away_team_highest_scoring_half\":[{\"opp\":\"Selfoss - 1st Half\",\"odds\":\"3.25\"},{\"opp\":\"Selfoss - 2nd Half\",\"odds\":\"2.25\"},{\"opp\":\"Selfoss - Tie\",\"odds\":\"2.75\"}],\"goals_odd_even\":[{\"opp\":\"Even\",\"odds\":\"1.90\"},{\"opp\":\"Odd\",\"odds\":\"1.95\"}],\"home_team_odd_even_goals\":[{\"opp\":\"IR Reykjavik - Even\",\"odds\":\"1.73\"},{\"opp\":\"IR Reykjavik - Odd\",\"odds\":\"2.00\"}],\"away_team_odd_even_goals\":[{\"opp\":\"Selfoss - Even\",\"odds\":\"1.80\"},{\"opp\":\"Selfoss - Odd\",\"odds\":\"1.91\"}],\"1st_half_goals_odd_even\":[{\"opp\":\"Odd\",\"odds\":\"2.10\"},{\"opp\":\"Even\",\"odds\":\"1.73\"}]}},\"half\":{\"updated_at\":\"1532570225\",\"sp\":{\"half_time_result\":[{\"opp\":\"1\",\"odds\":\"3.40\"},{\"opp\":\"X\",\"odds\":\"2.38\"},{\"opp\":\"2\",\"odds\":\"2.60\"}],\"half_time_double_chance\":[{\"opp\":\"1X\",\"odds\":\"1.50\"},{\"opp\":\"X2\",\"odds\":\"1.30\"},{\"opp\":\"12\",\"odds\":\"1.53\"}],\"half_time_correct_score\":[{\"opp\":\"1-0\",\"odds\":\"5.50\",\"header\":\"Home\"},{\"opp\":\"0-0\",\"odds\":\"3.40\",\"header\":\"X\"},{\"opp\":\"1-0\",\"odds\":\"4.50\",\"header\":\"Away\"},{\"opp\":\"2-0\",\"odds\":\"15.00\",\"header\":\"Home\"},{\"opp\":\"1-1\",\"odds\":\"8.50\",\"header\":\"X\"},{\"opp\":\"2-0\",\"odds\":\"10.00\",\"header\":\"Away\"},{\"opp\":\"2-1\",\"odds\":\"23.00\",\"header\":\"Home\"},{\"opp\":\"2-2\",\"odds\":\"51.00\",\"header\":\"X\"},{\"opp\":\"2-1\",\"odds\":\"21.00\",\"header\":\"Away\"},{\"opp\":\"3-0\",\"odds\":\"41.00\",\"header\":\"Home\"},{\"opp\":\"3-0\",\"odds\":\"29.00\",\"header\":\"Away\"},{\"opp\":\"3-1\",\"odds\":\"51.00\",\"header\":\"Home\"},{\"opp\":\"3-1\",\"odds\":\"51.00\",\"header\":\"Away\"},{\"opp\":\"4-0\",\"odds\":\"67.00\",\"header\":\"Away\"}],\"first_half_corners\":[{\"opp\":\"5\",\"odds\":\"2.05\",\"header\":\"Over\"},{\"opp\":\"5\",\"odds\":\"5.50\",\"header\":\"Exactly\"},{\"opp\":\"5\",\"odds\":\"2.50\",\"header\":\"Under\"}],\"1st_half_asian_corners\":[{\"goals\":\"5.5\",\"odds\":\"2.050\",\"header\":\"Over\"},{\"goals\":\"5.5\",\"odds\":\"1.750\",\"header\":\"Under\"}],\"1st_half_goals_odd_even\":[{\"opp\":\"Odd\",\"odds\":\"2.10\"},{\"opp\":\"Even\",\"odds\":\"1.73\"}],\"home_team_highest_scoring_half\":[{\"opp\":\"IR Reykjavik - 1st Half\",\"odds\":\"3.60\"},{\"opp\":\"IR Reykjavik - 2nd Half\",\"odds\":\"2.40\"},{\"opp\":\"IR Reykjavik - Tie\",\"odds\":\"2.38\"}],\"away_team_highest_scoring_half\":[{\"opp\":\"Selfoss - 1st Half\",\"odds\":\"3.25\"},{\"opp\":\"Selfoss - 2nd Half\",\"odds\":\"2.25\"},{\"opp\":\"Selfoss - Tie\",\"odds\":\"2.75\"}],\"2nd_half_goals_odd_even\":[{\"opp\":\"Even\",\"odds\":\"1.80\"},{\"opp\":\"Odd\",\"odds\":\"1.91\"}]}},\"main\":{\"updated_at\":\"1532570117\",\"sp\":{\"full_time_result\":[{\"opp\":\"1\",\"odds\":\"3.00\"},{\"opp\":\"X\",\"odds\":\"3.60\"},{\"opp\":\"2\",\"odds\":\"2.00\"}],\"double_chance\":[{\"opp\":\"1X\",\"odds\":\"1.73\"},{\"opp\":\"X2\",\"odds\":\"1.36\"},{\"opp\":\"12\",\"odds\":\"1.29\"}],\"correct_score\":[{\"opp\":\"1-0\",\"odds\":\"13.00\",\"header\":\"Home\"},{\"opp\":\"0-0\",\"odds\":\"15.00\",\"header\":\"X\"},{\"opp\":\"1-0\",\"odds\":\"11.00\",\"header\":\"Away\"},{\"opp\":\"2-0\",\"odds\":\"19.00\",\"header\":\"Home\"},{\"opp\":\"1-1\",\"odds\":\"7.50\",\"header\":\"X\"},{\"opp\":\"2-0\",\"odds\":\"12.00\",\"header\":\"Away\"},{\"opp\":\"2-1\",\"odds\":\"13.00\",\"header\":\"Home\"},{\"opp\":\"2-2\",\"odds\":\"13.00\",\"header\":\"X\"},{\"opp\":\"2-1\",\"odds\":\"10.00\",\"header\":\"Away\"},{\"opp\":\"3-0\",\"odds\":\"29.00\",\"header\":\"Home\"},{\"opp\":\"3-3\",\"odds\":\"41.00\",\"header\":\"X\"},{\"opp\":\"3-0\",\"odds\":\"19.00\",\"header\":\"Away\"},{\"opp\":\"3-1\",\"odds\":\"23.00\",\"header\":\"Home\"},{\"opp\":\"3-1\",\"odds\":\"15.00\",\"header\":\"Away\"},{\"opp\":\"3-2\",\"odds\":\"29.00\",\"header\":\"Home\"},{\"opp\":\"3-2\",\"odds\":\"23.00\",\"header\":\"Away\"},{\"opp\":\"4-0\",\"odds\":\"51.00\",\"header\":\"Home\"},{\"opp\":\"4-0\",\"odds\":\"34.00\",\"header\":\"Away\"},{\"opp\":\"4-1\",\"odds\":\"41.00\",\"header\":\"Home\"},{\"opp\":\"4-1\",\"odds\":\"29.00\",\"header\":\"Away\"},{\"opp\":\"4-2\",\"odds\":\"51.00\",\"header\":\"Home\"},{\"opp\":\"4-2\",\"odds\":\"41.00\",\"header\":\"Away\"},{\"opp\":\"5-1\",\"odds\":\"81.00\",\"header\":\"Home\"},{\"opp\":\"5-0\",\"odds\":\"51.00\",\"header\":\"Away\"},{\"opp\":\"4-3\",\"odds\":\"81.00\",\"header\":\"Home\"},{\"opp\":\"5-1\",\"odds\":\"51.00\",\"header\":\"Away\"},{\"opp\":\"5-2\",\"odds\":\"67.00\",\"header\":\"Away\"},{\"opp\":\"4-3\",\"odds\":\"67.00\",\"header\":\"Away\"}],\"half_time_full_time\":[{\"opp\":\"IR Reykjavik - IR Reykjavik\",\"odds\":\"4.75\"},{\"opp\":\"IR Reykjavik - Draw\",\"odds\":\"15.00\"},{\"opp\":\"IR Reykjavik - Selfoss\",\"odds\":\"21.00\"},{\"opp\":\"Draw - IR Reykjavik\",\"odds\":\"7.50\"},{\"opp\":\"Draw - Draw\",\"odds\":\"6.50\"},{\"opp\":\"Draw - Selfoss\",\"odds\":\"5.50\"},{\"opp\":\"Selfoss - IR Reykjavik\",\"odds\":\"23.00\"},{\"opp\":\"Selfoss - Draw\",\"odds\":\"15.00\"},{\"opp\":\"Selfoss - Selfoss\",\"odds\":\"3.25\"}],\"goals_over_under\":[{\"goals\":\"2.5\",\"odds\":\"1.62\",\"header\":\"Over\"},{\"goals\":\"2.5\",\"odds\":\"2.25\",\"header\":\"Under\"}],\"draw_no_bet\":[{\"opp\":\"IR Reykjavik\",\"odds\":\"2.25\"},{\"opp\":\"Selfoss\",\"odds\":\"1.57\"}]}},\"schedule\":{\"updated_at\":\"1532570570\",\"sp\":{\"main\":[{\"odds\":\"3.00\"},{\"odds\":\"3.60\"},{\"odds\":\"2.00\"}]}}}]}"}