{"odd":"{\"success\":1,\"results\":[{\"FI\":\"75362703\",\"event_id\":\"846484\",\"asian_lines\":{\"updated_at\":\"1532570576\",\"sp\":{\"asian_handicap\":[{\"opp\":\"0.0\",\"odds\":\"2.050\",\"header\":\"Home\"},{\"opp\":\"0.0\",\"odds\":\"1.800\",\"header\":\"Away\"}],\"goal_line\":[{\"goals\":\"1.5, 2.0\",\"odds\":\"1.850\",\"header\":\"Over\"},{\"goals\":\"1.5, 2.0\",\"odds\":\"2.000\",\"header\":\"Under\"}],\"alternative_asian_handicap\":[{\"opp\":\"-1.5\",\"odds\":\"7.000\",\"header\":\"Home\"},{\"opp\":\"+1.5\",\"odds\":\"1.100\",\"header\":\"Away\"},{\"opp\":\"-1.0, -1.5\",\"odds\":\"6.400\",\"header\":\"Home\"},{\"opp\":\"+1.0, +1.5\",\"odds\":\"1.115\",\"header\":\"Away\"},{\"opp\":\"-1.0\",\"odds\":\"5.900\",\"header\":\"Home\"},{\"opp\":\"+1.0\",\"odds\":\"1.130\",\"header\":\"Away\"},{\"opp\":\"-0.5, -1.0\",\"odds\":\"3.700\",\"header\":\"Home\"},{\"opp\":\"+0.5, +1.0\",\"odds\":\"1.260\",\"header\":\"Away\"},{\"opp\":\"-0.5\",\"odds\":\"2.850\",\"header\":\"Home\"},{\"opp\":\"+0.5\",\"odds\":\"1.400\",\"header\":\"Away\"},{\"opp\":\"0.0, -0.5\",\"odds\":\"2.425\",\"header\":\"Home\"},{\"opp\":\"0.0, +0.5\",\"odds\":\"1.525\",\"header\":\"Away\"},{\"opp\":\"0.0, +0.5\",\"odds\":\"1.650\",\"header\":\"Home\"},{\"opp\":\"0.0, -0.5\",\"odds\":\"2.200\",\"header\":\"Away\"},{\"opp\":\"+0.5\",\"odds\":\"1.475\",\"header\":\"Home\"},{\"opp\":\"-0.5\",\"odds\":\"2.600\",\"header\":\"Away\"},{\"opp\":\"+0.5, +1.0\",\"odds\":\"1.325\",\"header\":\"Home\"},{\"opp\":\"-0.5, -1.0\",\"odds\":\"3.300\",\"header\":\"Away\"},{\"opp\":\"+1.0\",\"odds\":\"1.175\",\"header\":\"Home\"},{\"opp\":\"-1.0\",\"odds\":\"4.800\",\"header\":\"Away\"},{\"opp\":\"+1.0, +1.5\",\"odds\":\"1.150\",\"header\":\"Home\"},{\"opp\":\"-1.0, -1.5\",\"odds\":\"5.500\",\"header\":\"Away\"},{\"opp\":\"+1.5\",\"odds\":\"1.125\",\"header\":\"Home\"},{\"opp\":\"-1.5\",\"odds\":\"6.000\",\"header\":\"Away\"}],\"alternative_goal_line\":[{\"goals\":\"0.5, 1.0\",\"odds\":\"1.170\",\"header\":\"Over\"},{\"goals\":\"0.5, 1.0\",\"odds\":\"5.000\",\"header\":\"Under\"},{\"goals\":\"1.0\",\"odds\":\"1.210\",\"header\":\"Over\"},{\"goals\":\"1.0\",\"odds\":\"4.250\",\"header\":\"Under\"},{\"goals\":\"1.0, 1.5\",\"odds\":\"1.425\",\"header\":\"Over\"},{\"goals\":\"1.0, 1.5\",\"odds\":\"2.750\",\"header\":\"Under\"},{\"goals\":\"1.5\",\"odds\":\"1.625\",\"header\":\"Over\"},{\"goals\":\"1.5\",\"odds\":\"2.250\",\"header\":\"Under\"},{\"goals\":\"2.0\",\"odds\":\"2.200\",\"header\":\"Over\"},{\"goals\":\"2.0\",\"odds\":\"1.650\",\"header\":\"Under\"},{\"goals\":\"2.0, 2.5\",\"odds\":\"2.500\",\"header\":\"Over\"},{\"goals\":\"2.0, 2.5\",\"odds\":\"1.500\",\"header\":\"Under\"},{\"goals\":\"2.5\",\"odds\":\"2.850\",\"header\":\"Over\"},{\"goals\":\"2.5\",\"odds\":\"1.400\",\"header\":\"Under\"},{\"goals\":\"2.5, 3.0\",\"odds\":\"3.550\",\"header\":\"Over\"},{\"goals\":\"2.5, 3.0\",\"odds\":\"1.275\",\"header\":\"Under\"},{\"goals\":\"3.0\",\"odds\":\"5.250\",\"header\":\"Over\"},{\"goals\":\"3.0\",\"odds\":\"1.160\",\"header\":\"Under\"},{\"goals\":\"3.0, 3.5\",\"odds\":\"5.750\",\"header\":\"Over\"},{\"goals\":\"3.0, 3.5\",\"odds\":\"1.140\",\"header\":\"Under\"},{\"goals\":\"3.5\",\"odds\":\"6.000\",\"header\":\"Over\"},{\"goals\":\"3.5\",\"odds\":\"1.125\",\"header\":\"Under\"}],\"1st_half_asian_handicap\":[{\"opp\":\"0.0\",\"odds\":\"2.000\",\"header\":\"Home\"},{\"opp\":\"0.0\",\"odds\":\"1.800\",\"header\":\"Away\"}],\"1st_half_goal_line\":[{\"goals\":\"0.5, 1.0\",\"odds\":\"2.000\",\"header\":\"Over\"},{\"goals\":\"0.5, 1.0\",\"odds\":\"1.800\",\"header\":\"Under\"}],\"alternative_1st_half_asian_handicap\":[{\"opp\":\"-0.5, -1.0\",\"odds\":\"5.750\",\"header\":\"Home\"},{\"opp\":\"+0.5, +1.0\",\"odds\":\"1.140\",\"header\":\"Away\"},{\"opp\":\"-0.5\",\"odds\":\"3.800\",\"header\":\"Home\"},{\"opp\":\"+0.5\",\"odds\":\"1.250\",\"header\":\"Away\"},{\"opp\":\"0.0, -0.5\",\"odds\":\"3.000\",\"header\":\"Home\"},{\"opp\":\"0.0, +0.5\",\"odds\":\"1.375\",\"header\":\"Away\"},{\"opp\":\"0.0, +0.5\",\"odds\":\"1.450\",\"header\":\"Home\"},{\"opp\":\"0.0, -0.5\",\"odds\":\"2.675\",\"header\":\"Away\"},{\"opp\":\"+0.5\",\"odds\":\"1.300\",\"header\":\"Home\"},{\"opp\":\"-0.5\",\"odds\":\"3.450\",\"header\":\"Away\"},{\"opp\":\"+0.5, +1.0\",\"odds\":\"1.170\",\"header\":\"Home\"},{\"opp\":\"-0.5, -1.0\",\"odds\":\"5.000\",\"header\":\"Away\"}],\"alternative_1st_half_goal_line\":[{\"goals\":\"1.0\",\"odds\":\"2.750\",\"header\":\"Over\"},{\"goals\":\"1.0\",\"odds\":\"1.425\",\"header\":\"Under\"},{\"goals\":\"1.0, 1.5\",\"odds\":\"3.550\",\"header\":\"Over\"},{\"goals\":\"1.0, 1.5\",\"odds\":\"1.275\",\"header\":\"Under\"},{\"goals\":\"1.5\",\"odds\":\"4.150\",\"header\":\"Over\"},{\"goals\":\"1.5\",\"odds\":\"1.220\",\"header\":\"Under\"},{\"goals\":\"1.5, 2.0\",\"odds\":\"5.900\",\"header\":\"Over\"},{\"goals\":\"1.5, 2.0\",\"odds\":\"1.130\",\"header\":\"Under\"}],\"asian_total_corners\":[{\"goals\":\"9.5\",\"odds\":\"2.000\",\"header\":\"Over\"},{\"goals\":\"9.5\",\"odds\":\"1.800\",\"header\":\"Under\"}],\"1st_half_asian_corners\":[{\"goals\":\"4.5\",\"odds\":\"2.000\",\"header\":\"Over\"},{\"goals\":\"4.5\",\"odds\":\"1.800\",\"header\":\"Under\"}]}},\"corners\":{\"updated_at\":\"1532570603\",\"sp\":{\"corners\":[{\"opp\":\"Over 9\",\"odds\":\"1.91\"},{\"opp\":\"Exactly 9\",\"odds\":\"7.00\"},{\"opp\":\"Under 9\",\"odds\":\"2.30\"}],\"total_corners\":[{\"opp\":\"Under 6\",\"odds\":\"9.00\"},{\"opp\":\"6 - 8\",\"odds\":\"2.88\"},{\"opp\":\"9 - 11\",\"odds\":\"2.50\"},{\"opp\":\"12 - 14\",\"odds\":\"4.75\"},{\"opp\":\"Over 14\",\"odds\":\"13.00\"}],\"alternative_corners\":[{\"goals\":\"3\",\"odds\":\"1.01\",\"header\":\"Over\"},{\"goals\":\"3\",\"odds\":\"29.00\",\"header\":\"Exactly\"},{\"goals\":\"3\",\"odds\":\"41.00\",\"header\":\"Under\"},{\"goals\":\"4\",\"odds\":\"1.02\",\"header\":\"Over\"},{\"goals\":\"4\",\"odds\":\"19.00\",\"header\":\"Exactly\"},{\"goals\":\"4\",\"odds\":\"26.00\",\"header\":\"Under\"},{\"goals\":\"5\",\"odds\":\"1.06\",\"header\":\"Over\"},{\"goals\":\"5\",\"odds\":\"15.00\",\"header\":\"Exactly\"},{\"goals\":\"5\",\"odds\":\"15.00\",\"header\":\"Under\"},{\"goals\":\"6\",\"odds\":\"1.14\",\"header\":\"Over\"},{\"goals\":\"6\",\"odds\":\"10.00\",\"header\":\"Exactly\"},{\"goals\":\"6\",\"odds\":\"9.00\",\"header\":\"Under\"},{\"goals\":\"7\",\"odds\":\"1.33\",\"header\":\"Over\"},{\"goals\":\"7\",\"odds\":\"8.00\",\"header\":\"Exactly\"},{\"goals\":\"7\",\"odds\":\"5.00\",\"header\":\"Under\"},{\"goals\":\"8\",\"odds\":\"1.57\",\"header\":\"Over\"},{\"goals\":\"8\",\"odds\":\"7.00\",\"header\":\"Exactly\"},{\"goals\":\"8\",\"odds\":\"3.25\",\"header\":\"Under\"},{\"goals\":\"10\",\"odds\":\"2.62\",\"header\":\"Over\"},{\"goals\":\"10\",\"odds\":\"7.50\",\"header\":\"Exactly\"},{\"goals\":\"10\",\"odds\":\"1.80\",\"header\":\"Under\"},{\"goals\":\"11\",\"odds\":\"3.60\",\"header\":\"Over\"},{\"goals\":\"11\",\"odds\":\"8.50\",\"header\":\"Exactly\"},{\"goals\":\"11\",\"odds\":\"1.44\",\"header\":\"Under\"},{\"goals\":\"12\",\"odds\":\"5.50\",\"header\":\"Over\"},{\"goals\":\"12\",\"odds\":\"10.00\",\"header\":\"Exactly\"},{\"goals\":\"12\",\"odds\":\"1.25\",\"header\":\"Under\"},{\"goals\":\"13\",\"odds\":\"8.50\",\"header\":\"Over\"},{\"goals\":\"13\",\"odds\":\"12.00\",\"header\":\"Exactly\"},{\"goals\":\"13\",\"odds\":\"1.14\",\"header\":\"Under\"},{\"goals\":\"14\",\"odds\":\"13.00\",\"header\":\"Over\"},{\"goals\":\"14\",\"odds\":\"17.00\",\"header\":\"Exactly\"},{\"goals\":\"14\",\"odds\":\"1.06\",\"header\":\"Under\"},{\"goals\":\"15\",\"odds\":\"17.00\",\"header\":\"Over\"},{\"goals\":\"15\",\"odds\":\"21.00\",\"header\":\"Exactly\"},{\"goals\":\"15\",\"odds\":\"1.04\",\"header\":\"Under\"},{\"goals\":\"16\",\"odds\":\"26.00\",\"header\":\"Over\"},{\"goals\":\"16\",\"odds\":\"26.00\",\"header\":\"Exactly\"},{\"goals\":\"16\",\"odds\":\"1.02\",\"header\":\"Under\"},{\"goals\":\"17\",\"odds\":\"34.00\",\"header\":\"Over\"},{\"goals\":\"17\",\"odds\":\"34.00\",\"header\":\"Exactly\"},{\"goals\":\"17\",\"odds\":\"1.01\",\"header\":\"Under\"}],\"corners_2_way\":[{\"opp\":\"Over 9.5\",\"odds\":\"1.91\"},{\"opp\":\"Under 9.5\",\"odds\":\"1.80\"}],\"first_half_corners\":[{\"opp\":\"4\",\"odds\":\"2.00\",\"header\":\"Over\"},{\"opp\":\"4\",\"odds\":\"4.75\",\"header\":\"Exactly\"},{\"opp\":\"4\",\"odds\":\"2.75\",\"header\":\"Under\"}],\"asian_total_corners\":[{\"goals\":\"9.5\",\"odds\":\"2.000\",\"header\":\"Over\"},{\"goals\":\"9.5\",\"odds\":\"1.800\",\"header\":\"Under\"}],\"1st_half_asian_corners\":[{\"goals\":\"4.5\",\"odds\":\"2.000\",\"header\":\"Over\"},{\"goals\":\"4.5\",\"odds\":\"1.800\",\"header\":\"Under\"}]}},\"goals\":{\"updated_at\":\"1532570619\",\"sp\":{\"goals_over_under\":[{\"goals\":\"2.5\",\"odds\":\"2.88\",\"header\":\"Over\"},{\"goals\":\"2.5\",\"odds\":\"1.40\",\"header\":\"Under\"}],\"alternative_total_goals\":[{\"goals\":\"0.5\",\"odds\":\"1.14\",\"header\":\"Over \"},{\"goals\":\"0.5\",\"odds\":\"5.50\",\"header\":\"Under\"},{\"goals\":\"1.5\",\"odds\":\"1.62\",\"header\":\"Over \"},{\"goals\":\"1.5\",\"odds\":\"2.20\",\"header\":\"Under\"},{\"goals\":\"3.5\",\"odds\":\"6.00\",\"header\":\"Over \"},{\"goals\":\"3.5\",\"odds\":\"1.12\",\"header\":\"Under\"},{\"goals\":\"4.5\",\"odds\":\"15.00\",\"header\":\"Over \"},{\"goals\":\"4.5\",\"odds\":\"1.03\",\"header\":\"Under\"}],\"result_total_goals\":[{\"opp\":\"Club General Diaz & Over 2.5\",\"odds\":\"6.50\"},{\"opp\":\"Club General Diaz & Under 2.5\",\"odds\":\"4.75\"},{\"opp\":\"Draw & Over 2.5\",\"odds\":\"21.00\"},{\"opp\":\"Draw & Under  2.5\",\"odds\":\"3.20\"},{\"opp\":\"Millonarios & Over 2.5\",\"odds\":\"6.00\"},{\"opp\":\"Millonarios & Under 2.5\",\"odds\":\"4.33\"}],\"total_goals_both_teams_to_score\":[{\"opp\":\"Over 2.5 & Yes\",\"odds\":\"3.40\"},{\"opp\":\"Over 2.5 & No\",\"odds\":\"13.00\"},{\"opp\":\"Under 2.5 & Yes\",\"odds\":\"6.00\"},{\"opp\":\"Under 2.5 & No\",\"odds\":\"1.73\"}],\"exact_total_goals\":[{\"opp\":\"0 Goals\",\"odds\":\"5.50\"},{\"opp\":\"1 Goal\",\"odds\":\"3.40\"},{\"opp\":\"2 Goals\",\"odds\":\"3.25\"},{\"opp\":\"3 Goals\",\"odds\":\"5.00\"},{\"opp\":\"4 Goals\",\"odds\":\"9.50\"},{\"opp\":\"5 Goals\",\"odds\":\"23.00\"},{\"opp\":\"6 Goals\",\"odds\":\"51.00\"},{\"opp\":\"7+ Goals\",\"odds\":\"101.00\"}],\"number_of_goals_in_match\":[{\"opp\":\"Under 2 goals\",\"odds\":\"2.20\"},{\"opp\":\"2 or 3 goals\",\"odds\":\"2.05\"},{\"opp\":\"Over 3 goals\",\"odds\":\"6.00\"}],\"both_teams_to_score\":[{\"opp\":\"Yes\",\"odds\":\"2.25\"},{\"opp\":\"No\",\"odds\":\"1.57\"}],\"teams_to_score\":[{\"opp\":\"Both Teams\",\"odds\":\"2.25\"},{\"opp\":\"Club General Diaz Only\",\"odds\":\"4.00\"},{\"opp\":\"No Goal\",\"odds\":\"5.50\"},{\"opp\":\"Millonarios Only\",\"odds\":\"3.60\"}],\"both_teams_to_score_in_1st_half\":[{\"opp\":\"Yes\",\"odds\":\"7.00\"},{\"opp\":\"No\",\"odds\":\"1.10\"}],\"both_teams_to_score_in_2nd_half\":[{\"opp\":\"Yes\",\"odds\":\"4.50\"},{\"opp\":\"No\",\"odds\":\"1.18\"}],\"both_teams_to_score_1st_half_2nd_half\":[{\"opp\":\"Yes \\\/ Yes\",\"odds\":\"29.00\"},{\"opp\":\"Yes \\\/ No\",\"odds\":\"7.50\"},{\"opp\":\"No \\\/ Yes\",\"odds\":\"5.00\"},{\"opp\":\"No \\\/ No\",\"odds\":\"1.30\"}],\"first_half_goals\":[{\"goals\":\"0.5\",\"odds\":\"1.67\",\"header\":\"Over\"},{\"goals\":\"0.5\",\"odds\":\"2.10\",\"header\":\"Under\"},{\"goals\":\"1.5\",\"odds\":\"4.33\",\"header\":\"Over\"},{\"goals\":\"1.5\",\"odds\":\"1.20\",\"header\":\"Under\"},{\"goals\":\"2.5\",\"odds\":\"15.00\",\"header\":\"Over\"},{\"goals\":\"2.5\",\"odds\":\"1.03\",\"header\":\"Under\"}],\"exact_1st_half_goals\":[{\"opp\":\"0 Goals\",\"odds\":\"2.10\"},{\"opp\":\"1 Goal\",\"odds\":\"2.50\"},{\"opp\":\"2 Goals\",\"odds\":\"5.50\"},{\"opp\":\"3 Goals\",\"odds\":\"17.00\"},{\"opp\":\"4 Goals\",\"odds\":\"51.00\"},{\"opp\":\"5+ Goals\",\"odds\":\"151.00\"}],\"total_goal_minutes\":[{\"opp\":\"Over 110 minutes\",\"odds\":\"2.20\"},{\"opp\":\"90 To 110 minutes inc.\",\"odds\":\"8.50\"},{\"opp\":\"Under 90 minutes\",\"odds\":\"1.83\"}],\"first_team_to_score\":[{\"opp\":\"Club General Diaz\",\"odds\":\"2.38\"},{\"opp\":\"No Goals\",\"odds\":\"5.50\"},{\"opp\":\"Millonarios\",\"odds\":\"1.95\"}],\"early_goal\":[{\"opp\":\"Goal before 38:00\",\"odds\":\"1.83\"},{\"opp\":\"No Goal before 38:00\",\"odds\":\"1.83\"}],\"late_goal\":[{\"opp\":\"Goal after 64:59\",\"odds\":\"1.83\"},{\"opp\":\"No Goal after 64:59\",\"odds\":\"1.83\"}],\"time_of_first_goal_brackets\":[{\"opp\":\"1-10\",\"odds\":\"5.50\"},{\"opp\":\"11-20\",\"odds\":\"6.00\"},{\"opp\":\"21-30\",\"odds\":\"7.00\"},{\"opp\":\"31-40\",\"odds\":\"7.50\"},{\"opp\":\"41-50\",\"odds\":\"8.00\"},{\"opp\":\"51-60\",\"odds\":\"12.00\"},{\"opp\":\"61-70\",\"odds\":\"15.00\"},{\"opp\":\"71-80\",\"odds\":\"15.00\"},{\"opp\":\"81 - Full Time\",\"odds\":\"15.00\"},{\"opp\":\"No Goal\",\"odds\":\"5.50\"}],\"2nd_half_goals\":[{\"goals\":\"0.5\",\"odds\":\"1.40\",\"header\":\"Over\"},{\"goals\":\"0.5\",\"odds\":\"2.75\",\"header\":\"Under\"},{\"goals\":\"1.5\",\"odds\":\"3.00\",\"header\":\"Over\"},{\"goals\":\"1.5\",\"odds\":\"1.36\",\"header\":\"Under\"},{\"goals\":\"2.5\",\"odds\":\"8.00\",\"header\":\"Over\"},{\"goals\":\"2.5\",\"odds\":\"1.08\",\"header\":\"Under\"},{\"goals\":\"3.5\",\"odds\":\"23.00\",\"header\":\"Over\"},{\"goals\":\"3.5\",\"odds\":\"1.01\",\"header\":\"Under\"}],\"exact_2nd_half_goals\":[{\"opp\":\"0 Goals\",\"odds\":\"2.75\"},{\"opp\":\"1 Goal\",\"odds\":\"2.50\"},{\"opp\":\"2 Goals\",\"odds\":\"4.33\"},{\"opp\":\"3 Goals\",\"odds\":\"11.00\"},{\"opp\":\"4 Goals\",\"odds\":\"34.00\"},{\"opp\":\"5+ Goals\",\"odds\":\"67.00\"}],\"half_with_most_goals\":[{\"opp\":\"1st Half\",\"odds\":\"3.25\"},{\"opp\":\"2nd Half\",\"odds\":\"2.20\"},{\"opp\":\"Tie\",\"odds\":\"3.00\"}],\"home_team_highest_scoring_half\":[{\"opp\":\"Club General Diaz - 1st Half\",\"odds\":\"4.00\"},{\"opp\":\"Club General Diaz - 2nd Half\",\"odds\":\"2.88\"},{\"opp\":\"Club General Diaz - Tie\",\"odds\":\"1.91\"}],\"away_team_highest_scoring_half\":[{\"opp\":\"Millonarios - 1st Half\",\"odds\":\"4.00\"},{\"opp\":\"Millonarios - 2nd Half\",\"odds\":\"2.75\"},{\"opp\":\"Millonarios - Tie\",\"odds\":\"2.00\"}],\"home_team_exact_goals\":[{\"opp\":\"Club General Diaz - 0 Goals\",\"odds\":\"2.38\"},{\"opp\":\"Club General Diaz - 1 Goal\",\"odds\":\"2.50\"},{\"opp\":\"Club General Diaz - 2 Goals\",\"odds\":\"5.00\"},{\"opp\":\"Club General Diaz - 3+ Goals\",\"odds\":\"11.00\"}],\"away_team_exact_goals\":[{\"opp\":\"Millonarios - 0 Goals\",\"odds\":\"2.50\"},{\"opp\":\"Millonarios - 1 Goal\",\"odds\":\"2.50\"},{\"opp\":\"Millonarios - 2 Goals\",\"odds\":\"4.50\"},{\"opp\":\"Millonarios - 3+ Goals\",\"odds\":\"10.00\"}],\"time_of_1st_team_goal\":[{\"opp\":\"Club General Diaz - Goal before 74:00\",\"odds\":\"1.83\"},{\"opp\":\"Club General Diaz - No Goal before 74:00\",\"odds\":\"1.83\"},{\"opp\":\"Millonarios - Goal before 69:00\",\"odds\":\"1.83\"},{\"opp\":\"Millonarios - No Goal before 69:00\",\"odds\":\"1.83\"}],\"goals_odd_even\":[{\"opp\":\"Even\",\"odds\":\"1.90\"},{\"opp\":\"Odd\",\"odds\":\"1.95\"}],\"home_team_odd_even_goals\":[{\"opp\":\"Club General Diaz - Even\",\"odds\":\"1.62\"},{\"opp\":\"Club General Diaz - Odd\",\"odds\":\"2.20\"}],\"away_team_odd_even_goals\":[{\"opp\":\"Millonarios - Even\",\"odds\":\"1.67\"},{\"opp\":\"Millonarios - Odd\",\"odds\":\"2.10\"}],\"1st_half_goals_odd_even\":[{\"opp\":\"Odd\",\"odds\":\"2.30\"},{\"opp\":\"Even\",\"odds\":\"1.62\"}],\"last_team_to_score\":[{\"opp\":\"Club General Diaz\",\"odds\":\"2.38\"},{\"opp\":\"No Goal\",\"odds\":\"5.50\"},{\"opp\":\"Millonarios\",\"odds\":\"1.95\"}],\"first_10_minutes_(00:00_09:59)\":[{\"name\":\"Goals\",\"handicap\":\"0.5\",\"odds\":\"6.00\",\"header\":\"Over\"},{\"name\":\"Goals\",\"handicap\":\"0.5\",\"odds\":\"1.12\",\"header\":\"Under\"}]}},\"half\":{\"updated_at\":\"1532570364\",\"sp\":{\"half_time_result\":[{\"opp\":\"1\",\"odds\":\"4.00\"},{\"opp\":\"X\",\"odds\":\"1.83\"},{\"opp\":\"2\",\"odds\":\"3.50\"}],\"half_time_double_chance\":[{\"opp\":\"1X\",\"odds\":\"1.29\"},{\"opp\":\"X2\",\"odds\":\"1.22\"},{\"opp\":\"12\",\"odds\":\"1.83\"}],\"half_time_result_both_teams_to_score\":[{\"opp\":\"Club General Diaz & Yes\",\"odds\":\"34.00\"},{\"opp\":\"Club General Diaz & No\",\"odds\":\"4.00\"},{\"opp\":\"Draw & Yes\",\"odds\":\"10.00\"},{\"opp\":\"Draw & No\",\"odds\":\"2.10\"},{\"opp\":\"Millonarios & Yes\",\"odds\":\"34.00\"},{\"opp\":\"Millonarios & No\",\"odds\":\"3.60\"}],\"half_time_result_total_goals\":[{\"opp\":\"Club General Diaz & Over 1.5\",\"odds\":\"13.00\"},{\"opp\":\"Club General Diaz & Under 1.5\",\"odds\":\"4.75\"},{\"opp\":\"Draw & Over 1.5\",\"odds\":\"10.00\"},{\"opp\":\"Draw & Under 1.5\",\"odds\":\"2.10\"},{\"opp\":\"Millonarios & Over 1.5\",\"odds\":\"12.00\"},{\"opp\":\"Millonarios & Under 1.5\",\"odds\":\"4.33\"}],\"half_time_correct_score\":[{\"opp\":\"1-0\",\"odds\":\"4.75\",\"header\":\"Home\"},{\"opp\":\"0-0\",\"odds\":\"2.10\",\"header\":\"X\"},{\"opp\":\"1-0\",\"odds\":\"4.33\",\"header\":\"Away\"},{\"opp\":\"2-0\",\"odds\":\"19.00\",\"header\":\"Home\"},{\"opp\":\"1-1\",\"odds\":\"10.00\",\"header\":\"X\"},{\"opp\":\"2-0\",\"odds\":\"17.00\",\"header\":\"Away\"},{\"opp\":\"2-1\",\"odds\":\"41.00\",\"header\":\"Home\"},{\"opp\":\"2-2\",\"odds\":\"101.00\",\"header\":\"X\"},{\"opp\":\"2-1\",\"odds\":\"34.00\",\"header\":\"Away\"},{\"opp\":\"3-0\",\"odds\":\"67.00\",\"header\":\"Home\"},{\"opp\":\"3-0\",\"odds\":\"67.00\",\"header\":\"Away\"},{\"opp\":\"3-1\",\"odds\":\"151.00\",\"header\":\"Home\"},{\"opp\":\"3-1\",\"odds\":\"126.00\",\"header\":\"Away\"},{\"opp\":\"4-0\",\"odds\":\"351.00\",\"header\":\"Away\"}],\"both_teams_to_score_in_1st_half\":[{\"opp\":\"Yes\",\"odds\":\"7.00\"},{\"opp\":\"No\",\"odds\":\"1.10\"}],\"both_teams_to_score_in_2nd_half\":[{\"opp\":\"Yes\",\"odds\":\"4.50\"},{\"opp\":\"No\",\"odds\":\"1.18\"}],\"both_teams_to_score_1st_half_2nd_half\":[{\"opp\":\"Yes \\\/ Yes\",\"odds\":\"29.00\"},{\"opp\":\"Yes \\\/ No\",\"odds\":\"7.50\"},{\"opp\":\"No \\\/ Yes\",\"odds\":\"5.00\"},{\"opp\":\"No \\\/ No\",\"odds\":\"1.30\"}],\"1st_half_asian_handicap\":[{\"opp\":\"0.0\",\"odds\":\"2.000\",\"header\":\"Home\"},{\"opp\":\"0.0\",\"odds\":\"1.800\",\"header\":\"Away\"}],\"1st_half_goal_line\":[{\"goals\":\"0.5, 1.0\",\"odds\":\"2.000\",\"header\":\"Over\"},{\"goals\":\"0.5, 1.0\",\"odds\":\"1.800\",\"header\":\"Under\"}],\"alternative_1st_half_asian_handicap\":[{\"opp\":\"-0.5, -1.0\",\"odds\":\"5.750\",\"header\":\"Home\"},{\"opp\":\"+0.5, +1.0\",\"odds\":\"1.140\",\"header\":\"Away\"},{\"opp\":\"-0.5\",\"odds\":\"3.800\",\"header\":\"Home\"},{\"opp\":\"+0.5\",\"odds\":\"1.250\",\"header\":\"Away\"},{\"opp\":\"0.0, -0.5\",\"odds\":\"3.000\",\"header\":\"Home\"},{\"opp\":\"0.0, +0.5\",\"odds\":\"1.375\",\"header\":\"Away\"},{\"opp\":\"0.0, +0.5\",\"odds\":\"1.450\",\"header\":\"Home\"},{\"opp\":\"0.0, -0.5\",\"odds\":\"2.675\",\"header\":\"Away\"},{\"opp\":\"+0.5\",\"odds\":\"1.300\",\"header\":\"Home\"},{\"opp\":\"-0.5\",\"odds\":\"3.450\",\"header\":\"Away\"},{\"opp\":\"+0.5, +1.0\",\"odds\":\"1.170\",\"header\":\"Home\"},{\"opp\":\"-0.5, -1.0\",\"odds\":\"5.000\",\"header\":\"Away\"}],\"alternative_1st_half_goal_line\":[{\"goals\":\"1.0\",\"odds\":\"2.750\",\"header\":\"Over\"},{\"goals\":\"1.0\",\"odds\":\"1.425\",\"header\":\"Under\"},{\"goals\":\"1.0, 1.5\",\"odds\":\"3.550\",\"header\":\"Over\"},{\"goals\":\"1.0, 1.5\",\"odds\":\"1.275\",\"header\":\"Under\"},{\"goals\":\"1.5\",\"odds\":\"4.150\",\"header\":\"Over\"},{\"goals\":\"1.5\",\"odds\":\"1.220\",\"header\":\"Under\"},{\"goals\":\"1.5, 2.0\",\"odds\":\"5.900\",\"header\":\"Over\"},{\"goals\":\"1.5, 2.0\",\"odds\":\"1.130\",\"header\":\"Under\"}],\"1st_half_handicap\":[{\"opp\":\"Club General Diaz  +1.0\",\"odds\":\"1.29\"},{\"opp\":\"Tie - Millonarios -1.0\",\"odds\":\"4.00\"},{\"opp\":\"Millonarios  -1.0\",\"odds\":\"13.00\"}],\"alternative_1st_half_handicap_result\":[{\"opp\":\"-1.0\",\"odds\":\"15.00\",\"header\":\"Home\"},{\"opp\":\"+1.0\",\"odds\":\"4.33\",\"header\":\"Tie\"},{\"opp\":\"+1.0\",\"odds\":\"1.22\",\"header\":\"Away\"},{\"opp\":\"+2.0\",\"odds\":\"1.03\",\"header\":\"Home\"},{\"opp\":\"-2.0\",\"odds\":\"15.00\",\"header\":\"Tie\"},{\"opp\":\"-2.0\",\"odds\":\"26.00\",\"header\":\"Away\"}],\"first_half_goals\":[{\"goals\":\"0.5\",\"odds\":\"1.67\",\"header\":\"Over\"},{\"goals\":\"0.5\",\"odds\":\"2.10\",\"header\":\"Under\"},{\"goals\":\"1.5\",\"odds\":\"4.33\",\"header\":\"Over\"},{\"goals\":\"1.5\",\"odds\":\"1.20\",\"header\":\"Under\"},{\"goals\":\"2.5\",\"odds\":\"15.00\",\"header\":\"Over\"},{\"goals\":\"2.5\",\"odds\":\"1.03\",\"header\":\"Under\"}],\"exact_1st_half_goals\":[{\"opp\":\"0 Goals\",\"odds\":\"2.10\"},{\"opp\":\"1 Goal\",\"odds\":\"2.50\"},{\"opp\":\"2 Goals\",\"odds\":\"5.50\"},{\"opp\":\"3 Goals\",\"odds\":\"17.00\"},{\"opp\":\"4 Goals\",\"odds\":\"51.00\"},{\"opp\":\"5+ Goals\",\"odds\":\"151.00\"}],\"first_half_corners\":[{\"opp\":\"4\",\"odds\":\"2.00\",\"header\":\"Over\"},{\"opp\":\"4\",\"odds\":\"4.75\",\"header\":\"Exactly\"},{\"opp\":\"4\",\"odds\":\"2.75\",\"header\":\"Under\"}],\"1st_half_asian_corners\":[{\"goals\":\"4.5\",\"odds\":\"2.000\",\"header\":\"Over\"},{\"goals\":\"4.5\",\"odds\":\"1.800\",\"header\":\"Under\"}],\"1st_half_goals_odd_even\":[{\"opp\":\"Odd\",\"odds\":\"2.30\"},{\"opp\":\"Even\",\"odds\":\"1.62\"}],\"to_score_in_half\":[{\"name\":\"1st Half\",\"odds\":\"2.75\",\"header\":\"Yes\"},{\"name\":\"1st Half\",\"odds\":\"1.40\",\"header\":\"No\"},{\"name\":\"2nd Half\",\"odds\":\"2.20\",\"header\":\"Yes\"},{\"name\":\"2nd Half\",\"odds\":\"1.62\",\"header\":\"No\"},{\"name\":\"1st Half\",\"odds\":\"2.62\",\"header\":\"Yes\"},{\"name\":\"1st Half\",\"odds\":\"1.44\",\"header\":\"No\"},{\"name\":\"2nd Half\",\"odds\":\"2.10\",\"header\":\"Yes\"},{\"name\":\"2nd Half\",\"odds\":\"1.67\",\"header\":\"No\"}],\"half_with_most_goals\":[{\"opp\":\"1st Half\",\"odds\":\"3.25\"},{\"opp\":\"2nd Half\",\"odds\":\"2.20\"},{\"opp\":\"Tie\",\"odds\":\"3.00\"}],\"home_team_highest_scoring_half\":[{\"opp\":\"Club General Diaz - 1st Half\",\"odds\":\"4.00\"},{\"opp\":\"Club General Diaz - 2nd Half\",\"odds\":\"2.88\"},{\"opp\":\"Club General Diaz - Tie\",\"odds\":\"1.91\"}],\"away_team_highest_scoring_half\":[{\"opp\":\"Millonarios - 1st Half\",\"odds\":\"4.00\"},{\"opp\":\"Millonarios - 2nd Half\",\"odds\":\"2.75\"},{\"opp\":\"Millonarios - Tie\",\"odds\":\"2.00\"}],\"2nd_half_result\":[{\"opp\":\"1\",\"odds\":\"3.25\"},{\"opp\":\"X\",\"odds\":\"2.10\"},{\"opp\":\"2\",\"odds\":\"3.00\"}],\"2nd_half_goals\":[{\"goals\":\"0.5\",\"odds\":\"1.40\",\"header\":\"Over\"},{\"goals\":\"0.5\",\"odds\":\"2.75\",\"header\":\"Under\"},{\"goals\":\"1.5\",\"odds\":\"3.00\",\"header\":\"Over\"},{\"goals\":\"1.5\",\"odds\":\"1.36\",\"header\":\"Under\"},{\"goals\":\"2.5\",\"odds\":\"8.00\",\"header\":\"Over\"},{\"goals\":\"2.5\",\"odds\":\"1.08\",\"header\":\"Under\"},{\"goals\":\"3.5\",\"odds\":\"23.00\",\"header\":\"Over\"},{\"goals\":\"3.5\",\"odds\":\"1.01\",\"header\":\"Under\"}],\"exact_2nd_half_goals\":[{\"opp\":\"0 Goals\",\"odds\":\"2.75\"},{\"opp\":\"1 Goal\",\"odds\":\"2.50\"},{\"opp\":\"2 Goals\",\"odds\":\"4.33\"},{\"opp\":\"3 Goals\",\"odds\":\"11.00\"},{\"opp\":\"4 Goals\",\"odds\":\"34.00\"},{\"opp\":\"5+ Goals\",\"odds\":\"67.00\"}],\"2nd_half_goals_odd_even\":[{\"opp\":\"Even\",\"odds\":\"1.67\"},{\"opp\":\"Odd\",\"odds\":\"2.10\"}]}},\"main\":{\"updated_at\":\"1532570558\",\"sp\":{\"full_time_result\":[{\"opp\":\"1\",\"odds\":\"3.00\"},{\"opp\":\"X\",\"odds\":\"2.88\"},{\"opp\":\"2\",\"odds\":\"2.60\"}],\"double_chance\":[{\"opp\":\"1X\",\"odds\":\"1.53\"},{\"opp\":\"X2\",\"odds\":\"1.40\"},{\"opp\":\"12\",\"odds\":\"1.42\"}],\"correct_score\":[{\"opp\":\"1-0\",\"odds\":\"6.50\",\"header\":\"Home\"},{\"opp\":\"0-0\",\"odds\":\"5.50\",\"header\":\"X\"},{\"opp\":\"1-0\",\"odds\":\"6.00\",\"header\":\"Away\"},{\"opp\":\"2-0\",\"odds\":\"13.00\",\"header\":\"Home\"},{\"opp\":\"1-1\",\"odds\":\"6.00\",\"header\":\"X\"},{\"opp\":\"2-0\",\"odds\":\"11.00\",\"header\":\"Away\"},{\"opp\":\"2-1\",\"odds\":\"12.00\",\"header\":\"Home\"},{\"opp\":\"2-2\",\"odds\":\"21.00\",\"header\":\"X\"},{\"opp\":\"2-1\",\"odds\":\"11.00\",\"header\":\"Away\"},{\"opp\":\"3-0\",\"odds\":\"34.00\",\"header\":\"Home\"},{\"opp\":\"3-3\",\"odds\":\"101.00\",\"header\":\"X\"},{\"opp\":\"3-0\",\"odds\":\"26.00\",\"header\":\"Away\"},{\"opp\":\"3-1\",\"odds\":\"34.00\",\"header\":\"Home\"},{\"opp\":\"3-1\",\"odds\":\"29.00\",\"header\":\"Away\"},{\"opp\":\"3-2\",\"odds\":\"51.00\",\"header\":\"Home\"},{\"opp\":\"3-2\",\"odds\":\"51.00\",\"header\":\"Away\"},{\"opp\":\"4-0\",\"odds\":\"81.00\",\"header\":\"Home\"},{\"opp\":\"4-0\",\"odds\":\"67.00\",\"header\":\"Away\"},{\"opp\":\"4-1\",\"odds\":\"81.00\",\"header\":\"Home\"},{\"opp\":\"4-1\",\"odds\":\"67.00\",\"header\":\"Away\"},{\"opp\":\"4-2\",\"odds\":\"126.00\",\"header\":\"Home\"},{\"opp\":\"4-2\",\"odds\":\"126.00\",\"header\":\"Away\"},{\"opp\":\"4-3\",\"odds\":\"351.00\",\"header\":\"Home\"},{\"opp\":\"4-3\",\"odds\":\"351.00\",\"header\":\"Away\"},{\"opp\":\"5-0\",\"odds\":\"301.00\",\"header\":\"Home\"},{\"opp\":\"5-0\",\"odds\":\"201.00\",\"header\":\"Away\"},{\"opp\":\"5-1\",\"odds\":\"301.00\",\"header\":\"Home\"},{\"opp\":\"5-1\",\"odds\":\"251.00\",\"header\":\"Away\"}],\"half_time_full_time\":[{\"opp\":\"Club General Diaz - Club General Diaz\",\"odds\":\"5.00\"},{\"opp\":\"Club General Diaz - Draw\",\"odds\":\"17.00\"},{\"opp\":\"Club General Diaz - Millonarios\",\"odds\":\"41.00\"},{\"opp\":\"Draw - Club General Diaz\",\"odds\":\"6.00\"},{\"opp\":\"Draw - Draw\",\"odds\":\"3.75\"},{\"opp\":\"Draw - Millonarios\",\"odds\":\"5.50\"},{\"opp\":\"Millonarios - Club General Diaz\",\"odds\":\"41.00\"},{\"opp\":\"Millonarios - Draw\",\"odds\":\"15.00\"},{\"opp\":\"Millonarios - Millonarios\",\"odds\":\"4.50\"}],\"goals_over_under\":[{\"goals\":\"2.5\",\"odds\":\"2.88\",\"header\":\"Over\"},{\"goals\":\"2.5\",\"odds\":\"1.40\",\"header\":\"Under\"}],\"both_teams_to_score\":[{\"opp\":\"Yes\",\"odds\":\"2.25\"},{\"opp\":\"No\",\"odds\":\"1.57\"}],\"asian_handicap\":[{\"opp\":\"0.0\",\"odds\":\"2.050\",\"header\":\"Home\"},{\"opp\":\"0.0\",\"odds\":\"1.800\",\"header\":\"Away\"}],\"goal_line\":[{\"goals\":\"1.5, 2.0\",\"odds\":\"1.850\",\"header\":\"Over\"},{\"goals\":\"1.5, 2.0\",\"odds\":\"2.000\",\"header\":\"Under\"}],\"alternative_asian_handicap\":[{\"opp\":\"-1.5\",\"odds\":\"7.000\",\"header\":\"Home\"},{\"opp\":\"+1.5\",\"odds\":\"1.100\",\"header\":\"Away\"},{\"opp\":\"-1.0, -1.5\",\"odds\":\"6.400\",\"header\":\"Home\"},{\"opp\":\"+1.0, +1.5\",\"odds\":\"1.115\",\"header\":\"Away\"},{\"opp\":\"-1.0\",\"odds\":\"5.900\",\"header\":\"Home\"},{\"opp\":\"+1.0\",\"odds\":\"1.130\",\"header\":\"Away\"},{\"opp\":\"-0.5, -1.0\",\"odds\":\"3.700\",\"header\":\"Home\"},{\"opp\":\"+0.5, +1.0\",\"odds\":\"1.260\",\"header\":\"Away\"},{\"opp\":\"-0.5\",\"odds\":\"2.850\",\"header\":\"Home\"},{\"opp\":\"+0.5\",\"odds\":\"1.400\",\"header\":\"Away\"},{\"opp\":\"0.0, -0.5\",\"odds\":\"2.425\",\"header\":\"Home\"},{\"opp\":\"0.0, +0.5\",\"odds\":\"1.525\",\"header\":\"Away\"},{\"opp\":\"0.0, +0.5\",\"odds\":\"1.650\",\"header\":\"Home\"},{\"opp\":\"0.0, -0.5\",\"odds\":\"2.200\",\"header\":\"Away\"},{\"opp\":\"+0.5\",\"odds\":\"1.475\",\"header\":\"Home\"},{\"opp\":\"-0.5\",\"odds\":\"2.600\",\"header\":\"Away\"},{\"opp\":\"+0.5, +1.0\",\"odds\":\"1.325\",\"header\":\"Home\"},{\"opp\":\"-0.5, -1.0\",\"odds\":\"3.300\",\"header\":\"Away\"},{\"opp\":\"+1.0\",\"odds\":\"1.175\",\"header\":\"Home\"},{\"opp\":\"-1.0\",\"odds\":\"4.800\",\"header\":\"Away\"},{\"opp\":\"+1.0, +1.5\",\"odds\":\"1.150\",\"header\":\"Home\"},{\"opp\":\"-1.0, -1.5\",\"odds\":\"5.500\",\"header\":\"Away\"},{\"opp\":\"+1.5\",\"odds\":\"1.125\",\"header\":\"Home\"},{\"opp\":\"-1.5\",\"odds\":\"6.000\",\"header\":\"Away\"}],\"alternative_goal_line\":[{\"goals\":\"0.5, 1.0\",\"odds\":\"1.170\",\"header\":\"Over\"},{\"goals\":\"0.5, 1.0\",\"odds\":\"5.000\",\"header\":\"Under\"},{\"goals\":\"1.0\",\"odds\":\"1.210\",\"header\":\"Over\"},{\"goals\":\"1.0\",\"odds\":\"4.250\",\"header\":\"Under\"},{\"goals\":\"1.0, 1.5\",\"odds\":\"1.425\",\"header\":\"Over\"},{\"goals\":\"1.0, 1.5\",\"odds\":\"2.750\",\"header\":\"Under\"},{\"goals\":\"1.5\",\"odds\":\"1.625\",\"header\":\"Over\"},{\"goals\":\"1.5\",\"odds\":\"2.250\",\"header\":\"Under\"},{\"goals\":\"2.0\",\"odds\":\"2.200\",\"header\":\"Over\"},{\"goals\":\"2.0\",\"odds\":\"1.650\",\"header\":\"Under\"},{\"goals\":\"2.0, 2.5\",\"odds\":\"2.500\",\"header\":\"Over\"},{\"goals\":\"2.0, 2.5\",\"odds\":\"1.500\",\"header\":\"Under\"},{\"goals\":\"2.5\",\"odds\":\"2.850\",\"header\":\"Over\"},{\"goals\":\"2.5\",\"odds\":\"1.400\",\"header\":\"Under\"},{\"goals\":\"2.5, 3.0\",\"odds\":\"3.550\",\"header\":\"Over\"},{\"goals\":\"2.5, 3.0\",\"odds\":\"1.275\",\"header\":\"Under\"},{\"goals\":\"3.0\",\"odds\":\"5.250\",\"header\":\"Over\"},{\"goals\":\"3.0\",\"odds\":\"1.160\",\"header\":\"Under\"},{\"goals\":\"3.0, 3.5\",\"odds\":\"5.750\",\"header\":\"Over\"},{\"goals\":\"3.0, 3.5\",\"odds\":\"1.140\",\"header\":\"Under\"},{\"goals\":\"3.5\",\"odds\":\"6.000\",\"header\":\"Over\"},{\"goals\":\"3.5\",\"odds\":\"1.125\",\"header\":\"Under\"}],\"draw_no_bet\":[{\"opp\":\"Club General Diaz\",\"odds\":\"2.00\"},{\"opp\":\"Millonarios\",\"odds\":\"1.73\"}],\"result_both_teams_to_score\":[{\"name\":\"Club General Diaz\",\"odds\":\"8.50\",\"header\":\"Yes\"},{\"name\":\"Club General Diaz\",\"odds\":\"4.00\",\"header\":\"No\"},{\"name\":\"Millonarios\",\"odds\":\"7.50\",\"header\":\"Yes\"},{\"name\":\"Millonarios\",\"odds\":\"3.60\",\"header\":\"No\"},{\"name\":\"Draw\",\"odds\":\"5.00\",\"header\":\"Yes\"},{\"name\":\"Draw\",\"odds\":\"5.50\",\"header\":\"No\"}],\"handicap_result\":[{\"opp\":\"Club General Diaz (+1)\",\"odds\":\"1.53\"},{\"opp\":\"Tie - (Millonarios -1)\",\"odds\":\"3.75\"},{\"opp\":\"Millonarios (-1)\",\"odds\":\"6.00\"}],\"alternative_handicap_result\":[{\"opp\":\"-2.0\",\"odds\":\"17.00\",\"header\":\"Home\"},{\"opp\":\"+2.0\",\"odds\":\"8.00\",\"header\":\"Tie\"},{\"opp\":\"+2.0\",\"odds\":\"1.08\",\"header\":\"Away\"},{\"opp\":\"-1.0\",\"odds\":\"7.00\",\"header\":\"Home\"},{\"opp\":\"+1.0\",\"odds\":\"4.00\",\"header\":\"Tie\"},{\"opp\":\"+1.0\",\"odds\":\"1.40\",\"header\":\"Away\"},{\"opp\":\"+2.0\",\"odds\":\"1.09\",\"header\":\"Home\"},{\"opp\":\"-2.0\",\"odds\":\"7.50\",\"header\":\"Tie\"},{\"opp\":\"-2.0\",\"odds\":\"15.00\",\"header\":\"Away\"},{\"opp\":\"+3.0\",\"odds\":\"1.02\",\"header\":\"Home\"},{\"opp\":\"-3.0\",\"odds\":\"17.00\",\"header\":\"Tie\"},{\"opp\":\"-3.0\",\"odds\":\"21.00\",\"header\":\"Away\"}],\"winning_margin\":[{\"goals\":\" 1\",\"odds\":\"4.00\",\"header\":\"Home\"},{\"goals\":\" 1\",\"odds\":\"3.75\",\"header\":\"Away\"},{\"goals\":\" 2\",\"odds\":\"8.00\",\"header\":\"Home\"},{\"goals\":\" 2\",\"odds\":\"7.50\",\"header\":\"Away\"},{\"goals\":\" 3\",\"odds\":\"29.00\",\"header\":\"Home\"},{\"goals\":\" 3\",\"odds\":\"17.00\",\"header\":\"Away\"},{\"goals\":\" 4+\",\"odds\":\"67.00\",\"header\":\"Home\"},{\"goals\":\" 4+\",\"odds\":\"21.00\",\"header\":\"Away\"},{\"goals\":\"Score Draw\",\"odds\":\"5.00\",\"header\":\"Home\"},{\"goals\":\"No Goal\",\"odds\":\"5.50\",\"header\":\"Home\"}]}},\"schedule\":{\"updated_at\":\"1532569982\",\"sp\":{\"main\":[{\"odds\":\"3.00\"},{\"odds\":\"2.88\"},{\"odds\":\"2.60\"}]}},\"specials\":{\"updated_at\":\"1532570637\",\"sp\":{\"specials\":[{\"name\":\"To Win From Behind\",\"odds\":\"11.00\",\"header\":\"Home\"},{\"name\":\"To Win From Behind\",\"odds\":\"10.00\",\"header\":\"Away\"},{\"name\":\"To Win to Nil\",\"odds\":\"4.00\",\"header\":\"Home\"},{\"name\":\"To Win to Nil\",\"odds\":\"3.60\",\"header\":\"Away\"},{\"name\":\"To Win Either Half\",\"odds\":\"2.10\",\"header\":\"Home\"},{\"name\":\"To Win Either Half\",\"odds\":\"1.91\",\"header\":\"Away\"},{\"name\":\"To Win Both Halves\",\"odds\":\"13.00\",\"header\":\"Home\"},{\"name\":\"To Win Both Halves\",\"odds\":\"11.00\",\"header\":\"Away\"},{\"name\":\"To Score in Both Halves\",\"odds\":\"6.50\",\"header\":\"Home\"},{\"name\":\"To Score in Both Halves\",\"odds\":\"5.50\",\"header\":\"Away\"}],\"to_score_in_half\":[{\"name\":\"1st Half\",\"odds\":\"2.75\",\"header\":\"Yes\"},{\"name\":\"1st Half\",\"odds\":\"1.40\",\"header\":\"No\"},{\"name\":\"2nd Half\",\"odds\":\"2.20\",\"header\":\"Yes\"},{\"name\":\"2nd Half\",\"odds\":\"1.62\",\"header\":\"No\"},{\"name\":\"1st Half\",\"odds\":\"2.62\",\"header\":\"Yes\"},{\"name\":\"1st Half\",\"odds\":\"1.44\",\"header\":\"No\"},{\"name\":\"2nd Half\",\"odds\":\"2.10\",\"header\":\"Yes\"},{\"name\":\"2nd Half\",\"odds\":\"1.67\",\"header\":\"No\"}]}}}]}"}