{"odd":"{\"success\":1,\"results\":[{\"FI\":\"75367853\",\"event_id\":\"840663\",\"asian_lines\":{\"updated_at\":\"1532570131\",\"sp\":{\"asian_handicap\":[{\"opp\":\"-2.0, -2.5\",\"odds\":\"1.950\",\"header\":\"Home\"},{\"opp\":\"+2.0, +2.5\",\"odds\":\"1.850\",\"header\":\"Away\"}],\"goal_line\":[{\"goals\":\"3.5\",\"odds\":\"2.000\",\"header\":\"Over\"},{\"goals\":\"3.5\",\"odds\":\"1.800\",\"header\":\"Under\"}],\"alternative_asian_handicap\":[{\"opp\":\"-4.0, -4.5\",\"odds\":\"5.900\",\"header\":\"Home\"},{\"opp\":\"+4.0, +4.5\",\"odds\":\"1.130\",\"header\":\"Away\"},{\"opp\":\"-4.0\",\"odds\":\"5.750\",\"header\":\"Home\"},{\"opp\":\"+4.0\",\"odds\":\"1.140\",\"header\":\"Away\"},{\"opp\":\"-3.5, -4.0\",\"odds\":\"4.150\",\"header\":\"Home\"},{\"opp\":\"+3.5, +4.0\",\"odds\":\"1.220\",\"header\":\"Away\"},{\"opp\":\"-3.5\",\"odds\":\"3.450\",\"header\":\"Home\"},{\"opp\":\"+3.5\",\"odds\":\"1.300\",\"header\":\"Away\"},{\"opp\":\"-3.0, -3.5\",\"odds\":\"3.100\",\"header\":\"Home\"},{\"opp\":\"+3.0, +3.5\",\"odds\":\"1.350\",\"header\":\"Away\"},{\"opp\":\"-3.0\",\"odds\":\"2.850\",\"header\":\"Home\"},{\"opp\":\"+3.0\",\"odds\":\"1.400\",\"header\":\"Away\"},{\"opp\":\"-2.5, -3.0\",\"odds\":\"2.375\",\"header\":\"Home\"},{\"opp\":\"+2.5, +3.0\",\"odds\":\"1.550\",\"header\":\"Away\"},{\"opp\":\"-2.5\",\"odds\":\"2.100\",\"header\":\"Home\"},{\"opp\":\"+2.5\",\"odds\":\"1.700\",\"header\":\"Away\"},{\"opp\":\"-2.0\",\"odds\":\"1.725\",\"header\":\"Home\"},{\"opp\":\"+2.0\",\"odds\":\"2.075\",\"header\":\"Away\"},{\"opp\":\"-1.5, -2.0\",\"odds\":\"1.575\",\"header\":\"Home\"},{\"opp\":\"+1.5, +2.0\",\"odds\":\"2.350\",\"header\":\"Away\"},{\"opp\":\"-1.5\",\"odds\":\"1.475\",\"header\":\"Home\"},{\"opp\":\"+1.5\",\"odds\":\"2.600\",\"header\":\"Away\"},{\"opp\":\"-1.0, -1.5\",\"odds\":\"1.325\",\"header\":\"Home\"},{\"opp\":\"+1.0, +1.5\",\"odds\":\"3.300\",\"header\":\"Away\"},{\"opp\":\"-1.0\",\"odds\":\"1.190\",\"header\":\"Home\"},{\"opp\":\"+1.0\",\"odds\":\"4.500\",\"header\":\"Away\"},{\"opp\":\"-0.5, -1.0\",\"odds\":\"1.160\",\"header\":\"Home\"},{\"opp\":\"+0.5, +1.0\",\"odds\":\"5.250\",\"header\":\"Away\"},{\"opp\":\"-0.5\",\"odds\":\"1.140\",\"header\":\"Home\"},{\"opp\":\"+0.5\",\"odds\":\"5.750\",\"header\":\"Away\"}],\"alternative_goal_line\":[{\"goals\":\"1.5\",\"odds\":\"1.125\",\"header\":\"Over\"},{\"goals\":\"1.5\",\"odds\":\"6.000\",\"header\":\"Under\"},{\"goals\":\"1.5, 2.0\",\"odds\":\"1.140\",\"header\":\"Over\"},{\"goals\":\"1.5, 2.0\",\"odds\":\"5.750\",\"header\":\"Under\"},{\"goals\":\"2.0\",\"odds\":\"1.160\",\"header\":\"Over\"},{\"goals\":\"2.0\",\"odds\":\"5.250\",\"header\":\"Under\"},{\"goals\":\"2.0, 2.5\",\"odds\":\"1.275\",\"header\":\"Over\"},{\"goals\":\"2.0, 2.5\",\"odds\":\"3.550\",\"header\":\"Under\"},{\"goals\":\"2.5\",\"odds\":\"1.375\",\"header\":\"Over\"},{\"goals\":\"2.5\",\"odds\":\"3.000\",\"header\":\"Under\"},{\"goals\":\"2.5, 3.0\",\"odds\":\"1.450\",\"header\":\"Over\"},{\"goals\":\"2.5, 3.0\",\"odds\":\"2.675\",\"header\":\"Under\"},{\"goals\":\"3.0\",\"odds\":\"1.575\",\"header\":\"Over\"},{\"goals\":\"3.0\",\"odds\":\"2.350\",\"header\":\"Under\"},{\"goals\":\"3.0, 3.5\",\"odds\":\"1.775\",\"header\":\"Over\"},{\"goals\":\"3.0, 3.5\",\"odds\":\"2.025\",\"header\":\"Under\"},{\"goals\":\"3.5, 4.0\",\"odds\":\"2.200\",\"header\":\"Over\"},{\"goals\":\"3.5, 4.0\",\"odds\":\"1.650\",\"header\":\"Under\"},{\"goals\":\"4.0\",\"odds\":\"2.600\",\"header\":\"Over\"},{\"goals\":\"4.0\",\"odds\":\"1.475\",\"header\":\"Under\"},{\"goals\":\"4.0, 4.5\",\"odds\":\"2.850\",\"header\":\"Over\"},{\"goals\":\"4.0, 4.5\",\"odds\":\"1.400\",\"header\":\"Under\"},{\"goals\":\"4.5\",\"odds\":\"3.100\",\"header\":\"Over\"},{\"goals\":\"4.5\",\"odds\":\"1.350\",\"header\":\"Under\"},{\"goals\":\"4.5, 5.0\",\"odds\":\"3.700\",\"header\":\"Over\"},{\"goals\":\"4.5, 5.0\",\"odds\":\"1.260\",\"header\":\"Under\"},{\"goals\":\"5.0\",\"odds\":\"4.800\",\"header\":\"Over\"},{\"goals\":\"5.0\",\"odds\":\"1.175\",\"header\":\"Under\"},{\"goals\":\"5.0, 5.5\",\"odds\":\"5.250\",\"header\":\"Over\"},{\"goals\":\"5.0, 5.5\",\"odds\":\"1.160\",\"header\":\"Under\"},{\"goals\":\"5.5\",\"odds\":\"5.750\",\"header\":\"Over\"},{\"goals\":\"5.5\",\"odds\":\"1.140\",\"header\":\"Under\"}],\"1st_half_asian_handicap\":[{\"opp\":\"-1.0\",\"odds\":\"2.000\",\"header\":\"Home\"},{\"opp\":\"+1.0\",\"odds\":\"1.800\",\"header\":\"Away\"}],\"1st_half_goal_line\":[{\"goals\":\"1.5\",\"odds\":\"2.025\",\"header\":\"Over\"},{\"goals\":\"1.5\",\"odds\":\"1.775\",\"header\":\"Under\"}],\"alternative_1st_half_asian_handicap\":[{\"opp\":\"-2.5\",\"odds\":\"6.400\",\"header\":\"Home\"},{\"opp\":\"+2.5\",\"odds\":\"1.115\",\"header\":\"Away\"},{\"opp\":\"-2.0, -2.5\",\"odds\":\"5.900\",\"header\":\"Home\"},{\"opp\":\"+2.0, +2.5\",\"odds\":\"1.130\",\"header\":\"Away\"},{\"opp\":\"-2.0\",\"odds\":\"5.500\",\"header\":\"Home\"},{\"opp\":\"+2.0\",\"odds\":\"1.150\",\"header\":\"Away\"},{\"opp\":\"-1.5, -2.0\",\"odds\":\"3.550\",\"header\":\"Home\"},{\"opp\":\"+1.5, +2.0\",\"odds\":\"1.275\",\"header\":\"Away\"},{\"opp\":\"-1.5\",\"odds\":\"2.750\",\"header\":\"Home\"},{\"opp\":\"+1.5\",\"odds\":\"1.425\",\"header\":\"Away\"},{\"opp\":\"-1.0, -1.5\",\"odds\":\"2.375\",\"header\":\"Home\"},{\"opp\":\"+1.0, +1.5\",\"odds\":\"1.550\",\"header\":\"Away\"},{\"opp\":\"-0.5, -1.0\",\"odds\":\"1.650\",\"header\":\"Home\"},{\"opp\":\"+0.5, +1.0\",\"odds\":\"2.200\",\"header\":\"Away\"},{\"opp\":\"-0.5\",\"odds\":\"1.500\",\"header\":\"Home\"},{\"opp\":\"+0.5\",\"odds\":\"2.500\",\"header\":\"Away\"},{\"opp\":\"0.0, -0.5\",\"odds\":\"1.275\",\"header\":\"Home\"},{\"opp\":\"0.0, +0.5\",\"odds\":\"3.550\",\"header\":\"Away\"}],\"alternative_1st_half_goal_line\":[{\"goals\":\"0.5, 1.0\",\"odds\":\"1.275\",\"header\":\"Over\"},{\"goals\":\"0.5, 1.0\",\"odds\":\"3.550\",\"header\":\"Under\"},{\"goals\":\"1.0\",\"odds\":\"1.375\",\"header\":\"Over\"},{\"goals\":\"1.0\",\"odds\":\"3.000\",\"header\":\"Under\"},{\"goals\":\"1.0, 1.5\",\"odds\":\"1.700\",\"header\":\"Over\"},{\"goals\":\"1.0, 1.5\",\"odds\":\"2.100\",\"header\":\"Under\"},{\"goals\":\"1.5, 2.0\",\"odds\":\"2.375\",\"header\":\"Over\"},{\"goals\":\"1.5, 2.0\",\"odds\":\"1.550\",\"header\":\"Under\"},{\"goals\":\"2.0\",\"odds\":\"3.100\",\"header\":\"Over\"},{\"goals\":\"2.0\",\"odds\":\"1.350\",\"header\":\"Under\"},{\"goals\":\"2.0, 2.5\",\"odds\":\"3.550\",\"header\":\"Over\"},{\"goals\":\"2.0, 2.5\",\"odds\":\"1.275\",\"header\":\"Under\"},{\"goals\":\"2.5\",\"odds\":\"4.100\",\"header\":\"Over\"},{\"goals\":\"2.5\",\"odds\":\"1.225\",\"header\":\"Under\"},{\"goals\":\"2.5, 3.0\",\"odds\":\"5.500\",\"header\":\"Over\"},{\"goals\":\"2.5, 3.0\",\"odds\":\"1.150\",\"header\":\"Under\"}],\"asian_total_corners\":[{\"goals\":\"9.0\",\"odds\":\"1.875\",\"header\":\"Over\"},{\"goals\":\"9.0\",\"odds\":\"1.925\",\"header\":\"Under\"}]}},\"corners\":{\"updated_at\":\"1532570143\",\"sp\":{\"asian_total_corners\":[{\"goals\":\"9.0\",\"odds\":\"1.875\",\"header\":\"Over\"},{\"goals\":\"9.0\",\"odds\":\"1.925\",\"header\":\"Under\"}]}},\"goals\":{\"updated_at\":\"1532570153\",\"sp\":{\"goals_over_under\":[{\"goals\":\"2.5\",\"odds\":\"1.40\",\"header\":\"Over\"},{\"goals\":\"2.5\",\"odds\":\"2.88\",\"header\":\"Under\"}],\"alternative_total_goals\":[{\"goals\":\"1.5\",\"odds\":\"1.11\",\"header\":\"Over \"},{\"goals\":\"1.5\",\"odds\":\"6.00\",\"header\":\"Under\"},{\"goals\":\"3.5\",\"odds\":\"1.83\",\"header\":\"Over \"},{\"goals\":\"3.5\",\"odds\":\"1.83\",\"header\":\"Under\"},{\"goals\":\"4.5\",\"odds\":\"3.00\",\"header\":\"Over \"},{\"goals\":\"4.5\",\"odds\":\"1.36\",\"header\":\"Under\"},{\"goals\":\"5.5\",\"odds\":\"4.50\",\"header\":\"Over \"},{\"goals\":\"5.5\",\"odds\":\"1.17\",\"header\":\"Under\"},{\"goals\":\"6.5\",\"odds\":\"8.00\",\"header\":\"Over \"},{\"goals\":\"6.5\",\"odds\":\"1.06\",\"header\":\"Under\"},{\"goals\":\"7.5\",\"odds\":\"11.00\",\"header\":\"Over \"},{\"goals\":\"7.5\",\"odds\":\"1.02\",\"header\":\"Under\"}],\"result_total_goals\":[{\"opp\":\"Molde & Over 3.5\",\"odds\":\"2.00\"},{\"opp\":\"Molde & Under 3.5\",\"odds\":\"2.25\"},{\"opp\":\"Draw & Over 3.5\",\"odds\":\"23.00\"},{\"opp\":\"Draw & Under  3.5\",\"odds\":\"11.00\"},{\"opp\":\"Laci & Over 3.5\",\"odds\":\"41.00\"},{\"opp\":\"Laci & Under 3.5\",\"odds\":\"21.00\"}],\"total_goals_both_teams_to_score\":[{\"opp\":\"Over 2.5 & Yes\",\"odds\":\"2.25\"},{\"opp\":\"Over 2.5 & No\",\"odds\":\"2.88\"},{\"opp\":\"Under 2.5 & Yes\",\"odds\":\"17.00\"},{\"opp\":\"Under 2.5 & No\",\"odds\":\"3.60\"}],\"exact_total_goals\":[{\"opp\":\"0 Goals\",\"odds\":\"23.00\"},{\"opp\":\"1 Goal\",\"odds\":\"8.00\"},{\"opp\":\"2 Goals\",\"odds\":\"5.50\"},{\"opp\":\"3 Goals\",\"odds\":\"4.00\"},{\"opp\":\"4 Goals\",\"odds\":\"4.75\"},{\"opp\":\"5 Goals\",\"odds\":\"6.00\"},{\"opp\":\"6 Goals\",\"odds\":\"10.00\"},{\"opp\":\"7+ Goals\",\"odds\":\"8.00\"}],\"number_of_goals_in_match\":[{\"opp\":\"Under 2 goals\",\"odds\":\"6.00\"},{\"opp\":\"2 or 3 goals\",\"odds\":\"2.38\"},{\"opp\":\"Over 3 goals\",\"odds\":\"1.83\"}],\"both_teams_to_score\":[{\"opp\":\"Yes\",\"odds\":\"2.00\"},{\"opp\":\"No\",\"odds\":\"1.73\"}],\"teams_to_score\":[{\"opp\":\"Both Teams\",\"odds\":\"2.00\"},{\"opp\":\"Molde Only\",\"odds\":\"1.80\"},{\"opp\":\"No Goal\",\"odds\":\"23.00\"},{\"opp\":\"Laci Only\",\"odds\":\"29.00\"}],\"both_teams_to_score_in_1st_half\":[{\"opp\":\"Yes\",\"odds\":\"4.50\"},{\"opp\":\"No\",\"odds\":\"1.17\"}],\"both_teams_to_score_in_2nd_half\":[{\"opp\":\"Yes\",\"odds\":\"3.75\"},{\"opp\":\"No\",\"odds\":\"1.25\"}],\"both_teams_to_score_1st_half_2nd_half\":[{\"opp\":\"Yes \\\/ Yes\",\"odds\":\"17.00\"},{\"opp\":\"Yes \\\/ No\",\"odds\":\"6.00\"},{\"opp\":\"No \\\/ Yes\",\"odds\":\"4.33\"},{\"opp\":\"No \\\/ No\",\"odds\":\"1.50\"}],\"first_half_goals\":[{\"goals\":\"0.5\",\"odds\":\"1.18\",\"header\":\"Over\"},{\"goals\":\"0.5\",\"odds\":\"4.50\",\"header\":\"Under\"},{\"goals\":\"1.5\",\"odds\":\"1.83\",\"header\":\"Over\"},{\"goals\":\"1.5\",\"odds\":\"1.83\",\"header\":\"Under\"},{\"goals\":\"2.5\",\"odds\":\"3.75\",\"header\":\"Over\"},{\"goals\":\"2.5\",\"odds\":\"1.25\",\"header\":\"Under\"},{\"goals\":\"3.5\",\"odds\":\"10.00\",\"header\":\"Over\"},{\"goals\":\"3.5\",\"odds\":\"1.06\",\"header\":\"Under\"},{\"goals\":\"4.5\",\"odds\":\"23.00\",\"header\":\"Over\"},{\"goals\":\"4.5\",\"odds\":\"1.01\",\"header\":\"Under\"}],\"exact_1st_half_goals\":[{\"opp\":\"0 Goals\",\"odds\":\"4.50\"},{\"opp\":\"1 Goal\",\"odds\":\"2.88\"},{\"opp\":\"2 Goals\",\"odds\":\"3.50\"},{\"opp\":\"3 Goals\",\"odds\":\"6.00\"},{\"opp\":\"4 Goals\",\"odds\":\"13.00\"},{\"opp\":\"5+ Goals\",\"odds\":\"23.00\"}],\"first_team_to_score\":[{\"opp\":\"Molde\",\"odds\":\"1.17\"},{\"opp\":\"No Goals\",\"odds\":\"23.00\"},{\"opp\":\"Laci\",\"odds\":\"5.00\"}],\"2nd_half_goals\":[{\"goals\":\"0.5\",\"odds\":\"1.11\",\"header\":\"Over\"},{\"goals\":\"0.5\",\"odds\":\"6.50\",\"header\":\"Under\"},{\"goals\":\"1.5\",\"odds\":\"1.57\",\"header\":\"Over\"},{\"goals\":\"1.5\",\"odds\":\"2.25\",\"header\":\"Under\"},{\"goals\":\"2.5\",\"odds\":\"2.62\",\"header\":\"Over\"},{\"goals\":\"2.5\",\"odds\":\"1.44\",\"header\":\"Under\"},{\"goals\":\"3.5\",\"odds\":\"5.50\",\"header\":\"Over\"},{\"goals\":\"3.5\",\"odds\":\"1.14\",\"header\":\"Under\"},{\"goals\":\"4.5\",\"odds\":\"13.00\",\"header\":\"Over\"},{\"goals\":\"4.5\",\"odds\":\"1.04\",\"header\":\"Under\"}],\"exact_2nd_half_goals\":[{\"opp\":\"0 Goals\",\"odds\":\"6.50\"},{\"opp\":\"1 Goal\",\"odds\":\"3.40\"},{\"opp\":\"2 Goals\",\"odds\":\"3.40\"},{\"opp\":\"3 Goals\",\"odds\":\"4.75\"},{\"opp\":\"4 Goals\",\"odds\":\"9.00\"},{\"opp\":\"5+ Goals\",\"odds\":\"13.00\"}],\"half_with_most_goals\":[{\"opp\":\"1st Half\",\"odds\":\"2.88\"},{\"opp\":\"2nd Half\",\"odds\":\"1.95\"},{\"opp\":\"Tie\",\"odds\":\"4.33\"}],\"home_team_highest_scoring_half\":[{\"opp\":\"Molde - 1st Half\",\"odds\":\"2.88\"},{\"opp\":\"Molde - 2nd Half\",\"odds\":\"2.00\"},{\"opp\":\"Molde - Tie\",\"odds\":\"3.75\"}],\"away_team_highest_scoring_half\":[{\"opp\":\"Laci - 1st Half\",\"odds\":\"4.50\"},{\"opp\":\"Laci - 2nd Half\",\"odds\":\"3.75\"},{\"opp\":\"Laci - Tie\",\"odds\":\"1.57\"}],\"home_team_exact_goals\":[{\"opp\":\"Molde - 0 Goals\",\"odds\":\"10.50\"},{\"opp\":\"Molde - 1 Goal\",\"odds\":\"5.50\"},{\"opp\":\"Molde - 2 Goals\",\"odds\":\"3.75\"},{\"opp\":\"Molde - 3+ Goals\",\"odds\":\"1.62\"}],\"away_team_exact_goals\":[{\"opp\":\"Laci - 0 Goals\",\"odds\":\"1.80\"},{\"opp\":\"Laci - 1 Goal\",\"odds\":\"2.62\"},{\"opp\":\"Laci - 2 Goals\",\"odds\":\"7.50\"},{\"opp\":\"Laci - 3+ Goals\",\"odds\":\"12.00\"}],\"goals_odd_even\":[{\"opp\":\"Even\",\"odds\":\"1.90\"},{\"opp\":\"Odd\",\"odds\":\"1.95\"}],\"home_team_odd_even_goals\":[{\"opp\":\"Molde - Even\",\"odds\":\"1.83\"},{\"opp\":\"Molde - Odd\",\"odds\":\"1.83\"}],\"away_team_odd_even_goals\":[{\"opp\":\"Laci - Even\",\"odds\":\"1.50\"},{\"opp\":\"Laci - Odd\",\"odds\":\"2.50\"}],\"1st_half_goals_odd_even\":[{\"opp\":\"Odd\",\"odds\":\"2.00\"},{\"opp\":\"Even\",\"odds\":\"1.80\"}],\"last_team_to_score\":[{\"opp\":\"Molde\",\"odds\":\"1.17\"},{\"opp\":\"No Goal\",\"odds\":\"23.00\"},{\"opp\":\"Laci\",\"odds\":\"5.00\"}]}},\"half\":{\"updated_at\":\"1532570170\",\"sp\":{\"half_time_result\":[{\"opp\":\"1\",\"odds\":\"1.44\"},{\"opp\":\"X\",\"odds\":\"3.10\"},{\"opp\":\"2\",\"odds\":\"10.00\"}],\"half_time_double_chance\":[{\"opp\":\"1X\",\"odds\":\"1.06\"},{\"opp\":\"X2\",\"odds\":\"2.62\"},{\"opp\":\"12\",\"odds\":\"1.36\"}],\"half_time_result_both_teams_to_score\":[{\"opp\":\"Molde & Yes\",\"odds\":\"9.50\"},{\"opp\":\"Molde & No\",\"odds\":\"1.67\"},{\"opp\":\"Draw & Yes\",\"odds\":\"10.00\"},{\"opp\":\"Draw & No\",\"odds\":\"4.33\"},{\"opp\":\"Laci & Yes\",\"odds\":\"41.00\"},{\"opp\":\"Laci & No\",\"odds\":\"11.00\"}],\"half_time_result_total_goals\":[{\"opp\":\"Molde & Over 1.5\",\"odds\":\"2.38\"},{\"opp\":\"Molde & Under 1.5\",\"odds\":\"3.40\"},{\"opp\":\"Draw & Over 1.5\",\"odds\":\"9.50\"},{\"opp\":\"Draw & Under 1.5\",\"odds\":\"4.50\"},{\"opp\":\"Laci & Over 1.5\",\"odds\":\"29.00\"},{\"opp\":\"Laci & Under 1.5\",\"odds\":\"13.00\"}],\"half_time_correct_score\":[{\"opp\":\"1-0\",\"odds\":\"3.40\",\"header\":\"Home\"},{\"opp\":\"0-0\",\"odds\":\"4.50\",\"header\":\"X\"},{\"opp\":\"1-0\",\"odds\":\"13.00\",\"header\":\"Away\"},{\"opp\":\"2-0\",\"odds\":\"4.75\",\"header\":\"Home\"},{\"opp\":\"1-1\",\"odds\":\"11.00\",\"header\":\"X\"},{\"opp\":\"2-0\",\"odds\":\"51.00\",\"header\":\"Away\"},{\"opp\":\"2-1\",\"odds\":\"17.00\",\"header\":\"Home\"},{\"opp\":\"2-2\",\"odds\":\"67.00\",\"header\":\"X\"},{\"opp\":\"2-1\",\"odds\":\"41.00\",\"header\":\"Away\"},{\"opp\":\"3-0\",\"odds\":\"9.50\",\"header\":\"Home\"},{\"opp\":\"3-1\",\"odds\":\"34.00\",\"header\":\"Home\"},{\"opp\":\"3-2\",\"odds\":\"101.00\",\"header\":\"Home\"},{\"opp\":\"4-0\",\"odds\":\"23.00\",\"header\":\"Home\"},{\"opp\":\"4-1\",\"odds\":\"51.00\",\"header\":\"Home\"},{\"opp\":\"5-0\",\"odds\":\"51.00\",\"header\":\"Home\"},{\"opp\":\"5-1\",\"odds\":\"151.00\",\"header\":\"Home\"},{\"opp\":\"6-0\",\"odds\":\"151.00\",\"header\":\"Home\"}],\"both_teams_to_score_in_1st_half\":[{\"opp\":\"Yes\",\"odds\":\"4.50\"},{\"opp\":\"No\",\"odds\":\"1.17\"}],\"both_teams_to_score_in_2nd_half\":[{\"opp\":\"Yes\",\"odds\":\"3.75\"},{\"opp\":\"No\",\"odds\":\"1.25\"}],\"both_teams_to_score_1st_half_2nd_half\":[{\"opp\":\"Yes \\\/ Yes\",\"odds\":\"17.00\"},{\"opp\":\"Yes \\\/ No\",\"odds\":\"6.00\"},{\"opp\":\"No \\\/ Yes\",\"odds\":\"4.33\"},{\"opp\":\"No \\\/ No\",\"odds\":\"1.50\"}],\"1st_half_asian_handicap\":[{\"opp\":\"-1.0\",\"odds\":\"2.000\",\"header\":\"Home\"},{\"opp\":\"+1.0\",\"odds\":\"1.800\",\"header\":\"Away\"}],\"1st_half_goal_line\":[{\"goals\":\"1.5\",\"odds\":\"2.025\",\"header\":\"Over\"},{\"goals\":\"1.5\",\"odds\":\"1.775\",\"header\":\"Under\"}],\"alternative_1st_half_asian_handicap\":[{\"opp\":\"-2.5\",\"odds\":\"6.400\",\"header\":\"Home\"},{\"opp\":\"+2.5\",\"odds\":\"1.115\",\"header\":\"Away\"},{\"opp\":\"-2.0, -2.5\",\"odds\":\"5.900\",\"header\":\"Home\"},{\"opp\":\"+2.0, +2.5\",\"odds\":\"1.130\",\"header\":\"Away\"},{\"opp\":\"-2.0\",\"odds\":\"5.500\",\"header\":\"Home\"},{\"opp\":\"+2.0\",\"odds\":\"1.150\",\"header\":\"Away\"},{\"opp\":\"-1.5, -2.0\",\"odds\":\"3.550\",\"header\":\"Home\"},{\"opp\":\"+1.5, +2.0\",\"odds\":\"1.275\",\"header\":\"Away\"},{\"opp\":\"-1.5\",\"odds\":\"2.750\",\"header\":\"Home\"},{\"opp\":\"+1.5\",\"odds\":\"1.425\",\"header\":\"Away\"},{\"opp\":\"-1.0, -1.5\",\"odds\":\"2.375\",\"header\":\"Home\"},{\"opp\":\"+1.0, +1.5\",\"odds\":\"1.550\",\"header\":\"Away\"},{\"opp\":\"-0.5, -1.0\",\"odds\":\"1.650\",\"header\":\"Home\"},{\"opp\":\"+0.5, +1.0\",\"odds\":\"2.200\",\"header\":\"Away\"},{\"opp\":\"-0.5\",\"odds\":\"1.500\",\"header\":\"Home\"},{\"opp\":\"+0.5\",\"odds\":\"2.500\",\"header\":\"Away\"},{\"opp\":\"0.0, -0.5\",\"odds\":\"1.275\",\"header\":\"Home\"},{\"opp\":\"0.0, +0.5\",\"odds\":\"3.550\",\"header\":\"Away\"}],\"alternative_1st_half_goal_line\":[{\"goals\":\"0.5, 1.0\",\"odds\":\"1.275\",\"header\":\"Over\"},{\"goals\":\"0.5, 1.0\",\"odds\":\"3.550\",\"header\":\"Under\"},{\"goals\":\"1.0\",\"odds\":\"1.375\",\"header\":\"Over\"},{\"goals\":\"1.0\",\"odds\":\"3.000\",\"header\":\"Under\"},{\"goals\":\"1.0, 1.5\",\"odds\":\"1.700\",\"header\":\"Over\"},{\"goals\":\"1.0, 1.5\",\"odds\":\"2.100\",\"header\":\"Under\"},{\"goals\":\"1.5, 2.0\",\"odds\":\"2.375\",\"header\":\"Over\"},{\"goals\":\"1.5, 2.0\",\"odds\":\"1.550\",\"header\":\"Under\"},{\"goals\":\"2.0\",\"odds\":\"3.100\",\"header\":\"Over\"},{\"goals\":\"2.0\",\"odds\":\"1.350\",\"header\":\"Under\"},{\"goals\":\"2.0, 2.5\",\"odds\":\"3.550\",\"header\":\"Over\"},{\"goals\":\"2.0, 2.5\",\"odds\":\"1.275\",\"header\":\"Under\"},{\"goals\":\"2.5\",\"odds\":\"4.100\",\"header\":\"Over\"},{\"goals\":\"2.5\",\"odds\":\"1.225\",\"header\":\"Under\"},{\"goals\":\"2.5, 3.0\",\"odds\":\"5.500\",\"header\":\"Over\"},{\"goals\":\"2.5, 3.0\",\"odds\":\"1.150\",\"header\":\"Under\"}],\"1st_half_handicap\":[{\"opp\":\"Molde  -1.0\",\"odds\":\"2.75\"},{\"opp\":\"Tie - Laci +1.0\",\"odds\":\"2.88\"},{\"opp\":\"Laci  +1.0\",\"odds\":\"2.62\"}],\"alternative_1st_half_handicap_result\":[{\"opp\":\"-2.0\",\"odds\":\"6.00\",\"header\":\"Home\"},{\"opp\":\"+2.0\",\"odds\":\"4.33\",\"header\":\"Tie\"},{\"opp\":\"+2.0\",\"odds\":\"1.40\",\"header\":\"Away\"},{\"opp\":\"+1.0\",\"odds\":\"1.06\",\"header\":\"Home\"},{\"opp\":\"-1.0\",\"odds\":\"11.00\",\"header\":\"Tie\"},{\"opp\":\"-1.0\",\"odds\":\"26.00\",\"header\":\"Away\"}],\"first_half_goals\":[{\"goals\":\"0.5\",\"odds\":\"1.18\",\"header\":\"Over\"},{\"goals\":\"0.5\",\"odds\":\"4.50\",\"header\":\"Under\"},{\"goals\":\"1.5\",\"odds\":\"1.83\",\"header\":\"Over\"},{\"goals\":\"1.5\",\"odds\":\"1.83\",\"header\":\"Under\"},{\"goals\":\"2.5\",\"odds\":\"3.75\",\"header\":\"Over\"},{\"goals\":\"2.5\",\"odds\":\"1.25\",\"header\":\"Under\"},{\"goals\":\"3.5\",\"odds\":\"10.00\",\"header\":\"Over\"},{\"goals\":\"3.5\",\"odds\":\"1.06\",\"header\":\"Under\"},{\"goals\":\"4.5\",\"odds\":\"23.00\",\"header\":\"Over\"},{\"goals\":\"4.5\",\"odds\":\"1.01\",\"header\":\"Under\"}],\"exact_1st_half_goals\":[{\"opp\":\"0 Goals\",\"odds\":\"4.50\"},{\"opp\":\"1 Goal\",\"odds\":\"2.88\"},{\"opp\":\"2 Goals\",\"odds\":\"3.50\"},{\"opp\":\"3 Goals\",\"odds\":\"6.00\"},{\"opp\":\"4 Goals\",\"odds\":\"13.00\"},{\"opp\":\"5+ Goals\",\"odds\":\"23.00\"}],\"1st_half_goals_odd_even\":[{\"opp\":\"Odd\",\"odds\":\"2.00\"},{\"opp\":\"Even\",\"odds\":\"1.80\"}],\"to_score_in_half\":[{\"name\":\"1st Half\",\"odds\":\"1.29\",\"header\":\"Yes\"},{\"name\":\"1st Half\",\"odds\":\"3.50\",\"header\":\"No\"},{\"name\":\"2nd Half\",\"odds\":\"1.17\",\"header\":\"Yes\"},{\"name\":\"2nd Half\",\"odds\":\"5.00\",\"header\":\"No\"},{\"name\":\"1st Half\",\"odds\":\"3.75\",\"header\":\"Yes\"},{\"name\":\"1st Half\",\"odds\":\"1.25\",\"header\":\"No\"},{\"name\":\"2nd Half\",\"odds\":\"3.25\",\"header\":\"Yes\"},{\"name\":\"2nd Half\",\"odds\":\"1.33\",\"header\":\"No\"}],\"half_with_most_goals\":[{\"opp\":\"1st Half\",\"odds\":\"2.88\"},{\"opp\":\"2nd Half\",\"odds\":\"1.95\"},{\"opp\":\"Tie\",\"odds\":\"4.33\"}],\"home_team_highest_scoring_half\":[{\"opp\":\"Molde - 1st Half\",\"odds\":\"2.88\"},{\"opp\":\"Molde - 2nd Half\",\"odds\":\"2.00\"},{\"opp\":\"Molde - Tie\",\"odds\":\"3.75\"}],\"away_team_highest_scoring_half\":[{\"opp\":\"Laci - 1st Half\",\"odds\":\"4.50\"},{\"opp\":\"Laci - 2nd Half\",\"odds\":\"3.75\"},{\"opp\":\"Laci - Tie\",\"odds\":\"1.57\"}],\"2nd_half_result\":[{\"opp\":\"1\",\"odds\":\"1.30\"},{\"opp\":\"X\",\"odds\":\"4.00\"},{\"opp\":\"2\",\"odds\":\"11.00\"}],\"2nd_half_goals\":[{\"goals\":\"0.5\",\"odds\":\"1.11\",\"header\":\"Over\"},{\"goals\":\"0.5\",\"odds\":\"6.50\",\"header\":\"Under\"},{\"goals\":\"1.5\",\"odds\":\"1.57\",\"header\":\"Over\"},{\"goals\":\"1.5\",\"odds\":\"2.25\",\"header\":\"Under\"},{\"goals\":\"2.5\",\"odds\":\"2.62\",\"header\":\"Over\"},{\"goals\":\"2.5\",\"odds\":\"1.44\",\"header\":\"Under\"},{\"goals\":\"3.5\",\"odds\":\"5.50\",\"header\":\"Over\"},{\"goals\":\"3.5\",\"odds\":\"1.14\",\"header\":\"Under\"},{\"goals\":\"4.5\",\"odds\":\"13.00\",\"header\":\"Over\"},{\"goals\":\"4.5\",\"odds\":\"1.04\",\"header\":\"Under\"}],\"exact_2nd_half_goals\":[{\"opp\":\"0 Goals\",\"odds\":\"6.50\"},{\"opp\":\"1 Goal\",\"odds\":\"3.40\"},{\"opp\":\"2 Goals\",\"odds\":\"3.40\"},{\"opp\":\"3 Goals\",\"odds\":\"4.75\"},{\"opp\":\"4 Goals\",\"odds\":\"9.00\"},{\"opp\":\"5+ Goals\",\"odds\":\"13.00\"}],\"2nd_half_goals_odd_even\":[{\"opp\":\"Even\",\"odds\":\"1.83\"},{\"opp\":\"Odd\",\"odds\":\"1.83\"}]}},\"main\":{\"updated_at\":\"1532570078\",\"sp\":{\"full_time_result\":[{\"opp\":\"1\",\"odds\":\"1.12\"},{\"opp\":\"X\",\"odds\":\"7.50\"},{\"opp\":\"2\",\"odds\":\"13.00\"}],\"double_chance\":[{\"opp\":\"1X\",\"odds\":\"1.01\"},{\"opp\":\"X2\",\"odds\":\"5.50\"},{\"opp\":\"12\",\"odds\":\"1.07\"}],\"correct_score\":[{\"opp\":\"1-0\",\"odds\":\"9.00\",\"header\":\"Home\"},{\"opp\":\"0-0\",\"odds\":\"23.00\",\"header\":\"X\"},{\"opp\":\"1-0\",\"odds\":\"41.00\",\"header\":\"Away\"},{\"opp\":\"2-0\",\"odds\":\"7.50\",\"header\":\"Home\"},{\"opp\":\"1-1\",\"odds\":\"17.00\",\"header\":\"X\"},{\"opp\":\"2-0\",\"odds\":\"81.00\",\"header\":\"Away\"},{\"opp\":\"2-1\",\"odds\":\"9.00\",\"header\":\"Home\"},{\"opp\":\"2-2\",\"odds\":\"29.00\",\"header\":\"X\"},{\"opp\":\"2-1\",\"odds\":\"41.00\",\"header\":\"Away\"},{\"opp\":\"3-0\",\"odds\":\"7.50\",\"header\":\"Home\"},{\"opp\":\"3-3\",\"odds\":\"81.00\",\"header\":\"X\"},{\"opp\":\"3-1\",\"odds\":\"101.00\",\"header\":\"Away\"},{\"opp\":\"3-1\",\"odds\":\"11.00\",\"header\":\"Home\"},{\"opp\":\"3-2\",\"odds\":\"81.00\",\"header\":\"Away\"},{\"opp\":\"3-2\",\"odds\":\"23.00\",\"header\":\"Home\"},{\"opp\":\"4-0\",\"odds\":\"9.00\",\"header\":\"Home\"},{\"opp\":\"4-1\",\"odds\":\"15.00\",\"header\":\"Home\"},{\"opp\":\"4-2\",\"odds\":\"41.00\",\"header\":\"Home\"},{\"opp\":\"4-3\",\"odds\":\"81.00\",\"header\":\"Home\"},{\"opp\":\"5-0\",\"odds\":\"15.00\",\"header\":\"Home\"},{\"opp\":\"5-1\",\"odds\":\"21.00\",\"header\":\"Home\"},{\"opp\":\"5-2\",\"odds\":\"51.00\",\"header\":\"Home\"},{\"opp\":\"5-3\",\"odds\":\"151.00\",\"header\":\"Home\"},{\"opp\":\"6-0\",\"odds\":\"26.00\",\"header\":\"Home\"},{\"opp\":\"6-1\",\"odds\":\"41.00\",\"header\":\"Home\"},{\"opp\":\"6-2\",\"odds\":\"81.00\",\"header\":\"Home\"},{\"opp\":\"7-0\",\"odds\":\"41.00\",\"header\":\"Home\"},{\"opp\":\"7-1\",\"odds\":\"51.00\",\"header\":\"Home\"},{\"opp\":\"8-0\",\"odds\":\"81.00\",\"header\":\"Home\"},{\"opp\":\"7-2\",\"odds\":\"151.00\",\"header\":\"Home\"},{\"opp\":\"8-1\",\"odds\":\"126.00\",\"header\":\"Home\"},{\"opp\":\"9-0\",\"odds\":\"151.00\",\"header\":\"Home\"}],\"half_time_full_time\":[{\"opp\":\"Molde - Molde\",\"odds\":\"1.53\"},{\"opp\":\"Molde - Draw\",\"odds\":\"23.00\"},{\"opp\":\"Molde - Laci\",\"odds\":\"51.00\"},{\"opp\":\"Draw - Molde\",\"odds\":\"4.00\"},{\"opp\":\"Draw - Draw\",\"odds\":\"12.00\"},{\"opp\":\"Draw - Laci\",\"odds\":\"26.00\"},{\"opp\":\"Laci - Molde\",\"odds\":\"19.00\"},{\"opp\":\"Laci - Draw\",\"odds\":\"29.00\"},{\"opp\":\"Laci - Laci\",\"odds\":\"23.00\"}],\"goals_over_under\":[{\"goals\":\"2.5\",\"odds\":\"1.40\",\"header\":\"Over\"},{\"goals\":\"2.5\",\"odds\":\"2.88\",\"header\":\"Under\"}],\"both_teams_to_score\":[{\"opp\":\"Yes\",\"odds\":\"2.00\"},{\"opp\":\"No\",\"odds\":\"1.73\"}],\"asian_handicap\":[{\"opp\":\"-2.0, -2.5\",\"odds\":\"1.950\",\"header\":\"Home\"},{\"opp\":\"+2.0, +2.5\",\"odds\":\"1.850\",\"header\":\"Away\"}],\"goal_line\":[{\"goals\":\"3.5\",\"odds\":\"2.000\",\"header\":\"Over\"},{\"goals\":\"3.5\",\"odds\":\"1.800\",\"header\":\"Under\"}],\"alternative_asian_handicap\":[{\"opp\":\"-4.0, -4.5\",\"odds\":\"5.900\",\"header\":\"Home\"},{\"opp\":\"+4.0, +4.5\",\"odds\":\"1.130\",\"header\":\"Away\"},{\"opp\":\"-4.0\",\"odds\":\"5.750\",\"header\":\"Home\"},{\"opp\":\"+4.0\",\"odds\":\"1.140\",\"header\":\"Away\"},{\"opp\":\"-3.5, -4.0\",\"odds\":\"4.150\",\"header\":\"Home\"},{\"opp\":\"+3.5, +4.0\",\"odds\":\"1.220\",\"header\":\"Away\"},{\"opp\":\"-3.5\",\"odds\":\"3.450\",\"header\":\"Home\"},{\"opp\":\"+3.5\",\"odds\":\"1.300\",\"header\":\"Away\"},{\"opp\":\"-3.0, -3.5\",\"odds\":\"3.100\",\"header\":\"Home\"},{\"opp\":\"+3.0, +3.5\",\"odds\":\"1.350\",\"header\":\"Away\"},{\"opp\":\"-3.0\",\"odds\":\"2.850\",\"header\":\"Home\"},{\"opp\":\"+3.0\",\"odds\":\"1.400\",\"header\":\"Away\"},{\"opp\":\"-2.5, -3.0\",\"odds\":\"2.375\",\"header\":\"Home\"},{\"opp\":\"+2.5, +3.0\",\"odds\":\"1.550\",\"header\":\"Away\"},{\"opp\":\"-2.5\",\"odds\":\"2.100\",\"header\":\"Home\"},{\"opp\":\"+2.5\",\"odds\":\"1.700\",\"header\":\"Away\"},{\"opp\":\"-2.0\",\"odds\":\"1.725\",\"header\":\"Home\"},{\"opp\":\"+2.0\",\"odds\":\"2.075\",\"header\":\"Away\"},{\"opp\":\"-1.5, -2.0\",\"odds\":\"1.575\",\"header\":\"Home\"},{\"opp\":\"+1.5, +2.0\",\"odds\":\"2.350\",\"header\":\"Away\"},{\"opp\":\"-1.5\",\"odds\":\"1.475\",\"header\":\"Home\"},{\"opp\":\"+1.5\",\"odds\":\"2.600\",\"header\":\"Away\"},{\"opp\":\"-1.0, -1.5\",\"odds\":\"1.325\",\"header\":\"Home\"},{\"opp\":\"+1.0, +1.5\",\"odds\":\"3.300\",\"header\":\"Away\"},{\"opp\":\"-1.0\",\"odds\":\"1.190\",\"header\":\"Home\"},{\"opp\":\"+1.0\",\"odds\":\"4.500\",\"header\":\"Away\"},{\"opp\":\"-0.5, -1.0\",\"odds\":\"1.160\",\"header\":\"Home\"},{\"opp\":\"+0.5, +1.0\",\"odds\":\"5.250\",\"header\":\"Away\"},{\"opp\":\"-0.5\",\"odds\":\"1.140\",\"header\":\"Home\"},{\"opp\":\"+0.5\",\"odds\":\"5.750\",\"header\":\"Away\"}],\"alternative_goal_line\":[{\"goals\":\"1.5\",\"odds\":\"1.125\",\"header\":\"Over\"},{\"goals\":\"1.5\",\"odds\":\"6.000\",\"header\":\"Under\"},{\"goals\":\"1.5, 2.0\",\"odds\":\"1.140\",\"header\":\"Over\"},{\"goals\":\"1.5, 2.0\",\"odds\":\"5.750\",\"header\":\"Under\"},{\"goals\":\"2.0\",\"odds\":\"1.160\",\"header\":\"Over\"},{\"goals\":\"2.0\",\"odds\":\"5.250\",\"header\":\"Under\"},{\"goals\":\"2.0, 2.5\",\"odds\":\"1.275\",\"header\":\"Over\"},{\"goals\":\"2.0, 2.5\",\"odds\":\"3.550\",\"header\":\"Under\"},{\"goals\":\"2.5\",\"odds\":\"1.375\",\"header\":\"Over\"},{\"goals\":\"2.5\",\"odds\":\"3.000\",\"header\":\"Under\"},{\"goals\":\"2.5, 3.0\",\"odds\":\"1.450\",\"header\":\"Over\"},{\"goals\":\"2.5, 3.0\",\"odds\":\"2.675\",\"header\":\"Under\"},{\"goals\":\"3.0\",\"odds\":\"1.575\",\"header\":\"Over\"},{\"goals\":\"3.0\",\"odds\":\"2.350\",\"header\":\"Under\"},{\"goals\":\"3.0, 3.5\",\"odds\":\"1.775\",\"header\":\"Over\"},{\"goals\":\"3.0, 3.5\",\"odds\":\"2.025\",\"header\":\"Under\"},{\"goals\":\"3.5, 4.0\",\"odds\":\"2.200\",\"header\":\"Over\"},{\"goals\":\"3.5, 4.0\",\"odds\":\"1.650\",\"header\":\"Under\"},{\"goals\":\"4.0\",\"odds\":\"2.600\",\"header\":\"Over\"},{\"goals\":\"4.0\",\"odds\":\"1.475\",\"header\":\"Under\"},{\"goals\":\"4.0, 4.5\",\"odds\":\"2.850\",\"header\":\"Over\"},{\"goals\":\"4.0, 4.5\",\"odds\":\"1.400\",\"header\":\"Under\"},{\"goals\":\"4.5\",\"odds\":\"3.100\",\"header\":\"Over\"},{\"goals\":\"4.5\",\"odds\":\"1.350\",\"header\":\"Under\"},{\"goals\":\"4.5, 5.0\",\"odds\":\"3.700\",\"header\":\"Over\"},{\"goals\":\"4.5, 5.0\",\"odds\":\"1.260\",\"header\":\"Under\"},{\"goals\":\"5.0\",\"odds\":\"4.800\",\"header\":\"Over\"},{\"goals\":\"5.0\",\"odds\":\"1.175\",\"header\":\"Under\"},{\"goals\":\"5.0, 5.5\",\"odds\":\"5.250\",\"header\":\"Over\"},{\"goals\":\"5.0, 5.5\",\"odds\":\"1.160\",\"header\":\"Under\"},{\"goals\":\"5.5\",\"odds\":\"5.750\",\"header\":\"Over\"},{\"goals\":\"5.5\",\"odds\":\"1.140\",\"header\":\"Under\"}],\"draw_no_bet\":[{\"opp\":\"Molde\",\"odds\":\"1.03\"},{\"opp\":\"Laci\",\"odds\":\"10.00\"}],\"result_both_teams_to_score\":[{\"name\":\"Molde\",\"odds\":\"2.50\",\"header\":\"Yes\"},{\"name\":\"Molde\",\"odds\":\"1.83\",\"header\":\"No\"},{\"name\":\"Laci\",\"odds\":\"23.00\",\"header\":\"Yes\"},{\"name\":\"Laci\",\"odds\":\"29.00\",\"header\":\"No\"},{\"name\":\"Draw\",\"odds\":\"10.00\",\"header\":\"Yes\"},{\"name\":\"Draw\",\"odds\":\"23.00\",\"header\":\"No\"}],\"handicap_result\":[{\"opp\":\"Molde (-2)\",\"odds\":\"2.05\"},{\"opp\":\"Tie - (Laci +2)\",\"odds\":\"4.33\"},{\"opp\":\"Laci (+2)\",\"odds\":\"2.50\"}],\"alternative_handicap_result\":[{\"opp\":\"-4.0\",\"odds\":\"6.00\",\"header\":\"Home\"},{\"opp\":\"+4.0\",\"odds\":\"6.00\",\"header\":\"Tie\"},{\"opp\":\"+4.0\",\"odds\":\"1.29\",\"header\":\"Away\"},{\"opp\":\"-3.0\",\"odds\":\"3.25\",\"header\":\"Home\"},{\"opp\":\"+3.0\",\"odds\":\"4.75\",\"header\":\"Tie\"},{\"opp\":\"+3.0\",\"odds\":\"1.67\",\"header\":\"Away\"},{\"opp\":\"-1.0\",\"odds\":\"1.44\",\"header\":\"Home\"},{\"opp\":\"+1.0\",\"odds\":\"4.00\",\"header\":\"Tie\"},{\"opp\":\"+1.0\",\"odds\":\"5.50\",\"header\":\"Away\"},{\"opp\":\"+1.0\",\"odds\":\"1.01\",\"header\":\"Home\"},{\"opp\":\"-1.0\",\"odds\":\"19.00\",\"header\":\"Tie\"},{\"opp\":\"-1.0\",\"odds\":\"21.00\",\"header\":\"Away\"}],\"winning_margin\":[{\"goals\":\" 1\",\"odds\":\"4.00\",\"header\":\"Home\"},{\"goals\":\" 1\",\"odds\":\"19.00\",\"header\":\"Away\"},{\"goals\":\" 2\",\"odds\":\"4.33\",\"header\":\"Home\"},{\"goals\":\" 2\",\"odds\":\"51.00\",\"header\":\"Away\"},{\"goals\":\" 3\",\"odds\":\"4.75\",\"header\":\"Home\"},{\"goals\":\" 3\",\"odds\":\"151.00\",\"header\":\"Away\"},{\"goals\":\" 4+\",\"odds\":\"3.25\",\"header\":\"Home\"},{\"goals\":\" 4+\",\"odds\":\"251.00\",\"header\":\"Away\"},{\"goals\":\"Score Draw\",\"odds\":\"10.00\",\"header\":\"Home\"},{\"goals\":\"No Goal\",\"odds\":\"23.00\",\"header\":\"Home\"}]}},\"schedule\":{\"updated_at\":\"1532570513\",\"sp\":{\"main\":[{\"odds\":\"2.000\"},{\"odds\":\"1.800\"}]}},\"specials\":{\"updated_at\":\"1532570189\",\"sp\":{\"specials\":[{\"name\":\"To Win From Behind\",\"odds\":\"8.00\",\"header\":\"Home\"},{\"name\":\"To Win From Behind\",\"odds\":\"51.00\",\"header\":\"Away\"},{\"name\":\"To Win to Nil\",\"odds\":\"1.83\",\"header\":\"Home\"},{\"name\":\"To Win to Nil\",\"odds\":\"29.00\",\"header\":\"Away\"},{\"name\":\"To Win Either Half\",\"odds\":\"1.07\",\"header\":\"Home\"},{\"name\":\"To Win Either Half\",\"odds\":\"6.00\",\"header\":\"Away\"},{\"name\":\"To Win Both Halves\",\"odds\":\"2.00\",\"header\":\"Home\"},{\"name\":\"To Win Both Halves\",\"odds\":\"101.00\",\"header\":\"Away\"},{\"name\":\"To Score in Both Halves\",\"odds\":\"1.53\",\"header\":\"Home\"},{\"name\":\"To Score in Both Halves\",\"odds\":\"11.00\",\"header\":\"Away\"}],\"to_score_in_half\":[{\"name\":\"1st Half\",\"odds\":\"1.29\",\"header\":\"Yes\"},{\"name\":\"1st Half\",\"odds\":\"3.50\",\"header\":\"No\"},{\"name\":\"2nd Half\",\"odds\":\"1.17\",\"header\":\"Yes\"},{\"name\":\"2nd Half\",\"odds\":\"5.00\",\"header\":\"No\"},{\"name\":\"1st Half\",\"odds\":\"3.75\",\"header\":\"Yes\"},{\"name\":\"1st Half\",\"odds\":\"1.25\",\"header\":\"No\"},{\"name\":\"2nd Half\",\"odds\":\"3.25\",\"header\":\"Yes\"},{\"name\":\"2nd Half\",\"odds\":\"1.33\",\"header\":\"No\"}]}}}]}"}