{"odd":"{\"success\":1,\"results\":[{\"FI\":\"75367860\",\"event_id\":\"840665\",\"asian_lines\":{\"updated_at\":\"1532569868\",\"sp\":{\"asian_handicap\":[{\"opp\":\"-1.5, -2.0\",\"odds\":\"1.875\",\"header\":\"Home\"},{\"opp\":\"+1.5, +2.0\",\"odds\":\"1.925\",\"header\":\"Away\"}],\"goal_line\":[{\"goals\":\"3.0\",\"odds\":\"2.050\",\"header\":\"Over\"},{\"goals\":\"3.0\",\"odds\":\"1.750\",\"header\":\"Under\"}],\"alternative_asian_handicap\":[{\"opp\":\"-3.5, -4.0\",\"odds\":\"5.900\",\"header\":\"Home\"},{\"opp\":\"+3.5, +4.0\",\"odds\":\"1.130\",\"header\":\"Away\"},{\"opp\":\"-3.5\",\"odds\":\"4.650\",\"header\":\"Home\"},{\"opp\":\"+3.5\",\"odds\":\"1.180\",\"header\":\"Away\"},{\"opp\":\"-3.0, -3.5\",\"odds\":\"4.250\",\"header\":\"Home\"},{\"opp\":\"+3.0, +3.5\",\"odds\":\"1.210\",\"header\":\"Away\"},{\"opp\":\"-3.0\",\"odds\":\"3.900\",\"header\":\"Home\"},{\"opp\":\"+3.0\",\"odds\":\"1.240\",\"header\":\"Away\"},{\"opp\":\"-2.5, -3.0\",\"odds\":\"3.100\",\"header\":\"Home\"},{\"opp\":\"+2.5, +3.0\",\"odds\":\"1.350\",\"header\":\"Away\"},{\"opp\":\"-2.5\",\"odds\":\"2.600\",\"header\":\"Home\"},{\"opp\":\"+2.5\",\"odds\":\"1.475\",\"header\":\"Away\"},{\"opp\":\"-2.0, -2.5\",\"odds\":\"2.375\",\"header\":\"Home\"},{\"opp\":\"+2.0, +2.5\",\"odds\":\"1.550\",\"header\":\"Away\"},{\"opp\":\"-2.0\",\"odds\":\"2.100\",\"header\":\"Home\"},{\"opp\":\"+2.0\",\"odds\":\"1.700\",\"header\":\"Away\"},{\"opp\":\"-1.5\",\"odds\":\"1.700\",\"header\":\"Home\"},{\"opp\":\"+1.5\",\"odds\":\"2.100\",\"header\":\"Away\"},{\"opp\":\"-1.0, -1.5\",\"odds\":\"1.475\",\"header\":\"Home\"},{\"opp\":\"+1.0, +1.5\",\"odds\":\"2.600\",\"header\":\"Away\"},{\"opp\":\"-1.0\",\"odds\":\"1.250\",\"header\":\"Home\"},{\"opp\":\"+1.0\",\"odds\":\"3.800\",\"header\":\"Away\"},{\"opp\":\"-0.5, -1.0\",\"odds\":\"1.200\",\"header\":\"Home\"},{\"opp\":\"+0.5, +1.0\",\"odds\":\"4.400\",\"header\":\"Away\"},{\"opp\":\"-0.5\",\"odds\":\"1.160\",\"header\":\"Home\"},{\"opp\":\"+0.5\",\"odds\":\"5.250\",\"header\":\"Away\"},{\"opp\":\"0.0, -0.5\",\"odds\":\"1.105\",\"header\":\"Home\"},{\"opp\":\"0.0, +0.5\",\"odds\":\"6.800\",\"header\":\"Away\"}],\"alternative_goal_line\":[{\"goals\":\"1.0, 1.5\",\"odds\":\"1.130\",\"header\":\"Over\"},{\"goals\":\"1.0, 1.5\",\"odds\":\"5.900\",\"header\":\"Under\"},{\"goals\":\"1.5\",\"odds\":\"1.230\",\"header\":\"Over\"},{\"goals\":\"1.5\",\"odds\":\"4.000\",\"header\":\"Under\"},{\"goals\":\"1.5, 2.0\",\"odds\":\"1.260\",\"header\":\"Over\"},{\"goals\":\"1.5, 2.0\",\"odds\":\"3.700\",\"header\":\"Under\"},{\"goals\":\"2.0\",\"odds\":\"1.325\",\"header\":\"Over\"},{\"goals\":\"2.0\",\"odds\":\"3.300\",\"header\":\"Under\"},{\"goals\":\"2.0, 2.5\",\"odds\":\"1.475\",\"header\":\"Over\"},{\"goals\":\"2.0, 2.5\",\"odds\":\"2.600\",\"header\":\"Under\"},{\"goals\":\"2.5\",\"odds\":\"1.625\",\"header\":\"Over\"},{\"goals\":\"2.5\",\"odds\":\"2.250\",\"header\":\"Under\"},{\"goals\":\"2.5, 3.0\",\"odds\":\"1.775\",\"header\":\"Over\"},{\"goals\":\"2.5, 3.0\",\"odds\":\"2.025\",\"header\":\"Under\"},{\"goals\":\"3.0, 3.5\",\"odds\":\"2.350\",\"header\":\"Over\"},{\"goals\":\"3.0, 3.5\",\"odds\":\"1.575\",\"header\":\"Under\"},{\"goals\":\"3.5\",\"odds\":\"2.600\",\"header\":\"Over\"},{\"goals\":\"3.5\",\"odds\":\"1.475\",\"header\":\"Under\"},{\"goals\":\"3.5, 4.0\",\"odds\":\"3.100\",\"header\":\"Over\"},{\"goals\":\"3.5, 4.0\",\"odds\":\"1.350\",\"header\":\"Under\"},{\"goals\":\"4.0\",\"odds\":\"3.800\",\"header\":\"Over\"},{\"goals\":\"4.0\",\"odds\":\"1.250\",\"header\":\"Under\"},{\"goals\":\"4.0, 4.5\",\"odds\":\"4.150\",\"header\":\"Over\"},{\"goals\":\"4.0, 4.5\",\"odds\":\"1.220\",\"header\":\"Under\"},{\"goals\":\"4.5\",\"odds\":\"4.400\",\"header\":\"Over\"},{\"goals\":\"4.5\",\"odds\":\"1.200\",\"header\":\"Under\"},{\"goals\":\"4.5, 5.0\",\"odds\":\"5.750\",\"header\":\"Over\"},{\"goals\":\"4.5, 5.0\",\"odds\":\"1.140\",\"header\":\"Under\"}],\"1st_half_asian_handicap\":[{\"opp\":\"-0.5, -1.0\",\"odds\":\"1.825\",\"header\":\"Home\"},{\"opp\":\"+0.5, +1.0\",\"odds\":\"1.975\",\"header\":\"Away\"}],\"1st_half_goal_line\":[{\"goals\":\"1.0, 1.5\",\"odds\":\"2.000\",\"header\":\"Over\"},{\"goals\":\"1.0, 1.5\",\"odds\":\"1.800\",\"header\":\"Under\"}],\"alternative_1st_half_asian_handicap\":[{\"opp\":\"-2.0\",\"odds\":\"7.000\",\"header\":\"Home\"},{\"opp\":\"+2.0\",\"odds\":\"1.100\",\"header\":\"Away\"},{\"opp\":\"-1.5, -2.0\",\"odds\":\"4.250\",\"header\":\"Home\"},{\"opp\":\"+1.5, +2.0\",\"odds\":\"1.210\",\"header\":\"Away\"},{\"opp\":\"-1.5\",\"odds\":\"3.300\",\"header\":\"Home\"},{\"opp\":\"+1.5\",\"odds\":\"1.325\",\"header\":\"Away\"},{\"opp\":\"-1.0, -1.5\",\"odds\":\"2.750\",\"header\":\"Home\"},{\"opp\":\"+1.0, +1.5\",\"odds\":\"1.425\",\"header\":\"Away\"},{\"opp\":\"-1.0\",\"odds\":\"2.300\",\"header\":\"Home\"},{\"opp\":\"+1.0\",\"odds\":\"1.600\",\"header\":\"Away\"},{\"opp\":\"-0.5\",\"odds\":\"1.600\",\"header\":\"Home\"},{\"opp\":\"+0.5\",\"odds\":\"2.300\",\"header\":\"Away\"},{\"opp\":\"0.0, -0.5\",\"odds\":\"1.350\",\"header\":\"Home\"},{\"opp\":\"0.0, +0.5\",\"odds\":\"3.100\",\"header\":\"Away\"},{\"opp\":\"0.0\",\"odds\":\"1.105\",\"header\":\"Home\"},{\"opp\":\"0.0\",\"odds\":\"6.800\",\"header\":\"Away\"}],\"alternative_1st_half_goal_line\":[{\"goals\":\"0.5, 1.0\",\"odds\":\"1.400\",\"header\":\"Over\"},{\"goals\":\"0.5, 1.0\",\"odds\":\"2.850\",\"header\":\"Under\"},{\"goals\":\"1.0\",\"odds\":\"1.575\",\"header\":\"Over\"},{\"goals\":\"1.0\",\"odds\":\"2.350\",\"header\":\"Under\"},{\"goals\":\"1.5\",\"odds\":\"2.375\",\"header\":\"Over\"},{\"goals\":\"1.5\",\"odds\":\"1.550\",\"header\":\"Under\"},{\"goals\":\"1.5, 2.0\",\"odds\":\"3.000\",\"header\":\"Over\"},{\"goals\":\"1.5, 2.0\",\"odds\":\"1.375\",\"header\":\"Under\"},{\"goals\":\"2.0\",\"odds\":\"4.250\",\"header\":\"Over\"},{\"goals\":\"2.0\",\"odds\":\"1.210\",\"header\":\"Under\"},{\"goals\":\"2.0, 2.5\",\"odds\":\"4.800\",\"header\":\"Over\"},{\"goals\":\"2.0, 2.5\",\"odds\":\"1.175\",\"header\":\"Under\"},{\"goals\":\"2.5\",\"odds\":\"5.500\",\"header\":\"Over\"},{\"goals\":\"2.5\",\"odds\":\"1.150\",\"header\":\"Under\"}],\"asian_total_corners\":[{\"goals\":\"9.5\",\"odds\":\"2.000\",\"header\":\"Over\"},{\"goals\":\"9.5\",\"odds\":\"1.800\",\"header\":\"Under\"}],\"1st_half_asian_corners\":[{\"goals\":\"4.5\",\"odds\":\"2.000\",\"header\":\"Over\"},{\"goals\":\"4.5\",\"odds\":\"1.800\",\"header\":\"Under\"}]}},\"corners\":{\"updated_at\":\"1532570166\",\"sp\":{\"corners\":[{\"opp\":\"Over 9\",\"odds\":\"1.91\"},{\"opp\":\"Exactly 9\",\"odds\":\"7.00\"},{\"opp\":\"Under 9\",\"odds\":\"2.30\"}],\"total_corners\":[{\"opp\":\"Under 6\",\"odds\":\"9.00\"},{\"opp\":\"6 - 8\",\"odds\":\"2.88\"},{\"opp\":\"9 - 11\",\"odds\":\"2.50\"},{\"opp\":\"12 - 14\",\"odds\":\"4.75\"},{\"opp\":\"Over 14\",\"odds\":\"13.00\"}],\"alternative_corners\":[{\"goals\":\"3\",\"odds\":\"1.01\",\"header\":\"Over\"},{\"goals\":\"3\",\"odds\":\"29.00\",\"header\":\"Exactly\"},{\"goals\":\"3\",\"odds\":\"41.00\",\"header\":\"Under\"},{\"goals\":\"4\",\"odds\":\"1.02\",\"header\":\"Over\"},{\"goals\":\"4\",\"odds\":\"19.00\",\"header\":\"Exactly\"},{\"goals\":\"4\",\"odds\":\"26.00\",\"header\":\"Under\"},{\"goals\":\"5\",\"odds\":\"1.06\",\"header\":\"Over\"},{\"goals\":\"5\",\"odds\":\"15.00\",\"header\":\"Exactly\"},{\"goals\":\"5\",\"odds\":\"15.00\",\"header\":\"Under\"},{\"goals\":\"6\",\"odds\":\"1.17\",\"header\":\"Over\"},{\"goals\":\"6\",\"odds\":\"10.00\",\"header\":\"Exactly\"},{\"goals\":\"6\",\"odds\":\"8.50\",\"header\":\"Under\"},{\"goals\":\"7\",\"odds\":\"1.33\",\"header\":\"Over\"},{\"goals\":\"7\",\"odds\":\"8.00\",\"header\":\"Exactly\"},{\"goals\":\"7\",\"odds\":\"5.00\",\"header\":\"Under\"},{\"goals\":\"8\",\"odds\":\"1.57\",\"header\":\"Over\"},{\"goals\":\"8\",\"odds\":\"7.00\",\"header\":\"Exactly\"},{\"goals\":\"8\",\"odds\":\"3.25\",\"header\":\"Under\"},{\"goals\":\"10\",\"odds\":\"2.62\",\"header\":\"Over\"},{\"goals\":\"10\",\"odds\":\"7.50\",\"header\":\"Exactly\"},{\"goals\":\"10\",\"odds\":\"1.80\",\"header\":\"Under\"},{\"goals\":\"11\",\"odds\":\"3.60\",\"header\":\"Over\"},{\"goals\":\"11\",\"odds\":\"8.50\",\"header\":\"Exactly\"},{\"goals\":\"11\",\"odds\":\"1.44\",\"header\":\"Under\"},{\"goals\":\"12\",\"odds\":\"5.50\",\"header\":\"Over\"},{\"goals\":\"12\",\"odds\":\"10.00\",\"header\":\"Exactly\"},{\"goals\":\"12\",\"odds\":\"1.25\",\"header\":\"Under\"},{\"goals\":\"13\",\"odds\":\"8.00\",\"header\":\"Over\"},{\"goals\":\"13\",\"odds\":\"12.00\",\"header\":\"Exactly\"},{\"goals\":\"13\",\"odds\":\"1.14\",\"header\":\"Under\"},{\"goals\":\"14\",\"odds\":\"13.00\",\"header\":\"Over\"},{\"goals\":\"14\",\"odds\":\"17.00\",\"header\":\"Exactly\"},{\"goals\":\"14\",\"odds\":\"1.06\",\"header\":\"Under\"},{\"goals\":\"15\",\"odds\":\"17.00\",\"header\":\"Over\"},{\"goals\":\"15\",\"odds\":\"21.00\",\"header\":\"Exactly\"},{\"goals\":\"15\",\"odds\":\"1.04\",\"header\":\"Under\"},{\"goals\":\"16\",\"odds\":\"23.00\",\"header\":\"Over\"},{\"goals\":\"16\",\"odds\":\"26.00\",\"header\":\"Exactly\"},{\"goals\":\"16\",\"odds\":\"1.02\",\"header\":\"Under\"},{\"goals\":\"17\",\"odds\":\"34.00\",\"header\":\"Over\"},{\"goals\":\"17\",\"odds\":\"34.00\",\"header\":\"Exactly\"},{\"goals\":\"17\",\"odds\":\"1.01\",\"header\":\"Under\"}],\"corners_2_way\":[{\"opp\":\"Over 9.5\",\"odds\":\"1.91\"},{\"opp\":\"Under 9.5\",\"odds\":\"1.80\"}],\"first_half_corners\":[{\"opp\":\"4\",\"odds\":\"2.00\",\"header\":\"Over\"},{\"opp\":\"4\",\"odds\":\"4.75\",\"header\":\"Exactly\"},{\"opp\":\"4\",\"odds\":\"2.75\",\"header\":\"Under\"}],\"asian_total_corners\":[{\"goals\":\"9.5\",\"odds\":\"2.000\",\"header\":\"Over\"},{\"goals\":\"9.5\",\"odds\":\"1.800\",\"header\":\"Under\"}],\"1st_half_asian_corners\":[{\"goals\":\"4.5\",\"odds\":\"2.000\",\"header\":\"Over\"},{\"goals\":\"4.5\",\"odds\":\"1.800\",\"header\":\"Under\"}]}},\"goals\":{\"updated_at\":\"1532570389\",\"sp\":{\"goals_over_under\":[{\"goals\":\"2.5\",\"odds\":\"1.65\",\"header\":\"Over\"},{\"goals\":\"2.5\",\"odds\":\"2.20\",\"header\":\"Under\"}],\"alternative_total_goals\":[{\"goals\":\"0.5\",\"odds\":\"1.01\",\"header\":\"Over \"},{\"goals\":\"0.5\",\"odds\":\"15.00\",\"header\":\"Under\"},{\"goals\":\"1.5\",\"odds\":\"1.22\",\"header\":\"Over \"},{\"goals\":\"1.5\",\"odds\":\"4.00\",\"header\":\"Under\"},{\"goals\":\"3.5\",\"odds\":\"2.62\",\"header\":\"Over \"},{\"goals\":\"3.5\",\"odds\":\"1.44\",\"header\":\"Under\"},{\"goals\":\"4.5\",\"odds\":\"4.50\",\"header\":\"Over \"},{\"goals\":\"4.5\",\"odds\":\"1.17\",\"header\":\"Under\"},{\"goals\":\"5.5\",\"odds\":\"8.00\",\"header\":\"Over \"},{\"goals\":\"5.5\",\"odds\":\"1.06\",\"header\":\"Under\"},{\"goals\":\"6.5\",\"odds\":\"11.00\",\"header\":\"Over \"},{\"goals\":\"6.5\",\"odds\":\"1.02\",\"header\":\"Under\"}],\"result_total_goals\":[{\"opp\":\"RB Leipzig & Over 2.5\",\"odds\":\"1.73\"},{\"opp\":\"RB Leipzig & Under 2.5\",\"odds\":\"3.00\"},{\"opp\":\"Draw & Over 2.5\",\"odds\":\"34.00\"},{\"opp\":\"Draw & Under  2.5\",\"odds\":\"9.00\"},{\"opp\":\"BK Hacken & Over 2.5\",\"odds\":\"23.00\"},{\"opp\":\"BK Hacken & Under 2.5\",\"odds\":\"21.00\"}],\"total_goals_both_teams_to_score\":[{\"opp\":\"Over 2.5 & Yes\",\"odds\":\"2.88\"},{\"opp\":\"Over 2.5 & No\",\"odds\":\"3.25\"},{\"opp\":\"Under 2.5 & Yes\",\"odds\":\"15.00\"},{\"opp\":\"Under 2.5 & No\",\"odds\":\"2.40\"}],\"exact_total_goals\":[{\"opp\":\"0 Goals\",\"odds\":\"15.00\"},{\"opp\":\"1 Goal\",\"odds\":\"4.75\"},{\"opp\":\"2 Goals\",\"odds\":\"4.50\"},{\"opp\":\"3 Goals\",\"odds\":\"3.75\"},{\"opp\":\"4 Goals\",\"odds\":\"5.50\"},{\"opp\":\"5 Goals\",\"odds\":\"8.00\"},{\"opp\":\"6 Goals\",\"odds\":\"17.00\"},{\"opp\":\"7+ Goals\",\"odds\":\"11.00\"}],\"number_of_goals_in_match\":[{\"opp\":\"Under 2 goals\",\"odds\":\"4.00\"},{\"opp\":\"2 or 3 goals\",\"odds\":\"2.10\"},{\"opp\":\"Over 3 goals\",\"odds\":\"2.62\"}],\"both_teams_to_score\":[{\"opp\":\"Yes\",\"odds\":\"2.50\"},{\"opp\":\"No\",\"odds\":\"1.50\"}],\"teams_to_score\":[{\"opp\":\"Both Teams\",\"odds\":\"2.50\"},{\"opp\":\"RB Leipzig Only\",\"odds\":\"1.62\"},{\"opp\":\"No Goal\",\"odds\":\"15.00\"},{\"opp\":\"BK Hacken Only\",\"odds\":\"21.00\"}],\"both_teams_to_score_in_1st_half\":[{\"opp\":\"Yes\",\"odds\":\"6.00\"},{\"opp\":\"No\",\"odds\":\"1.11\"}],\"both_teams_to_score_in_2nd_half\":[{\"opp\":\"Yes\",\"odds\":\"4.50\"},{\"opp\":\"No\",\"odds\":\"1.17\"}],\"both_teams_to_score_1st_half_2nd_half\":[{\"opp\":\"Yes \\\/ Yes\",\"odds\":\"29.00\"},{\"opp\":\"Yes \\\/ No\",\"odds\":\"7.00\"},{\"opp\":\"No \\\/ Yes\",\"odds\":\"5.00\"},{\"opp\":\"No \\\/ No\",\"odds\":\"1.33\"}],\"first_half_goals\":[{\"goals\":\"0.5\",\"odds\":\"1.29\",\"header\":\"Over\"},{\"goals\":\"0.5\",\"odds\":\"3.50\",\"header\":\"Under\"},{\"goals\":\"1.5\",\"odds\":\"2.38\",\"header\":\"Over\"},{\"goals\":\"1.5\",\"odds\":\"1.53\",\"header\":\"Under\"},{\"goals\":\"2.5\",\"odds\":\"5.50\",\"header\":\"Over\"},{\"goals\":\"2.5\",\"odds\":\"1.14\",\"header\":\"Under\"},{\"goals\":\"3.5\",\"odds\":\"15.00\",\"header\":\"Over\"},{\"goals\":\"3.5\",\"odds\":\"1.03\",\"header\":\"Under\"}],\"exact_1st_half_goals\":[{\"opp\":\"0 Goals\",\"odds\":\"3.50\"},{\"opp\":\"1 Goal\",\"odds\":\"2.60\"},{\"opp\":\"2 Goals\",\"odds\":\"3.75\"},{\"opp\":\"3 Goals\",\"odds\":\"8.00\"},{\"opp\":\"4 Goals\",\"odds\":\"21.00\"},{\"opp\":\"5+ Goals\",\"odds\":\"41.00\"}],\"first_team_to_score\":[{\"opp\":\"RB Leipzig\",\"odds\":\"1.12\"},{\"opp\":\"No Goals\",\"odds\":\"15.00\"},{\"opp\":\"BK Hacken\",\"odds\":\"6.00\"}],\"2nd_half_goals\":[{\"goals\":\"0.5\",\"odds\":\"1.17\",\"header\":\"Over\"},{\"goals\":\"0.5\",\"odds\":\"5.00\",\"header\":\"Under\"},{\"goals\":\"1.5\",\"odds\":\"1.83\",\"header\":\"Over\"},{\"goals\":\"1.5\",\"odds\":\"1.83\",\"header\":\"Under\"},{\"goals\":\"2.5\",\"odds\":\"3.75\",\"header\":\"Over\"},{\"goals\":\"2.5\",\"odds\":\"1.25\",\"header\":\"Under\"},{\"goals\":\"3.5\",\"odds\":\"9.00\",\"header\":\"Over\"},{\"goals\":\"3.5\",\"odds\":\"1.07\",\"header\":\"Under\"},{\"goals\":\"4.5\",\"odds\":\"21.00\",\"header\":\"Over\"},{\"goals\":\"4.5\",\"odds\":\"1.02\",\"header\":\"Under\"}],\"exact_2nd_half_goals\":[{\"opp\":\"0 Goals\",\"odds\":\"5.00\"},{\"opp\":\"1 Goal\",\"odds\":\"2.75\"},{\"opp\":\"2 Goals\",\"odds\":\"3.60\"},{\"opp\":\"3 Goals\",\"odds\":\"6.00\"},{\"opp\":\"4 Goals\",\"odds\":\"13.00\"},{\"opp\":\"5+ Goals\",\"odds\":\"21.00\"}],\"half_with_most_goals\":[{\"opp\":\"1st Half\",\"odds\":\"3.00\"},{\"opp\":\"2nd Half\",\"odds\":\"2.05\"},{\"opp\":\"Tie\",\"odds\":\"3.75\"}],\"home_team_highest_scoring_half\":[{\"opp\":\"RB Leipzig - 1st Half\",\"odds\":\"3.00\"},{\"opp\":\"RB Leipzig - 2nd Half\",\"odds\":\"2.05\"},{\"opp\":\"RB Leipzig - Tie\",\"odds\":\"3.40\"}],\"away_team_highest_scoring_half\":[{\"opp\":\"BK Hacken - 1st Half\",\"odds\":\"5.00\"},{\"opp\":\"BK Hacken - 2nd Half\",\"odds\":\"4.33\"},{\"opp\":\"BK Hacken - Tie\",\"odds\":\"1.44\"}],\"home_team_exact_goals\":[{\"opp\":\"RB Leipzig - 0 Goals\",\"odds\":\"8.50\"},{\"opp\":\"RB Leipzig - 1 Goal\",\"odds\":\"3.75\"},{\"opp\":\"RB Leipzig - 2 Goals\",\"odds\":\"3.40\"},{\"opp\":\"RB Leipzig - 3+ Goals\",\"odds\":\"2.10\"}],\"away_team_exact_goals\":[{\"opp\":\"BK Hacken - 0 Goals\",\"odds\":\"1.57\"},{\"opp\":\"BK Hacken - 1 Goal\",\"odds\":\"2.88\"},{\"opp\":\"BK Hacken - 2 Goals\",\"odds\":\"9.50\"},{\"opp\":\"BK Hacken - 3+ Goals\",\"odds\":\"17.00\"}],\"goals_odd_even\":[{\"opp\":\"Even\",\"odds\":\"1.90\"},{\"opp\":\"Odd\",\"odds\":\"1.95\"}],\"home_team_odd_even_goals\":[{\"opp\":\"RB Leipzig - Even\",\"odds\":\"1.83\"},{\"opp\":\"RB Leipzig - Odd\",\"odds\":\"1.83\"}],\"away_team_odd_even_goals\":[{\"opp\":\"BK Hacken - Even\",\"odds\":\"1.40\"},{\"opp\":\"BK Hacken - Odd\",\"odds\":\"2.75\"}],\"1st_half_goals_odd_even\":[{\"opp\":\"Odd\",\"odds\":\"2.00\"},{\"opp\":\"Even\",\"odds\":\"1.80\"}],\"last_team_to_score\":[{\"opp\":\"RB Leipzig\",\"odds\":\"1.12\"},{\"opp\":\"No Goal\",\"odds\":\"15.00\"},{\"opp\":\"BK Hacken\",\"odds\":\"6.00\"}]}},\"half\":{\"updated_at\":\"1532570187\",\"sp\":{\"half_time_result\":[{\"opp\":\"1\",\"odds\":\"1.57\"},{\"opp\":\"X\",\"odds\":\"2.75\"},{\"opp\":\"2\",\"odds\":\"9.50\"}],\"half_time_double_chance\":[{\"opp\":\"1X\",\"odds\":\"1.07\"},{\"opp\":\"X2\",\"odds\":\"2.25\"},{\"opp\":\"12\",\"odds\":\"1.40\"}],\"half_time_result_both_teams_to_score\":[{\"opp\":\"RB Leipzig & Yes\",\"odds\":\"15.00\"},{\"opp\":\"RB Leipzig & No\",\"odds\":\"1.73\"},{\"opp\":\"Draw & Yes\",\"odds\":\"12.00\"},{\"opp\":\"Draw & No\",\"odds\":\"3.40\"},{\"opp\":\"BK Hacken & Yes\",\"odds\":\"51.00\"},{\"opp\":\"BK Hacken & No\",\"odds\":\"10.00\"}],\"half_time_result_total_goals\":[{\"opp\":\"RB Leipzig & Over 1.5\",\"odds\":\"3.00\"},{\"opp\":\"RB Leipzig & Under 1.5\",\"odds\":\"3.00\"},{\"opp\":\"Draw & Over 1.5\",\"odds\":\"12.00\"},{\"opp\":\"Draw & Under 1.5\",\"odds\":\"3.50\"},{\"opp\":\"BK Hacken & Over 1.5\",\"odds\":\"34.00\"},{\"opp\":\"BK Hacken & Under 1.5\",\"odds\":\"12.00\"}],\"half_time_correct_score\":[{\"opp\":\"1-0\",\"odds\":\"3.00\",\"header\":\"Home\"},{\"opp\":\"0-0\",\"odds\":\"3.50\",\"header\":\"X\"},{\"opp\":\"1-0\",\"odds\":\"12.00\",\"header\":\"Away\"},{\"opp\":\"2-0\",\"odds\":\"5.00\",\"header\":\"Home\"},{\"opp\":\"1-1\",\"odds\":\"12.00\",\"header\":\"X\"},{\"opp\":\"2-0\",\"odds\":\"51.00\",\"header\":\"Away\"},{\"opp\":\"2-1\",\"odds\":\"21.00\",\"header\":\"Home\"},{\"opp\":\"2-2\",\"odds\":\"81.00\",\"header\":\"X\"},{\"opp\":\"2-1\",\"odds\":\"51.00\",\"header\":\"Away\"},{\"opp\":\"3-0\",\"odds\":\"12.00\",\"header\":\"Home\"},{\"opp\":\"3-1\",\"odds\":\"41.00\",\"header\":\"Home\"},{\"opp\":\"4-0\",\"odds\":\"34.00\",\"header\":\"Home\"},{\"opp\":\"4-1\",\"odds\":\"101.00\",\"header\":\"Home\"},{\"opp\":\"5-0\",\"odds\":\"81.00\",\"header\":\"Home\"}],\"both_teams_to_score_in_1st_half\":[{\"opp\":\"Yes\",\"odds\":\"6.00\"},{\"opp\":\"No\",\"odds\":\"1.11\"}],\"both_teams_to_score_in_2nd_half\":[{\"opp\":\"Yes\",\"odds\":\"4.50\"},{\"opp\":\"No\",\"odds\":\"1.17\"}],\"both_teams_to_score_1st_half_2nd_half\":[{\"opp\":\"Yes \\\/ Yes\",\"odds\":\"29.00\"},{\"opp\":\"Yes \\\/ No\",\"odds\":\"7.00\"},{\"opp\":\"No \\\/ Yes\",\"odds\":\"5.00\"},{\"opp\":\"No \\\/ No\",\"odds\":\"1.33\"}],\"1st_half_asian_handicap\":[{\"opp\":\"-0.5, -1.0\",\"odds\":\"1.825\",\"header\":\"Home\"},{\"opp\":\"+0.5, +1.0\",\"odds\":\"1.975\",\"header\":\"Away\"}],\"1st_half_goal_line\":[{\"goals\":\"1.0, 1.5\",\"odds\":\"2.000\",\"header\":\"Over\"},{\"goals\":\"1.0, 1.5\",\"odds\":\"1.800\",\"header\":\"Under\"}],\"alternative_1st_half_asian_handicap\":[{\"opp\":\"-2.0\",\"odds\":\"7.000\",\"header\":\"Home\"},{\"opp\":\"+2.0\",\"odds\":\"1.100\",\"header\":\"Away\"},{\"opp\":\"-1.5, -2.0\",\"odds\":\"4.250\",\"header\":\"Home\"},{\"opp\":\"+1.5, +2.0\",\"odds\":\"1.210\",\"header\":\"Away\"},{\"opp\":\"-1.5\",\"odds\":\"3.300\",\"header\":\"Home\"},{\"opp\":\"+1.5\",\"odds\":\"1.325\",\"header\":\"Away\"},{\"opp\":\"-1.0, -1.5\",\"odds\":\"2.750\",\"header\":\"Home\"},{\"opp\":\"+1.0, +1.5\",\"odds\":\"1.425\",\"header\":\"Away\"},{\"opp\":\"-1.0\",\"odds\":\"2.300\",\"header\":\"Home\"},{\"opp\":\"+1.0\",\"odds\":\"1.600\",\"header\":\"Away\"},{\"opp\":\"-0.5\",\"odds\":\"1.600\",\"header\":\"Home\"},{\"opp\":\"+0.5\",\"odds\":\"2.300\",\"header\":\"Away\"},{\"opp\":\"0.0, -0.5\",\"odds\":\"1.350\",\"header\":\"Home\"},{\"opp\":\"0.0, +0.5\",\"odds\":\"3.100\",\"header\":\"Away\"},{\"opp\":\"0.0\",\"odds\":\"1.105\",\"header\":\"Home\"},{\"opp\":\"0.0\",\"odds\":\"6.800\",\"header\":\"Away\"}],\"alternative_1st_half_goal_line\":[{\"goals\":\"0.5, 1.0\",\"odds\":\"1.400\",\"header\":\"Over\"},{\"goals\":\"0.5, 1.0\",\"odds\":\"2.850\",\"header\":\"Under\"},{\"goals\":\"1.0\",\"odds\":\"1.575\",\"header\":\"Over\"},{\"goals\":\"1.0\",\"odds\":\"2.350\",\"header\":\"Under\"},{\"goals\":\"1.5\",\"odds\":\"2.375\",\"header\":\"Over\"},{\"goals\":\"1.5\",\"odds\":\"1.550\",\"header\":\"Under\"},{\"goals\":\"1.5, 2.0\",\"odds\":\"3.000\",\"header\":\"Over\"},{\"goals\":\"1.5, 2.0\",\"odds\":\"1.375\",\"header\":\"Under\"},{\"goals\":\"2.0\",\"odds\":\"4.250\",\"header\":\"Over\"},{\"goals\":\"2.0\",\"odds\":\"1.210\",\"header\":\"Under\"},{\"goals\":\"2.0, 2.5\",\"odds\":\"4.800\",\"header\":\"Over\"},{\"goals\":\"2.0, 2.5\",\"odds\":\"1.175\",\"header\":\"Under\"},{\"goals\":\"2.5\",\"odds\":\"5.500\",\"header\":\"Over\"},{\"goals\":\"2.5\",\"odds\":\"1.150\",\"header\":\"Under\"}],\"1st_half_handicap\":[{\"opp\":\"RB Leipzig  -1.0\",\"odds\":\"3.25\"},{\"opp\":\"Tie - BK Hacken +1.0\",\"odds\":\"2.75\"},{\"opp\":\"BK Hacken  +1.0\",\"odds\":\"2.25\"}],\"alternative_1st_half_handicap_result\":[{\"opp\":\"-2.0\",\"odds\":\"8.00\",\"header\":\"Home\"},{\"opp\":\"+2.0\",\"odds\":\"4.75\",\"header\":\"Tie\"},{\"opp\":\"+2.0\",\"odds\":\"1.29\",\"header\":\"Away\"},{\"opp\":\"+1.0\",\"odds\":\"1.07\",\"header\":\"Home\"},{\"opp\":\"-1.0\",\"odds\":\"10.00\",\"header\":\"Tie\"},{\"opp\":\"-1.0\",\"odds\":\"29.00\",\"header\":\"Away\"}],\"first_half_goals\":[{\"goals\":\"0.5\",\"odds\":\"1.29\",\"header\":\"Over\"},{\"goals\":\"0.5\",\"odds\":\"3.50\",\"header\":\"Under\"},{\"goals\":\"1.5\",\"odds\":\"2.38\",\"header\":\"Over\"},{\"goals\":\"1.5\",\"odds\":\"1.53\",\"header\":\"Under\"},{\"goals\":\"2.5\",\"odds\":\"5.50\",\"header\":\"Over\"},{\"goals\":\"2.5\",\"odds\":\"1.14\",\"header\":\"Under\"},{\"goals\":\"3.5\",\"odds\":\"15.00\",\"header\":\"Over\"},{\"goals\":\"3.5\",\"odds\":\"1.03\",\"header\":\"Under\"}],\"exact_1st_half_goals\":[{\"opp\":\"0 Goals\",\"odds\":\"3.50\"},{\"opp\":\"1 Goal\",\"odds\":\"2.60\"},{\"opp\":\"2 Goals\",\"odds\":\"3.75\"},{\"opp\":\"3 Goals\",\"odds\":\"8.00\"},{\"opp\":\"4 Goals\",\"odds\":\"21.00\"},{\"opp\":\"5+ Goals\",\"odds\":\"41.00\"}],\"first_half_corners\":[{\"opp\":\"4\",\"odds\":\"2.00\",\"header\":\"Over\"},{\"opp\":\"4\",\"odds\":\"4.75\",\"header\":\"Exactly\"},{\"opp\":\"4\",\"odds\":\"2.75\",\"header\":\"Under\"}],\"1st_half_asian_corners\":[{\"goals\":\"4.5\",\"odds\":\"2.000\",\"header\":\"Over\"},{\"goals\":\"4.5\",\"odds\":\"1.800\",\"header\":\"Under\"}],\"1st_half_goals_odd_even\":[{\"opp\":\"Odd\",\"odds\":\"2.00\"},{\"opp\":\"Even\",\"odds\":\"1.80\"}],\"to_score_in_half\":[{\"name\":\"1st Half\",\"odds\":\"1.40\",\"header\":\"Yes\"},{\"name\":\"1st Half\",\"odds\":\"2.75\",\"header\":\"No\"},{\"name\":\"2nd Half\",\"odds\":\"1.25\",\"header\":\"Yes\"},{\"name\":\"2nd Half\",\"odds\":\"3.75\",\"header\":\"No\"},{\"name\":\"1st Half\",\"odds\":\"4.33\",\"header\":\"Yes\"},{\"name\":\"1st Half\",\"odds\":\"1.20\",\"header\":\"No\"},{\"name\":\"2nd Half\",\"odds\":\"3.75\",\"header\":\"Yes\"},{\"name\":\"2nd Half\",\"odds\":\"1.25\",\"header\":\"No\"}],\"half_with_most_goals\":[{\"opp\":\"1st Half\",\"odds\":\"3.00\"},{\"opp\":\"2nd Half\",\"odds\":\"2.05\"},{\"opp\":\"Tie\",\"odds\":\"3.75\"}],\"home_team_highest_scoring_half\":[{\"opp\":\"RB Leipzig - 1st Half\",\"odds\":\"3.00\"},{\"opp\":\"RB Leipzig - 2nd Half\",\"odds\":\"2.05\"},{\"opp\":\"RB Leipzig - Tie\",\"odds\":\"3.40\"}],\"away_team_highest_scoring_half\":[{\"opp\":\"BK Hacken - 1st Half\",\"odds\":\"5.00\"},{\"opp\":\"BK Hacken - 2nd Half\",\"odds\":\"4.33\"},{\"opp\":\"BK Hacken - Tie\",\"odds\":\"1.44\"}],\"2nd_half_result\":[{\"opp\":\"1\",\"odds\":\"1.36\"},{\"opp\":\"X\",\"odds\":\"3.40\"},{\"opp\":\"2\",\"odds\":\"11.00\"}],\"2nd_half_goals\":[{\"goals\":\"0.5\",\"odds\":\"1.17\",\"header\":\"Over\"},{\"goals\":\"0.5\",\"odds\":\"5.00\",\"header\":\"Under\"},{\"goals\":\"1.5\",\"odds\":\"1.83\",\"header\":\"Over\"},{\"goals\":\"1.5\",\"odds\":\"1.83\",\"header\":\"Under\"},{\"goals\":\"2.5\",\"odds\":\"3.75\",\"header\":\"Over\"},{\"goals\":\"2.5\",\"odds\":\"1.25\",\"header\":\"Under\"},{\"goals\":\"3.5\",\"odds\":\"9.00\",\"header\":\"Over\"},{\"goals\":\"3.5\",\"odds\":\"1.07\",\"header\":\"Under\"},{\"goals\":\"4.5\",\"odds\":\"21.00\",\"header\":\"Over\"},{\"goals\":\"4.5\",\"odds\":\"1.02\",\"header\":\"Under\"}],\"exact_2nd_half_goals\":[{\"opp\":\"0 Goals\",\"odds\":\"5.00\"},{\"opp\":\"1 Goal\",\"odds\":\"2.75\"},{\"opp\":\"2 Goals\",\"odds\":\"3.60\"},{\"opp\":\"3 Goals\",\"odds\":\"6.00\"},{\"opp\":\"4 Goals\",\"odds\":\"13.00\"},{\"opp\":\"5+ Goals\",\"odds\":\"21.00\"}],\"2nd_half_goals_odd_even\":[{\"opp\":\"Even\",\"odds\":\"1.83\"},{\"opp\":\"Odd\",\"odds\":\"1.83\"}]}},\"main\":{\"updated_at\":\"1532569861\",\"sp\":{\"full_time_result\":[{\"opp\":\"1\",\"odds\":\"1.17\"},{\"opp\":\"X\",\"odds\":\"7.00\"},{\"opp\":\"2\",\"odds\":\"11.00\"}],\"double_chance\":[{\"opp\":\"1X\",\"odds\":\"1.02\"},{\"opp\":\"X2\",\"odds\":\"4.50\"},{\"opp\":\"12\",\"odds\":\"1.08\"}],\"correct_score\":[{\"opp\":\"1-0\",\"odds\":\"5.50\",\"header\":\"Home\"},{\"opp\":\"0-0\",\"odds\":\"15.00\",\"header\":\"X\"},{\"opp\":\"1-0\",\"odds\":\"26.00\",\"header\":\"Away\"},{\"opp\":\"2-0\",\"odds\":\"6.00\",\"header\":\"Home\"},{\"opp\":\"1-1\",\"odds\":\"15.00\",\"header\":\"X\"},{\"opp\":\"2-0\",\"odds\":\"51.00\",\"header\":\"Away\"},{\"opp\":\"2-1\",\"odds\":\"8.00\",\"header\":\"Home\"},{\"opp\":\"2-2\",\"odds\":\"41.00\",\"header\":\"X\"},{\"opp\":\"2-1\",\"odds\":\"34.00\",\"header\":\"Away\"},{\"opp\":\"3-0\",\"odds\":\"7.00\",\"header\":\"Home\"},{\"opp\":\"3-3\",\"odds\":\"151.00\",\"header\":\"X\"},{\"opp\":\"3-1\",\"odds\":\"101.00\",\"header\":\"Away\"},{\"opp\":\"3-1\",\"odds\":\"13.00\",\"header\":\"Home\"},{\"opp\":\"3-2\",\"odds\":\"81.00\",\"header\":\"Away\"},{\"opp\":\"3-2\",\"odds\":\"34.00\",\"header\":\"Home\"},{\"opp\":\"4-0\",\"odds\":\"10.00\",\"header\":\"Home\"},{\"opp\":\"4-1\",\"odds\":\"21.00\",\"header\":\"Home\"},{\"opp\":\"4-2\",\"odds\":\"51.00\",\"header\":\"Home\"},{\"opp\":\"5-0\",\"odds\":\"19.00\",\"header\":\"Home\"},{\"opp\":\"5-1\",\"odds\":\"34.00\",\"header\":\"Home\"},{\"opp\":\"5-2\",\"odds\":\"81.00\",\"header\":\"Home\"},{\"opp\":\"6-0\",\"odds\":\"34.00\",\"header\":\"Home\"},{\"opp\":\"6-1\",\"odds\":\"51.00\",\"header\":\"Home\"},{\"opp\":\"6-2\",\"odds\":\"151.00\",\"header\":\"Home\"},{\"opp\":\"7-0\",\"odds\":\"67.00\",\"header\":\"Home\"},{\"opp\":\"7-1\",\"odds\":\"101.00\",\"header\":\"Home\"},{\"opp\":\"8-0\",\"odds\":\"151.00\",\"header\":\"Home\"},{\"opp\":\"4-3\",\"odds\":\"151.00\",\"header\":\"Home\"}],\"half_time_full_time\":[{\"opp\":\"RB Leipzig - RB Leipzig\",\"odds\":\"1.67\"},{\"opp\":\"RB Leipzig - Draw\",\"odds\":\"23.00\"},{\"opp\":\"RB Leipzig - BK Hacken\",\"odds\":\"67.00\"},{\"opp\":\"Draw - RB Leipzig\",\"odds\":\"3.75\"},{\"opp\":\"Draw - Draw\",\"odds\":\"9.50\"},{\"opp\":\"Draw - BK Hacken\",\"odds\":\"26.00\"},{\"opp\":\"BK Hacken - RB Leipzig\",\"odds\":\"21.00\"},{\"opp\":\"BK Hacken - Draw\",\"odds\":\"26.00\"},{\"opp\":\"BK Hacken - BK Hacken\",\"odds\":\"21.00\"}],\"goals_over_under\":[{\"goals\":\"2.5\",\"odds\":\"1.65\",\"header\":\"Over\"},{\"goals\":\"2.5\",\"odds\":\"2.20\",\"header\":\"Under\"}],\"both_teams_to_score\":[{\"opp\":\"Yes\",\"odds\":\"2.50\"},{\"opp\":\"No\",\"odds\":\"1.50\"}],\"asian_handicap\":[{\"opp\":\"-1.5, -2.0\",\"odds\":\"1.875\",\"header\":\"Home\"},{\"opp\":\"+1.5, +2.0\",\"odds\":\"1.925\",\"header\":\"Away\"}],\"goal_line\":[{\"goals\":\"3.0\",\"odds\":\"2.050\",\"header\":\"Over\"},{\"goals\":\"3.0\",\"odds\":\"1.750\",\"header\":\"Under\"}],\"alternative_asian_handicap\":[{\"opp\":\"-3.5, -4.0\",\"odds\":\"5.900\",\"header\":\"Home\"},{\"opp\":\"+3.5, +4.0\",\"odds\":\"1.130\",\"header\":\"Away\"},{\"opp\":\"-3.5\",\"odds\":\"4.650\",\"header\":\"Home\"},{\"opp\":\"+3.5\",\"odds\":\"1.180\",\"header\":\"Away\"},{\"opp\":\"-3.0, -3.5\",\"odds\":\"4.250\",\"header\":\"Home\"},{\"opp\":\"+3.0, +3.5\",\"odds\":\"1.210\",\"header\":\"Away\"},{\"opp\":\"-3.0\",\"odds\":\"3.900\",\"header\":\"Home\"},{\"opp\":\"+3.0\",\"odds\":\"1.240\",\"header\":\"Away\"},{\"opp\":\"-2.5, -3.0\",\"odds\":\"3.100\",\"header\":\"Home\"},{\"opp\":\"+2.5, +3.0\",\"odds\":\"1.350\",\"header\":\"Away\"},{\"opp\":\"-2.5\",\"odds\":\"2.600\",\"header\":\"Home\"},{\"opp\":\"+2.5\",\"odds\":\"1.475\",\"header\":\"Away\"},{\"opp\":\"-2.0, -2.5\",\"odds\":\"2.375\",\"header\":\"Home\"},{\"opp\":\"+2.0, +2.5\",\"odds\":\"1.550\",\"header\":\"Away\"},{\"opp\":\"-2.0\",\"odds\":\"2.100\",\"header\":\"Home\"},{\"opp\":\"+2.0\",\"odds\":\"1.700\",\"header\":\"Away\"},{\"opp\":\"-1.5\",\"odds\":\"1.700\",\"header\":\"Home\"},{\"opp\":\"+1.5\",\"odds\":\"2.100\",\"header\":\"Away\"},{\"opp\":\"-1.0, -1.5\",\"odds\":\"1.475\",\"header\":\"Home\"},{\"opp\":\"+1.0, +1.5\",\"odds\":\"2.600\",\"header\":\"Away\"},{\"opp\":\"-1.0\",\"odds\":\"1.250\",\"header\":\"Home\"},{\"opp\":\"+1.0\",\"odds\":\"3.800\",\"header\":\"Away\"},{\"opp\":\"-0.5, -1.0\",\"odds\":\"1.200\",\"header\":\"Home\"},{\"opp\":\"+0.5, +1.0\",\"odds\":\"4.400\",\"header\":\"Away\"},{\"opp\":\"-0.5\",\"odds\":\"1.160\",\"header\":\"Home\"},{\"opp\":\"+0.5\",\"odds\":\"5.250\",\"header\":\"Away\"},{\"opp\":\"0.0, -0.5\",\"odds\":\"1.105\",\"header\":\"Home\"},{\"opp\":\"0.0, +0.5\",\"odds\":\"6.800\",\"header\":\"Away\"}],\"alternative_goal_line\":[{\"goals\":\"1.0, 1.5\",\"odds\":\"1.130\",\"header\":\"Over\"},{\"goals\":\"1.0, 1.5\",\"odds\":\"5.900\",\"header\":\"Under\"},{\"goals\":\"1.5\",\"odds\":\"1.230\",\"header\":\"Over\"},{\"goals\":\"1.5\",\"odds\":\"4.000\",\"header\":\"Under\"},{\"goals\":\"1.5, 2.0\",\"odds\":\"1.260\",\"header\":\"Over\"},{\"goals\":\"1.5, 2.0\",\"odds\":\"3.700\",\"header\":\"Under\"},{\"goals\":\"2.0\",\"odds\":\"1.325\",\"header\":\"Over\"},{\"goals\":\"2.0\",\"odds\":\"3.300\",\"header\":\"Under\"},{\"goals\":\"2.0, 2.5\",\"odds\":\"1.475\",\"header\":\"Over\"},{\"goals\":\"2.0, 2.5\",\"odds\":\"2.600\",\"header\":\"Under\"},{\"goals\":\"2.5\",\"odds\":\"1.625\",\"header\":\"Over\"},{\"goals\":\"2.5\",\"odds\":\"2.250\",\"header\":\"Under\"},{\"goals\":\"2.5, 3.0\",\"odds\":\"1.775\",\"header\":\"Over\"},{\"goals\":\"2.5, 3.0\",\"odds\":\"2.025\",\"header\":\"Under\"},{\"goals\":\"3.0, 3.5\",\"odds\":\"2.350\",\"header\":\"Over\"},{\"goals\":\"3.0, 3.5\",\"odds\":\"1.575\",\"header\":\"Under\"},{\"goals\":\"3.5\",\"odds\":\"2.600\",\"header\":\"Over\"},{\"goals\":\"3.5\",\"odds\":\"1.475\",\"header\":\"Under\"},{\"goals\":\"3.5, 4.0\",\"odds\":\"3.100\",\"header\":\"Over\"},{\"goals\":\"3.5, 4.0\",\"odds\":\"1.350\",\"header\":\"Under\"},{\"goals\":\"4.0\",\"odds\":\"3.800\",\"header\":\"Over\"},{\"goals\":\"4.0\",\"odds\":\"1.250\",\"header\":\"Under\"},{\"goals\":\"4.0, 4.5\",\"odds\":\"4.150\",\"header\":\"Over\"},{\"goals\":\"4.0, 4.5\",\"odds\":\"1.220\",\"header\":\"Under\"},{\"goals\":\"4.5\",\"odds\":\"4.400\",\"header\":\"Over\"},{\"goals\":\"4.5\",\"odds\":\"1.200\",\"header\":\"Under\"},{\"goals\":\"4.5, 5.0\",\"odds\":\"5.750\",\"header\":\"Over\"},{\"goals\":\"4.5, 5.0\",\"odds\":\"1.140\",\"header\":\"Under\"}],\"draw_no_bet\":[{\"opp\":\"RB Leipzig\",\"odds\":\"1.05\"},{\"opp\":\"BK Hacken\",\"odds\":\"8.50\"}],\"result_both_teams_to_score\":[{\"name\":\"RB Leipzig\",\"odds\":\"3.25\",\"header\":\"Yes\"},{\"name\":\"RB Leipzig\",\"odds\":\"1.67\",\"header\":\"No\"},{\"name\":\"BK Hacken\",\"odds\":\"23.00\",\"header\":\"Yes\"},{\"name\":\"BK Hacken\",\"odds\":\"19.00\",\"header\":\"No\"},{\"name\":\"Draw\",\"odds\":\"11.00\",\"header\":\"Yes\"},{\"name\":\"Draw\",\"odds\":\"15.00\",\"header\":\"No\"}],\"handicap_result\":[{\"opp\":\"RB Leipzig (-2)\",\"odds\":\"2.60\"},{\"opp\":\"Tie - (BK Hacken +2)\",\"odds\":\"4.00\"},{\"opp\":\"BK Hacken (+2)\",\"odds\":\"2.05\"}],\"alternative_handicap_result\":[{\"opp\":\"-4.0\",\"odds\":\"8.50\",\"header\":\"Home\"},{\"opp\":\"+4.0\",\"odds\":\"7.50\",\"header\":\"Tie\"},{\"opp\":\"+4.0\",\"odds\":\"1.14\",\"header\":\"Away\"},{\"opp\":\"-3.0\",\"odds\":\"4.50\",\"header\":\"Home\"},{\"opp\":\"+3.0\",\"odds\":\"5.00\",\"header\":\"Tie\"},{\"opp\":\"+3.0\",\"odds\":\"1.44\",\"header\":\"Away\"},{\"opp\":\"-1.0\",\"odds\":\"1.67\",\"header\":\"Home\"},{\"opp\":\"+1.0\",\"odds\":\"3.40\",\"header\":\"Tie\"},{\"opp\":\"+1.0\",\"odds\":\"4.50\",\"header\":\"Away\"},{\"opp\":\"+1.0\",\"odds\":\"1.02\",\"header\":\"Home\"},{\"opp\":\"-1.0\",\"odds\":\"17.00\",\"header\":\"Tie\"},{\"opp\":\"-1.0\",\"odds\":\"21.00\",\"header\":\"Away\"}],\"winning_margin\":[{\"goals\":\" 1\",\"odds\":\"3.40\",\"header\":\"Home\"},{\"goals\":\" 1\",\"odds\":\"17.00\",\"header\":\"Away\"},{\"goals\":\" 2\",\"odds\":\"4.00\",\"header\":\"Home\"},{\"goals\":\" 2\",\"odds\":\"51.00\",\"header\":\"Away\"},{\"goals\":\" 3\",\"odds\":\"5.00\",\"header\":\"Home\"},{\"goals\":\" 3\",\"odds\":\"151.00\",\"header\":\"Away\"},{\"goals\":\" 4+\",\"odds\":\"4.50\",\"header\":\"Home\"},{\"goals\":\" 4+\",\"odds\":\"251.00\",\"header\":\"Away\"},{\"goals\":\"Score Draw\",\"odds\":\"11.00\",\"header\":\"Home\"},{\"goals\":\"No Goal\",\"odds\":\"15.00\",\"header\":\"Home\"}]}},\"schedule\":{\"updated_at\":\"1532570184\",\"sp\":{\"main\":[{\"odds\":\"1.17\"},{\"odds\":\"7.00\"},{\"odds\":\"11.00\"}]}},\"specials\":{\"updated_at\":\"1532570404\",\"sp\":{\"specials\":[{\"name\":\"To Win From Behind\",\"odds\":\"8.00\",\"header\":\"Home\"},{\"name\":\"To Win From Behind\",\"odds\":\"41.00\",\"header\":\"Away\"},{\"name\":\"To Win to Nil\",\"odds\":\"1.67\",\"header\":\"Home\"},{\"name\":\"To Win to Nil\",\"odds\":\"19.00\",\"header\":\"Away\"},{\"name\":\"To Win Either Half\",\"odds\":\"1.10\",\"header\":\"Home\"},{\"name\":\"To Win Either Half\",\"odds\":\"5.50\",\"header\":\"Away\"},{\"name\":\"To Win Both Halves\",\"odds\":\"2.25\",\"header\":\"Home\"},{\"name\":\"To Win Both Halves\",\"odds\":\"101.00\",\"header\":\"Away\"},{\"name\":\"To Score in Both Halves\",\"odds\":\"1.80\",\"header\":\"Home\"},{\"name\":\"To Score in Both Halves\",\"odds\":\"17.00\",\"header\":\"Away\"}],\"to_score_in_half\":[{\"name\":\"1st Half\",\"odds\":\"1.40\",\"header\":\"Yes\"},{\"name\":\"1st Half\",\"odds\":\"2.75\",\"header\":\"No\"},{\"name\":\"2nd Half\",\"odds\":\"1.25\",\"header\":\"Yes\"},{\"name\":\"2nd Half\",\"odds\":\"3.75\",\"header\":\"No\"},{\"name\":\"1st Half\",\"odds\":\"4.33\",\"header\":\"Yes\"},{\"name\":\"1st Half\",\"odds\":\"1.20\",\"header\":\"No\"},{\"name\":\"2nd Half\",\"odds\":\"3.75\",\"header\":\"Yes\"},{\"name\":\"2nd Half\",\"odds\":\"1.25\",\"header\":\"No\"}]}}}]}"}