{"odd":"{\"success\":1,\"results\":[{\"FI\":\"75406609\",\"event_id\":\"839612\",\"goals\":{\"updated_at\":\"1532570123\",\"sp\":{\"goals_over_under\":[{\"goals\":\"2.5\",\"odds\":\"2.00\",\"header\":\"Over\"},{\"goals\":\"2.5\",\"odds\":\"1.80\",\"header\":\"Under\"}],\"first_team_to_score\":[{\"opp\":\"Dnepr Smolensk\",\"odds\":\"2.00\"},{\"opp\":\"No Goals\",\"odds\":\"9.00\"},{\"opp\":\"FK Leningradets\",\"odds\":\"2.00\"}],\"home_team_highest_scoring_half\":[{\"opp\":\"Dnepr Smolensk - 1st Half\",\"odds\":\"3.75\"},{\"opp\":\"Dnepr Smolensk - 2nd Half\",\"odds\":\"2.60\"},{\"opp\":\"Dnepr Smolensk - Tie\",\"odds\":\"2.20\"}],\"away_team_highest_scoring_half\":[{\"opp\":\"FK Leningradets - 1st Half\",\"odds\":\"3.60\"},{\"opp\":\"FK Leningradets - 2nd Half\",\"odds\":\"2.50\"},{\"opp\":\"FK Leningradets - Tie\",\"odds\":\"2.38\"}],\"goals_odd_even\":[{\"opp\":\"Even\",\"odds\":\"1.90\"},{\"opp\":\"Odd\",\"odds\":\"1.95\"}],\"home_team_odd_even_goals\":[{\"opp\":\"Dnepr Smolensk - Even\",\"odds\":\"1.67\"},{\"opp\":\"Dnepr Smolensk - Odd\",\"odds\":\"2.10\"}],\"away_team_odd_even_goals\":[{\"opp\":\"FK Leningradets - Even\",\"odds\":\"1.73\"},{\"opp\":\"FK Leningradets - Odd\",\"odds\":\"2.00\"}],\"1st_half_goals_odd_even\":[{\"opp\":\"Odd\",\"odds\":\"2.20\"},{\"opp\":\"Even\",\"odds\":\"1.67\"}]}},\"half\":{\"updated_at\":\"1532570128\",\"sp\":{\"half_time_result\":[{\"opp\":\"1\",\"odds\":\"3.40\"},{\"opp\":\"X\",\"odds\":\"2.10\"},{\"opp\":\"2\",\"odds\":\"3.00\"}],\"half_time_double_chance\":[{\"opp\":\"1X\",\"odds\":\"1.36\"},{\"opp\":\"X2\",\"odds\":\"1.30\"},{\"opp\":\"12\",\"odds\":\"1.67\"}],\"half_time_correct_score\":[{\"opp\":\"1-0\",\"odds\":\"5.00\",\"header\":\"Home\"},{\"opp\":\"0-0\",\"odds\":\"2.62\",\"header\":\"X\"},{\"opp\":\"1-0\",\"odds\":\"4.50\",\"header\":\"Away\"},{\"opp\":\"2-0\",\"odds\":\"15.00\",\"header\":\"Home\"},{\"opp\":\"1-1\",\"odds\":\"9.50\",\"header\":\"X\"},{\"opp\":\"2-0\",\"odds\":\"12.00\",\"header\":\"Away\"},{\"opp\":\"2-1\",\"odds\":\"29.00\",\"header\":\"Home\"},{\"opp\":\"2-2\",\"odds\":\"67.00\",\"header\":\"X\"},{\"opp\":\"2-1\",\"odds\":\"29.00\",\"header\":\"Away\"},{\"opp\":\"3-0\",\"odds\":\"41.00\",\"header\":\"Home\"},{\"opp\":\"3-0\",\"odds\":\"41.00\",\"header\":\"Away\"},{\"opp\":\"3-1\",\"odds\":\"81.00\",\"header\":\"Home\"},{\"opp\":\"3-1\",\"odds\":\"67.00\",\"header\":\"Away\"},{\"opp\":\"4-0\",\"odds\":\"81.00\",\"header\":\"Away\"}],\"1st_half_goals_odd_even\":[{\"opp\":\"Odd\",\"odds\":\"2.20\"},{\"opp\":\"Even\",\"odds\":\"1.67\"}],\"home_team_highest_scoring_half\":[{\"opp\":\"Dnepr Smolensk - 1st Half\",\"odds\":\"3.75\"},{\"opp\":\"Dnepr Smolensk - 2nd Half\",\"odds\":\"2.60\"},{\"opp\":\"Dnepr Smolensk - Tie\",\"odds\":\"2.20\"}],\"away_team_highest_scoring_half\":[{\"opp\":\"FK Leningradets - 1st Half\",\"odds\":\"3.60\"},{\"opp\":\"FK Leningradets - 2nd Half\",\"odds\":\"2.50\"},{\"opp\":\"FK Leningradets - Tie\",\"odds\":\"2.38\"}],\"2nd_half_goals_odd_even\":[{\"opp\":\"Even\",\"odds\":\"1.73\"},{\"opp\":\"Odd\",\"odds\":\"2.00\"}]}},\"main\":{\"updated_at\":\"1532570457\",\"sp\":{\"full_time_result\":[{\"opp\":\"1\",\"odds\":\"2.75\"},{\"opp\":\"X\",\"odds\":\"3.25\"},{\"opp\":\"2\",\"odds\":\"2.25\"}],\"double_chance\":[{\"opp\":\"1X\",\"odds\":\"1.57\"},{\"opp\":\"X2\",\"odds\":\"1.40\"},{\"opp\":\"12\",\"odds\":\"1.33\"}],\"correct_score\":[{\"opp\":\"1-0\",\"odds\":\"9.00\",\"header\":\"Home\"},{\"opp\":\"0-0\",\"odds\":\"9.00\",\"header\":\"X\"},{\"opp\":\"1-0\",\"odds\":\"8.00\",\"header\":\"Away\"},{\"opp\":\"2-0\",\"odds\":\"13.00\",\"header\":\"Home\"},{\"opp\":\"1-1\",\"odds\":\"6.50\",\"header\":\"X\"},{\"opp\":\"2-0\",\"odds\":\"11.00\",\"header\":\"Away\"},{\"opp\":\"2-1\",\"odds\":\"12.00\",\"header\":\"Home\"},{\"opp\":\"2-2\",\"odds\":\"17.00\",\"header\":\"X\"},{\"opp\":\"2-1\",\"odds\":\"11.00\",\"header\":\"Away\"},{\"opp\":\"3-0\",\"odds\":\"26.00\",\"header\":\"Home\"},{\"opp\":\"3-3\",\"odds\":\"51.00\",\"header\":\"X\"},{\"opp\":\"3-0\",\"odds\":\"21.00\",\"header\":\"Away\"},{\"opp\":\"3-1\",\"odds\":\"23.00\",\"header\":\"Home\"},{\"opp\":\"3-1\",\"odds\":\"21.00\",\"header\":\"Away\"},{\"opp\":\"3-2\",\"odds\":\"34.00\",\"header\":\"Home\"},{\"opp\":\"3-2\",\"odds\":\"34.00\",\"header\":\"Away\"},{\"opp\":\"4-0\",\"odds\":\"51.00\",\"header\":\"Home\"},{\"opp\":\"4-0\",\"odds\":\"41.00\",\"header\":\"Away\"},{\"opp\":\"4-1\",\"odds\":\"51.00\",\"header\":\"Home\"},{\"opp\":\"4-1\",\"odds\":\"41.00\",\"header\":\"Away\"},{\"opp\":\"4-2\",\"odds\":\"67.00\",\"header\":\"Home\"},{\"opp\":\"4-2\",\"odds\":\"51.00\",\"header\":\"Away\"},{\"opp\":\"5-0\",\"odds\":\"67.00\",\"header\":\"Away\"},{\"opp\":\"5-1\",\"odds\":\"81.00\",\"header\":\"Away\"}],\"half_time_full_time\":[{\"opp\":\"Dnepr Smolensk - Dnepr Smolensk\",\"odds\":\"4.50\"},{\"opp\":\"Dnepr Smolensk - Draw\",\"odds\":\"15.00\"},{\"opp\":\"Dnepr Smolensk - FK Leningradets\",\"odds\":\"26.00\"},{\"opp\":\"Draw - Dnepr Smolensk\",\"odds\":\"6.50\"},{\"opp\":\"Draw - Draw\",\"odds\":\"5.50\"},{\"opp\":\"Draw - FK Leningradets\",\"odds\":\"5.50\"},{\"opp\":\"FK Leningradets - Dnepr Smolensk\",\"odds\":\"26.00\"},{\"opp\":\"FK Leningradets - Draw\",\"odds\":\"15.00\"},{\"opp\":\"FK Leningradets - FK Leningradets\",\"odds\":\"3.75\"}],\"goals_over_under\":[{\"goals\":\"2.5\",\"odds\":\"2.00\",\"header\":\"Over\"},{\"goals\":\"2.5\",\"odds\":\"1.80\",\"header\":\"Under\"}],\"draw_no_bet\":[{\"opp\":\"Dnepr Smolensk\",\"odds\":\"2.10\"},{\"opp\":\"FK Leningradets\",\"odds\":\"1.67\"}]}},\"schedule\":{\"updated_at\":\"1532570184\",\"sp\":{\"main\":[{\"odds\":\"2.75\"},{\"odds\":\"3.25\"},{\"odds\":\"2.25\"}]}}}]}"}