{"odd":"{\"success\":1,\"results\":[{\"FI\":\"75228389\",\"event_id\":\"829977\",\"asian_lines\":{\"updated_at\":\"1532570255\",\"sp\":{\"asian_total_corners\":[{\"goals\":\"10.5\",\"odds\":\"1.925\",\"header\":\"Over\"},{\"goals\":\"10.5\",\"odds\":\"1.875\",\"header\":\"Under\"}],\"1st_half_asian_corners\":[{\"goals\":\"5.0\",\"odds\":\"1.975\",\"header\":\"Over\"},{\"goals\":\"5.0\",\"odds\":\"1.825\",\"header\":\"Under\"}]}},\"corners\":{\"updated_at\":\"1532570272\",\"sp\":{\"corners\":[{\"opp\":\"Over 10\",\"odds\":\"1.83\"},{\"opp\":\"Exactly 10\",\"odds\":\"7.50\"},{\"opp\":\"Under 10\",\"odds\":\"2.38\"}],\"total_corners\":[{\"opp\":\"Under 6\",\"odds\":\"15.00\"},{\"opp\":\"6 - 8\",\"odds\":\"4.00\"},{\"opp\":\"9 - 11\",\"odds\":\"2.60\"},{\"opp\":\"12 - 14\",\"odds\":\"3.50\"},{\"opp\":\"Over 14\",\"odds\":\"6.50\"}],\"alternative_corners\":[{\"goals\":\"4\",\"odds\":\"1.02\",\"header\":\"Over\"},{\"goals\":\"4\",\"odds\":\"26.00\",\"header\":\"Exactly\"},{\"goals\":\"4\",\"odds\":\"41.00\",\"header\":\"Under\"},{\"goals\":\"5\",\"odds\":\"1.03\",\"header\":\"Over\"},{\"goals\":\"5\",\"odds\":\"19.00\",\"header\":\"Exactly\"},{\"goals\":\"5\",\"odds\":\"21.00\",\"header\":\"Under\"},{\"goals\":\"6\",\"odds\":\"1.07\",\"header\":\"Over\"},{\"goals\":\"6\",\"odds\":\"15.00\",\"header\":\"Exactly\"},{\"goals\":\"6\",\"odds\":\"13.00\",\"header\":\"Under\"},{\"goals\":\"7\",\"odds\":\"1.17\",\"header\":\"Over\"},{\"goals\":\"7\",\"odds\":\"10.00\",\"header\":\"Exactly\"},{\"goals\":\"7\",\"odds\":\"8.00\",\"header\":\"Under\"},{\"goals\":\"8\",\"odds\":\"1.33\",\"header\":\"Over\"},{\"goals\":\"8\",\"odds\":\"8.50\",\"header\":\"Exactly\"},{\"goals\":\"8\",\"odds\":\"4.75\",\"header\":\"Under\"},{\"goals\":\"9\",\"odds\":\"1.57\",\"header\":\"Over\"},{\"goals\":\"9\",\"odds\":\"8.00\",\"header\":\"Exactly\"},{\"goals\":\"9\",\"odds\":\"3.25\",\"header\":\"Under\"},{\"goals\":\"11\",\"odds\":\"2.40\",\"header\":\"Over\"},{\"goals\":\"11\",\"odds\":\"8.00\",\"header\":\"Exactly\"},{\"goals\":\"11\",\"odds\":\"1.83\",\"header\":\"Under\"},{\"goals\":\"12\",\"odds\":\"3.25\",\"header\":\"Over\"},{\"goals\":\"12\",\"odds\":\"8.50\",\"header\":\"Exactly\"},{\"goals\":\"12\",\"odds\":\"1.53\",\"header\":\"Under\"},{\"goals\":\"13\",\"odds\":\"4.50\",\"header\":\"Over\"},{\"goals\":\"13\",\"odds\":\"10.00\",\"header\":\"Exactly\"},{\"goals\":\"13\",\"odds\":\"1.30\",\"header\":\"Under\"},{\"goals\":\"14\",\"odds\":\"6.50\",\"header\":\"Over\"},{\"goals\":\"14\",\"odds\":\"12.00\",\"header\":\"Exactly\"},{\"goals\":\"14\",\"odds\":\"1.18\",\"header\":\"Under\"},{\"goals\":\"15\",\"odds\":\"10.00\",\"header\":\"Over\"},{\"goals\":\"15\",\"odds\":\"15.00\",\"header\":\"Exactly\"},{\"goals\":\"15\",\"odds\":\"1.10\",\"header\":\"Under\"},{\"goals\":\"16\",\"odds\":\"13.00\",\"header\":\"Over\"},{\"goals\":\"16\",\"odds\":\"19.00\",\"header\":\"Exactly\"},{\"goals\":\"16\",\"odds\":\"1.05\",\"header\":\"Under\"},{\"goals\":\"17\",\"odds\":\"19.00\",\"header\":\"Over\"},{\"goals\":\"17\",\"odds\":\"23.00\",\"header\":\"Exactly\"},{\"goals\":\"17\",\"odds\":\"1.03\",\"header\":\"Under\"},{\"goals\":\"18\",\"odds\":\"26.00\",\"header\":\"Over\"},{\"goals\":\"18\",\"odds\":\"29.00\",\"header\":\"Exactly\"},{\"goals\":\"18\",\"odds\":\"1.02\",\"header\":\"Under\"},{\"goals\":\"19\",\"odds\":\"34.00\",\"header\":\"Over\"},{\"goals\":\"19\",\"odds\":\"41.00\",\"header\":\"Exactly\"},{\"goals\":\"19\",\"odds\":\"1.01\",\"header\":\"Under\"}],\"corners_2_way\":[{\"opp\":\"Over 10.5\",\"odds\":\"1.83\"},{\"opp\":\"Under 10.5\",\"odds\":\"1.83\"}],\"first_half_corners\":[{\"opp\":\"5\",\"odds\":\"2.30\",\"header\":\"Over\"},{\"opp\":\"5\",\"odds\":\"5.50\",\"header\":\"Exactly\"},{\"opp\":\"5\",\"odds\":\"2.20\",\"header\":\"Under\"}],\"asian_total_corners\":[{\"goals\":\"10.5\",\"odds\":\"1.925\",\"header\":\"Over\"},{\"goals\":\"10.5\",\"odds\":\"1.875\",\"header\":\"Under\"}],\"1st_half_asian_corners\":[{\"goals\":\"5.0\",\"odds\":\"1.975\",\"header\":\"Over\"},{\"goals\":\"5.0\",\"odds\":\"1.825\",\"header\":\"Under\"}]}},\"goals\":{\"updated_at\":\"1532570287\",\"sp\":{\"goals_over_under\":[{\"goals\":\"2.5\",\"odds\":\"1.52\",\"header\":\"Over\"},{\"goals\":\"2.5\",\"odds\":\"2.42\",\"header\":\"Under\"}],\"first_team_to_score\":[{\"opp\":\"Fram Reykjavik\",\"odds\":\"1.91\"},{\"opp\":\"No Goals\",\"odds\":\"17.00\"},{\"opp\":\"Throttur Reykjavik\",\"odds\":\"1.91\"}],\"home_team_highest_scoring_half\":[{\"opp\":\"Fram Reykjavik - 1st Half\",\"odds\":\"3.40\"},{\"opp\":\"Fram Reykjavik - 2nd Half\",\"odds\":\"2.30\"},{\"opp\":\"Fram Reykjavik - Tie\",\"odds\":\"2.60\"}],\"away_team_highest_scoring_half\":[{\"opp\":\"Throttur Reykjavik - 1st Half\",\"odds\":\"3.40\"},{\"opp\":\"Throttur Reykjavik - 2nd Half\",\"odds\":\"2.30\"},{\"opp\":\"Throttur Reykjavik - Tie\",\"odds\":\"2.60\"}],\"goals_odd_even\":[{\"opp\":\"Even\",\"odds\":\"1.90\"},{\"opp\":\"Odd\",\"odds\":\"1.95\"}],\"home_team_odd_even_goals\":[{\"opp\":\"Fram Reykjavik - Even\",\"odds\":\"1.80\"},{\"opp\":\"Fram Reykjavik - Odd\",\"odds\":\"1.91\"}],\"away_team_odd_even_goals\":[{\"opp\":\"Throttur Reykjavik - Even\",\"odds\":\"1.80\"},{\"opp\":\"Throttur Reykjavik - Odd\",\"odds\":\"1.91\"}],\"1st_half_goals_odd_even\":[{\"opp\":\"Odd\",\"odds\":\"2.10\"},{\"opp\":\"Even\",\"odds\":\"1.73\"}]}},\"half\":{\"updated_at\":\"1532570299\",\"sp\":{\"half_time_result\":[{\"opp\":\"1\",\"odds\":\"2.88\"},{\"opp\":\"X\",\"odds\":\"2.40\"},{\"opp\":\"2\",\"odds\":\"2.88\"}],\"half_time_double_chance\":[{\"opp\":\"1X\",\"odds\":\"1.40\"},{\"opp\":\"X2\",\"odds\":\"1.40\"},{\"opp\":\"12\",\"odds\":\"1.53\"}],\"half_time_correct_score\":[{\"opp\":\"1-0\",\"odds\":\"5.00\",\"header\":\"Home\"},{\"opp\":\"0-0\",\"odds\":\"3.40\",\"header\":\"X\"},{\"opp\":\"1-0\",\"odds\":\"5.00\",\"header\":\"Away\"},{\"opp\":\"2-0\",\"odds\":\"12.00\",\"header\":\"Home\"},{\"opp\":\"1-1\",\"odds\":\"8.00\",\"header\":\"X\"},{\"opp\":\"2-0\",\"odds\":\"12.00\",\"header\":\"Away\"},{\"opp\":\"2-1\",\"odds\":\"21.00\",\"header\":\"Home\"},{\"opp\":\"2-2\",\"odds\":\"41.00\",\"header\":\"X\"},{\"opp\":\"2-1\",\"odds\":\"21.00\",\"header\":\"Away\"},{\"opp\":\"3-0\",\"odds\":\"34.00\",\"header\":\"Home\"},{\"opp\":\"3-0\",\"odds\":\"34.00\",\"header\":\"Away\"},{\"opp\":\"3-1\",\"odds\":\"51.00\",\"header\":\"Home\"},{\"opp\":\"3-1\",\"odds\":\"51.00\",\"header\":\"Away\"},{\"opp\":\"4-0\",\"odds\":\"81.00\",\"header\":\"Home\"},{\"opp\":\"4-0\",\"odds\":\"81.00\",\"header\":\"Away\"}],\"first_half_corners\":[{\"opp\":\"5\",\"odds\":\"2.30\",\"header\":\"Over\"},{\"opp\":\"5\",\"odds\":\"5.50\",\"header\":\"Exactly\"},{\"opp\":\"5\",\"odds\":\"2.20\",\"header\":\"Under\"}],\"1st_half_asian_corners\":[{\"goals\":\"5.0\",\"odds\":\"1.975\",\"header\":\"Over\"},{\"goals\":\"5.0\",\"odds\":\"1.825\",\"header\":\"Under\"}],\"1st_half_goals_odd_even\":[{\"opp\":\"Odd\",\"odds\":\"2.10\"},{\"opp\":\"Even\",\"odds\":\"1.73\"}],\"home_team_highest_scoring_half\":[{\"opp\":\"Fram Reykjavik - 1st Half\",\"odds\":\"3.40\"},{\"opp\":\"Fram Reykjavik - 2nd Half\",\"odds\":\"2.30\"},{\"opp\":\"Fram Reykjavik - Tie\",\"odds\":\"2.60\"}],\"away_team_highest_scoring_half\":[{\"opp\":\"Throttur Reykjavik - 1st Half\",\"odds\":\"3.40\"},{\"opp\":\"Throttur Reykjavik - 2nd Half\",\"odds\":\"2.30\"},{\"opp\":\"Throttur Reykjavik - Tie\",\"odds\":\"2.60\"}],\"2nd_half_goals_odd_even\":[{\"opp\":\"Even\",\"odds\":\"1.80\"},{\"opp\":\"Odd\",\"odds\":\"1.91\"}]}},\"main\":{\"updated_at\":\"1532570236\",\"sp\":{\"full_time_result\":[{\"opp\":\"1\",\"odds\":\"2.40\"},{\"opp\":\"X\",\"odds\":\"3.60\"},{\"opp\":\"2\",\"odds\":\"2.40\"}],\"double_chance\":[{\"opp\":\"1X\",\"odds\":\"1.53\"},{\"opp\":\"X2\",\"odds\":\"1.53\"},{\"opp\":\"12\",\"odds\":\"1.29\"}],\"correct_score\":[{\"opp\":\"1-0\",\"odds\":\"13.00\",\"header\":\"Home\"},{\"opp\":\"0-0\",\"odds\":\"17.00\",\"header\":\"X\"},{\"opp\":\"1-0\",\"odds\":\"13.00\",\"header\":\"Away\"},{\"opp\":\"2-0\",\"odds\":\"15.00\",\"header\":\"Home\"},{\"opp\":\"1-1\",\"odds\":\"7.50\",\"header\":\"X\"},{\"opp\":\"2-0\",\"odds\":\"15.00\",\"header\":\"Away\"},{\"opp\":\"2-1\",\"odds\":\"11.00\",\"header\":\"Home\"},{\"opp\":\"2-2\",\"odds\":\"12.00\",\"header\":\"X\"},{\"opp\":\"2-1\",\"odds\":\"11.00\",\"header\":\"Away\"},{\"opp\":\"3-0\",\"odds\":\"23.00\",\"header\":\"Home\"},{\"opp\":\"3-3\",\"odds\":\"34.00\",\"header\":\"X\"},{\"opp\":\"3-0\",\"odds\":\"23.00\",\"header\":\"Away\"},{\"opp\":\"3-1\",\"odds\":\"19.00\",\"header\":\"Home\"},{\"opp\":\"3-1\",\"odds\":\"19.00\",\"header\":\"Away\"},{\"opp\":\"3-2\",\"odds\":\"23.00\",\"header\":\"Home\"},{\"opp\":\"3-2\",\"odds\":\"23.00\",\"header\":\"Away\"},{\"opp\":\"4-0\",\"odds\":\"41.00\",\"header\":\"Home\"},{\"opp\":\"4-0\",\"odds\":\"41.00\",\"header\":\"Away\"},{\"opp\":\"4-1\",\"odds\":\"34.00\",\"header\":\"Home\"},{\"opp\":\"4-1\",\"odds\":\"34.00\",\"header\":\"Away\"},{\"opp\":\"4-2\",\"odds\":\"41.00\",\"header\":\"Home\"},{\"opp\":\"4-2\",\"odds\":\"41.00\",\"header\":\"Away\"},{\"opp\":\"5-0\",\"odds\":\"67.00\",\"header\":\"Home\"},{\"opp\":\"5-0\",\"odds\":\"67.00\",\"header\":\"Away\"},{\"opp\":\"5-1\",\"odds\":\"51.00\",\"header\":\"Home\"},{\"opp\":\"5-1\",\"odds\":\"51.00\",\"header\":\"Away\"},{\"opp\":\"4-3\",\"odds\":\"67.00\",\"header\":\"Home\"},{\"opp\":\"5-2\",\"odds\":\"81.00\",\"header\":\"Away\"},{\"opp\":\"5-2\",\"odds\":\"81.00\",\"header\":\"Home\"},{\"opp\":\"4-3\",\"odds\":\"67.00\",\"header\":\"Away\"}],\"half_time_full_time\":[{\"opp\":\"Fram Reykjavik - Fram Reykjavik\",\"odds\":\"4.00\"},{\"opp\":\"Fram Reykjavik - Draw\",\"odds\":\"13.00\"},{\"opp\":\"Fram Reykjavik - Throttur Reykjavik\",\"odds\":\"21.00\"},{\"opp\":\"Draw - Fram Reykjavik\",\"odds\":\"6.50\"},{\"opp\":\"Draw - Draw\",\"odds\":\"7.00\"},{\"opp\":\"Draw - Throttur Reykjavik\",\"odds\":\"6.50\"},{\"opp\":\"Throttur Reykjavik - Fram Reykjavik\",\"odds\":\"21.00\"},{\"opp\":\"Throttur Reykjavik - Draw\",\"odds\":\"15.00\"},{\"opp\":\"Throttur Reykjavik - Throttur Reykjavik\",\"odds\":\"4.00\"}],\"goals_over_under\":[{\"goals\":\"2.5\",\"odds\":\"1.52\",\"header\":\"Over\"},{\"goals\":\"2.5\",\"odds\":\"2.42\",\"header\":\"Under\"}],\"draw_no_bet\":[{\"opp\":\"Fram Reykjavik\",\"odds\":\"1.83\"},{\"opp\":\"Throttur Reykjavik\",\"odds\":\"1.83\"}]}},\"schedule\":{\"updated_at\":\"1532570570\",\"sp\":{\"main\":[{\"odds\":\"2.40\"},{\"odds\":\"3.60\"},{\"odds\":\"2.40\"}]}}}]}"}