{"odd":"{\"success\":1,\"results\":[{\"FI\":\"75382663\",\"event_id\":\"829339\",\"goals\":{\"updated_at\":\"1532569961\",\"sp\":{\"goals_over_under\":[{\"goals\":\"2.5\",\"odds\":\"1.30\",\"header\":\"Over\"},{\"goals\":\"2.5\",\"odds\":\"3.45\",\"header\":\"Under\"}],\"first_team_to_score\":[{\"opp\":\"Dukla Praha U21\",\"odds\":\"2.20\"},{\"opp\":\"No Goals\",\"odds\":\"29.00\"},{\"opp\":\"Hradec Kralove U21\",\"odds\":\"1.62\"}],\"home_team_highest_scoring_half\":[{\"opp\":\"Dukla Praha U21 - 1st Half\",\"odds\":\"3.40\"},{\"opp\":\"Dukla Praha U21 - 2nd Half\",\"odds\":\"2.38\"},{\"opp\":\"Dukla Praha U21 - Tie\",\"odds\":\"2.50\"}],\"away_team_highest_scoring_half\":[{\"opp\":\"Hradec Kralove U21 - 1st Half\",\"odds\":\"3.10\"},{\"opp\":\"Hradec Kralove U21 - 2nd Half\",\"odds\":\"2.05\"},{\"opp\":\"Hradec Kralove U21 - Tie\",\"odds\":\"3.25\"}],\"goals_odd_even\":[{\"opp\":\"Even\",\"odds\":\"1.90\"},{\"opp\":\"Odd\",\"odds\":\"1.95\"}],\"home_team_odd_even_goals\":[{\"opp\":\"Dukla Praha U21 - Even\",\"odds\":\"1.73\"},{\"opp\":\"Dukla Praha U21 - Odd\",\"odds\":\"2.00\"}],\"away_team_odd_even_goals\":[{\"opp\":\"Hradec Kralove U21 - Even\",\"odds\":\"1.83\"},{\"opp\":\"Hradec Kralove U21 - Odd\",\"odds\":\"1.83\"}],\"1st_half_goals_odd_even\":[{\"opp\":\"Odd\",\"odds\":\"2.00\"},{\"opp\":\"Even\",\"odds\":\"1.80\"}]}},\"half\":{\"updated_at\":\"1532569951\",\"sp\":{\"half_time_result\":[{\"opp\":\"1\",\"odds\":\"3.60\"},{\"opp\":\"X\",\"odds\":\"2.75\"},{\"opp\":\"2\",\"odds\":\"2.10\"}],\"half_time_double_chance\":[{\"opp\":\"1X\",\"odds\":\"1.67\"},{\"opp\":\"X2\",\"odds\":\"1.29\"},{\"opp\":\"12\",\"odds\":\"1.40\"}],\"half_time_correct_score\":[{\"opp\":\"1-0\",\"odds\":\"7.00\",\"header\":\"Home\"},{\"opp\":\"0-0\",\"odds\":\"4.33\",\"header\":\"X\"},{\"opp\":\"1-0\",\"odds\":\"4.75\",\"header\":\"Away\"},{\"opp\":\"2-0\",\"odds\":\"17.00\",\"header\":\"Home\"},{\"opp\":\"1-1\",\"odds\":\"7.50\",\"header\":\"X\"},{\"opp\":\"2-0\",\"odds\":\"8.00\",\"header\":\"Away\"},{\"opp\":\"2-1\",\"odds\":\"21.00\",\"header\":\"Home\"},{\"opp\":\"2-2\",\"odds\":\"41.00\",\"header\":\"X\"},{\"opp\":\"2-1\",\"odds\":\"15.00\",\"header\":\"Away\"},{\"opp\":\"3-0\",\"odds\":\"41.00\",\"header\":\"Home\"},{\"opp\":\"3-0\",\"odds\":\"19.00\",\"header\":\"Away\"},{\"opp\":\"3-1\",\"odds\":\"51.00\",\"header\":\"Home\"},{\"opp\":\"3-1\",\"odds\":\"34.00\",\"header\":\"Away\"},{\"opp\":\"3-2\",\"odds\":\"81.00\",\"header\":\"Home\"},{\"opp\":\"3-2\",\"odds\":\"67.00\",\"header\":\"Away\"},{\"opp\":\"4-0\",\"odds\":\"41.00\",\"header\":\"Away\"},{\"opp\":\"4-1\",\"odds\":\"67.00\",\"header\":\"Away\"}],\"1st_half_goals_odd_even\":[{\"opp\":\"Odd\",\"odds\":\"2.00\"},{\"opp\":\"Even\",\"odds\":\"1.80\"}],\"home_team_highest_scoring_half\":[{\"opp\":\"Dukla Praha U21 - 1st Half\",\"odds\":\"3.40\"},{\"opp\":\"Dukla Praha U21 - 2nd Half\",\"odds\":\"2.38\"},{\"opp\":\"Dukla Praha U21 - Tie\",\"odds\":\"2.50\"}],\"away_team_highest_scoring_half\":[{\"opp\":\"Hradec Kralove U21 - 1st Half\",\"odds\":\"3.10\"},{\"opp\":\"Hradec Kralove U21 - 2nd Half\",\"odds\":\"2.05\"},{\"opp\":\"Hradec Kralove U21 - Tie\",\"odds\":\"3.25\"}],\"2nd_half_goals_odd_even\":[{\"opp\":\"Even\",\"odds\":\"1.83\"},{\"opp\":\"Odd\",\"odds\":\"1.83\"}]}},\"main\":{\"updated_at\":\"1532569943\",\"sp\":{\"full_time_result\":[{\"opp\":\"1\",\"odds\":\"3.60\"},{\"opp\":\"X\",\"odds\":\"4.20\"},{\"opp\":\"2\",\"odds\":\"1.67\"}],\"double_chance\":[{\"opp\":\"1X\",\"odds\":\"2.10\"},{\"opp\":\"X2\",\"odds\":\"1.29\"},{\"opp\":\"12\",\"odds\":\"1.22\"}],\"correct_score\":[{\"opp\":\"1-0\",\"odds\":\"23.00\",\"header\":\"Home\"},{\"opp\":\"0-0\",\"odds\":\"29.00\",\"header\":\"X\"},{\"opp\":\"1-0\",\"odds\":\"15.00\",\"header\":\"Away\"},{\"opp\":\"2-0\",\"odds\":\"29.00\",\"header\":\"Home\"},{\"opp\":\"1-1\",\"odds\":\"10.00\",\"header\":\"X\"},{\"opp\":\"2-0\",\"odds\":\"13.00\",\"header\":\"Away\"},{\"opp\":\"2-1\",\"odds\":\"15.00\",\"header\":\"Home\"},{\"opp\":\"2-2\",\"odds\":\"12.00\",\"header\":\"X\"},{\"opp\":\"2-1\",\"odds\":\"10.00\",\"header\":\"Away\"},{\"opp\":\"3-0\",\"odds\":\"41.00\",\"header\":\"Home\"},{\"opp\":\"3-3\",\"odds\":\"26.00\",\"header\":\"X\"},{\"opp\":\"3-0\",\"odds\":\"17.00\",\"header\":\"Away\"},{\"opp\":\"3-1\",\"odds\":\"26.00\",\"header\":\"Home\"},{\"opp\":\"4-4\",\"odds\":\"67.00\",\"header\":\"X\"},{\"opp\":\"3-1\",\"odds\":\"13.00\",\"header\":\"Away\"},{\"opp\":\"3-2\",\"odds\":\"23.00\",\"header\":\"Home\"},{\"opp\":\"3-2\",\"odds\":\"17.00\",\"header\":\"Away\"},{\"opp\":\"4-0\",\"odds\":\"67.00\",\"header\":\"Home\"},{\"opp\":\"4-0\",\"odds\":\"23.00\",\"header\":\"Away\"},{\"opp\":\"4-1\",\"odds\":\"41.00\",\"header\":\"Home\"},{\"opp\":\"4-1\",\"odds\":\"19.00\",\"header\":\"Away\"},{\"opp\":\"4-2\",\"odds\":\"41.00\",\"header\":\"Home\"},{\"opp\":\"4-2\",\"odds\":\"26.00\",\"header\":\"Away\"},{\"opp\":\"5-1\",\"odds\":\"81.00\",\"header\":\"Home\"},{\"opp\":\"5-0\",\"odds\":\"41.00\",\"header\":\"Away\"},{\"opp\":\"4-3\",\"odds\":\"51.00\",\"header\":\"Home\"},{\"opp\":\"5-1\",\"odds\":\"34.00\",\"header\":\"Away\"},{\"opp\":\"5-2\",\"odds\":\"81.00\",\"header\":\"Home\"},{\"opp\":\"5-2\",\"odds\":\"41.00\",\"header\":\"Away\"},{\"opp\":\"4-3\",\"odds\":\"41.00\",\"header\":\"Away\"},{\"opp\":\"5-3\",\"odds\":\"67.00\",\"header\":\"Away\"},{\"opp\":\"6-0\",\"odds\":\"51.00\",\"header\":\"Away\"},{\"opp\":\"6-1\",\"odds\":\"51.00\",\"header\":\"Away\"},{\"opp\":\"6-2\",\"odds\":\"67.00\",\"header\":\"Away\"}],\"half_time_full_time\":[{\"opp\":\"Dukla Praha U21 - Dukla Praha U21\",\"odds\":\"6.00\"},{\"opp\":\"Dukla Praha U21 - Draw\",\"odds\":\"15.00\"},{\"opp\":\"Dukla Praha U21 - Hradec Kralove U21\",\"odds\":\"15.00\"},{\"opp\":\"Draw - Dukla Praha U21\",\"odds\":\"9.50\"},{\"opp\":\"Draw - Draw\",\"odds\":\"9.00\"},{\"opp\":\"Draw - Hradec Kralove U21\",\"odds\":\"5.50\"},{\"opp\":\"Hradec Kralove U21 - Dukla Praha U21\",\"odds\":\"23.00\"},{\"opp\":\"Hradec Kralove U21 - Draw\",\"odds\":\"15.00\"},{\"opp\":\"Hradec Kralove U21 - Hradec Kralove U21\",\"odds\":\"2.60\"}],\"goals_over_under\":[{\"goals\":\"2.5\",\"odds\":\"1.30\",\"header\":\"Over\"},{\"goals\":\"2.5\",\"odds\":\"3.45\",\"header\":\"Under\"}],\"draw_no_bet\":[{\"opp\":\"Dukla Praha U21\",\"odds\":\"3.00\"},{\"opp\":\"Hradec Kralove U21\",\"odds\":\"1.36\"}]}},\"schedule\":{\"updated_at\":\"1532570184\",\"sp\":{\"main\":[{\"odds\":\"3.60\"},{\"odds\":\"4.20\"},{\"odds\":\"1.67\"}]}}}]}"}