{"odd":"{\"success\":1,\"results\":[{\"FI\":\"75386397\",\"event_id\":\"847560\",\"goals\":{\"updated_at\":\"1532570374\",\"sp\":{\"goals_over_under\":[{\"goals\":\"2.5\",\"odds\":\"1.80\",\"header\":\"Over\"},{\"goals\":\"2.5\",\"odds\":\"2.00\",\"header\":\"Under\"}],\"first_team_to_score\":[{\"opp\":\"NK Varazdin\",\"odds\":\"1.80\"},{\"opp\":\"No Goals\",\"odds\":\"12.00\"},{\"opp\":\"Al Ain SCC\",\"odds\":\"2.10\"}],\"home_team_highest_scoring_half\":[{\"opp\":\"NK Varazdin - 1st Half\",\"odds\":\"3.50\"},{\"opp\":\"NK Varazdin - 2nd Half\",\"odds\":\"2.38\"},{\"opp\":\"NK Varazdin - Tie\",\"odds\":\"2.50\"}],\"away_team_highest_scoring_half\":[{\"opp\":\"Al Ain SCC - 1st Half\",\"odds\":\"3.60\"},{\"opp\":\"Al Ain SCC - 2nd Half\",\"odds\":\"2.50\"},{\"opp\":\"Al Ain SCC - Tie\",\"odds\":\"2.30\"}],\"goals_odd_even\":[{\"opp\":\"Even\",\"odds\":\"1.90\"},{\"opp\":\"Odd\",\"odds\":\"1.95\"}],\"home_team_odd_even_goals\":[{\"opp\":\"NK Varazdin - Even\",\"odds\":\"1.80\"},{\"opp\":\"NK Varazdin - Odd\",\"odds\":\"1.91\"}],\"away_team_odd_even_goals\":[{\"opp\":\"Al Ain SCC - Even\",\"odds\":\"1.73\"},{\"opp\":\"Al Ain SCC - Odd\",\"odds\":\"2.00\"}],\"1st_half_goals_odd_even\":[{\"opp\":\"Odd\",\"odds\":\"2.10\"},{\"opp\":\"Even\",\"odds\":\"1.73\"}]}},\"half\":{\"updated_at\":\"1532570390\",\"sp\":{\"half_time_result\":[{\"opp\":\"1\",\"odds\":\"2.88\"},{\"opp\":\"X\",\"odds\":\"2.20\"},{\"opp\":\"2\",\"odds\":\"3.25\"}],\"half_time_double_chance\":[{\"opp\":\"1X\",\"odds\":\"1.33\"},{\"opp\":\"X2\",\"odds\":\"1.40\"},{\"opp\":\"12\",\"odds\":\"1.62\"}],\"half_time_correct_score\":[{\"opp\":\"1-0\",\"odds\":\"4.50\",\"header\":\"Home\"},{\"opp\":\"0-0\",\"odds\":\"3.00\",\"header\":\"X\"},{\"opp\":\"1-0\",\"odds\":\"5.00\",\"header\":\"Away\"},{\"opp\":\"2-0\",\"odds\":\"13.00\",\"header\":\"Home\"},{\"opp\":\"1-1\",\"odds\":\"7.50\",\"header\":\"X\"},{\"opp\":\"2-0\",\"odds\":\"15.00\",\"header\":\"Away\"},{\"opp\":\"2-1\",\"odds\":\"23.00\",\"header\":\"Home\"},{\"opp\":\"2-2\",\"odds\":\"51.00\",\"header\":\"X\"},{\"opp\":\"2-1\",\"odds\":\"23.00\",\"header\":\"Away\"},{\"opp\":\"3-0\",\"odds\":\"41.00\",\"header\":\"Home\"},{\"opp\":\"3-0\",\"odds\":\"51.00\",\"header\":\"Away\"},{\"opp\":\"3-1\",\"odds\":\"51.00\",\"header\":\"Home\"},{\"opp\":\"3-1\",\"odds\":\"67.00\",\"header\":\"Away\"},{\"opp\":\"3-2\",\"odds\":\"151.00\",\"header\":\"Home\"},{\"opp\":\"3-2\",\"odds\":\"151.00\",\"header\":\"Away\"},{\"opp\":\"4-0\",\"odds\":\"126.00\",\"header\":\"Home\"},{\"opp\":\"4-0\",\"odds\":\"151.00\",\"header\":\"Away\"}],\"1st_half_goals_odd_even\":[{\"opp\":\"Odd\",\"odds\":\"2.10\"},{\"opp\":\"Even\",\"odds\":\"1.73\"}],\"home_team_highest_scoring_half\":[{\"opp\":\"NK Varazdin - 1st Half\",\"odds\":\"3.50\"},{\"opp\":\"NK Varazdin - 2nd Half\",\"odds\":\"2.38\"},{\"opp\":\"NK Varazdin - Tie\",\"odds\":\"2.50\"}],\"away_team_highest_scoring_half\":[{\"opp\":\"Al Ain SCC - 1st Half\",\"odds\":\"3.60\"},{\"opp\":\"Al Ain SCC - 2nd Half\",\"odds\":\"2.50\"},{\"opp\":\"Al Ain SCC - Tie\",\"odds\":\"2.30\"}],\"2nd_half_goals_odd_even\":[{\"opp\":\"Even\",\"odds\":\"1.80\"},{\"opp\":\"Odd\",\"odds\":\"1.91\"}]}},\"main\":{\"updated_at\":\"1532570354\",\"sp\":{\"full_time_result\":[{\"opp\":\"1\",\"odds\":\"2.25\"},{\"opp\":\"X\",\"odds\":\"3.25\"},{\"opp\":\"2\",\"odds\":\"2.75\"}],\"double_chance\":[{\"opp\":\"1X\",\"odds\":\"1.40\"},{\"opp\":\"X2\",\"odds\":\"1.57\"},{\"opp\":\"12\",\"odds\":\"1.33\"}],\"correct_score\":[{\"opp\":\"1-0\",\"odds\":\"9.00\",\"header\":\"Home\"},{\"opp\":\"0-0\",\"odds\":\"12.00\",\"header\":\"X\"},{\"opp\":\"1-0\",\"odds\":\"10.00\",\"header\":\"Away\"},{\"opp\":\"2-0\",\"odds\":\"12.00\",\"header\":\"Home\"},{\"opp\":\"1-1\",\"odds\":\"6.50\",\"header\":\"X\"},{\"opp\":\"2-0\",\"odds\":\"15.00\",\"header\":\"Away\"},{\"opp\":\"2-1\",\"odds\":\"9.50\",\"header\":\"Home\"},{\"opp\":\"2-2\",\"odds\":\"13.00\",\"header\":\"X\"},{\"opp\":\"2-1\",\"odds\":\"11.00\",\"header\":\"Away\"},{\"opp\":\"3-0\",\"odds\":\"21.00\",\"header\":\"Home\"},{\"opp\":\"3-3\",\"odds\":\"41.00\",\"header\":\"X\"},{\"opp\":\"3-0\",\"odds\":\"29.00\",\"header\":\"Away\"},{\"opp\":\"3-1\",\"odds\":\"19.00\",\"header\":\"Home\"},{\"opp\":\"3-1\",\"odds\":\"21.00\",\"header\":\"Away\"},{\"opp\":\"3-2\",\"odds\":\"26.00\",\"header\":\"Home\"},{\"opp\":\"3-2\",\"odds\":\"29.00\",\"header\":\"Away\"},{\"opp\":\"4-0\",\"odds\":\"41.00\",\"header\":\"Home\"},{\"opp\":\"4-0\",\"odds\":\"51.00\",\"header\":\"Away\"},{\"opp\":\"4-1\",\"odds\":\"41.00\",\"header\":\"Home\"},{\"opp\":\"4-1\",\"odds\":\"41.00\",\"header\":\"Away\"},{\"opp\":\"4-2\",\"odds\":\"51.00\",\"header\":\"Home\"},{\"opp\":\"4-2\",\"odds\":\"51.00\",\"header\":\"Away\"},{\"opp\":\"4-3\",\"odds\":\"81.00\",\"header\":\"Home\"},{\"opp\":\"4-3\",\"odds\":\"101.00\",\"header\":\"Away\"},{\"opp\":\"5-0\",\"odds\":\"81.00\",\"header\":\"Home\"},{\"opp\":\"5-0\",\"odds\":\"151.00\",\"header\":\"Away\"},{\"opp\":\"5-1\",\"odds\":\"81.00\",\"header\":\"Home\"},{\"opp\":\"5-1\",\"odds\":\"101.00\",\"header\":\"Away\"},{\"opp\":\"5-2\",\"odds\":\"101.00\",\"header\":\"Home\"},{\"opp\":\"5-2\",\"odds\":\"151.00\",\"header\":\"Away\"}],\"half_time_full_time\":[{\"opp\":\"NK Varazdin - NK Varazdin\",\"odds\":\"3.75\"},{\"opp\":\"NK Varazdin - Draw\",\"odds\":\"15.00\"},{\"opp\":\"NK Varazdin - Al Ain SCC\",\"odds\":\"26.00\"},{\"opp\":\"Draw - NK Varazdin\",\"odds\":\"6.00\"},{\"opp\":\"Draw - Draw\",\"odds\":\"5.50\"},{\"opp\":\"Draw - Al Ain SCC\",\"odds\":\"6.50\"},{\"opp\":\"Al Ain SCC - NK Varazdin\",\"odds\":\"26.00\"},{\"opp\":\"Al Ain SCC - Draw\",\"odds\":\"15.00\"},{\"opp\":\"Al Ain SCC - Al Ain SCC\",\"odds\":\"4.50\"}],\"goals_over_under\":[{\"goals\":\"2.5\",\"odds\":\"1.80\",\"header\":\"Over\"},{\"goals\":\"2.5\",\"odds\":\"2.00\",\"header\":\"Under\"}],\"draw_no_bet\":[{\"opp\":\"NK Varazdin\",\"odds\":\"1.67\"},{\"opp\":\"Al Ain SCC\",\"odds\":\"2.10\"}]}},\"schedule\":{\"updated_at\":\"1532570184\",\"sp\":{\"main\":[{\"odds\":\"2.25\"},{\"odds\":\"3.25\"},{\"odds\":\"2.75\"}]}}}]}"}