{"odd":"{\"success\":1,\"results\":[{\"FI\":\"75362700\",\"event_id\":\"780859\",\"asian_lines\":{\"updated_at\":\"1532570535\",\"sp\":{\"asian_handicap\":[{\"opp\":\"-1.5\",\"odds\":\"2.025\",\"header\":\"Home\"},{\"opp\":\"+1.5\",\"odds\":\"1.825\",\"header\":\"Away\"}],\"goal_line\":[{\"goals\":\"2.0, 2.5\",\"odds\":\"1.825\",\"header\":\"Over\"},{\"goals\":\"2.0, 2.5\",\"odds\":\"2.025\",\"header\":\"Under\"}],\"alternative_asian_handicap\":[{\"opp\":\"-3.5\",\"odds\":\"7.000\",\"header\":\"Home\"},{\"opp\":\"+3.5\",\"odds\":\"1.100\",\"header\":\"Away\"},{\"opp\":\"-3.0, -3.5\",\"odds\":\"6.600\",\"header\":\"Home\"},{\"opp\":\"+3.0, +3.5\",\"odds\":\"1.110\",\"header\":\"Away\"},{\"opp\":\"-3.0\",\"odds\":\"6.250\",\"header\":\"Home\"},{\"opp\":\"+3.0\",\"odds\":\"1.120\",\"header\":\"Away\"},{\"opp\":\"-2.5, -3.0\",\"odds\":\"4.250\",\"header\":\"Home\"},{\"opp\":\"+2.5, +3.0\",\"odds\":\"1.210\",\"header\":\"Away\"},{\"opp\":\"-2.5\",\"odds\":\"3.450\",\"header\":\"Home\"},{\"opp\":\"+2.5\",\"odds\":\"1.300\",\"header\":\"Away\"},{\"opp\":\"-2.0, -2.5\",\"odds\":\"3.100\",\"header\":\"Home\"},{\"opp\":\"+2.0, +2.5\",\"odds\":\"1.350\",\"header\":\"Away\"},{\"opp\":\"-2.0\",\"odds\":\"2.750\",\"header\":\"Home\"},{\"opp\":\"+2.0\",\"odds\":\"1.425\",\"header\":\"Away\"},{\"opp\":\"-1.5, -2.0\",\"odds\":\"2.250\",\"header\":\"Home\"},{\"opp\":\"+1.5, +2.0\",\"odds\":\"1.625\",\"header\":\"Away\"},{\"opp\":\"-1.0, -1.5\",\"odds\":\"1.700\",\"header\":\"Home\"},{\"opp\":\"+1.0, +1.5\",\"odds\":\"2.100\",\"header\":\"Away\"},{\"opp\":\"-1.0\",\"odds\":\"1.425\",\"header\":\"Home\"},{\"opp\":\"+1.0\",\"odds\":\"2.750\",\"header\":\"Away\"},{\"opp\":\"-0.5, -1.0\",\"odds\":\"1.325\",\"header\":\"Home\"},{\"opp\":\"+0.5, +1.0\",\"odds\":\"3.300\",\"header\":\"Away\"},{\"opp\":\"-0.5\",\"odds\":\"1.250\",\"header\":\"Home\"},{\"opp\":\"+0.5\",\"odds\":\"3.800\",\"header\":\"Away\"},{\"opp\":\"0.0, -0.5\",\"odds\":\"1.150\",\"header\":\"Home\"},{\"opp\":\"0.0, +0.5\",\"odds\":\"5.500\",\"header\":\"Away\"}],\"alternative_goal_line\":[{\"goals\":\"1.0, 1.5\",\"odds\":\"1.220\",\"header\":\"Over\"},{\"goals\":\"1.0, 1.5\",\"odds\":\"4.150\",\"header\":\"Under\"},{\"goals\":\"1.5\",\"odds\":\"1.350\",\"header\":\"Over\"},{\"goals\":\"1.5\",\"odds\":\"3.100\",\"header\":\"Under\"},{\"goals\":\"1.5, 2.0\",\"odds\":\"1.450\",\"header\":\"Over\"},{\"goals\":\"1.5, 2.0\",\"odds\":\"2.675\",\"header\":\"Under\"},{\"goals\":\"2.0\",\"odds\":\"1.575\",\"header\":\"Over\"},{\"goals\":\"2.0\",\"odds\":\"2.350\",\"header\":\"Under\"},{\"goals\":\"2.5\",\"odds\":\"2.050\",\"header\":\"Over\"},{\"goals\":\"2.5\",\"odds\":\"1.750\",\"header\":\"Under\"},{\"goals\":\"2.5, 3.0\",\"odds\":\"2.350\",\"header\":\"Over\"},{\"goals\":\"2.5, 3.0\",\"odds\":\"1.575\",\"header\":\"Under\"},{\"goals\":\"3.0\",\"odds\":\"2.850\",\"header\":\"Over\"},{\"goals\":\"3.0\",\"odds\":\"1.400\",\"header\":\"Under\"},{\"goals\":\"3.0, 3.5\",\"odds\":\"3.300\",\"header\":\"Over\"},{\"goals\":\"3.0, 3.5\",\"odds\":\"1.325\",\"header\":\"Under\"},{\"goals\":\"3.5\",\"odds\":\"3.550\",\"header\":\"Over\"},{\"goals\":\"3.5\",\"odds\":\"1.275\",\"header\":\"Under\"},{\"goals\":\"3.5, 4.0\",\"odds\":\"4.500\",\"header\":\"Over\"},{\"goals\":\"3.5, 4.0\",\"odds\":\"1.190\",\"header\":\"Under\"},{\"goals\":\"4.0\",\"odds\":\"6.400\",\"header\":\"Over\"},{\"goals\":\"4.0\",\"odds\":\"1.115\",\"header\":\"Under\"},{\"goals\":\"4.0, 4.5\",\"odds\":\"6.800\",\"header\":\"Over\"},{\"goals\":\"4.0, 4.5\",\"odds\":\"1.105\",\"header\":\"Under\"}],\"1st_half_asian_handicap\":[{\"opp\":\"-0.5\",\"odds\":\"1.775\",\"header\":\"Home\"},{\"opp\":\"+0.5\",\"odds\":\"2.025\",\"header\":\"Away\"}],\"1st_half_goal_line\":[{\"goals\":\"1.0\",\"odds\":\"1.950\",\"header\":\"Over\"},{\"goals\":\"1.0\",\"odds\":\"1.850\",\"header\":\"Under\"}],\"alternative_1st_half_asian_handicap\":[{\"opp\":\"-1.5, -2.0\",\"odds\":\"5.900\",\"header\":\"Home\"},{\"opp\":\"+1.5, +2.0\",\"odds\":\"1.130\",\"header\":\"Away\"},{\"opp\":\"-1.5\",\"odds\":\"4.250\",\"header\":\"Home\"},{\"opp\":\"+1.5\",\"odds\":\"1.210\",\"header\":\"Away\"},{\"opp\":\"-1.0, -1.5\",\"odds\":\"3.550\",\"header\":\"Home\"},{\"opp\":\"+1.0, +1.5\",\"odds\":\"1.275\",\"header\":\"Away\"},{\"opp\":\"-1.0\",\"odds\":\"3.000\",\"header\":\"Home\"},{\"opp\":\"+1.0\",\"odds\":\"1.375\",\"header\":\"Away\"},{\"opp\":\"-0.5, -1.0\",\"odds\":\"2.100\",\"header\":\"Home\"},{\"opp\":\"+0.5, +1.0\",\"odds\":\"1.700\",\"header\":\"Away\"},{\"opp\":\"0.0, -0.5\",\"odds\":\"1.450\",\"header\":\"Home\"},{\"opp\":\"0.0, +0.5\",\"odds\":\"2.675\",\"header\":\"Away\"},{\"opp\":\"0.0\",\"odds\":\"1.115\",\"header\":\"Home\"},{\"opp\":\"0.0\",\"odds\":\"6.400\",\"header\":\"Away\"}],\"alternative_1st_half_goal_line\":[{\"goals\":\"0.5, 1.0\",\"odds\":\"1.575\",\"header\":\"Over\"},{\"goals\":\"0.5, 1.0\",\"odds\":\"2.350\",\"header\":\"Under\"},{\"goals\":\"1.0, 1.5\",\"odds\":\"2.425\",\"header\":\"Over\"},{\"goals\":\"1.0, 1.5\",\"odds\":\"1.525\",\"header\":\"Under\"},{\"goals\":\"1.5\",\"odds\":\"3.000\",\"header\":\"Over\"},{\"goals\":\"1.5\",\"odds\":\"1.375\",\"header\":\"Under\"},{\"goals\":\"1.5, 2.0\",\"odds\":\"3.800\",\"header\":\"Over\"},{\"goals\":\"1.5, 2.0\",\"odds\":\"1.250\",\"header\":\"Under\"},{\"goals\":\"2.0\",\"odds\":\"6.400\",\"header\":\"Over\"},{\"goals\":\"2.0\",\"odds\":\"1.115\",\"header\":\"Under\"},{\"goals\":\"2.0, 2.5\",\"odds\":\"7.000\",\"header\":\"Over\"},{\"goals\":\"2.0, 2.5\",\"odds\":\"1.100\",\"header\":\"Under\"}],\"asian_total_corners\":[{\"goals\":\"9.5\",\"odds\":\"1.950\",\"header\":\"Over\"},{\"goals\":\"9.5\",\"odds\":\"1.850\",\"header\":\"Under\"}],\"1st_half_asian_corners\":[{\"goals\":\"4.5\",\"odds\":\"1.950\",\"header\":\"Over\"},{\"goals\":\"4.5\",\"odds\":\"1.850\",\"header\":\"Under\"}]}},\"corners\":{\"updated_at\":\"1532570551\",\"sp\":{\"corners\":[{\"opp\":\"Over 9\",\"odds\":\"1.83\"},{\"opp\":\"Exactly 9\",\"odds\":\"7.00\"},{\"opp\":\"Under 9\",\"odds\":\"2.40\"}],\"total_corners\":[{\"opp\":\"Under 6\",\"odds\":\"9.50\"},{\"opp\":\"6 - 8\",\"odds\":\"3.00\"},{\"opp\":\"9 - 11\",\"odds\":\"2.50\"},{\"opp\":\"12 - 14\",\"odds\":\"4.50\"},{\"opp\":\"Over 14\",\"odds\":\"13.00\"}],\"alternative_corners\":[{\"goals\":\"4\",\"odds\":\"1.02\",\"header\":\"Over\"},{\"goals\":\"4\",\"odds\":\"21.00\",\"header\":\"Exactly\"},{\"goals\":\"4\",\"odds\":\"29.00\",\"header\":\"Under\"},{\"goals\":\"5\",\"odds\":\"1.06\",\"header\":\"Over\"},{\"goals\":\"5\",\"odds\":\"15.00\",\"header\":\"Exactly\"},{\"goals\":\"5\",\"odds\":\"17.00\",\"header\":\"Under\"},{\"goals\":\"6\",\"odds\":\"1.14\",\"header\":\"Over\"},{\"goals\":\"6\",\"odds\":\"10.00\",\"header\":\"Exactly\"},{\"goals\":\"6\",\"odds\":\"9.50\",\"header\":\"Under\"},{\"goals\":\"7\",\"odds\":\"1.30\",\"header\":\"Over\"},{\"goals\":\"7\",\"odds\":\"8.00\",\"header\":\"Exactly\"},{\"goals\":\"7\",\"odds\":\"5.50\",\"header\":\"Under\"},{\"goals\":\"8\",\"odds\":\"1.53\",\"header\":\"Over\"},{\"goals\":\"8\",\"odds\":\"7.50\",\"header\":\"Exactly\"},{\"goals\":\"8\",\"odds\":\"3.40\",\"header\":\"Under\"},{\"goals\":\"10\",\"odds\":\"2.50\",\"header\":\"Over\"},{\"goals\":\"10\",\"odds\":\"7.50\",\"header\":\"Exactly\"},{\"goals\":\"10\",\"odds\":\"1.83\",\"header\":\"Under\"},{\"goals\":\"11\",\"odds\":\"3.50\",\"header\":\"Over\"},{\"goals\":\"11\",\"odds\":\"8.00\",\"header\":\"Exactly\"},{\"goals\":\"11\",\"odds\":\"1.50\",\"header\":\"Under\"},{\"goals\":\"12\",\"odds\":\"5.00\",\"header\":\"Over\"},{\"goals\":\"12\",\"odds\":\"9.50\",\"header\":\"Exactly\"},{\"goals\":\"12\",\"odds\":\"1.29\",\"header\":\"Under\"},{\"goals\":\"13\",\"odds\":\"8.00\",\"header\":\"Over\"},{\"goals\":\"13\",\"odds\":\"12.00\",\"header\":\"Exactly\"},{\"goals\":\"13\",\"odds\":\"1.14\",\"header\":\"Under\"},{\"goals\":\"14\",\"odds\":\"12.00\",\"header\":\"Over\"},{\"goals\":\"14\",\"odds\":\"17.00\",\"header\":\"Exactly\"},{\"goals\":\"14\",\"odds\":\"1.07\",\"header\":\"Under\"},{\"goals\":\"15\",\"odds\":\"17.00\",\"header\":\"Over\"},{\"goals\":\"15\",\"odds\":\"21.00\",\"header\":\"Exactly\"},{\"goals\":\"15\",\"odds\":\"1.04\",\"header\":\"Under\"},{\"goals\":\"16\",\"odds\":\"23.00\",\"header\":\"Over\"},{\"goals\":\"16\",\"odds\":\"26.00\",\"header\":\"Exactly\"},{\"goals\":\"16\",\"odds\":\"1.02\",\"header\":\"Under\"},{\"goals\":\"17\",\"odds\":\"34.00\",\"header\":\"Over\"},{\"goals\":\"17\",\"odds\":\"34.00\",\"header\":\"Exactly\"},{\"goals\":\"17\",\"odds\":\"1.01\",\"header\":\"Under\"}],\"corners_2_way\":[{\"opp\":\"Over 9.5\",\"odds\":\"1.83\"},{\"opp\":\"Under 9.5\",\"odds\":\"1.83\"}],\"first_half_corners\":[{\"opp\":\"4\",\"odds\":\"1.91\",\"header\":\"Over\"},{\"opp\":\"4\",\"odds\":\"4.75\",\"header\":\"Exactly\"},{\"opp\":\"4\",\"odds\":\"2.75\",\"header\":\"Under\"}],\"asian_total_corners\":[{\"goals\":\"9.5\",\"odds\":\"1.950\",\"header\":\"Over\"},{\"goals\":\"9.5\",\"odds\":\"1.850\",\"header\":\"Under\"}],\"1st_half_asian_corners\":[{\"goals\":\"4.5\",\"odds\":\"1.950\",\"header\":\"Over\"},{\"goals\":\"4.5\",\"odds\":\"1.850\",\"header\":\"Under\"}]}},\"goals\":{\"updated_at\":\"1532570571\",\"sp\":{\"goals_over_under\":[{\"goals\":\"2.5\",\"odds\":\"2.05\",\"header\":\"Over\"},{\"goals\":\"2.5\",\"odds\":\"1.75\",\"header\":\"Under\"}],\"alternative_total_goals\":[{\"goals\":\"0.5\",\"odds\":\"1.07\",\"header\":\"Over \"},{\"goals\":\"0.5\",\"odds\":\"9.00\",\"header\":\"Under\"},{\"goals\":\"1.5\",\"odds\":\"1.33\",\"header\":\"Over \"},{\"goals\":\"1.5\",\"odds\":\"3.25\",\"header\":\"Under\"},{\"goals\":\"3.5\",\"odds\":\"3.75\",\"header\":\"Over \"},{\"goals\":\"3.5\",\"odds\":\"1.25\",\"header\":\"Under\"},{\"goals\":\"4.5\",\"odds\":\"8.00\",\"header\":\"Over \"},{\"goals\":\"4.5\",\"odds\":\"1.08\",\"header\":\"Under\"},{\"goals\":\"5.5\",\"odds\":\"17.00\",\"header\":\"Over \"},{\"goals\":\"5.5\",\"odds\":\"1.02\",\"header\":\"Under\"}],\"result_total_goals\":[{\"opp\":\"San Lorenzo & Over 2.5\",\"odds\":\"2.20\"},{\"opp\":\"San Lorenzo & Under 2.5\",\"odds\":\"2.60\"},{\"opp\":\"Draw & Over 2.5\",\"odds\":\"34.00\"},{\"opp\":\"Draw & Under  2.5\",\"odds\":\"5.50\"},{\"opp\":\"Deportes Temuco & Over 2.5\",\"odds\":\"29.00\"},{\"opp\":\"Deportes Temuco & Under 2.5\",\"odds\":\"19.00\"}],\"total_goals_both_teams_to_score\":[{\"opp\":\"Over 2.5 & Yes\",\"odds\":\"3.50\"},{\"opp\":\"Over 2.5 & No\",\"odds\":\"4.00\"},{\"opp\":\"Under 2.5 & Yes\",\"odds\":\"10.00\"},{\"opp\":\"Under 2.5 & No\",\"odds\":\"2.00\"}],\"exact_total_goals\":[{\"opp\":\"0 Goals\",\"odds\":\"9.00\"},{\"opp\":\"1 Goal\",\"odds\":\"4.33\"},{\"opp\":\"2 Goals\",\"odds\":\"3.60\"},{\"opp\":\"3 Goals\",\"odds\":\"4.00\"},{\"opp\":\"4 Goals\",\"odds\":\"6.50\"},{\"opp\":\"5 Goals\",\"odds\":\"12.00\"},{\"opp\":\"6 Goals\",\"odds\":\"26.00\"},{\"opp\":\"7+ Goals\",\"odds\":\"34.00\"}],\"number_of_goals_in_match\":[{\"opp\":\"Under 2 goals\",\"odds\":\"3.25\"},{\"opp\":\"2 or 3 goals\",\"odds\":\"2.00\"},{\"opp\":\"Over 3 goals\",\"odds\":\"3.75\"}],\"both_teams_to_score\":[{\"opp\":\"Yes\",\"odds\":\"2.75\"},{\"opp\":\"No\",\"odds\":\"1.40\"}],\"teams_to_score\":[{\"opp\":\"Both Teams\",\"odds\":\"2.75\"},{\"opp\":\"San Lorenzo Only\",\"odds\":\"1.67\"},{\"opp\":\"No Goal\",\"odds\":\"9.00\"},{\"opp\":\"Deportes Temuco Only\",\"odds\":\"17.00\"}],\"both_teams_to_score_in_1st_half\":[{\"opp\":\"Yes\",\"odds\":\"8.00\"},{\"opp\":\"No\",\"odds\":\"1.08\"}],\"both_teams_to_score_in_2nd_half\":[{\"opp\":\"Yes\",\"odds\":\"5.50\"},{\"opp\":\"No\",\"odds\":\"1.14\"}],\"both_teams_to_score_1st_half_2nd_half\":[{\"opp\":\"Yes \\\/ Yes\",\"odds\":\"34.00\"},{\"opp\":\"Yes \\\/ No\",\"odds\":\"8.00\"},{\"opp\":\"No \\\/ Yes\",\"odds\":\"5.50\"},{\"opp\":\"No \\\/ No\",\"odds\":\"1.25\"}],\"first_half_goals\":[{\"goals\":\"0.5\",\"odds\":\"1.40\",\"header\":\"Over\"},{\"goals\":\"0.5\",\"odds\":\"2.75\",\"header\":\"Under\"},{\"goals\":\"1.5\",\"odds\":\"3.00\",\"header\":\"Over\"},{\"goals\":\"1.5\",\"odds\":\"1.36\",\"header\":\"Under\"},{\"goals\":\"2.5\",\"odds\":\"8.00\",\"header\":\"Over\"},{\"goals\":\"2.5\",\"odds\":\"1.08\",\"header\":\"Under\"},{\"goals\":\"3.5\",\"odds\":\"23.00\",\"header\":\"Over\"},{\"goals\":\"3.5\",\"odds\":\"1.01\",\"header\":\"Under\"}],\"exact_1st_half_goals\":[{\"opp\":\"0 Goals\",\"odds\":\"2.75\"},{\"opp\":\"1 Goal\",\"odds\":\"2.50\"},{\"opp\":\"2 Goals\",\"odds\":\"4.33\"},{\"opp\":\"3 Goals\",\"odds\":\"11.00\"},{\"opp\":\"4 Goals\",\"odds\":\"34.00\"},{\"opp\":\"5+ Goals\",\"odds\":\"81.00\"}],\"total_goal_minutes\":[{\"opp\":\"Over 135 minutes\",\"odds\":\"2.20\"},{\"opp\":\"115 To 135 minutes inc.\",\"odds\":\"8.50\"},{\"opp\":\"Under 115 minutes\",\"odds\":\"1.83\"}],\"first_team_to_score\":[{\"opp\":\"San Lorenzo\",\"odds\":\"1.20\"},{\"opp\":\"No Goals\",\"odds\":\"9.00\"},{\"opp\":\"Deportes Temuco\",\"odds\":\"6.00\"}],\"early_goal\":[{\"opp\":\"Goal before 30:00\",\"odds\":\"1.83\"},{\"opp\":\"No Goal before 30:00\",\"odds\":\"1.83\"}],\"late_goal\":[{\"opp\":\"Goal after 71:59\",\"odds\":\"1.83\"},{\"opp\":\"No Goal after 71:59\",\"odds\":\"1.83\"}],\"time_of_first_goal_brackets\":[{\"opp\":\"1-10\",\"odds\":\"4.50\"},{\"opp\":\"11-20\",\"odds\":\"5.00\"},{\"opp\":\"21-30\",\"odds\":\"6.00\"},{\"opp\":\"31-40\",\"odds\":\"7.00\"},{\"opp\":\"41-50\",\"odds\":\"8.00\"},{\"opp\":\"51-60\",\"odds\":\"12.00\"},{\"opp\":\"61-70\",\"odds\":\"15.00\"},{\"opp\":\"71-80\",\"odds\":\"19.00\"},{\"opp\":\"81 - Full Time\",\"odds\":\"19.00\"},{\"opp\":\"No Goal\",\"odds\":\"9.00\"}],\"2nd_half_goals\":[{\"goals\":\"0.5\",\"odds\":\"1.25\",\"header\":\"Over\"},{\"goals\":\"0.5\",\"odds\":\"3.75\",\"header\":\"Under\"},{\"goals\":\"1.5\",\"odds\":\"2.20\",\"header\":\"Over\"},{\"goals\":\"1.5\",\"odds\":\"1.62\",\"header\":\"Under\"},{\"goals\":\"2.5\",\"odds\":\"5.00\",\"header\":\"Over\"},{\"goals\":\"2.5\",\"odds\":\"1.17\",\"header\":\"Under\"},{\"goals\":\"3.5\",\"odds\":\"13.00\",\"header\":\"Over\"},{\"goals\":\"3.5\",\"odds\":\"1.04\",\"header\":\"Under\"}],\"exact_2nd_half_goals\":[{\"opp\":\"0 Goals\",\"odds\":\"3.75\"},{\"opp\":\"1 Goal\",\"odds\":\"2.62\"},{\"opp\":\"2 Goals\",\"odds\":\"3.75\"},{\"opp\":\"3 Goals\",\"odds\":\"7.50\"},{\"opp\":\"4 Goals\",\"odds\":\"19.00\"},{\"opp\":\"5+ Goals\",\"odds\":\"34.00\"}],\"half_with_most_goals\":[{\"opp\":\"1st Half\",\"odds\":\"3.10\"},{\"opp\":\"2nd Half\",\"odds\":\"2.10\"},{\"opp\":\"Tie\",\"odds\":\"3.40\"}],\"home_team_highest_scoring_half\":[{\"opp\":\"San Lorenzo - 1st Half\",\"odds\":\"3.10\"},{\"opp\":\"San Lorenzo - 2nd Half\",\"odds\":\"2.20\"},{\"opp\":\"San Lorenzo - Tie\",\"odds\":\"3.00\"}],\"away_team_highest_scoring_half\":[{\"opp\":\"Deportes Temuco - 1st Half\",\"odds\":\"5.50\"},{\"opp\":\"Deportes Temuco - 2nd Half\",\"odds\":\"4.50\"},{\"opp\":\"Deportes Temuco - Tie\",\"odds\":\"1.40\"}],\"home_team_exact_goals\":[{\"opp\":\"San Lorenzo - 0 Goals\",\"odds\":\"7.00\"},{\"opp\":\"San Lorenzo - 1 Goal\",\"odds\":\"3.25\"},{\"opp\":\"San Lorenzo - 2 Goals\",\"odds\":\"3.25\"},{\"opp\":\"San Lorenzo - 3+ Goals\",\"odds\":\"2.75\"}],\"away_team_exact_goals\":[{\"opp\":\"Deportes Temuco - 0 Goals\",\"odds\":\"1.50\"},{\"opp\":\"Deportes Temuco - 1 Goal\",\"odds\":\"2.88\"},{\"opp\":\"Deportes Temuco - 2 Goals\",\"odds\":\"11.00\"},{\"opp\":\"Deportes Temuco - 3+ Goals\",\"odds\":\"41.00\"}],\"time_of_1st_team_goal\":[{\"opp\":\"San Lorenzo - Goal before 36:00\",\"odds\":\"1.83\"},{\"opp\":\"San Lorenzo - No Goal before 36:00\",\"odds\":\"1.83\"},{\"opp\":\"Deportes Temuco - Goal before 79:00\",\"odds\":\"3.00\"},{\"opp\":\"Deportes Temuco - No Goal before 79:00\",\"odds\":\"1.36\"}],\"goals_odd_even\":[{\"opp\":\"Even\",\"odds\":\"1.90\"},{\"opp\":\"Odd\",\"odds\":\"1.95\"}],\"home_team_odd_even_goals\":[{\"opp\":\"San Lorenzo - Even\",\"odds\":\"1.83\"},{\"opp\":\"San Lorenzo - Odd\",\"odds\":\"1.83\"}],\"away_team_odd_even_goals\":[{\"opp\":\"Deportes Temuco - Even\",\"odds\":\"1.36\"},{\"opp\":\"Deportes Temuco - Odd\",\"odds\":\"3.00\"}],\"1st_half_goals_odd_even\":[{\"opp\":\"Odd\",\"odds\":\"2.10\"},{\"opp\":\"Even\",\"odds\":\"1.73\"}],\"last_team_to_score\":[{\"opp\":\"San Lorenzo\",\"odds\":\"1.20\"},{\"opp\":\"No Goal\",\"odds\":\"9.00\"},{\"opp\":\"Deportes Temuco\",\"odds\":\"6.00\"}],\"first_10_minutes_(00:00_09:59)\":[{\"name\":\"Goals\",\"handicap\":\"0.5\",\"odds\":\"4.50\",\"header\":\"Over\"},{\"name\":\"Goals\",\"handicap\":\"0.5\",\"odds\":\"1.18\",\"header\":\"Under\"}]}},\"half\":{\"updated_at\":\"1532570579\",\"sp\":{\"half_time_result\":[{\"opp\":\"1\",\"odds\":\"1.80\"},{\"opp\":\"X\",\"odds\":\"2.40\"},{\"opp\":\"2\",\"odds\":\"10.00\"}],\"half_time_double_chance\":[{\"opp\":\"1X\",\"odds\":\"1.06\"},{\"opp\":\"X2\",\"odds\":\"2.05\"},{\"opp\":\"12\",\"odds\":\"1.60\"}],\"half_time_result_both_teams_to_score\":[{\"opp\":\"San Lorenzo & Yes\",\"odds\":\"19.00\"},{\"opp\":\"San Lorenzo & No\",\"odds\":\"1.91\"},{\"opp\":\"Draw & Yes\",\"odds\":\"12.00\"},{\"opp\":\"Draw & No\",\"odds\":\"2.75\"},{\"opp\":\"Deportes Temuco & Yes\",\"odds\":\"67.00\"},{\"opp\":\"Deportes Temuco & No\",\"odds\":\"10.00\"}],\"half_time_result_total_goals\":[{\"opp\":\"San Lorenzo & Over 1.5\",\"odds\":\"3.75\"},{\"opp\":\"San Lorenzo & Under 1.5\",\"odds\":\"2.88\"},{\"opp\":\"Draw & Over 1.5\",\"odds\":\"13.00\"},{\"opp\":\"Draw & Under 1.5\",\"odds\":\"2.75\"},{\"opp\":\"Deportes Temuco & Over 1.5\",\"odds\":\"41.00\"},{\"opp\":\"Deportes Temuco & Under 1.5\",\"odds\":\"11.00\"}],\"half_time_correct_score\":[{\"opp\":\"1-0\",\"odds\":\"2.88\",\"header\":\"Home\"},{\"opp\":\"0-0\",\"odds\":\"2.75\",\"header\":\"X\"},{\"opp\":\"1-0\",\"odds\":\"11.00\",\"header\":\"Away\"},{\"opp\":\"2-0\",\"odds\":\"6.00\",\"header\":\"Home\"},{\"opp\":\"1-1\",\"odds\":\"12.00\",\"header\":\"X\"},{\"opp\":\"2-0\",\"odds\":\"51.00\",\"header\":\"Away\"},{\"opp\":\"2-1\",\"odds\":\"26.00\",\"header\":\"Home\"},{\"opp\":\"2-2\",\"odds\":\"126.00\",\"header\":\"X\"},{\"opp\":\"2-1\",\"odds\":\"67.00\",\"header\":\"Away\"},{\"opp\":\"3-0\",\"odds\":\"17.00\",\"header\":\"Home\"},{\"opp\":\"3-1\",\"odds\":\"51.00\",\"header\":\"Home\"},{\"opp\":\"3-2\",\"odds\":\"351.00\",\"header\":\"Home\"},{\"opp\":\"4-0\",\"odds\":\"51.00\",\"header\":\"Home\"},{\"opp\":\"4-1\",\"odds\":\"151.00\",\"header\":\"Home\"},{\"opp\":\"5-0\",\"odds\":\"151.00\",\"header\":\"Home\"}],\"both_teams_to_score_in_1st_half\":[{\"opp\":\"Yes\",\"odds\":\"8.00\"},{\"opp\":\"No\",\"odds\":\"1.08\"}],\"both_teams_to_score_in_2nd_half\":[{\"opp\":\"Yes\",\"odds\":\"5.50\"},{\"opp\":\"No\",\"odds\":\"1.14\"}],\"both_teams_to_score_1st_half_2nd_half\":[{\"opp\":\"Yes \\\/ Yes\",\"odds\":\"34.00\"},{\"opp\":\"Yes \\\/ No\",\"odds\":\"8.00\"},{\"opp\":\"No \\\/ Yes\",\"odds\":\"5.50\"},{\"opp\":\"No \\\/ No\",\"odds\":\"1.25\"}],\"1st_half_asian_handicap\":[{\"opp\":\"-0.5\",\"odds\":\"1.775\",\"header\":\"Home\"},{\"opp\":\"+0.5\",\"odds\":\"2.025\",\"header\":\"Away\"}],\"1st_half_goal_line\":[{\"goals\":\"1.0\",\"odds\":\"1.950\",\"header\":\"Over\"},{\"goals\":\"1.0\",\"odds\":\"1.850\",\"header\":\"Under\"}],\"alternative_1st_half_asian_handicap\":[{\"opp\":\"-1.5, -2.0\",\"odds\":\"5.900\",\"header\":\"Home\"},{\"opp\":\"+1.5, +2.0\",\"odds\":\"1.130\",\"header\":\"Away\"},{\"opp\":\"-1.5\",\"odds\":\"4.250\",\"header\":\"Home\"},{\"opp\":\"+1.5\",\"odds\":\"1.210\",\"header\":\"Away\"},{\"opp\":\"-1.0, -1.5\",\"odds\":\"3.550\",\"header\":\"Home\"},{\"opp\":\"+1.0, +1.5\",\"odds\":\"1.275\",\"header\":\"Away\"},{\"opp\":\"-1.0\",\"odds\":\"3.000\",\"header\":\"Home\"},{\"opp\":\"+1.0\",\"odds\":\"1.375\",\"header\":\"Away\"},{\"opp\":\"-0.5, -1.0\",\"odds\":\"2.100\",\"header\":\"Home\"},{\"opp\":\"+0.5, +1.0\",\"odds\":\"1.700\",\"header\":\"Away\"},{\"opp\":\"0.0, -0.5\",\"odds\":\"1.450\",\"header\":\"Home\"},{\"opp\":\"0.0, +0.5\",\"odds\":\"2.675\",\"header\":\"Away\"},{\"opp\":\"0.0\",\"odds\":\"1.115\",\"header\":\"Home\"},{\"opp\":\"0.0\",\"odds\":\"6.400\",\"header\":\"Away\"}],\"alternative_1st_half_goal_line\":[{\"goals\":\"0.5, 1.0\",\"odds\":\"1.575\",\"header\":\"Over\"},{\"goals\":\"0.5, 1.0\",\"odds\":\"2.350\",\"header\":\"Under\"},{\"goals\":\"1.0, 1.5\",\"odds\":\"2.425\",\"header\":\"Over\"},{\"goals\":\"1.0, 1.5\",\"odds\":\"1.525\",\"header\":\"Under\"},{\"goals\":\"1.5\",\"odds\":\"3.000\",\"header\":\"Over\"},{\"goals\":\"1.5\",\"odds\":\"1.375\",\"header\":\"Under\"},{\"goals\":\"1.5, 2.0\",\"odds\":\"3.800\",\"header\":\"Over\"},{\"goals\":\"1.5, 2.0\",\"odds\":\"1.250\",\"header\":\"Under\"},{\"goals\":\"2.0\",\"odds\":\"6.400\",\"header\":\"Over\"},{\"goals\":\"2.0\",\"odds\":\"1.115\",\"header\":\"Under\"},{\"goals\":\"2.0, 2.5\",\"odds\":\"7.000\",\"header\":\"Over\"},{\"goals\":\"2.0, 2.5\",\"odds\":\"1.100\",\"header\":\"Under\"}],\"1st_half_handicap\":[{\"opp\":\"San Lorenzo  -1.0\",\"odds\":\"4.33\"},{\"opp\":\"Tie - Deportes Temuco +1.0\",\"odds\":\"2.75\"},{\"opp\":\"Deportes Temuco  +1.0\",\"odds\":\"2.05\"}],\"alternative_1st_half_handicap_result\":[{\"opp\":\"-2.0\",\"odds\":\"12.00\",\"header\":\"Home\"},{\"opp\":\"+2.0\",\"odds\":\"5.50\",\"header\":\"Tie\"},{\"opp\":\"+2.0\",\"odds\":\"1.17\",\"header\":\"Away\"},{\"opp\":\"+1.0\",\"odds\":\"1.06\",\"header\":\"Home\"},{\"opp\":\"-1.0\",\"odds\":\"10.00\",\"header\":\"Tie\"},{\"opp\":\"-1.0\",\"odds\":\"34.00\",\"header\":\"Away\"}],\"first_half_goals\":[{\"goals\":\"0.5\",\"odds\":\"1.40\",\"header\":\"Over\"},{\"goals\":\"0.5\",\"odds\":\"2.75\",\"header\":\"Under\"},{\"goals\":\"1.5\",\"odds\":\"3.00\",\"header\":\"Over\"},{\"goals\":\"1.5\",\"odds\":\"1.36\",\"header\":\"Under\"},{\"goals\":\"2.5\",\"odds\":\"8.00\",\"header\":\"Over\"},{\"goals\":\"2.5\",\"odds\":\"1.08\",\"header\":\"Under\"},{\"goals\":\"3.5\",\"odds\":\"23.00\",\"header\":\"Over\"},{\"goals\":\"3.5\",\"odds\":\"1.01\",\"header\":\"Under\"}],\"exact_1st_half_goals\":[{\"opp\":\"0 Goals\",\"odds\":\"2.75\"},{\"opp\":\"1 Goal\",\"odds\":\"2.50\"},{\"opp\":\"2 Goals\",\"odds\":\"4.33\"},{\"opp\":\"3 Goals\",\"odds\":\"11.00\"},{\"opp\":\"4 Goals\",\"odds\":\"34.00\"},{\"opp\":\"5+ Goals\",\"odds\":\"81.00\"}],\"first_half_corners\":[{\"opp\":\"4\",\"odds\":\"1.91\",\"header\":\"Over\"},{\"opp\":\"4\",\"odds\":\"4.75\",\"header\":\"Exactly\"},{\"opp\":\"4\",\"odds\":\"2.75\",\"header\":\"Under\"}],\"1st_half_asian_corners\":[{\"goals\":\"4.5\",\"odds\":\"1.950\",\"header\":\"Over\"},{\"goals\":\"4.5\",\"odds\":\"1.850\",\"header\":\"Under\"}],\"1st_half_goals_odd_even\":[{\"opp\":\"Odd\",\"odds\":\"2.10\"},{\"opp\":\"Even\",\"odds\":\"1.73\"}],\"to_score_in_half\":[{\"name\":\"1st Half\",\"odds\":\"1.57\",\"header\":\"Yes\"},{\"name\":\"1st Half\",\"odds\":\"2.25\",\"header\":\"No\"},{\"name\":\"2nd Half\",\"odds\":\"1.36\",\"header\":\"Yes\"},{\"name\":\"2nd Half\",\"odds\":\"3.00\",\"header\":\"No\"},{\"name\":\"1st Half\",\"odds\":\"4.50\",\"header\":\"Yes\"},{\"name\":\"1st Half\",\"odds\":\"1.18\",\"header\":\"No\"},{\"name\":\"2nd Half\",\"odds\":\"4.00\",\"header\":\"Yes\"},{\"name\":\"2nd Half\",\"odds\":\"1.22\",\"header\":\"No\"}],\"half_with_most_goals\":[{\"opp\":\"1st Half\",\"odds\":\"3.10\"},{\"opp\":\"2nd Half\",\"odds\":\"2.10\"},{\"opp\":\"Tie\",\"odds\":\"3.40\"}],\"home_team_highest_scoring_half\":[{\"opp\":\"San Lorenzo - 1st Half\",\"odds\":\"3.10\"},{\"opp\":\"San Lorenzo - 2nd Half\",\"odds\":\"2.20\"},{\"opp\":\"San Lorenzo - Tie\",\"odds\":\"3.00\"}],\"away_team_highest_scoring_half\":[{\"opp\":\"Deportes Temuco - 1st Half\",\"odds\":\"5.50\"},{\"opp\":\"Deportes Temuco - 2nd Half\",\"odds\":\"4.50\"},{\"opp\":\"Deportes Temuco - Tie\",\"odds\":\"1.40\"}],\"2nd_half_result\":[{\"opp\":\"1\",\"odds\":\"1.53\"},{\"opp\":\"X\",\"odds\":\"2.75\"},{\"opp\":\"2\",\"odds\":\"11.00\"}],\"2nd_half_goals\":[{\"goals\":\"0.5\",\"odds\":\"1.25\",\"header\":\"Over\"},{\"goals\":\"0.5\",\"odds\":\"3.75\",\"header\":\"Under\"},{\"goals\":\"1.5\",\"odds\":\"2.20\",\"header\":\"Over\"},{\"goals\":\"1.5\",\"odds\":\"1.62\",\"header\":\"Under\"},{\"goals\":\"2.5\",\"odds\":\"5.00\",\"header\":\"Over\"},{\"goals\":\"2.5\",\"odds\":\"1.17\",\"header\":\"Under\"},{\"goals\":\"3.5\",\"odds\":\"13.00\",\"header\":\"Over\"},{\"goals\":\"3.5\",\"odds\":\"1.04\",\"header\":\"Under\"}],\"exact_2nd_half_goals\":[{\"opp\":\"0 Goals\",\"odds\":\"3.75\"},{\"opp\":\"1 Goal\",\"odds\":\"2.62\"},{\"opp\":\"2 Goals\",\"odds\":\"3.75\"},{\"opp\":\"3 Goals\",\"odds\":\"7.50\"},{\"opp\":\"4 Goals\",\"odds\":\"19.00\"},{\"opp\":\"5+ Goals\",\"odds\":\"34.00\"}],\"2nd_half_goals_odd_even\":[{\"opp\":\"Even\",\"odds\":\"1.80\"},{\"opp\":\"Odd\",\"odds\":\"1.91\"}]}},\"main\":{\"updated_at\":\"1532570543\",\"sp\":{\"full_time_result\":[{\"opp\":\"1\",\"odds\":\"1.29\"},{\"opp\":\"X\",\"odds\":\"5.00\"},{\"opp\":\"2\",\"odds\":\"12.00\"}],\"double_chance\":[{\"opp\":\"1X\",\"odds\":\"1.06\"},{\"opp\":\"X2\",\"odds\":\"3.75\"},{\"opp\":\"12\",\"odds\":\"1.18\"}],\"correct_score\":[{\"opp\":\"1-0\",\"odds\":\"4.75\",\"header\":\"Home\"},{\"opp\":\"0-0\",\"odds\":\"9.00\",\"header\":\"X\"},{\"opp\":\"1-0\",\"odds\":\"21.00\",\"header\":\"Away\"},{\"opp\":\"2-0\",\"odds\":\"5.00\",\"header\":\"Home\"},{\"opp\":\"1-1\",\"odds\":\"10.00\",\"header\":\"X\"},{\"opp\":\"2-0\",\"odds\":\"51.00\",\"header\":\"Away\"},{\"opp\":\"2-1\",\"odds\":\"9.00\",\"header\":\"Home\"},{\"opp\":\"2-2\",\"odds\":\"34.00\",\"header\":\"X\"},{\"opp\":\"2-1\",\"odds\":\"41.00\",\"header\":\"Away\"},{\"opp\":\"3-0\",\"odds\":\"7.00\",\"header\":\"Home\"},{\"opp\":\"3-3\",\"odds\":\"151.00\",\"header\":\"X\"},{\"opp\":\"3-0\",\"odds\":\"251.00\",\"header\":\"Away\"},{\"opp\":\"3-1\",\"odds\":\"15.00\",\"header\":\"Home\"},{\"opp\":\"3-1\",\"odds\":\"126.00\",\"header\":\"Away\"},{\"opp\":\"3-2\",\"odds\":\"41.00\",\"header\":\"Home\"},{\"opp\":\"3-2\",\"odds\":\"126.00\",\"header\":\"Away\"},{\"opp\":\"4-0\",\"odds\":\"13.00\",\"header\":\"Home\"},{\"opp\":\"4-1\",\"odds\":\"26.00\",\"header\":\"Home\"},{\"opp\":\"4-2\",\"odds\":\"67.00\",\"header\":\"Home\"},{\"opp\":\"4-3\",\"odds\":\"251.00\",\"header\":\"Home\"},{\"opp\":\"5-0\",\"odds\":\"29.00\",\"header\":\"Home\"},{\"opp\":\"5-1\",\"odds\":\"41.00\",\"header\":\"Home\"},{\"opp\":\"5-2\",\"odds\":\"126.00\",\"header\":\"Home\"},{\"opp\":\"6-0\",\"odds\":\"51.00\",\"header\":\"Home\"},{\"opp\":\"6-1\",\"odds\":\"101.00\",\"header\":\"Home\"},{\"opp\":\"6-2\",\"odds\":\"351.00\",\"header\":\"Home\"},{\"opp\":\"7-0\",\"odds\":\"126.00\",\"header\":\"Home\"},{\"opp\":\"7-1\",\"odds\":\"251.00\",\"header\":\"Home\"}],\"half_time_full_time\":[{\"opp\":\"San Lorenzo - San Lorenzo\",\"odds\":\"1.83\"},{\"opp\":\"San Lorenzo - Draw\",\"odds\":\"23.00\"},{\"opp\":\"San Lorenzo - Deportes Temuco\",\"odds\":\"81.00\"},{\"opp\":\"Draw - San Lorenzo\",\"odds\":\"3.40\"},{\"opp\":\"Draw - Draw\",\"odds\":\"6.50\"},{\"opp\":\"Draw - Deportes Temuco\",\"odds\":\"26.00\"},{\"opp\":\"Deportes Temuco - San Lorenzo\",\"odds\":\"26.00\"},{\"opp\":\"Deportes Temuco - Draw\",\"odds\":\"23.00\"},{\"opp\":\"Deportes Temuco - Deportes Temuco\",\"odds\":\"21.00\"}],\"goals_over_under\":[{\"goals\":\"2.5\",\"odds\":\"2.05\",\"header\":\"Over\"},{\"goals\":\"2.5\",\"odds\":\"1.75\",\"header\":\"Under\"}],\"both_teams_to_score\":[{\"opp\":\"Yes\",\"odds\":\"2.75\"},{\"opp\":\"No\",\"odds\":\"1.40\"}],\"asian_handicap\":[{\"opp\":\"-1.5\",\"odds\":\"2.025\",\"header\":\"Home\"},{\"opp\":\"+1.5\",\"odds\":\"1.825\",\"header\":\"Away\"}],\"goal_line\":[{\"goals\":\"2.0, 2.5\",\"odds\":\"1.825\",\"header\":\"Over\"},{\"goals\":\"2.0, 2.5\",\"odds\":\"2.025\",\"header\":\"Under\"}],\"alternative_asian_handicap\":[{\"opp\":\"-3.5\",\"odds\":\"7.000\",\"header\":\"Home\"},{\"opp\":\"+3.5\",\"odds\":\"1.100\",\"header\":\"Away\"},{\"opp\":\"-3.0, -3.5\",\"odds\":\"6.600\",\"header\":\"Home\"},{\"opp\":\"+3.0, +3.5\",\"odds\":\"1.110\",\"header\":\"Away\"},{\"opp\":\"-3.0\",\"odds\":\"6.250\",\"header\":\"Home\"},{\"opp\":\"+3.0\",\"odds\":\"1.120\",\"header\":\"Away\"},{\"opp\":\"-2.5, -3.0\",\"odds\":\"4.250\",\"header\":\"Home\"},{\"opp\":\"+2.5, +3.0\",\"odds\":\"1.210\",\"header\":\"Away\"},{\"opp\":\"-2.5\",\"odds\":\"3.450\",\"header\":\"Home\"},{\"opp\":\"+2.5\",\"odds\":\"1.300\",\"header\":\"Away\"},{\"opp\":\"-2.0, -2.5\",\"odds\":\"3.100\",\"header\":\"Home\"},{\"opp\":\"+2.0, +2.5\",\"odds\":\"1.350\",\"header\":\"Away\"},{\"opp\":\"-2.0\",\"odds\":\"2.750\",\"header\":\"Home\"},{\"opp\":\"+2.0\",\"odds\":\"1.425\",\"header\":\"Away\"},{\"opp\":\"-1.5, -2.0\",\"odds\":\"2.250\",\"header\":\"Home\"},{\"opp\":\"+1.5, +2.0\",\"odds\":\"1.625\",\"header\":\"Away\"},{\"opp\":\"-1.0, -1.5\",\"odds\":\"1.700\",\"header\":\"Home\"},{\"opp\":\"+1.0, +1.5\",\"odds\":\"2.100\",\"header\":\"Away\"},{\"opp\":\"-1.0\",\"odds\":\"1.425\",\"header\":\"Home\"},{\"opp\":\"+1.0\",\"odds\":\"2.750\",\"header\":\"Away\"},{\"opp\":\"-0.5, -1.0\",\"odds\":\"1.325\",\"header\":\"Home\"},{\"opp\":\"+0.5, +1.0\",\"odds\":\"3.300\",\"header\":\"Away\"},{\"opp\":\"-0.5\",\"odds\":\"1.250\",\"header\":\"Home\"},{\"opp\":\"+0.5\",\"odds\":\"3.800\",\"header\":\"Away\"},{\"opp\":\"0.0, -0.5\",\"odds\":\"1.150\",\"header\":\"Home\"},{\"opp\":\"0.0, +0.5\",\"odds\":\"5.500\",\"header\":\"Away\"}],\"alternative_goal_line\":[{\"goals\":\"1.0, 1.5\",\"odds\":\"1.220\",\"header\":\"Over\"},{\"goals\":\"1.0, 1.5\",\"odds\":\"4.150\",\"header\":\"Under\"},{\"goals\":\"1.5\",\"odds\":\"1.350\",\"header\":\"Over\"},{\"goals\":\"1.5\",\"odds\":\"3.100\",\"header\":\"Under\"},{\"goals\":\"1.5, 2.0\",\"odds\":\"1.450\",\"header\":\"Over\"},{\"goals\":\"1.5, 2.0\",\"odds\":\"2.675\",\"header\":\"Under\"},{\"goals\":\"2.0\",\"odds\":\"1.575\",\"header\":\"Over\"},{\"goals\":\"2.0\",\"odds\":\"2.350\",\"header\":\"Under\"},{\"goals\":\"2.5\",\"odds\":\"2.050\",\"header\":\"Over\"},{\"goals\":\"2.5\",\"odds\":\"1.750\",\"header\":\"Under\"},{\"goals\":\"2.5, 3.0\",\"odds\":\"2.350\",\"header\":\"Over\"},{\"goals\":\"2.5, 3.0\",\"odds\":\"1.575\",\"header\":\"Under\"},{\"goals\":\"3.0\",\"odds\":\"2.850\",\"header\":\"Over\"},{\"goals\":\"3.0\",\"odds\":\"1.400\",\"header\":\"Under\"},{\"goals\":\"3.0, 3.5\",\"odds\":\"3.300\",\"header\":\"Over\"},{\"goals\":\"3.0, 3.5\",\"odds\":\"1.325\",\"header\":\"Under\"},{\"goals\":\"3.5\",\"odds\":\"3.550\",\"header\":\"Over\"},{\"goals\":\"3.5\",\"odds\":\"1.275\",\"header\":\"Under\"},{\"goals\":\"3.5, 4.0\",\"odds\":\"4.500\",\"header\":\"Over\"},{\"goals\":\"3.5, 4.0\",\"odds\":\"1.190\",\"header\":\"Under\"},{\"goals\":\"4.0\",\"odds\":\"6.400\",\"header\":\"Over\"},{\"goals\":\"4.0\",\"odds\":\"1.115\",\"header\":\"Under\"},{\"goals\":\"4.0, 4.5\",\"odds\":\"6.800\",\"header\":\"Over\"},{\"goals\":\"4.0, 4.5\",\"odds\":\"1.105\",\"header\":\"Under\"}],\"draw_no_bet\":[{\"opp\":\"San Lorenzo\",\"odds\":\"1.06\"},{\"opp\":\"Deportes Temuco\",\"odds\":\"10.00\"}],\"result_both_teams_to_score\":[{\"name\":\"San Lorenzo\",\"odds\":\"4.00\",\"header\":\"Yes\"},{\"name\":\"San Lorenzo\",\"odds\":\"1.67\",\"header\":\"No\"},{\"name\":\"Deportes Temuco\",\"odds\":\"29.00\",\"header\":\"Yes\"},{\"name\":\"Deportes Temuco\",\"odds\":\"17.00\",\"header\":\"No\"},{\"name\":\"Draw\",\"odds\":\"8.50\",\"header\":\"Yes\"},{\"name\":\"Draw\",\"odds\":\"9.00\",\"header\":\"No\"}],\"handicap_result\":[{\"opp\":\"San Lorenzo (-1)\",\"odds\":\"1.91\"},{\"opp\":\"Tie - (Deportes Temuco +1)\",\"odds\":\"3.20\"},{\"opp\":\"Deportes Temuco (+1)\",\"odds\":\"3.75\"}],\"alternative_handicap_result\":[{\"opp\":\"-3.0\",\"odds\":\"7.00\",\"header\":\"Home\"},{\"opp\":\"+3.0\",\"odds\":\"5.50\",\"header\":\"Tie\"},{\"opp\":\"+3.0\",\"odds\":\"1.29\",\"header\":\"Away\"},{\"opp\":\"-2.0\",\"odds\":\"3.40\",\"header\":\"Home\"},{\"opp\":\"+2.0\",\"odds\":\"3.75\",\"header\":\"Tie\"},{\"opp\":\"+2.0\",\"odds\":\"1.80\",\"header\":\"Away\"},{\"opp\":\"+1.0\",\"odds\":\"1.06\",\"header\":\"Home\"},{\"opp\":\"-1.0\",\"odds\":\"13.00\",\"header\":\"Tie\"},{\"opp\":\"-1.0\",\"odds\":\"21.00\",\"header\":\"Away\"},{\"opp\":\"+2.0\",\"odds\":\"1.01\",\"header\":\"Home\"},{\"opp\":\"-2.0\",\"odds\":\"26.00\",\"header\":\"Tie\"},{\"opp\":\"-2.0\",\"odds\":\"29.00\",\"header\":\"Away\"}],\"winning_margin\":[{\"goals\":\" 1\",\"odds\":\"3.20\",\"header\":\"Home\"},{\"goals\":\" 1\",\"odds\":\"13.00\",\"header\":\"Away\"},{\"goals\":\" 2\",\"odds\":\"3.75\",\"header\":\"Home\"},{\"goals\":\" 2\",\"odds\":\"26.00\",\"header\":\"Away\"},{\"goals\":\" 3\",\"odds\":\"5.50\",\"header\":\"Home\"},{\"goals\":\" 3\",\"odds\":\"201.00\",\"header\":\"Away\"},{\"goals\":\" 4+\",\"odds\":\"7.00\",\"header\":\"Home\"},{\"goals\":\" 4+\",\"odds\":\"501.00\",\"header\":\"Away\"},{\"goals\":\"Score Draw\",\"odds\":\"8.50\",\"header\":\"Home\"},{\"goals\":\"No Goal\",\"odds\":\"9.00\",\"header\":\"Home\"}]}},\"schedule\":{\"updated_at\":\"1532569982\",\"sp\":{\"main\":[{\"odds\":\"1.29\"},{\"odds\":\"5.00\"},{\"odds\":\"12.00\"}]}},\"specials\":{\"updated_at\":\"1532570391\",\"sp\":{\"specials\":[{\"name\":\"To Win From Behind\",\"odds\":\"8.00\",\"header\":\"Home\"},{\"name\":\"To Win From Behind\",\"odds\":\"41.00\",\"header\":\"Away\"},{\"name\":\"To Win to Nil\",\"odds\":\"1.67\",\"header\":\"Home\"},{\"name\":\"To Win to Nil\",\"odds\":\"17.00\",\"header\":\"Away\"},{\"name\":\"To Win Either Half\",\"odds\":\"1.17\",\"header\":\"Home\"},{\"name\":\"To Win Either Half\",\"odds\":\"5.50\",\"header\":\"Away\"},{\"name\":\"To Win Both Halves\",\"odds\":\"2.75\",\"header\":\"Home\"},{\"name\":\"To Win Both Halves\",\"odds\":\"101.00\",\"header\":\"Away\"},{\"name\":\"To Score in Both Halves\",\"odds\":\"2.20\",\"header\":\"Home\"},{\"name\":\"To Score in Both Halves\",\"odds\":\"21.00\",\"header\":\"Away\"}],\"to_score_in_half\":[{\"name\":\"1st Half\",\"odds\":\"1.57\",\"header\":\"Yes\"},{\"name\":\"1st Half\",\"odds\":\"2.25\",\"header\":\"No\"},{\"name\":\"2nd Half\",\"odds\":\"1.36\",\"header\":\"Yes\"},{\"name\":\"2nd Half\",\"odds\":\"3.00\",\"header\":\"No\"},{\"name\":\"1st Half\",\"odds\":\"4.50\",\"header\":\"Yes\"},{\"name\":\"1st Half\",\"odds\":\"1.18\",\"header\":\"No\"},{\"name\":\"2nd Half\",\"odds\":\"4.00\",\"header\":\"Yes\"},{\"name\":\"2nd Half\",\"odds\":\"1.22\",\"header\":\"No\"}]}}}]}"}