{"odd":"{\"success\":1,\"results\":[{\"FI\":\"75386272\",\"event_id\":\"847062\",\"goals\":{\"updated_at\":\"1532552560\",\"sp\":{\"goals_over_under\":[{\"goals\":\"2.5\",\"odds\":\"2.42\",\"header\":\"Over\"},{\"goals\":\"2.5\",\"odds\":\"1.52\",\"header\":\"Under\"}],\"first_team_to_score\":[{\"opp\":\"Cosmos de Bafia\",\"odds\":\"2.60\"},{\"opp\":\"No Goals\",\"odds\":\"6.50\"},{\"opp\":\"Tonnerre Yaounde\",\"odds\":\"1.73\"}],\"home_team_highest_scoring_half\":[{\"opp\":\"Cosmos de Bafia - 1st Half\",\"odds\":\"4.50\"},{\"opp\":\"Cosmos de Bafia - 2nd Half\",\"odds\":\"3.10\"},{\"opp\":\"Cosmos de Bafia - Tie\",\"odds\":\"1.73\"}],\"away_team_highest_scoring_half\":[{\"opp\":\"Tonnerre Yaounde - 1st Half\",\"odds\":\"3.50\"},{\"opp\":\"Tonnerre Yaounde - 2nd Half\",\"odds\":\"2.40\"},{\"opp\":\"Tonnerre Yaounde - Tie\",\"odds\":\"2.40\"}],\"goals_odd_even\":[{\"opp\":\"Even\",\"odds\":\"1.90\"},{\"opp\":\"Odd\",\"odds\":\"1.95\"}],\"home_team_odd_even_goals\":[{\"opp\":\"Cosmos de Bafia - Even\",\"odds\":\"1.53\"},{\"opp\":\"Cosmos de Bafia - Odd\",\"odds\":\"2.38\"}],\"away_team_odd_even_goals\":[{\"opp\":\"Tonnerre Yaounde - Even\",\"odds\":\"1.73\"},{\"opp\":\"Tonnerre Yaounde - Odd\",\"odds\":\"2.00\"}],\"1st_half_goals_odd_even\":[{\"opp\":\"Odd\",\"odds\":\"2.30\"},{\"opp\":\"Even\",\"odds\":\"1.62\"}]}},\"half\":{\"updated_at\":\"1532552572\",\"sp\":{\"half_time_result\":[{\"opp\":\"1\",\"odds\":\"5.00\"},{\"opp\":\"X\",\"odds\":\"1.95\"},{\"opp\":\"2\",\"odds\":\"2.60\"}],\"half_time_double_chance\":[{\"opp\":\"1X\",\"odds\":\"1.50\"},{\"opp\":\"X2\",\"odds\":\"1.17\"},{\"opp\":\"12\",\"odds\":\"1.80\"}],\"half_time_correct_score\":[{\"opp\":\"1-0\",\"odds\":\"6.50\",\"header\":\"Home\"},{\"opp\":\"0-0\",\"odds\":\"2.25\",\"header\":\"X\"},{\"opp\":\"1-0\",\"odds\":\"3.75\",\"header\":\"Away\"},{\"opp\":\"2-0\",\"odds\":\"23.00\",\"header\":\"Home\"},{\"opp\":\"1-1\",\"odds\":\"12.00\",\"header\":\"X\"},{\"opp\":\"2-0\",\"odds\":\"10.00\",\"header\":\"Away\"},{\"opp\":\"2-1\",\"odds\":\"41.00\",\"header\":\"Home\"},{\"opp\":\"2-2\",\"odds\":\"81.00\",\"header\":\"X\"},{\"opp\":\"2-1\",\"odds\":\"34.00\",\"header\":\"Away\"},{\"opp\":\"3-0\",\"odds\":\"67.00\",\"header\":\"Home\"},{\"opp\":\"3-0\",\"odds\":\"29.00\",\"header\":\"Away\"},{\"opp\":\"3-1\",\"odds\":\"81.00\",\"header\":\"Away\"},{\"opp\":\"4-0\",\"odds\":\"81.00\",\"header\":\"Away\"}],\"1st_half_goals_odd_even\":[{\"opp\":\"Odd\",\"odds\":\"2.30\"},{\"opp\":\"Even\",\"odds\":\"1.62\"}],\"home_team_highest_scoring_half\":[{\"opp\":\"Cosmos de Bafia - 1st Half\",\"odds\":\"4.50\"},{\"opp\":\"Cosmos de Bafia - 2nd Half\",\"odds\":\"3.10\"},{\"opp\":\"Cosmos de Bafia - Tie\",\"odds\":\"1.73\"}],\"away_team_highest_scoring_half\":[{\"opp\":\"Tonnerre Yaounde - 1st Half\",\"odds\":\"3.50\"},{\"opp\":\"Tonnerre Yaounde - 2nd Half\",\"odds\":\"2.40\"},{\"opp\":\"Tonnerre Yaounde - Tie\",\"odds\":\"2.40\"}],\"2nd_half_goals_odd_even\":[{\"opp\":\"Even\",\"odds\":\"1.73\"},{\"opp\":\"Odd\",\"odds\":\"2.00\"}]}},\"main\":{\"updated_at\":\"1532552543\",\"sp\":{\"full_time_result\":[{\"opp\":\"1\",\"odds\":\"4.20\"},{\"opp\":\"X\",\"odds\":\"3.00\"},{\"opp\":\"2\",\"odds\":\"1.85\"}],\"double_chance\":[{\"opp\":\"1X\",\"odds\":\"1.83\"},{\"opp\":\"X2\",\"odds\":\"1.22\"},{\"opp\":\"12\",\"odds\":\"1.36\"}],\"correct_score\":[{\"opp\":\"1-0\",\"odds\":\"10.00\",\"header\":\"Home\"},{\"opp\":\"0-0\",\"odds\":\"6.50\",\"header\":\"X\"},{\"opp\":\"1-0\",\"odds\":\"6.00\",\"header\":\"Away\"},{\"opp\":\"2-0\",\"odds\":\"19.00\",\"header\":\"Home\"},{\"opp\":\"1-1\",\"odds\":\"6.50\",\"header\":\"X\"},{\"opp\":\"2-0\",\"odds\":\"7.50\",\"header\":\"Away\"},{\"opp\":\"2-1\",\"odds\":\"17.00\",\"header\":\"Home\"},{\"opp\":\"2-2\",\"odds\":\"21.00\",\"header\":\"X\"},{\"opp\":\"2-1\",\"odds\":\"11.00\",\"header\":\"Away\"},{\"opp\":\"3-0\",\"odds\":\"41.00\",\"header\":\"Home\"},{\"opp\":\"3-3\",\"odds\":\"81.00\",\"header\":\"X\"},{\"opp\":\"3-0\",\"odds\":\"15.00\",\"header\":\"Away\"},{\"opp\":\"3-1\",\"odds\":\"41.00\",\"header\":\"Home\"},{\"opp\":\"3-1\",\"odds\":\"21.00\",\"header\":\"Away\"},{\"opp\":\"3-2\",\"odds\":\"51.00\",\"header\":\"Home\"},{\"opp\":\"3-2\",\"odds\":\"41.00\",\"header\":\"Away\"},{\"opp\":\"4-0\",\"odds\":\"81.00\",\"header\":\"Home\"},{\"opp\":\"4-0\",\"odds\":\"29.00\",\"header\":\"Away\"},{\"opp\":\"4-1\",\"odds\":\"81.00\",\"header\":\"Home\"},{\"opp\":\"4-1\",\"odds\":\"41.00\",\"header\":\"Away\"},{\"opp\":\"4-2\",\"odds\":\"67.00\",\"header\":\"Away\"},{\"opp\":\"5-0\",\"odds\":\"51.00\",\"header\":\"Away\"},{\"opp\":\"5-1\",\"odds\":\"81.00\",\"header\":\"Away\"}],\"half_time_full_time\":[{\"opp\":\"Cosmos de Bafia - Cosmos de Bafia\",\"odds\":\"7.50\"},{\"opp\":\"Cosmos de Bafia - Draw\",\"odds\":\"19.00\"},{\"opp\":\"Cosmos de Bafia - Tonnerre Yaounde\",\"odds\":\"29.00\"},{\"opp\":\"Draw - Cosmos de Bafia\",\"odds\":\"8.00\"},{\"opp\":\"Draw - Draw\",\"odds\":\"4.50\"},{\"opp\":\"Draw - Tonnerre Yaounde\",\"odds\":\"4.50\"},{\"opp\":\"Tonnerre Yaounde - Cosmos de Bafia\",\"odds\":\"41.00\"},{\"opp\":\"Tonnerre Yaounde - Draw\",\"odds\":\"17.00\"},{\"opp\":\"Tonnerre Yaounde - Tonnerre Yaounde\",\"odds\":\"3.10\"}],\"goals_over_under\":[{\"goals\":\"2.5\",\"odds\":\"2.42\",\"header\":\"Over\"},{\"goals\":\"2.5\",\"odds\":\"1.52\",\"header\":\"Under\"}],\"draw_no_bet\":[{\"opp\":\"Cosmos de Bafia\",\"odds\":\"3.00\"},{\"opp\":\"Tonnerre Yaounde\",\"odds\":\"1.36\"}]}},\"schedule\":{\"updated_at\":\"1532552687\",\"sp\":{\"main\":[{\"odds\":\"4.20\"},{\"odds\":\"3.00\"},{\"odds\":\"1.85\"}]}}}]}"}