{"odd":"{\"success\":1,\"results\":[{\"FI\":\"75367855\",\"event_id\":\"840372\",\"asian_lines\":{\"updated_at\":\"1532569821\",\"sp\":{\"asian_handicap\":[{\"opp\":\"+0.5, +1.0\",\"odds\":\"1.825\",\"header\":\"Home\"},{\"opp\":\"-0.5, -1.0\",\"odds\":\"1.975\",\"header\":\"Away\"}],\"goal_line\":[{\"goals\":\"2.0, 2.5\",\"odds\":\"1.875\",\"header\":\"Over\"},{\"goals\":\"2.0, 2.5\",\"odds\":\"1.925\",\"header\":\"Under\"}],\"alternative_asian_handicap\":[{\"opp\":\"-0.5, -1.0\",\"odds\":\"5.900\",\"header\":\"Home\"},{\"opp\":\"+0.5, +1.0\",\"odds\":\"1.130\",\"header\":\"Away\"},{\"opp\":\"-0.5\",\"odds\":\"4.400\",\"header\":\"Home\"},{\"opp\":\"+0.5\",\"odds\":\"1.200\",\"header\":\"Away\"},{\"opp\":\"0.0, -0.5\",\"odds\":\"3.900\",\"header\":\"Home\"},{\"opp\":\"0.0, +0.5\",\"odds\":\"1.240\",\"header\":\"Away\"},{\"opp\":\"0.0\",\"odds\":\"3.450\",\"header\":\"Home\"},{\"opp\":\"0.0\",\"odds\":\"1.300\",\"header\":\"Away\"},{\"opp\":\"0.0, +0.5\",\"odds\":\"2.425\",\"header\":\"Home\"},{\"opp\":\"0.0, -0.5\",\"odds\":\"1.525\",\"header\":\"Away\"},{\"opp\":\"+0.5\",\"odds\":\"2.075\",\"header\":\"Home\"},{\"opp\":\"-0.5\",\"odds\":\"1.725\",\"header\":\"Away\"},{\"opp\":\"+1.0\",\"odds\":\"1.575\",\"header\":\"Home\"},{\"opp\":\"-1.0\",\"odds\":\"2.350\",\"header\":\"Away\"},{\"opp\":\"+1.0, +1.5\",\"odds\":\"1.450\",\"header\":\"Home\"},{\"opp\":\"-1.0, -1.5\",\"odds\":\"2.675\",\"header\":\"Away\"},{\"opp\":\"+1.5\",\"odds\":\"1.350\",\"header\":\"Home\"},{\"opp\":\"-1.5\",\"odds\":\"3.100\",\"header\":\"Away\"},{\"opp\":\"+1.5, +2.0\",\"odds\":\"1.250\",\"header\":\"Home\"},{\"opp\":\"-1.5, -2.0\",\"odds\":\"3.800\",\"header\":\"Away\"},{\"opp\":\"+2.0\",\"odds\":\"1.150\",\"header\":\"Home\"},{\"opp\":\"-2.0\",\"odds\":\"5.500\",\"header\":\"Away\"},{\"opp\":\"+2.0, +2.5\",\"odds\":\"1.130\",\"header\":\"Home\"},{\"opp\":\"-2.0, -2.5\",\"odds\":\"5.900\",\"header\":\"Away\"},{\"opp\":\"+2.5\",\"odds\":\"1.115\",\"header\":\"Home\"},{\"opp\":\"-2.5\",\"odds\":\"6.400\",\"header\":\"Away\"}],\"alternative_goal_line\":[{\"goals\":\"1.0\",\"odds\":\"1.100\",\"header\":\"Over\"},{\"goals\":\"1.0\",\"odds\":\"7.000\",\"header\":\"Under\"},{\"goals\":\"1.0, 1.5\",\"odds\":\"1.240\",\"header\":\"Over\"},{\"goals\":\"1.0, 1.5\",\"odds\":\"3.900\",\"header\":\"Under\"},{\"goals\":\"1.5\",\"odds\":\"1.375\",\"header\":\"Over\"},{\"goals\":\"1.5\",\"odds\":\"3.000\",\"header\":\"Under\"},{\"goals\":\"1.5, 2.0\",\"odds\":\"1.450\",\"header\":\"Over\"},{\"goals\":\"1.5, 2.0\",\"odds\":\"2.675\",\"header\":\"Under\"},{\"goals\":\"2.0\",\"odds\":\"1.600\",\"header\":\"Over\"},{\"goals\":\"2.0\",\"odds\":\"2.300\",\"header\":\"Under\"},{\"goals\":\"2.5\",\"odds\":\"2.100\",\"header\":\"Over\"},{\"goals\":\"2.5\",\"odds\":\"1.700\",\"header\":\"Under\"},{\"goals\":\"2.5, 3.0\",\"odds\":\"2.425\",\"header\":\"Over\"},{\"goals\":\"2.5, 3.0\",\"odds\":\"1.525\",\"header\":\"Under\"},{\"goals\":\"3.0\",\"odds\":\"3.100\",\"header\":\"Over\"},{\"goals\":\"3.0\",\"odds\":\"1.350\",\"header\":\"Under\"},{\"goals\":\"3.0, 3.5\",\"odds\":\"3.450\",\"header\":\"Over\"},{\"goals\":\"3.0, 3.5\",\"odds\":\"1.300\",\"header\":\"Under\"},{\"goals\":\"3.5\",\"odds\":\"3.800\",\"header\":\"Over\"},{\"goals\":\"3.5\",\"odds\":\"1.250\",\"header\":\"Under\"},{\"goals\":\"3.5, 4.0\",\"odds\":\"4.800\",\"header\":\"Over\"},{\"goals\":\"3.5, 4.0\",\"odds\":\"1.175\",\"header\":\"Under\"},{\"goals\":\"4.0\",\"odds\":\"6.800\",\"header\":\"Over\"},{\"goals\":\"4.0\",\"odds\":\"1.105\",\"header\":\"Under\"}],\"1st_half_asian_handicap\":[{\"opp\":\"0.0, +0.5\",\"odds\":\"1.875\",\"header\":\"Home\"},{\"opp\":\"0.0, -0.5\",\"odds\":\"1.925\",\"header\":\"Away\"}],\"1st_half_goal_line\":[{\"goals\":\"1.0\",\"odds\":\"2.075\",\"header\":\"Over\"},{\"goals\":\"1.0\",\"odds\":\"1.725\",\"header\":\"Under\"}],\"alternative_1st_half_asian_handicap\":[{\"opp\":\"-0.5\",\"odds\":\"5.000\",\"header\":\"Home\"},{\"opp\":\"+0.5\",\"odds\":\"1.170\",\"header\":\"Away\"},{\"opp\":\"0.0, -0.5\",\"odds\":\"3.900\",\"header\":\"Home\"},{\"opp\":\"0.0, +0.5\",\"odds\":\"1.240\",\"header\":\"Away\"},{\"opp\":\"0.0\",\"odds\":\"2.850\",\"header\":\"Home\"},{\"opp\":\"0.0\",\"odds\":\"1.400\",\"header\":\"Away\"},{\"opp\":\"+0.5\",\"odds\":\"1.550\",\"header\":\"Home\"},{\"opp\":\"-0.5\",\"odds\":\"2.375\",\"header\":\"Away\"},{\"opp\":\"+0.5, +1.0\",\"odds\":\"1.350\",\"header\":\"Home\"},{\"opp\":\"-0.5, -1.0\",\"odds\":\"3.100\",\"header\":\"Away\"},{\"opp\":\"+1.0\",\"odds\":\"1.150\",\"header\":\"Home\"},{\"opp\":\"-1.0\",\"odds\":\"5.500\",\"header\":\"Away\"},{\"opp\":\"+1.0, +1.5\",\"odds\":\"1.125\",\"header\":\"Home\"},{\"opp\":\"-1.0, -1.5\",\"odds\":\"6.000\",\"header\":\"Away\"},{\"opp\":\"+1.5\",\"odds\":\"1.100\",\"header\":\"Home\"},{\"opp\":\"-1.5\",\"odds\":\"7.000\",\"header\":\"Away\"}],\"alternative_1st_half_goal_line\":[{\"goals\":\"0.5, 1.0\",\"odds\":\"1.650\",\"header\":\"Over\"},{\"goals\":\"0.5, 1.0\",\"odds\":\"2.200\",\"header\":\"Under\"},{\"goals\":\"1.0, 1.5\",\"odds\":\"2.600\",\"header\":\"Over\"},{\"goals\":\"1.0, 1.5\",\"odds\":\"1.475\",\"header\":\"Under\"},{\"goals\":\"1.5\",\"odds\":\"3.100\",\"header\":\"Over\"},{\"goals\":\"1.5\",\"odds\":\"1.350\",\"header\":\"Under\"},{\"goals\":\"1.5, 2.0\",\"odds\":\"4.150\",\"header\":\"Over\"},{\"goals\":\"1.5, 2.0\",\"odds\":\"1.220\",\"header\":\"Under\"},{\"goals\":\"2.0\",\"odds\":\"7.000\",\"header\":\"Over\"},{\"goals\":\"2.0\",\"odds\":\"1.100\",\"header\":\"Under\"}],\"asian_total_corners\":[{\"goals\":\"9.5\",\"odds\":\"1.875\",\"header\":\"Over\"},{\"goals\":\"9.5\",\"odds\":\"1.925\",\"header\":\"Under\"}],\"1st_half_asian_corners\":[{\"goals\":\"4.5\",\"odds\":\"1.900\",\"header\":\"Over\"},{\"goals\":\"4.5\",\"odds\":\"1.900\",\"header\":\"Under\"}]}},\"corners\":{\"updated_at\":\"1532569930\",\"sp\":{\"corners\":[{\"opp\":\"Over 10\",\"odds\":\"2.38\"},{\"opp\":\"Exactly 10\",\"odds\":\"7.50\"},{\"opp\":\"Under 10\",\"odds\":\"1.83\"}],\"total_corners\":[{\"opp\":\"Under 6\",\"odds\":\"10.00\"},{\"opp\":\"6 - 8\",\"odds\":\"3.10\"},{\"opp\":\"9 - 11\",\"odds\":\"2.50\"},{\"opp\":\"12 - 14\",\"odds\":\"4.33\"},{\"opp\":\"Over 14\",\"odds\":\"11.00\"}],\"alternative_corners\":[{\"goals\":\"4\",\"odds\":\"1.02\",\"header\":\"Over\"},{\"goals\":\"4\",\"odds\":\"21.00\",\"header\":\"Exactly\"},{\"goals\":\"4\",\"odds\":\"29.00\",\"header\":\"Under\"},{\"goals\":\"5\",\"odds\":\"1.05\",\"header\":\"Over\"},{\"goals\":\"5\",\"odds\":\"15.00\",\"header\":\"Exactly\"},{\"goals\":\"5\",\"odds\":\"17.00\",\"header\":\"Under\"},{\"goals\":\"6\",\"odds\":\"1.12\",\"header\":\"Over\"},{\"goals\":\"6\",\"odds\":\"11.00\",\"header\":\"Exactly\"},{\"goals\":\"6\",\"odds\":\"10.00\",\"header\":\"Under\"},{\"goals\":\"7\",\"odds\":\"1.29\",\"header\":\"Over\"},{\"goals\":\"7\",\"odds\":\"8.50\",\"header\":\"Exactly\"},{\"goals\":\"7\",\"odds\":\"5.50\",\"header\":\"Under\"},{\"goals\":\"8\",\"odds\":\"1.50\",\"header\":\"Over\"},{\"goals\":\"8\",\"odds\":\"7.50\",\"header\":\"Exactly\"},{\"goals\":\"8\",\"odds\":\"3.60\",\"header\":\"Under\"},{\"goals\":\"9\",\"odds\":\"1.83\",\"header\":\"Over\"},{\"goals\":\"9\",\"odds\":\"7.00\",\"header\":\"Exactly\"},{\"goals\":\"9\",\"odds\":\"2.50\",\"header\":\"Under\"},{\"goals\":\"11\",\"odds\":\"3.25\",\"header\":\"Over\"},{\"goals\":\"11\",\"odds\":\"8.00\",\"header\":\"Exactly\"},{\"goals\":\"11\",\"odds\":\"1.53\",\"header\":\"Under\"},{\"goals\":\"12\",\"odds\":\"4.75\",\"header\":\"Over\"},{\"goals\":\"12\",\"odds\":\"9.50\",\"header\":\"Exactly\"},{\"goals\":\"12\",\"odds\":\"1.33\",\"header\":\"Under\"},{\"goals\":\"13\",\"odds\":\"7.00\",\"header\":\"Over\"},{\"goals\":\"13\",\"odds\":\"11.00\",\"header\":\"Exactly\"},{\"goals\":\"13\",\"odds\":\"1.18\",\"header\":\"Under\"},{\"goals\":\"14\",\"odds\":\"11.00\",\"header\":\"Over\"},{\"goals\":\"14\",\"odds\":\"15.00\",\"header\":\"Exactly\"},{\"goals\":\"14\",\"odds\":\"1.09\",\"header\":\"Under\"},{\"goals\":\"15\",\"odds\":\"15.00\",\"header\":\"Over\"},{\"goals\":\"15\",\"odds\":\"19.00\",\"header\":\"Exactly\"},{\"goals\":\"15\",\"odds\":\"1.05\",\"header\":\"Under\"},{\"goals\":\"16\",\"odds\":\"21.00\",\"header\":\"Over\"},{\"goals\":\"16\",\"odds\":\"23.00\",\"header\":\"Exactly\"},{\"goals\":\"16\",\"odds\":\"1.02\",\"header\":\"Under\"},{\"goals\":\"17\",\"odds\":\"29.00\",\"header\":\"Over\"},{\"goals\":\"17\",\"odds\":\"34.00\",\"header\":\"Exactly\"},{\"goals\":\"17\",\"odds\":\"1.02\",\"header\":\"Under\"}],\"corners_2_way\":[{\"opp\":\"Over 9.5\",\"odds\":\"1.83\"},{\"opp\":\"Under 9.5\",\"odds\":\"1.83\"}],\"first_half_corners\":[{\"opp\":\"4\",\"odds\":\"1.83\",\"header\":\"Over\"},{\"opp\":\"4\",\"odds\":\"5.00\",\"header\":\"Exactly\"},{\"opp\":\"4\",\"odds\":\"2.88\",\"header\":\"Under\"}],\"asian_total_corners\":[{\"goals\":\"9.5\",\"odds\":\"1.875\",\"header\":\"Over\"},{\"goals\":\"9.5\",\"odds\":\"1.925\",\"header\":\"Under\"}],\"1st_half_asian_corners\":[{\"goals\":\"4.5\",\"odds\":\"1.900\",\"header\":\"Over\"},{\"goals\":\"4.5\",\"odds\":\"1.900\",\"header\":\"Under\"}]}},\"goals\":{\"updated_at\":\"1532569951\",\"sp\":{\"goals_over_under\":[{\"goals\":\"2.5\",\"odds\":\"2.10\",\"header\":\"Over\"},{\"goals\":\"2.5\",\"odds\":\"1.70\",\"header\":\"Under\"}],\"alternative_total_goals\":[{\"goals\":\"0.5\",\"odds\":\"1.05\",\"header\":\"Over \"},{\"goals\":\"0.5\",\"odds\":\"8.50\",\"header\":\"Under\"},{\"goals\":\"1.5\",\"odds\":\"1.36\",\"header\":\"Over \"},{\"goals\":\"1.5\",\"odds\":\"3.00\",\"header\":\"Under\"},{\"goals\":\"3.5\",\"odds\":\"3.75\",\"header\":\"Over \"},{\"goals\":\"3.5\",\"odds\":\"1.25\",\"header\":\"Under\"},{\"goals\":\"4.5\",\"odds\":\"7.00\",\"header\":\"Over \"},{\"goals\":\"4.5\",\"odds\":\"1.08\",\"header\":\"Under\"},{\"goals\":\"5.5\",\"odds\":\"10.50\",\"header\":\"Over \"},{\"goals\":\"5.5\",\"odds\":\"1.02\",\"header\":\"Under\"}],\"result_total_goals\":[{\"opp\":\"NK Rudar Velenje & Over 2.5\",\"odds\":\"8.50\"},{\"opp\":\"NK Rudar Velenje & Under 2.5\",\"odds\":\"8.00\"},{\"opp\":\"Draw & Over 2.5\",\"odds\":\"17.00\"},{\"opp\":\"Draw & Under  2.5\",\"odds\":\"4.33\"},{\"opp\":\"FCSB & Over 2.5\",\"odds\":\"3.00\"},{\"opp\":\"FCSB & Under 2.5\",\"odds\":\"3.75\"}],\"total_goals_both_teams_to_score\":[{\"opp\":\"Over 2.5 & Yes\",\"odds\":\"2.62\"},{\"opp\":\"Over 2.5 & No\",\"odds\":\"8.00\"},{\"opp\":\"Under 2.5 & Yes\",\"odds\":\"7.00\"},{\"opp\":\"Under 2.5 & No\",\"odds\":\"2.10\"}],\"exact_total_goals\":[{\"opp\":\"0 Goals\",\"odds\":\"8.50\"},{\"opp\":\"1 Goal\",\"odds\":\"4.33\"},{\"opp\":\"2 Goals\",\"odds\":\"3.50\"},{\"opp\":\"3 Goals\",\"odds\":\"4.33\"},{\"opp\":\"4 Goals\",\"odds\":\"6.50\"},{\"opp\":\"5 Goals\",\"odds\":\"13.00\"},{\"opp\":\"6 Goals\",\"odds\":\"29.00\"},{\"opp\":\"7+ Goals\",\"odds\":\"17.00\"}],\"number_of_goals_in_match\":[{\"opp\":\"Under 2 goals\",\"odds\":\"3.00\"},{\"opp\":\"2 or 3 goals\",\"odds\":\"1.95\"},{\"opp\":\"Over 3 goals\",\"odds\":\"3.75\"}],\"both_teams_to_score\":[{\"opp\":\"Yes\",\"odds\":\"2.00\"},{\"opp\":\"No\",\"odds\":\"1.73\"}],\"teams_to_score\":[{\"opp\":\"Both Teams\",\"odds\":\"2.00\"},{\"opp\":\"NK Rudar Velenje Only\",\"odds\":\"7.00\"},{\"opp\":\"No Goal\",\"odds\":\"8.50\"},{\"opp\":\"FCSB Only\",\"odds\":\"2.62\"}],\"both_teams_to_score_in_1st_half\":[{\"opp\":\"Yes\",\"odds\":\"5.00\"},{\"opp\":\"No\",\"odds\":\"1.14\"}],\"both_teams_to_score_in_2nd_half\":[{\"opp\":\"Yes\",\"odds\":\"4.00\"},{\"opp\":\"No\",\"odds\":\"1.22\"}],\"both_teams_to_score_1st_half_2nd_half\":[{\"opp\":\"Yes \\\/ Yes\",\"odds\":\"21.00\"},{\"opp\":\"Yes \\\/ No\",\"odds\":\"6.50\"},{\"opp\":\"No \\\/ Yes\",\"odds\":\"4.33\"},{\"opp\":\"No \\\/ No\",\"odds\":\"1.44\"}],\"first_half_goals\":[{\"goals\":\"0.5\",\"odds\":\"1.44\",\"header\":\"Over\"},{\"goals\":\"0.5\",\"odds\":\"2.62\",\"header\":\"Under\"},{\"goals\":\"1.5\",\"odds\":\"3.25\",\"header\":\"Over\"},{\"goals\":\"1.5\",\"odds\":\"1.33\",\"header\":\"Under\"},{\"goals\":\"2.5\",\"odds\":\"9.00\",\"header\":\"Over\"},{\"goals\":\"2.5\",\"odds\":\"1.07\",\"header\":\"Under\"},{\"goals\":\"3.5\",\"odds\":\"23.00\",\"header\":\"Over\"},{\"goals\":\"3.5\",\"odds\":\"1.01\",\"header\":\"Under\"}],\"exact_1st_half_goals\":[{\"opp\":\"0 Goals\",\"odds\":\"2.62\"},{\"opp\":\"1 Goal\",\"odds\":\"2.50\"},{\"opp\":\"2 Goals\",\"odds\":\"4.33\"},{\"opp\":\"3 Goals\",\"odds\":\"11.00\"},{\"opp\":\"4 Goals\",\"odds\":\"34.00\"},{\"opp\":\"5+ Goals\",\"odds\":\"81.00\"}],\"first_team_to_score\":[{\"opp\":\"NK Rudar Velenje\",\"odds\":\"3.00\"},{\"opp\":\"No Goals\",\"odds\":\"8.50\"},{\"opp\":\"FCSB\",\"odds\":\"1.50\"}],\"2nd_half_goals\":[{\"goals\":\"0.5\",\"odds\":\"1.29\",\"header\":\"Over\"},{\"goals\":\"0.5\",\"odds\":\"3.50\",\"header\":\"Under\"},{\"goals\":\"1.5\",\"odds\":\"2.25\",\"header\":\"Over\"},{\"goals\":\"1.5\",\"odds\":\"1.57\",\"header\":\"Under\"},{\"goals\":\"2.5\",\"odds\":\"5.50\",\"header\":\"Over\"},{\"goals\":\"2.5\",\"odds\":\"1.14\",\"header\":\"Under\"},{\"goals\":\"3.5\",\"odds\":\"15.00\",\"header\":\"Over\"},{\"goals\":\"3.5\",\"odds\":\"1.03\",\"header\":\"Under\"}],\"exact_2nd_half_goals\":[{\"opp\":\"0 Goals\",\"odds\":\"3.50\"},{\"opp\":\"1 Goal\",\"odds\":\"2.62\"},{\"opp\":\"2 Goals\",\"odds\":\"3.75\"},{\"opp\":\"3 Goals\",\"odds\":\"7.50\"},{\"opp\":\"4 Goals\",\"odds\":\"21.00\"},{\"opp\":\"5+ Goals\",\"odds\":\"34.00\"}],\"half_with_most_goals\":[{\"opp\":\"1st Half\",\"odds\":\"3.10\"},{\"opp\":\"2nd Half\",\"odds\":\"2.10\"},{\"opp\":\"Tie\",\"odds\":\"3.40\"}],\"home_team_highest_scoring_half\":[{\"opp\":\"NK Rudar Velenje - 1st Half\",\"odds\":\"4.00\"},{\"opp\":\"NK Rudar Velenje - 2nd Half\",\"odds\":\"3.10\"},{\"opp\":\"NK Rudar Velenje - Tie\",\"odds\":\"1.83\"}],\"away_team_highest_scoring_half\":[{\"opp\":\"FCSB - 1st Half\",\"odds\":\"3.25\"},{\"opp\":\"FCSB - 2nd Half\",\"odds\":\"2.38\"},{\"opp\":\"FCSB - Tie\",\"odds\":\"2.60\"}],\"home_team_exact_goals\":[{\"opp\":\"NK Rudar Velenje - 0 Goals\",\"odds\":\"2.20\"},{\"opp\":\"NK Rudar Velenje - 1 Goal\",\"odds\":\"2.50\"},{\"opp\":\"NK Rudar Velenje - 2 Goals\",\"odds\":\"5.50\"},{\"opp\":\"NK Rudar Velenje - 3+ Goals\",\"odds\":\"9.00\"}],\"away_team_exact_goals\":[{\"opp\":\"FCSB - 0 Goals\",\"odds\":\"4.33\"},{\"opp\":\"FCSB - 1 Goal\",\"odds\":\"2.75\"},{\"opp\":\"FCSB - 2 Goals\",\"odds\":\"3.50\"},{\"opp\":\"FCSB - 3+ Goals\",\"odds\":\"4.00\"}],\"goals_odd_even\":[{\"opp\":\"Even\",\"odds\":\"1.90\"},{\"opp\":\"Odd\",\"odds\":\"1.95\"}],\"home_team_odd_even_goals\":[{\"opp\":\"NK Rudar Velenje - Even\",\"odds\":\"1.57\"},{\"opp\":\"NK Rudar Velenje - Odd\",\"odds\":\"2.25\"}],\"away_team_odd_even_goals\":[{\"opp\":\"FCSB - Even\",\"odds\":\"1.80\"},{\"opp\":\"FCSB - Odd\",\"odds\":\"1.91\"}],\"1st_half_goals_odd_even\":[{\"opp\":\"Odd\",\"odds\":\"2.10\"},{\"opp\":\"Even\",\"odds\":\"1.73\"}],\"last_team_to_score\":[{\"opp\":\"NK Rudar Velenje\",\"odds\":\"3.00\"},{\"opp\":\"No Goal\",\"odds\":\"8.50\"},{\"opp\":\"FCSB\",\"odds\":\"1.50\"}]}},\"half\":{\"updated_at\":\"1532569960\",\"sp\":{\"half_time_result\":[{\"opp\":\"1\",\"odds\":\"4.75\"},{\"opp\":\"X\",\"odds\":\"2.10\"},{\"opp\":\"2\",\"odds\":\"2.38\"}],\"half_time_double_chance\":[{\"opp\":\"1X\",\"odds\":\"1.53\"},{\"opp\":\"X2\",\"odds\":\"1.18\"},{\"opp\":\"12\",\"odds\":\"1.67\"}],\"half_time_result_both_teams_to_score\":[{\"opp\":\"NK Rudar Velenje & Yes\",\"odds\":\"29.00\"},{\"opp\":\"NK Rudar Velenje & No\",\"odds\":\"5.50\"},{\"opp\":\"Draw & Yes\",\"odds\":\"8.50\"},{\"opp\":\"Draw & No\",\"odds\":\"2.62\"},{\"opp\":\"FCSB & Yes\",\"odds\":\"19.00\"},{\"opp\":\"FCSB & No\",\"odds\":\"2.62\"}],\"half_time_result_total_goals\":[{\"opp\":\"NK Rudar Velenje & Over 1.5\",\"odds\":\"15.00\"},{\"opp\":\"NK Rudar Velenje & Under 1.5\",\"odds\":\"6.50\"},{\"opp\":\"Draw & Over 1.5\",\"odds\":\"9.00\"},{\"opp\":\"Draw & Under 1.5\",\"odds\":\"2.62\"},{\"opp\":\"FCSB & Over 1.5\",\"odds\":\"5.50\"},{\"opp\":\"FCSB & Under 1.5\",\"odds\":\"3.60\"}],\"half_time_correct_score\":[{\"opp\":\"1-0\",\"odds\":\"6.50\",\"header\":\"Home\"},{\"opp\":\"0-0\",\"odds\":\"2.62\",\"header\":\"X\"},{\"opp\":\"1-0\",\"odds\":\"3.60\",\"header\":\"Away\"},{\"opp\":\"2-0\",\"odds\":\"26.00\",\"header\":\"Home\"},{\"opp\":\"1-1\",\"odds\":\"9.00\",\"header\":\"X\"},{\"opp\":\"2-0\",\"odds\":\"9.00\",\"header\":\"Away\"},{\"opp\":\"2-1\",\"odds\":\"41.00\",\"header\":\"Home\"},{\"opp\":\"2-2\",\"odds\":\"67.00\",\"header\":\"X\"},{\"opp\":\"2-1\",\"odds\":\"23.00\",\"header\":\"Away\"},{\"opp\":\"3-0\",\"odds\":\"81.00\",\"header\":\"Home\"},{\"opp\":\"3-0\",\"odds\":\"29.00\",\"header\":\"Away\"},{\"opp\":\"3-1\",\"odds\":\"126.00\",\"header\":\"Home\"},{\"opp\":\"3-1\",\"odds\":\"51.00\",\"header\":\"Away\"},{\"opp\":\"4-0\",\"odds\":\"81.00\",\"header\":\"Away\"}],\"both_teams_to_score_in_1st_half\":[{\"opp\":\"Yes\",\"odds\":\"5.00\"},{\"opp\":\"No\",\"odds\":\"1.14\"}],\"both_teams_to_score_in_2nd_half\":[{\"opp\":\"Yes\",\"odds\":\"4.00\"},{\"opp\":\"No\",\"odds\":\"1.22\"}],\"both_teams_to_score_1st_half_2nd_half\":[{\"opp\":\"Yes \\\/ Yes\",\"odds\":\"21.00\"},{\"opp\":\"Yes \\\/ No\",\"odds\":\"6.50\"},{\"opp\":\"No \\\/ Yes\",\"odds\":\"4.33\"},{\"opp\":\"No \\\/ No\",\"odds\":\"1.44\"}],\"1st_half_asian_handicap\":[{\"opp\":\"0.0, +0.5\",\"odds\":\"1.875\",\"header\":\"Home\"},{\"opp\":\"0.0, -0.5\",\"odds\":\"1.925\",\"header\":\"Away\"}],\"1st_half_goal_line\":[{\"goals\":\"1.0\",\"odds\":\"2.075\",\"header\":\"Over\"},{\"goals\":\"1.0\",\"odds\":\"1.725\",\"header\":\"Under\"}],\"alternative_1st_half_asian_handicap\":[{\"opp\":\"-0.5\",\"odds\":\"5.000\",\"header\":\"Home\"},{\"opp\":\"+0.5\",\"odds\":\"1.170\",\"header\":\"Away\"},{\"opp\":\"0.0, -0.5\",\"odds\":\"3.900\",\"header\":\"Home\"},{\"opp\":\"0.0, +0.5\",\"odds\":\"1.240\",\"header\":\"Away\"},{\"opp\":\"0.0\",\"odds\":\"2.850\",\"header\":\"Home\"},{\"opp\":\"0.0\",\"odds\":\"1.400\",\"header\":\"Away\"},{\"opp\":\"+0.5\",\"odds\":\"1.550\",\"header\":\"Home\"},{\"opp\":\"-0.5\",\"odds\":\"2.375\",\"header\":\"Away\"},{\"opp\":\"+0.5, +1.0\",\"odds\":\"1.350\",\"header\":\"Home\"},{\"opp\":\"-0.5, -1.0\",\"odds\":\"3.100\",\"header\":\"Away\"},{\"opp\":\"+1.0\",\"odds\":\"1.150\",\"header\":\"Home\"},{\"opp\":\"-1.0\",\"odds\":\"5.500\",\"header\":\"Away\"},{\"opp\":\"+1.0, +1.5\",\"odds\":\"1.125\",\"header\":\"Home\"},{\"opp\":\"-1.0, -1.5\",\"odds\":\"6.000\",\"header\":\"Away\"},{\"opp\":\"+1.5\",\"odds\":\"1.100\",\"header\":\"Home\"},{\"opp\":\"-1.5\",\"odds\":\"7.000\",\"header\":\"Away\"}],\"alternative_1st_half_goal_line\":[{\"goals\":\"0.5, 1.0\",\"odds\":\"1.650\",\"header\":\"Over\"},{\"goals\":\"0.5, 1.0\",\"odds\":\"2.200\",\"header\":\"Under\"},{\"goals\":\"1.0, 1.5\",\"odds\":\"2.600\",\"header\":\"Over\"},{\"goals\":\"1.0, 1.5\",\"odds\":\"1.475\",\"header\":\"Under\"},{\"goals\":\"1.5\",\"odds\":\"3.100\",\"header\":\"Over\"},{\"goals\":\"1.5\",\"odds\":\"1.350\",\"header\":\"Under\"},{\"goals\":\"1.5, 2.0\",\"odds\":\"4.150\",\"header\":\"Over\"},{\"goals\":\"1.5, 2.0\",\"odds\":\"1.220\",\"header\":\"Under\"},{\"goals\":\"2.0\",\"odds\":\"7.000\",\"header\":\"Over\"},{\"goals\":\"2.0\",\"odds\":\"1.100\",\"header\":\"Under\"}],\"1st_half_handicap\":[{\"opp\":\"NK Rudar Velenje  +1.0\",\"odds\":\"1.53\"},{\"opp\":\"Tie - FCSB -1.0\",\"odds\":\"3.25\"},{\"opp\":\"FCSB  -1.0\",\"odds\":\"7.00\"}],\"alternative_1st_half_handicap_result\":[{\"opp\":\"-1.0\",\"odds\":\"19.00\",\"header\":\"Home\"},{\"opp\":\"+1.0\",\"odds\":\"5.50\",\"header\":\"Tie\"},{\"opp\":\"+1.0\",\"odds\":\"1.18\",\"header\":\"Away\"},{\"opp\":\"+2.0\",\"odds\":\"1.08\",\"header\":\"Home\"},{\"opp\":\"-2.0\",\"odds\":\"8.00\",\"header\":\"Tie\"},{\"opp\":\"-2.0\",\"odds\":\"19.00\",\"header\":\"Away\"}],\"first_half_goals\":[{\"goals\":\"0.5\",\"odds\":\"1.44\",\"header\":\"Over\"},{\"goals\":\"0.5\",\"odds\":\"2.62\",\"header\":\"Under\"},{\"goals\":\"1.5\",\"odds\":\"3.25\",\"header\":\"Over\"},{\"goals\":\"1.5\",\"odds\":\"1.33\",\"header\":\"Under\"},{\"goals\":\"2.5\",\"odds\":\"9.00\",\"header\":\"Over\"},{\"goals\":\"2.5\",\"odds\":\"1.07\",\"header\":\"Under\"},{\"goals\":\"3.5\",\"odds\":\"23.00\",\"header\":\"Over\"},{\"goals\":\"3.5\",\"odds\":\"1.01\",\"header\":\"Under\"}],\"exact_1st_half_goals\":[{\"opp\":\"0 Goals\",\"odds\":\"2.62\"},{\"opp\":\"1 Goal\",\"odds\":\"2.50\"},{\"opp\":\"2 Goals\",\"odds\":\"4.33\"},{\"opp\":\"3 Goals\",\"odds\":\"11.00\"},{\"opp\":\"4 Goals\",\"odds\":\"34.00\"},{\"opp\":\"5+ Goals\",\"odds\":\"81.00\"}],\"first_half_corners\":[{\"opp\":\"4\",\"odds\":\"1.83\",\"header\":\"Over\"},{\"opp\":\"4\",\"odds\":\"5.00\",\"header\":\"Exactly\"},{\"opp\":\"4\",\"odds\":\"2.88\",\"header\":\"Under\"}],\"1st_half_asian_corners\":[{\"goals\":\"4.5\",\"odds\":\"1.900\",\"header\":\"Over\"},{\"goals\":\"4.5\",\"odds\":\"1.900\",\"header\":\"Under\"}],\"1st_half_goals_odd_even\":[{\"opp\":\"Odd\",\"odds\":\"2.10\"},{\"opp\":\"Even\",\"odds\":\"1.73\"}],\"to_score_in_half\":[{\"name\":\"1st Half\",\"odds\":\"3.00\",\"header\":\"Yes\"},{\"name\":\"1st Half\",\"odds\":\"1.36\",\"header\":\"No\"},{\"name\":\"2nd Half\",\"odds\":\"2.38\",\"header\":\"Yes\"},{\"name\":\"2nd Half\",\"odds\":\"1.53\",\"header\":\"No\"},{\"name\":\"1st Half\",\"odds\":\"1.83\",\"header\":\"Yes\"},{\"name\":\"1st Half\",\"odds\":\"1.83\",\"header\":\"No\"},{\"name\":\"2nd Half\",\"odds\":\"1.62\",\"header\":\"Yes\"},{\"name\":\"2nd Half\",\"odds\":\"2.20\",\"header\":\"No\"}],\"half_with_most_goals\":[{\"opp\":\"1st Half\",\"odds\":\"3.10\"},{\"opp\":\"2nd Half\",\"odds\":\"2.10\"},{\"opp\":\"Tie\",\"odds\":\"3.40\"}],\"home_team_highest_scoring_half\":[{\"opp\":\"NK Rudar Velenje - 1st Half\",\"odds\":\"4.00\"},{\"opp\":\"NK Rudar Velenje - 2nd Half\",\"odds\":\"3.10\"},{\"opp\":\"NK Rudar Velenje - Tie\",\"odds\":\"1.83\"}],\"away_team_highest_scoring_half\":[{\"opp\":\"FCSB - 1st Half\",\"odds\":\"3.25\"},{\"opp\":\"FCSB - 2nd Half\",\"odds\":\"2.38\"},{\"opp\":\"FCSB - Tie\",\"odds\":\"2.60\"}],\"2nd_half_result\":[{\"opp\":\"1\",\"odds\":\"4.50\"},{\"opp\":\"X\",\"odds\":\"2.40\"},{\"opp\":\"2\",\"odds\":\"2.10\"}],\"2nd_half_goals\":[{\"goals\":\"0.5\",\"odds\":\"1.29\",\"header\":\"Over\"},{\"goals\":\"0.5\",\"odds\":\"3.50\",\"header\":\"Under\"},{\"goals\":\"1.5\",\"odds\":\"2.25\",\"header\":\"Over\"},{\"goals\":\"1.5\",\"odds\":\"1.57\",\"header\":\"Under\"},{\"goals\":\"2.5\",\"odds\":\"5.50\",\"header\":\"Over\"},{\"goals\":\"2.5\",\"odds\":\"1.14\",\"header\":\"Under\"},{\"goals\":\"3.5\",\"odds\":\"15.00\",\"header\":\"Over\"},{\"goals\":\"3.5\",\"odds\":\"1.03\",\"header\":\"Under\"}],\"exact_2nd_half_goals\":[{\"opp\":\"0 Goals\",\"odds\":\"3.50\"},{\"opp\":\"1 Goal\",\"odds\":\"2.62\"},{\"opp\":\"2 Goals\",\"odds\":\"3.75\"},{\"opp\":\"3 Goals\",\"odds\":\"7.50\"},{\"opp\":\"4 Goals\",\"odds\":\"21.00\"},{\"opp\":\"5+ Goals\",\"odds\":\"34.00\"}],\"2nd_half_goals_odd_even\":[{\"opp\":\"Even\",\"odds\":\"1.73\"},{\"opp\":\"Odd\",\"odds\":\"2.00\"}]}},\"main\":{\"updated_at\":\"1532569798\",\"sp\":{\"full_time_result\":[{\"opp\":\"1\",\"odds\":\"4.50\"},{\"opp\":\"X\",\"odds\":\"3.50\"},{\"opp\":\"2\",\"odds\":\"1.70\"}],\"double_chance\":[{\"opp\":\"1X\",\"odds\":\"2.10\"},{\"opp\":\"X2\",\"odds\":\"1.17\"},{\"opp\":\"12\",\"odds\":\"1.29\"}],\"correct_score\":[{\"opp\":\"1-0\",\"odds\":\"11.00\",\"header\":\"Home\"},{\"opp\":\"0-0\",\"odds\":\"8.50\",\"header\":\"X\"},{\"opp\":\"1-0\",\"odds\":\"6.00\",\"header\":\"Away\"},{\"opp\":\"2-0\",\"odds\":\"21.00\",\"header\":\"Home\"},{\"opp\":\"1-1\",\"odds\":\"7.00\",\"header\":\"X\"},{\"opp\":\"2-0\",\"odds\":\"7.50\",\"header\":\"Away\"},{\"opp\":\"2-1\",\"odds\":\"15.00\",\"header\":\"Home\"},{\"opp\":\"2-2\",\"odds\":\"19.00\",\"header\":\"X\"},{\"opp\":\"2-1\",\"odds\":\"9.00\",\"header\":\"Away\"},{\"opp\":\"3-0\",\"odds\":\"51.00\",\"header\":\"Home\"},{\"opp\":\"3-3\",\"odds\":\"67.00\",\"header\":\"X\"},{\"opp\":\"3-0\",\"odds\":\"13.00\",\"header\":\"Away\"},{\"opp\":\"3-1\",\"odds\":\"41.00\",\"header\":\"Home\"},{\"opp\":\"3-1\",\"odds\":\"15.00\",\"header\":\"Away\"},{\"opp\":\"3-2\",\"odds\":\"41.00\",\"header\":\"Home\"},{\"opp\":\"3-2\",\"odds\":\"34.00\",\"header\":\"Away\"},{\"opp\":\"4-0\",\"odds\":\"126.00\",\"header\":\"Home\"},{\"opp\":\"4-0\",\"odds\":\"29.00\",\"header\":\"Away\"},{\"opp\":\"4-1\",\"odds\":\"101.00\",\"header\":\"Home\"},{\"opp\":\"4-1\",\"odds\":\"34.00\",\"header\":\"Away\"},{\"opp\":\"4-2\",\"odds\":\"126.00\",\"header\":\"Home\"},{\"opp\":\"4-2\",\"odds\":\"51.00\",\"header\":\"Away\"},{\"opp\":\"4-3\",\"odds\":\"126.00\",\"header\":\"Away\"},{\"opp\":\"5-0\",\"odds\":\"51.00\",\"header\":\"Away\"},{\"opp\":\"5-1\",\"odds\":\"67.00\",\"header\":\"Away\"},{\"opp\":\"5-2\",\"odds\":\"126.00\",\"header\":\"Away\"},{\"opp\":\"6-0\",\"odds\":\"151.00\",\"header\":\"Away\"},{\"opp\":\"6-1\",\"odds\":\"151.00\",\"header\":\"Away\"}],\"half_time_full_time\":[{\"opp\":\"NK Rudar Velenje - NK Rudar Velenje\",\"odds\":\"7.50\"},{\"opp\":\"NK Rudar Velenje - Draw\",\"odds\":\"17.00\"},{\"opp\":\"NK Rudar Velenje - FCSB\",\"odds\":\"23.00\"},{\"opp\":\"Draw - NK Rudar Velenje\",\"odds\":\"9.50\"},{\"opp\":\"Draw - Draw\",\"odds\":\"5.00\"},{\"opp\":\"Draw - FCSB\",\"odds\":\"4.50\"},{\"opp\":\"FCSB - NK Rudar Velenje\",\"odds\":\"41.00\"},{\"opp\":\"FCSB - Draw\",\"odds\":\"15.00\"},{\"opp\":\"FCSB - FCSB\",\"odds\":\"2.75\"}],\"goals_over_under\":[{\"goals\":\"2.5\",\"odds\":\"2.10\",\"header\":\"Over\"},{\"goals\":\"2.5\",\"odds\":\"1.70\",\"header\":\"Under\"}],\"both_teams_to_score\":[{\"opp\":\"Yes\",\"odds\":\"2.00\"},{\"opp\":\"No\",\"odds\":\"1.73\"}],\"asian_handicap\":[{\"opp\":\"+0.5, +1.0\",\"odds\":\"1.825\",\"header\":\"Home\"},{\"opp\":\"-0.5, -1.0\",\"odds\":\"1.975\",\"header\":\"Away\"}],\"goal_line\":[{\"goals\":\"2.0, 2.5\",\"odds\":\"1.875\",\"header\":\"Over\"},{\"goals\":\"2.0, 2.5\",\"odds\":\"1.925\",\"header\":\"Under\"}],\"alternative_asian_handicap\":[{\"opp\":\"-0.5, -1.0\",\"odds\":\"5.900\",\"header\":\"Home\"},{\"opp\":\"+0.5, +1.0\",\"odds\":\"1.130\",\"header\":\"Away\"},{\"opp\":\"-0.5\",\"odds\":\"4.400\",\"header\":\"Home\"},{\"opp\":\"+0.5\",\"odds\":\"1.200\",\"header\":\"Away\"},{\"opp\":\"0.0, -0.5\",\"odds\":\"3.900\",\"header\":\"Home\"},{\"opp\":\"0.0, +0.5\",\"odds\":\"1.240\",\"header\":\"Away\"},{\"opp\":\"0.0\",\"odds\":\"3.450\",\"header\":\"Home\"},{\"opp\":\"0.0\",\"odds\":\"1.300\",\"header\":\"Away\"},{\"opp\":\"0.0, +0.5\",\"odds\":\"2.425\",\"header\":\"Home\"},{\"opp\":\"0.0, -0.5\",\"odds\":\"1.525\",\"header\":\"Away\"},{\"opp\":\"+0.5\",\"odds\":\"2.075\",\"header\":\"Home\"},{\"opp\":\"-0.5\",\"odds\":\"1.725\",\"header\":\"Away\"},{\"opp\":\"+1.0\",\"odds\":\"1.575\",\"header\":\"Home\"},{\"opp\":\"-1.0\",\"odds\":\"2.350\",\"header\":\"Away\"},{\"opp\":\"+1.0, +1.5\",\"odds\":\"1.450\",\"header\":\"Home\"},{\"opp\":\"-1.0, -1.5\",\"odds\":\"2.675\",\"header\":\"Away\"},{\"opp\":\"+1.5\",\"odds\":\"1.350\",\"header\":\"Home\"},{\"opp\":\"-1.5\",\"odds\":\"3.100\",\"header\":\"Away\"},{\"opp\":\"+1.5, +2.0\",\"odds\":\"1.250\",\"header\":\"Home\"},{\"opp\":\"-1.5, -2.0\",\"odds\":\"3.800\",\"header\":\"Away\"},{\"opp\":\"+2.0\",\"odds\":\"1.150\",\"header\":\"Home\"},{\"opp\":\"-2.0\",\"odds\":\"5.500\",\"header\":\"Away\"},{\"opp\":\"+2.0, +2.5\",\"odds\":\"1.130\",\"header\":\"Home\"},{\"opp\":\"-2.0, -2.5\",\"odds\":\"5.900\",\"header\":\"Away\"},{\"opp\":\"+2.5\",\"odds\":\"1.115\",\"header\":\"Home\"},{\"opp\":\"-2.5\",\"odds\":\"6.400\",\"header\":\"Away\"}],\"alternative_goal_line\":[{\"goals\":\"1.0\",\"odds\":\"1.100\",\"header\":\"Over\"},{\"goals\":\"1.0\",\"odds\":\"7.000\",\"header\":\"Under\"},{\"goals\":\"1.0, 1.5\",\"odds\":\"1.240\",\"header\":\"Over\"},{\"goals\":\"1.0, 1.5\",\"odds\":\"3.900\",\"header\":\"Under\"},{\"goals\":\"1.5\",\"odds\":\"1.375\",\"header\":\"Over\"},{\"goals\":\"1.5\",\"odds\":\"3.000\",\"header\":\"Under\"},{\"goals\":\"1.5, 2.0\",\"odds\":\"1.450\",\"header\":\"Over\"},{\"goals\":\"1.5, 2.0\",\"odds\":\"2.675\",\"header\":\"Under\"},{\"goals\":\"2.0\",\"odds\":\"1.600\",\"header\":\"Over\"},{\"goals\":\"2.0\",\"odds\":\"2.300\",\"header\":\"Under\"},{\"goals\":\"2.5\",\"odds\":\"2.100\",\"header\":\"Over\"},{\"goals\":\"2.5\",\"odds\":\"1.700\",\"header\":\"Under\"},{\"goals\":\"2.5, 3.0\",\"odds\":\"2.425\",\"header\":\"Over\"},{\"goals\":\"2.5, 3.0\",\"odds\":\"1.525\",\"header\":\"Under\"},{\"goals\":\"3.0\",\"odds\":\"3.100\",\"header\":\"Over\"},{\"goals\":\"3.0\",\"odds\":\"1.350\",\"header\":\"Under\"},{\"goals\":\"3.0, 3.5\",\"odds\":\"3.450\",\"header\":\"Over\"},{\"goals\":\"3.0, 3.5\",\"odds\":\"1.300\",\"header\":\"Under\"},{\"goals\":\"3.5\",\"odds\":\"3.800\",\"header\":\"Over\"},{\"goals\":\"3.5\",\"odds\":\"1.250\",\"header\":\"Under\"},{\"goals\":\"3.5, 4.0\",\"odds\":\"4.800\",\"header\":\"Over\"},{\"goals\":\"3.5, 4.0\",\"odds\":\"1.175\",\"header\":\"Under\"},{\"goals\":\"4.0\",\"odds\":\"6.800\",\"header\":\"Over\"},{\"goals\":\"4.0\",\"odds\":\"1.105\",\"header\":\"Under\"}],\"draw_no_bet\":[{\"opp\":\"NK Rudar Velenje\",\"odds\":\"3.40\"},{\"opp\":\"FCSB\",\"odds\":\"1.30\"}],\"result_both_teams_to_score\":[{\"name\":\"NK Rudar Velenje\",\"odds\":\"9.50\",\"header\":\"Yes\"},{\"name\":\"NK Rudar Velenje\",\"odds\":\"7.00\",\"header\":\"No\"},{\"name\":\"FCSB\",\"odds\":\"4.33\",\"header\":\"Yes\"},{\"name\":\"FCSB\",\"odds\":\"2.75\",\"header\":\"No\"},{\"name\":\"Draw\",\"odds\":\"5.00\",\"header\":\"Yes\"},{\"name\":\"Draw\",\"odds\":\"8.50\",\"header\":\"No\"}],\"handicap_result\":[{\"opp\":\"NK Rudar Velenje (+1)\",\"odds\":\"2.10\"},{\"opp\":\"Tie - (FCSB -1)\",\"odds\":\"3.50\"},{\"opp\":\"FCSB (-1)\",\"odds\":\"3.00\"}],\"alternative_handicap_result\":[{\"opp\":\"-2.0\",\"odds\":\"19.00\",\"header\":\"Home\"},{\"opp\":\"+2.0\",\"odds\":\"11.00\",\"header\":\"Tie\"},{\"opp\":\"+2.0\",\"odds\":\"1.05\",\"header\":\"Away\"},{\"opp\":\"-1.0\",\"odds\":\"10.00\",\"header\":\"Home\"},{\"opp\":\"+1.0\",\"odds\":\"6.00\",\"header\":\"Tie\"},{\"opp\":\"+1.0\",\"odds\":\"1.17\",\"header\":\"Away\"},{\"opp\":\"+2.0\",\"odds\":\"1.33\",\"header\":\"Home\"},{\"opp\":\"-2.0\",\"odds\":\"5.00\",\"header\":\"Tie\"},{\"opp\":\"-2.0\",\"odds\":\"6.00\",\"header\":\"Away\"},{\"opp\":\"+3.0\",\"odds\":\"1.08\",\"header\":\"Home\"},{\"opp\":\"-3.0\",\"odds\":\"8.50\",\"header\":\"Tie\"},{\"opp\":\"-3.0\",\"odds\":\"13.00\",\"header\":\"Away\"}],\"winning_margin\":[{\"goals\":\" 1\",\"odds\":\"6.00\",\"header\":\"Home\"},{\"goals\":\" 1\",\"odds\":\"3.50\",\"header\":\"Away\"},{\"goals\":\" 2\",\"odds\":\"11.00\",\"header\":\"Home\"},{\"goals\":\" 2\",\"odds\":\"5.00\",\"header\":\"Away\"},{\"goals\":\" 3\",\"odds\":\"41.00\",\"header\":\"Home\"},{\"goals\":\" 3\",\"odds\":\"8.50\",\"header\":\"Away\"},{\"goals\":\" 4+\",\"odds\":\"101.00\",\"header\":\"Home\"},{\"goals\":\" 4+\",\"odds\":\"13.00\",\"header\":\"Away\"},{\"goals\":\"Score Draw\",\"odds\":\"5.00\",\"header\":\"Home\"},{\"goals\":\"No Goal\",\"odds\":\"8.50\",\"header\":\"Home\"}]}},\"schedule\":{\"updated_at\":\"1532570184\",\"sp\":{\"main\":[{\"odds\":\"4.50\"},{\"odds\":\"3.50\"},{\"odds\":\"1.70\"}]}},\"specials\":{\"updated_at\":\"1532569992\",\"sp\":{\"specials\":[{\"name\":\"To Win From Behind\",\"odds\":\"17.00\",\"header\":\"Home\"},{\"name\":\"To Win From Behind\",\"odds\":\"8.00\",\"header\":\"Away\"},{\"name\":\"To Win to Nil\",\"odds\":\"7.00\",\"header\":\"Home\"},{\"name\":\"To Win to Nil\",\"odds\":\"2.75\",\"header\":\"Away\"},{\"name\":\"To Win Either Half\",\"odds\":\"2.62\",\"header\":\"Home\"},{\"name\":\"To Win Either Half\",\"odds\":\"1.44\",\"header\":\"Away\"},{\"name\":\"To Win Both Halves\",\"odds\":\"23.00\",\"header\":\"Home\"},{\"name\":\"To Win Both Halves\",\"odds\":\"5.00\",\"header\":\"Away\"},{\"name\":\"To Score in Both Halves\",\"odds\":\"7.00\",\"header\":\"Home\"},{\"name\":\"To Score in Both Halves\",\"odds\":\"3.00\",\"header\":\"Away\"}],\"to_score_in_half\":[{\"name\":\"1st Half\",\"odds\":\"3.00\",\"header\":\"Yes\"},{\"name\":\"1st Half\",\"odds\":\"1.36\",\"header\":\"No\"},{\"name\":\"2nd Half\",\"odds\":\"2.38\",\"header\":\"Yes\"},{\"name\":\"2nd Half\",\"odds\":\"1.53\",\"header\":\"No\"},{\"name\":\"1st Half\",\"odds\":\"1.83\",\"header\":\"Yes\"},{\"name\":\"1st Half\",\"odds\":\"1.83\",\"header\":\"No\"},{\"name\":\"2nd Half\",\"odds\":\"1.62\",\"header\":\"Yes\"},{\"name\":\"2nd Half\",\"odds\":\"2.20\",\"header\":\"No\"}]}}}]}"}