{"odd":"{\"success\":1,\"results\":[{\"FI\":\"75382864\",\"event_id\":\"838559\",\"goals\":{\"updated_at\":\"1532569839\",\"sp\":{\"goals_over_under\":[{\"goals\":\"2.5\",\"odds\":\"1.50\",\"header\":\"Over\"},{\"goals\":\"2.5\",\"odds\":\"2.50\",\"header\":\"Under\"}],\"first_team_to_score\":[{\"opp\":\"Torpedo Vladimir\",\"odds\":\"1.14\"},{\"opp\":\"No Goals\",\"odds\":\"13.00\"},{\"opp\":\"FK Kolomna\",\"odds\":\"6.00\"}],\"home_team_highest_scoring_half\":[{\"opp\":\"Torpedo Vladimir - 1st Half\",\"odds\":\"2.88\"},{\"opp\":\"Torpedo Vladimir - 2nd Half\",\"odds\":\"2.00\"},{\"opp\":\"Torpedo Vladimir - Tie\",\"odds\":\"3.60\"}],\"away_team_highest_scoring_half\":[{\"opp\":\"FK Kolomna - 1st Half\",\"odds\":\"5.50\"},{\"opp\":\"FK Kolomna - 2nd Half\",\"odds\":\"4.00\"},{\"opp\":\"FK Kolomna - Tie\",\"odds\":\"1.50\"}],\"goals_odd_even\":[{\"opp\":\"Even\",\"odds\":\"1.90\"},{\"opp\":\"Odd\",\"odds\":\"1.95\"}],\"home_team_odd_even_goals\":[{\"opp\":\"Torpedo Vladimir - Even\",\"odds\":\"1.83\"},{\"opp\":\"Torpedo Vladimir - Odd\",\"odds\":\"1.83\"}],\"away_team_odd_even_goals\":[{\"opp\":\"FK Kolomna - Even\",\"odds\":\"1.40\"},{\"opp\":\"FK Kolomna - Odd\",\"odds\":\"2.75\"}],\"1st_half_goals_odd_even\":[{\"opp\":\"Odd\",\"odds\":\"2.00\"},{\"opp\":\"Even\",\"odds\":\"1.80\"}]}},\"half\":{\"updated_at\":\"1532569860\",\"sp\":{\"half_time_result\":[{\"opp\":\"1\",\"odds\":\"1.53\"},{\"opp\":\"X\",\"odds\":\"2.75\"},{\"opp\":\"2\",\"odds\":\"10.00\"}],\"half_time_double_chance\":[{\"opp\":\"1X\",\"odds\":\"1.06\"},{\"opp\":\"X2\",\"odds\":\"2.38\"},{\"opp\":\"12\",\"odds\":\"1.40\"}],\"half_time_correct_score\":[{\"opp\":\"1-0\",\"odds\":\"3.20\",\"header\":\"Home\"},{\"opp\":\"0-0\",\"odds\":\"3.50\",\"header\":\"X\"},{\"opp\":\"1-0\",\"odds\":\"13.00\",\"header\":\"Away\"},{\"opp\":\"2-0\",\"odds\":\"5.00\",\"header\":\"Home\"},{\"opp\":\"1-1\",\"odds\":\"13.00\",\"header\":\"X\"},{\"opp\":\"2-0\",\"odds\":\"51.00\",\"header\":\"Away\"},{\"opp\":\"2-1\",\"odds\":\"23.00\",\"header\":\"Home\"},{\"opp\":\"2-2\",\"odds\":\"81.00\",\"header\":\"X\"},{\"opp\":\"2-1\",\"odds\":\"51.00\",\"header\":\"Away\"},{\"opp\":\"3-0\",\"odds\":\"10.00\",\"header\":\"Home\"},{\"opp\":\"3-1\",\"odds\":\"41.00\",\"header\":\"Home\"},{\"opp\":\"4-0\",\"odds\":\"23.00\",\"header\":\"Home\"},{\"opp\":\"5-0\",\"odds\":\"51.00\",\"header\":\"Home\"}],\"1st_half_goals_odd_even\":[{\"opp\":\"Odd\",\"odds\":\"2.00\"},{\"opp\":\"Even\",\"odds\":\"1.80\"}],\"home_team_highest_scoring_half\":[{\"opp\":\"Torpedo Vladimir - 1st Half\",\"odds\":\"2.88\"},{\"opp\":\"Torpedo Vladimir - 2nd Half\",\"odds\":\"2.00\"},{\"opp\":\"Torpedo Vladimir - Tie\",\"odds\":\"3.60\"}],\"away_team_highest_scoring_half\":[{\"opp\":\"FK Kolomna - 1st Half\",\"odds\":\"5.50\"},{\"opp\":\"FK Kolomna - 2nd Half\",\"odds\":\"4.00\"},{\"opp\":\"FK Kolomna - Tie\",\"odds\":\"1.50\"}],\"2nd_half_goals_odd_even\":[{\"opp\":\"Even\",\"odds\":\"1.80\"},{\"opp\":\"Odd\",\"odds\":\"1.91\"}]}},\"main\":{\"updated_at\":\"1532570456\",\"sp\":{\"full_time_result\":[{\"opp\":\"1\",\"odds\":\"1.18\"},{\"opp\":\"X\",\"odds\":\"5.50\"},{\"opp\":\"2\",\"odds\":\"12.00\"}],\"double_chance\":[{\"opp\":\"1X\",\"odds\":\"1.02\"},{\"opp\":\"X2\",\"odds\":\"4.50\"},{\"opp\":\"12\",\"odds\":\"1.12\"}],\"correct_score\":[{\"opp\":\"1-0\",\"odds\":\"8.00\",\"header\":\"Home\"},{\"opp\":\"0-0\",\"odds\":\"13.00\",\"header\":\"X\"},{\"opp\":\"1-0\",\"odds\":\"34.00\",\"header\":\"Away\"},{\"opp\":\"2-0\",\"odds\":\"6.50\",\"header\":\"Home\"},{\"opp\":\"1-1\",\"odds\":\"12.00\",\"header\":\"X\"},{\"opp\":\"2-0\",\"odds\":\"51.00\",\"header\":\"Away\"},{\"opp\":\"2-1\",\"odds\":\"12.00\",\"header\":\"Home\"},{\"opp\":\"2-2\",\"odds\":\"29.00\",\"header\":\"X\"},{\"opp\":\"2-1\",\"odds\":\"41.00\",\"header\":\"Away\"},{\"opp\":\"3-0\",\"odds\":\"7.00\",\"header\":\"Home\"},{\"opp\":\"3-3\",\"odds\":\"81.00\",\"header\":\"X\"},{\"opp\":\"3-1\",\"odds\":\"81.00\",\"header\":\"Away\"},{\"opp\":\"3-1\",\"odds\":\"13.00\",\"header\":\"Home\"},{\"opp\":\"3-2\",\"odds\":\"81.00\",\"header\":\"Away\"},{\"opp\":\"3-2\",\"odds\":\"41.00\",\"header\":\"Home\"},{\"opp\":\"4-0\",\"odds\":\"9.00\",\"header\":\"Home\"},{\"opp\":\"4-1\",\"odds\":\"19.00\",\"header\":\"Home\"},{\"opp\":\"4-2\",\"odds\":\"51.00\",\"header\":\"Home\"},{\"opp\":\"5-0\",\"odds\":\"15.00\",\"header\":\"Home\"},{\"opp\":\"5-1\",\"odds\":\"29.00\",\"header\":\"Home\"},{\"opp\":\"5-2\",\"odds\":\"67.00\",\"header\":\"Home\"},{\"opp\":\"6-0\",\"odds\":\"26.00\",\"header\":\"Home\"},{\"opp\":\"6-1\",\"odds\":\"51.00\",\"header\":\"Home\"},{\"opp\":\"7-0\",\"odds\":\"41.00\",\"header\":\"Home\"},{\"opp\":\"7-1\",\"odds\":\"81.00\",\"header\":\"Home\"},{\"opp\":\"8-0\",\"odds\":\"67.00\",\"header\":\"Home\"}],\"half_time_full_time\":[{\"opp\":\"Torpedo Vladimir - Torpedo Vladimir\",\"odds\":\"1.62\"},{\"opp\":\"Torpedo Vladimir - Draw\",\"odds\":\"21.00\"},{\"opp\":\"Torpedo Vladimir - FK Kolomna\",\"odds\":\"51.00\"},{\"opp\":\"Draw - Torpedo Vladimir\",\"odds\":\"4.00\"},{\"opp\":\"Draw - Draw\",\"odds\":\"9.50\"},{\"opp\":\"Draw - FK Kolomna\",\"odds\":\"21.00\"},{\"opp\":\"FK Kolomna - Torpedo Vladimir\",\"odds\":\"21.00\"},{\"opp\":\"FK Kolomna - Draw\",\"odds\":\"29.00\"},{\"opp\":\"FK Kolomna - FK Kolomna\",\"odds\":\"21.00\"}],\"goals_over_under\":[{\"goals\":\"2.5\",\"odds\":\"1.50\",\"header\":\"Over\"},{\"goals\":\"2.5\",\"odds\":\"2.50\",\"header\":\"Under\"}],\"draw_no_bet\":[{\"opp\":\"Torpedo Vladimir\",\"odds\":\"1.05\"},{\"opp\":\"FK Kolomna\",\"odds\":\"8.50\"}]}},\"schedule\":{\"updated_at\":\"1532570184\",\"sp\":{\"main\":[{\"odds\":\"1.18\"},{\"odds\":\"5.50\"},{\"odds\":\"12.00\"}]}}}]}"}