{"odd":"{\"success\":1,\"results\":[{\"FI\":\"75405876\",\"event_id\":\"847782\",\"goals\":{\"updated_at\":\"1532570339\",\"sp\":{\"goals_over_under\":[{\"goals\":\"2.5\",\"odds\":\"2.75\",\"header\":\"Over\"},{\"goals\":\"2.5\",\"odds\":\"1.43\",\"header\":\"Under\"}],\"first_team_to_score\":[{\"opp\":\"Canon de Yaounde\",\"odds\":\"1.44\"},{\"opp\":\"No Goals\",\"odds\":\"5.50\"},{\"opp\":\"Renaissance Ngoumou\",\"odds\":\"4.00\"}],\"home_team_highest_scoring_half\":[{\"opp\":\"Canon de Yaounde - 1st Half\",\"odds\":\"3.40\"},{\"opp\":\"Canon de Yaounde - 2nd Half\",\"odds\":\"2.50\"},{\"opp\":\"Canon de Yaounde - Tie\",\"odds\":\"2.40\"}],\"away_team_highest_scoring_half\":[{\"opp\":\"Renaissance Ngoumou - 1st Half\",\"odds\":\"5.00\"},{\"opp\":\"Renaissance Ngoumou - 2nd Half\",\"odds\":\"4.00\"},{\"opp\":\"Renaissance Ngoumou - Tie\",\"odds\":\"1.50\"}],\"goals_odd_even\":[{\"opp\":\"Even\",\"odds\":\"1.90\"},{\"opp\":\"Odd\",\"odds\":\"1.95\"}],\"home_team_odd_even_goals\":[{\"opp\":\"Canon de Yaounde - Even\",\"odds\":\"1.73\"},{\"opp\":\"Canon de Yaounde - Odd\",\"odds\":\"2.00\"}],\"away_team_odd_even_goals\":[{\"opp\":\"Renaissance Ngoumou - Even\",\"odds\":\"1.40\"},{\"opp\":\"Renaissance Ngoumou - Odd\",\"odds\":\"2.75\"}],\"1st_half_goals_odd_even\":[{\"opp\":\"Odd\",\"odds\":\"2.30\"},{\"opp\":\"Even\",\"odds\":\"1.62\"}]}},\"half\":{\"updated_at\":\"1532569872\",\"sp\":{\"half_time_result\":[{\"opp\":\"1\",\"odds\":\"2.30\"},{\"opp\":\"X\",\"odds\":\"1.91\"},{\"opp\":\"2\",\"odds\":\"6.00\"}],\"half_time_double_chance\":[{\"opp\":\"1X\",\"odds\":\"1.12\"},{\"opp\":\"X2\",\"odds\":\"1.57\"},{\"opp\":\"12\",\"odds\":\"1.80\"}],\"half_time_correct_score\":[{\"opp\":\"1-0\",\"odds\":\"3.40\",\"header\":\"Home\"},{\"opp\":\"0-0\",\"odds\":\"2.20\",\"header\":\"X\"},{\"opp\":\"1-0\",\"odds\":\"7.50\",\"header\":\"Away\"},{\"opp\":\"2-0\",\"odds\":\"8.50\",\"header\":\"Home\"},{\"opp\":\"1-1\",\"odds\":\"15.00\",\"header\":\"X\"},{\"opp\":\"2-0\",\"odds\":\"34.00\",\"header\":\"Away\"},{\"opp\":\"2-1\",\"odds\":\"41.00\",\"header\":\"Home\"},{\"opp\":\"2-2\",\"odds\":\"81.00\",\"header\":\"X\"},{\"opp\":\"2-1\",\"odds\":\"51.00\",\"header\":\"Away\"},{\"opp\":\"3-0\",\"odds\":\"26.00\",\"header\":\"Home\"},{\"opp\":\"4-0\",\"odds\":\"67.00\",\"header\":\"Home\"}],\"1st_half_goals_odd_even\":[{\"opp\":\"Odd\",\"odds\":\"2.30\"},{\"opp\":\"Even\",\"odds\":\"1.62\"}],\"home_team_highest_scoring_half\":[{\"opp\":\"Canon de Yaounde - 1st Half\",\"odds\":\"3.40\"},{\"opp\":\"Canon de Yaounde - 2nd Half\",\"odds\":\"2.50\"},{\"opp\":\"Canon de Yaounde - Tie\",\"odds\":\"2.40\"}],\"away_team_highest_scoring_half\":[{\"opp\":\"Renaissance Ngoumou - 1st Half\",\"odds\":\"5.00\"},{\"opp\":\"Renaissance Ngoumou - 2nd Half\",\"odds\":\"4.00\"},{\"opp\":\"Renaissance Ngoumou - Tie\",\"odds\":\"1.50\"}],\"2nd_half_goals_odd_even\":[{\"opp\":\"Even\",\"odds\":\"1.67\"},{\"opp\":\"Odd\",\"odds\":\"2.10\"}]}},\"main\":{\"updated_at\":\"1532570332\",\"sp\":{\"full_time_result\":[{\"opp\":\"1\",\"odds\":\"1.62\"},{\"opp\":\"X\",\"odds\":\"3.40\"},{\"opp\":\"2\",\"odds\":\"5.00\"}],\"double_chance\":[{\"opp\":\"1X\",\"odds\":\"1.14\"},{\"opp\":\"X2\",\"odds\":\"2.20\"},{\"opp\":\"12\",\"odds\":\"1.30\"}],\"correct_score\":[{\"opp\":\"1-0\",\"odds\":\"4.50\",\"header\":\"Home\"},{\"opp\":\"0-0\",\"odds\":\"5.50\",\"header\":\"X\"},{\"opp\":\"1-0\",\"odds\":\"9.50\",\"header\":\"Away\"},{\"opp\":\"2-0\",\"odds\":\"6.00\",\"header\":\"Home\"},{\"opp\":\"1-1\",\"odds\":\"8.50\",\"header\":\"X\"},{\"opp\":\"2-0\",\"odds\":\"23.00\",\"header\":\"Away\"},{\"opp\":\"2-1\",\"odds\":\"12.00\",\"header\":\"Home\"},{\"opp\":\"2-2\",\"odds\":\"34.00\",\"header\":\"X\"},{\"opp\":\"2-1\",\"odds\":\"21.00\",\"header\":\"Away\"},{\"opp\":\"3-0\",\"odds\":\"11.00\",\"header\":\"Home\"},{\"opp\":\"3-0\",\"odds\":\"51.00\",\"header\":\"Away\"},{\"opp\":\"3-1\",\"odds\":\"21.00\",\"header\":\"Home\"},{\"opp\":\"3-1\",\"odds\":\"51.00\",\"header\":\"Away\"},{\"opp\":\"3-2\",\"odds\":\"51.00\",\"header\":\"Home\"},{\"opp\":\"3-2\",\"odds\":\"81.00\",\"header\":\"Away\"},{\"opp\":\"4-0\",\"odds\":\"23.00\",\"header\":\"Home\"},{\"opp\":\"4-1\",\"odds\":\"41.00\",\"header\":\"Home\"},{\"opp\":\"5-0\",\"odds\":\"41.00\",\"header\":\"Home\"},{\"opp\":\"5-1\",\"odds\":\"81.00\",\"header\":\"Home\"}],\"half_time_full_time\":[{\"opp\":\"Canon de Yaounde - Canon de Yaounde\",\"odds\":\"2.62\"},{\"opp\":\"Canon de Yaounde - Draw\",\"odds\":\"19.00\"},{\"opp\":\"Canon de Yaounde - Renaissance Ngoumou\",\"odds\":\"41.00\"},{\"opp\":\"Draw - Canon de Yaounde\",\"odds\":\"4.00\"},{\"opp\":\"Draw - Draw\",\"odds\":\"4.33\"},{\"opp\":\"Draw - Renaissance Ngoumou\",\"odds\":\"11.00\"},{\"opp\":\"Renaissance Ngoumou - Canon de Yaounde\",\"odds\":\"29.00\"},{\"opp\":\"Renaissance Ngoumou - Draw\",\"odds\":\"21.00\"},{\"opp\":\"Renaissance Ngoumou - Renaissance Ngoumou\",\"odds\":\"10.00\"}],\"goals_over_under\":[{\"goals\":\"2.5\",\"odds\":\"2.75\",\"header\":\"Over\"},{\"goals\":\"2.5\",\"odds\":\"1.43\",\"header\":\"Under\"}],\"draw_no_bet\":[{\"opp\":\"Canon de Yaounde\",\"odds\":\"1.25\"},{\"opp\":\"Renaissance Ngoumou\",\"odds\":\"3.75\"}]}},\"schedule\":{\"updated_at\":\"1532570184\",\"sp\":{\"main\":[{\"odds\":\"1.62\"},{\"odds\":\"3.40\"},{\"odds\":\"5.00\"}]}}}]}"}