{"odd":"{\"success\":1,\"results\":[{\"FI\":\"75367803\",\"event_id\":\"841125\",\"asian_lines\":{\"updated_at\":\"1532569921\",\"sp\":{\"asian_handicap\":[{\"opp\":\"+0.5\",\"odds\":\"2.000\",\"header\":\"Home\"},{\"opp\":\"-0.5\",\"odds\":\"1.800\",\"header\":\"Away\"}],\"goal_line\":[{\"goals\":\"2.5\",\"odds\":\"2.100\",\"header\":\"Over\"},{\"goals\":\"2.5\",\"odds\":\"1.700\",\"header\":\"Under\"}],\"alternative_asian_handicap\":[{\"opp\":\"-0.5, -1.0\",\"odds\":\"5.500\",\"header\":\"Home\"},{\"opp\":\"+0.5, +1.0\",\"odds\":\"1.150\",\"header\":\"Away\"},{\"opp\":\"-0.5\",\"odds\":\"4.000\",\"header\":\"Home\"},{\"opp\":\"+0.5\",\"odds\":\"1.230\",\"header\":\"Away\"},{\"opp\":\"0.0, -0.5\",\"odds\":\"3.550\",\"header\":\"Home\"},{\"opp\":\"0.0, +0.5\",\"odds\":\"1.275\",\"header\":\"Away\"},{\"opp\":\"0.0\",\"odds\":\"3.100\",\"header\":\"Home\"},{\"opp\":\"0.0\",\"odds\":\"1.350\",\"header\":\"Away\"},{\"opp\":\"0.0, +0.5\",\"odds\":\"2.350\",\"header\":\"Home\"},{\"opp\":\"0.0, -0.5\",\"odds\":\"1.575\",\"header\":\"Away\"},{\"opp\":\"+0.5, +1.0\",\"odds\":\"1.750\",\"header\":\"Home\"},{\"opp\":\"-0.5, -1.0\",\"odds\":\"2.050\",\"header\":\"Away\"},{\"opp\":\"+1.0\",\"odds\":\"1.525\",\"header\":\"Home\"},{\"opp\":\"-1.0\",\"odds\":\"2.425\",\"header\":\"Away\"},{\"opp\":\"+1.0, +1.5\",\"odds\":\"1.400\",\"header\":\"Home\"},{\"opp\":\"-1.0, -1.5\",\"odds\":\"2.850\",\"header\":\"Away\"},{\"opp\":\"+1.5\",\"odds\":\"1.325\",\"header\":\"Home\"},{\"opp\":\"-1.5\",\"odds\":\"3.300\",\"header\":\"Away\"},{\"opp\":\"+1.5, +2.0\",\"odds\":\"1.230\",\"header\":\"Home\"},{\"opp\":\"-1.5, -2.0\",\"odds\":\"4.000\",\"header\":\"Away\"},{\"opp\":\"+2.0\",\"odds\":\"1.130\",\"header\":\"Home\"},{\"opp\":\"-2.0\",\"odds\":\"5.900\",\"header\":\"Away\"},{\"opp\":\"+2.0, +2.5\",\"odds\":\"1.115\",\"header\":\"Home\"},{\"opp\":\"-2.0, -2.5\",\"odds\":\"6.400\",\"header\":\"Away\"},{\"opp\":\"+2.5\",\"odds\":\"1.105\",\"header\":\"Home\"},{\"opp\":\"-2.5\",\"odds\":\"6.800\",\"header\":\"Away\"}],\"alternative_goal_line\":[{\"goals\":\"1.0\",\"odds\":\"1.100\",\"header\":\"Over\"},{\"goals\":\"1.0\",\"odds\":\"7.000\",\"header\":\"Under\"},{\"goals\":\"1.0, 1.5\",\"odds\":\"1.230\",\"header\":\"Over\"},{\"goals\":\"1.0, 1.5\",\"odds\":\"4.000\",\"header\":\"Under\"},{\"goals\":\"1.5\",\"odds\":\"1.375\",\"header\":\"Over\"},{\"goals\":\"1.5\",\"odds\":\"3.000\",\"header\":\"Under\"},{\"goals\":\"1.5, 2.0\",\"odds\":\"1.450\",\"header\":\"Over\"},{\"goals\":\"1.5, 2.0\",\"odds\":\"2.675\",\"header\":\"Under\"},{\"goals\":\"2.0\",\"odds\":\"1.600\",\"header\":\"Over\"},{\"goals\":\"2.0\",\"odds\":\"2.300\",\"header\":\"Under\"},{\"goals\":\"2.0, 2.5\",\"odds\":\"1.850\",\"header\":\"Over\"},{\"goals\":\"2.0, 2.5\",\"odds\":\"1.950\",\"header\":\"Under\"},{\"goals\":\"2.5, 3.0\",\"odds\":\"2.425\",\"header\":\"Over\"},{\"goals\":\"2.5, 3.0\",\"odds\":\"1.525\",\"header\":\"Under\"},{\"goals\":\"3.0\",\"odds\":\"3.100\",\"header\":\"Over\"},{\"goals\":\"3.0\",\"odds\":\"1.350\",\"header\":\"Under\"},{\"goals\":\"3.0, 3.5\",\"odds\":\"3.450\",\"header\":\"Over\"},{\"goals\":\"3.0, 3.5\",\"odds\":\"1.300\",\"header\":\"Under\"},{\"goals\":\"3.5\",\"odds\":\"3.700\",\"header\":\"Over\"},{\"goals\":\"3.5\",\"odds\":\"1.260\",\"header\":\"Under\"},{\"goals\":\"3.5, 4.0\",\"odds\":\"4.650\",\"header\":\"Over\"},{\"goals\":\"3.5, 4.0\",\"odds\":\"1.180\",\"header\":\"Under\"},{\"goals\":\"4.0\",\"odds\":\"6.800\",\"header\":\"Over\"},{\"goals\":\"4.0\",\"odds\":\"1.105\",\"header\":\"Under\"}],\"1st_half_asian_handicap\":[{\"opp\":\"0.0, +0.5\",\"odds\":\"1.800\",\"header\":\"Home\"},{\"opp\":\"0.0, -0.5\",\"odds\":\"2.000\",\"header\":\"Away\"}],\"1st_half_goal_line\":[{\"goals\":\"1.0\",\"odds\":\"2.075\",\"header\":\"Over\"},{\"goals\":\"1.0\",\"odds\":\"1.725\",\"header\":\"Under\"}],\"alternative_1st_half_asian_handicap\":[{\"opp\":\"-0.5, -1.0\",\"odds\":\"6.800\",\"header\":\"Home\"},{\"opp\":\"+0.5, +1.0\",\"odds\":\"1.105\",\"header\":\"Away\"},{\"opp\":\"-0.5\",\"odds\":\"4.500\",\"header\":\"Home\"},{\"opp\":\"+0.5\",\"odds\":\"1.190\",\"header\":\"Away\"},{\"opp\":\"0.0, -0.5\",\"odds\":\"3.700\",\"header\":\"Home\"},{\"opp\":\"0.0, +0.5\",\"odds\":\"1.260\",\"header\":\"Away\"},{\"opp\":\"0.0\",\"odds\":\"2.675\",\"header\":\"Home\"},{\"opp\":\"0.0\",\"odds\":\"1.450\",\"header\":\"Away\"},{\"opp\":\"+0.5\",\"odds\":\"1.500\",\"header\":\"Home\"},{\"opp\":\"-0.5\",\"odds\":\"2.500\",\"header\":\"Away\"},{\"opp\":\"+0.5, +1.0\",\"odds\":\"1.325\",\"header\":\"Home\"},{\"opp\":\"-0.5, -1.0\",\"odds\":\"3.300\",\"header\":\"Away\"},{\"opp\":\"+1.0\",\"odds\":\"1.140\",\"header\":\"Home\"},{\"opp\":\"-1.0\",\"odds\":\"5.750\",\"header\":\"Away\"},{\"opp\":\"+1.0, +1.5\",\"odds\":\"1.110\",\"header\":\"Home\"},{\"opp\":\"-1.0, -1.5\",\"odds\":\"6.600\",\"header\":\"Away\"}],\"alternative_1st_half_goal_line\":[{\"goals\":\"0.5, 1.0\",\"odds\":\"1.650\",\"header\":\"Over\"},{\"goals\":\"0.5, 1.0\",\"odds\":\"2.200\",\"header\":\"Under\"},{\"goals\":\"1.0, 1.5\",\"odds\":\"2.600\",\"header\":\"Over\"},{\"goals\":\"1.0, 1.5\",\"odds\":\"1.475\",\"header\":\"Under\"},{\"goals\":\"1.5\",\"odds\":\"3.100\",\"header\":\"Over\"},{\"goals\":\"1.5\",\"odds\":\"1.350\",\"header\":\"Under\"},{\"goals\":\"1.5, 2.0\",\"odds\":\"4.150\",\"header\":\"Over\"},{\"goals\":\"1.5, 2.0\",\"odds\":\"1.220\",\"header\":\"Under\"},{\"goals\":\"2.0\",\"odds\":\"7.000\",\"header\":\"Over\"},{\"goals\":\"2.0\",\"odds\":\"1.100\",\"header\":\"Under\"}],\"asian_total_corners\":[{\"goals\":\"9.5\",\"odds\":\"2.000\",\"header\":\"Over\"},{\"goals\":\"9.5\",\"odds\":\"1.800\",\"header\":\"Under\"}],\"1st_half_asian_corners\":[{\"goals\":\"4.5\",\"odds\":\"2.000\",\"header\":\"Over\"},{\"goals\":\"4.5\",\"odds\":\"1.800\",\"header\":\"Under\"}]}},\"corners\":{\"updated_at\":\"1532569933\",\"sp\":{\"corners\":[{\"opp\":\"Over 9\",\"odds\":\"1.91\"},{\"opp\":\"Exactly 9\",\"odds\":\"7.00\"},{\"opp\":\"Under 9\",\"odds\":\"2.30\"}],\"total_corners\":[{\"opp\":\"Under 6\",\"odds\":\"9.00\"},{\"opp\":\"6 - 8\",\"odds\":\"2.88\"},{\"opp\":\"9 - 11\",\"odds\":\"2.50\"},{\"opp\":\"12 - 14\",\"odds\":\"4.75\"},{\"opp\":\"Over 14\",\"odds\":\"13.00\"}],\"alternative_corners\":[{\"goals\":\"3\",\"odds\":\"1.01\",\"header\":\"Over\"},{\"goals\":\"3\",\"odds\":\"29.00\",\"header\":\"Exactly\"},{\"goals\":\"3\",\"odds\":\"41.00\",\"header\":\"Under\"},{\"goals\":\"4\",\"odds\":\"1.02\",\"header\":\"Over\"},{\"goals\":\"4\",\"odds\":\"19.00\",\"header\":\"Exactly\"},{\"goals\":\"4\",\"odds\":\"26.00\",\"header\":\"Under\"},{\"goals\":\"5\",\"odds\":\"1.06\",\"header\":\"Over\"},{\"goals\":\"5\",\"odds\":\"15.00\",\"header\":\"Exactly\"},{\"goals\":\"5\",\"odds\":\"15.00\",\"header\":\"Under\"},{\"goals\":\"6\",\"odds\":\"1.17\",\"header\":\"Over\"},{\"goals\":\"6\",\"odds\":\"10.00\",\"header\":\"Exactly\"},{\"goals\":\"6\",\"odds\":\"8.50\",\"header\":\"Under\"},{\"goals\":\"7\",\"odds\":\"1.33\",\"header\":\"Over\"},{\"goals\":\"7\",\"odds\":\"8.00\",\"header\":\"Exactly\"},{\"goals\":\"7\",\"odds\":\"5.00\",\"header\":\"Under\"},{\"goals\":\"8\",\"odds\":\"1.57\",\"header\":\"Over\"},{\"goals\":\"8\",\"odds\":\"7.00\",\"header\":\"Exactly\"},{\"goals\":\"8\",\"odds\":\"3.25\",\"header\":\"Under\"},{\"goals\":\"10\",\"odds\":\"2.62\",\"header\":\"Over\"},{\"goals\":\"10\",\"odds\":\"7.50\",\"header\":\"Exactly\"},{\"goals\":\"10\",\"odds\":\"1.80\",\"header\":\"Under\"},{\"goals\":\"11\",\"odds\":\"3.60\",\"header\":\"Over\"},{\"goals\":\"11\",\"odds\":\"8.50\",\"header\":\"Exactly\"},{\"goals\":\"11\",\"odds\":\"1.44\",\"header\":\"Under\"},{\"goals\":\"12\",\"odds\":\"5.50\",\"header\":\"Over\"},{\"goals\":\"12\",\"odds\":\"10.00\",\"header\":\"Exactly\"},{\"goals\":\"12\",\"odds\":\"1.25\",\"header\":\"Under\"},{\"goals\":\"13\",\"odds\":\"8.00\",\"header\":\"Over\"},{\"goals\":\"13\",\"odds\":\"12.00\",\"header\":\"Exactly\"},{\"goals\":\"13\",\"odds\":\"1.14\",\"header\":\"Under\"},{\"goals\":\"14\",\"odds\":\"13.00\",\"header\":\"Over\"},{\"goals\":\"14\",\"odds\":\"17.00\",\"header\":\"Exactly\"},{\"goals\":\"14\",\"odds\":\"1.06\",\"header\":\"Under\"},{\"goals\":\"15\",\"odds\":\"17.00\",\"header\":\"Over\"},{\"goals\":\"15\",\"odds\":\"21.00\",\"header\":\"Exactly\"},{\"goals\":\"15\",\"odds\":\"1.04\",\"header\":\"Under\"},{\"goals\":\"16\",\"odds\":\"23.00\",\"header\":\"Over\"},{\"goals\":\"16\",\"odds\":\"26.00\",\"header\":\"Exactly\"},{\"goals\":\"16\",\"odds\":\"1.02\",\"header\":\"Under\"},{\"goals\":\"17\",\"odds\":\"34.00\",\"header\":\"Over\"},{\"goals\":\"17\",\"odds\":\"34.00\",\"header\":\"Exactly\"},{\"goals\":\"17\",\"odds\":\"1.01\",\"header\":\"Under\"}],\"corners_2_way\":[{\"opp\":\"Over 9.5\",\"odds\":\"1.91\"},{\"opp\":\"Under 9.5\",\"odds\":\"1.80\"}],\"first_half_corners\":[{\"opp\":\"4\",\"odds\":\"2.00\",\"header\":\"Over\"},{\"opp\":\"4\",\"odds\":\"4.75\",\"header\":\"Exactly\"},{\"opp\":\"4\",\"odds\":\"2.75\",\"header\":\"Under\"}],\"asian_total_corners\":[{\"goals\":\"9.5\",\"odds\":\"2.000\",\"header\":\"Over\"},{\"goals\":\"9.5\",\"odds\":\"1.800\",\"header\":\"Under\"}],\"1st_half_asian_corners\":[{\"goals\":\"4.5\",\"odds\":\"2.000\",\"header\":\"Over\"},{\"goals\":\"4.5\",\"odds\":\"1.800\",\"header\":\"Under\"}]}},\"goals\":{\"updated_at\":\"1532569961\",\"sp\":{\"goals_over_under\":[{\"goals\":\"2.5\",\"odds\":\"2.10\",\"header\":\"Over\"},{\"goals\":\"2.5\",\"odds\":\"1.70\",\"header\":\"Under\"}],\"alternative_total_goals\":[{\"goals\":\"0.5\",\"odds\":\"1.04\",\"header\":\"Over \"},{\"goals\":\"0.5\",\"odds\":\"9.50\",\"header\":\"Under\"},{\"goals\":\"1.5\",\"odds\":\"1.30\",\"header\":\"Over \"},{\"goals\":\"1.5\",\"odds\":\"3.40\",\"header\":\"Under\"},{\"goals\":\"3.5\",\"odds\":\"3.50\",\"header\":\"Over \"},{\"goals\":\"3.5\",\"odds\":\"1.29\",\"header\":\"Under\"},{\"goals\":\"4.5\",\"odds\":\"6.50\",\"header\":\"Over \"},{\"goals\":\"4.5\",\"odds\":\"1.10\",\"header\":\"Under\"},{\"goals\":\"5.5\",\"odds\":\"10.00\",\"header\":\"Over \"},{\"goals\":\"5.5\",\"odds\":\"1.03\",\"header\":\"Under\"}],\"result_total_goals\":[{\"opp\":\"Chikhura Sachkhere & Over 2.5\",\"odds\":\"7.00\"},{\"opp\":\"Chikhura Sachkhere & Under 2.5\",\"odds\":\"8.00\"},{\"opp\":\"Draw & Over 2.5\",\"odds\":\"15.00\"},{\"opp\":\"Draw & Under  2.5\",\"odds\":\"4.33\"},{\"opp\":\"NK Maribor & Over 2.5\",\"odds\":\"3.00\"},{\"opp\":\"NK Maribor & Under 2.5\",\"odds\":\"4.00\"}],\"total_goals_both_teams_to_score\":[{\"opp\":\"Over 2.5 & Yes\",\"odds\":\"2.40\"},{\"opp\":\"Over 2.5 & No\",\"odds\":\"8.00\"},{\"opp\":\"Under 2.5 & Yes\",\"odds\":\"7.00\"},{\"opp\":\"Under 2.5 & No\",\"odds\":\"2.25\"}],\"exact_total_goals\":[{\"opp\":\"0 Goals\",\"odds\":\"9.50\"},{\"opp\":\"1 Goal\",\"odds\":\"4.50\"},{\"opp\":\"2 Goals\",\"odds\":\"3.50\"},{\"opp\":\"3 Goals\",\"odds\":\"4.33\"},{\"opp\":\"4 Goals\",\"odds\":\"6.00\"},{\"opp\":\"5 Goals\",\"odds\":\"12.00\"},{\"opp\":\"6 Goals\",\"odds\":\"23.00\"},{\"opp\":\"7+ Goals\",\"odds\":\"17.00\"}],\"number_of_goals_in_match\":[{\"opp\":\"Under 2 goals\",\"odds\":\"3.40\"},{\"opp\":\"2 or 3 goals\",\"odds\":\"2.00\"},{\"opp\":\"Over 3 goals\",\"odds\":\"3.50\"}],\"both_teams_to_score\":[{\"opp\":\"Yes\",\"odds\":\"1.83\"},{\"opp\":\"No\",\"odds\":\"1.83\"}],\"teams_to_score\":[{\"opp\":\"Both Teams\",\"odds\":\"1.83\"},{\"opp\":\"Chikhura Sachkhere Only\",\"odds\":\"6.50\"},{\"opp\":\"No Goal\",\"odds\":\"9.50\"},{\"opp\":\"NK Maribor Only\",\"odds\":\"2.88\"}],\"both_teams_to_score_in_1st_half\":[{\"opp\":\"Yes\",\"odds\":\"5.00\"},{\"opp\":\"No\",\"odds\":\"1.14\"}],\"both_teams_to_score_in_2nd_half\":[{\"opp\":\"Yes\",\"odds\":\"3.75\"},{\"opp\":\"No\",\"odds\":\"1.25\"}],\"both_teams_to_score_1st_half_2nd_half\":[{\"opp\":\"Yes \\\/ Yes\",\"odds\":\"19.00\"},{\"opp\":\"Yes \\\/ No\",\"odds\":\"6.50\"},{\"opp\":\"No \\\/ Yes\",\"odds\":\"4.00\"},{\"opp\":\"No \\\/ No\",\"odds\":\"1.50\"}],\"first_half_goals\":[{\"goals\":\"0.5\",\"odds\":\"1.40\",\"header\":\"Over\"},{\"goals\":\"0.5\",\"odds\":\"2.75\",\"header\":\"Under\"},{\"goals\":\"1.5\",\"odds\":\"3.00\",\"header\":\"Over\"},{\"goals\":\"1.5\",\"odds\":\"1.36\",\"header\":\"Under\"},{\"goals\":\"2.5\",\"odds\":\"8.00\",\"header\":\"Over\"},{\"goals\":\"2.5\",\"odds\":\"1.08\",\"header\":\"Under\"},{\"goals\":\"3.5\",\"odds\":\"21.00\",\"header\":\"Over\"},{\"goals\":\"3.5\",\"odds\":\"1.02\",\"header\":\"Under\"}],\"exact_1st_half_goals\":[{\"opp\":\"0 Goals\",\"odds\":\"2.75\"},{\"opp\":\"1 Goal\",\"odds\":\"2.50\"},{\"opp\":\"2 Goals\",\"odds\":\"4.33\"},{\"opp\":\"3 Goals\",\"odds\":\"11.00\"},{\"opp\":\"4 Goals\",\"odds\":\"34.00\"},{\"opp\":\"5+ Goals\",\"odds\":\"67.00\"}],\"first_team_to_score\":[{\"opp\":\"Chikhura Sachkhere\",\"odds\":\"2.75\"},{\"opp\":\"No Goals\",\"odds\":\"9.50\"},{\"opp\":\"NK Maribor\",\"odds\":\"1.53\"}],\"2nd_half_goals\":[{\"goals\":\"0.5\",\"odds\":\"1.25\",\"header\":\"Over\"},{\"goals\":\"0.5\",\"odds\":\"3.75\",\"header\":\"Under\"},{\"goals\":\"1.5\",\"odds\":\"2.10\",\"header\":\"Over\"},{\"goals\":\"1.5\",\"odds\":\"1.67\",\"header\":\"Under\"},{\"goals\":\"2.5\",\"odds\":\"4.50\",\"header\":\"Over\"},{\"goals\":\"2.5\",\"odds\":\"1.18\",\"header\":\"Under\"},{\"goals\":\"3.5\",\"odds\":\"13.00\",\"header\":\"Over\"},{\"goals\":\"3.5\",\"odds\":\"1.04\",\"header\":\"Under\"}],\"exact_2nd_half_goals\":[{\"opp\":\"0 Goals\",\"odds\":\"3.75\"},{\"opp\":\"1 Goal\",\"odds\":\"2.75\"},{\"opp\":\"2 Goals\",\"odds\":\"3.60\"},{\"opp\":\"3 Goals\",\"odds\":\"7.00\"},{\"opp\":\"4 Goals\",\"odds\":\"17.00\"},{\"opp\":\"5+ Goals\",\"odds\":\"29.00\"}],\"half_with_most_goals\":[{\"opp\":\"1st Half\",\"odds\":\"3.10\"},{\"opp\":\"2nd Half\",\"odds\":\"2.05\"},{\"opp\":\"Tie\",\"odds\":\"3.50\"}],\"home_team_highest_scoring_half\":[{\"opp\":\"Chikhura Sachkhere - 1st Half\",\"odds\":\"4.00\"},{\"opp\":\"Chikhura Sachkhere - 2nd Half\",\"odds\":\"2.88\"},{\"opp\":\"Chikhura Sachkhere - Tie\",\"odds\":\"1.95\"}],\"away_team_highest_scoring_half\":[{\"opp\":\"NK Maribor - 1st Half\",\"odds\":\"3.40\"},{\"opp\":\"NK Maribor - 2nd Half\",\"odds\":\"2.38\"},{\"opp\":\"NK Maribor - Tie\",\"odds\":\"2.60\"}],\"home_team_exact_goals\":[{\"opp\":\"Chikhura Sachkhere - 0 Goals\",\"odds\":\"2.38\"},{\"opp\":\"Chikhura Sachkhere - 1 Goal\",\"odds\":\"2.50\"},{\"opp\":\"Chikhura Sachkhere - 2 Goals\",\"odds\":\"5.00\"},{\"opp\":\"Chikhura Sachkhere - 3+ Goals\",\"odds\":\"8.50\"}],\"away_team_exact_goals\":[{\"opp\":\"NK Maribor - 0 Goals\",\"odds\":\"4.33\"},{\"opp\":\"NK Maribor - 1 Goal\",\"odds\":\"2.88\"},{\"opp\":\"NK Maribor - 2 Goals\",\"odds\":\"3.50\"},{\"opp\":\"NK Maribor - 3+ Goals\",\"odds\":\"4.00\"}],\"goals_odd_even\":[{\"opp\":\"Even\",\"odds\":\"1.90\"},{\"opp\":\"Odd\",\"odds\":\"1.95\"}],\"home_team_odd_even_goals\":[{\"opp\":\"Chikhura Sachkhere - Even\",\"odds\":\"1.62\"},{\"opp\":\"Chikhura Sachkhere - Odd\",\"odds\":\"2.20\"}],\"away_team_odd_even_goals\":[{\"opp\":\"NK Maribor - Even\",\"odds\":\"1.80\"},{\"opp\":\"NK Maribor - Odd\",\"odds\":\"1.91\"}],\"1st_half_goals_odd_even\":[{\"opp\":\"Odd\",\"odds\":\"2.10\"},{\"opp\":\"Even\",\"odds\":\"1.73\"}],\"last_team_to_score\":[{\"opp\":\"Chikhura Sachkhere\",\"odds\":\"2.75\"},{\"opp\":\"No Goal\",\"odds\":\"9.50\"},{\"opp\":\"NK Maribor\",\"odds\":\"1.53\"}]}},\"half\":{\"updated_at\":\"1532569979\",\"sp\":{\"half_time_result\":[{\"opp\":\"1\",\"odds\":\"4.50\"},{\"opp\":\"X\",\"odds\":\"2.10\"},{\"opp\":\"2\",\"odds\":\"2.40\"}],\"half_time_double_chance\":[{\"opp\":\"1X\",\"odds\":\"1.53\"},{\"opp\":\"X2\",\"odds\":\"1.18\"},{\"opp\":\"12\",\"odds\":\"1.67\"}],\"half_time_result_both_teams_to_score\":[{\"opp\":\"Chikhura Sachkhere & Yes\",\"odds\":\"29.00\"},{\"opp\":\"Chikhura Sachkhere & No\",\"odds\":\"5.00\"},{\"opp\":\"Draw & Yes\",\"odds\":\"8.50\"},{\"opp\":\"Draw & No\",\"odds\":\"2.75\"},{\"opp\":\"NK Maribor & Yes\",\"odds\":\"17.00\"},{\"opp\":\"NK Maribor & No\",\"odds\":\"2.75\"}],\"half_time_result_total_goals\":[{\"opp\":\"Chikhura Sachkhere & Over 1.5\",\"odds\":\"13.00\"},{\"opp\":\"Chikhura Sachkhere & Under 1.5\",\"odds\":\"6.00\"},{\"opp\":\"Draw & Over 1.5\",\"odds\":\"8.50\"},{\"opp\":\"Draw & Under 1.5\",\"odds\":\"2.75\"},{\"opp\":\"NK Maribor & Over 1.5\",\"odds\":\"6.00\"},{\"opp\":\"NK Maribor & Under 1.5\",\"odds\":\"3.75\"}],\"half_time_correct_score\":[{\"opp\":\"1-0\",\"odds\":\"6.00\",\"header\":\"Home\"},{\"opp\":\"0-0\",\"odds\":\"2.75\",\"header\":\"X\"},{\"opp\":\"1-0\",\"odds\":\"3.75\",\"header\":\"Away\"},{\"opp\":\"2-0\",\"odds\":\"23.00\",\"header\":\"Home\"},{\"opp\":\"1-1\",\"odds\":\"8.50\",\"header\":\"X\"},{\"opp\":\"2-0\",\"odds\":\"9.50\",\"header\":\"Away\"},{\"opp\":\"2-1\",\"odds\":\"34.00\",\"header\":\"Home\"},{\"opp\":\"2-2\",\"odds\":\"67.00\",\"header\":\"X\"},{\"opp\":\"2-1\",\"odds\":\"23.00\",\"header\":\"Away\"},{\"opp\":\"3-0\",\"odds\":\"81.00\",\"header\":\"Home\"},{\"opp\":\"3-0\",\"odds\":\"34.00\",\"header\":\"Away\"},{\"opp\":\"3-1\",\"odds\":\"101.00\",\"header\":\"Home\"},{\"opp\":\"3-1\",\"odds\":\"51.00\",\"header\":\"Away\"},{\"opp\":\"4-0\",\"odds\":\"81.00\",\"header\":\"Away\"}],\"both_teams_to_score_in_1st_half\":[{\"opp\":\"Yes\",\"odds\":\"5.00\"},{\"opp\":\"No\",\"odds\":\"1.14\"}],\"both_teams_to_score_in_2nd_half\":[{\"opp\":\"Yes\",\"odds\":\"3.75\"},{\"opp\":\"No\",\"odds\":\"1.25\"}],\"both_teams_to_score_1st_half_2nd_half\":[{\"opp\":\"Yes \\\/ Yes\",\"odds\":\"19.00\"},{\"opp\":\"Yes \\\/ No\",\"odds\":\"6.50\"},{\"opp\":\"No \\\/ Yes\",\"odds\":\"4.00\"},{\"opp\":\"No \\\/ No\",\"odds\":\"1.50\"}],\"1st_half_asian_handicap\":[{\"opp\":\"0.0, +0.5\",\"odds\":\"1.800\",\"header\":\"Home\"},{\"opp\":\"0.0, -0.5\",\"odds\":\"2.000\",\"header\":\"Away\"}],\"1st_half_goal_line\":[{\"goals\":\"1.0\",\"odds\":\"2.075\",\"header\":\"Over\"},{\"goals\":\"1.0\",\"odds\":\"1.725\",\"header\":\"Under\"}],\"alternative_1st_half_asian_handicap\":[{\"opp\":\"-0.5, -1.0\",\"odds\":\"6.800\",\"header\":\"Home\"},{\"opp\":\"+0.5, +1.0\",\"odds\":\"1.105\",\"header\":\"Away\"},{\"opp\":\"-0.5\",\"odds\":\"4.500\",\"header\":\"Home\"},{\"opp\":\"+0.5\",\"odds\":\"1.190\",\"header\":\"Away\"},{\"opp\":\"0.0, -0.5\",\"odds\":\"3.700\",\"header\":\"Home\"},{\"opp\":\"0.0, +0.5\",\"odds\":\"1.260\",\"header\":\"Away\"},{\"opp\":\"0.0\",\"odds\":\"2.675\",\"header\":\"Home\"},{\"opp\":\"0.0\",\"odds\":\"1.450\",\"header\":\"Away\"},{\"opp\":\"+0.5\",\"odds\":\"1.500\",\"header\":\"Home\"},{\"opp\":\"-0.5\",\"odds\":\"2.500\",\"header\":\"Away\"},{\"opp\":\"+0.5, +1.0\",\"odds\":\"1.325\",\"header\":\"Home\"},{\"opp\":\"-0.5, -1.0\",\"odds\":\"3.300\",\"header\":\"Away\"},{\"opp\":\"+1.0\",\"odds\":\"1.140\",\"header\":\"Home\"},{\"opp\":\"-1.0\",\"odds\":\"5.750\",\"header\":\"Away\"},{\"opp\":\"+1.0, +1.5\",\"odds\":\"1.110\",\"header\":\"Home\"},{\"opp\":\"-1.0, -1.5\",\"odds\":\"6.600\",\"header\":\"Away\"}],\"alternative_1st_half_goal_line\":[{\"goals\":\"0.5, 1.0\",\"odds\":\"1.650\",\"header\":\"Over\"},{\"goals\":\"0.5, 1.0\",\"odds\":\"2.200\",\"header\":\"Under\"},{\"goals\":\"1.0, 1.5\",\"odds\":\"2.600\",\"header\":\"Over\"},{\"goals\":\"1.0, 1.5\",\"odds\":\"1.475\",\"header\":\"Under\"},{\"goals\":\"1.5\",\"odds\":\"3.100\",\"header\":\"Over\"},{\"goals\":\"1.5\",\"odds\":\"1.350\",\"header\":\"Under\"},{\"goals\":\"1.5, 2.0\",\"odds\":\"4.150\",\"header\":\"Over\"},{\"goals\":\"1.5, 2.0\",\"odds\":\"1.220\",\"header\":\"Under\"},{\"goals\":\"2.0\",\"odds\":\"7.000\",\"header\":\"Over\"},{\"goals\":\"2.0\",\"odds\":\"1.100\",\"header\":\"Under\"}],\"1st_half_handicap\":[{\"opp\":\"Chikhura Sachkhere  +1.0\",\"odds\":\"1.53\"},{\"opp\":\"Tie - NK Maribor -1.0\",\"odds\":\"3.25\"},{\"opp\":\"NK Maribor  -1.0\",\"odds\":\"7.00\"}],\"alternative_1st_half_handicap_result\":[{\"opp\":\"-1.0\",\"odds\":\"17.00\",\"header\":\"Home\"},{\"opp\":\"+1.0\",\"odds\":\"5.00\",\"header\":\"Tie\"},{\"opp\":\"+1.0\",\"odds\":\"1.18\",\"header\":\"Away\"},{\"opp\":\"+2.0\",\"odds\":\"1.08\",\"header\":\"Home\"},{\"opp\":\"-2.0\",\"odds\":\"8.00\",\"header\":\"Tie\"},{\"opp\":\"-2.0\",\"odds\":\"19.00\",\"header\":\"Away\"}],\"first_half_goals\":[{\"goals\":\"0.5\",\"odds\":\"1.40\",\"header\":\"Over\"},{\"goals\":\"0.5\",\"odds\":\"2.75\",\"header\":\"Under\"},{\"goals\":\"1.5\",\"odds\":\"3.00\",\"header\":\"Over\"},{\"goals\":\"1.5\",\"odds\":\"1.36\",\"header\":\"Under\"},{\"goals\":\"2.5\",\"odds\":\"8.00\",\"header\":\"Over\"},{\"goals\":\"2.5\",\"odds\":\"1.08\",\"header\":\"Under\"},{\"goals\":\"3.5\",\"odds\":\"21.00\",\"header\":\"Over\"},{\"goals\":\"3.5\",\"odds\":\"1.02\",\"header\":\"Under\"}],\"exact_1st_half_goals\":[{\"opp\":\"0 Goals\",\"odds\":\"2.75\"},{\"opp\":\"1 Goal\",\"odds\":\"2.50\"},{\"opp\":\"2 Goals\",\"odds\":\"4.33\"},{\"opp\":\"3 Goals\",\"odds\":\"11.00\"},{\"opp\":\"4 Goals\",\"odds\":\"34.00\"},{\"opp\":\"5+ Goals\",\"odds\":\"67.00\"}],\"first_half_corners\":[{\"opp\":\"4\",\"odds\":\"2.00\",\"header\":\"Over\"},{\"opp\":\"4\",\"odds\":\"4.75\",\"header\":\"Exactly\"},{\"opp\":\"4\",\"odds\":\"2.75\",\"header\":\"Under\"}],\"1st_half_asian_corners\":[{\"goals\":\"4.5\",\"odds\":\"2.000\",\"header\":\"Over\"},{\"goals\":\"4.5\",\"odds\":\"1.800\",\"header\":\"Under\"}],\"1st_half_goals_odd_even\":[{\"opp\":\"Odd\",\"odds\":\"2.10\"},{\"opp\":\"Even\",\"odds\":\"1.73\"}],\"to_score_in_half\":[{\"name\":\"1st Half\",\"odds\":\"2.62\",\"header\":\"Yes\"},{\"name\":\"1st Half\",\"odds\":\"1.44\",\"header\":\"No\"},{\"name\":\"2nd Half\",\"odds\":\"2.20\",\"header\":\"Yes\"},{\"name\":\"2nd Half\",\"odds\":\"1.62\",\"header\":\"No\"},{\"name\":\"1st Half\",\"odds\":\"1.83\",\"header\":\"Yes\"},{\"name\":\"1st Half\",\"odds\":\"1.83\",\"header\":\"No\"},{\"name\":\"2nd Half\",\"odds\":\"1.57\",\"header\":\"Yes\"},{\"name\":\"2nd Half\",\"odds\":\"2.25\",\"header\":\"No\"}],\"half_with_most_goals\":[{\"opp\":\"1st Half\",\"odds\":\"3.10\"},{\"opp\":\"2nd Half\",\"odds\":\"2.05\"},{\"opp\":\"Tie\",\"odds\":\"3.50\"}],\"home_team_highest_scoring_half\":[{\"opp\":\"Chikhura Sachkhere - 1st Half\",\"odds\":\"4.00\"},{\"opp\":\"Chikhura Sachkhere - 2nd Half\",\"odds\":\"2.88\"},{\"opp\":\"Chikhura Sachkhere - Tie\",\"odds\":\"1.95\"}],\"away_team_highest_scoring_half\":[{\"opp\":\"NK Maribor - 1st Half\",\"odds\":\"3.40\"},{\"opp\":\"NK Maribor - 2nd Half\",\"odds\":\"2.38\"},{\"opp\":\"NK Maribor - Tie\",\"odds\":\"2.60\"}],\"2nd_half_result\":[{\"opp\":\"1\",\"odds\":\"4.00\"},{\"opp\":\"X\",\"odds\":\"2.50\"},{\"opp\":\"2\",\"odds\":\"2.20\"}],\"2nd_half_goals\":[{\"goals\":\"0.5\",\"odds\":\"1.25\",\"header\":\"Over\"},{\"goals\":\"0.5\",\"odds\":\"3.75\",\"header\":\"Under\"},{\"goals\":\"1.5\",\"odds\":\"2.10\",\"header\":\"Over\"},{\"goals\":\"1.5\",\"odds\":\"1.67\",\"header\":\"Under\"},{\"goals\":\"2.5\",\"odds\":\"4.50\",\"header\":\"Over\"},{\"goals\":\"2.5\",\"odds\":\"1.18\",\"header\":\"Under\"},{\"goals\":\"3.5\",\"odds\":\"13.00\",\"header\":\"Over\"},{\"goals\":\"3.5\",\"odds\":\"1.04\",\"header\":\"Under\"}],\"exact_2nd_half_goals\":[{\"opp\":\"0 Goals\",\"odds\":\"3.75\"},{\"opp\":\"1 Goal\",\"odds\":\"2.75\"},{\"opp\":\"2 Goals\",\"odds\":\"3.60\"},{\"opp\":\"3 Goals\",\"odds\":\"7.00\"},{\"opp\":\"4 Goals\",\"odds\":\"17.00\"},{\"opp\":\"5+ Goals\",\"odds\":\"29.00\"}],\"2nd_half_goals_odd_even\":[{\"opp\":\"Even\",\"odds\":\"1.80\"},{\"opp\":\"Odd\",\"odds\":\"1.91\"}]}},\"main\":{\"updated_at\":\"1532570424\",\"sp\":{\"full_time_result\":[{\"opp\":\"1\",\"odds\":\"4.20\"},{\"opp\":\"X\",\"odds\":\"3.50\"},{\"opp\":\"2\",\"odds\":\"1.75\"}],\"double_chance\":[{\"opp\":\"1X\",\"odds\":\"2.00\"},{\"opp\":\"X2\",\"odds\":\"1.22\"},{\"opp\":\"12\",\"odds\":\"1.29\"}],\"correct_score\":[{\"opp\":\"1-0\",\"odds\":\"11.00\",\"header\":\"Home\"},{\"opp\":\"0-0\",\"odds\":\"9.50\",\"header\":\"X\"},{\"opp\":\"1-0\",\"odds\":\"7.00\",\"header\":\"Away\"},{\"opp\":\"2-0\",\"odds\":\"21.00\",\"header\":\"Home\"},{\"opp\":\"1-1\",\"odds\":\"7.00\",\"header\":\"X\"},{\"opp\":\"2-0\",\"odds\":\"8.50\",\"header\":\"Away\"},{\"opp\":\"2-1\",\"odds\":\"15.00\",\"header\":\"Home\"},{\"opp\":\"2-2\",\"odds\":\"17.00\",\"header\":\"X\"},{\"opp\":\"2-1\",\"odds\":\"9.00\",\"header\":\"Away\"},{\"opp\":\"3-0\",\"odds\":\"41.00\",\"header\":\"Home\"},{\"opp\":\"3-3\",\"odds\":\"51.00\",\"header\":\"X\"},{\"opp\":\"3-0\",\"odds\":\"15.00\",\"header\":\"Away\"},{\"opp\":\"3-1\",\"odds\":\"34.00\",\"header\":\"Home\"},{\"opp\":\"3-1\",\"odds\":\"15.00\",\"header\":\"Away\"},{\"opp\":\"3-2\",\"odds\":\"41.00\",\"header\":\"Home\"},{\"opp\":\"3-2\",\"odds\":\"29.00\",\"header\":\"Away\"},{\"opp\":\"4-0\",\"odds\":\"101.00\",\"header\":\"Home\"},{\"opp\":\"4-0\",\"odds\":\"29.00\",\"header\":\"Away\"},{\"opp\":\"4-1\",\"odds\":\"81.00\",\"header\":\"Home\"},{\"opp\":\"4-1\",\"odds\":\"34.00\",\"header\":\"Away\"},{\"opp\":\"4-2\",\"odds\":\"101.00\",\"header\":\"Home\"},{\"opp\":\"4-2\",\"odds\":\"51.00\",\"header\":\"Away\"},{\"opp\":\"4-3\",\"odds\":\"151.00\",\"header\":\"Home\"},{\"opp\":\"4-3\",\"odds\":\"101.00\",\"header\":\"Away\"},{\"opp\":\"5-0\",\"odds\":\"51.00\",\"header\":\"Away\"},{\"opp\":\"5-1\",\"odds\":\"67.00\",\"header\":\"Away\"},{\"opp\":\"5-2\",\"odds\":\"101.00\",\"header\":\"Away\"},{\"opp\":\"6-0\",\"odds\":\"151.00\",\"header\":\"Away\"},{\"opp\":\"6-1\",\"odds\":\"151.00\",\"header\":\"Away\"}],\"half_time_full_time\":[{\"opp\":\"Chikhura Sachkhere - Chikhura Sachkhere\",\"odds\":\"7.00\"},{\"opp\":\"Chikhura Sachkhere - Draw\",\"odds\":\"17.00\"},{\"opp\":\"Chikhura Sachkhere - NK Maribor\",\"odds\":\"23.00\"},{\"opp\":\"Draw - Chikhura Sachkhere\",\"odds\":\"8.50\"},{\"opp\":\"Draw - Draw\",\"odds\":\"5.50\"},{\"opp\":\"Draw - NK Maribor\",\"odds\":\"4.75\"},{\"opp\":\"NK Maribor - Chikhura Sachkhere\",\"odds\":\"34.00\"},{\"opp\":\"NK Maribor - Draw\",\"odds\":\"15.00\"},{\"opp\":\"NK Maribor - NK Maribor\",\"odds\":\"2.88\"}],\"goals_over_under\":[{\"goals\":\"2.5\",\"odds\":\"2.10\",\"header\":\"Over\"},{\"goals\":\"2.5\",\"odds\":\"1.70\",\"header\":\"Under\"}],\"both_teams_to_score\":[{\"opp\":\"Yes\",\"odds\":\"1.83\"},{\"opp\":\"No\",\"odds\":\"1.83\"}],\"asian_handicap\":[{\"opp\":\"+0.5\",\"odds\":\"2.000\",\"header\":\"Home\"},{\"opp\":\"-0.5\",\"odds\":\"1.800\",\"header\":\"Away\"}],\"goal_line\":[{\"goals\":\"2.5\",\"odds\":\"2.100\",\"header\":\"Over\"},{\"goals\":\"2.5\",\"odds\":\"1.700\",\"header\":\"Under\"}],\"alternative_asian_handicap\":[{\"opp\":\"-0.5, -1.0\",\"odds\":\"5.500\",\"header\":\"Home\"},{\"opp\":\"+0.5, +1.0\",\"odds\":\"1.150\",\"header\":\"Away\"},{\"opp\":\"-0.5\",\"odds\":\"4.000\",\"header\":\"Home\"},{\"opp\":\"+0.5\",\"odds\":\"1.230\",\"header\":\"Away\"},{\"opp\":\"0.0, -0.5\",\"odds\":\"3.550\",\"header\":\"Home\"},{\"opp\":\"0.0, +0.5\",\"odds\":\"1.275\",\"header\":\"Away\"},{\"opp\":\"0.0\",\"odds\":\"3.100\",\"header\":\"Home\"},{\"opp\":\"0.0\",\"odds\":\"1.350\",\"header\":\"Away\"},{\"opp\":\"0.0, +0.5\",\"odds\":\"2.350\",\"header\":\"Home\"},{\"opp\":\"0.0, -0.5\",\"odds\":\"1.575\",\"header\":\"Away\"},{\"opp\":\"+0.5, +1.0\",\"odds\":\"1.750\",\"header\":\"Home\"},{\"opp\":\"-0.5, -1.0\",\"odds\":\"2.050\",\"header\":\"Away\"},{\"opp\":\"+1.0\",\"odds\":\"1.525\",\"header\":\"Home\"},{\"opp\":\"-1.0\",\"odds\":\"2.425\",\"header\":\"Away\"},{\"opp\":\"+1.0, +1.5\",\"odds\":\"1.400\",\"header\":\"Home\"},{\"opp\":\"-1.0, -1.5\",\"odds\":\"2.850\",\"header\":\"Away\"},{\"opp\":\"+1.5\",\"odds\":\"1.325\",\"header\":\"Home\"},{\"opp\":\"-1.5\",\"odds\":\"3.300\",\"header\":\"Away\"},{\"opp\":\"+1.5, +2.0\",\"odds\":\"1.230\",\"header\":\"Home\"},{\"opp\":\"-1.5, -2.0\",\"odds\":\"4.000\",\"header\":\"Away\"},{\"opp\":\"+2.0\",\"odds\":\"1.130\",\"header\":\"Home\"},{\"opp\":\"-2.0\",\"odds\":\"5.900\",\"header\":\"Away\"},{\"opp\":\"+2.0, +2.5\",\"odds\":\"1.115\",\"header\":\"Home\"},{\"opp\":\"-2.0, -2.5\",\"odds\":\"6.400\",\"header\":\"Away\"},{\"opp\":\"+2.5\",\"odds\":\"1.105\",\"header\":\"Home\"},{\"opp\":\"-2.5\",\"odds\":\"6.800\",\"header\":\"Away\"}],\"alternative_goal_line\":[{\"goals\":\"1.0\",\"odds\":\"1.100\",\"header\":\"Over\"},{\"goals\":\"1.0\",\"odds\":\"7.000\",\"header\":\"Under\"},{\"goals\":\"1.0, 1.5\",\"odds\":\"1.230\",\"header\":\"Over\"},{\"goals\":\"1.0, 1.5\",\"odds\":\"4.000\",\"header\":\"Under\"},{\"goals\":\"1.5\",\"odds\":\"1.375\",\"header\":\"Over\"},{\"goals\":\"1.5\",\"odds\":\"3.000\",\"header\":\"Under\"},{\"goals\":\"1.5, 2.0\",\"odds\":\"1.450\",\"header\":\"Over\"},{\"goals\":\"1.5, 2.0\",\"odds\":\"2.675\",\"header\":\"Under\"},{\"goals\":\"2.0\",\"odds\":\"1.600\",\"header\":\"Over\"},{\"goals\":\"2.0\",\"odds\":\"2.300\",\"header\":\"Under\"},{\"goals\":\"2.0, 2.5\",\"odds\":\"1.850\",\"header\":\"Over\"},{\"goals\":\"2.0, 2.5\",\"odds\":\"1.950\",\"header\":\"Under\"},{\"goals\":\"2.5, 3.0\",\"odds\":\"2.425\",\"header\":\"Over\"},{\"goals\":\"2.5, 3.0\",\"odds\":\"1.525\",\"header\":\"Under\"},{\"goals\":\"3.0\",\"odds\":\"3.100\",\"header\":\"Over\"},{\"goals\":\"3.0\",\"odds\":\"1.350\",\"header\":\"Under\"},{\"goals\":\"3.0, 3.5\",\"odds\":\"3.450\",\"header\":\"Over\"},{\"goals\":\"3.0, 3.5\",\"odds\":\"1.300\",\"header\":\"Under\"},{\"goals\":\"3.5\",\"odds\":\"3.700\",\"header\":\"Over\"},{\"goals\":\"3.5\",\"odds\":\"1.260\",\"header\":\"Under\"},{\"goals\":\"3.5, 4.0\",\"odds\":\"4.650\",\"header\":\"Over\"},{\"goals\":\"3.5, 4.0\",\"odds\":\"1.180\",\"header\":\"Under\"},{\"goals\":\"4.0\",\"odds\":\"6.800\",\"header\":\"Over\"},{\"goals\":\"4.0\",\"odds\":\"1.105\",\"header\":\"Under\"}],\"draw_no_bet\":[{\"opp\":\"Chikhura Sachkhere\",\"odds\":\"3.00\"},{\"opp\":\"NK Maribor\",\"odds\":\"1.36\"}],\"result_both_teams_to_score\":[{\"name\":\"Chikhura Sachkhere\",\"odds\":\"8.50\",\"header\":\"Yes\"},{\"name\":\"Chikhura Sachkhere\",\"odds\":\"7.00\",\"header\":\"No\"},{\"name\":\"NK Maribor\",\"odds\":\"4.00\",\"header\":\"Yes\"},{\"name\":\"NK Maribor\",\"odds\":\"3.00\",\"header\":\"No\"},{\"name\":\"Draw\",\"odds\":\"5.00\",\"header\":\"Yes\"},{\"name\":\"Draw\",\"odds\":\"9.50\",\"header\":\"No\"}],\"handicap_result\":[{\"opp\":\"Chikhura Sachkhere (+1)\",\"odds\":\"2.00\"},{\"opp\":\"Tie - (NK Maribor -1)\",\"odds\":\"3.60\"},{\"opp\":\"NK Maribor (-1)\",\"odds\":\"3.20\"}],\"alternative_handicap_result\":[{\"opp\":\"-2.0\",\"odds\":\"17.00\",\"header\":\"Home\"},{\"opp\":\"+2.0\",\"odds\":\"10.00\",\"header\":\"Tie\"},{\"opp\":\"+2.0\",\"odds\":\"1.06\",\"header\":\"Away\"},{\"opp\":\"-1.0\",\"odds\":\"8.50\",\"header\":\"Home\"},{\"opp\":\"+1.0\",\"odds\":\"5.50\",\"header\":\"Tie\"},{\"opp\":\"+1.0\",\"odds\":\"1.22\",\"header\":\"Away\"},{\"opp\":\"+2.0\",\"odds\":\"1.30\",\"header\":\"Home\"},{\"opp\":\"-2.0\",\"odds\":\"5.00\",\"header\":\"Tie\"},{\"opp\":\"-2.0\",\"odds\":\"6.50\",\"header\":\"Away\"},{\"opp\":\"+3.0\",\"odds\":\"1.08\",\"header\":\"Home\"},{\"opp\":\"-3.0\",\"odds\":\"9.00\",\"header\":\"Tie\"},{\"opp\":\"-3.0\",\"odds\":\"13.00\",\"header\":\"Away\"}],\"winning_margin\":[{\"goals\":\" 1\",\"odds\":\"5.50\",\"header\":\"Home\"},{\"goals\":\" 1\",\"odds\":\"3.60\",\"header\":\"Away\"},{\"goals\":\" 2\",\"odds\":\"10.00\",\"header\":\"Home\"},{\"goals\":\" 2\",\"odds\":\"5.00\",\"header\":\"Away\"},{\"goals\":\" 3\",\"odds\":\"41.00\",\"header\":\"Home\"},{\"goals\":\" 3\",\"odds\":\"9.00\",\"header\":\"Away\"},{\"goals\":\" 4+\",\"odds\":\"81.00\",\"header\":\"Home\"},{\"goals\":\" 4+\",\"odds\":\"13.00\",\"header\":\"Away\"},{\"goals\":\"Score Draw\",\"odds\":\"5.00\",\"header\":\"Home\"},{\"goals\":\"No Goal\",\"odds\":\"9.50\",\"header\":\"Home\"}]}},\"schedule\":{\"updated_at\":\"1532570184\",\"sp\":{\"main\":[{\"odds\":\"4.20\"},{\"odds\":\"3.50\"},{\"odds\":\"1.75\"}]}},\"specials\":{\"updated_at\":\"1532569979\",\"sp\":{\"specials\":[{\"name\":\"To Win From Behind\",\"odds\":\"15.00\",\"header\":\"Home\"},{\"name\":\"To Win From Behind\",\"odds\":\"9.00\",\"header\":\"Away\"},{\"name\":\"To Win to Nil\",\"odds\":\"7.00\",\"header\":\"Home\"},{\"name\":\"To Win to Nil\",\"odds\":\"3.00\",\"header\":\"Away\"},{\"name\":\"To Win Either Half\",\"odds\":\"2.38\",\"header\":\"Home\"},{\"name\":\"To Win Either Half\",\"odds\":\"1.44\",\"header\":\"Away\"},{\"name\":\"To Win Both Halves\",\"odds\":\"19.00\",\"header\":\"Home\"},{\"name\":\"To Win Both Halves\",\"odds\":\"5.50\",\"header\":\"Away\"},{\"name\":\"To Score in Both Halves\",\"odds\":\"6.00\",\"header\":\"Home\"},{\"name\":\"To Score in Both Halves\",\"odds\":\"3.00\",\"header\":\"Away\"}],\"to_score_in_half\":[{\"name\":\"1st Half\",\"odds\":\"2.62\",\"header\":\"Yes\"},{\"name\":\"1st Half\",\"odds\":\"1.44\",\"header\":\"No\"},{\"name\":\"2nd Half\",\"odds\":\"2.20\",\"header\":\"Yes\"},{\"name\":\"2nd Half\",\"odds\":\"1.62\",\"header\":\"No\"},{\"name\":\"1st Half\",\"odds\":\"1.83\",\"header\":\"Yes\"},{\"name\":\"1st Half\",\"odds\":\"1.83\",\"header\":\"No\"},{\"name\":\"2nd Half\",\"odds\":\"1.57\",\"header\":\"Yes\"},{\"name\":\"2nd Half\",\"odds\":\"2.25\",\"header\":\"No\"}]}}}]}"}