{"odd":"{\"success\":1,\"results\":[{\"FI\":\"75390416\",\"event_id\":\"845363\",\"asian_lines\":{\"updated_at\":\"1532569927\",\"sp\":{\"asian_handicap\":[{\"opp\":\"-0.5\",\"odds\":\"1.950\",\"header\":\"Home\"},{\"opp\":\"+0.5\",\"odds\":\"1.850\",\"header\":\"Away\"}],\"goal_line\":[{\"goals\":\"2.0, 2.5\",\"odds\":\"1.950\",\"header\":\"Over\"},{\"goals\":\"2.0, 2.5\",\"odds\":\"1.850\",\"header\":\"Under\"}],\"1st_half_asian_handicap\":[{\"opp\":\"0.0, -0.5\",\"odds\":\"2.075\",\"header\":\"Home\"},{\"opp\":\"0.0, +0.5\",\"odds\":\"1.725\",\"header\":\"Away\"}],\"1st_half_goal_line\":[{\"goals\":\"0.5, 1.0\",\"odds\":\"1.700\",\"header\":\"Over\"},{\"goals\":\"0.5, 1.0\",\"odds\":\"2.100\",\"header\":\"Under\"}]}},\"goals\":{\"updated_at\":\"1532569941\",\"sp\":{\"goals_over_under\":[{\"goals\":\"2.5\",\"odds\":\"2.20\",\"header\":\"Over\"},{\"goals\":\"2.5\",\"odds\":\"1.65\",\"header\":\"Under\"}],\"first_team_to_score\":[{\"opp\":\"Semeru FC Lumajang\",\"odds\":\"1.62\"},{\"opp\":\"No Goals\",\"odds\":\"7.50\"},{\"opp\":\"Blitar United FC\",\"odds\":\"2.75\"}],\"home_team_highest_scoring_half\":[{\"opp\":\"Semeru FC Lumajang - 1st Half\",\"odds\":\"3.40\"},{\"opp\":\"Semeru FC Lumajang - 2nd Half\",\"odds\":\"2.40\"},{\"opp\":\"Semeru FC Lumajang - Tie\",\"odds\":\"2.40\"}],\"away_team_highest_scoring_half\":[{\"opp\":\"Blitar United FC - 1st Half\",\"odds\":\"4.00\"},{\"opp\":\"Blitar United FC - 2nd Half\",\"odds\":\"3.00\"},{\"opp\":\"Blitar United FC - Tie\",\"odds\":\"1.91\"}],\"goals_odd_even\":[{\"opp\":\"Even\",\"odds\":\"1.90\"},{\"opp\":\"Odd\",\"odds\":\"1.95\"}],\"home_team_odd_even_goals\":[{\"opp\":\"Semeru FC Lumajang - Even\",\"odds\":\"1.73\"},{\"opp\":\"Semeru FC Lumajang - Odd\",\"odds\":\"2.00\"}],\"away_team_odd_even_goals\":[{\"opp\":\"Blitar United FC - Even\",\"odds\":\"1.57\"},{\"opp\":\"Blitar United FC - Odd\",\"odds\":\"2.25\"}],\"1st_half_goals_odd_even\":[{\"opp\":\"Odd\",\"odds\":\"2.20\"},{\"opp\":\"Even\",\"odds\":\"1.67\"}]}},\"half\":{\"updated_at\":\"1532569956\",\"sp\":{\"half_time_result\":[{\"opp\":\"1\",\"odds\":\"2.60\"},{\"opp\":\"X\",\"odds\":\"2.05\"},{\"opp\":\"2\",\"odds\":\"4.33\"}],\"half_time_double_chance\":[{\"opp\":\"1X\",\"odds\":\"1.20\"},{\"opp\":\"X2\",\"odds\":\"1.50\"},{\"opp\":\"12\",\"odds\":\"1.73\"}],\"half_time_correct_score\":[{\"opp\":\"1-0\",\"odds\":\"4.00\",\"header\":\"Home\"},{\"opp\":\"0-0\",\"odds\":\"2.50\",\"header\":\"X\"},{\"opp\":\"1-0\",\"odds\":\"6.00\",\"header\":\"Away\"},{\"opp\":\"2-0\",\"odds\":\"10.00\",\"header\":\"Home\"},{\"opp\":\"1-1\",\"odds\":\"11.00\",\"header\":\"X\"},{\"opp\":\"2-0\",\"odds\":\"21.00\",\"header\":\"Away\"},{\"opp\":\"2-1\",\"odds\":\"29.00\",\"header\":\"Home\"},{\"opp\":\"2-2\",\"odds\":\"81.00\",\"header\":\"X\"},{\"opp\":\"2-1\",\"odds\":\"41.00\",\"header\":\"Away\"},{\"opp\":\"3-0\",\"odds\":\"29.00\",\"header\":\"Home\"},{\"opp\":\"3-0\",\"odds\":\"51.00\",\"header\":\"Away\"},{\"opp\":\"3-1\",\"odds\":\"67.00\",\"header\":\"Home\"},{\"opp\":\"4-0\",\"odds\":\"67.00\",\"header\":\"Home\"}],\"1st_half_asian_handicap\":[{\"opp\":\"0.0, -0.5\",\"odds\":\"2.075\",\"header\":\"Home\"},{\"opp\":\"0.0, +0.5\",\"odds\":\"1.725\",\"header\":\"Away\"}],\"1st_half_goal_line\":[{\"goals\":\"0.5, 1.0\",\"odds\":\"1.700\",\"header\":\"Over\"},{\"goals\":\"0.5, 1.0\",\"odds\":\"2.100\",\"header\":\"Under\"}],\"1st_half_goals_odd_even\":[{\"opp\":\"Odd\",\"odds\":\"2.20\"},{\"opp\":\"Even\",\"odds\":\"1.67\"}],\"home_team_highest_scoring_half\":[{\"opp\":\"Semeru FC Lumajang - 1st Half\",\"odds\":\"3.40\"},{\"opp\":\"Semeru FC Lumajang - 2nd Half\",\"odds\":\"2.40\"},{\"opp\":\"Semeru FC Lumajang - Tie\",\"odds\":\"2.40\"}],\"away_team_highest_scoring_half\":[{\"opp\":\"Blitar United FC - 1st Half\",\"odds\":\"4.00\"},{\"opp\":\"Blitar United FC - 2nd Half\",\"odds\":\"3.00\"},{\"opp\":\"Blitar United FC - Tie\",\"odds\":\"1.91\"}],\"2nd_half_goals_odd_even\":[{\"opp\":\"Even\",\"odds\":\"1.73\"},{\"opp\":\"Odd\",\"odds\":\"2.00\"}]}},\"main\":{\"updated_at\":\"1532569908\",\"sp\":{\"full_time_result\":[{\"opp\":\"1\",\"odds\":\"1.91\"},{\"opp\":\"X\",\"odds\":\"3.30\"},{\"opp\":\"2\",\"odds\":\"3.50\"}],\"double_chance\":[{\"opp\":\"1X\",\"odds\":\"1.29\"},{\"opp\":\"X2\",\"odds\":\"1.80\"},{\"opp\":\"12\",\"odds\":\"1.33\"}],\"correct_score\":[{\"opp\":\"1-0\",\"odds\":\"6.50\",\"header\":\"Home\"},{\"opp\":\"0-0\",\"odds\":\"7.50\",\"header\":\"X\"},{\"opp\":\"1-0\",\"odds\":\"9.50\",\"header\":\"Away\"},{\"opp\":\"2-0\",\"odds\":\"8.50\",\"header\":\"Home\"},{\"opp\":\"1-1\",\"odds\":\"7.00\",\"header\":\"X\"},{\"opp\":\"2-0\",\"odds\":\"17.00\",\"header\":\"Away\"},{\"opp\":\"2-1\",\"odds\":\"10.00\",\"header\":\"Home\"},{\"opp\":\"2-2\",\"odds\":\"19.00\",\"header\":\"X\"},{\"opp\":\"2-1\",\"odds\":\"15.00\",\"header\":\"Away\"},{\"opp\":\"3-0\",\"odds\":\"15.00\",\"header\":\"Home\"},{\"opp\":\"3-3\",\"odds\":\"67.00\",\"header\":\"X\"},{\"opp\":\"3-0\",\"odds\":\"41.00\",\"header\":\"Away\"},{\"opp\":\"3-1\",\"odds\":\"19.00\",\"header\":\"Home\"},{\"opp\":\"3-1\",\"odds\":\"34.00\",\"header\":\"Away\"},{\"opp\":\"3-2\",\"odds\":\"41.00\",\"header\":\"Home\"},{\"opp\":\"3-2\",\"odds\":\"41.00\",\"header\":\"Away\"},{\"opp\":\"4-0\",\"odds\":\"29.00\",\"header\":\"Home\"},{\"opp\":\"4-0\",\"odds\":\"81.00\",\"header\":\"Away\"},{\"opp\":\"4-1\",\"odds\":\"41.00\",\"header\":\"Home\"},{\"opp\":\"4-1\",\"odds\":\"67.00\",\"header\":\"Away\"},{\"opp\":\"4-2\",\"odds\":\"67.00\",\"header\":\"Home\"},{\"opp\":\"5-0\",\"odds\":\"51.00\",\"header\":\"Home\"},{\"opp\":\"5-1\",\"odds\":\"67.00\",\"header\":\"Home\"}],\"half_time_full_time\":[{\"opp\":\"Semeru FC Lumajang - Semeru FC Lumajang\",\"odds\":\"3.10\"},{\"opp\":\"Semeru FC Lumajang - Draw\",\"odds\":\"15.00\"},{\"opp\":\"Semeru FC Lumajang - Blitar United FC\",\"odds\":\"34.00\"},{\"opp\":\"Draw - Semeru FC Lumajang\",\"odds\":\"4.75\"},{\"opp\":\"Draw - Draw\",\"odds\":\"5.00\"},{\"opp\":\"Draw - Blitar United FC\",\"odds\":\"8.00\"},{\"opp\":\"Blitar United FC - Semeru FC Lumajang\",\"odds\":\"23.00\"},{\"opp\":\"Blitar United FC - Draw\",\"odds\":\"17.00\"},{\"opp\":\"Blitar United FC - Blitar United FC\",\"odds\":\"6.50\"}],\"goals_over_under\":[{\"goals\":\"2.5\",\"odds\":\"2.20\",\"header\":\"Over\"},{\"goals\":\"2.5\",\"odds\":\"1.65\",\"header\":\"Under\"}],\"asian_handicap\":[{\"opp\":\"-0.5\",\"odds\":\"1.950\",\"header\":\"Home\"},{\"opp\":\"+0.5\",\"odds\":\"1.850\",\"header\":\"Away\"}],\"goal_line\":[{\"goals\":\"2.0, 2.5\",\"odds\":\"1.950\",\"header\":\"Over\"},{\"goals\":\"2.0, 2.5\",\"odds\":\"1.850\",\"header\":\"Under\"}],\"draw_no_bet\":[{\"opp\":\"Semeru FC Lumajang\",\"odds\":\"1.44\"},{\"opp\":\"Blitar United FC\",\"odds\":\"2.62\"}]}},\"schedule\":{\"updated_at\":\"1532570184\",\"sp\":{\"main\":[{\"odds\":\"1.91\"},{\"odds\":\"3.30\"},{\"odds\":\"3.50\"}]}}}]}"}