{"odd":"{\"success\":1,\"results\":[{\"FI\":\"75382804\",\"event_id\":\"838563\",\"goals\":{\"updated_at\":\"1532570052\",\"sp\":{\"goals_over_under\":[{\"goals\":\"2.5\",\"odds\":\"2.00\",\"header\":\"Over\"},{\"goals\":\"2.5\",\"odds\":\"1.80\",\"header\":\"Under\"}],\"first_team_to_score\":[{\"opp\":\"Metallurg Lipetsk\",\"odds\":\"1.57\"},{\"opp\":\"No Goals\",\"odds\":\"9.00\"},{\"opp\":\"FK Kaluga\",\"odds\":\"2.75\"}],\"home_team_highest_scoring_half\":[{\"opp\":\"Metallurg Lipetsk - 1st Half\",\"odds\":\"3.40\"},{\"opp\":\"Metallurg Lipetsk - 2nd Half\",\"odds\":\"2.30\"},{\"opp\":\"Metallurg Lipetsk - Tie\",\"odds\":\"2.62\"}],\"away_team_highest_scoring_half\":[{\"opp\":\"FK Kaluga - 1st Half\",\"odds\":\"4.00\"},{\"opp\":\"FK Kaluga - 2nd Half\",\"odds\":\"2.88\"},{\"opp\":\"FK Kaluga - Tie\",\"odds\":\"1.91\"}],\"goals_odd_even\":[{\"opp\":\"Even\",\"odds\":\"1.90\"},{\"opp\":\"Odd\",\"odds\":\"1.95\"}],\"home_team_odd_even_goals\":[{\"opp\":\"Metallurg Lipetsk - Even\",\"odds\":\"1.80\"},{\"opp\":\"Metallurg Lipetsk - Odd\",\"odds\":\"1.91\"}],\"away_team_odd_even_goals\":[{\"opp\":\"FK Kaluga - Even\",\"odds\":\"1.62\"},{\"opp\":\"FK Kaluga - Odd\",\"odds\":\"2.20\"}],\"1st_half_goals_odd_even\":[{\"opp\":\"Odd\",\"odds\":\"2.20\"},{\"opp\":\"Even\",\"odds\":\"1.67\"}]}},\"half\":{\"updated_at\":\"1532570058\",\"sp\":{\"half_time_result\":[{\"opp\":\"1\",\"odds\":\"2.40\"},{\"opp\":\"X\",\"odds\":\"2.10\"},{\"opp\":\"2\",\"odds\":\"4.50\"}],\"half_time_double_chance\":[{\"opp\":\"1X\",\"odds\":\"1.18\"},{\"opp\":\"X2\",\"odds\":\"1.53\"},{\"opp\":\"12\",\"odds\":\"1.67\"}],\"half_time_correct_score\":[{\"opp\":\"1-0\",\"odds\":\"4.00\",\"header\":\"Home\"},{\"opp\":\"0-0\",\"odds\":\"2.62\",\"header\":\"X\"},{\"opp\":\"1-0\",\"odds\":\"6.50\",\"header\":\"Away\"},{\"opp\":\"2-0\",\"odds\":\"9.00\",\"header\":\"Home\"},{\"opp\":\"1-1\",\"odds\":\"10.00\",\"header\":\"X\"},{\"opp\":\"2-0\",\"odds\":\"21.00\",\"header\":\"Away\"},{\"opp\":\"2-1\",\"odds\":\"26.00\",\"header\":\"Home\"},{\"opp\":\"2-2\",\"odds\":\"67.00\",\"header\":\"X\"},{\"opp\":\"2-1\",\"odds\":\"41.00\",\"header\":\"Away\"},{\"opp\":\"3-0\",\"odds\":\"26.00\",\"header\":\"Home\"},{\"opp\":\"3-0\",\"odds\":\"51.00\",\"header\":\"Away\"},{\"opp\":\"3-1\",\"odds\":\"51.00\",\"header\":\"Home\"},{\"opp\":\"4-0\",\"odds\":\"67.00\",\"header\":\"Home\"}],\"1st_half_goals_odd_even\":[{\"opp\":\"Odd\",\"odds\":\"2.20\"},{\"opp\":\"Even\",\"odds\":\"1.67\"}],\"home_team_highest_scoring_half\":[{\"opp\":\"Metallurg Lipetsk - 1st Half\",\"odds\":\"3.40\"},{\"opp\":\"Metallurg Lipetsk - 2nd Half\",\"odds\":\"2.30\"},{\"opp\":\"Metallurg Lipetsk - Tie\",\"odds\":\"2.62\"}],\"away_team_highest_scoring_half\":[{\"opp\":\"FK Kaluga - 1st Half\",\"odds\":\"4.00\"},{\"opp\":\"FK Kaluga - 2nd Half\",\"odds\":\"2.88\"},{\"opp\":\"FK Kaluga - Tie\",\"odds\":\"1.91\"}],\"2nd_half_goals_odd_even\":[{\"opp\":\"Even\",\"odds\":\"1.73\"},{\"opp\":\"Odd\",\"odds\":\"2.00\"}]}},\"main\":{\"updated_at\":\"1532570038\",\"sp\":{\"full_time_result\":[{\"opp\":\"1\",\"odds\":\"1.80\"},{\"opp\":\"X\",\"odds\":\"3.25\"},{\"opp\":\"2\",\"odds\":\"4.00\"}],\"double_chance\":[{\"opp\":\"1X\",\"odds\":\"1.22\"},{\"opp\":\"X2\",\"odds\":\"1.91\"},{\"opp\":\"12\",\"odds\":\"1.33\"}],\"correct_score\":[{\"opp\":\"1-0\",\"odds\":\"7.00\",\"header\":\"Home\"},{\"opp\":\"0-0\",\"odds\":\"9.00\",\"header\":\"X\"},{\"opp\":\"1-0\",\"odds\":\"12.00\",\"header\":\"Away\"},{\"opp\":\"2-0\",\"odds\":\"8.50\",\"header\":\"Home\"},{\"opp\":\"1-1\",\"odds\":\"7.00\",\"header\":\"X\"},{\"opp\":\"2-0\",\"odds\":\"21.00\",\"header\":\"Away\"},{\"opp\":\"2-1\",\"odds\":\"10.00\",\"header\":\"Home\"},{\"opp\":\"2-2\",\"odds\":\"17.00\",\"header\":\"X\"},{\"opp\":\"2-1\",\"odds\":\"17.00\",\"header\":\"Away\"},{\"opp\":\"3-0\",\"odds\":\"13.00\",\"header\":\"Home\"},{\"opp\":\"3-3\",\"odds\":\"51.00\",\"header\":\"X\"},{\"opp\":\"3-0\",\"odds\":\"41.00\",\"header\":\"Away\"},{\"opp\":\"3-1\",\"odds\":\"17.00\",\"header\":\"Home\"},{\"opp\":\"3-1\",\"odds\":\"34.00\",\"header\":\"Away\"},{\"opp\":\"3-2\",\"odds\":\"34.00\",\"header\":\"Home\"},{\"opp\":\"3-2\",\"odds\":\"41.00\",\"header\":\"Away\"},{\"opp\":\"4-0\",\"odds\":\"26.00\",\"header\":\"Home\"},{\"opp\":\"4-0\",\"odds\":\"81.00\",\"header\":\"Away\"},{\"opp\":\"4-1\",\"odds\":\"34.00\",\"header\":\"Home\"},{\"opp\":\"4-1\",\"odds\":\"67.00\",\"header\":\"Away\"},{\"opp\":\"4-2\",\"odds\":\"51.00\",\"header\":\"Home\"},{\"opp\":\"5-0\",\"odds\":\"51.00\",\"header\":\"Home\"},{\"opp\":\"5-1\",\"odds\":\"51.00\",\"header\":\"Home\"},{\"opp\":\"6-0\",\"odds\":\"81.00\",\"header\":\"Home\"}],\"half_time_full_time\":[{\"opp\":\"Metallurg Lipetsk - Metallurg Lipetsk\",\"odds\":\"2.88\"},{\"opp\":\"Metallurg Lipetsk - Draw\",\"odds\":\"13.00\"},{\"opp\":\"Metallurg Lipetsk - FK Kaluga\",\"odds\":\"34.00\"},{\"opp\":\"Draw - Metallurg Lipetsk\",\"odds\":\"4.75\"},{\"opp\":\"Draw - Draw\",\"odds\":\"5.50\"},{\"opp\":\"Draw - FK Kaluga\",\"odds\":\"8.50\"},{\"opp\":\"FK Kaluga - Metallurg Lipetsk\",\"odds\":\"23.00\"},{\"opp\":\"FK Kaluga - Draw\",\"odds\":\"17.00\"},{\"opp\":\"FK Kaluga - FK Kaluga\",\"odds\":\"7.00\"}],\"goals_over_under\":[{\"goals\":\"2.5\",\"odds\":\"2.00\",\"header\":\"Over\"},{\"goals\":\"2.5\",\"odds\":\"1.80\",\"header\":\"Under\"}],\"draw_no_bet\":[{\"opp\":\"Metallurg Lipetsk\",\"odds\":\"1.36\"},{\"opp\":\"FK Kaluga\",\"odds\":\"3.00\"}]}},\"schedule\":{\"updated_at\":\"1532570184\",\"sp\":{\"main\":[{\"odds\":\"1.80\"},{\"odds\":\"3.25\"},{\"odds\":\"4.00\"}]}}}]}"}