{"odd":"{\"success\":1,\"results\":[{\"FI\":\"75245324\",\"event_id\":\"739979\",\"asian_lines\":{\"updated_at\":\"1532570037\",\"sp\":{\"asian_total_corners\":[{\"goals\":\"9.5\",\"odds\":\"1.950\",\"header\":\"Over\"},{\"goals\":\"9.5\",\"odds\":\"1.850\",\"header\":\"Under\"}],\"1st_half_asian_corners\":[{\"goals\":\"4.5\",\"odds\":\"1.950\",\"header\":\"Over\"},{\"goals\":\"4.5\",\"odds\":\"1.850\",\"header\":\"Under\"}]}},\"corners\":{\"updated_at\":\"1532570053\",\"sp\":{\"corners\":[{\"opp\":\"Over 9\",\"odds\":\"1.83\"},{\"opp\":\"Exactly 9\",\"odds\":\"7.00\"},{\"opp\":\"Under 9\",\"odds\":\"2.40\"}],\"total_corners\":[{\"opp\":\"Under 6\",\"odds\":\"9.50\"},{\"opp\":\"6 - 8\",\"odds\":\"3.00\"},{\"opp\":\"9 - 11\",\"odds\":\"2.50\"},{\"opp\":\"12 - 14\",\"odds\":\"4.50\"},{\"opp\":\"Over 14\",\"odds\":\"13.00\"}],\"alternative_corners\":[{\"goals\":\"4\",\"odds\":\"1.02\",\"header\":\"Over\"},{\"goals\":\"4\",\"odds\":\"21.00\",\"header\":\"Exactly\"},{\"goals\":\"4\",\"odds\":\"29.00\",\"header\":\"Under\"},{\"goals\":\"5\",\"odds\":\"1.06\",\"header\":\"Over\"},{\"goals\":\"5\",\"odds\":\"15.00\",\"header\":\"Exactly\"},{\"goals\":\"5\",\"odds\":\"17.00\",\"header\":\"Under\"},{\"goals\":\"6\",\"odds\":\"1.14\",\"header\":\"Over\"},{\"goals\":\"6\",\"odds\":\"10.00\",\"header\":\"Exactly\"},{\"goals\":\"6\",\"odds\":\"9.50\",\"header\":\"Under\"},{\"goals\":\"7\",\"odds\":\"1.30\",\"header\":\"Over\"},{\"goals\":\"7\",\"odds\":\"8.00\",\"header\":\"Exactly\"},{\"goals\":\"7\",\"odds\":\"5.50\",\"header\":\"Under\"},{\"goals\":\"8\",\"odds\":\"1.53\",\"header\":\"Over\"},{\"goals\":\"8\",\"odds\":\"7.50\",\"header\":\"Exactly\"},{\"goals\":\"8\",\"odds\":\"3.40\",\"header\":\"Under\"},{\"goals\":\"10\",\"odds\":\"2.50\",\"header\":\"Over\"},{\"goals\":\"10\",\"odds\":\"7.50\",\"header\":\"Exactly\"},{\"goals\":\"10\",\"odds\":\"1.83\",\"header\":\"Under\"},{\"goals\":\"11\",\"odds\":\"3.50\",\"header\":\"Over\"},{\"goals\":\"11\",\"odds\":\"8.00\",\"header\":\"Exactly\"},{\"goals\":\"11\",\"odds\":\"1.50\",\"header\":\"Under\"},{\"goals\":\"12\",\"odds\":\"5.00\",\"header\":\"Over\"},{\"goals\":\"12\",\"odds\":\"9.50\",\"header\":\"Exactly\"},{\"goals\":\"12\",\"odds\":\"1.29\",\"header\":\"Under\"},{\"goals\":\"13\",\"odds\":\"8.00\",\"header\":\"Over\"},{\"goals\":\"13\",\"odds\":\"12.00\",\"header\":\"Exactly\"},{\"goals\":\"13\",\"odds\":\"1.14\",\"header\":\"Under\"},{\"goals\":\"14\",\"odds\":\"12.00\",\"header\":\"Over\"},{\"goals\":\"14\",\"odds\":\"17.00\",\"header\":\"Exactly\"},{\"goals\":\"14\",\"odds\":\"1.07\",\"header\":\"Under\"},{\"goals\":\"15\",\"odds\":\"17.00\",\"header\":\"Over\"},{\"goals\":\"15\",\"odds\":\"21.00\",\"header\":\"Exactly\"},{\"goals\":\"15\",\"odds\":\"1.04\",\"header\":\"Under\"},{\"goals\":\"16\",\"odds\":\"23.00\",\"header\":\"Over\"},{\"goals\":\"16\",\"odds\":\"26.00\",\"header\":\"Exactly\"},{\"goals\":\"16\",\"odds\":\"1.02\",\"header\":\"Under\"},{\"goals\":\"17\",\"odds\":\"34.00\",\"header\":\"Over\"},{\"goals\":\"17\",\"odds\":\"34.00\",\"header\":\"Exactly\"},{\"goals\":\"17\",\"odds\":\"1.01\",\"header\":\"Under\"}],\"corners_2_way\":[{\"opp\":\"Over 9.5\",\"odds\":\"1.83\"},{\"opp\":\"Under 9.5\",\"odds\":\"1.83\"}],\"first_half_corners\":[{\"opp\":\"4\",\"odds\":\"1.91\",\"header\":\"Over\"},{\"opp\":\"4\",\"odds\":\"4.75\",\"header\":\"Exactly\"},{\"opp\":\"4\",\"odds\":\"2.75\",\"header\":\"Under\"}],\"asian_total_corners\":[{\"goals\":\"9.5\",\"odds\":\"1.950\",\"header\":\"Over\"},{\"goals\":\"9.5\",\"odds\":\"1.850\",\"header\":\"Under\"}],\"1st_half_asian_corners\":[{\"goals\":\"4.5\",\"odds\":\"1.950\",\"header\":\"Over\"},{\"goals\":\"4.5\",\"odds\":\"1.850\",\"header\":\"Under\"}]}},\"goals\":{\"updated_at\":\"1532570054\",\"sp\":{\"goals_over_under\":[{\"goals\":\"2.5\",\"odds\":\"1.85\",\"header\":\"Over\"},{\"goals\":\"2.5\",\"odds\":\"1.95\",\"header\":\"Under\"}],\"total_goal_minutes\":[{\"opp\":\"Over 145 minutes\",\"odds\":\"2.20\"},{\"opp\":\"125 To 145 minutes inc.\",\"odds\":\"8.50\"},{\"opp\":\"Under 125 minutes\",\"odds\":\"1.83\"}],\"first_team_to_score\":[{\"opp\":\"UTC Cajamarca\",\"odds\":\"1.91\"},{\"opp\":\"No Goals\",\"odds\":\"11.00\"},{\"opp\":\"Sporting Cristal\",\"odds\":\"2.00\"}],\"early_goal\":[{\"opp\":\"Goal before 29:00\",\"odds\":\"1.83\"},{\"opp\":\"No Goal before 29:00\",\"odds\":\"1.83\"}],\"late_goal\":[{\"opp\":\"Goal after 73:59\",\"odds\":\"1.83\"},{\"opp\":\"No Goal after 73:59\",\"odds\":\"1.83\"}],\"time_of_first_goal_brackets\":[{\"opp\":\"1-10\",\"odds\":\"4.33\"},{\"opp\":\"11-20\",\"odds\":\"5.00\"},{\"opp\":\"21-30\",\"odds\":\"6.00\"},{\"opp\":\"31-40\",\"odds\":\"7.00\"},{\"opp\":\"41-50\",\"odds\":\"8.00\"},{\"opp\":\"51-60\",\"odds\":\"13.00\"},{\"opp\":\"61-70\",\"odds\":\"17.00\"},{\"opp\":\"71-80\",\"odds\":\"21.00\"},{\"opp\":\"81 - Full Time\",\"odds\":\"21.00\"},{\"opp\":\"No Goal\",\"odds\":\"11.00\"}],\"home_team_highest_scoring_half\":[{\"opp\":\"UTC Cajamarca - 1st Half\",\"odds\":\"3.60\"},{\"opp\":\"UTC Cajamarca - 2nd Half\",\"odds\":\"2.50\"},{\"opp\":\"UTC Cajamarca - Tie\",\"odds\":\"2.30\"}],\"away_team_highest_scoring_half\":[{\"opp\":\"Sporting Cristal - 1st Half\",\"odds\":\"3.60\"},{\"opp\":\"Sporting Cristal - 2nd Half\",\"odds\":\"2.40\"},{\"opp\":\"Sporting Cristal - Tie\",\"odds\":\"2.38\"}],\"time_of_1st_team_goal\":[{\"opp\":\"UTC Cajamarca - Goal before 54:00\",\"odds\":\"1.83\"},{\"opp\":\"UTC Cajamarca - No Goal before 54:00\",\"odds\":\"1.83\"},{\"opp\":\"Sporting Cristal - Goal before 52:00\",\"odds\":\"1.83\"},{\"opp\":\"Sporting Cristal - No Goal before 52:00\",\"odds\":\"1.83\"}],\"goals_odd_even\":[{\"opp\":\"Even\",\"odds\":\"1.90\"},{\"opp\":\"Odd\",\"odds\":\"1.95\"}],\"home_team_odd_even_goals\":[{\"opp\":\"UTC Cajamarca - Even\",\"odds\":\"1.73\"},{\"opp\":\"UTC Cajamarca - Odd\",\"odds\":\"2.00\"}],\"away_team_odd_even_goals\":[{\"opp\":\"Sporting Cristal - Even\",\"odds\":\"1.73\"},{\"opp\":\"Sporting Cristal - Odd\",\"odds\":\"2.00\"}],\"1st_half_goals_odd_even\":[{\"opp\":\"Odd\",\"odds\":\"2.10\"},{\"opp\":\"Even\",\"odds\":\"1.73\"}],\"first_10_minutes_(00:00_09:59)\":[{\"name\":\"Goals\",\"handicap\":\"0.5\",\"odds\":\"4.33\",\"header\":\"Over\"},{\"name\":\"Goals\",\"handicap\":\"0.5\",\"odds\":\"1.20\",\"header\":\"Under\"}]}},\"half\":{\"updated_at\":\"1532570069\",\"sp\":{\"half_time_result\":[{\"opp\":\"1\",\"odds\":\"3.25\"},{\"opp\":\"X\",\"odds\":\"2.20\"},{\"opp\":\"2\",\"odds\":\"3.20\"}],\"half_time_double_chance\":[{\"opp\":\"1X\",\"odds\":\"1.36\"},{\"opp\":\"X2\",\"odds\":\"1.33\"},{\"opp\":\"12\",\"odds\":\"1.62\"}],\"half_time_correct_score\":[{\"opp\":\"1-0\",\"odds\":\"4.75\",\"header\":\"Home\"},{\"opp\":\"0-0\",\"odds\":\"2.75\",\"header\":\"X\"},{\"opp\":\"1-0\",\"odds\":\"4.50\",\"header\":\"Away\"},{\"opp\":\"2-0\",\"odds\":\"15.00\",\"header\":\"Home\"},{\"opp\":\"1-1\",\"odds\":\"7.50\",\"header\":\"X\"},{\"opp\":\"2-0\",\"odds\":\"13.00\",\"header\":\"Away\"},{\"opp\":\"2-1\",\"odds\":\"23.00\",\"header\":\"Home\"},{\"opp\":\"2-2\",\"odds\":\"51.00\",\"header\":\"X\"},{\"opp\":\"2-1\",\"odds\":\"23.00\",\"header\":\"Away\"},{\"opp\":\"3-0\",\"odds\":\"51.00\",\"header\":\"Home\"},{\"opp\":\"3-0\",\"odds\":\"51.00\",\"header\":\"Away\"},{\"opp\":\"3-1\",\"odds\":\"67.00\",\"header\":\"Home\"},{\"opp\":\"3-1\",\"odds\":\"67.00\",\"header\":\"Away\"},{\"opp\":\"3-2\",\"odds\":\"201.00\",\"header\":\"Home\"},{\"opp\":\"3-2\",\"odds\":\"201.00\",\"header\":\"Away\"},{\"opp\":\"4-0\",\"odds\":\"201.00\",\"header\":\"Home\"},{\"opp\":\"4-0\",\"odds\":\"201.00\",\"header\":\"Away\"},{\"opp\":\"4-1\",\"odds\":\"351.00\",\"header\":\"Home\"},{\"opp\":\"4-1\",\"odds\":\"301.00\",\"header\":\"Away\"}],\"first_half_corners\":[{\"opp\":\"4\",\"odds\":\"1.91\",\"header\":\"Over\"},{\"opp\":\"4\",\"odds\":\"4.75\",\"header\":\"Exactly\"},{\"opp\":\"4\",\"odds\":\"2.75\",\"header\":\"Under\"}],\"1st_half_asian_corners\":[{\"goals\":\"4.5\",\"odds\":\"1.950\",\"header\":\"Over\"},{\"goals\":\"4.5\",\"odds\":\"1.850\",\"header\":\"Under\"}],\"1st_half_goals_odd_even\":[{\"opp\":\"Odd\",\"odds\":\"2.10\"},{\"opp\":\"Even\",\"odds\":\"1.73\"}],\"home_team_highest_scoring_half\":[{\"opp\":\"UTC Cajamarca - 1st Half\",\"odds\":\"3.60\"},{\"opp\":\"UTC Cajamarca - 2nd Half\",\"odds\":\"2.50\"},{\"opp\":\"UTC Cajamarca - Tie\",\"odds\":\"2.30\"}],\"away_team_highest_scoring_half\":[{\"opp\":\"Sporting Cristal - 1st Half\",\"odds\":\"3.60\"},{\"opp\":\"Sporting Cristal - 2nd Half\",\"odds\":\"2.40\"},{\"opp\":\"Sporting Cristal - Tie\",\"odds\":\"2.38\"}],\"2nd_half_goals_odd_even\":[{\"opp\":\"Even\",\"odds\":\"1.80\"},{\"opp\":\"Odd\",\"odds\":\"1.91\"}]}},\"main\":{\"updated_at\":\"1532570020\",\"sp\":{\"full_time_result\":[{\"opp\":\"1\",\"odds\":\"2.60\"},{\"opp\":\"X\",\"odds\":\"3.20\"},{\"opp\":\"2\",\"odds\":\"2.40\"}],\"double_chance\":[{\"opp\":\"1X\",\"odds\":\"1.53\"},{\"opp\":\"X2\",\"odds\":\"1.50\"},{\"opp\":\"12\",\"odds\":\"1.36\"}],\"correct_score\":[{\"opp\":\"1-0\",\"odds\":\"9.50\",\"header\":\"Home\"},{\"opp\":\"0-0\",\"odds\":\"11.00\",\"header\":\"X\"},{\"opp\":\"1-0\",\"odds\":\"9.00\",\"header\":\"Away\"},{\"opp\":\"2-0\",\"odds\":\"13.00\",\"header\":\"Home\"},{\"opp\":\"1-1\",\"odds\":\"6.50\",\"header\":\"X\"},{\"opp\":\"2-0\",\"odds\":\"13.00\",\"header\":\"Away\"},{\"opp\":\"2-1\",\"odds\":\"10.00\",\"header\":\"Home\"},{\"opp\":\"2-2\",\"odds\":\"13.00\",\"header\":\"X\"},{\"opp\":\"2-1\",\"odds\":\"9.50\",\"header\":\"Away\"},{\"opp\":\"3-0\",\"odds\":\"29.00\",\"header\":\"Home\"},{\"opp\":\"3-3\",\"odds\":\"41.00\",\"header\":\"X\"},{\"opp\":\"3-0\",\"odds\":\"26.00\",\"header\":\"Away\"},{\"opp\":\"3-1\",\"odds\":\"21.00\",\"header\":\"Home\"},{\"opp\":\"4-4\",\"odds\":\"201.00\",\"header\":\"X\"},{\"opp\":\"3-1\",\"odds\":\"19.00\",\"header\":\"Away\"},{\"opp\":\"3-2\",\"odds\":\"29.00\",\"header\":\"Home\"},{\"opp\":\"3-2\",\"odds\":\"29.00\",\"header\":\"Away\"},{\"opp\":\"4-0\",\"odds\":\"51.00\",\"header\":\"Home\"},{\"opp\":\"4-0\",\"odds\":\"51.00\",\"header\":\"Away\"},{\"opp\":\"4-1\",\"odds\":\"41.00\",\"header\":\"Home\"},{\"opp\":\"4-1\",\"odds\":\"41.00\",\"header\":\"Away\"},{\"opp\":\"4-2\",\"odds\":\"51.00\",\"header\":\"Home\"},{\"opp\":\"4-2\",\"odds\":\"51.00\",\"header\":\"Away\"},{\"opp\":\"4-3\",\"odds\":\"101.00\",\"header\":\"Home\"},{\"opp\":\"4-3\",\"odds\":\"101.00\",\"header\":\"Away\"},{\"opp\":\"5-0\",\"odds\":\"151.00\",\"header\":\"Home\"},{\"opp\":\"5-0\",\"odds\":\"126.00\",\"header\":\"Away\"},{\"opp\":\"5-1\",\"odds\":\"101.00\",\"header\":\"Home\"},{\"opp\":\"5-1\",\"odds\":\"101.00\",\"header\":\"Away\"},{\"opp\":\"5-2\",\"odds\":\"151.00\",\"header\":\"Home\"},{\"opp\":\"5-2\",\"odds\":\"151.00\",\"header\":\"Away\"},{\"opp\":\"5-3\",\"odds\":\"301.00\",\"header\":\"Home\"},{\"opp\":\"5-3\",\"odds\":\"301.00\",\"header\":\"Away\"},{\"opp\":\"6-1\",\"odds\":\"351.00\",\"header\":\"Away\"}],\"half_time_full_time\":[{\"opp\":\"UTC Cajamarca - UTC Cajamarca\",\"odds\":\"4.33\"},{\"opp\":\"UTC Cajamarca - Draw\",\"odds\":\"15.00\"},{\"opp\":\"UTC Cajamarca - Sporting Cristal\",\"odds\":\"26.00\"},{\"opp\":\"Draw - UTC Cajamarca\",\"odds\":\"6.00\"},{\"opp\":\"Draw - Draw\",\"odds\":\"5.50\"},{\"opp\":\"Draw - Sporting Cristal\",\"odds\":\"6.00\"},{\"opp\":\"Sporting Cristal - UTC Cajamarca\",\"odds\":\"29.00\"},{\"opp\":\"Sporting Cristal - Draw\",\"odds\":\"15.00\"},{\"opp\":\"Sporting Cristal - Sporting Cristal\",\"odds\":\"4.00\"}],\"goals_over_under\":[{\"goals\":\"2.5\",\"odds\":\"1.85\",\"header\":\"Over\"},{\"goals\":\"2.5\",\"odds\":\"1.95\",\"header\":\"Under\"}],\"draw_no_bet\":[{\"opp\":\"UTC Cajamarca\",\"odds\":\"1.91\"},{\"opp\":\"Sporting Cristal\",\"odds\":\"1.80\"}]}},\"schedule\":{\"updated_at\":\"1532570184\",\"sp\":{\"main\":[{\"odds\":\"2.60\"},{\"odds\":\"3.20\"},{\"odds\":\"2.40\"}]}}}]}"}