{"odd":"{\"success\":1,\"results\":[{\"FI\":\"75382668\",\"event_id\":\"830650\",\"goals\":{\"updated_at\":\"1532570346\",\"sp\":{\"goals_over_under\":[{\"goals\":\"2.5\",\"odds\":\"1.24\",\"header\":\"Over\"},{\"goals\":\"2.5\",\"odds\":\"3.90\",\"header\":\"Under\"}],\"first_team_to_score\":[{\"opp\":\"Maardu Linnameeskond\",\"odds\":\"1.33\"},{\"opp\":\"No Goals\",\"odds\":\"34.00\"},{\"opp\":\"Rakvere JK Tarvas\",\"odds\":\"3.25\"}],\"home_team_highest_scoring_half\":[{\"opp\":\"Maardu Linnameeskond - 1st Half\",\"odds\":\"2.88\"},{\"opp\":\"Maardu Linnameeskond - 2nd Half\",\"odds\":\"2.00\"},{\"opp\":\"Maardu Linnameeskond - Tie\",\"odds\":\"3.60\"}],\"away_team_highest_scoring_half\":[{\"opp\":\"Rakvere JK Tarvas - 1st Half\",\"odds\":\"3.50\"},{\"opp\":\"Rakvere JK Tarvas - 2nd Half\",\"odds\":\"2.60\"},{\"opp\":\"Rakvere JK Tarvas - Tie\",\"odds\":\"2.25\"}],\"goals_odd_even\":[{\"opp\":\"Even\",\"odds\":\"1.90\"},{\"opp\":\"Odd\",\"odds\":\"1.95\"}],\"home_team_odd_even_goals\":[{\"opp\":\"Maardu Linnameeskond - Even\",\"odds\":\"1.83\"},{\"opp\":\"Maardu Linnameeskond - Odd\",\"odds\":\"1.83\"}],\"away_team_odd_even_goals\":[{\"opp\":\"Rakvere JK Tarvas - Even\",\"odds\":\"1.73\"},{\"opp\":\"Rakvere JK Tarvas - Odd\",\"odds\":\"2.00\"}],\"1st_half_goals_odd_even\":[{\"opp\":\"Odd\",\"odds\":\"2.00\"},{\"opp\":\"Even\",\"odds\":\"1.80\"}]}},\"half\":{\"updated_at\":\"1532570362\",\"sp\":{\"half_time_result\":[{\"opp\":\"1\",\"odds\":\"1.80\"},{\"opp\":\"X\",\"odds\":\"3.00\"},{\"opp\":\"2\",\"odds\":\"4.50\"}],\"half_time_double_chance\":[{\"opp\":\"1X\",\"odds\":\"1.18\"},{\"opp\":\"X2\",\"odds\":\"1.91\"},{\"opp\":\"12\",\"odds\":\"1.36\"}],\"half_time_correct_score\":[{\"opp\":\"1-0\",\"odds\":\"4.33\",\"header\":\"Home\"},{\"opp\":\"0-0\",\"odds\":\"5.00\",\"header\":\"X\"},{\"opp\":\"1-0\",\"odds\":\"8.50\",\"header\":\"Away\"},{\"opp\":\"2-0\",\"odds\":\"6.50\",\"header\":\"Home\"},{\"opp\":\"1-1\",\"odds\":\"8.00\",\"header\":\"X\"},{\"opp\":\"2-0\",\"odds\":\"23.00\",\"header\":\"Away\"},{\"opp\":\"2-1\",\"odds\":\"13.00\",\"header\":\"Home\"},{\"opp\":\"2-2\",\"odds\":\"41.00\",\"header\":\"X\"},{\"opp\":\"2-1\",\"odds\":\"23.00\",\"header\":\"Away\"},{\"opp\":\"3-0\",\"odds\":\"13.00\",\"header\":\"Home\"},{\"opp\":\"3-0\",\"odds\":\"51.00\",\"header\":\"Away\"},{\"opp\":\"3-1\",\"odds\":\"29.00\",\"header\":\"Home\"},{\"opp\":\"3-1\",\"odds\":\"51.00\",\"header\":\"Away\"},{\"opp\":\"3-2\",\"odds\":\"67.00\",\"header\":\"Home\"},{\"opp\":\"4-0\",\"odds\":\"34.00\",\"header\":\"Home\"},{\"opp\":\"4-1\",\"odds\":\"51.00\",\"header\":\"Home\"},{\"opp\":\"5-0\",\"odds\":\"67.00\",\"header\":\"Home\"}],\"1st_half_goals_odd_even\":[{\"opp\":\"Odd\",\"odds\":\"2.00\"},{\"opp\":\"Even\",\"odds\":\"1.80\"}],\"home_team_highest_scoring_half\":[{\"opp\":\"Maardu Linnameeskond - 1st Half\",\"odds\":\"2.88\"},{\"opp\":\"Maardu Linnameeskond - 2nd Half\",\"odds\":\"2.00\"},{\"opp\":\"Maardu Linnameeskond - Tie\",\"odds\":\"3.60\"}],\"away_team_highest_scoring_half\":[{\"opp\":\"Rakvere JK Tarvas - 1st Half\",\"odds\":\"3.50\"},{\"opp\":\"Rakvere JK Tarvas - 2nd Half\",\"odds\":\"2.60\"},{\"opp\":\"Rakvere JK Tarvas - Tie\",\"odds\":\"2.25\"}],\"2nd_half_goals_odd_even\":[{\"opp\":\"Even\",\"odds\":\"1.83\"},{\"opp\":\"Odd\",\"odds\":\"1.83\"}]}},\"main\":{\"updated_at\":\"1532570023\",\"sp\":{\"full_time_result\":[{\"opp\":\"1\",\"odds\":\"1.40\"},{\"opp\":\"X\",\"odds\":\"5.00\"},{\"opp\":\"2\",\"odds\":\"5.00\"}],\"double_chance\":[{\"opp\":\"1X\",\"odds\":\"1.14\"},{\"opp\":\"X2\",\"odds\":\"2.75\"},{\"opp\":\"12\",\"odds\":\"1.14\"}],\"correct_score\":[{\"opp\":\"1-0\",\"odds\":\"17.00\",\"header\":\"Home\"},{\"opp\":\"0-0\",\"odds\":\"34.00\",\"header\":\"X\"},{\"opp\":\"1-0\",\"odds\":\"29.00\",\"header\":\"Away\"},{\"opp\":\"2-0\",\"odds\":\"12.00\",\"header\":\"Home\"},{\"opp\":\"1-1\",\"odds\":\"13.00\",\"header\":\"X\"},{\"opp\":\"2-0\",\"odds\":\"41.00\",\"header\":\"Away\"},{\"opp\":\"2-1\",\"odds\":\"11.00\",\"header\":\"Home\"},{\"opp\":\"2-2\",\"odds\":\"15.00\",\"header\":\"X\"},{\"opp\":\"2-1\",\"odds\":\"21.00\",\"header\":\"Away\"},{\"opp\":\"3-0\",\"odds\":\"13.00\",\"header\":\"Home\"},{\"opp\":\"3-3\",\"odds\":\"29.00\",\"header\":\"X\"},{\"opp\":\"3-0\",\"odds\":\"51.00\",\"header\":\"Away\"},{\"opp\":\"3-1\",\"odds\":\"11.00\",\"header\":\"Home\"},{\"opp\":\"4-4\",\"odds\":\"81.00\",\"header\":\"X\"},{\"opp\":\"3-1\",\"odds\":\"34.00\",\"header\":\"Away\"},{\"opp\":\"3-2\",\"odds\":\"17.00\",\"header\":\"Home\"},{\"opp\":\"3-2\",\"odds\":\"29.00\",\"header\":\"Away\"},{\"opp\":\"4-0\",\"odds\":\"17.00\",\"header\":\"Home\"},{\"opp\":\"4-1\",\"odds\":\"51.00\",\"header\":\"Away\"},{\"opp\":\"4-1\",\"odds\":\"15.00\",\"header\":\"Home\"},{\"opp\":\"4-2\",\"odds\":\"51.00\",\"header\":\"Away\"},{\"opp\":\"4-2\",\"odds\":\"23.00\",\"header\":\"Home\"},{\"opp\":\"4-3\",\"odds\":\"51.00\",\"header\":\"Away\"},{\"opp\":\"5-0\",\"odds\":\"26.00\",\"header\":\"Home\"},{\"opp\":\"5-1\",\"odds\":\"23.00\",\"header\":\"Home\"},{\"opp\":\"4-3\",\"odds\":\"41.00\",\"header\":\"Home\"},{\"opp\":\"5-2\",\"odds\":\"34.00\",\"header\":\"Home\"},{\"opp\":\"5-3\",\"odds\":\"51.00\",\"header\":\"Home\"},{\"opp\":\"6-0\",\"odds\":\"41.00\",\"header\":\"Home\"},{\"opp\":\"6-1\",\"odds\":\"41.00\",\"header\":\"Home\"},{\"opp\":\"6-2\",\"odds\":\"51.00\",\"header\":\"Home\"},{\"opp\":\"7-0\",\"odds\":\"51.00\",\"header\":\"Home\"},{\"opp\":\"7-1\",\"odds\":\"51.00\",\"header\":\"Home\"},{\"opp\":\"7-2\",\"odds\":\"81.00\",\"header\":\"Home\"}],\"half_time_full_time\":[{\"opp\":\"Maardu Linnameeskond - Maardu Linnameeskond\",\"odds\":\"2.05\"},{\"opp\":\"Maardu Linnameeskond - Draw\",\"odds\":\"15.00\"},{\"opp\":\"Maardu Linnameeskond - Rakvere JK Tarvas\",\"odds\":\"26.00\"},{\"opp\":\"Draw - Maardu Linnameeskond\",\"odds\":\"5.00\"},{\"opp\":\"Draw - Draw\",\"odds\":\"11.00\"},{\"opp\":\"Draw - Rakvere JK Tarvas\",\"odds\":\"13.00\"},{\"opp\":\"Rakvere JK Tarvas - Maardu Linnameeskond\",\"odds\":\"15.00\"},{\"opp\":\"Rakvere JK Tarvas - Draw\",\"odds\":\"19.00\"},{\"opp\":\"Rakvere JK Tarvas - Rakvere JK Tarvas\",\"odds\":\"8.50\"}],\"goals_over_under\":[{\"goals\":\"2.5\",\"odds\":\"1.24\",\"header\":\"Over\"},{\"goals\":\"2.5\",\"odds\":\"3.90\",\"header\":\"Under\"}],\"draw_no_bet\":[{\"opp\":\"Maardu Linnameeskond\",\"odds\":\"1.20\"},{\"opp\":\"Rakvere JK Tarvas\",\"odds\":\"4.33\"}]}},\"schedule\":{\"updated_at\":\"1532570184\",\"sp\":{\"main\":[{\"odds\":\"1.40\"},{\"odds\":\"5.00\"},{\"odds\":\"5.00\"}]}}}]}"}