{"odd":"{\"success\":1,\"results\":[{\"FI\":\"75382838\",\"event_id\":\"839380\",\"goals\":{\"updated_at\":\"1532569798\",\"sp\":{\"goals_over_under\":[{\"goals\":\"2.5\",\"odds\":\"1.95\",\"header\":\"Over\"},{\"goals\":\"2.5\",\"odds\":\"1.85\",\"header\":\"Under\"}],\"first_team_to_score\":[{\"opp\":\"Ural II\",\"odds\":\"2.75\"},{\"opp\":\"No Goals\",\"odds\":\"9.50\"},{\"opp\":\"FK Volga Ulyanovsk\",\"odds\":\"1.57\"}],\"home_team_highest_scoring_half\":[{\"opp\":\"Ural II - 1st Half\",\"odds\":\"4.33\"},{\"opp\":\"Ural II - 2nd Half\",\"odds\":\"3.00\"},{\"opp\":\"Ural II - Tie\",\"odds\":\"1.83\"}],\"away_team_highest_scoring_half\":[{\"opp\":\"FK Volga Ulyanovsk - 1st Half\",\"odds\":\"3.25\"},{\"opp\":\"FK Volga Ulyanovsk - 2nd Half\",\"odds\":\"2.25\"},{\"opp\":\"FK Volga Ulyanovsk - Tie\",\"odds\":\"2.75\"}],\"goals_odd_even\":[{\"opp\":\"Even\",\"odds\":\"1.90\"},{\"opp\":\"Odd\",\"odds\":\"1.95\"}],\"home_team_odd_even_goals\":[{\"opp\":\"Ural II - Even\",\"odds\":\"1.57\"},{\"opp\":\"Ural II - Odd\",\"odds\":\"2.25\"}],\"away_team_odd_even_goals\":[{\"opp\":\"FK Volga Ulyanovsk - Even\",\"odds\":\"1.80\"},{\"opp\":\"FK Volga Ulyanovsk - Odd\",\"odds\":\"1.91\"}],\"1st_half_goals_odd_even\":[{\"opp\":\"Odd\",\"odds\":\"2.10\"},{\"opp\":\"Even\",\"odds\":\"1.73\"}]}},\"half\":{\"updated_at\":\"1532570221\",\"sp\":{\"half_time_result\":[{\"opp\":\"1\",\"odds\":\"5.00\"},{\"opp\":\"X\",\"odds\":\"2.20\"},{\"opp\":\"2\",\"odds\":\"2.20\"}],\"half_time_double_chance\":[{\"opp\":\"1X\",\"odds\":\"1.62\"},{\"opp\":\"X2\",\"odds\":\"1.17\"},{\"opp\":\"12\",\"odds\":\"1.62\"}],\"half_time_correct_score\":[{\"opp\":\"1-0\",\"odds\":\"7.00\",\"header\":\"Home\"},{\"opp\":\"0-0\",\"odds\":\"2.75\",\"header\":\"X\"},{\"opp\":\"1-0\",\"odds\":\"3.75\",\"header\":\"Away\"},{\"opp\":\"2-0\",\"odds\":\"23.00\",\"header\":\"Home\"},{\"opp\":\"1-1\",\"odds\":\"10.00\",\"header\":\"X\"},{\"opp\":\"2-0\",\"odds\":\"8.00\",\"header\":\"Away\"},{\"opp\":\"2-1\",\"odds\":\"41.00\",\"header\":\"Home\"},{\"opp\":\"2-2\",\"odds\":\"67.00\",\"header\":\"X\"},{\"opp\":\"2-1\",\"odds\":\"26.00\",\"header\":\"Away\"},{\"opp\":\"3-0\",\"odds\":\"67.00\",\"header\":\"Home\"},{\"opp\":\"3-0\",\"odds\":\"23.00\",\"header\":\"Away\"},{\"opp\":\"3-1\",\"odds\":\"51.00\",\"header\":\"Away\"},{\"opp\":\"4-0\",\"odds\":\"51.00\",\"header\":\"Away\"}],\"1st_half_goals_odd_even\":[{\"opp\":\"Odd\",\"odds\":\"2.10\"},{\"opp\":\"Even\",\"odds\":\"1.73\"}],\"home_team_highest_scoring_half\":[{\"opp\":\"Ural II - 1st Half\",\"odds\":\"4.33\"},{\"opp\":\"Ural II - 2nd Half\",\"odds\":\"3.00\"},{\"opp\":\"Ural II - Tie\",\"odds\":\"1.83\"}],\"away_team_highest_scoring_half\":[{\"opp\":\"FK Volga Ulyanovsk - 1st Half\",\"odds\":\"3.25\"},{\"opp\":\"FK Volga Ulyanovsk - 2nd Half\",\"odds\":\"2.25\"},{\"opp\":\"FK Volga Ulyanovsk - Tie\",\"odds\":\"2.75\"}],\"2nd_half_goals_odd_even\":[{\"opp\":\"Even\",\"odds\":\"1.73\"},{\"opp\":\"Odd\",\"odds\":\"2.00\"}]}},\"main\":{\"updated_at\":\"1532569786\",\"sp\":{\"full_time_result\":[{\"opp\":\"1\",\"odds\":\"4.60\"},{\"opp\":\"X\",\"odds\":\"3.60\"},{\"opp\":\"2\",\"odds\":\"1.62\"}],\"double_chance\":[{\"opp\":\"1X\",\"odds\":\"2.20\"},{\"opp\":\"X2\",\"odds\":\"1.17\"},{\"opp\":\"12\",\"odds\":\"1.29\"}],\"correct_score\":[{\"opp\":\"1-0\",\"odds\":\"13.00\",\"header\":\"Home\"},{\"opp\":\"0-0\",\"odds\":\"9.50\",\"header\":\"X\"},{\"opp\":\"1-0\",\"odds\":\"6.50\",\"header\":\"Away\"},{\"opp\":\"2-0\",\"odds\":\"23.00\",\"header\":\"Home\"},{\"opp\":\"1-1\",\"odds\":\"7.50\",\"header\":\"X\"},{\"opp\":\"2-0\",\"odds\":\"7.50\",\"header\":\"Away\"},{\"opp\":\"2-1\",\"odds\":\"17.00\",\"header\":\"Home\"},{\"opp\":\"2-2\",\"odds\":\"19.00\",\"header\":\"X\"},{\"opp\":\"2-1\",\"odds\":\"9.50\",\"header\":\"Away\"},{\"opp\":\"3-0\",\"odds\":\"51.00\",\"header\":\"Home\"},{\"opp\":\"3-3\",\"odds\":\"51.00\",\"header\":\"X\"},{\"opp\":\"3-0\",\"odds\":\"11.00\",\"header\":\"Away\"},{\"opp\":\"3-1\",\"odds\":\"41.00\",\"header\":\"Home\"},{\"opp\":\"3-1\",\"odds\":\"15.00\",\"header\":\"Away\"},{\"opp\":\"3-2\",\"odds\":\"41.00\",\"header\":\"Home\"},{\"opp\":\"3-2\",\"odds\":\"34.00\",\"header\":\"Away\"},{\"opp\":\"4-1\",\"odds\":\"81.00\",\"header\":\"Home\"},{\"opp\":\"4-0\",\"odds\":\"21.00\",\"header\":\"Away\"},{\"opp\":\"4-1\",\"odds\":\"29.00\",\"header\":\"Away\"},{\"opp\":\"4-2\",\"odds\":\"51.00\",\"header\":\"Away\"},{\"opp\":\"5-0\",\"odds\":\"41.00\",\"header\":\"Away\"},{\"opp\":\"5-1\",\"odds\":\"51.00\",\"header\":\"Away\"},{\"opp\":\"6-0\",\"odds\":\"67.00\",\"header\":\"Away\"}],\"half_time_full_time\":[{\"opp\":\"Ural II - Ural II\",\"odds\":\"8.00\"},{\"opp\":\"Ural II - Draw\",\"odds\":\"17.00\"},{\"opp\":\"Ural II - FK Volga Ulyanovsk\",\"odds\":\"21.00\"},{\"opp\":\"Draw - Ural II\",\"odds\":\"10.00\"},{\"opp\":\"Draw - Draw\",\"odds\":\"6.00\"},{\"opp\":\"Draw - FK Volga Ulyanovsk\",\"odds\":\"4.33\"},{\"opp\":\"FK Volga Ulyanovsk - Ural II\",\"odds\":\"34.00\"},{\"opp\":\"FK Volga Ulyanovsk - Draw\",\"odds\":\"15.00\"},{\"opp\":\"FK Volga Ulyanovsk - FK Volga Ulyanovsk\",\"odds\":\"2.60\"}],\"goals_over_under\":[{\"goals\":\"2.5\",\"odds\":\"1.95\",\"header\":\"Over\"},{\"goals\":\"2.5\",\"odds\":\"1.85\",\"header\":\"Under\"}],\"draw_no_bet\":[{\"opp\":\"Ural II\",\"odds\":\"3.75\"},{\"opp\":\"FK Volga Ulyanovsk\",\"odds\":\"1.25\"}]}},\"schedule\":{\"updated_at\":\"1532570184\",\"sp\":{\"main\":[{\"odds\":\"4.60\"},{\"odds\":\"3.60\"},{\"odds\":\"1.62\"}]}}}]}"}