{"odd":"{\"success\":1,\"results\":[{\"FI\":\"75378744\",\"event_id\":\"678139\",\"goals\":{\"updated_at\":\"1532570470\",\"sp\":{\"goals_over_under\":[{\"goals\":\"2.5\",\"odds\":\"1.75\",\"header\":\"Over\"},{\"goals\":\"2.5\",\"odds\":\"2.05\",\"header\":\"Under\"}],\"first_team_to_score\":[{\"opp\":\"Bethlehem Steel FC\",\"odds\":\"1.67\"},{\"opp\":\"No Goals\",\"odds\":\"12.00\"},{\"opp\":\"Indy Eleven\",\"odds\":\"2.30\"}],\"home_team_highest_scoring_half\":[{\"opp\":\"Bethlehem Steel FC - 1st Half\",\"odds\":\"3.40\"},{\"opp\":\"Bethlehem Steel FC - 2nd Half\",\"odds\":\"2.30\"},{\"opp\":\"Bethlehem Steel FC - Tie\",\"odds\":\"2.60\"}],\"away_team_highest_scoring_half\":[{\"opp\":\"Indy Eleven - 1st Half\",\"odds\":\"3.60\"},{\"opp\":\"Indy Eleven - 2nd Half\",\"odds\":\"2.60\"},{\"opp\":\"Indy Eleven - Tie\",\"odds\":\"2.20\"}],\"goals_odd_even\":[{\"opp\":\"Even\",\"odds\":\"1.90\"},{\"opp\":\"Odd\",\"odds\":\"1.95\"}],\"home_team_odd_even_goals\":[{\"opp\":\"Bethlehem Steel FC - Even\",\"odds\":\"1.80\"},{\"opp\":\"Bethlehem Steel FC - Odd\",\"odds\":\"1.91\"}],\"away_team_odd_even_goals\":[{\"opp\":\"Indy Eleven - Even\",\"odds\":\"1.67\"},{\"opp\":\"Indy Eleven - Odd\",\"odds\":\"2.10\"}],\"1st_half_goals_odd_even\":[{\"opp\":\"Odd\",\"odds\":\"2.10\"},{\"opp\":\"Even\",\"odds\":\"1.73\"}]}},\"half\":{\"updated_at\":\"1532570466\",\"sp\":{\"half_time_result\":[{\"opp\":\"1\",\"odds\":\"2.60\"},{\"opp\":\"X\",\"odds\":\"2.25\"},{\"opp\":\"2\",\"odds\":\"3.50\"}],\"half_time_double_chance\":[{\"opp\":\"1X\",\"odds\":\"1.29\"},{\"opp\":\"X2\",\"odds\":\"1.50\"},{\"opp\":\"12\",\"odds\":\"1.57\"}],\"half_time_correct_score\":[{\"opp\":\"1-0\",\"odds\":\"4.33\",\"header\":\"Home\"},{\"opp\":\"0-0\",\"odds\":\"3.00\",\"header\":\"X\"},{\"opp\":\"1-0\",\"odds\":\"5.50\",\"header\":\"Away\"},{\"opp\":\"2-0\",\"odds\":\"10.00\",\"header\":\"Home\"},{\"opp\":\"1-1\",\"odds\":\"9.00\",\"header\":\"X\"},{\"opp\":\"2-0\",\"odds\":\"15.00\",\"header\":\"Away\"},{\"opp\":\"2-1\",\"odds\":\"23.00\",\"header\":\"Home\"},{\"opp\":\"2-2\",\"odds\":\"51.00\",\"header\":\"X\"},{\"opp\":\"2-1\",\"odds\":\"29.00\",\"header\":\"Away\"},{\"opp\":\"3-0\",\"odds\":\"29.00\",\"header\":\"Home\"},{\"opp\":\"3-0\",\"odds\":\"41.00\",\"header\":\"Away\"},{\"opp\":\"3-1\",\"odds\":\"51.00\",\"header\":\"Home\"},{\"opp\":\"3-1\",\"odds\":\"67.00\",\"header\":\"Away\"},{\"opp\":\"4-0\",\"odds\":\"67.00\",\"header\":\"Home\"}],\"1st_half_goals_odd_even\":[{\"opp\":\"Odd\",\"odds\":\"2.10\"},{\"opp\":\"Even\",\"odds\":\"1.73\"}],\"home_team_highest_scoring_half\":[{\"opp\":\"Bethlehem Steel FC - 1st Half\",\"odds\":\"3.40\"},{\"opp\":\"Bethlehem Steel FC - 2nd Half\",\"odds\":\"2.30\"},{\"opp\":\"Bethlehem Steel FC - Tie\",\"odds\":\"2.60\"}],\"away_team_highest_scoring_half\":[{\"opp\":\"Indy Eleven - 1st Half\",\"odds\":\"3.60\"},{\"opp\":\"Indy Eleven - 2nd Half\",\"odds\":\"2.60\"},{\"opp\":\"Indy Eleven - Tie\",\"odds\":\"2.20\"}],\"2nd_half_goals_odd_even\":[{\"opp\":\"Even\",\"odds\":\"1.80\"},{\"opp\":\"Odd\",\"odds\":\"1.91\"}]}},\"main\":{\"updated_at\":\"1532570442\",\"sp\":{\"full_time_result\":[{\"opp\":\"1\",\"odds\":\"2.00\"},{\"opp\":\"X\",\"odds\":\"3.60\"},{\"opp\":\"2\",\"odds\":\"3.00\"}],\"double_chance\":[{\"opp\":\"1X\",\"odds\":\"1.36\"},{\"opp\":\"X2\",\"odds\":\"1.73\"},{\"opp\":\"12\",\"odds\":\"1.29\"}],\"correct_score\":[{\"opp\":\"1-0\",\"odds\":\"9.00\",\"header\":\"Home\"},{\"opp\":\"0-0\",\"odds\":\"12.00\",\"header\":\"X\"},{\"opp\":\"1-0\",\"odds\":\"11.00\",\"header\":\"Away\"},{\"opp\":\"2-0\",\"odds\":\"11.00\",\"header\":\"Home\"},{\"opp\":\"1-1\",\"odds\":\"7.50\",\"header\":\"X\"},{\"opp\":\"2-0\",\"odds\":\"17.00\",\"header\":\"Away\"},{\"opp\":\"2-1\",\"odds\":\"10.00\",\"header\":\"Home\"},{\"opp\":\"2-2\",\"odds\":\"15.00\",\"header\":\"X\"},{\"opp\":\"2-1\",\"odds\":\"13.00\",\"header\":\"Away\"},{\"opp\":\"3-0\",\"odds\":\"17.00\",\"header\":\"Home\"},{\"opp\":\"3-3\",\"odds\":\"41.00\",\"header\":\"X\"},{\"opp\":\"3-0\",\"odds\":\"29.00\",\"header\":\"Away\"},{\"opp\":\"3-1\",\"odds\":\"17.00\",\"header\":\"Home\"},{\"opp\":\"3-1\",\"odds\":\"23.00\",\"header\":\"Away\"},{\"opp\":\"3-2\",\"odds\":\"26.00\",\"header\":\"Home\"},{\"opp\":\"3-2\",\"odds\":\"34.00\",\"header\":\"Away\"},{\"opp\":\"4-0\",\"odds\":\"34.00\",\"header\":\"Home\"},{\"opp\":\"4-0\",\"odds\":\"51.00\",\"header\":\"Away\"},{\"opp\":\"4-1\",\"odds\":\"34.00\",\"header\":\"Home\"},{\"opp\":\"4-1\",\"odds\":\"51.00\",\"header\":\"Away\"},{\"opp\":\"4-2\",\"odds\":\"41.00\",\"header\":\"Home\"},{\"opp\":\"4-2\",\"odds\":\"51.00\",\"header\":\"Away\"},{\"opp\":\"5-0\",\"odds\":\"51.00\",\"header\":\"Home\"},{\"opp\":\"5-1\",\"odds\":\"51.00\",\"header\":\"Home\"},{\"opp\":\"4-3\",\"odds\":\"81.00\",\"header\":\"Home\"},{\"opp\":\"5-2\",\"odds\":\"81.00\",\"header\":\"Home\"}],\"half_time_full_time\":[{\"opp\":\"Bethlehem Steel FC - Bethlehem Steel FC\",\"odds\":\"3.25\"},{\"opp\":\"Bethlehem Steel FC - Draw\",\"odds\":\"15.00\"},{\"opp\":\"Bethlehem Steel FC - Indy Eleven\",\"odds\":\"26.00\"},{\"opp\":\"Draw - Bethlehem Steel FC\",\"odds\":\"5.50\"},{\"opp\":\"Draw - Draw\",\"odds\":\"6.00\"},{\"opp\":\"Draw - Indy Eleven\",\"odds\":\"7.50\"},{\"opp\":\"Indy Eleven - Bethlehem Steel FC\",\"odds\":\"21.00\"},{\"opp\":\"Indy Eleven - Draw\",\"odds\":\"15.00\"},{\"opp\":\"Indy Eleven - Indy Eleven\",\"odds\":\"5.00\"}],\"goals_over_under\":[{\"goals\":\"2.5\",\"odds\":\"1.75\",\"header\":\"Over\"},{\"goals\":\"2.5\",\"odds\":\"2.05\",\"header\":\"Under\"}],\"draw_no_bet\":[{\"opp\":\"Bethlehem Steel FC\",\"odds\":\"1.57\"},{\"opp\":\"Indy Eleven\",\"odds\":\"2.25\"}]}},\"schedule\":{\"updated_at\":\"1532570184\",\"sp\":{\"main\":[{\"odds\":\"2.00\"},{\"odds\":\"3.60\"},{\"odds\":\"3.00\"}]}}}]}"}