{"odd":"{\"success\":1,\"results\":[{\"FI\":\"75382658\",\"event_id\":\"828942\",\"asian_lines\":{\"updated_at\":\"1532570281\",\"sp\":{\"asian_total_corners\":[{\"goals\":\"10.0\",\"odds\":\"1.875\",\"header\":\"Over\"},{\"goals\":\"10.0\",\"odds\":\"1.925\",\"header\":\"Under\"}],\"1st_half_asian_corners\":[{\"goals\":\"4.5\",\"odds\":\"1.775\",\"header\":\"Over\"},{\"goals\":\"4.5\",\"odds\":\"2.025\",\"header\":\"Under\"}]}},\"corners\":{\"updated_at\":\"1532570279\",\"sp\":{\"corners\":[{\"opp\":\"Over 10\",\"odds\":\"2.00\"},{\"opp\":\"Exactly 10\",\"odds\":\"7.50\"},{\"opp\":\"Under 10\",\"odds\":\"2.10\"}],\"total_corners\":[{\"opp\":\"Under 6\",\"odds\":\"12.00\"},{\"opp\":\"6 - 8\",\"odds\":\"3.50\"},{\"opp\":\"9 - 11\",\"odds\":\"2.60\"},{\"opp\":\"12 - 14\",\"odds\":\"3.75\"},{\"opp\":\"Over 14\",\"odds\":\"8.00\"}],\"alternative_corners\":[{\"goals\":\"4\",\"odds\":\"1.02\",\"header\":\"Over\"},{\"goals\":\"4\",\"odds\":\"23.00\",\"header\":\"Exactly\"},{\"goals\":\"4\",\"odds\":\"34.00\",\"header\":\"Under\"},{\"goals\":\"5\",\"odds\":\"1.04\",\"header\":\"Over\"},{\"goals\":\"5\",\"odds\":\"17.00\",\"header\":\"Exactly\"},{\"goals\":\"5\",\"odds\":\"19.00\",\"header\":\"Under\"},{\"goals\":\"6\",\"odds\":\"1.09\",\"header\":\"Over\"},{\"goals\":\"6\",\"odds\":\"12.00\",\"header\":\"Exactly\"},{\"goals\":\"6\",\"odds\":\"12.00\",\"header\":\"Under\"},{\"goals\":\"7\",\"odds\":\"1.22\",\"header\":\"Over\"},{\"goals\":\"7\",\"odds\":\"9.50\",\"header\":\"Exactly\"},{\"goals\":\"7\",\"odds\":\"6.50\",\"header\":\"Under\"},{\"goals\":\"8\",\"odds\":\"1.40\",\"header\":\"Over\"},{\"goals\":\"8\",\"odds\":\"8.00\",\"header\":\"Exactly\"},{\"goals\":\"8\",\"odds\":\"4.33\",\"header\":\"Under\"},{\"goals\":\"9\",\"odds\":\"1.67\",\"header\":\"Over\"},{\"goals\":\"9\",\"odds\":\"7.50\",\"header\":\"Exactly\"},{\"goals\":\"9\",\"odds\":\"2.88\",\"header\":\"Under\"},{\"goals\":\"11\",\"odds\":\"2.75\",\"header\":\"Over\"},{\"goals\":\"11\",\"odds\":\"8.00\",\"header\":\"Exactly\"},{\"goals\":\"11\",\"odds\":\"1.73\",\"header\":\"Under\"},{\"goals\":\"12\",\"odds\":\"3.75\",\"header\":\"Over\"},{\"goals\":\"12\",\"odds\":\"9.00\",\"header\":\"Exactly\"},{\"goals\":\"12\",\"odds\":\"1.44\",\"header\":\"Under\"},{\"goals\":\"13\",\"odds\":\"5.50\",\"header\":\"Over\"},{\"goals\":\"13\",\"odds\":\"11.00\",\"header\":\"Exactly\"},{\"goals\":\"13\",\"odds\":\"1.25\",\"header\":\"Under\"},{\"goals\":\"14\",\"odds\":\"8.00\",\"header\":\"Over\"},{\"goals\":\"14\",\"odds\":\"13.00\",\"header\":\"Exactly\"},{\"goals\":\"14\",\"odds\":\"1.14\",\"header\":\"Under\"},{\"goals\":\"15\",\"odds\":\"12.00\",\"header\":\"Over\"},{\"goals\":\"15\",\"odds\":\"17.00\",\"header\":\"Exactly\"},{\"goals\":\"15\",\"odds\":\"1.07\",\"header\":\"Under\"},{\"goals\":\"16\",\"odds\":\"17.00\",\"header\":\"Over\"},{\"goals\":\"16\",\"odds\":\"21.00\",\"header\":\"Exactly\"},{\"goals\":\"16\",\"odds\":\"1.04\",\"header\":\"Under\"},{\"goals\":\"17\",\"odds\":\"23.00\",\"header\":\"Over\"},{\"goals\":\"17\",\"odds\":\"26.00\",\"header\":\"Exactly\"},{\"goals\":\"17\",\"odds\":\"1.02\",\"header\":\"Under\"},{\"goals\":\"18\",\"odds\":\"29.00\",\"header\":\"Over\"},{\"goals\":\"18\",\"odds\":\"34.00\",\"header\":\"Exactly\"},{\"goals\":\"18\",\"odds\":\"1.01\",\"header\":\"Under\"}],\"corners_2_way\":[{\"opp\":\"Over 10.5\",\"odds\":\"2.00\"},{\"opp\":\"Under 10.5\",\"odds\":\"1.73\"}],\"first_half_corners\":[{\"opp\":\"5\",\"odds\":\"2.50\",\"header\":\"Over\"},{\"opp\":\"5\",\"odds\":\"5.50\",\"header\":\"Exactly\"},{\"opp\":\"5\",\"odds\":\"2.00\",\"header\":\"Under\"}],\"asian_total_corners\":[{\"goals\":\"10.0\",\"odds\":\"1.875\",\"header\":\"Over\"},{\"goals\":\"10.0\",\"odds\":\"1.925\",\"header\":\"Under\"}],\"1st_half_asian_corners\":[{\"goals\":\"4.5\",\"odds\":\"1.775\",\"header\":\"Over\"},{\"goals\":\"4.5\",\"odds\":\"2.025\",\"header\":\"Under\"}]}},\"goals\":{\"updated_at\":\"1532570301\",\"sp\":{\"goals_over_under\":[{\"goals\":\"2.5\",\"odds\":\"1.70\",\"header\":\"Over\"},{\"goals\":\"2.5\",\"odds\":\"2.10\",\"header\":\"Under\"}],\"first_team_to_score\":[{\"opp\":\"Figueirense U20\",\"odds\":\"1.83\"},{\"opp\":\"No Goals\",\"odds\":\"12.00\"},{\"opp\":\"Flamengo RJ U20\",\"odds\":\"2.05\"}],\"home_team_highest_scoring_half\":[{\"opp\":\"Figueirense U20 - 1st Half\",\"odds\":\"3.50\"},{\"opp\":\"Figueirense U20 - 2nd Half\",\"odds\":\"2.38\"},{\"opp\":\"Figueirense U20 - Tie\",\"odds\":\"2.50\"}],\"away_team_highest_scoring_half\":[{\"opp\":\"Flamengo RJ U20 - 1st Half\",\"odds\":\"3.50\"},{\"opp\":\"Flamengo RJ U20 - 2nd Half\",\"odds\":\"2.38\"},{\"opp\":\"Flamengo RJ U20 - Tie\",\"odds\":\"2.40\"}],\"goals_odd_even\":[{\"opp\":\"Even\",\"odds\":\"1.90\"},{\"opp\":\"Odd\",\"odds\":\"1.95\"}],\"home_team_odd_even_goals\":[{\"opp\":\"Figueirense U20 - Even\",\"odds\":\"1.73\"},{\"opp\":\"Figueirense U20 - Odd\",\"odds\":\"2.00\"}],\"away_team_odd_even_goals\":[{\"opp\":\"Flamengo RJ U20 - Even\",\"odds\":\"1.73\"},{\"opp\":\"Flamengo RJ U20 - Odd\",\"odds\":\"2.00\"}],\"1st_half_goals_odd_even\":[{\"opp\":\"Odd\",\"odds\":\"2.10\"},{\"opp\":\"Even\",\"odds\":\"1.73\"}]}},\"half\":{\"updated_at\":\"1532570306\",\"sp\":{\"half_time_result\":[{\"opp\":\"1\",\"odds\":\"3.00\"},{\"opp\":\"X\",\"odds\":\"2.25\"},{\"opp\":\"2\",\"odds\":\"3.10\"}],\"half_time_double_chance\":[{\"opp\":\"1X\",\"odds\":\"1.36\"},{\"opp\":\"X2\",\"odds\":\"1.36\"},{\"opp\":\"12\",\"odds\":\"1.57\"}],\"half_time_correct_score\":[{\"opp\":\"1-0\",\"odds\":\"4.75\",\"header\":\"Home\"},{\"opp\":\"0-0\",\"odds\":\"3.00\",\"header\":\"X\"},{\"opp\":\"1-0\",\"odds\":\"5.00\",\"header\":\"Away\"},{\"opp\":\"2-0\",\"odds\":\"12.00\",\"header\":\"Home\"},{\"opp\":\"1-1\",\"odds\":\"8.50\",\"header\":\"X\"},{\"opp\":\"2-0\",\"odds\":\"13.00\",\"header\":\"Away\"},{\"opp\":\"2-1\",\"odds\":\"23.00\",\"header\":\"Home\"},{\"opp\":\"2-2\",\"odds\":\"51.00\",\"header\":\"X\"},{\"opp\":\"2-1\",\"odds\":\"23.00\",\"header\":\"Away\"},{\"opp\":\"3-0\",\"odds\":\"34.00\",\"header\":\"Home\"},{\"opp\":\"3-0\",\"odds\":\"41.00\",\"header\":\"Away\"},{\"opp\":\"3-1\",\"odds\":\"51.00\",\"header\":\"Home\"},{\"opp\":\"3-1\",\"odds\":\"51.00\",\"header\":\"Away\"},{\"opp\":\"4-0\",\"odds\":\"81.00\",\"header\":\"Home\"},{\"opp\":\"4-0\",\"odds\":\"81.00\",\"header\":\"Away\"}],\"first_half_corners\":[{\"opp\":\"5\",\"odds\":\"2.50\",\"header\":\"Over\"},{\"opp\":\"5\",\"odds\":\"5.50\",\"header\":\"Exactly\"},{\"opp\":\"5\",\"odds\":\"2.00\",\"header\":\"Under\"}],\"1st_half_asian_corners\":[{\"goals\":\"4.5\",\"odds\":\"1.775\",\"header\":\"Over\"},{\"goals\":\"4.5\",\"odds\":\"2.025\",\"header\":\"Under\"}],\"1st_half_goals_odd_even\":[{\"opp\":\"Odd\",\"odds\":\"2.10\"},{\"opp\":\"Even\",\"odds\":\"1.73\"}],\"home_team_highest_scoring_half\":[{\"opp\":\"Figueirense U20 - 1st Half\",\"odds\":\"3.50\"},{\"opp\":\"Figueirense U20 - 2nd Half\",\"odds\":\"2.38\"},{\"opp\":\"Figueirense U20 - Tie\",\"odds\":\"2.50\"}],\"away_team_highest_scoring_half\":[{\"opp\":\"Flamengo RJ U20 - 1st Half\",\"odds\":\"3.50\"},{\"opp\":\"Flamengo RJ U20 - 2nd Half\",\"odds\":\"2.38\"},{\"opp\":\"Flamengo RJ U20 - Tie\",\"odds\":\"2.40\"}],\"2nd_half_goals_odd_even\":[{\"opp\":\"Even\",\"odds\":\"1.80\"},{\"opp\":\"Odd\",\"odds\":\"1.91\"}]}},\"main\":{\"updated_at\":\"1532569962\",\"sp\":{\"full_time_result\":[{\"opp\":\"1\",\"odds\":\"2.38\"},{\"opp\":\"X\",\"odds\":\"3.40\"},{\"opp\":\"2\",\"odds\":\"2.50\"}],\"double_chance\":[{\"opp\":\"1X\",\"odds\":\"1.50\"},{\"opp\":\"X2\",\"odds\":\"1.53\"},{\"opp\":\"12\",\"odds\":\"1.30\"}],\"correct_score\":[{\"opp\":\"1-0\",\"odds\":\"10.00\",\"header\":\"Home\"},{\"opp\":\"0-0\",\"odds\":\"12.00\",\"header\":\"X\"},{\"opp\":\"1-0\",\"odds\":\"11.00\",\"header\":\"Away\"},{\"opp\":\"2-0\",\"odds\":\"13.00\",\"header\":\"Home\"},{\"opp\":\"1-1\",\"odds\":\"7.00\",\"header\":\"X\"},{\"opp\":\"2-0\",\"odds\":\"15.00\",\"header\":\"Away\"},{\"opp\":\"2-1\",\"odds\":\"11.00\",\"header\":\"Home\"},{\"opp\":\"2-2\",\"odds\":\"13.00\",\"header\":\"X\"},{\"opp\":\"2-1\",\"odds\":\"11.00\",\"header\":\"Away\"},{\"opp\":\"3-0\",\"odds\":\"21.00\",\"header\":\"Home\"},{\"opp\":\"3-3\",\"odds\":\"41.00\",\"header\":\"X\"},{\"opp\":\"3-0\",\"odds\":\"23.00\",\"header\":\"Away\"},{\"opp\":\"3-1\",\"odds\":\"19.00\",\"header\":\"Home\"},{\"opp\":\"3-1\",\"odds\":\"21.00\",\"header\":\"Away\"},{\"opp\":\"3-2\",\"odds\":\"26.00\",\"header\":\"Home\"},{\"opp\":\"3-2\",\"odds\":\"29.00\",\"header\":\"Away\"},{\"opp\":\"4-0\",\"odds\":\"41.00\",\"header\":\"Home\"},{\"opp\":\"4-0\",\"odds\":\"41.00\",\"header\":\"Away\"},{\"opp\":\"4-1\",\"odds\":\"41.00\",\"header\":\"Home\"},{\"opp\":\"4-1\",\"odds\":\"41.00\",\"header\":\"Away\"},{\"opp\":\"4-2\",\"odds\":\"51.00\",\"header\":\"Home\"},{\"opp\":\"4-2\",\"odds\":\"51.00\",\"header\":\"Away\"},{\"opp\":\"5-0\",\"odds\":\"67.00\",\"header\":\"Home\"},{\"opp\":\"5-0\",\"odds\":\"81.00\",\"header\":\"Away\"},{\"opp\":\"5-1\",\"odds\":\"67.00\",\"header\":\"Home\"},{\"opp\":\"5-1\",\"odds\":\"67.00\",\"header\":\"Away\"},{\"opp\":\"4-3\",\"odds\":\"81.00\",\"header\":\"Home\"},{\"opp\":\"4-3\",\"odds\":\"81.00\",\"header\":\"Away\"}],\"half_time_full_time\":[{\"opp\":\"Figueirense U20 - Figueirense U20\",\"odds\":\"4.00\"},{\"opp\":\"Figueirense U20 - Draw\",\"odds\":\"15.00\"},{\"opp\":\"Figueirense U20 - Flamengo RJ U20\",\"odds\":\"23.00\"},{\"opp\":\"Draw - Figueirense U20\",\"odds\":\"6.00\"},{\"opp\":\"Draw - Draw\",\"odds\":\"6.00\"},{\"opp\":\"Draw - Flamengo RJ U20\",\"odds\":\"6.50\"},{\"opp\":\"Flamengo RJ U20 - Figueirense U20\",\"odds\":\"23.00\"},{\"opp\":\"Flamengo RJ U20 - Draw\",\"odds\":\"15.00\"},{\"opp\":\"Flamengo RJ U20 - Flamengo RJ U20\",\"odds\":\"4.00\"}],\"goals_over_under\":[{\"goals\":\"2.5\",\"odds\":\"1.70\",\"header\":\"Over\"},{\"goals\":\"2.5\",\"odds\":\"2.10\",\"header\":\"Under\"}],\"draw_no_bet\":[{\"opp\":\"Figueirense U20\",\"odds\":\"1.80\"},{\"opp\":\"Flamengo RJ U20\",\"odds\":\"1.91\"}]}},\"schedule\":{\"updated_at\":\"1532570225\",\"sp\":{\"main\":[{\"odds\":\"2.38\"},{\"odds\":\"3.40\"},{\"odds\":\"2.50\"}]}}}]}"}