{"odd":"{\"success\":1,\"results\":[{\"FI\":\"75382731\",\"event_id\":\"847441\",\"asian_lines\":{\"updated_at\":\"1532530702\",\"sp\":[]},\"goals\":{\"updated_at\":\"1532530713\",\"sp\":{\"goals_over_under\":[{\"goals\":\"2.5\",\"odds\":\"1.50\",\"header\":\"Over\"},{\"goals\":\"2.5\",\"odds\":\"2.50\",\"header\":\"Under\"}],\"first_team_to_score\":[{\"opp\":\"FK Kozara Gradiska\",\"odds\":\"2.88\"},{\"opp\":\"No Goals\",\"odds\":\"17.00\"},{\"opp\":\"FK Rudar Prijedor\",\"odds\":\"1.40\"}],\"home_team_highest_scoring_half\":[{\"opp\":\"FK Kozara Gradiska - 1st Half\",\"odds\":\"4.00\"},{\"opp\":\"FK Kozara Gradiska - 2nd Half\",\"odds\":\"2.88\"},{\"opp\":\"FK Kozara Gradiska - Tie\",\"odds\":\"1.91\"}],\"away_team_highest_scoring_half\":[{\"opp\":\"FK Rudar Prijedor - 1st Half\",\"odds\":\"3.10\"},{\"opp\":\"FK Rudar Prijedor - 2nd Half\",\"odds\":\"2.10\"},{\"opp\":\"FK Rudar Prijedor - Tie\",\"odds\":\"3.20\"}],\"goals_odd_even\":[{\"opp\":\"Even\",\"odds\":\"1.90\"},{\"opp\":\"Odd\",\"odds\":\"1.95\"}],\"home_team_odd_even_goals\":[{\"opp\":\"FK Kozara Gradiska - Even\",\"odds\":\"1.62\"},{\"opp\":\"FK Kozara Gradiska - Odd\",\"odds\":\"2.20\"}],\"away_team_odd_even_goals\":[{\"opp\":\"FK Rudar Prijedor - Even\",\"odds\":\"1.83\"},{\"opp\":\"FK Rudar Prijedor - Odd\",\"odds\":\"1.83\"}],\"1st_half_goals_odd_even\":[{\"opp\":\"Odd\",\"odds\":\"2.00\"},{\"opp\":\"Even\",\"odds\":\"1.80\"}]}},\"half\":{\"updated_at\":\"1532530733\",\"sp\":{\"half_time_result\":[{\"opp\":\"1\",\"odds\":\"5.50\"},{\"opp\":\"X\",\"odds\":\"2.50\"},{\"opp\":\"2\",\"odds\":\"1.83\"}],\"half_time_double_chance\":[{\"opp\":\"1X\",\"odds\":\"1.83\"},{\"opp\":\"X2\",\"odds\":\"1.14\"},{\"opp\":\"12\",\"odds\":\"1.50\"}],\"half_time_correct_score\":[{\"opp\":\"1-0\",\"odds\":\"8.00\",\"header\":\"Home\"},{\"opp\":\"0-0\",\"odds\":\"3.75\",\"header\":\"X\"},{\"opp\":\"1-0\",\"odds\":\"3.60\",\"header\":\"Away\"},{\"opp\":\"2-0\",\"odds\":\"29.00\",\"header\":\"Home\"},{\"opp\":\"1-1\",\"odds\":\"8.50\",\"header\":\"X\"},{\"opp\":\"2-0\",\"odds\":\"6.50\",\"header\":\"Away\"},{\"opp\":\"2-1\",\"odds\":\"34.00\",\"header\":\"Home\"},{\"opp\":\"2-2\",\"odds\":\"51.00\",\"header\":\"X\"},{\"opp\":\"2-1\",\"odds\":\"17.00\",\"header\":\"Away\"},{\"opp\":\"3-0\",\"odds\":\"101.00\",\"header\":\"Home\"},{\"opp\":\"3-0\",\"odds\":\"17.00\",\"header\":\"Away\"},{\"opp\":\"3-1\",\"odds\":\"101.00\",\"header\":\"Home\"},{\"opp\":\"3-1\",\"odds\":\"41.00\",\"header\":\"Away\"},{\"opp\":\"3-2\",\"odds\":\"101.00\",\"header\":\"Away\"},{\"opp\":\"4-0\",\"odds\":\"41.00\",\"header\":\"Away\"},{\"opp\":\"4-1\",\"odds\":\"81.00\",\"header\":\"Away\"},{\"opp\":\"5-0\",\"odds\":\"126.00\",\"header\":\"Away\"}],\"1st_half_goals_odd_even\":[{\"opp\":\"Odd\",\"odds\":\"2.00\"},{\"opp\":\"Even\",\"odds\":\"1.80\"}],\"home_team_highest_scoring_half\":[{\"opp\":\"FK Kozara Gradiska - 1st Half\",\"odds\":\"4.00\"},{\"opp\":\"FK Kozara Gradiska - 2nd Half\",\"odds\":\"2.88\"},{\"opp\":\"FK Kozara Gradiska - Tie\",\"odds\":\"1.91\"}],\"away_team_highest_scoring_half\":[{\"opp\":\"FK Rudar Prijedor - 1st Half\",\"odds\":\"3.10\"},{\"opp\":\"FK Rudar Prijedor - 2nd Half\",\"odds\":\"2.10\"},{\"opp\":\"FK Rudar Prijedor - Tie\",\"odds\":\"3.20\"}],\"2nd_half_goals_odd_even\":[{\"opp\":\"Even\",\"odds\":\"1.80\"},{\"opp\":\"Odd\",\"odds\":\"1.91\"}]}},\"main\":{\"updated_at\":\"1532530688\",\"sp\":{\"full_time_result\":[{\"opp\":\"1\",\"odds\":\"6.00\"},{\"opp\":\"X\",\"odds\":\"4.33\"},{\"opp\":\"2\",\"odds\":\"1.40\"}],\"double_chance\":[{\"opp\":\"1X\",\"odds\":\"2.75\"},{\"opp\":\"X2\",\"odds\":\"1.11\"},{\"opp\":\"12\",\"odds\":\"1.20\"}],\"correct_score\":[{\"opp\":\"1-0\",\"odds\":\"21.00\",\"header\":\"Home\"},{\"opp\":\"0-0\",\"odds\":\"17.00\",\"header\":\"X\"},{\"opp\":\"1-0\",\"odds\":\"9.00\",\"header\":\"Away\"},{\"opp\":\"2-0\",\"odds\":\"41.00\",\"header\":\"Home\"},{\"opp\":\"1-1\",\"odds\":\"9.00\",\"header\":\"X\"},{\"opp\":\"2-0\",\"odds\":\"8.00\",\"header\":\"Away\"},{\"opp\":\"2-1\",\"odds\":\"21.00\",\"header\":\"Home\"},{\"opp\":\"2-2\",\"odds\":\"15.00\",\"header\":\"X\"},{\"opp\":\"2-1\",\"odds\":\"8.50\",\"header\":\"Away\"},{\"opp\":\"3-0\",\"odds\":\"67.00\",\"header\":\"Home\"},{\"opp\":\"3-3\",\"odds\":\"41.00\",\"header\":\"X\"},{\"opp\":\"3-0\",\"odds\":\"10.00\",\"header\":\"Away\"},{\"opp\":\"3-1\",\"odds\":\"41.00\",\"header\":\"Home\"},{\"opp\":\"3-1\",\"odds\":\"11.00\",\"header\":\"Away\"},{\"opp\":\"3-2\",\"odds\":\"41.00\",\"header\":\"Home\"},{\"opp\":\"3-2\",\"odds\":\"21.00\",\"header\":\"Away\"},{\"opp\":\"4-1\",\"odds\":\"101.00\",\"header\":\"Home\"},{\"opp\":\"4-0\",\"odds\":\"17.00\",\"header\":\"Away\"},{\"opp\":\"4-2\",\"odds\":\"101.00\",\"header\":\"Home\"},{\"opp\":\"4-1\",\"odds\":\"19.00\",\"header\":\"Away\"},{\"opp\":\"4-3\",\"odds\":\"126.00\",\"header\":\"Home\"},{\"opp\":\"4-2\",\"odds\":\"34.00\",\"header\":\"Away\"},{\"opp\":\"4-3\",\"odds\":\"67.00\",\"header\":\"Away\"},{\"opp\":\"5-0\",\"odds\":\"29.00\",\"header\":\"Away\"},{\"opp\":\"5-1\",\"odds\":\"34.00\",\"header\":\"Away\"},{\"opp\":\"5-2\",\"odds\":\"51.00\",\"header\":\"Away\"},{\"opp\":\"5-3\",\"odds\":\"126.00\",\"header\":\"Away\"},{\"opp\":\"6-0\",\"odds\":\"51.00\",\"header\":\"Away\"},{\"opp\":\"6-1\",\"odds\":\"51.00\",\"header\":\"Away\"},{\"opp\":\"6-2\",\"odds\":\"101.00\",\"header\":\"Away\"},{\"opp\":\"7-0\",\"odds\":\"101.00\",\"header\":\"Away\"},{\"opp\":\"7-1\",\"odds\":\"126.00\",\"header\":\"Away\"}],\"half_time_full_time\":[{\"opp\":\"FK Kozara Gradiska - FK Kozara Gradiska\",\"odds\":\"11.00\"},{\"opp\":\"FK Kozara Gradiska - Draw\",\"odds\":\"19.00\"},{\"opp\":\"FK Kozara Gradiska - FK Rudar Prijedor\",\"odds\":\"19.00\"},{\"opp\":\"Draw - FK Kozara Gradiska\",\"odds\":\"13.00\"},{\"opp\":\"Draw - Draw\",\"odds\":\"7.50\"},{\"opp\":\"Draw - FK Rudar Prijedor\",\"odds\":\"4.33\"},{\"opp\":\"FK Rudar Prijedor - FK Kozara Gradiska\",\"odds\":\"41.00\"},{\"opp\":\"FK Rudar Prijedor - Draw\",\"odds\":\"15.00\"},{\"opp\":\"FK Rudar Prijedor - FK Rudar Prijedor\",\"odds\":\"2.10\"}],\"goals_over_under\":[{\"goals\":\"2.5\",\"odds\":\"1.50\",\"header\":\"Over\"},{\"goals\":\"2.5\",\"odds\":\"2.50\",\"header\":\"Under\"}],\"draw_no_bet\":[{\"opp\":\"FK Kozara Gradiska\",\"odds\":\"5.00\"},{\"opp\":\"FK Rudar Prijedor\",\"odds\":\"1.14\"}]}},\"schedule\":{\"updated_at\":\"1532531645\",\"sp\":{\"main\":[{\"odds\":\"4.33\"},{\"odds\":\"4.33\"},{\"odds\":\"1.53\"}]}}}]}"}