{"odd":"{\"success\":1,\"results\":[{\"FI\":\"75228387\",\"event_id\":\"847051\",\"goals\":{\"updated_at\":\"1532570416\",\"sp\":{\"goals_over_under\":[{\"goals\":\"2.5\",\"odds\":\"1.73\",\"header\":\"Over\"},{\"goals\":\"2.5\",\"odds\":\"2.08\",\"header\":\"Under\"}],\"first_team_to_score\":[{\"opp\":\"Vikingur Olafsvik\",\"odds\":\"1.57\"},{\"opp\":\"No Goals\",\"odds\":\"12.00\"},{\"opp\":\"HK Kopavogur\",\"odds\":\"2.50\"}],\"home_team_highest_scoring_half\":[{\"opp\":\"Vikingur Olafsvik - 1st Half\",\"odds\":\"3.25\"},{\"opp\":\"Vikingur Olafsvik - 2nd Half\",\"odds\":\"2.25\"},{\"opp\":\"Vikingur Olafsvik - Tie\",\"odds\":\"2.75\"}],\"away_team_highest_scoring_half\":[{\"opp\":\"HK Kopavogur - 1st Half\",\"odds\":\"3.75\"},{\"opp\":\"HK Kopavogur - 2nd Half\",\"odds\":\"2.62\"},{\"opp\":\"HK Kopavogur - Tie\",\"odds\":\"2.10\"}],\"goals_odd_even\":[{\"opp\":\"Even\",\"odds\":\"1.90\"},{\"opp\":\"Odd\",\"odds\":\"1.95\"}],\"home_team_odd_even_goals\":[{\"opp\":\"Vikingur Olafsvik - Even\",\"odds\":\"1.80\"},{\"opp\":\"Vikingur Olafsvik - Odd\",\"odds\":\"1.91\"}],\"away_team_odd_even_goals\":[{\"opp\":\"HK Kopavogur - Even\",\"odds\":\"1.67\"},{\"opp\":\"HK Kopavogur - Odd\",\"odds\":\"2.10\"}],\"1st_half_goals_odd_even\":[{\"opp\":\"Odd\",\"odds\":\"2.10\"},{\"opp\":\"Even\",\"odds\":\"1.73\"}]}},\"half\":{\"updated_at\":\"1532570429\",\"sp\":{\"half_time_result\":[{\"opp\":\"1\",\"odds\":\"2.40\"},{\"opp\":\"X\",\"odds\":\"2.30\"},{\"opp\":\"2\",\"odds\":\"3.75\"}],\"half_time_double_chance\":[{\"opp\":\"1X\",\"odds\":\"1.25\"},{\"opp\":\"X2\",\"odds\":\"1.53\"},{\"opp\":\"12\",\"odds\":\"1.57\"}],\"half_time_correct_score\":[{\"opp\":\"1-0\",\"odds\":\"4.00\",\"header\":\"Home\"},{\"opp\":\"0-0\",\"odds\":\"3.00\",\"header\":\"X\"},{\"opp\":\"1-0\",\"odds\":\"6.00\",\"header\":\"Away\"},{\"opp\":\"2-0\",\"odds\":\"9.50\",\"header\":\"Home\"},{\"opp\":\"1-1\",\"odds\":\"9.00\",\"header\":\"X\"},{\"opp\":\"2-0\",\"odds\":\"17.00\",\"header\":\"Away\"},{\"opp\":\"2-1\",\"odds\":\"23.00\",\"header\":\"Home\"},{\"opp\":\"2-2\",\"odds\":\"51.00\",\"header\":\"X\"},{\"opp\":\"2-1\",\"odds\":\"29.00\",\"header\":\"Away\"},{\"opp\":\"3-0\",\"odds\":\"26.00\",\"header\":\"Home\"},{\"opp\":\"3-0\",\"odds\":\"51.00\",\"header\":\"Away\"},{\"opp\":\"3-1\",\"odds\":\"51.00\",\"header\":\"Home\"},{\"opp\":\"3-1\",\"odds\":\"81.00\",\"header\":\"Away\"},{\"opp\":\"4-0\",\"odds\":\"51.00\",\"header\":\"Home\"}],\"1st_half_goals_odd_even\":[{\"opp\":\"Odd\",\"odds\":\"2.10\"},{\"opp\":\"Even\",\"odds\":\"1.73\"}],\"home_team_highest_scoring_half\":[{\"opp\":\"Vikingur Olafsvik - 1st Half\",\"odds\":\"3.25\"},{\"opp\":\"Vikingur Olafsvik - 2nd Half\",\"odds\":\"2.25\"},{\"opp\":\"Vikingur Olafsvik - Tie\",\"odds\":\"2.75\"}],\"away_team_highest_scoring_half\":[{\"opp\":\"HK Kopavogur - 1st Half\",\"odds\":\"3.75\"},{\"opp\":\"HK Kopavogur - 2nd Half\",\"odds\":\"2.62\"},{\"opp\":\"HK Kopavogur - Tie\",\"odds\":\"2.10\"}],\"2nd_half_goals_odd_even\":[{\"opp\":\"Even\",\"odds\":\"1.80\"},{\"opp\":\"Odd\",\"odds\":\"1.91\"}]}},\"main\":{\"updated_at\":\"1532570290\",\"sp\":{\"full_time_result\":[{\"opp\":\"1\",\"odds\":\"1.83\"},{\"opp\":\"X\",\"odds\":\"3.60\"},{\"opp\":\"2\",\"odds\":\"3.40\"}],\"double_chance\":[{\"opp\":\"1X\",\"odds\":\"1.30\"},{\"opp\":\"X2\",\"odds\":\"1.83\"},{\"opp\":\"12\",\"odds\":\"1.29\"}],\"correct_score\":[{\"opp\":\"1-0\",\"odds\":\"8.50\",\"header\":\"Home\"},{\"opp\":\"0-0\",\"odds\":\"12.00\",\"header\":\"X\"},{\"opp\":\"1-0\",\"odds\":\"13.00\",\"header\":\"Away\"},{\"opp\":\"2-0\",\"odds\":\"10.00\",\"header\":\"Home\"},{\"opp\":\"1-1\",\"odds\":\"7.50\",\"header\":\"X\"},{\"opp\":\"2-0\",\"odds\":\"19.00\",\"header\":\"Away\"},{\"opp\":\"2-1\",\"odds\":\"9.50\",\"header\":\"Home\"},{\"opp\":\"2-2\",\"odds\":\"15.00\",\"header\":\"X\"},{\"opp\":\"2-1\",\"odds\":\"13.00\",\"header\":\"Away\"},{\"opp\":\"3-0\",\"odds\":\"15.00\",\"header\":\"Home\"},{\"opp\":\"3-3\",\"odds\":\"41.00\",\"header\":\"X\"},{\"opp\":\"3-0\",\"odds\":\"34.00\",\"header\":\"Away\"},{\"opp\":\"3-1\",\"odds\":\"15.00\",\"header\":\"Home\"},{\"opp\":\"3-1\",\"odds\":\"29.00\",\"header\":\"Away\"},{\"opp\":\"3-2\",\"odds\":\"26.00\",\"header\":\"Home\"},{\"opp\":\"3-2\",\"odds\":\"34.00\",\"header\":\"Away\"},{\"opp\":\"4-0\",\"odds\":\"29.00\",\"header\":\"Home\"},{\"opp\":\"4-0\",\"odds\":\"67.00\",\"header\":\"Away\"},{\"opp\":\"4-1\",\"odds\":\"29.00\",\"header\":\"Home\"},{\"opp\":\"4-1\",\"odds\":\"51.00\",\"header\":\"Away\"},{\"opp\":\"4-2\",\"odds\":\"41.00\",\"header\":\"Home\"},{\"opp\":\"4-2\",\"odds\":\"67.00\",\"header\":\"Away\"},{\"opp\":\"5-0\",\"odds\":\"51.00\",\"header\":\"Home\"},{\"opp\":\"5-1\",\"odds\":\"51.00\",\"header\":\"Home\"},{\"opp\":\"4-3\",\"odds\":\"81.00\",\"header\":\"Home\"},{\"opp\":\"5-2\",\"odds\":\"81.00\",\"header\":\"Home\"},{\"opp\":\"6-0\",\"odds\":\"81.00\",\"header\":\"Home\"}],\"half_time_full_time\":[{\"opp\":\"Vikingur Olafsvik - Vikingur Olafsvik\",\"odds\":\"3.00\"},{\"opp\":\"Vikingur Olafsvik - Draw\",\"odds\":\"15.00\"},{\"opp\":\"Vikingur Olafsvik - HK Kopavogur\",\"odds\":\"26.00\"},{\"opp\":\"Draw - Vikingur Olafsvik\",\"odds\":\"5.00\"},{\"opp\":\"Draw - Draw\",\"odds\":\"6.50\"},{\"opp\":\"Draw - HK Kopavogur\",\"odds\":\"8.00\"},{\"opp\":\"HK Kopavogur - Vikingur Olafsvik\",\"odds\":\"21.00\"},{\"opp\":\"HK Kopavogur - Draw\",\"odds\":\"15.00\"},{\"opp\":\"HK Kopavogur - HK Kopavogur\",\"odds\":\"6.00\"}],\"goals_over_under\":[{\"goals\":\"2.5\",\"odds\":\"1.73\",\"header\":\"Over\"},{\"goals\":\"2.5\",\"odds\":\"2.08\",\"header\":\"Under\"}],\"draw_no_bet\":[{\"opp\":\"Vikingur Olafsvik\",\"odds\":\"1.44\"},{\"opp\":\"HK Kopavogur\",\"odds\":\"2.62\"}]}},\"schedule\":{\"updated_at\":\"1532570570\",\"sp\":{\"main\":[{\"odds\":\"1.83\"},{\"odds\":\"3.60\"},{\"odds\":\"3.40\"}]}}}]}"}