{"odd":"{\"success\":1,\"results\":[{\"FI\":\"75367789\",\"event_id\":\"845005\",\"asian_lines\":{\"updated_at\":\"1532570224\",\"sp\":{\"asian_handicap\":[{\"opp\":\"+0.5\",\"odds\":\"2.075\",\"header\":\"Home\"},{\"opp\":\"-0.5\",\"odds\":\"1.725\",\"header\":\"Away\"}],\"goal_line\":[{\"goals\":\"2.0, 2.5\",\"odds\":\"1.950\",\"header\":\"Over\"},{\"goals\":\"2.0, 2.5\",\"odds\":\"1.850\",\"header\":\"Under\"}],\"alternative_asian_handicap\":[{\"opp\":\"-0.5, -1.0\",\"odds\":\"6.000\",\"header\":\"Home\"},{\"opp\":\"+0.5, +1.0\",\"odds\":\"1.125\",\"header\":\"Away\"},{\"opp\":\"-0.5\",\"odds\":\"4.400\",\"header\":\"Home\"},{\"opp\":\"+0.5\",\"odds\":\"1.200\",\"header\":\"Away\"},{\"opp\":\"0.0, -0.5\",\"odds\":\"3.900\",\"header\":\"Home\"},{\"opp\":\"0.0, +0.5\",\"odds\":\"1.240\",\"header\":\"Away\"},{\"opp\":\"0.0\",\"odds\":\"3.450\",\"header\":\"Home\"},{\"opp\":\"0.0\",\"odds\":\"1.300\",\"header\":\"Away\"},{\"opp\":\"0.0, +0.5\",\"odds\":\"2.500\",\"header\":\"Home\"},{\"opp\":\"0.0, -0.5\",\"odds\":\"1.500\",\"header\":\"Away\"},{\"opp\":\"+0.5, +1.0\",\"odds\":\"1.825\",\"header\":\"Home\"},{\"opp\":\"-0.5, -1.0\",\"odds\":\"1.975\",\"header\":\"Away\"},{\"opp\":\"+1.0\",\"odds\":\"1.575\",\"header\":\"Home\"},{\"opp\":\"-1.0\",\"odds\":\"2.350\",\"header\":\"Away\"},{\"opp\":\"+1.0, +1.5\",\"odds\":\"1.450\",\"header\":\"Home\"},{\"opp\":\"-1.0, -1.5\",\"odds\":\"2.675\",\"header\":\"Away\"},{\"opp\":\"+1.5\",\"odds\":\"1.350\",\"header\":\"Home\"},{\"opp\":\"-1.5\",\"odds\":\"3.100\",\"header\":\"Away\"},{\"opp\":\"+1.5, +2.0\",\"odds\":\"1.250\",\"header\":\"Home\"},{\"opp\":\"-1.5, -2.0\",\"odds\":\"3.800\",\"header\":\"Away\"},{\"opp\":\"+2.0\",\"odds\":\"1.140\",\"header\":\"Home\"},{\"opp\":\"-2.0\",\"odds\":\"5.750\",\"header\":\"Away\"},{\"opp\":\"+2.0, +2.5\",\"odds\":\"1.125\",\"header\":\"Home\"},{\"opp\":\"-2.0, -2.5\",\"odds\":\"6.000\",\"header\":\"Away\"},{\"opp\":\"+2.5\",\"odds\":\"1.115\",\"header\":\"Home\"},{\"opp\":\"-2.5\",\"odds\":\"6.400\",\"header\":\"Away\"}],\"alternative_goal_line\":[{\"goals\":\"1.0\",\"odds\":\"1.110\",\"header\":\"Over\"},{\"goals\":\"1.0\",\"odds\":\"6.600\",\"header\":\"Under\"},{\"goals\":\"1.0, 1.5\",\"odds\":\"1.250\",\"header\":\"Over\"},{\"goals\":\"1.0, 1.5\",\"odds\":\"3.800\",\"header\":\"Under\"},{\"goals\":\"1.5\",\"odds\":\"1.400\",\"header\":\"Over\"},{\"goals\":\"1.5\",\"odds\":\"2.850\",\"header\":\"Under\"},{\"goals\":\"1.5, 2.0\",\"odds\":\"1.500\",\"header\":\"Over\"},{\"goals\":\"1.5, 2.0\",\"odds\":\"2.500\",\"header\":\"Under\"},{\"goals\":\"2.0\",\"odds\":\"1.650\",\"header\":\"Over\"},{\"goals\":\"2.0\",\"odds\":\"2.200\",\"header\":\"Under\"},{\"goals\":\"2.5\",\"odds\":\"2.200\",\"header\":\"Over\"},{\"goals\":\"2.5\",\"odds\":\"1.650\",\"header\":\"Under\"},{\"goals\":\"2.5, 3.0\",\"odds\":\"2.500\",\"header\":\"Over\"},{\"goals\":\"2.5, 3.0\",\"odds\":\"1.500\",\"header\":\"Under\"},{\"goals\":\"3.0\",\"odds\":\"3.300\",\"header\":\"Over\"},{\"goals\":\"3.0\",\"odds\":\"1.325\",\"header\":\"Under\"},{\"goals\":\"3.0, 3.5\",\"odds\":\"3.550\",\"header\":\"Over\"},{\"goals\":\"3.0, 3.5\",\"odds\":\"1.275\",\"header\":\"Under\"},{\"goals\":\"3.5\",\"odds\":\"4.000\",\"header\":\"Over\"},{\"goals\":\"3.5\",\"odds\":\"1.230\",\"header\":\"Under\"},{\"goals\":\"3.5, 4.0\",\"odds\":\"5.250\",\"header\":\"Over\"},{\"goals\":\"3.5, 4.0\",\"odds\":\"1.160\",\"header\":\"Under\"}],\"1st_half_asian_handicap\":[{\"opp\":\"0.0, +0.5\",\"odds\":\"1.875\",\"header\":\"Home\"},{\"opp\":\"0.0, -0.5\",\"odds\":\"1.925\",\"header\":\"Away\"}],\"1st_half_goal_line\":[{\"goals\":\"0.5, 1.0\",\"odds\":\"1.700\",\"header\":\"Over\"},{\"goals\":\"0.5, 1.0\",\"odds\":\"2.100\",\"header\":\"Under\"}],\"alternative_1st_half_asian_handicap\":[{\"opp\":\"-0.5\",\"odds\":\"5.250\",\"header\":\"Home\"},{\"opp\":\"+0.5\",\"odds\":\"1.160\",\"header\":\"Away\"},{\"opp\":\"0.0, -0.5\",\"odds\":\"4.000\",\"header\":\"Home\"},{\"opp\":\"0.0, +0.5\",\"odds\":\"1.230\",\"header\":\"Away\"},{\"opp\":\"0.0\",\"odds\":\"3.000\",\"header\":\"Home\"},{\"opp\":\"0.0\",\"odds\":\"1.375\",\"header\":\"Away\"},{\"opp\":\"+0.5\",\"odds\":\"1.550\",\"header\":\"Home\"},{\"opp\":\"-0.5\",\"odds\":\"2.375\",\"header\":\"Away\"},{\"opp\":\"+0.5, +1.0\",\"odds\":\"1.350\",\"header\":\"Home\"},{\"opp\":\"-0.5, -1.0\",\"odds\":\"3.100\",\"header\":\"Away\"},{\"opp\":\"+1.0\",\"odds\":\"1.150\",\"header\":\"Home\"},{\"opp\":\"-1.0\",\"odds\":\"5.500\",\"header\":\"Away\"},{\"opp\":\"+1.0, +1.5\",\"odds\":\"1.120\",\"header\":\"Home\"},{\"opp\":\"-1.0, -1.5\",\"odds\":\"6.250\",\"header\":\"Away\"},{\"opp\":\"+1.5\",\"odds\":\"1.100\",\"header\":\"Home\"},{\"opp\":\"-1.5\",\"odds\":\"7.000\",\"header\":\"Away\"}],\"alternative_1st_half_goal_line\":[{\"goals\":\"1.0\",\"odds\":\"2.150\",\"header\":\"Over\"},{\"goals\":\"1.0\",\"odds\":\"1.675\",\"header\":\"Under\"},{\"goals\":\"1.0, 1.5\",\"odds\":\"2.675\",\"header\":\"Over\"},{\"goals\":\"1.0, 1.5\",\"odds\":\"1.450\",\"header\":\"Under\"},{\"goals\":\"1.5\",\"odds\":\"3.300\",\"header\":\"Over\"},{\"goals\":\"1.5\",\"odds\":\"1.325\",\"header\":\"Under\"},{\"goals\":\"1.5, 2.0\",\"odds\":\"4.250\",\"header\":\"Over\"},{\"goals\":\"1.5, 2.0\",\"odds\":\"1.210\",\"header\":\"Under\"}],\"asian_total_corners\":[{\"goals\":\"9.5\",\"odds\":\"1.950\",\"header\":\"Over\"},{\"goals\":\"9.5\",\"odds\":\"1.850\",\"header\":\"Under\"}],\"1st_half_asian_corners\":[{\"goals\":\"4.5\",\"odds\":\"1.975\",\"header\":\"Over\"},{\"goals\":\"4.5\",\"odds\":\"1.825\",\"header\":\"Under\"}]}},\"corners\":{\"updated_at\":\"1532570456\",\"sp\":{\"corners\":[{\"opp\":\"Over 9\",\"odds\":\"1.83\"},{\"opp\":\"Exactly 9\",\"odds\":\"7.00\"},{\"opp\":\"Under 9\",\"odds\":\"2.38\"}],\"total_corners\":[{\"opp\":\"Under 6\",\"odds\":\"9.50\"},{\"opp\":\"6 - 8\",\"odds\":\"3.00\"},{\"opp\":\"9 - 11\",\"odds\":\"2.50\"},{\"opp\":\"12 - 14\",\"odds\":\"4.50\"},{\"opp\":\"Over 14\",\"odds\":\"13.00\"}],\"alternative_corners\":[{\"goals\":\"3\",\"odds\":\"1.01\",\"header\":\"Over\"},{\"goals\":\"3\",\"odds\":\"34.00\",\"header\":\"Exactly\"},{\"goals\":\"3\",\"odds\":\"41.00\",\"header\":\"Under\"},{\"goals\":\"4\",\"odds\":\"1.02\",\"header\":\"Over\"},{\"goals\":\"4\",\"odds\":\"21.00\",\"header\":\"Exactly\"},{\"goals\":\"4\",\"odds\":\"29.00\",\"header\":\"Under\"},{\"goals\":\"5\",\"odds\":\"1.06\",\"header\":\"Over\"},{\"goals\":\"5\",\"odds\":\"15.00\",\"header\":\"Exactly\"},{\"goals\":\"5\",\"odds\":\"17.00\",\"header\":\"Under\"},{\"goals\":\"6\",\"odds\":\"1.14\",\"header\":\"Over\"},{\"goals\":\"6\",\"odds\":\"10.00\",\"header\":\"Exactly\"},{\"goals\":\"6\",\"odds\":\"9.00\",\"header\":\"Under\"},{\"goals\":\"7\",\"odds\":\"1.30\",\"header\":\"Over\"},{\"goals\":\"7\",\"odds\":\"8.00\",\"header\":\"Exactly\"},{\"goals\":\"7\",\"odds\":\"5.50\",\"header\":\"Under\"},{\"goals\":\"8\",\"odds\":\"1.53\",\"header\":\"Over\"},{\"goals\":\"8\",\"odds\":\"7.50\",\"header\":\"Exactly\"},{\"goals\":\"8\",\"odds\":\"3.40\",\"header\":\"Under\"},{\"goals\":\"10\",\"odds\":\"2.50\",\"header\":\"Over\"},{\"goals\":\"10\",\"odds\":\"7.50\",\"header\":\"Exactly\"},{\"goals\":\"10\",\"odds\":\"1.83\",\"header\":\"Under\"},{\"goals\":\"11\",\"odds\":\"3.50\",\"header\":\"Over\"},{\"goals\":\"11\",\"odds\":\"8.00\",\"header\":\"Exactly\"},{\"goals\":\"11\",\"odds\":\"1.50\",\"header\":\"Under\"},{\"goals\":\"12\",\"odds\":\"5.00\",\"header\":\"Over\"},{\"goals\":\"12\",\"odds\":\"9.50\",\"header\":\"Exactly\"},{\"goals\":\"12\",\"odds\":\"1.29\",\"header\":\"Under\"},{\"goals\":\"13\",\"odds\":\"7.50\",\"header\":\"Over\"},{\"goals\":\"13\",\"odds\":\"12.00\",\"header\":\"Exactly\"},{\"goals\":\"13\",\"odds\":\"1.17\",\"header\":\"Under\"},{\"goals\":\"14\",\"odds\":\"12.00\",\"header\":\"Over\"},{\"goals\":\"14\",\"odds\":\"17.00\",\"header\":\"Exactly\"},{\"goals\":\"14\",\"odds\":\"1.07\",\"header\":\"Under\"},{\"goals\":\"15\",\"odds\":\"17.00\",\"header\":\"Over\"},{\"goals\":\"15\",\"odds\":\"19.00\",\"header\":\"Exactly\"},{\"goals\":\"15\",\"odds\":\"1.04\",\"header\":\"Under\"},{\"goals\":\"16\",\"odds\":\"23.00\",\"header\":\"Over\"},{\"goals\":\"16\",\"odds\":\"26.00\",\"header\":\"Exactly\"},{\"goals\":\"16\",\"odds\":\"1.02\",\"header\":\"Under\"},{\"goals\":\"17\",\"odds\":\"34.00\",\"header\":\"Over\"},{\"goals\":\"17\",\"odds\":\"34.00\",\"header\":\"Exactly\"},{\"goals\":\"17\",\"odds\":\"1.01\",\"header\":\"Under\"}],\"corners_2_way\":[{\"opp\":\"Over 9.5\",\"odds\":\"1.83\"},{\"opp\":\"Under 9.5\",\"odds\":\"1.83\"}],\"first_half_corners\":[{\"opp\":\"4\",\"odds\":\"1.95\",\"header\":\"Over\"},{\"opp\":\"4\",\"odds\":\"4.75\",\"header\":\"Exactly\"},{\"opp\":\"4\",\"odds\":\"2.75\",\"header\":\"Under\"}],\"asian_total_corners\":[{\"goals\":\"9.5\",\"odds\":\"1.950\",\"header\":\"Over\"},{\"goals\":\"9.5\",\"odds\":\"1.850\",\"header\":\"Under\"}],\"1st_half_asian_corners\":[{\"goals\":\"4.5\",\"odds\":\"1.975\",\"header\":\"Over\"},{\"goals\":\"4.5\",\"odds\":\"1.825\",\"header\":\"Under\"}]}},\"goals\":{\"updated_at\":\"1532570472\",\"sp\":{\"goals_over_under\":[{\"goals\":\"2.5\",\"odds\":\"2.20\",\"header\":\"Over\"},{\"goals\":\"2.5\",\"odds\":\"1.65\",\"header\":\"Under\"}],\"alternative_total_goals\":[{\"goals\":\"0.5\",\"odds\":\"1.06\",\"header\":\"Over \"},{\"goals\":\"0.5\",\"odds\":\"8.00\",\"header\":\"Under\"},{\"goals\":\"1.5\",\"odds\":\"1.36\",\"header\":\"Over \"},{\"goals\":\"1.5\",\"odds\":\"3.00\",\"header\":\"Under\"},{\"goals\":\"3.5\",\"odds\":\"4.00\",\"header\":\"Over \"},{\"goals\":\"3.5\",\"odds\":\"1.22\",\"header\":\"Under\"},{\"goals\":\"4.5\",\"odds\":\"7.50\",\"header\":\"Over \"},{\"goals\":\"4.5\",\"odds\":\"1.07\",\"header\":\"Under\"},{\"goals\":\"5.5\",\"odds\":\"11.00\",\"header\":\"Over \"},{\"goals\":\"5.5\",\"odds\":\"1.02\",\"header\":\"Under\"}],\"result_total_goals\":[{\"opp\":\"Aberdeen & Over 2.5\",\"odds\":\"9.50\"},{\"opp\":\"Aberdeen & Under 2.5\",\"odds\":\"8.50\"},{\"opp\":\"Draw & Over 2.5\",\"odds\":\"19.00\"},{\"opp\":\"Draw & Under  2.5\",\"odds\":\"4.33\"},{\"opp\":\"Burnley & Over 2.5\",\"odds\":\"3.00\"},{\"opp\":\"Burnley & Under 2.5\",\"odds\":\"3.50\"}],\"total_goals_both_teams_to_score\":[{\"opp\":\"Over 2.5 & Yes\",\"odds\":\"2.75\"},{\"opp\":\"Over 2.5 & No\",\"odds\":\"7.50\"},{\"opp\":\"Under 2.5 & Yes\",\"odds\":\"7.00\"},{\"opp\":\"Under 2.5 & No\",\"odds\":\"2.05\"}],\"exact_total_goals\":[{\"opp\":\"0 Goals\",\"odds\":\"8.00\"},{\"opp\":\"1 Goal\",\"odds\":\"4.33\"},{\"opp\":\"2 Goals\",\"odds\":\"3.40\"},{\"opp\":\"3 Goals\",\"odds\":\"4.33\"},{\"opp\":\"4 Goals\",\"odds\":\"7.00\"},{\"opp\":\"5 Goals\",\"odds\":\"13.00\"},{\"opp\":\"6 Goals\",\"odds\":\"29.00\"},{\"opp\":\"7+ Goals\",\"odds\":\"17.00\"}],\"number_of_goals_in_match\":[{\"opp\":\"Under 2 goals\",\"odds\":\"3.00\"},{\"opp\":\"2 or 3 goals\",\"odds\":\"1.95\"},{\"opp\":\"Over 3 goals\",\"odds\":\"4.00\"}],\"both_teams_to_score\":[{\"opp\":\"Yes\",\"odds\":\"2.10\"},{\"opp\":\"No\",\"odds\":\"1.67\"}],\"teams_to_score\":[{\"opp\":\"Both Teams\",\"odds\":\"2.10\"},{\"opp\":\"Aberdeen Only\",\"odds\":\"7.50\"},{\"opp\":\"No Goal\",\"odds\":\"8.00\"},{\"opp\":\"Burnley Only\",\"odds\":\"2.50\"}],\"both_teams_to_score_in_1st_half\":[{\"opp\":\"Yes\",\"odds\":\"5.50\"},{\"opp\":\"No\",\"odds\":\"1.12\"}],\"both_teams_to_score_in_2nd_half\":[{\"opp\":\"Yes\",\"odds\":\"4.00\"},{\"opp\":\"No\",\"odds\":\"1.22\"}],\"both_teams_to_score_1st_half_2nd_half\":[{\"opp\":\"Yes \\\/ Yes\",\"odds\":\"23.00\"},{\"opp\":\"Yes \\\/ No\",\"odds\":\"7.00\"},{\"opp\":\"No \\\/ Yes\",\"odds\":\"4.50\"},{\"opp\":\"No \\\/ No\",\"odds\":\"1.40\"}],\"first_half_goals\":[{\"goals\":\"0.5\",\"odds\":\"1.44\",\"header\":\"Over\"},{\"goals\":\"0.5\",\"odds\":\"2.62\",\"header\":\"Under\"},{\"goals\":\"1.5\",\"odds\":\"3.25\",\"header\":\"Over\"},{\"goals\":\"1.5\",\"odds\":\"1.33\",\"header\":\"Under\"},{\"goals\":\"2.5\",\"odds\":\"9.00\",\"header\":\"Over\"},{\"goals\":\"2.5\",\"odds\":\"1.07\",\"header\":\"Under\"},{\"goals\":\"3.5\",\"odds\":\"26.00\",\"header\":\"Over\"},{\"goals\":\"3.5\",\"odds\":\"1.01\",\"header\":\"Under\"}],\"exact_1st_half_goals\":[{\"opp\":\"0 Goals\",\"odds\":\"2.62\"},{\"opp\":\"1 Goal\",\"odds\":\"2.50\"},{\"opp\":\"2 Goals\",\"odds\":\"4.50\"},{\"opp\":\"3 Goals\",\"odds\":\"12.00\"},{\"opp\":\"4 Goals\",\"odds\":\"34.00\"},{\"opp\":\"5+ Goals\",\"odds\":\"81.00\"}],\"total_goal_minutes\":[{\"opp\":\"Over 130 minutes\",\"odds\":\"2.20\"},{\"opp\":\"110 To 130 minutes inc.\",\"odds\":\"8.50\"},{\"opp\":\"Under 110 minutes\",\"odds\":\"1.83\"}],\"first_team_to_score\":[{\"opp\":\"Aberdeen\",\"odds\":\"3.10\"},{\"opp\":\"No Goals\",\"odds\":\"8.00\"},{\"opp\":\"Burnley\",\"odds\":\"1.50\"}],\"early_goal\":[{\"opp\":\"Goal before 32:00\",\"odds\":\"1.83\"},{\"opp\":\"No Goal before 32:00\",\"odds\":\"1.83\"}],\"late_goal\":[{\"opp\":\"Goal after 70:59\",\"odds\":\"1.83\"},{\"opp\":\"No Goal after 70:59\",\"odds\":\"1.83\"}],\"time_of_first_goal_brackets\":[{\"opp\":\"1-10\",\"odds\":\"4.75\"},{\"opp\":\"11-20\",\"odds\":\"5.50\"},{\"opp\":\"21-30\",\"odds\":\"6.50\"},{\"opp\":\"31-40\",\"odds\":\"7.50\"},{\"opp\":\"41-50\",\"odds\":\"8.00\"},{\"opp\":\"51-60\",\"odds\":\"12.00\"},{\"opp\":\"61-70\",\"odds\":\"15.00\"},{\"opp\":\"71-80\",\"odds\":\"19.00\"},{\"opp\":\"81 - Full Time\",\"odds\":\"17.00\"},{\"opp\":\"No Goal\",\"odds\":\"8.00\"}],\"2nd_half_goals\":[{\"goals\":\"0.5\",\"odds\":\"1.29\",\"header\":\"Over\"},{\"goals\":\"0.5\",\"odds\":\"3.50\",\"header\":\"Under\"},{\"goals\":\"1.5\",\"odds\":\"2.25\",\"header\":\"Over\"},{\"goals\":\"1.5\",\"odds\":\"1.57\",\"header\":\"Under\"},{\"goals\":\"2.5\",\"odds\":\"5.50\",\"header\":\"Over\"},{\"goals\":\"2.5\",\"odds\":\"1.14\",\"header\":\"Under\"},{\"goals\":\"3.5\",\"odds\":\"15.00\",\"header\":\"Over\"},{\"goals\":\"3.5\",\"odds\":\"1.03\",\"header\":\"Under\"}],\"exact_2nd_half_goals\":[{\"opp\":\"0 Goals\",\"odds\":\"3.50\"},{\"opp\":\"1 Goal\",\"odds\":\"2.62\"},{\"opp\":\"2 Goals\",\"odds\":\"3.75\"},{\"opp\":\"3 Goals\",\"odds\":\"8.00\"},{\"opp\":\"4 Goals\",\"odds\":\"21.00\"},{\"opp\":\"5+ Goals\",\"odds\":\"34.00\"}],\"half_with_most_goals\":[{\"opp\":\"1st Half\",\"odds\":\"3.10\"},{\"opp\":\"2nd Half\",\"odds\":\"2.10\"},{\"opp\":\"Tie\",\"odds\":\"3.40\"}],\"home_team_highest_scoring_half\":[{\"opp\":\"Aberdeen - 1st Half\",\"odds\":\"4.33\"},{\"opp\":\"Aberdeen - 2nd Half\",\"odds\":\"3.20\"},{\"opp\":\"Aberdeen - Tie\",\"odds\":\"1.80\"}],\"away_team_highest_scoring_half\":[{\"opp\":\"Burnley - 1st Half\",\"odds\":\"3.40\"},{\"opp\":\"Burnley - 2nd Half\",\"odds\":\"2.38\"},{\"opp\":\"Burnley - Tie\",\"odds\":\"2.60\"}],\"home_team_exact_goals\":[{\"opp\":\"Aberdeen - 0 Goals\",\"odds\":\"2.00\"},{\"opp\":\"Aberdeen - 1 Goal\",\"odds\":\"2.50\"},{\"opp\":\"Aberdeen - 2 Goals\",\"odds\":\"6.00\"},{\"opp\":\"Aberdeen - 3+ Goals\",\"odds\":\"10.00\"}],\"away_team_exact_goals\":[{\"opp\":\"Burnley - 0 Goals\",\"odds\":\"4.33\"},{\"opp\":\"Burnley - 1 Goal\",\"odds\":\"2.75\"},{\"opp\":\"Burnley - 2 Goals\",\"odds\":\"3.50\"},{\"opp\":\"Burnley - 3+ Goals\",\"odds\":\"4.00\"}],\"time_of_1st_team_goal\":[{\"opp\":\"Aberdeen - Goal before 79:00\",\"odds\":\"2.00\"},{\"opp\":\"Aberdeen - No Goal before 79:00\",\"odds\":\"1.73\"},{\"opp\":\"Burnley - Goal before 46:00\",\"odds\":\"1.83\"},{\"opp\":\"Burnley - No Goal before 46:00\",\"odds\":\"1.83\"}],\"goals_odd_even\":[{\"opp\":\"Even\",\"odds\":\"1.90\"},{\"opp\":\"Odd\",\"odds\":\"1.95\"}],\"home_team_odd_even_goals\":[{\"opp\":\"Aberdeen - Even\",\"odds\":\"1.57\"},{\"opp\":\"Aberdeen - Odd\",\"odds\":\"2.25\"}],\"away_team_odd_even_goals\":[{\"opp\":\"Burnley - Even\",\"odds\":\"1.80\"},{\"opp\":\"Burnley - Odd\",\"odds\":\"1.91\"}],\"1st_half_goals_odd_even\":[{\"opp\":\"Odd\",\"odds\":\"2.20\"},{\"opp\":\"Even\",\"odds\":\"1.67\"}],\"last_team_to_score\":[{\"opp\":\"Aberdeen\",\"odds\":\"3.10\"},{\"opp\":\"No Goal\",\"odds\":\"8.00\"},{\"opp\":\"Burnley\",\"odds\":\"1.50\"}],\"first_10_minutes_(00:00_09:59)\":[{\"name\":\"Goals\",\"handicap\":\"0.5\",\"odds\":\"5.00\",\"header\":\"Over\"},{\"name\":\"Goals\",\"handicap\":\"0.5\",\"odds\":\"1.17\",\"header\":\"Under\"}]}},\"half\":{\"updated_at\":\"1532570491\",\"sp\":{\"half_time_result\":[{\"opp\":\"1\",\"odds\":\"5.00\"},{\"opp\":\"X\",\"odds\":\"2.05\"},{\"opp\":\"2\",\"odds\":\"2.30\"}],\"half_time_double_chance\":[{\"opp\":\"1X\",\"odds\":\"1.57\"},{\"opp\":\"X2\",\"odds\":\"1.17\"},{\"opp\":\"12\",\"odds\":\"1.73\"}],\"half_time_result_both_teams_to_score\":[{\"opp\":\"Aberdeen & Yes\",\"odds\":\"41.00\"},{\"opp\":\"Aberdeen & No\",\"odds\":\"5.50\"},{\"opp\":\"Draw & Yes\",\"odds\":\"9.50\"},{\"opp\":\"Draw & No\",\"odds\":\"2.50\"},{\"opp\":\"Burnley & Yes\",\"odds\":\"19.00\"},{\"opp\":\"Burnley & No\",\"odds\":\"2.60\"}],\"half_time_result_total_goals\":[{\"opp\":\"Aberdeen & Over 1.5\",\"odds\":\"17.00\"},{\"opp\":\"Aberdeen & Under 1.5\",\"odds\":\"6.50\"},{\"opp\":\"Draw & Over 1.5\",\"odds\":\"9.50\"},{\"opp\":\"Draw & Under 1.5\",\"odds\":\"2.62\"},{\"opp\":\"Burnley & Over 1.5\",\"odds\":\"5.50\"},{\"opp\":\"Burnley & Under 1.5\",\"odds\":\"3.50\"}],\"half_time_correct_score\":[{\"opp\":\"1-0\",\"odds\":\"6.50\",\"header\":\"Home\"},{\"opp\":\"0-0\",\"odds\":\"2.62\",\"header\":\"X\"},{\"opp\":\"1-0\",\"odds\":\"3.50\",\"header\":\"Away\"},{\"opp\":\"2-0\",\"odds\":\"29.00\",\"header\":\"Home\"},{\"opp\":\"1-1\",\"odds\":\"9.50\",\"header\":\"X\"},{\"opp\":\"2-0\",\"odds\":\"9.00\",\"header\":\"Away\"},{\"opp\":\"2-1\",\"odds\":\"41.00\",\"header\":\"Home\"},{\"opp\":\"2-2\",\"odds\":\"81.00\",\"header\":\"X\"},{\"opp\":\"2-1\",\"odds\":\"23.00\",\"header\":\"Away\"},{\"opp\":\"3-0\",\"odds\":\"101.00\",\"header\":\"Home\"},{\"opp\":\"3-0\",\"odds\":\"29.00\",\"header\":\"Away\"},{\"opp\":\"3-1\",\"odds\":\"151.00\",\"header\":\"Home\"},{\"opp\":\"3-1\",\"odds\":\"67.00\",\"header\":\"Away\"},{\"opp\":\"4-0\",\"odds\":\"81.00\",\"header\":\"Away\"}],\"both_teams_to_score_in_1st_half\":[{\"opp\":\"Yes\",\"odds\":\"5.50\"},{\"opp\":\"No\",\"odds\":\"1.12\"}],\"both_teams_to_score_in_2nd_half\":[{\"opp\":\"Yes\",\"odds\":\"4.00\"},{\"opp\":\"No\",\"odds\":\"1.22\"}],\"both_teams_to_score_1st_half_2nd_half\":[{\"opp\":\"Yes \\\/ Yes\",\"odds\":\"23.00\"},{\"opp\":\"Yes \\\/ No\",\"odds\":\"7.00\"},{\"opp\":\"No \\\/ Yes\",\"odds\":\"4.50\"},{\"opp\":\"No \\\/ No\",\"odds\":\"1.40\"}],\"1st_half_asian_handicap\":[{\"opp\":\"0.0, +0.5\",\"odds\":\"1.875\",\"header\":\"Home\"},{\"opp\":\"0.0, -0.5\",\"odds\":\"1.925\",\"header\":\"Away\"}],\"1st_half_goal_line\":[{\"goals\":\"0.5, 1.0\",\"odds\":\"1.700\",\"header\":\"Over\"},{\"goals\":\"0.5, 1.0\",\"odds\":\"2.100\",\"header\":\"Under\"}],\"alternative_1st_half_asian_handicap\":[{\"opp\":\"-0.5\",\"odds\":\"5.250\",\"header\":\"Home\"},{\"opp\":\"+0.5\",\"odds\":\"1.160\",\"header\":\"Away\"},{\"opp\":\"0.0, -0.5\",\"odds\":\"4.000\",\"header\":\"Home\"},{\"opp\":\"0.0, +0.5\",\"odds\":\"1.230\",\"header\":\"Away\"},{\"opp\":\"0.0\",\"odds\":\"3.000\",\"header\":\"Home\"},{\"opp\":\"0.0\",\"odds\":\"1.375\",\"header\":\"Away\"},{\"opp\":\"+0.5\",\"odds\":\"1.550\",\"header\":\"Home\"},{\"opp\":\"-0.5\",\"odds\":\"2.375\",\"header\":\"Away\"},{\"opp\":\"+0.5, +1.0\",\"odds\":\"1.350\",\"header\":\"Home\"},{\"opp\":\"-0.5, -1.0\",\"odds\":\"3.100\",\"header\":\"Away\"},{\"opp\":\"+1.0\",\"odds\":\"1.150\",\"header\":\"Home\"},{\"opp\":\"-1.0\",\"odds\":\"5.500\",\"header\":\"Away\"},{\"opp\":\"+1.0, +1.5\",\"odds\":\"1.120\",\"header\":\"Home\"},{\"opp\":\"-1.0, -1.5\",\"odds\":\"6.250\",\"header\":\"Away\"},{\"opp\":\"+1.5\",\"odds\":\"1.100\",\"header\":\"Home\"},{\"opp\":\"-1.5\",\"odds\":\"7.000\",\"header\":\"Away\"}],\"alternative_1st_half_goal_line\":[{\"goals\":\"1.0\",\"odds\":\"2.150\",\"header\":\"Over\"},{\"goals\":\"1.0\",\"odds\":\"1.675\",\"header\":\"Under\"},{\"goals\":\"1.0, 1.5\",\"odds\":\"2.675\",\"header\":\"Over\"},{\"goals\":\"1.0, 1.5\",\"odds\":\"1.450\",\"header\":\"Under\"},{\"goals\":\"1.5\",\"odds\":\"3.300\",\"header\":\"Over\"},{\"goals\":\"1.5\",\"odds\":\"1.325\",\"header\":\"Under\"},{\"goals\":\"1.5, 2.0\",\"odds\":\"4.250\",\"header\":\"Over\"},{\"goals\":\"1.5, 2.0\",\"odds\":\"1.210\",\"header\":\"Under\"}],\"1st_half_handicap\":[{\"opp\":\"Aberdeen  +1.0\",\"odds\":\"1.57\"},{\"opp\":\"Tie - Burnley -1.0\",\"odds\":\"3.20\"},{\"opp\":\"Burnley  -1.0\",\"odds\":\"7.00\"}],\"alternative_1st_half_handicap_result\":[{\"opp\":\"-1.0\",\"odds\":\"21.00\",\"header\":\"Home\"},{\"opp\":\"+1.0\",\"odds\":\"6.00\",\"header\":\"Tie\"},{\"opp\":\"+1.0\",\"odds\":\"1.17\",\"header\":\"Away\"},{\"opp\":\"+2.0\",\"odds\":\"1.08\",\"header\":\"Home\"},{\"opp\":\"-2.0\",\"odds\":\"8.00\",\"header\":\"Tie\"},{\"opp\":\"-2.0\",\"odds\":\"19.00\",\"header\":\"Away\"}],\"first_half_goals\":[{\"goals\":\"0.5\",\"odds\":\"1.44\",\"header\":\"Over\"},{\"goals\":\"0.5\",\"odds\":\"2.62\",\"header\":\"Under\"},{\"goals\":\"1.5\",\"odds\":\"3.25\",\"header\":\"Over\"},{\"goals\":\"1.5\",\"odds\":\"1.33\",\"header\":\"Under\"},{\"goals\":\"2.5\",\"odds\":\"9.00\",\"header\":\"Over\"},{\"goals\":\"2.5\",\"odds\":\"1.07\",\"header\":\"Under\"},{\"goals\":\"3.5\",\"odds\":\"26.00\",\"header\":\"Over\"},{\"goals\":\"3.5\",\"odds\":\"1.01\",\"header\":\"Under\"}],\"exact_1st_half_goals\":[{\"opp\":\"0 Goals\",\"odds\":\"2.62\"},{\"opp\":\"1 Goal\",\"odds\":\"2.50\"},{\"opp\":\"2 Goals\",\"odds\":\"4.50\"},{\"opp\":\"3 Goals\",\"odds\":\"12.00\"},{\"opp\":\"4 Goals\",\"odds\":\"34.00\"},{\"opp\":\"5+ Goals\",\"odds\":\"81.00\"}],\"first_half_corners\":[{\"opp\":\"4\",\"odds\":\"1.95\",\"header\":\"Over\"},{\"opp\":\"4\",\"odds\":\"4.75\",\"header\":\"Exactly\"},{\"opp\":\"4\",\"odds\":\"2.75\",\"header\":\"Under\"}],\"1st_half_asian_corners\":[{\"goals\":\"4.5\",\"odds\":\"1.975\",\"header\":\"Over\"},{\"goals\":\"4.5\",\"odds\":\"1.825\",\"header\":\"Under\"}],\"1st_half_goals_odd_even\":[{\"opp\":\"Odd\",\"odds\":\"2.20\"},{\"opp\":\"Even\",\"odds\":\"1.67\"}],\"to_score_in_half\":[{\"name\":\"1st Half\",\"odds\":\"3.25\",\"header\":\"Yes\"},{\"name\":\"1st Half\",\"odds\":\"1.33\",\"header\":\"No\"},{\"name\":\"2nd Half\",\"odds\":\"2.50\",\"header\":\"Yes\"},{\"name\":\"2nd Half\",\"odds\":\"1.50\",\"header\":\"No\"},{\"name\":\"1st Half\",\"odds\":\"1.83\",\"header\":\"Yes\"},{\"name\":\"1st Half\",\"odds\":\"1.83\",\"header\":\"No\"},{\"name\":\"2nd Half\",\"odds\":\"1.57\",\"header\":\"Yes\"},{\"name\":\"2nd Half\",\"odds\":\"2.25\",\"header\":\"No\"}],\"half_with_most_goals\":[{\"opp\":\"1st Half\",\"odds\":\"3.10\"},{\"opp\":\"2nd Half\",\"odds\":\"2.10\"},{\"opp\":\"Tie\",\"odds\":\"3.40\"}],\"home_team_highest_scoring_half\":[{\"opp\":\"Aberdeen - 1st Half\",\"odds\":\"4.33\"},{\"opp\":\"Aberdeen - 2nd Half\",\"odds\":\"3.20\"},{\"opp\":\"Aberdeen - Tie\",\"odds\":\"1.80\"}],\"away_team_highest_scoring_half\":[{\"opp\":\"Burnley - 1st Half\",\"odds\":\"3.40\"},{\"opp\":\"Burnley - 2nd Half\",\"odds\":\"2.38\"},{\"opp\":\"Burnley - Tie\",\"odds\":\"2.60\"}],\"2nd_half_result\":[{\"opp\":\"1\",\"odds\":\"4.75\"},{\"opp\":\"X\",\"odds\":\"2.40\"},{\"opp\":\"2\",\"odds\":\"2.05\"}],\"2nd_half_goals\":[{\"goals\":\"0.5\",\"odds\":\"1.29\",\"header\":\"Over\"},{\"goals\":\"0.5\",\"odds\":\"3.50\",\"header\":\"Under\"},{\"goals\":\"1.5\",\"odds\":\"2.25\",\"header\":\"Over\"},{\"goals\":\"1.5\",\"odds\":\"1.57\",\"header\":\"Under\"},{\"goals\":\"2.5\",\"odds\":\"5.50\",\"header\":\"Over\"},{\"goals\":\"2.5\",\"odds\":\"1.14\",\"header\":\"Under\"},{\"goals\":\"3.5\",\"odds\":\"15.00\",\"header\":\"Over\"},{\"goals\":\"3.5\",\"odds\":\"1.03\",\"header\":\"Under\"}],\"exact_2nd_half_goals\":[{\"opp\":\"0 Goals\",\"odds\":\"3.50\"},{\"opp\":\"1 Goal\",\"odds\":\"2.62\"},{\"opp\":\"2 Goals\",\"odds\":\"3.75\"},{\"opp\":\"3 Goals\",\"odds\":\"8.00\"},{\"opp\":\"4 Goals\",\"odds\":\"21.00\"},{\"opp\":\"5+ Goals\",\"odds\":\"34.00\"}],\"2nd_half_goals_odd_even\":[{\"opp\":\"Even\",\"odds\":\"1.73\"},{\"opp\":\"Odd\",\"odds\":\"2.00\"}]}},\"main\":{\"updated_at\":\"1532570210\",\"sp\":{\"full_time_result\":[{\"opp\":\"1\",\"odds\":\"5.00\"},{\"opp\":\"X\",\"odds\":\"3.60\"},{\"opp\":\"2\",\"odds\":\"1.70\"}],\"double_chance\":[{\"opp\":\"1X\",\"odds\":\"2.10\"},{\"opp\":\"X2\",\"odds\":\"1.14\"},{\"opp\":\"12\",\"odds\":\"1.29\"}],\"to_qualify\":[{\"opp\":\"Aberdeen\",\"odds\":\"5.50\"},{\"opp\":\"Burnley\",\"odds\":\"1.14\"}],\"correct_score\":[{\"opp\":\"1-0\",\"odds\":\"11.00\",\"header\":\"Home\"},{\"opp\":\"0-0\",\"odds\":\"8.00\",\"header\":\"X\"},{\"opp\":\"1-0\",\"odds\":\"6.00\",\"header\":\"Away\"},{\"opp\":\"2-0\",\"odds\":\"23.00\",\"header\":\"Home\"},{\"opp\":\"1-1\",\"odds\":\"7.00\",\"header\":\"X\"},{\"opp\":\"2-0\",\"odds\":\"7.00\",\"header\":\"Away\"},{\"opp\":\"2-1\",\"odds\":\"17.00\",\"header\":\"Home\"},{\"opp\":\"2-2\",\"odds\":\"19.00\",\"header\":\"X\"},{\"opp\":\"2-1\",\"odds\":\"9.00\",\"header\":\"Away\"},{\"opp\":\"3-0\",\"odds\":\"51.00\",\"header\":\"Home\"},{\"opp\":\"3-3\",\"odds\":\"67.00\",\"header\":\"X\"},{\"opp\":\"3-0\",\"odds\":\"12.00\",\"header\":\"Away\"},{\"opp\":\"3-1\",\"odds\":\"41.00\",\"header\":\"Home\"},{\"opp\":\"3-1\",\"odds\":\"15.00\",\"header\":\"Away\"},{\"opp\":\"3-2\",\"odds\":\"51.00\",\"header\":\"Home\"},{\"opp\":\"3-2\",\"odds\":\"34.00\",\"header\":\"Away\"},{\"opp\":\"4-0\",\"odds\":\"151.00\",\"header\":\"Home\"},{\"opp\":\"4-0\",\"odds\":\"26.00\",\"header\":\"Away\"},{\"opp\":\"4-1\",\"odds\":\"126.00\",\"header\":\"Home\"},{\"opp\":\"4-1\",\"odds\":\"34.00\",\"header\":\"Away\"},{\"opp\":\"4-2\",\"odds\":\"151.00\",\"header\":\"Home\"},{\"opp\":\"4-2\",\"odds\":\"51.00\",\"header\":\"Away\"},{\"opp\":\"4-3\",\"odds\":\"151.00\",\"header\":\"Away\"},{\"opp\":\"5-0\",\"odds\":\"51.00\",\"header\":\"Away\"},{\"opp\":\"5-1\",\"odds\":\"67.00\",\"header\":\"Away\"},{\"opp\":\"5-2\",\"odds\":\"126.00\",\"header\":\"Away\"},{\"opp\":\"6-0\",\"odds\":\"126.00\",\"header\":\"Away\"},{\"opp\":\"6-1\",\"odds\":\"151.00\",\"header\":\"Away\"}],\"half_time_full_time\":[{\"opp\":\"Aberdeen - Aberdeen\",\"odds\":\"8.50\"},{\"opp\":\"Aberdeen - Draw\",\"odds\":\"17.00\"},{\"opp\":\"Aberdeen - Burnley\",\"odds\":\"26.00\"},{\"opp\":\"Draw - Aberdeen\",\"odds\":\"10.00\"},{\"opp\":\"Draw - Draw\",\"odds\":\"5.00\"},{\"opp\":\"Draw - Burnley\",\"odds\":\"4.33\"},{\"opp\":\"Burnley - Aberdeen\",\"odds\":\"41.00\"},{\"opp\":\"Burnley - Draw\",\"odds\":\"15.00\"},{\"opp\":\"Burnley - Burnley\",\"odds\":\"2.75\"}],\"goals_over_under\":[{\"goals\":\"2.5\",\"odds\":\"2.20\",\"header\":\"Over\"},{\"goals\":\"2.5\",\"odds\":\"1.65\",\"header\":\"Under\"}],\"both_teams_to_score\":[{\"opp\":\"Yes\",\"odds\":\"2.10\"},{\"opp\":\"No\",\"odds\":\"1.67\"}],\"goalscorers\":[{\"name\":\"Chris Wood\",\"odds\":\"4.75\",\"header\":\"First\"},{\"name\":\"Chris Wood\",\"odds\":\"4.75\",\"header\":\"Last\"},{\"name\":\"Chris Wood\",\"odds\":\"2.30\",\"header\":\"Anytime\"},{\"name\":\"Ashley Barnes\",\"odds\":\"5.50\",\"header\":\"First\"},{\"name\":\"Ashley Barnes\",\"odds\":\"5.50\",\"header\":\"Last\"},{\"name\":\"Ashley Barnes\",\"odds\":\"2.60\",\"header\":\"Anytime\"},{\"name\":\"Sam Vokes\",\"odds\":\"5.50\",\"header\":\"First\"},{\"name\":\"Sam Vokes\",\"odds\":\"5.50\",\"header\":\"Last\"},{\"name\":\"Sam Vokes\",\"odds\":\"2.60\",\"header\":\"Anytime\"},{\"name\":\"Nahki Wells\",\"odds\":\"6.00\",\"header\":\"First\"},{\"name\":\"Nahki Wells\",\"odds\":\"6.00\",\"header\":\"Last\"},{\"name\":\"Nahki Wells\",\"odds\":\"2.75\",\"header\":\"Anytime\"},{\"name\":\"Jonathan Walters\",\"odds\":\"7.50\",\"header\":\"First\"},{\"name\":\"Jonathan Walters\",\"odds\":\"7.50\",\"header\":\"Last\"},{\"name\":\"Jonathan Walters\",\"odds\":\"3.40\",\"header\":\"Anytime\"},{\"name\":\"Jeff Hendrick\",\"odds\":\"9.00\",\"header\":\"First\"},{\"name\":\"Jeff Hendrick\",\"odds\":\"9.00\",\"header\":\"Last\"},{\"name\":\"Jeff Hendrick\",\"odds\":\"4.00\",\"header\":\"Anytime\"},{\"name\":\"Dwight McNeil\",\"odds\":\"11.00\",\"header\":\"First\"},{\"name\":\"Dwight McNeil\",\"odds\":\"11.00\",\"header\":\"Last\"},{\"name\":\"Dwight McNeil\",\"odds\":\"4.75\",\"header\":\"Anytime\"},{\"name\":\"Stevie May\",\"odds\":\"11.00\",\"header\":\"First\"},{\"name\":\"Stevie May\",\"odds\":\"11.00\",\"header\":\"Last\"},{\"name\":\"Stevie May\",\"odds\":\"4.75\",\"header\":\"Anytime\"},{\"name\":\"Bruce Anderson\",\"odds\":\"12.00\",\"header\":\"First\"},{\"name\":\"Bruce Anderson\",\"odds\":\"12.00\",\"header\":\"Last\"},{\"name\":\"Bruce Anderson\",\"odds\":\"5.00\",\"header\":\"Anytime\"},{\"name\":\"Dean Campbell\",\"odds\":\"12.00\",\"header\":\"First\"},{\"name\":\"Dean Campbell\",\"odds\":\"12.00\",\"header\":\"Last\"},{\"name\":\"Dean Campbell\",\"odds\":\"5.00\",\"header\":\"Anytime\"},{\"name\":\"Aaron Lennon\",\"odds\":\"13.00\",\"header\":\"First\"},{\"name\":\"Aaron Lennon\",\"odds\":\"13.00\",\"header\":\"Last\"},{\"name\":\"Aaron Lennon\",\"odds\":\"5.50\",\"header\":\"Anytime\"},{\"name\":\"Johann Berg Gudmundsson\",\"odds\":\"13.00\",\"header\":\"First\"},{\"name\":\"Johann Berg Gudmundsson\",\"odds\":\"13.00\",\"header\":\"Last\"},{\"name\":\"Johann Berg Gudmundsson\",\"odds\":\"5.50\",\"header\":\"Anytime\"},{\"name\":\"Niall McGinn\",\"odds\":\"13.00\",\"header\":\"First\"},{\"name\":\"Niall McGinn\",\"odds\":\"13.00\",\"header\":\"Last\"},{\"name\":\"Niall McGinn\",\"odds\":\"5.50\",\"header\":\"Anytime\"},{\"name\":\"Sam Cosgrove\",\"odds\":\"13.00\",\"header\":\"First\"},{\"name\":\"Sam Cosgrove\",\"odds\":\"13.00\",\"header\":\"Last\"},{\"name\":\"Sam Cosgrove\",\"odds\":\"5.50\",\"header\":\"Anytime\"},{\"name\":\"Scott Wright\",\"odds\":\"13.00\",\"header\":\"First\"},{\"name\":\"Scott Wright\",\"odds\":\"13.00\",\"header\":\"Last\"},{\"name\":\"Scott Wright\",\"odds\":\"5.50\",\"header\":\"Anytime\"},{\"name\":\"Gary Mackay-Steven\",\"odds\":\"15.00\",\"header\":\"First\"},{\"name\":\"Gary Mackay-Steven\",\"odds\":\"15.00\",\"header\":\"Last\"},{\"name\":\"Gary Mackay-Steven\",\"odds\":\"6.50\",\"header\":\"Anytime\"},{\"name\":\"Steven Defour\",\"odds\":\"17.00\",\"header\":\"First\"},{\"name\":\"Steven Defour\",\"odds\":\"17.00\",\"header\":\"Last\"},{\"name\":\"Steven Defour\",\"odds\":\"7.00\",\"header\":\"Anytime\"},{\"name\":\"Greg Tansey\",\"odds\":\"19.00\",\"header\":\"First\"},{\"name\":\"Greg Tansey\",\"odds\":\"19.00\",\"header\":\"Last\"},{\"name\":\"Greg Tansey\",\"odds\":\"8.00\",\"header\":\"Anytime\"},{\"name\":\"Ashley Westwood\",\"odds\":\"21.00\",\"header\":\"First\"},{\"name\":\"Ashley Westwood\",\"odds\":\"21.00\",\"header\":\"Last\"},{\"name\":\"Ashley Westwood\",\"odds\":\"9.00\",\"header\":\"Anytime\"},{\"name\":\"Jack Cork\",\"odds\":\"21.00\",\"header\":\"First\"},{\"name\":\"Jack Cork\",\"odds\":\"21.00\",\"header\":\"Last\"},{\"name\":\"Jack Cork\",\"odds\":\"9.00\",\"header\":\"Anytime\"},{\"name\":\"Chris Forrester\",\"odds\":\"23.00\",\"header\":\"First\"},{\"name\":\"Chris Forrester\",\"odds\":\"23.00\",\"header\":\"Last\"},{\"name\":\"Chris Forrester\",\"odds\":\"10.00\",\"header\":\"Anytime\"},{\"name\":\"Lewis Ferguson\",\"odds\":\"23.00\",\"header\":\"First\"},{\"name\":\"Lewis Ferguson\",\"odds\":\"23.00\",\"header\":\"Last\"},{\"name\":\"Lewis Ferguson\",\"odds\":\"10.00\",\"header\":\"Anytime\"},{\"name\":\"Charlie Taylor\",\"odds\":\"26.00\",\"header\":\"First\"},{\"name\":\"Charlie Taylor\",\"odds\":\"26.00\",\"header\":\"Last\"},{\"name\":\"Charlie Taylor\",\"odds\":\"11.00\",\"header\":\"Anytime\"},{\"name\":\"James Tarkowski\",\"odds\":\"26.00\",\"header\":\"First\"},{\"name\":\"James Tarkowski\",\"odds\":\"26.00\",\"header\":\"Last\"},{\"name\":\"James Tarkowski\",\"odds\":\"11.00\",\"header\":\"Anytime\"},{\"name\":\"Stephen Ward\",\"odds\":\"26.00\",\"header\":\"First\"},{\"name\":\"Stephen Ward\",\"odds\":\"26.00\",\"header\":\"Last\"},{\"name\":\"Stephen Ward\",\"odds\":\"11.00\",\"header\":\"Anytime\"},{\"name\":\"Ben Mee\",\"odds\":\"29.00\",\"header\":\"First\"},{\"name\":\"Ben Mee\",\"odds\":\"29.00\",\"header\":\"Last\"},{\"name\":\"Ben Mee\",\"odds\":\"13.00\",\"header\":\"Anytime\"},{\"name\":\"Graeme Shinnie\",\"odds\":\"29.00\",\"header\":\"First\"},{\"name\":\"Graeme Shinnie\",\"odds\":\"29.00\",\"header\":\"Last\"},{\"name\":\"Graeme Shinnie\",\"odds\":\"13.00\",\"header\":\"Anytime\"},{\"name\":\"Kevin Long\",\"odds\":\"29.00\",\"header\":\"First\"},{\"name\":\"Kevin Long\",\"odds\":\"29.00\",\"header\":\"Last\"},{\"name\":\"Kevin Long\",\"odds\":\"13.00\",\"header\":\"Anytime\"},{\"name\":\"Matthew Lowton\",\"odds\":\"29.00\",\"header\":\"First\"},{\"name\":\"Matthew Lowton\",\"odds\":\"29.00\",\"header\":\"Last\"},{\"name\":\"Matthew Lowton\",\"odds\":\"13.00\",\"header\":\"Anytime\"},{\"name\":\"Phil Bardsley\",\"odds\":\"29.00\",\"header\":\"First\"},{\"name\":\"Phil Bardsley\",\"odds\":\"29.00\",\"header\":\"Last\"},{\"name\":\"Phil Bardsley\",\"odds\":\"13.00\",\"header\":\"Anytime\"},{\"name\":\"Scott McKenna\",\"odds\":\"29.00\",\"header\":\"First\"},{\"name\":\"Scott McKenna\",\"odds\":\"29.00\",\"header\":\"Last\"},{\"name\":\"Scott McKenna\",\"odds\":\"13.00\",\"header\":\"Anytime\"},{\"name\":\"Andrew Considine\",\"odds\":\"34.00\",\"header\":\"First\"},{\"name\":\"Andrew Considine\",\"odds\":\"34.00\",\"header\":\"Last\"},{\"name\":\"Andrew Considine\",\"odds\":\"15.00\",\"header\":\"Anytime\"},{\"name\":\"Stephen Gleeson\",\"odds\":\"34.00\",\"header\":\"First\"},{\"name\":\"Stephen Gleeson\",\"odds\":\"34.00\",\"header\":\"Last\"},{\"name\":\"Stephen Gleeson\",\"odds\":\"15.00\",\"header\":\"Anytime\"},{\"name\":\"Shaleum Logan\",\"odds\":\"41.00\",\"header\":\"First\"},{\"name\":\"Shaleum Logan\",\"odds\":\"41.00\",\"header\":\"Last\"},{\"name\":\"Shaleum Logan\",\"odds\":\"19.00\",\"header\":\"Anytime\"},{\"name\":\"Dominic Ball\",\"odds\":\"51.00\",\"header\":\"First\"},{\"name\":\"Dominic Ball\",\"odds\":\"51.00\",\"header\":\"Last\"},{\"name\":\"Dominic Ball\",\"odds\":\"23.00\",\"header\":\"Anytime\"},{\"name\":\"Mark Reynolds\",\"odds\":\"51.00\",\"header\":\"First\"},{\"name\":\"Mark Reynolds\",\"odds\":\"51.00\",\"header\":\"Last\"},{\"name\":\"Mark Reynolds\",\"odds\":\"23.00\",\"header\":\"Anytime\"},{\"name\":\"Michael Devlin\",\"odds\":\"51.00\",\"header\":\"First\"},{\"name\":\"Michael Devlin\",\"odds\":\"51.00\",\"header\":\"Last\"},{\"name\":\"Michael Devlin\",\"odds\":\"23.00\",\"header\":\"Anytime\"},{\"name\":\"No Goalscorer\",\"odds\":\"8.00\",\"header\":\"First\"},{\"name\":\"No Goalscorer\",\"odds\":\"8.00\",\"header\":\"Last\"}],\"multi_scorers\":[{\"name\":\"Chris Wood\",\"odds\":\"7.50\",\"header\":\"2 or More\"},{\"name\":\"Chris Wood\",\"odds\":\"29.00\",\"header\":\"3 or More\"},{\"name\":\"Ashley Barnes\",\"odds\":\"9.50\",\"header\":\"2 or More\"},{\"name\":\"Ashley Barnes\",\"odds\":\"41.00\",\"header\":\"3 or More\"},{\"name\":\"Sam Vokes\",\"odds\":\"9.50\",\"header\":\"2 or More\"},{\"name\":\"Sam Vokes\",\"odds\":\"41.00\",\"header\":\"3 or More\"},{\"name\":\"Nahki Wells\",\"odds\":\"11.00\",\"header\":\"2 or More\"},{\"name\":\"Nahki Wells\",\"odds\":\"51.00\",\"header\":\"3 or More\"},{\"name\":\"Jonathan Walters\",\"odds\":\"17.00\",\"header\":\"2 or More\"},{\"name\":\"Jonathan Walters\",\"odds\":\"101.00\",\"header\":\"3 or More\"},{\"name\":\"Jeff Hendrick\",\"odds\":\"23.00\",\"header\":\"2 or More\"},{\"name\":\"Jeff Hendrick\",\"odds\":\"101.00\",\"header\":\"3 or More\"},{\"name\":\"Bruce Anderson\",\"odds\":\"34.00\",\"header\":\"2 or More\"},{\"name\":\"Bruce Anderson\",\"odds\":\"126.00\",\"header\":\"3 or More\"},{\"name\":\"Dean Campbell\",\"odds\":\"34.00\",\"header\":\"2 or More\"},{\"name\":\"Dean Campbell\",\"odds\":\"126.00\",\"header\":\"3 or More\"},{\"name\":\"Dwight McNeil\",\"odds\":\"34.00\",\"header\":\"2 or More\"},{\"name\":\"Dwight McNeil\",\"odds\":\"126.00\",\"header\":\"3 or More\"},{\"name\":\"Stevie May\",\"odds\":\"34.00\",\"header\":\"2 or More\"},{\"name\":\"Stevie May\",\"odds\":\"126.00\",\"header\":\"3 or More\"},{\"name\":\"Aaron Lennon\",\"odds\":\"41.00\",\"header\":\"2 or More\"},{\"name\":\"Aaron Lennon\",\"odds\":\"151.00\",\"header\":\"3 or More\"},{\"name\":\"Johann Berg Gudmundsson\",\"odds\":\"41.00\",\"header\":\"2 or More\"},{\"name\":\"Johann Berg Gudmundsson\",\"odds\":\"151.00\",\"header\":\"3 or More\"},{\"name\":\"Niall McGinn\",\"odds\":\"41.00\",\"header\":\"2 or More\"},{\"name\":\"Niall McGinn\",\"odds\":\"151.00\",\"header\":\"3 or More\"},{\"name\":\"Sam Cosgrove\",\"odds\":\"41.00\",\"header\":\"2 or More\"},{\"name\":\"Sam Cosgrove\",\"odds\":\"151.00\",\"header\":\"3 or More\"},{\"name\":\"Scott Wright\",\"odds\":\"41.00\",\"header\":\"2 or More\"},{\"name\":\"Scott Wright\",\"odds\":\"151.00\",\"header\":\"3 or More\"},{\"name\":\"Gary Mackay-Steven\",\"odds\":\"51.00\",\"header\":\"2 or More\"},{\"name\":\"Gary Mackay-Steven\",\"odds\":\"151.00\",\"header\":\"3 or More\"},{\"name\":\"Steven Defour\",\"odds\":\"67.00\",\"header\":\"2 or More\"},{\"name\":\"Steven Defour\",\"odds\":\"201.00\",\"header\":\"3 or More\"},{\"name\":\"Greg Tansey\",\"odds\":\"81.00\",\"header\":\"2 or More\"},{\"name\":\"Greg Tansey\",\"odds\":\"301.00\",\"header\":\"3 or More\"},{\"name\":\"Ashley Westwood\",\"odds\":\"101.00\",\"header\":\"2 or More\"},{\"name\":\"Ashley Westwood\",\"odds\":\"401.00\",\"header\":\"3 or More\"},{\"name\":\"Charlie Taylor\",\"odds\":\"101.00\",\"header\":\"2 or More\"},{\"name\":\"Charlie Taylor\",\"odds\":\"501.00\",\"header\":\"3 or More\"},{\"name\":\"Chris Forrester\",\"odds\":\"101.00\",\"header\":\"2 or More\"},{\"name\":\"Chris Forrester\",\"odds\":\"501.00\",\"header\":\"3 or More\"},{\"name\":\"Jack Cork\",\"odds\":\"101.00\",\"header\":\"2 or More\"},{\"name\":\"Jack Cork\",\"odds\":\"401.00\",\"header\":\"3 or More\"},{\"name\":\"James Tarkowski\",\"odds\":\"101.00\",\"header\":\"2 or More\"},{\"name\":\"James Tarkowski\",\"odds\":\"501.00\",\"header\":\"3 or More\"},{\"name\":\"Lewis Ferguson\",\"odds\":\"101.00\",\"header\":\"2 or More\"},{\"name\":\"Lewis Ferguson\",\"odds\":\"501.00\",\"header\":\"3 or More\"},{\"name\":\"Stephen Ward\",\"odds\":\"101.00\",\"header\":\"2 or More\"},{\"name\":\"Stephen Ward\",\"odds\":\"501.00\",\"header\":\"3 or More\"},{\"name\":\"Andrew Considine\",\"odds\":\"126.00\",\"header\":\"2 or More\"},{\"name\":\"Andrew Considine\",\"odds\":\"501.00\",\"header\":\"3 or More\"},{\"name\":\"Ben Mee\",\"odds\":\"126.00\",\"header\":\"2 or More\"},{\"name\":\"Ben Mee\",\"odds\":\"501.00\",\"header\":\"3 or More\"},{\"name\":\"Graeme Shinnie\",\"odds\":\"126.00\",\"header\":\"2 or More\"},{\"name\":\"Graeme Shinnie\",\"odds\":\"501.00\",\"header\":\"3 or More\"},{\"name\":\"Kevin Long\",\"odds\":\"126.00\",\"header\":\"2 or More\"},{\"name\":\"Kevin Long\",\"odds\":\"501.00\",\"header\":\"3 or More\"},{\"name\":\"Matthew Lowton\",\"odds\":\"126.00\",\"header\":\"2 or More\"},{\"name\":\"Matthew Lowton\",\"odds\":\"501.00\",\"header\":\"3 or More\"},{\"name\":\"Phil Bardsley\",\"odds\":\"126.00\",\"header\":\"2 or More\"},{\"name\":\"Phil Bardsley\",\"odds\":\"501.00\",\"header\":\"3 or More\"},{\"name\":\"Scott McKenna\",\"odds\":\"126.00\",\"header\":\"2 or More\"},{\"name\":\"Scott McKenna\",\"odds\":\"501.00\",\"header\":\"3 or More\"},{\"name\":\"Stephen Gleeson\",\"odds\":\"126.00\",\"header\":\"2 or More\"},{\"name\":\"Stephen Gleeson\",\"odds\":\"501.00\",\"header\":\"3 or More\"},{\"name\":\"Shaleum Logan\",\"odds\":\"151.00\",\"header\":\"2 or More\"},{\"name\":\"Shaleum Logan\",\"odds\":\"501.00\",\"header\":\"3 or More\"},{\"name\":\"Dominic Ball\",\"odds\":\"201.00\",\"header\":\"2 or More\"},{\"name\":\"Dominic Ball\",\"odds\":\"501.00\",\"header\":\"3 or More\"},{\"name\":\"Mark Reynolds\",\"odds\":\"201.00\",\"header\":\"2 or More\"},{\"name\":\"Mark Reynolds\",\"odds\":\"501.00\",\"header\":\"3 or More\"},{\"name\":\"Michael Devlin\",\"odds\":\"201.00\",\"header\":\"2 or More\"},{\"name\":\"Michael Devlin\",\"odds\":\"501.00\",\"header\":\"3 or More\"}],\"asian_handicap\":[{\"opp\":\"+0.5\",\"odds\":\"2.075\",\"header\":\"Home\"},{\"opp\":\"-0.5\",\"odds\":\"1.725\",\"header\":\"Away\"}],\"goal_line\":[{\"goals\":\"2.0, 2.5\",\"odds\":\"1.950\",\"header\":\"Over\"},{\"goals\":\"2.0, 2.5\",\"odds\":\"1.850\",\"header\":\"Under\"}],\"alternative_asian_handicap\":[{\"opp\":\"-0.5, -1.0\",\"odds\":\"6.000\",\"header\":\"Home\"},{\"opp\":\"+0.5, +1.0\",\"odds\":\"1.125\",\"header\":\"Away\"},{\"opp\":\"-0.5\",\"odds\":\"4.400\",\"header\":\"Home\"},{\"opp\":\"+0.5\",\"odds\":\"1.200\",\"header\":\"Away\"},{\"opp\":\"0.0, -0.5\",\"odds\":\"3.900\",\"header\":\"Home\"},{\"opp\":\"0.0, +0.5\",\"odds\":\"1.240\",\"header\":\"Away\"},{\"opp\":\"0.0\",\"odds\":\"3.450\",\"header\":\"Home\"},{\"opp\":\"0.0\",\"odds\":\"1.300\",\"header\":\"Away\"},{\"opp\":\"0.0, +0.5\",\"odds\":\"2.500\",\"header\":\"Home\"},{\"opp\":\"0.0, -0.5\",\"odds\":\"1.500\",\"header\":\"Away\"},{\"opp\":\"+0.5, +1.0\",\"odds\":\"1.825\",\"header\":\"Home\"},{\"opp\":\"-0.5, -1.0\",\"odds\":\"1.975\",\"header\":\"Away\"},{\"opp\":\"+1.0\",\"odds\":\"1.575\",\"header\":\"Home\"},{\"opp\":\"-1.0\",\"odds\":\"2.350\",\"header\":\"Away\"},{\"opp\":\"+1.0, +1.5\",\"odds\":\"1.450\",\"header\":\"Home\"},{\"opp\":\"-1.0, -1.5\",\"odds\":\"2.675\",\"header\":\"Away\"},{\"opp\":\"+1.5\",\"odds\":\"1.350\",\"header\":\"Home\"},{\"opp\":\"-1.5\",\"odds\":\"3.100\",\"header\":\"Away\"},{\"opp\":\"+1.5, +2.0\",\"odds\":\"1.250\",\"header\":\"Home\"},{\"opp\":\"-1.5, -2.0\",\"odds\":\"3.800\",\"header\":\"Away\"},{\"opp\":\"+2.0\",\"odds\":\"1.140\",\"header\":\"Home\"},{\"opp\":\"-2.0\",\"odds\":\"5.750\",\"header\":\"Away\"},{\"opp\":\"+2.0, +2.5\",\"odds\":\"1.125\",\"header\":\"Home\"},{\"opp\":\"-2.0, -2.5\",\"odds\":\"6.000\",\"header\":\"Away\"},{\"opp\":\"+2.5\",\"odds\":\"1.115\",\"header\":\"Home\"},{\"opp\":\"-2.5\",\"odds\":\"6.400\",\"header\":\"Away\"}],\"alternative_goal_line\":[{\"goals\":\"1.0\",\"odds\":\"1.110\",\"header\":\"Over\"},{\"goals\":\"1.0\",\"odds\":\"6.600\",\"header\":\"Under\"},{\"goals\":\"1.0, 1.5\",\"odds\":\"1.250\",\"header\":\"Over\"},{\"goals\":\"1.0, 1.5\",\"odds\":\"3.800\",\"header\":\"Under\"},{\"goals\":\"1.5\",\"odds\":\"1.400\",\"header\":\"Over\"},{\"goals\":\"1.5\",\"odds\":\"2.850\",\"header\":\"Under\"},{\"goals\":\"1.5, 2.0\",\"odds\":\"1.500\",\"header\":\"Over\"},{\"goals\":\"1.5, 2.0\",\"odds\":\"2.500\",\"header\":\"Under\"},{\"goals\":\"2.0\",\"odds\":\"1.650\",\"header\":\"Over\"},{\"goals\":\"2.0\",\"odds\":\"2.200\",\"header\":\"Under\"},{\"goals\":\"2.5\",\"odds\":\"2.200\",\"header\":\"Over\"},{\"goals\":\"2.5\",\"odds\":\"1.650\",\"header\":\"Under\"},{\"goals\":\"2.5, 3.0\",\"odds\":\"2.500\",\"header\":\"Over\"},{\"goals\":\"2.5, 3.0\",\"odds\":\"1.500\",\"header\":\"Under\"},{\"goals\":\"3.0\",\"odds\":\"3.300\",\"header\":\"Over\"},{\"goals\":\"3.0\",\"odds\":\"1.325\",\"header\":\"Under\"},{\"goals\":\"3.0, 3.5\",\"odds\":\"3.550\",\"header\":\"Over\"},{\"goals\":\"3.0, 3.5\",\"odds\":\"1.275\",\"header\":\"Under\"},{\"goals\":\"3.5\",\"odds\":\"4.000\",\"header\":\"Over\"},{\"goals\":\"3.5\",\"odds\":\"1.230\",\"header\":\"Under\"},{\"goals\":\"3.5, 4.0\",\"odds\":\"5.250\",\"header\":\"Over\"},{\"goals\":\"3.5, 4.0\",\"odds\":\"1.160\",\"header\":\"Under\"}],\"draw_no_bet\":[{\"opp\":\"Aberdeen\",\"odds\":\"3.50\"},{\"opp\":\"Burnley\",\"odds\":\"1.29\"}],\"result_both_teams_to_score\":[{\"name\":\"Aberdeen\",\"odds\":\"11.00\",\"header\":\"Yes\"},{\"name\":\"Aberdeen\",\"odds\":\"7.50\",\"header\":\"No\"},{\"name\":\"Burnley\",\"odds\":\"4.33\",\"header\":\"Yes\"},{\"name\":\"Burnley\",\"odds\":\"2.60\",\"header\":\"No\"},{\"name\":\"Draw\",\"odds\":\"5.50\",\"header\":\"Yes\"},{\"name\":\"Draw\",\"odds\":\"8.00\",\"header\":\"No\"}],\"handicap_result\":[{\"opp\":\"Aberdeen (+1)\",\"odds\":\"2.10\"},{\"opp\":\"Tie - (Burnley -1)\",\"odds\":\"3.50\"},{\"opp\":\"Burnley (-1)\",\"odds\":\"2.88\"}],\"alternative_handicap_result\":[{\"opp\":\"-2.0\",\"odds\":\"19.00\",\"header\":\"Home\"},{\"opp\":\"+2.0\",\"odds\":\"13.00\",\"header\":\"Tie\"},{\"opp\":\"+2.0\",\"odds\":\"1.04\",\"header\":\"Away\"},{\"opp\":\"-1.0\",\"odds\":\"11.00\",\"header\":\"Home\"},{\"opp\":\"+1.0\",\"odds\":\"6.50\",\"header\":\"Tie\"},{\"opp\":\"+1.0\",\"odds\":\"1.14\",\"header\":\"Away\"},{\"opp\":\"+2.0\",\"odds\":\"1.36\",\"header\":\"Home\"},{\"opp\":\"-2.0\",\"odds\":\"4.75\",\"header\":\"Tie\"},{\"opp\":\"-2.0\",\"odds\":\"6.00\",\"header\":\"Away\"},{\"opp\":\"+3.0\",\"odds\":\"1.09\",\"header\":\"Home\"},{\"opp\":\"-3.0\",\"odds\":\"8.50\",\"header\":\"Tie\"},{\"opp\":\"-3.0\",\"odds\":\"13.00\",\"header\":\"Away\"}],\"winning_margin\":[{\"goals\":\" 1\",\"odds\":\"6.50\",\"header\":\"Home\"},{\"goals\":\" 1\",\"odds\":\"3.50\",\"header\":\"Away\"},{\"goals\":\" 2\",\"odds\":\"13.00\",\"header\":\"Home\"},{\"goals\":\" 2\",\"odds\":\"4.75\",\"header\":\"Away\"},{\"goals\":\" 3\",\"odds\":\"51.00\",\"header\":\"Home\"},{\"goals\":\" 3\",\"odds\":\"8.50\",\"header\":\"Away\"},{\"goals\":\" 4+\",\"odds\":\"126.00\",\"header\":\"Home\"},{\"goals\":\" 4+\",\"odds\":\"13.00\",\"header\":\"Away\"},{\"goals\":\"Score Draw\",\"odds\":\"5.50\",\"header\":\"Home\"},{\"goals\":\"No Goal\",\"odds\":\"8.00\",\"header\":\"Home\"}]}},\"player\":{\"updated_at\":\"1532570500\",\"sp\":{\"goalscorers\":[{\"name\":\"Chris Wood\",\"odds\":\"4.75\",\"header\":\"First\"},{\"name\":\"Chris Wood\",\"odds\":\"4.75\",\"header\":\"Last\"},{\"name\":\"Chris Wood\",\"odds\":\"2.30\",\"header\":\"Anytime\"},{\"name\":\"Ashley Barnes\",\"odds\":\"5.50\",\"header\":\"First\"},{\"name\":\"Ashley Barnes\",\"odds\":\"5.50\",\"header\":\"Last\"},{\"name\":\"Ashley Barnes\",\"odds\":\"2.60\",\"header\":\"Anytime\"},{\"name\":\"Sam Vokes\",\"odds\":\"5.50\",\"header\":\"First\"},{\"name\":\"Sam Vokes\",\"odds\":\"5.50\",\"header\":\"Last\"},{\"name\":\"Sam Vokes\",\"odds\":\"2.60\",\"header\":\"Anytime\"},{\"name\":\"Nahki Wells\",\"odds\":\"6.00\",\"header\":\"First\"},{\"name\":\"Nahki Wells\",\"odds\":\"6.00\",\"header\":\"Last\"},{\"name\":\"Nahki Wells\",\"odds\":\"2.75\",\"header\":\"Anytime\"},{\"name\":\"Jonathan Walters\",\"odds\":\"7.50\",\"header\":\"First\"},{\"name\":\"Jonathan Walters\",\"odds\":\"7.50\",\"header\":\"Last\"},{\"name\":\"Jonathan Walters\",\"odds\":\"3.40\",\"header\":\"Anytime\"},{\"name\":\"Jeff Hendrick\",\"odds\":\"9.00\",\"header\":\"First\"},{\"name\":\"Jeff Hendrick\",\"odds\":\"9.00\",\"header\":\"Last\"},{\"name\":\"Jeff Hendrick\",\"odds\":\"4.00\",\"header\":\"Anytime\"},{\"name\":\"Dwight McNeil\",\"odds\":\"11.00\",\"header\":\"First\"},{\"name\":\"Dwight McNeil\",\"odds\":\"11.00\",\"header\":\"Last\"},{\"name\":\"Dwight McNeil\",\"odds\":\"4.75\",\"header\":\"Anytime\"},{\"name\":\"Stevie May\",\"odds\":\"11.00\",\"header\":\"First\"},{\"name\":\"Stevie May\",\"odds\":\"11.00\",\"header\":\"Last\"},{\"name\":\"Stevie May\",\"odds\":\"4.75\",\"header\":\"Anytime\"},{\"name\":\"Bruce Anderson\",\"odds\":\"12.00\",\"header\":\"First\"},{\"name\":\"Bruce Anderson\",\"odds\":\"12.00\",\"header\":\"Last\"},{\"name\":\"Bruce Anderson\",\"odds\":\"5.00\",\"header\":\"Anytime\"},{\"name\":\"Dean Campbell\",\"odds\":\"12.00\",\"header\":\"First\"},{\"name\":\"Dean Campbell\",\"odds\":\"12.00\",\"header\":\"Last\"},{\"name\":\"Dean Campbell\",\"odds\":\"5.00\",\"header\":\"Anytime\"},{\"name\":\"Aaron Lennon\",\"odds\":\"13.00\",\"header\":\"First\"},{\"name\":\"Aaron Lennon\",\"odds\":\"13.00\",\"header\":\"Last\"},{\"name\":\"Aaron Lennon\",\"odds\":\"5.50\",\"header\":\"Anytime\"},{\"name\":\"Johann Berg Gudmundsson\",\"odds\":\"13.00\",\"header\":\"First\"},{\"name\":\"Johann Berg Gudmundsson\",\"odds\":\"13.00\",\"header\":\"Last\"},{\"name\":\"Johann Berg Gudmundsson\",\"odds\":\"5.50\",\"header\":\"Anytime\"},{\"name\":\"Niall McGinn\",\"odds\":\"13.00\",\"header\":\"First\"},{\"name\":\"Niall McGinn\",\"odds\":\"13.00\",\"header\":\"Last\"},{\"name\":\"Niall McGinn\",\"odds\":\"5.50\",\"header\":\"Anytime\"},{\"name\":\"Sam Cosgrove\",\"odds\":\"13.00\",\"header\":\"First\"},{\"name\":\"Sam Cosgrove\",\"odds\":\"13.00\",\"header\":\"Last\"},{\"name\":\"Sam Cosgrove\",\"odds\":\"5.50\",\"header\":\"Anytime\"},{\"name\":\"Scott Wright\",\"odds\":\"13.00\",\"header\":\"First\"},{\"name\":\"Scott Wright\",\"odds\":\"13.00\",\"header\":\"Last\"},{\"name\":\"Scott Wright\",\"odds\":\"5.50\",\"header\":\"Anytime\"},{\"name\":\"Gary Mackay-Steven\",\"odds\":\"15.00\",\"header\":\"First\"},{\"name\":\"Gary Mackay-Steven\",\"odds\":\"15.00\",\"header\":\"Last\"},{\"name\":\"Gary Mackay-Steven\",\"odds\":\"6.50\",\"header\":\"Anytime\"},{\"name\":\"Steven Defour\",\"odds\":\"17.00\",\"header\":\"First\"},{\"name\":\"Steven Defour\",\"odds\":\"17.00\",\"header\":\"Last\"},{\"name\":\"Steven Defour\",\"odds\":\"7.00\",\"header\":\"Anytime\"},{\"name\":\"Greg Tansey\",\"odds\":\"19.00\",\"header\":\"First\"},{\"name\":\"Greg Tansey\",\"odds\":\"19.00\",\"header\":\"Last\"},{\"name\":\"Greg Tansey\",\"odds\":\"8.00\",\"header\":\"Anytime\"},{\"name\":\"Ashley Westwood\",\"odds\":\"21.00\",\"header\":\"First\"},{\"name\":\"Ashley Westwood\",\"odds\":\"21.00\",\"header\":\"Last\"},{\"name\":\"Ashley Westwood\",\"odds\":\"9.00\",\"header\":\"Anytime\"},{\"name\":\"Jack Cork\",\"odds\":\"21.00\",\"header\":\"First\"},{\"name\":\"Jack Cork\",\"odds\":\"21.00\",\"header\":\"Last\"},{\"name\":\"Jack Cork\",\"odds\":\"9.00\",\"header\":\"Anytime\"},{\"name\":\"Chris Forrester\",\"odds\":\"23.00\",\"header\":\"First\"},{\"name\":\"Chris Forrester\",\"odds\":\"23.00\",\"header\":\"Last\"},{\"name\":\"Chris Forrester\",\"odds\":\"10.00\",\"header\":\"Anytime\"},{\"name\":\"Lewis Ferguson\",\"odds\":\"23.00\",\"header\":\"First\"},{\"name\":\"Lewis Ferguson\",\"odds\":\"23.00\",\"header\":\"Last\"},{\"name\":\"Lewis Ferguson\",\"odds\":\"10.00\",\"header\":\"Anytime\"},{\"name\":\"Charlie Taylor\",\"odds\":\"26.00\",\"header\":\"First\"},{\"name\":\"Charlie Taylor\",\"odds\":\"26.00\",\"header\":\"Last\"},{\"name\":\"Charlie Taylor\",\"odds\":\"11.00\",\"header\":\"Anytime\"},{\"name\":\"James Tarkowski\",\"odds\":\"26.00\",\"header\":\"First\"},{\"name\":\"James Tarkowski\",\"odds\":\"26.00\",\"header\":\"Last\"},{\"name\":\"James Tarkowski\",\"odds\":\"11.00\",\"header\":\"Anytime\"},{\"name\":\"Stephen Ward\",\"odds\":\"26.00\",\"header\":\"First\"},{\"name\":\"Stephen Ward\",\"odds\":\"26.00\",\"header\":\"Last\"},{\"name\":\"Stephen Ward\",\"odds\":\"11.00\",\"header\":\"Anytime\"},{\"name\":\"Ben Mee\",\"odds\":\"29.00\",\"header\":\"First\"},{\"name\":\"Ben Mee\",\"odds\":\"29.00\",\"header\":\"Last\"},{\"name\":\"Ben Mee\",\"odds\":\"13.00\",\"header\":\"Anytime\"},{\"name\":\"Graeme Shinnie\",\"odds\":\"29.00\",\"header\":\"First\"},{\"name\":\"Graeme Shinnie\",\"odds\":\"29.00\",\"header\":\"Last\"},{\"name\":\"Graeme Shinnie\",\"odds\":\"13.00\",\"header\":\"Anytime\"},{\"name\":\"Kevin Long\",\"odds\":\"29.00\",\"header\":\"First\"},{\"name\":\"Kevin Long\",\"odds\":\"29.00\",\"header\":\"Last\"},{\"name\":\"Kevin Long\",\"odds\":\"13.00\",\"header\":\"Anytime\"},{\"name\":\"Matthew Lowton\",\"odds\":\"29.00\",\"header\":\"First\"},{\"name\":\"Matthew Lowton\",\"odds\":\"29.00\",\"header\":\"Last\"},{\"name\":\"Matthew Lowton\",\"odds\":\"13.00\",\"header\":\"Anytime\"},{\"name\":\"Phil Bardsley\",\"odds\":\"29.00\",\"header\":\"First\"},{\"name\":\"Phil Bardsley\",\"odds\":\"29.00\",\"header\":\"Last\"},{\"name\":\"Phil Bardsley\",\"odds\":\"13.00\",\"header\":\"Anytime\"},{\"name\":\"Scott McKenna\",\"odds\":\"29.00\",\"header\":\"First\"},{\"name\":\"Scott McKenna\",\"odds\":\"29.00\",\"header\":\"Last\"},{\"name\":\"Scott McKenna\",\"odds\":\"13.00\",\"header\":\"Anytime\"},{\"name\":\"Andrew Considine\",\"odds\":\"34.00\",\"header\":\"First\"},{\"name\":\"Andrew Considine\",\"odds\":\"34.00\",\"header\":\"Last\"},{\"name\":\"Andrew Considine\",\"odds\":\"15.00\",\"header\":\"Anytime\"},{\"name\":\"Stephen Gleeson\",\"odds\":\"34.00\",\"header\":\"First\"},{\"name\":\"Stephen Gleeson\",\"odds\":\"34.00\",\"header\":\"Last\"},{\"name\":\"Stephen Gleeson\",\"odds\":\"15.00\",\"header\":\"Anytime\"},{\"name\":\"Shaleum Logan\",\"odds\":\"41.00\",\"header\":\"First\"},{\"name\":\"Shaleum Logan\",\"odds\":\"41.00\",\"header\":\"Last\"},{\"name\":\"Shaleum Logan\",\"odds\":\"19.00\",\"header\":\"Anytime\"},{\"name\":\"Dominic Ball\",\"odds\":\"51.00\",\"header\":\"First\"},{\"name\":\"Dominic Ball\",\"odds\":\"51.00\",\"header\":\"Last\"},{\"name\":\"Dominic Ball\",\"odds\":\"23.00\",\"header\":\"Anytime\"},{\"name\":\"Mark Reynolds\",\"odds\":\"51.00\",\"header\":\"First\"},{\"name\":\"Mark Reynolds\",\"odds\":\"51.00\",\"header\":\"Last\"},{\"name\":\"Mark Reynolds\",\"odds\":\"23.00\",\"header\":\"Anytime\"},{\"name\":\"Michael Devlin\",\"odds\":\"51.00\",\"header\":\"First\"},{\"name\":\"Michael Devlin\",\"odds\":\"51.00\",\"header\":\"Last\"},{\"name\":\"Michael Devlin\",\"odds\":\"23.00\",\"header\":\"Anytime\"},{\"name\":\"No Goalscorer\",\"odds\":\"8.00\",\"header\":\"First\"},{\"name\":\"No Goalscorer\",\"odds\":\"8.00\",\"header\":\"Last\"}],\"multi_scorers\":[{\"name\":\"Chris Wood\",\"odds\":\"7.50\",\"header\":\"2 or More\"},{\"name\":\"Chris Wood\",\"odds\":\"29.00\",\"header\":\"3 or More\"},{\"name\":\"Ashley Barnes\",\"odds\":\"9.50\",\"header\":\"2 or More\"},{\"name\":\"Ashley Barnes\",\"odds\":\"41.00\",\"header\":\"3 or More\"},{\"name\":\"Sam Vokes\",\"odds\":\"9.50\",\"header\":\"2 or More\"},{\"name\":\"Sam Vokes\",\"odds\":\"41.00\",\"header\":\"3 or More\"},{\"name\":\"Nahki Wells\",\"odds\":\"11.00\",\"header\":\"2 or More\"},{\"name\":\"Nahki Wells\",\"odds\":\"51.00\",\"header\":\"3 or More\"},{\"name\":\"Jonathan Walters\",\"odds\":\"17.00\",\"header\":\"2 or More\"},{\"name\":\"Jonathan Walters\",\"odds\":\"101.00\",\"header\":\"3 or More\"},{\"name\":\"Jeff Hendrick\",\"odds\":\"23.00\",\"header\":\"2 or More\"},{\"name\":\"Jeff Hendrick\",\"odds\":\"101.00\",\"header\":\"3 or More\"},{\"name\":\"Bruce Anderson\",\"odds\":\"34.00\",\"header\":\"2 or More\"},{\"name\":\"Bruce Anderson\",\"odds\":\"126.00\",\"header\":\"3 or More\"},{\"name\":\"Dean Campbell\",\"odds\":\"34.00\",\"header\":\"2 or More\"},{\"name\":\"Dean Campbell\",\"odds\":\"126.00\",\"header\":\"3 or More\"},{\"name\":\"Dwight McNeil\",\"odds\":\"34.00\",\"header\":\"2 or More\"},{\"name\":\"Dwight McNeil\",\"odds\":\"126.00\",\"header\":\"3 or More\"},{\"name\":\"Stevie May\",\"odds\":\"34.00\",\"header\":\"2 or More\"},{\"name\":\"Stevie May\",\"odds\":\"126.00\",\"header\":\"3 or More\"},{\"name\":\"Aaron Lennon\",\"odds\":\"41.00\",\"header\":\"2 or More\"},{\"name\":\"Aaron Lennon\",\"odds\":\"151.00\",\"header\":\"3 or More\"},{\"name\":\"Johann Berg Gudmundsson\",\"odds\":\"41.00\",\"header\":\"2 or More\"},{\"name\":\"Johann Berg Gudmundsson\",\"odds\":\"151.00\",\"header\":\"3 or More\"},{\"name\":\"Niall McGinn\",\"odds\":\"41.00\",\"header\":\"2 or More\"},{\"name\":\"Niall McGinn\",\"odds\":\"151.00\",\"header\":\"3 or More\"},{\"name\":\"Sam Cosgrove\",\"odds\":\"41.00\",\"header\":\"2 or More\"},{\"name\":\"Sam Cosgrove\",\"odds\":\"151.00\",\"header\":\"3 or More\"},{\"name\":\"Scott Wright\",\"odds\":\"41.00\",\"header\":\"2 or More\"},{\"name\":\"Scott Wright\",\"odds\":\"151.00\",\"header\":\"3 or More\"},{\"name\":\"Gary Mackay-Steven\",\"odds\":\"51.00\",\"header\":\"2 or More\"},{\"name\":\"Gary Mackay-Steven\",\"odds\":\"151.00\",\"header\":\"3 or More\"},{\"name\":\"Steven Defour\",\"odds\":\"67.00\",\"header\":\"2 or More\"},{\"name\":\"Steven Defour\",\"odds\":\"201.00\",\"header\":\"3 or More\"},{\"name\":\"Greg Tansey\",\"odds\":\"81.00\",\"header\":\"2 or More\"},{\"name\":\"Greg Tansey\",\"odds\":\"301.00\",\"header\":\"3 or More\"},{\"name\":\"Ashley Westwood\",\"odds\":\"101.00\",\"header\":\"2 or More\"},{\"name\":\"Ashley Westwood\",\"odds\":\"401.00\",\"header\":\"3 or More\"},{\"name\":\"Charlie Taylor\",\"odds\":\"101.00\",\"header\":\"2 or More\"},{\"name\":\"Charlie Taylor\",\"odds\":\"501.00\",\"header\":\"3 or More\"},{\"name\":\"Chris Forrester\",\"odds\":\"101.00\",\"header\":\"2 or More\"},{\"name\":\"Chris Forrester\",\"odds\":\"501.00\",\"header\":\"3 or More\"},{\"name\":\"Jack Cork\",\"odds\":\"101.00\",\"header\":\"2 or More\"},{\"name\":\"Jack Cork\",\"odds\":\"401.00\",\"header\":\"3 or More\"},{\"name\":\"James Tarkowski\",\"odds\":\"101.00\",\"header\":\"2 or More\"},{\"name\":\"James Tarkowski\",\"odds\":\"501.00\",\"header\":\"3 or More\"},{\"name\":\"Lewis Ferguson\",\"odds\":\"101.00\",\"header\":\"2 or More\"},{\"name\":\"Lewis Ferguson\",\"odds\":\"501.00\",\"header\":\"3 or More\"},{\"name\":\"Stephen Ward\",\"odds\":\"101.00\",\"header\":\"2 or More\"},{\"name\":\"Stephen Ward\",\"odds\":\"501.00\",\"header\":\"3 or More\"},{\"name\":\"Andrew Considine\",\"odds\":\"126.00\",\"header\":\"2 or More\"},{\"name\":\"Andrew Considine\",\"odds\":\"501.00\",\"header\":\"3 or More\"},{\"name\":\"Ben Mee\",\"odds\":\"126.00\",\"header\":\"2 or More\"},{\"name\":\"Ben Mee\",\"odds\":\"501.00\",\"header\":\"3 or More\"},{\"name\":\"Graeme Shinnie\",\"odds\":\"126.00\",\"header\":\"2 or More\"},{\"name\":\"Graeme Shinnie\",\"odds\":\"501.00\",\"header\":\"3 or More\"},{\"name\":\"Kevin Long\",\"odds\":\"126.00\",\"header\":\"2 or More\"},{\"name\":\"Kevin Long\",\"odds\":\"501.00\",\"header\":\"3 or More\"},{\"name\":\"Matthew Lowton\",\"odds\":\"126.00\",\"header\":\"2 or More\"},{\"name\":\"Matthew Lowton\",\"odds\":\"501.00\",\"header\":\"3 or More\"},{\"name\":\"Phil Bardsley\",\"odds\":\"126.00\",\"header\":\"2 or More\"},{\"name\":\"Phil Bardsley\",\"odds\":\"501.00\",\"header\":\"3 or More\"},{\"name\":\"Scott McKenna\",\"odds\":\"126.00\",\"header\":\"2 or More\"},{\"name\":\"Scott McKenna\",\"odds\":\"501.00\",\"header\":\"3 or More\"},{\"name\":\"Stephen Gleeson\",\"odds\":\"126.00\",\"header\":\"2 or More\"},{\"name\":\"Stephen Gleeson\",\"odds\":\"501.00\",\"header\":\"3 or More\"},{\"name\":\"Shaleum Logan\",\"odds\":\"151.00\",\"header\":\"2 or More\"},{\"name\":\"Shaleum Logan\",\"odds\":\"501.00\",\"header\":\"3 or More\"},{\"name\":\"Dominic Ball\",\"odds\":\"201.00\",\"header\":\"2 or More\"},{\"name\":\"Dominic Ball\",\"odds\":\"501.00\",\"header\":\"3 or More\"},{\"name\":\"Mark Reynolds\",\"odds\":\"201.00\",\"header\":\"2 or More\"},{\"name\":\"Mark Reynolds\",\"odds\":\"501.00\",\"header\":\"3 or More\"},{\"name\":\"Michael Devlin\",\"odds\":\"201.00\",\"header\":\"2 or More\"},{\"name\":\"Michael Devlin\",\"odds\":\"501.00\",\"header\":\"3 or More\"}],\"team_goalscorer\":[{\"name\":\"Stevie May\",\"odds\":\"5.50\",\"header\":\"First\"},{\"name\":\"Stevie May\",\"odds\":\"5.50\",\"header\":\"Last\"},{\"name\":\"Bruce Anderson\",\"odds\":\"6.50\",\"header\":\"First\"},{\"name\":\"Bruce Anderson\",\"odds\":\"6.50\",\"header\":\"Last\"},{\"name\":\"Dean Campbell\",\"odds\":\"6.50\",\"header\":\"First\"},{\"name\":\"Dean Campbell\",\"odds\":\"6.50\",\"header\":\"Last\"},{\"name\":\"Niall McGinn\",\"odds\":\"7.00\",\"header\":\"First\"},{\"name\":\"Niall McGinn\",\"odds\":\"7.00\",\"header\":\"Last\"},{\"name\":\"Sam Cosgrove\",\"odds\":\"7.00\",\"header\":\"First\"},{\"name\":\"Sam Cosgrove\",\"odds\":\"7.00\",\"header\":\"Last\"},{\"name\":\"Scott Wright\",\"odds\":\"7.00\",\"header\":\"First\"},{\"name\":\"Scott Wright\",\"odds\":\"7.00\",\"header\":\"Last\"},{\"name\":\"Gary Mackay-Steven\",\"odds\":\"7.50\",\"header\":\"First\"},{\"name\":\"Gary Mackay-Steven\",\"odds\":\"7.50\",\"header\":\"Last\"},{\"name\":\"Greg Tansey\",\"odds\":\"9.50\",\"header\":\"First\"},{\"name\":\"Greg Tansey\",\"odds\":\"9.50\",\"header\":\"Last\"},{\"name\":\"Chris Forrester\",\"odds\":\"13.00\",\"header\":\"First\"},{\"name\":\"Chris Forrester\",\"odds\":\"13.00\",\"header\":\"Last\"},{\"name\":\"Lewis Ferguson\",\"odds\":\"13.00\",\"header\":\"First\"},{\"name\":\"Lewis Ferguson\",\"odds\":\"13.00\",\"header\":\"Last\"},{\"name\":\"Graeme Shinnie\",\"odds\":\"15.00\",\"header\":\"First\"},{\"name\":\"Graeme Shinnie\",\"odds\":\"15.00\",\"header\":\"Last\"},{\"name\":\"Scott McKenna\",\"odds\":\"15.00\",\"header\":\"First\"},{\"name\":\"Scott McKenna\",\"odds\":\"15.00\",\"header\":\"Last\"},{\"name\":\"Andrew Considine\",\"odds\":\"19.00\",\"header\":\"First\"},{\"name\":\"Andrew Considine\",\"odds\":\"19.00\",\"header\":\"Last\"},{\"name\":\"Stephen Gleeson\",\"odds\":\"19.00\",\"header\":\"First\"},{\"name\":\"Stephen Gleeson\",\"odds\":\"19.00\",\"header\":\"Last\"},{\"name\":\"Shaleum Logan\",\"odds\":\"23.00\",\"header\":\"First\"},{\"name\":\"Shaleum Logan\",\"odds\":\"23.00\",\"header\":\"Last\"},{\"name\":\"Dominic Ball\",\"odds\":\"29.00\",\"header\":\"First\"},{\"name\":\"Dominic Ball\",\"odds\":\"29.00\",\"header\":\"Last\"},{\"name\":\"Mark Reynolds\",\"odds\":\"29.00\",\"header\":\"First\"},{\"name\":\"Mark Reynolds\",\"odds\":\"29.00\",\"header\":\"Last\"},{\"name\":\"Michael Devlin\",\"odds\":\"29.00\",\"header\":\"First\"},{\"name\":\"Michael Devlin\",\"odds\":\"29.00\",\"header\":\"Last\"},{\"name\":\"No Goalscorer (Aberdeen)\",\"odds\":\"2.00\",\"header\":\"First\"},{\"name\":\"No Goalscorer (Aberdeen)\",\"odds\":\"2.00\",\"header\":\"Last\"},{\"name\":\"Chris Wood\",\"odds\":\"3.25\",\"header\":\"First\"},{\"name\":\"Chris Wood\",\"odds\":\"3.25\",\"header\":\"Last\"},{\"name\":\"Ashley Barnes\",\"odds\":\"3.75\",\"header\":\"First\"},{\"name\":\"Ashley Barnes\",\"odds\":\"3.75\",\"header\":\"Last\"},{\"name\":\"Sam Vokes\",\"odds\":\"3.75\",\"header\":\"First\"},{\"name\":\"Sam Vokes\",\"odds\":\"3.75\",\"header\":\"Last\"},{\"name\":\"Nahki Wells\",\"odds\":\"4.00\",\"header\":\"First\"},{\"name\":\"Nahki Wells\",\"odds\":\"4.00\",\"header\":\"Last\"},{\"name\":\"Jonathan Walters\",\"odds\":\"4.75\",\"header\":\"First\"},{\"name\":\"Jonathan Walters\",\"odds\":\"4.75\",\"header\":\"Last\"},{\"name\":\"Jeff Hendrick\",\"odds\":\"5.50\",\"header\":\"First\"},{\"name\":\"Jeff Hendrick\",\"odds\":\"5.50\",\"header\":\"Last\"},{\"name\":\"Dwight McNeil\",\"odds\":\"7.00\",\"header\":\"First\"},{\"name\":\"Dwight McNeil\",\"odds\":\"7.00\",\"header\":\"Last\"},{\"name\":\"Aaron Lennon\",\"odds\":\"9.00\",\"header\":\"First\"},{\"name\":\"Aaron Lennon\",\"odds\":\"9.00\",\"header\":\"Last\"},{\"name\":\"Johann Berg Gudmundsson\",\"odds\":\"9.00\",\"header\":\"First\"},{\"name\":\"Johann Berg Gudmundsson\",\"odds\":\"9.00\",\"header\":\"Last\"},{\"name\":\"Steven Defour\",\"odds\":\"11.00\",\"header\":\"First\"},{\"name\":\"Steven Defour\",\"odds\":\"11.00\",\"header\":\"Last\"},{\"name\":\"Ashley Westwood\",\"odds\":\"13.00\",\"header\":\"First\"},{\"name\":\"Ashley Westwood\",\"odds\":\"13.00\",\"header\":\"Last\"},{\"name\":\"Jack Cork\",\"odds\":\"13.00\",\"header\":\"First\"},{\"name\":\"Jack Cork\",\"odds\":\"13.00\",\"header\":\"Last\"},{\"name\":\"Charlie Taylor\",\"odds\":\"17.00\",\"header\":\"First\"},{\"name\":\"Charlie Taylor\",\"odds\":\"17.00\",\"header\":\"Last\"},{\"name\":\"James Tarkowski\",\"odds\":\"17.00\",\"header\":\"First\"},{\"name\":\"James Tarkowski\",\"odds\":\"17.00\",\"header\":\"Last\"},{\"name\":\"Stephen Ward\",\"odds\":\"17.00\",\"header\":\"First\"},{\"name\":\"Stephen Ward\",\"odds\":\"17.00\",\"header\":\"Last\"},{\"name\":\"Ben Mee\",\"odds\":\"21.00\",\"header\":\"First\"},{\"name\":\"Ben Mee\",\"odds\":\"21.00\",\"header\":\"Last\"},{\"name\":\"Kevin Long\",\"odds\":\"21.00\",\"header\":\"First\"},{\"name\":\"Kevin Long\",\"odds\":\"21.00\",\"header\":\"Last\"},{\"name\":\"Matthew Lowton\",\"odds\":\"21.00\",\"header\":\"First\"},{\"name\":\"Matthew Lowton\",\"odds\":\"21.00\",\"header\":\"Last\"},{\"name\":\"Phil Bardsley\",\"odds\":\"21.00\",\"header\":\"First\"},{\"name\":\"Phil Bardsley\",\"odds\":\"21.00\",\"header\":\"Last\"},{\"name\":\"No Goalscorer (Burnley)\",\"odds\":\"4.33\",\"header\":\"First\"},{\"name\":\"No Goalscorer (Burnley)\",\"odds\":\"4.33\",\"header\":\"Last\"}]}},\"schedule\":{\"updated_at\":\"1532570513\",\"sp\":{\"main\":[{\"odds\":\"1.950\"},{\"odds\":\"1.850\"}]}},\"specials\":{\"updated_at\":\"1532570509\",\"sp\":{\"specials\":[{\"name\":\"To Win From Behind\",\"odds\":\"17.00\",\"header\":\"Home\"},{\"name\":\"To Win From Behind\",\"odds\":\"8.00\",\"header\":\"Away\"},{\"name\":\"To Win to Nil\",\"odds\":\"7.50\",\"header\":\"Home\"},{\"name\":\"To Win to Nil\",\"odds\":\"2.60\",\"header\":\"Away\"},{\"name\":\"To Win Either Half\",\"odds\":\"2.75\",\"header\":\"Home\"},{\"name\":\"To Win Either Half\",\"odds\":\"1.40\",\"header\":\"Away\"},{\"name\":\"To Win Both Halves\",\"odds\":\"26.00\",\"header\":\"Home\"},{\"name\":\"To Win Both Halves\",\"odds\":\"5.00\",\"header\":\"Away\"},{\"name\":\"To Score in Both Halves\",\"odds\":\"8.00\",\"header\":\"Home\"},{\"name\":\"To Score in Both Halves\",\"odds\":\"3.00\",\"header\":\"Away\"}],\"to_score_in_half\":[{\"name\":\"1st Half\",\"odds\":\"3.25\",\"header\":\"Yes\"},{\"name\":\"1st Half\",\"odds\":\"1.33\",\"header\":\"No\"},{\"name\":\"2nd Half\",\"odds\":\"2.50\",\"header\":\"Yes\"},{\"name\":\"2nd Half\",\"odds\":\"1.50\",\"header\":\"No\"},{\"name\":\"1st Half\",\"odds\":\"1.83\",\"header\":\"Yes\"},{\"name\":\"1st Half\",\"odds\":\"1.83\",\"header\":\"No\"},{\"name\":\"2nd Half\",\"odds\":\"1.57\",\"header\":\"Yes\"},{\"name\":\"2nd Half\",\"odds\":\"2.25\",\"header\":\"No\"}],\"own_goal\":[{\"opp\":\"Yes\",\"odds\":\"13.00\"},{\"opp\":\"No\",\"odds\":\"1.04\"}]}}}]}"}