{"odd":"{\"success\":1,\"results\":[{\"FI\":\"75400879\",\"event_id\":\"847674\",\"asian_lines\":{\"updated_at\":\"1532570324\",\"sp\":{\"asian_total_corners\":[{\"goals\":\"8.5\",\"odds\":\"1.900\",\"header\":\"Over\"},{\"goals\":\"8.5\",\"odds\":\"1.900\",\"header\":\"Under\"}],\"1st_half_asian_corners\":[{\"goals\":\"4.0\",\"odds\":\"1.900\",\"header\":\"Over\"},{\"goals\":\"4.0\",\"odds\":\"1.900\",\"header\":\"Under\"}]}},\"corners\":{\"updated_at\":\"1532570377\",\"sp\":{\"corners\":[{\"opp\":\"Over 9\",\"odds\":\"2.50\"},{\"opp\":\"Exactly 9\",\"odds\":\"7.00\"},{\"opp\":\"Under 9\",\"odds\":\"1.83\"}],\"total_corners\":[{\"opp\":\"Under 6\",\"odds\":\"6.00\"},{\"opp\":\"6 - 8\",\"odds\":\"2.50\"},{\"opp\":\"9 - 11\",\"odds\":\"2.75\"},{\"opp\":\"12 - 14\",\"odds\":\"6.00\"},{\"opp\":\"Over 14\",\"odds\":\"21.00\"}],\"alternative_corners\":[{\"goals\":\"3\",\"odds\":\"1.02\",\"header\":\"Over\"},{\"goals\":\"3\",\"odds\":\"23.00\",\"header\":\"Exactly\"},{\"goals\":\"3\",\"odds\":\"41.00\",\"header\":\"Under\"},{\"goals\":\"4\",\"odds\":\"1.04\",\"header\":\"Over\"},{\"goals\":\"4\",\"odds\":\"15.00\",\"header\":\"Exactly\"},{\"goals\":\"4\",\"odds\":\"21.00\",\"header\":\"Under\"},{\"goals\":\"5\",\"odds\":\"1.11\",\"header\":\"Over\"},{\"goals\":\"5\",\"odds\":\"11.00\",\"header\":\"Exactly\"},{\"goals\":\"5\",\"odds\":\"11.00\",\"header\":\"Under\"},{\"goals\":\"6\",\"odds\":\"1.25\",\"header\":\"Over\"},{\"goals\":\"6\",\"odds\":\"8.00\",\"header\":\"Exactly\"},{\"goals\":\"6\",\"odds\":\"6.00\",\"header\":\"Under\"},{\"goals\":\"7\",\"odds\":\"1.50\",\"header\":\"Over\"},{\"goals\":\"7\",\"odds\":\"7.00\",\"header\":\"Exactly\"},{\"goals\":\"7\",\"odds\":\"3.75\",\"header\":\"Under\"},{\"goals\":\"8\",\"odds\":\"1.83\",\"header\":\"Over\"},{\"goals\":\"8\",\"odds\":\"6.50\",\"header\":\"Exactly\"},{\"goals\":\"8\",\"odds\":\"2.50\",\"header\":\"Under\"},{\"goals\":\"10\",\"odds\":\"3.40\",\"header\":\"Over\"},{\"goals\":\"10\",\"odds\":\"8.00\",\"header\":\"Exactly\"},{\"goals\":\"10\",\"odds\":\"1.53\",\"header\":\"Under\"},{\"goals\":\"11\",\"odds\":\"5.00\",\"header\":\"Over\"},{\"goals\":\"11\",\"odds\":\"9.50\",\"header\":\"Exactly\"},{\"goals\":\"11\",\"odds\":\"1.30\",\"header\":\"Under\"},{\"goals\":\"12\",\"odds\":\"8.00\",\"header\":\"Over\"},{\"goals\":\"12\",\"odds\":\"12.00\",\"header\":\"Exactly\"},{\"goals\":\"12\",\"odds\":\"1.17\",\"header\":\"Under\"},{\"goals\":\"13\",\"odds\":\"12.00\",\"header\":\"Over\"},{\"goals\":\"13\",\"odds\":\"15.00\",\"header\":\"Exactly\"},{\"goals\":\"13\",\"odds\":\"1.07\",\"header\":\"Under\"},{\"goals\":\"14\",\"odds\":\"17.00\",\"header\":\"Over\"},{\"goals\":\"14\",\"odds\":\"19.00\",\"header\":\"Exactly\"},{\"goals\":\"14\",\"odds\":\"1.04\",\"header\":\"Under\"},{\"goals\":\"15\",\"odds\":\"23.00\",\"header\":\"Over\"},{\"goals\":\"15\",\"odds\":\"26.00\",\"header\":\"Exactly\"},{\"goals\":\"15\",\"odds\":\"1.02\",\"header\":\"Under\"},{\"goals\":\"16\",\"odds\":\"34.00\",\"header\":\"Over\"},{\"goals\":\"16\",\"odds\":\"34.00\",\"header\":\"Exactly\"},{\"goals\":\"16\",\"odds\":\"1.01\",\"header\":\"Under\"}],\"corners_2_way\":[{\"opp\":\"Over 8.5\",\"odds\":\"1.83\"},{\"opp\":\"Under 8.5\",\"odds\":\"1.83\"}],\"first_half_corners\":[{\"opp\":\"4\",\"odds\":\"2.30\",\"header\":\"Over\"},{\"opp\":\"4\",\"odds\":\"4.75\",\"header\":\"Exactly\"},{\"opp\":\"4\",\"odds\":\"2.30\",\"header\":\"Under\"}],\"asian_total_corners\":[{\"goals\":\"8.5\",\"odds\":\"1.900\",\"header\":\"Over\"},{\"goals\":\"8.5\",\"odds\":\"1.900\",\"header\":\"Under\"}],\"1st_half_asian_corners\":[{\"goals\":\"4.0\",\"odds\":\"1.900\",\"header\":\"Over\"},{\"goals\":\"4.0\",\"odds\":\"1.900\",\"header\":\"Under\"}]}},\"goals\":{\"updated_at\":\"1532570405\",\"sp\":{\"goals_over_under\":[{\"goals\":\"2.5\",\"odds\":\"1.36\",\"header\":\"Over\"},{\"goals\":\"2.5\",\"odds\":\"3.10\",\"header\":\"Under\"}],\"first_team_to_score\":[{\"opp\":\"Genoa\",\"odds\":\"1.12\"},{\"opp\":\"No Goals\",\"odds\":\"21.00\"},{\"opp\":\"Cuneo\",\"odds\":\"6.00\"}],\"home_team_highest_scoring_half\":[{\"opp\":\"Genoa - 1st Half\",\"odds\":\"2.88\"},{\"opp\":\"Genoa - 2nd Half\",\"odds\":\"2.00\"},{\"opp\":\"Genoa - Tie\",\"odds\":\"3.75\"}],\"away_team_highest_scoring_half\":[{\"opp\":\"Cuneo - 1st Half\",\"odds\":\"5.00\"},{\"opp\":\"Cuneo - 2nd Half\",\"odds\":\"4.00\"},{\"opp\":\"Cuneo - Tie\",\"odds\":\"1.50\"}],\"goals_odd_even\":[{\"opp\":\"Even\",\"odds\":\"1.90\"},{\"opp\":\"Odd\",\"odds\":\"1.95\"}],\"home_team_odd_even_goals\":[{\"opp\":\"Genoa - Even\",\"odds\":\"1.83\"},{\"opp\":\"Genoa - Odd\",\"odds\":\"1.83\"}],\"away_team_odd_even_goals\":[{\"opp\":\"Cuneo - Even\",\"odds\":\"1.40\"},{\"opp\":\"Cuneo - Odd\",\"odds\":\"2.75\"}],\"1st_half_goals_odd_even\":[{\"opp\":\"Odd\",\"odds\":\"2.00\"},{\"opp\":\"Even\",\"odds\":\"1.80\"}]}},\"half\":{\"updated_at\":\"1532570415\",\"sp\":{\"half_time_result\":[{\"opp\":\"1\",\"odds\":\"1.40\"},{\"opp\":\"X\",\"odds\":\"3.10\"},{\"opp\":\"2\",\"odds\":\"12.00\"}],\"half_time_double_chance\":[{\"opp\":\"1X\",\"odds\":\"1.05\"},{\"opp\":\"X2\",\"odds\":\"2.75\"},{\"opp\":\"12\",\"odds\":\"1.36\"}],\"half_time_correct_score\":[{\"opp\":\"1-0\",\"odds\":\"3.20\",\"header\":\"Home\"},{\"opp\":\"0-0\",\"odds\":\"4.33\",\"header\":\"X\"},{\"opp\":\"1-0\",\"odds\":\"15.00\",\"header\":\"Away\"},{\"opp\":\"2-0\",\"odds\":\"4.50\",\"header\":\"Home\"},{\"opp\":\"1-1\",\"odds\":\"12.00\",\"header\":\"X\"},{\"opp\":\"2-0\",\"odds\":\"67.00\",\"header\":\"Away\"},{\"opp\":\"2-1\",\"odds\":\"19.00\",\"header\":\"Home\"},{\"opp\":\"2-2\",\"odds\":\"81.00\",\"header\":\"X\"},{\"opp\":\"2-1\",\"odds\":\"51.00\",\"header\":\"Away\"},{\"opp\":\"3-0\",\"odds\":\"9.00\",\"header\":\"Home\"},{\"opp\":\"3-1\",\"odds\":\"34.00\",\"header\":\"Home\"},{\"opp\":\"3-2\",\"odds\":\"151.00\",\"header\":\"Home\"},{\"opp\":\"4-0\",\"odds\":\"23.00\",\"header\":\"Home\"},{\"opp\":\"4-1\",\"odds\":\"67.00\",\"header\":\"Home\"},{\"opp\":\"5-0\",\"odds\":\"51.00\",\"header\":\"Home\"},{\"opp\":\"5-1\",\"odds\":\"151.00\",\"header\":\"Home\"},{\"opp\":\"6-0\",\"odds\":\"151.00\",\"header\":\"Home\"}],\"first_half_corners\":[{\"opp\":\"4\",\"odds\":\"2.30\",\"header\":\"Over\"},{\"opp\":\"4\",\"odds\":\"4.75\",\"header\":\"Exactly\"},{\"opp\":\"4\",\"odds\":\"2.30\",\"header\":\"Under\"}],\"1st_half_asian_corners\":[{\"goals\":\"4.0\",\"odds\":\"1.900\",\"header\":\"Over\"},{\"goals\":\"4.0\",\"odds\":\"1.900\",\"header\":\"Under\"}],\"1st_half_goals_odd_even\":[{\"opp\":\"Odd\",\"odds\":\"2.00\"},{\"opp\":\"Even\",\"odds\":\"1.80\"}],\"home_team_highest_scoring_half\":[{\"opp\":\"Genoa - 1st Half\",\"odds\":\"2.88\"},{\"opp\":\"Genoa - 2nd Half\",\"odds\":\"2.00\"},{\"opp\":\"Genoa - Tie\",\"odds\":\"3.75\"}],\"away_team_highest_scoring_half\":[{\"opp\":\"Cuneo - 1st Half\",\"odds\":\"5.00\"},{\"opp\":\"Cuneo - 2nd Half\",\"odds\":\"4.00\"},{\"opp\":\"Cuneo - Tie\",\"odds\":\"1.50\"}],\"2nd_half_goals_odd_even\":[{\"opp\":\"Even\",\"odds\":\"1.83\"},{\"opp\":\"Odd\",\"odds\":\"1.83\"}]}},\"main\":{\"updated_at\":\"1532570042\",\"sp\":{\"full_time_result\":[{\"opp\":\"1\",\"odds\":\"1.10\"},{\"opp\":\"X\",\"odds\":\"8.00\"},{\"opp\":\"2\",\"odds\":\"17.00\"}],\"double_chance\":[{\"opp\":\"1X\",\"odds\":\"1.00\"},{\"opp\":\"X2\",\"odds\":\"6.50\"},{\"opp\":\"12\",\"odds\":\"1.06\"}],\"correct_score\":[{\"opp\":\"1-0\",\"odds\":\"10.00\",\"header\":\"Home\"},{\"opp\":\"0-0\",\"odds\":\"21.00\",\"header\":\"X\"},{\"opp\":\"1-0\",\"odds\":\"41.00\",\"header\":\"Away\"},{\"opp\":\"2-0\",\"odds\":\"6.50\",\"header\":\"Home\"},{\"opp\":\"1-1\",\"odds\":\"17.00\",\"header\":\"X\"},{\"opp\":\"2-0\",\"odds\":\"101.00\",\"header\":\"Away\"},{\"opp\":\"2-1\",\"odds\":\"12.00\",\"header\":\"Home\"},{\"opp\":\"2-2\",\"odds\":\"34.00\",\"header\":\"X\"},{\"opp\":\"2-1\",\"odds\":\"41.00\",\"header\":\"Away\"},{\"opp\":\"3-0\",\"odds\":\"6.50\",\"header\":\"Home\"},{\"opp\":\"3-3\",\"odds\":\"101.00\",\"header\":\"X\"},{\"opp\":\"3-1\",\"odds\":\"151.00\",\"header\":\"Away\"},{\"opp\":\"3-1\",\"odds\":\"12.00\",\"header\":\"Home\"},{\"opp\":\"3-2\",\"odds\":\"101.00\",\"header\":\"Away\"},{\"opp\":\"3-2\",\"odds\":\"34.00\",\"header\":\"Home\"},{\"opp\":\"4-0\",\"odds\":\"8.00\",\"header\":\"Home\"},{\"opp\":\"4-1\",\"odds\":\"15.00\",\"header\":\"Home\"},{\"opp\":\"4-2\",\"odds\":\"41.00\",\"header\":\"Home\"},{\"opp\":\"4-3\",\"odds\":\"126.00\",\"header\":\"Home\"},{\"opp\":\"5-0\",\"odds\":\"12.00\",\"header\":\"Home\"},{\"opp\":\"5-1\",\"odds\":\"23.00\",\"header\":\"Home\"},{\"opp\":\"5-2\",\"odds\":\"51.00\",\"header\":\"Home\"},{\"opp\":\"6-0\",\"odds\":\"21.00\",\"header\":\"Home\"},{\"opp\":\"6-1\",\"odds\":\"41.00\",\"header\":\"Home\"},{\"opp\":\"6-2\",\"odds\":\"81.00\",\"header\":\"Home\"},{\"opp\":\"7-0\",\"odds\":\"41.00\",\"header\":\"Home\"},{\"opp\":\"7-1\",\"odds\":\"51.00\",\"header\":\"Home\"},{\"opp\":\"7-2\",\"odds\":\"151.00\",\"header\":\"Home\"},{\"opp\":\"8-0\",\"odds\":\"67.00\",\"header\":\"Home\"},{\"opp\":\"8-1\",\"odds\":\"126.00\",\"header\":\"Home\"},{\"opp\":\"9-0\",\"odds\":\"151.00\",\"header\":\"Home\"}],\"half_time_full_time\":[{\"opp\":\"Genoa - Genoa\",\"odds\":\"1.50\"},{\"opp\":\"Genoa - Draw\",\"odds\":\"23.00\"},{\"opp\":\"Genoa - Cuneo\",\"odds\":\"67.00\"},{\"opp\":\"Draw - Genoa\",\"odds\":\"4.00\"},{\"opp\":\"Draw - Draw\",\"odds\":\"12.00\"},{\"opp\":\"Draw - Cuneo\",\"odds\":\"29.00\"},{\"opp\":\"Cuneo - Genoa\",\"odds\":\"21.00\"},{\"opp\":\"Cuneo - Draw\",\"odds\":\"34.00\"},{\"opp\":\"Cuneo - Cuneo\",\"odds\":\"29.00\"}],\"goals_over_under\":[{\"goals\":\"2.5\",\"odds\":\"1.36\",\"header\":\"Over\"},{\"goals\":\"2.5\",\"odds\":\"3.10\",\"header\":\"Under\"}],\"draw_no_bet\":[{\"opp\":\"Genoa\",\"odds\":\"1.02\"},{\"opp\":\"Cuneo\",\"odds\":\"10.50\"}]}},\"schedule\":{\"updated_at\":\"1532570436\",\"sp\":{\"main\":[{\"odds\":\"1.10\"},{\"odds\":\"8.00\"},{\"odds\":\"17.00\"}]}}}]}"}