{"odd":"{\"success\":1,\"results\":[{\"FI\":\"75097217\",\"event_id\":\"639231\",\"asian_lines\":{\"updated_at\":\"1532570506\",\"sp\":{\"asian_handicap\":[{\"opp\":\"-0.5\",\"odds\":\"1.875\",\"header\":\"Home\"},{\"opp\":\"+0.5\",\"odds\":\"1.975\",\"header\":\"Away\"}],\"goal_line\":[{\"goals\":\"2.0, 2.5\",\"odds\":\"2.050\",\"header\":\"Over\"},{\"goals\":\"2.0, 2.5\",\"odds\":\"1.800\",\"header\":\"Under\"}],\"alternative_asian_handicap\":[{\"opp\":\"-2.0\",\"odds\":\"7.000\",\"header\":\"Home\"},{\"opp\":\"+2.0\",\"odds\":\"1.100\",\"header\":\"Away\"},{\"opp\":\"-1.5, -2.0\",\"odds\":\"4.500\",\"header\":\"Home\"},{\"opp\":\"+1.5, +2.0\",\"odds\":\"1.190\",\"header\":\"Away\"},{\"opp\":\"-1.5\",\"odds\":\"3.450\",\"header\":\"Home\"},{\"opp\":\"+1.5\",\"odds\":\"1.300\",\"header\":\"Away\"},{\"opp\":\"-1.0, -1.5\",\"odds\":\"3.100\",\"header\":\"Home\"},{\"opp\":\"+1.0, +1.5\",\"odds\":\"1.350\",\"header\":\"Away\"},{\"opp\":\"-1.0\",\"odds\":\"2.675\",\"header\":\"Home\"},{\"opp\":\"+1.0\",\"odds\":\"1.450\",\"header\":\"Away\"},{\"opp\":\"-0.5, -1.0\",\"odds\":\"2.100\",\"header\":\"Home\"},{\"opp\":\"+0.5, +1.0\",\"odds\":\"1.700\",\"header\":\"Away\"},{\"opp\":\"0.0, -0.5\",\"odds\":\"1.625\",\"header\":\"Home\"},{\"opp\":\"0.0, +0.5\",\"odds\":\"2.250\",\"header\":\"Away\"},{\"opp\":\"0.0\",\"odds\":\"1.375\",\"header\":\"Home\"},{\"opp\":\"0.0\",\"odds\":\"3.000\",\"header\":\"Away\"},{\"opp\":\"0.0, +0.5\",\"odds\":\"1.300\",\"header\":\"Home\"},{\"opp\":\"0.0, -0.5\",\"odds\":\"3.450\",\"header\":\"Away\"},{\"opp\":\"+0.5\",\"odds\":\"1.240\",\"header\":\"Home\"},{\"opp\":\"-0.5\",\"odds\":\"3.900\",\"header\":\"Away\"},{\"opp\":\"+0.5, +1.0\",\"odds\":\"1.150\",\"header\":\"Home\"},{\"opp\":\"-0.5, -1.0\",\"odds\":\"5.500\",\"header\":\"Away\"}],\"alternative_goal_line\":[{\"goals\":\"0.5, 1.0\",\"odds\":\"1.100\",\"header\":\"Over\"},{\"goals\":\"0.5, 1.0\",\"odds\":\"7.000\",\"header\":\"Under\"},{\"goals\":\"1.0\",\"odds\":\"1.120\",\"header\":\"Over\"},{\"goals\":\"1.0\",\"odds\":\"6.250\",\"header\":\"Under\"},{\"goals\":\"1.0, 1.5\",\"odds\":\"1.275\",\"header\":\"Over\"},{\"goals\":\"1.0, 1.5\",\"odds\":\"3.550\",\"header\":\"Under\"},{\"goals\":\"1.5\",\"odds\":\"1.425\",\"header\":\"Over\"},{\"goals\":\"1.5\",\"odds\":\"2.750\",\"header\":\"Under\"},{\"goals\":\"1.5, 2.0\",\"odds\":\"1.550\",\"header\":\"Over\"},{\"goals\":\"1.5, 2.0\",\"odds\":\"2.375\",\"header\":\"Under\"},{\"goals\":\"2.0\",\"odds\":\"1.725\",\"header\":\"Over\"},{\"goals\":\"2.0\",\"odds\":\"2.075\",\"header\":\"Under\"},{\"goals\":\"2.5\",\"odds\":\"2.300\",\"header\":\"Over\"},{\"goals\":\"2.5\",\"odds\":\"1.600\",\"header\":\"Under\"},{\"goals\":\"2.5, 3.0\",\"odds\":\"2.675\",\"header\":\"Over\"},{\"goals\":\"2.5, 3.0\",\"odds\":\"1.450\",\"header\":\"Under\"},{\"goals\":\"3.0\",\"odds\":\"3.550\",\"header\":\"Over\"},{\"goals\":\"3.0\",\"odds\":\"1.275\",\"header\":\"Under\"},{\"goals\":\"3.0, 3.5\",\"odds\":\"3.900\",\"header\":\"Over\"},{\"goals\":\"3.0, 3.5\",\"odds\":\"1.240\",\"header\":\"Under\"},{\"goals\":\"3.5\",\"odds\":\"4.250\",\"header\":\"Over\"},{\"goals\":\"3.5\",\"odds\":\"1.210\",\"header\":\"Under\"},{\"goals\":\"3.5, 4.0\",\"odds\":\"5.750\",\"header\":\"Over\"},{\"goals\":\"3.5, 4.0\",\"odds\":\"1.140\",\"header\":\"Under\"}],\"1st_half_asian_handicap\":[{\"opp\":\"0.0, -0.5\",\"odds\":\"2.050\",\"header\":\"Home\"},{\"opp\":\"0.0, +0.5\",\"odds\":\"1.750\",\"header\":\"Away\"}],\"1st_half_goal_line\":[{\"goals\":\"0.5, 1.0\",\"odds\":\"1.725\",\"header\":\"Over\"},{\"goals\":\"0.5, 1.0\",\"odds\":\"2.075\",\"header\":\"Under\"}],\"alternative_1st_half_asian_handicap\":[{\"opp\":\"-1.0\",\"odds\":\"6.400\",\"header\":\"Home\"},{\"opp\":\"+1.0\",\"odds\":\"1.115\",\"header\":\"Away\"},{\"opp\":\"-0.5, -1.0\",\"odds\":\"3.450\",\"header\":\"Home\"},{\"opp\":\"+0.5, +1.0\",\"odds\":\"1.300\",\"header\":\"Away\"},{\"opp\":\"-0.5\",\"odds\":\"2.600\",\"header\":\"Home\"},{\"opp\":\"+0.5\",\"odds\":\"1.475\",\"header\":\"Away\"},{\"opp\":\"0.0\",\"odds\":\"1.450\",\"header\":\"Home\"},{\"opp\":\"0.0\",\"odds\":\"2.675\",\"header\":\"Away\"},{\"opp\":\"0.0, +0.5\",\"odds\":\"1.260\",\"header\":\"Home\"},{\"opp\":\"0.0, -0.5\",\"odds\":\"3.700\",\"header\":\"Away\"},{\"opp\":\"+0.5\",\"odds\":\"1.180\",\"header\":\"Home\"},{\"opp\":\"-0.5\",\"odds\":\"4.650\",\"header\":\"Away\"},{\"opp\":\"+0.5, +1.0\",\"odds\":\"1.100\",\"header\":\"Home\"},{\"opp\":\"-0.5, -1.0\",\"odds\":\"7.000\",\"header\":\"Away\"}],\"alternative_1st_half_goal_line\":[{\"goals\":\"1.0\",\"odds\":\"2.250\",\"header\":\"Over\"},{\"goals\":\"1.0\",\"odds\":\"1.625\",\"header\":\"Under\"},{\"goals\":\"1.0, 1.5\",\"odds\":\"2.850\",\"header\":\"Over\"},{\"goals\":\"1.0, 1.5\",\"odds\":\"1.400\",\"header\":\"Under\"},{\"goals\":\"1.5\",\"odds\":\"3.450\",\"header\":\"Over\"},{\"goals\":\"1.5\",\"odds\":\"1.300\",\"header\":\"Under\"},{\"goals\":\"1.5, 2.0\",\"odds\":\"4.500\",\"header\":\"Over\"},{\"goals\":\"1.5, 2.0\",\"odds\":\"1.190\",\"header\":\"Under\"}],\"asian_total_corners\":[{\"goals\":\"10.5\",\"odds\":\"2.000\",\"header\":\"Over\"},{\"goals\":\"10.5\",\"odds\":\"1.800\",\"header\":\"Under\"}],\"1st_half_asian_corners\":[{\"goals\":\"5.0\",\"odds\":\"2.025\",\"header\":\"Over\"},{\"goals\":\"5.0\",\"odds\":\"1.775\",\"header\":\"Under\"}]}},\"corners\":{\"updated_at\":\"1532570520\",\"sp\":{\"corners\":[{\"opp\":\"Over 10\",\"odds\":\"1.91\"},{\"opp\":\"Exactly 10\",\"odds\":\"7.50\"},{\"opp\":\"Under 10\",\"odds\":\"2.25\"}],\"total_corners\":[{\"opp\":\"Under 6\",\"odds\":\"13.00\"},{\"opp\":\"6 - 8\",\"odds\":\"3.75\"},{\"opp\":\"9 - 11\",\"odds\":\"2.62\"},{\"opp\":\"12 - 14\",\"odds\":\"3.75\"},{\"opp\":\"Over 14\",\"odds\":\"7.00\"}],\"alternative_corners\":[{\"goals\":\"4\",\"odds\":\"1.02\",\"header\":\"Over\"},{\"goals\":\"4\",\"odds\":\"26.00\",\"header\":\"Exactly\"},{\"goals\":\"4\",\"odds\":\"34.00\",\"header\":\"Under\"},{\"goals\":\"5\",\"odds\":\"1.04\",\"header\":\"Over\"},{\"goals\":\"5\",\"odds\":\"17.00\",\"header\":\"Exactly\"},{\"goals\":\"5\",\"odds\":\"21.00\",\"header\":\"Under\"},{\"goals\":\"6\",\"odds\":\"1.08\",\"header\":\"Over\"},{\"goals\":\"6\",\"odds\":\"13.00\",\"header\":\"Exactly\"},{\"goals\":\"6\",\"odds\":\"12.00\",\"header\":\"Under\"},{\"goals\":\"7\",\"odds\":\"1.20\",\"header\":\"Over\"},{\"goals\":\"7\",\"odds\":\"10.00\",\"header\":\"Exactly\"},{\"goals\":\"7\",\"odds\":\"7.00\",\"header\":\"Under\"},{\"goals\":\"8\",\"odds\":\"1.36\",\"header\":\"Over\"},{\"goals\":\"8\",\"odds\":\"8.50\",\"header\":\"Exactly\"},{\"goals\":\"8\",\"odds\":\"4.50\",\"header\":\"Under\"},{\"goals\":\"9\",\"odds\":\"1.62\",\"header\":\"Over\"},{\"goals\":\"9\",\"odds\":\"8.00\",\"header\":\"Exactly\"},{\"goals\":\"9\",\"odds\":\"3.00\",\"header\":\"Under\"},{\"goals\":\"11\",\"odds\":\"2.60\",\"header\":\"Over\"},{\"goals\":\"11\",\"odds\":\"8.00\",\"header\":\"Exactly\"},{\"goals\":\"11\",\"odds\":\"1.80\",\"header\":\"Under\"},{\"goals\":\"12\",\"odds\":\"3.40\",\"header\":\"Over\"},{\"goals\":\"12\",\"odds\":\"9.00\",\"header\":\"Exactly\"},{\"goals\":\"12\",\"odds\":\"1.50\",\"header\":\"Under\"},{\"goals\":\"13\",\"odds\":\"4.75\",\"header\":\"Over\"},{\"goals\":\"13\",\"odds\":\"10.00\",\"header\":\"Exactly\"},{\"goals\":\"13\",\"odds\":\"1.29\",\"header\":\"Under\"},{\"goals\":\"14\",\"odds\":\"7.00\",\"header\":\"Over\"},{\"goals\":\"14\",\"odds\":\"13.00\",\"header\":\"Exactly\"},{\"goals\":\"14\",\"odds\":\"1.17\",\"header\":\"Under\"},{\"goals\":\"15\",\"odds\":\"10.00\",\"header\":\"Over\"},{\"goals\":\"15\",\"odds\":\"15.00\",\"header\":\"Exactly\"},{\"goals\":\"15\",\"odds\":\"1.09\",\"header\":\"Under\"},{\"goals\":\"16\",\"odds\":\"15.00\",\"header\":\"Over\"},{\"goals\":\"16\",\"odds\":\"19.00\",\"header\":\"Exactly\"},{\"goals\":\"16\",\"odds\":\"1.05\",\"header\":\"Under\"},{\"goals\":\"17\",\"odds\":\"19.00\",\"header\":\"Over\"},{\"goals\":\"17\",\"odds\":\"23.00\",\"header\":\"Exactly\"},{\"goals\":\"17\",\"odds\":\"1.03\",\"header\":\"Under\"},{\"goals\":\"18\",\"odds\":\"26.00\",\"header\":\"Over\"},{\"goals\":\"18\",\"odds\":\"29.00\",\"header\":\"Exactly\"},{\"goals\":\"18\",\"odds\":\"1.02\",\"header\":\"Under\"},{\"goals\":\"19\",\"odds\":\"41.00\",\"header\":\"Over\"},{\"goals\":\"19\",\"odds\":\"41.00\",\"header\":\"Exactly\"},{\"goals\":\"19\",\"odds\":\"1.01\",\"header\":\"Under\"}],\"corners_2_way\":[{\"opp\":\"Over 10.5\",\"odds\":\"1.91\"},{\"opp\":\"Under 10.5\",\"odds\":\"1.80\"}],\"first_half_corners\":[{\"opp\":\"5\",\"odds\":\"2.40\",\"header\":\"Over\"},{\"opp\":\"5\",\"odds\":\"5.50\",\"header\":\"Exactly\"},{\"opp\":\"5\",\"odds\":\"2.10\",\"header\":\"Under\"}],\"asian_total_corners\":[{\"goals\":\"10.5\",\"odds\":\"2.000\",\"header\":\"Over\"},{\"goals\":\"10.5\",\"odds\":\"1.800\",\"header\":\"Under\"}],\"1st_half_asian_corners\":[{\"goals\":\"5.0\",\"odds\":\"2.025\",\"header\":\"Over\"},{\"goals\":\"5.0\",\"odds\":\"1.775\",\"header\":\"Under\"}]}},\"goals\":{\"updated_at\":\"1532570303\",\"sp\":{\"goals_over_under\":[{\"goals\":\"2.5\",\"odds\":\"2.30\",\"header\":\"Over\"},{\"goals\":\"2.5\",\"odds\":\"1.60\",\"header\":\"Under\"}],\"alternative_total_goals\":[{\"goals\":\"0.5\",\"odds\":\"1.08\",\"header\":\"Over \"},{\"goals\":\"0.5\",\"odds\":\"8.00\",\"header\":\"Under\"},{\"goals\":\"1.5\",\"odds\":\"1.40\",\"header\":\"Over \"},{\"goals\":\"1.5\",\"odds\":\"2.75\",\"header\":\"Under\"},{\"goals\":\"3.5\",\"odds\":\"4.33\",\"header\":\"Over \"},{\"goals\":\"3.5\",\"odds\":\"1.20\",\"header\":\"Under\"},{\"goals\":\"4.5\",\"odds\":\"10.00\",\"header\":\"Over \"},{\"goals\":\"4.5\",\"odds\":\"1.06\",\"header\":\"Under\"},{\"goals\":\"5.5\",\"odds\":\"21.00\",\"header\":\"Over \"},{\"goals\":\"5.5\",\"odds\":\"1.02\",\"header\":\"Under\"}],\"result_total_goals\":[{\"opp\":\"Botafogo & Over 2.5\",\"odds\":\"3.40\"},{\"opp\":\"Botafogo & Under 2.5\",\"odds\":\"3.60\"},{\"opp\":\"Draw & Over 2.5\",\"odds\":\"19.00\"},{\"opp\":\"Draw & Under  2.5\",\"odds\":\"4.00\"},{\"opp\":\"Chapecoense & Over 2.5\",\"odds\":\"8.50\"},{\"opp\":\"Chapecoense & Under 2.5\",\"odds\":\"7.00\"}],\"total_goals_both_teams_to_score\":[{\"opp\":\"Over 2.5 & Yes\",\"odds\":\"2.75\"},{\"opp\":\"Over 2.5 & No\",\"odds\":\"9.50\"},{\"opp\":\"Under 2.5 & Yes\",\"odds\":\"6.50\"},{\"opp\":\"Under 2.5 & No\",\"odds\":\"1.95\"}],\"exact_total_goals\":[{\"opp\":\"0 Goals\",\"odds\":\"8.00\"},{\"opp\":\"1 Goal\",\"odds\":\"4.00\"},{\"opp\":\"2 Goals\",\"odds\":\"3.40\"},{\"opp\":\"3 Goals\",\"odds\":\"4.33\"},{\"opp\":\"4 Goals\",\"odds\":\"7.00\"},{\"opp\":\"5 Goals\",\"odds\":\"15.00\"},{\"opp\":\"6 Goals\",\"odds\":\"34.00\"},{\"opp\":\"7+ Goals\",\"odds\":\"51.00\"}],\"number_of_goals_in_match\":[{\"opp\":\"Under 2 goals\",\"odds\":\"2.75\"},{\"opp\":\"2 or 3 goals\",\"odds\":\"1.95\"},{\"opp\":\"Over 3 goals\",\"odds\":\"4.33\"}],\"both_teams_to_score\":[{\"opp\":\"Yes\",\"odds\":\"2.05\"},{\"opp\":\"No\",\"odds\":\"1.70\"}],\"teams_to_score\":[{\"opp\":\"Both Teams\",\"odds\":\"2.05\"},{\"opp\":\"Botafogo Only\",\"odds\":\"2.75\"},{\"opp\":\"No Goal\",\"odds\":\"8.00\"},{\"opp\":\"Chapecoense Only\",\"odds\":\"6.00\"}],\"both_teams_to_score_in_1st_half\":[{\"opp\":\"Yes\",\"odds\":\"6.00\"},{\"opp\":\"No\",\"odds\":\"1.12\"}],\"both_teams_to_score_in_2nd_half\":[{\"opp\":\"Yes\",\"odds\":\"4.00\"},{\"opp\":\"No\",\"odds\":\"1.22\"}],\"both_teams_to_score_1st_half_2nd_half\":[{\"opp\":\"Yes \\\/ Yes\",\"odds\":\"23.00\"},{\"opp\":\"Yes \\\/ No\",\"odds\":\"7.00\"},{\"opp\":\"No \\\/ Yes\",\"odds\":\"4.33\"},{\"opp\":\"No \\\/ No\",\"odds\":\"1.40\"}],\"first_half_goals\":[{\"goals\":\"0.5\",\"odds\":\"1.50\",\"header\":\"Over\"},{\"goals\":\"0.5\",\"odds\":\"2.50\",\"header\":\"Under\"},{\"goals\":\"1.5\",\"odds\":\"3.50\",\"header\":\"Over\"},{\"goals\":\"1.5\",\"odds\":\"1.29\",\"header\":\"Under\"},{\"goals\":\"2.5\",\"odds\":\"10.00\",\"header\":\"Over\"},{\"goals\":\"2.5\",\"odds\":\"1.06\",\"header\":\"Under\"}],\"exact_1st_half_goals\":[{\"opp\":\"0 Goals\",\"odds\":\"2.50\"},{\"opp\":\"1 Goal\",\"odds\":\"2.50\"},{\"opp\":\"2 Goals\",\"odds\":\"4.75\"},{\"opp\":\"3 Goals\",\"odds\":\"13.00\"},{\"opp\":\"4 Goals\",\"odds\":\"41.00\"},{\"opp\":\"5+ Goals\",\"odds\":\"101.00\"}],\"total_goal_minutes\":[{\"opp\":\"Over 125 minutes\",\"odds\":\"2.20\"},{\"opp\":\"105 To 125 minutes inc.\",\"odds\":\"8.50\"},{\"opp\":\"Under 105 minutes\",\"odds\":\"1.83\"}],\"first_team_to_score\":[{\"opp\":\"Botafogo\",\"odds\":\"1.57\"},{\"opp\":\"No Goals\",\"odds\":\"8.00\"},{\"opp\":\"Chapecoense\",\"odds\":\"2.88\"}],\"early_goal\":[{\"opp\":\"Goal before 33:00\",\"odds\":\"1.83\"},{\"opp\":\"No Goal before 33:00\",\"odds\":\"1.83\"}],\"late_goal\":[{\"opp\":\"Goal after 69:59\",\"odds\":\"1.83\"},{\"opp\":\"No Goal after 69:59\",\"odds\":\"1.83\"}],\"time_of_first_goal_brackets\":[{\"opp\":\"1-10\",\"odds\":\"5.00\"},{\"opp\":\"11-20\",\"odds\":\"5.50\"},{\"opp\":\"21-30\",\"odds\":\"6.50\"},{\"opp\":\"31-40\",\"odds\":\"7.50\"},{\"opp\":\"41-50\",\"odds\":\"8.00\"},{\"opp\":\"51-60\",\"odds\":\"12.00\"},{\"opp\":\"61-70\",\"odds\":\"15.00\"},{\"opp\":\"71-80\",\"odds\":\"17.00\"},{\"opp\":\"81 - Full Time\",\"odds\":\"17.00\"},{\"opp\":\"No Goal\",\"odds\":\"8.00\"}],\"2nd_half_goals\":[{\"goals\":\"0.5\",\"odds\":\"1.30\",\"header\":\"Over\"},{\"goals\":\"0.5\",\"odds\":\"3.40\",\"header\":\"Under\"},{\"goals\":\"1.5\",\"odds\":\"2.38\",\"header\":\"Over\"},{\"goals\":\"1.5\",\"odds\":\"1.53\",\"header\":\"Under\"},{\"goals\":\"2.5\",\"odds\":\"6.00\",\"header\":\"Over\"},{\"goals\":\"2.5\",\"odds\":\"1.12\",\"header\":\"Under\"},{\"goals\":\"3.5\",\"odds\":\"17.00\",\"header\":\"Over\"},{\"goals\":\"3.5\",\"odds\":\"1.02\",\"header\":\"Under\"}],\"exact_2nd_half_goals\":[{\"opp\":\"0 Goals\",\"odds\":\"3.40\"},{\"opp\":\"1 Goal\",\"odds\":\"2.60\"},{\"opp\":\"2 Goals\",\"odds\":\"3.75\"},{\"opp\":\"3 Goals\",\"odds\":\"8.00\"},{\"opp\":\"4 Goals\",\"odds\":\"23.00\"},{\"opp\":\"5+ Goals\",\"odds\":\"41.00\"}],\"half_with_most_goals\":[{\"opp\":\"1st Half\",\"odds\":\"3.20\"},{\"opp\":\"2nd Half\",\"odds\":\"2.10\"},{\"opp\":\"Tie\",\"odds\":\"3.25\"}],\"home_team_highest_scoring_half\":[{\"opp\":\"Botafogo - 1st Half\",\"odds\":\"3.50\"},{\"opp\":\"Botafogo - 2nd Half\",\"odds\":\"2.40\"},{\"opp\":\"Botafogo - Tie\",\"odds\":\"2.40\"}],\"away_team_highest_scoring_half\":[{\"opp\":\"Chapecoense - 1st Half\",\"odds\":\"4.33\"},{\"opp\":\"Chapecoense - 2nd Half\",\"odds\":\"3.00\"},{\"opp\":\"Chapecoense - Tie\",\"odds\":\"1.83\"}],\"home_team_exact_goals\":[{\"opp\":\"Botafogo - 0 Goals\",\"odds\":\"3.75\"},{\"opp\":\"Botafogo - 1 Goal\",\"odds\":\"2.62\"},{\"opp\":\"Botafogo - 2 Goals\",\"odds\":\"3.60\"},{\"opp\":\"Botafogo - 3+ Goals\",\"odds\":\"5.00\"}],\"away_team_exact_goals\":[{\"opp\":\"Chapecoense - 0 Goals\",\"odds\":\"2.20\"},{\"opp\":\"Chapecoense - 1 Goal\",\"odds\":\"2.50\"},{\"opp\":\"Chapecoense - 2 Goals\",\"odds\":\"5.50\"},{\"opp\":\"Chapecoense - 3+ Goals\",\"odds\":\"13.00\"}],\"time_of_1st_team_goal\":[{\"opp\":\"Botafogo - Goal before 50:00\",\"odds\":\"1.83\"},{\"opp\":\"Botafogo - No Goal before 50:00\",\"odds\":\"1.83\"},{\"opp\":\"Chapecoense - Goal before 79:00\",\"odds\":\"1.83\"},{\"opp\":\"Chapecoense - No Goal before 79:00\",\"odds\":\"1.83\"}],\"goals_odd_even\":[{\"opp\":\"Even\",\"odds\":\"1.90\"},{\"opp\":\"Odd\",\"odds\":\"1.95\"}],\"home_team_odd_even_goals\":[{\"opp\":\"Botafogo - Even\",\"odds\":\"1.80\"},{\"opp\":\"Botafogo - Odd\",\"odds\":\"1.91\"}],\"away_team_odd_even_goals\":[{\"opp\":\"Chapecoense - Even\",\"odds\":\"1.62\"},{\"opp\":\"Chapecoense - Odd\",\"odds\":\"2.20\"}],\"1st_half_goals_odd_even\":[{\"opp\":\"Odd\",\"odds\":\"2.20\"},{\"opp\":\"Even\",\"odds\":\"1.67\"}],\"last_team_to_score\":[{\"opp\":\"Botafogo\",\"odds\":\"1.57\"},{\"opp\":\"No Goal\",\"odds\":\"8.00\"},{\"opp\":\"Chapecoense\",\"odds\":\"2.88\"}],\"first_10_minutes_(00:00_09:59)\":[{\"name\":\"Goals\",\"handicap\":\"0.5\",\"odds\":\"5.00\",\"header\":\"Over\"},{\"name\":\"Goals\",\"handicap\":\"0.5\",\"odds\":\"1.17\",\"header\":\"Under\"}]}},\"half\":{\"updated_at\":\"1532570313\",\"sp\":{\"half_time_result\":[{\"opp\":\"1\",\"odds\":\"2.60\"},{\"opp\":\"X\",\"odds\":\"2.05\"},{\"opp\":\"2\",\"odds\":\"4.75\"}],\"half_time_double_chance\":[{\"opp\":\"1X\",\"odds\":\"1.17\"},{\"opp\":\"X2\",\"odds\":\"1.50\"},{\"opp\":\"12\",\"odds\":\"1.73\"}],\"half_time_result_both_teams_to_score\":[{\"opp\":\"Botafogo & Yes\",\"odds\":\"21.00\"},{\"opp\":\"Botafogo & No\",\"odds\":\"2.75\"},{\"opp\":\"Draw & Yes\",\"odds\":\"9.00\"},{\"opp\":\"Draw & No\",\"odds\":\"2.50\"},{\"opp\":\"Chapecoense & Yes\",\"odds\":\"34.00\"},{\"opp\":\"Chapecoense & No\",\"odds\":\"5.00\"}],\"half_time_result_total_goals\":[{\"opp\":\"Botafogo & Over 1.5\",\"odds\":\"7.00\"},{\"opp\":\"Botafogo & Under 1.5\",\"odds\":\"3.60\"},{\"opp\":\"Draw & Over 1.5\",\"odds\":\"9.00\"},{\"opp\":\"Draw & Under 1.5\",\"odds\":\"2.50\"},{\"opp\":\"Chapecoense & Over 1.5\",\"odds\":\"17.00\"},{\"opp\":\"Chapecoense & Under 1.5\",\"odds\":\"6.00\"}],\"half_time_correct_score\":[{\"opp\":\"1-0\",\"odds\":\"3.60\",\"header\":\"Home\"},{\"opp\":\"0-0\",\"odds\":\"2.50\",\"header\":\"X\"},{\"opp\":\"1-0\",\"odds\":\"6.00\",\"header\":\"Away\"},{\"opp\":\"2-0\",\"odds\":\"11.00\",\"header\":\"Home\"},{\"opp\":\"1-1\",\"odds\":\"9.00\",\"header\":\"X\"},{\"opp\":\"2-0\",\"odds\":\"26.00\",\"header\":\"Away\"},{\"opp\":\"2-1\",\"odds\":\"26.00\",\"header\":\"Home\"},{\"opp\":\"2-2\",\"odds\":\"81.00\",\"header\":\"X\"},{\"opp\":\"2-1\",\"odds\":\"41.00\",\"header\":\"Away\"},{\"opp\":\"3-0\",\"odds\":\"41.00\",\"header\":\"Home\"},{\"opp\":\"3-0\",\"odds\":\"101.00\",\"header\":\"Away\"},{\"opp\":\"3-1\",\"odds\":\"67.00\",\"header\":\"Home\"},{\"opp\":\"3-1\",\"odds\":\"151.00\",\"header\":\"Away\"},{\"opp\":\"3-2\",\"odds\":\"301.00\",\"header\":\"Home\"},{\"opp\":\"3-2\",\"odds\":\"451.00\",\"header\":\"Away\"},{\"opp\":\"4-0\",\"odds\":\"126.00\",\"header\":\"Home\"},{\"opp\":\"4-1\",\"odds\":\"351.00\",\"header\":\"Home\"}],\"both_teams_to_score_in_1st_half\":[{\"opp\":\"Yes\",\"odds\":\"6.00\"},{\"opp\":\"No\",\"odds\":\"1.12\"}],\"both_teams_to_score_in_2nd_half\":[{\"opp\":\"Yes\",\"odds\":\"4.00\"},{\"opp\":\"No\",\"odds\":\"1.22\"}],\"both_teams_to_score_1st_half_2nd_half\":[{\"opp\":\"Yes \\\/ Yes\",\"odds\":\"23.00\"},{\"opp\":\"Yes \\\/ No\",\"odds\":\"7.00\"},{\"opp\":\"No \\\/ Yes\",\"odds\":\"4.33\"},{\"opp\":\"No \\\/ No\",\"odds\":\"1.40\"}],\"1st_half_asian_handicap\":[{\"opp\":\"0.0, -0.5\",\"odds\":\"2.050\",\"header\":\"Home\"},{\"opp\":\"0.0, +0.5\",\"odds\":\"1.750\",\"header\":\"Away\"}],\"1st_half_goal_line\":[{\"goals\":\"0.5, 1.0\",\"odds\":\"1.725\",\"header\":\"Over\"},{\"goals\":\"0.5, 1.0\",\"odds\":\"2.075\",\"header\":\"Under\"}],\"alternative_1st_half_asian_handicap\":[{\"opp\":\"-1.0\",\"odds\":\"6.400\",\"header\":\"Home\"},{\"opp\":\"+1.0\",\"odds\":\"1.115\",\"header\":\"Away\"},{\"opp\":\"-0.5, -1.0\",\"odds\":\"3.450\",\"header\":\"Home\"},{\"opp\":\"+0.5, +1.0\",\"odds\":\"1.300\",\"header\":\"Away\"},{\"opp\":\"-0.5\",\"odds\":\"2.600\",\"header\":\"Home\"},{\"opp\":\"+0.5\",\"odds\":\"1.475\",\"header\":\"Away\"},{\"opp\":\"0.0\",\"odds\":\"1.450\",\"header\":\"Home\"},{\"opp\":\"0.0\",\"odds\":\"2.675\",\"header\":\"Away\"},{\"opp\":\"0.0, +0.5\",\"odds\":\"1.260\",\"header\":\"Home\"},{\"opp\":\"0.0, -0.5\",\"odds\":\"3.700\",\"header\":\"Away\"},{\"opp\":\"+0.5\",\"odds\":\"1.180\",\"header\":\"Home\"},{\"opp\":\"-0.5\",\"odds\":\"4.650\",\"header\":\"Away\"},{\"opp\":\"+0.5, +1.0\",\"odds\":\"1.100\",\"header\":\"Home\"},{\"opp\":\"-0.5, -1.0\",\"odds\":\"7.000\",\"header\":\"Away\"}],\"alternative_1st_half_goal_line\":[{\"goals\":\"1.0\",\"odds\":\"2.250\",\"header\":\"Over\"},{\"goals\":\"1.0\",\"odds\":\"1.625\",\"header\":\"Under\"},{\"goals\":\"1.0, 1.5\",\"odds\":\"2.850\",\"header\":\"Over\"},{\"goals\":\"1.0, 1.5\",\"odds\":\"1.400\",\"header\":\"Under\"},{\"goals\":\"1.5\",\"odds\":\"3.450\",\"header\":\"Over\"},{\"goals\":\"1.5\",\"odds\":\"1.300\",\"header\":\"Under\"},{\"goals\":\"1.5, 2.0\",\"odds\":\"4.500\",\"header\":\"Over\"},{\"goals\":\"1.5, 2.0\",\"odds\":\"1.190\",\"header\":\"Under\"}],\"1st_half_handicap\":[{\"opp\":\"Botafogo  -1.0\",\"odds\":\"8.50\"},{\"opp\":\"Tie - Chapecoense +1.0\",\"odds\":\"3.25\"},{\"opp\":\"Chapecoense  +1.0\",\"odds\":\"1.50\"}],\"alternative_1st_half_handicap_result\":[{\"opp\":\"-2.0\",\"odds\":\"21.00\",\"header\":\"Home\"},{\"opp\":\"+2.0\",\"odds\":\"10.00\",\"header\":\"Tie\"},{\"opp\":\"+2.0\",\"odds\":\"1.06\",\"header\":\"Away\"},{\"opp\":\"+1.0\",\"odds\":\"1.17\",\"header\":\"Home\"},{\"opp\":\"-1.0\",\"odds\":\"5.00\",\"header\":\"Tie\"},{\"opp\":\"-1.0\",\"odds\":\"21.00\",\"header\":\"Away\"}],\"first_half_goals\":[{\"goals\":\"0.5\",\"odds\":\"1.50\",\"header\":\"Over\"},{\"goals\":\"0.5\",\"odds\":\"2.50\",\"header\":\"Under\"},{\"goals\":\"1.5\",\"odds\":\"3.50\",\"header\":\"Over\"},{\"goals\":\"1.5\",\"odds\":\"1.29\",\"header\":\"Under\"},{\"goals\":\"2.5\",\"odds\":\"10.00\",\"header\":\"Over\"},{\"goals\":\"2.5\",\"odds\":\"1.06\",\"header\":\"Under\"}],\"exact_1st_half_goals\":[{\"opp\":\"0 Goals\",\"odds\":\"2.50\"},{\"opp\":\"1 Goal\",\"odds\":\"2.50\"},{\"opp\":\"2 Goals\",\"odds\":\"4.75\"},{\"opp\":\"3 Goals\",\"odds\":\"13.00\"},{\"opp\":\"4 Goals\",\"odds\":\"41.00\"},{\"opp\":\"5+ Goals\",\"odds\":\"101.00\"}],\"first_half_corners\":[{\"opp\":\"5\",\"odds\":\"2.40\",\"header\":\"Over\"},{\"opp\":\"5\",\"odds\":\"5.50\",\"header\":\"Exactly\"},{\"opp\":\"5\",\"odds\":\"2.10\",\"header\":\"Under\"}],\"1st_half_asian_corners\":[{\"goals\":\"5.0\",\"odds\":\"2.025\",\"header\":\"Over\"},{\"goals\":\"5.0\",\"odds\":\"1.775\",\"header\":\"Under\"}],\"1st_half_goals_odd_even\":[{\"opp\":\"Odd\",\"odds\":\"2.20\"},{\"opp\":\"Even\",\"odds\":\"1.67\"}],\"to_score_in_half\":[{\"name\":\"1st Half\",\"odds\":\"2.00\",\"header\":\"Yes\"},{\"name\":\"1st Half\",\"odds\":\"1.73\",\"header\":\"No\"},{\"name\":\"2nd Half\",\"odds\":\"1.67\",\"header\":\"Yes\"},{\"name\":\"2nd Half\",\"odds\":\"2.10\",\"header\":\"No\"},{\"name\":\"1st Half\",\"odds\":\"3.00\",\"header\":\"Yes\"},{\"name\":\"1st Half\",\"odds\":\"1.36\",\"header\":\"No\"},{\"name\":\"2nd Half\",\"odds\":\"2.38\",\"header\":\"Yes\"},{\"name\":\"2nd Half\",\"odds\":\"1.53\",\"header\":\"No\"}],\"half_with_most_goals\":[{\"opp\":\"1st Half\",\"odds\":\"3.20\"},{\"opp\":\"2nd Half\",\"odds\":\"2.10\"},{\"opp\":\"Tie\",\"odds\":\"3.25\"}],\"home_team_highest_scoring_half\":[{\"opp\":\"Botafogo - 1st Half\",\"odds\":\"3.50\"},{\"opp\":\"Botafogo - 2nd Half\",\"odds\":\"2.40\"},{\"opp\":\"Botafogo - Tie\",\"odds\":\"2.40\"}],\"away_team_highest_scoring_half\":[{\"opp\":\"Chapecoense - 1st Half\",\"odds\":\"4.33\"},{\"opp\":\"Chapecoense - 2nd Half\",\"odds\":\"3.00\"},{\"opp\":\"Chapecoense - Tie\",\"odds\":\"1.83\"}],\"2nd_half_result\":[{\"opp\":\"1\",\"odds\":\"2.20\"},{\"opp\":\"X\",\"odds\":\"2.30\"},{\"opp\":\"2\",\"odds\":\"4.33\"}],\"2nd_half_goals\":[{\"goals\":\"0.5\",\"odds\":\"1.30\",\"header\":\"Over\"},{\"goals\":\"0.5\",\"odds\":\"3.40\",\"header\":\"Under\"},{\"goals\":\"1.5\",\"odds\":\"2.38\",\"header\":\"Over\"},{\"goals\":\"1.5\",\"odds\":\"1.53\",\"header\":\"Under\"},{\"goals\":\"2.5\",\"odds\":\"6.00\",\"header\":\"Over\"},{\"goals\":\"2.5\",\"odds\":\"1.12\",\"header\":\"Under\"},{\"goals\":\"3.5\",\"odds\":\"17.00\",\"header\":\"Over\"},{\"goals\":\"3.5\",\"odds\":\"1.02\",\"header\":\"Under\"}],\"exact_2nd_half_goals\":[{\"opp\":\"0 Goals\",\"odds\":\"3.40\"},{\"opp\":\"1 Goal\",\"odds\":\"2.60\"},{\"opp\":\"2 Goals\",\"odds\":\"3.75\"},{\"opp\":\"3 Goals\",\"odds\":\"8.00\"},{\"opp\":\"4 Goals\",\"odds\":\"23.00\"},{\"opp\":\"5+ Goals\",\"odds\":\"41.00\"}],\"2nd_half_goals_odd_even\":[{\"opp\":\"Even\",\"odds\":\"1.73\"},{\"opp\":\"Odd\",\"odds\":\"2.00\"}]}},\"main\":{\"updated_at\":\"1532570292\",\"sp\":{\"full_time_result\":[{\"opp\":\"1\",\"odds\":\"1.83\"},{\"opp\":\"X\",\"odds\":\"3.50\"},{\"opp\":\"2\",\"odds\":\"4.33\"}],\"double_chance\":[{\"opp\":\"1X\",\"odds\":\"1.22\"},{\"opp\":\"X2\",\"odds\":\"2.00\"},{\"opp\":\"12\",\"odds\":\"1.30\"}],\"correct_score\":[{\"opp\":\"1-0\",\"odds\":\"5.50\",\"header\":\"Home\"},{\"opp\":\"0-0\",\"odds\":\"8.00\",\"header\":\"X\"},{\"opp\":\"1-0\",\"odds\":\"9.00\",\"header\":\"Away\"},{\"opp\":\"2-0\",\"odds\":\"7.50\",\"header\":\"Home\"},{\"opp\":\"1-1\",\"odds\":\"6.50\",\"header\":\"X\"},{\"opp\":\"2-0\",\"odds\":\"21.00\",\"header\":\"Away\"},{\"opp\":\"2-1\",\"odds\":\"9.00\",\"header\":\"Home\"},{\"opp\":\"2-2\",\"odds\":\"19.00\",\"header\":\"X\"},{\"opp\":\"2-1\",\"odds\":\"15.00\",\"header\":\"Away\"},{\"opp\":\"3-0\",\"odds\":\"15.00\",\"header\":\"Home\"},{\"opp\":\"3-3\",\"odds\":\"81.00\",\"header\":\"X\"},{\"opp\":\"3-0\",\"odds\":\"51.00\",\"header\":\"Away\"},{\"opp\":\"3-1\",\"odds\":\"17.00\",\"header\":\"Home\"},{\"opp\":\"3-1\",\"odds\":\"41.00\",\"header\":\"Away\"},{\"opp\":\"3-2\",\"odds\":\"34.00\",\"header\":\"Home\"},{\"opp\":\"3-2\",\"odds\":\"51.00\",\"header\":\"Away\"},{\"opp\":\"4-0\",\"odds\":\"34.00\",\"header\":\"Home\"},{\"opp\":\"4-0\",\"odds\":\"151.00\",\"header\":\"Away\"},{\"opp\":\"4-1\",\"odds\":\"41.00\",\"header\":\"Home\"},{\"opp\":\"4-1\",\"odds\":\"101.00\",\"header\":\"Away\"},{\"opp\":\"4-2\",\"odds\":\"67.00\",\"header\":\"Home\"},{\"opp\":\"4-2\",\"odds\":\"151.00\",\"header\":\"Away\"},{\"opp\":\"4-3\",\"odds\":\"151.00\",\"header\":\"Home\"},{\"opp\":\"4-3\",\"odds\":\"251.00\",\"header\":\"Away\"},{\"opp\":\"5-0\",\"odds\":\"81.00\",\"header\":\"Home\"},{\"opp\":\"5-1\",\"odds\":\"501.00\",\"header\":\"Away\"},{\"opp\":\"5-1\",\"odds\":\"81.00\",\"header\":\"Home\"},{\"opp\":\"5-2\",\"odds\":\"151.00\",\"header\":\"Home\"},{\"opp\":\"5-3\",\"odds\":\"501.00\",\"header\":\"Home\"},{\"opp\":\"6-1\",\"odds\":\"301.00\",\"header\":\"Home\"},{\"opp\":\"6-0\",\"odds\":\"251.00\",\"header\":\"Home\"}],\"half_time_full_time\":[{\"opp\":\"Botafogo - Botafogo\",\"odds\":\"3.00\"},{\"opp\":\"Botafogo - Draw\",\"odds\":\"15.00\"},{\"opp\":\"Botafogo - Chapecoense\",\"odds\":\"41.00\"},{\"opp\":\"Draw - Botafogo\",\"odds\":\"4.33\"},{\"opp\":\"Draw - Draw\",\"odds\":\"4.75\"},{\"opp\":\"Draw - Chapecoense\",\"odds\":\"9.00\"},{\"opp\":\"Chapecoense - Botafogo\",\"odds\":\"26.00\"},{\"opp\":\"Chapecoense - Draw\",\"odds\":\"15.00\"},{\"opp\":\"Chapecoense - Chapecoense\",\"odds\":\"7.50\"}],\"goals_over_under\":[{\"goals\":\"2.5\",\"odds\":\"2.30\",\"header\":\"Over\"},{\"goals\":\"2.5\",\"odds\":\"1.60\",\"header\":\"Under\"}],\"both_teams_to_score\":[{\"opp\":\"Yes\",\"odds\":\"2.05\"},{\"opp\":\"No\",\"odds\":\"1.70\"}],\"goalscorers\":[{\"name\":\"da Silva Ezequiel\",\"odds\":\"5.50\",\"header\":\"First\"},{\"name\":\"da Silva Ezequiel\",\"odds\":\"5.50\",\"header\":\"Last\"},{\"name\":\"da Silva Ezequiel\",\"odds\":\"2.62\",\"header\":\"Anytime\"},{\"name\":\"Rodrigo Aguirre\",\"odds\":\"5.50\",\"header\":\"First\"},{\"name\":\"Rodrigo Aguirre\",\"odds\":\"5.50\",\"header\":\"Last\"},{\"name\":\"Rodrigo Aguirre\",\"odds\":\"2.62\",\"header\":\"Anytime\"},{\"name\":\"Viana Rodrigo Pimpao\",\"odds\":\"5.50\",\"header\":\"First\"},{\"name\":\"Viana Rodrigo Pimpao\",\"odds\":\"5.50\",\"header\":\"Last\"},{\"name\":\"Viana Rodrigo Pimpao\",\"odds\":\"2.62\",\"header\":\"Anytime\"},{\"name\":\"Lira Pachu\",\"odds\":\"6.00\",\"header\":\"First\"},{\"name\":\"Lira Pachu\",\"odds\":\"6.00\",\"header\":\"Last\"},{\"name\":\"Lira Pachu\",\"odds\":\"2.88\",\"header\":\"Anytime\"},{\"name\":\"Almeida Kieza\",\"odds\":\"7.00\",\"header\":\"First\"},{\"name\":\"Almeida Kieza\",\"odds\":\"7.00\",\"header\":\"Last\"},{\"name\":\"Almeida Kieza\",\"odds\":\"3.25\",\"header\":\"Anytime\"},{\"name\":\"de Oliveira Brenner\",\"odds\":\"7.00\",\"header\":\"First\"},{\"name\":\"de Oliveira Brenner\",\"odds\":\"7.00\",\"header\":\"Last\"},{\"name\":\"de Oliveira Brenner\",\"odds\":\"3.25\",\"header\":\"Anytime\"},{\"name\":\"Rodrigues Renatinho\",\"odds\":\"7.50\",\"header\":\"First\"},{\"name\":\"Rodrigues Renatinho\",\"odds\":\"7.50\",\"header\":\"Last\"},{\"name\":\"Rodrigues Renatinho\",\"odds\":\"3.50\",\"header\":\"Anytime\"},{\"name\":\"Silva Joao Pedro\",\"odds\":\"7.50\",\"header\":\"First\"},{\"name\":\"Silva Joao Pedro\",\"odds\":\"7.50\",\"header\":\"Last\"},{\"name\":\"Silva Joao Pedro\",\"odds\":\"3.50\",\"header\":\"Anytime\"},{\"name\":\"Araujo Marcos Vinicius\",\"odds\":\"8.50\",\"header\":\"First\"},{\"name\":\"Araujo Marcos Vinicius\",\"odds\":\"8.50\",\"header\":\"Last\"},{\"name\":\"Araujo Marcos Vinicius\",\"odds\":\"3.75\",\"header\":\"Anytime\"},{\"name\":\"Augusto Guilherme\",\"odds\":\"9.00\",\"header\":\"First\"},{\"name\":\"Augusto Guilherme\",\"odds\":\"9.00\",\"header\":\"Last\"},{\"name\":\"Augusto Guilherme\",\"odds\":\"4.00\",\"header\":\"Anytime\"},{\"name\":\"Caike Arthur\",\"odds\":\"9.00\",\"header\":\"First\"},{\"name\":\"Caike Arthur\",\"odds\":\"9.00\",\"header\":\"Last\"},{\"name\":\"Caike Arthur\",\"odds\":\"4.00\",\"header\":\"Anytime\"},{\"name\":\"do Nascimento Wellington Paulista\",\"odds\":\"9.00\",\"header\":\"First\"},{\"name\":\"do Nascimento Wellington Paulista\",\"odds\":\"9.00\",\"header\":\"Last\"},{\"name\":\"do Nascimento Wellington Paulista\",\"odds\":\"4.00\",\"header\":\"Anytime\"},{\"name\":\"dos Santos Luiz Fernando\",\"odds\":\"9.50\",\"header\":\"First\"},{\"name\":\"dos Santos Luiz Fernando\",\"odds\":\"9.50\",\"header\":\"Last\"},{\"name\":\"dos Santos Luiz Fernando\",\"odds\":\"4.33\",\"header\":\"Anytime\"},{\"name\":\"Leandro Pereira\",\"odds\":\"10.00\",\"header\":\"First\"},{\"name\":\"Leandro Pereira\",\"odds\":\"10.00\",\"header\":\"Last\"},{\"name\":\"Leandro Pereira\",\"odds\":\"4.50\",\"header\":\"Anytime\"},{\"name\":\"Alexandro Dudu Cearense\",\"odds\":\"11.00\",\"header\":\"First\"},{\"name\":\"Alexandro Dudu Cearense\",\"odds\":\"11.00\",\"header\":\"Last\"},{\"name\":\"Alexandro Dudu Cearense\",\"odds\":\"5.00\",\"header\":\"Anytime\"},{\"name\":\"Costa Bruno Silva\",\"odds\":\"11.00\",\"header\":\"First\"},{\"name\":\"Costa Bruno Silva\",\"odds\":\"11.00\",\"header\":\"Last\"},{\"name\":\"Costa Bruno Silva\",\"odds\":\"5.00\",\"header\":\"Anytime\"},{\"name\":\"Siqueira Matheus Fernandes\",\"odds\":\"11.00\",\"header\":\"First\"},{\"name\":\"Siqueira Matheus Fernandes\",\"odds\":\"11.00\",\"header\":\"Last\"},{\"name\":\"Siqueira Matheus Fernandes\",\"odds\":\"5.00\",\"header\":\"Anytime\"},{\"name\":\"Leonardo Valencia\",\"odds\":\"13.00\",\"header\":\"First\"},{\"name\":\"Leonardo Valencia\",\"odds\":\"13.00\",\"header\":\"Last\"},{\"name\":\"Leonardo Valencia\",\"odds\":\"6.00\",\"header\":\"Anytime\"},{\"name\":\"Santos Vinicius\",\"odds\":\"13.00\",\"header\":\"First\"},{\"name\":\"Santos Vinicius\",\"odds\":\"13.00\",\"header\":\"Last\"},{\"name\":\"Santos Vinicius\",\"odds\":\"6.00\",\"header\":\"Anytime\"},{\"name\":\"da Silva Yuri\",\"odds\":\"15.00\",\"header\":\"First\"},{\"name\":\"da Silva Yuri\",\"odds\":\"15.00\",\"header\":\"Last\"},{\"name\":\"da Silva Yuri\",\"odds\":\"6.50\",\"header\":\"Anytime\"},{\"name\":\"dos Santos Marcelo\",\"odds\":\"15.00\",\"header\":\"First\"},{\"name\":\"dos Santos Marcelo\",\"odds\":\"15.00\",\"header\":\"Last\"},{\"name\":\"dos Santos Marcelo\",\"odds\":\"6.50\",\"header\":\"Anytime\"},{\"name\":\"Machado Gustavo Bochecha\",\"odds\":\"15.00\",\"header\":\"First\"},{\"name\":\"Machado Gustavo Bochecha\",\"odds\":\"15.00\",\"header\":\"Last\"},{\"name\":\"Machado Gustavo Bochecha\",\"odds\":\"6.50\",\"header\":\"Anytime\"},{\"name\":\"Oliveira Rodrigo Lindoso\",\"odds\":\"15.00\",\"header\":\"First\"},{\"name\":\"Oliveira Rodrigo Lindoso\",\"odds\":\"15.00\",\"header\":\"Last\"},{\"name\":\"Oliveira Rodrigo Lindoso\",\"odds\":\"6.50\",\"header\":\"Anytime\"},{\"name\":\"Agustin Doffo\",\"odds\":\"17.00\",\"header\":\"First\"},{\"name\":\"Agustin Doffo\",\"odds\":\"17.00\",\"header\":\"Last\"},{\"name\":\"Agustin Doffo\",\"odds\":\"7.50\",\"header\":\"Anytime\"},{\"name\":\"Carvalho Leandro\",\"odds\":\"17.00\",\"header\":\"First\"},{\"name\":\"Carvalho Leandro\",\"odds\":\"17.00\",\"header\":\"Last\"},{\"name\":\"Carvalho Leandro\",\"odds\":\"7.50\",\"header\":\"Anytime\"},{\"name\":\"da Silva Leandro Carvalho\",\"odds\":\"17.00\",\"header\":\"First\"},{\"name\":\"da Silva Leandro Carvalho\",\"odds\":\"17.00\",\"header\":\"Last\"},{\"name\":\"da Silva Leandro Carvalho\",\"odds\":\"7.50\",\"header\":\"Anytime\"},{\"name\":\"Soares Luiz Antonio\",\"odds\":\"17.00\",\"header\":\"First\"},{\"name\":\"Soares Luiz Antonio\",\"odds\":\"17.00\",\"header\":\"Last\"},{\"name\":\"Soares Luiz Antonio\",\"odds\":\"7.50\",\"header\":\"Anytime\"},{\"name\":\"Umbelino Luis Ricardo\",\"odds\":\"17.00\",\"header\":\"First\"},{\"name\":\"Umbelino Luis Ricardo\",\"odds\":\"17.00\",\"header\":\"Last\"},{\"name\":\"Umbelino Luis Ricardo\",\"odds\":\"7.50\",\"header\":\"Anytime\"},{\"name\":\"Barbosa Moises\",\"odds\":\"19.00\",\"header\":\"First\"},{\"name\":\"Barbosa Moises\",\"odds\":\"19.00\",\"header\":\"Last\"},{\"name\":\"Barbosa Moises\",\"odds\":\"8.00\",\"header\":\"Anytime\"},{\"name\":\"Natanael Santos\",\"odds\":\"19.00\",\"header\":\"First\"},{\"name\":\"Natanael Santos\",\"odds\":\"19.00\",\"header\":\"Last\"},{\"name\":\"Natanael Santos\",\"odds\":\"8.00\",\"header\":\"Anytime\"},{\"name\":\"da Costa Igor Rabello\",\"odds\":\"21.00\",\"header\":\"First\"},{\"name\":\"da Costa Igor Rabello\",\"odds\":\"21.00\",\"header\":\"Last\"},{\"name\":\"da Costa Igor Rabello\",\"odds\":\"9.00\",\"header\":\"Anytime\"},{\"name\":\"de Menezes Osman Junior\",\"odds\":\"21.00\",\"header\":\"First\"},{\"name\":\"de Menezes Osman Junior\",\"odds\":\"21.00\",\"header\":\"Last\"},{\"name\":\"de Menezes Osman Junior\",\"odds\":\"9.00\",\"header\":\"Anytime\"},{\"name\":\"Hector Canteros\",\"odds\":\"21.00\",\"header\":\"First\"},{\"name\":\"Hector Canteros\",\"odds\":\"21.00\",\"header\":\"Last\"},{\"name\":\"Hector Canteros\",\"odds\":\"9.00\",\"header\":\"Anytime\"},{\"name\":\"Irmer Jean\",\"odds\":\"21.00\",\"header\":\"First\"},{\"name\":\"Irmer Jean\",\"odds\":\"21.00\",\"header\":\"Last\"},{\"name\":\"Irmer Jean\",\"odds\":\"9.00\",\"header\":\"Anytime\"},{\"name\":\"Malaquias Marcelo\",\"odds\":\"21.00\",\"header\":\"First\"},{\"name\":\"Malaquias Marcelo\",\"odds\":\"21.00\",\"header\":\"Last\"},{\"name\":\"Malaquias Marcelo\",\"odds\":\"9.00\",\"header\":\"Anytime\"},{\"name\":\"Marcelo Barreto\",\"odds\":\"21.00\",\"header\":\"First\"},{\"name\":\"Marcelo Barreto\",\"odds\":\"21.00\",\"header\":\"Last\"},{\"name\":\"Marcelo Barreto\",\"odds\":\"9.00\",\"header\":\"Anytime\"},{\"name\":\"Souza Nenem\",\"odds\":\"21.00\",\"header\":\"First\"},{\"name\":\"Souza Nenem\",\"odds\":\"21.00\",\"header\":\"Last\"},{\"name\":\"Souza Nenem\",\"odds\":\"9.00\",\"header\":\"Anytime\"},{\"name\":\"Joel Carli\",\"odds\":\"23.00\",\"header\":\"First\"},{\"name\":\"Joel Carli\",\"odds\":\"23.00\",\"header\":\"Last\"},{\"name\":\"Joel Carli\",\"odds\":\"10.00\",\"header\":\"Anytime\"},{\"name\":\"Marcos Vinicius\",\"odds\":\"23.00\",\"header\":\"First\"},{\"name\":\"Marcos Vinicius\",\"odds\":\"23.00\",\"header\":\"Last\"},{\"name\":\"Marcos Vinicius\",\"odds\":\"10.00\",\"header\":\"Anytime\"},{\"name\":\"Victor Hugo Kanu\",\"odds\":\"23.00\",\"header\":\"First\"},{\"name\":\"Victor Hugo Kanu\",\"odds\":\"23.00\",\"header\":\"Last\"},{\"name\":\"Victor Hugo Kanu\",\"odds\":\"10.00\",\"header\":\"Anytime\"},{\"name\":\"da Silva Yago\",\"odds\":\"26.00\",\"header\":\"First\"},{\"name\":\"da Silva Yago\",\"odds\":\"26.00\",\"header\":\"Last\"},{\"name\":\"da Silva Yago\",\"odds\":\"12.00\",\"header\":\"Anytime\"},{\"name\":\"de Oliveira Marcinho\",\"odds\":\"26.00\",\"header\":\"First\"},{\"name\":\"de Oliveira Marcinho\",\"odds\":\"26.00\",\"header\":\"Last\"},{\"name\":\"de Oliveira Marcinho\",\"odds\":\"12.00\",\"header\":\"Anytime\"},{\"name\":\"do Nascimento Gilson\",\"odds\":\"26.00\",\"header\":\"First\"},{\"name\":\"do Nascimento Gilson\",\"odds\":\"26.00\",\"header\":\"Last\"},{\"name\":\"do Nascimento Gilson\",\"odds\":\"12.00\",\"header\":\"Anytime\"},{\"name\":\"Rodrigues Marcio Araujo\",\"odds\":\"26.00\",\"header\":\"First\"},{\"name\":\"Rodrigues Marcio Araujo\",\"odds\":\"26.00\",\"header\":\"Last\"},{\"name\":\"Rodrigues Marcio Araujo\",\"odds\":\"12.00\",\"header\":\"Anytime\"},{\"name\":\"Vieira Jonathan\",\"odds\":\"26.00\",\"header\":\"First\"},{\"name\":\"Vieira Jonathan\",\"odds\":\"26.00\",\"header\":\"Last\"},{\"name\":\"Vieira Jonathan\",\"odds\":\"12.00\",\"header\":\"Anytime\"},{\"name\":\"Willian Amaral\",\"odds\":\"26.00\",\"header\":\"First\"},{\"name\":\"Willian Amaral\",\"odds\":\"26.00\",\"header\":\"Last\"},{\"name\":\"Willian Amaral\",\"odds\":\"12.00\",\"header\":\"Anytime\"},{\"name\":\"Gustavo Barreto\",\"odds\":\"34.00\",\"header\":\"First\"},{\"name\":\"Gustavo Barreto\",\"odds\":\"34.00\",\"header\":\"Last\"},{\"name\":\"Gustavo Barreto\",\"odds\":\"15.00\",\"header\":\"Anytime\"},{\"name\":\"Jackel Bruno\",\"odds\":\"34.00\",\"header\":\"First\"},{\"name\":\"Jackel Bruno\",\"odds\":\"34.00\",\"header\":\"Last\"},{\"name\":\"Jackel Bruno\",\"odds\":\"15.00\",\"header\":\"Anytime\"},{\"name\":\"Marques Rafael Thyere\",\"odds\":\"34.00\",\"header\":\"First\"},{\"name\":\"Marques Rafael Thyere\",\"odds\":\"34.00\",\"header\":\"Last\"},{\"name\":\"Marques Rafael Thyere\",\"odds\":\"15.00\",\"header\":\"Anytime\"},{\"name\":\"Ruschel Alan\",\"odds\":\"34.00\",\"header\":\"First\"},{\"name\":\"Ruschel Alan\",\"odds\":\"34.00\",\"header\":\"Last\"},{\"name\":\"Ruschel Alan\",\"odds\":\"15.00\",\"header\":\"Anytime\"},{\"name\":\"Santos Elicarlos\",\"odds\":\"34.00\",\"header\":\"First\"},{\"name\":\"Santos Elicarlos\",\"odds\":\"34.00\",\"header\":\"Last\"},{\"name\":\"Santos Elicarlos\",\"odds\":\"15.00\",\"header\":\"Anytime\"},{\"name\":\"Santos Luiz Otavio\",\"odds\":\"34.00\",\"header\":\"First\"},{\"name\":\"Santos Luiz Otavio\",\"odds\":\"34.00\",\"header\":\"Last\"},{\"name\":\"Santos Luiz Otavio\",\"odds\":\"15.00\",\"header\":\"Anytime\"},{\"name\":\"de Jesus Bruno Pacheco\",\"odds\":\"41.00\",\"header\":\"First\"},{\"name\":\"de Jesus Bruno Pacheco\",\"odds\":\"41.00\",\"header\":\"Last\"},{\"name\":\"de Jesus Bruno Pacheco\",\"odds\":\"19.00\",\"header\":\"Anytime\"},{\"name\":\"Luiz Apodi\",\"odds\":\"41.00\",\"header\":\"First\"},{\"name\":\"Luiz Apodi\",\"odds\":\"41.00\",\"header\":\"Last\"},{\"name\":\"Luiz Apodi\",\"odds\":\"19.00\",\"header\":\"Anytime\"},{\"name\":\"Nery Bareiro\",\"odds\":\"41.00\",\"header\":\"First\"},{\"name\":\"Nery Bareiro\",\"odds\":\"41.00\",\"header\":\"Last\"},{\"name\":\"Nery Bareiro\",\"odds\":\"19.00\",\"header\":\"Anytime\"},{\"name\":\"Ribeiro Vinicius\",\"odds\":\"41.00\",\"header\":\"First\"},{\"name\":\"Ribeiro Vinicius\",\"odds\":\"41.00\",\"header\":\"Last\"},{\"name\":\"Ribeiro Vinicius\",\"odds\":\"19.00\",\"header\":\"Anytime\"},{\"name\":\"Carlos Eduardo\",\"odds\":\"51.00\",\"header\":\"First\"},{\"name\":\"Carlos Eduardo\",\"odds\":\"51.00\",\"header\":\"Last\"},{\"name\":\"Carlos Eduardo\",\"odds\":\"23.00\",\"header\":\"Anytime\"},{\"name\":\"Silva Douglas\",\"odds\":\"51.00\",\"header\":\"First\"},{\"name\":\"Silva Douglas\",\"odds\":\"51.00\",\"header\":\"Last\"},{\"name\":\"Silva Douglas\",\"odds\":\"23.00\",\"header\":\"Anytime\"},{\"name\":\"No Goalscorer\",\"odds\":\"8.00\",\"header\":\"First\"},{\"name\":\"No Goalscorer\",\"odds\":\"8.00\",\"header\":\"Last\"}],\"multi_scorers\":[{\"name\":\"da Silva Ezequiel\",\"odds\":\"10.00\",\"header\":\"2 or More\"},{\"name\":\"da Silva Ezequiel\",\"odds\":\"51.00\",\"header\":\"3 or More\"},{\"name\":\"Rodrigo Aguirre\",\"odds\":\"10.00\",\"header\":\"2 or More\"},{\"name\":\"Rodrigo Aguirre\",\"odds\":\"51.00\",\"header\":\"3 or More\"},{\"name\":\"Viana Rodrigo Pimpao\",\"odds\":\"10.00\",\"header\":\"2 or More\"},{\"name\":\"Viana Rodrigo Pimpao\",\"odds\":\"51.00\",\"header\":\"3 or More\"},{\"name\":\"Lira Pachu\",\"odds\":\"12.00\",\"header\":\"2 or More\"},{\"name\":\"Lira Pachu\",\"odds\":\"51.00\",\"header\":\"3 or More\"},{\"name\":\"Almeida Kieza\",\"odds\":\"17.00\",\"header\":\"2 or More\"},{\"name\":\"Almeida Kieza\",\"odds\":\"81.00\",\"header\":\"3 or More\"},{\"name\":\"de Oliveira Brenner\",\"odds\":\"17.00\",\"header\":\"2 or More\"},{\"name\":\"de Oliveira Brenner\",\"odds\":\"81.00\",\"header\":\"3 or More\"},{\"name\":\"Rodrigues Renatinho\",\"odds\":\"19.00\",\"header\":\"2 or More\"},{\"name\":\"Rodrigues Renatinho\",\"odds\":\"101.00\",\"header\":\"3 or More\"},{\"name\":\"Silva Joao Pedro\",\"odds\":\"19.00\",\"header\":\"2 or More\"},{\"name\":\"Silva Joao Pedro\",\"odds\":\"101.00\",\"header\":\"3 or More\"},{\"name\":\"Araujo Marcos Vinicius\",\"odds\":\"21.00\",\"header\":\"2 or More\"},{\"name\":\"Araujo Marcos Vinicius\",\"odds\":\"101.00\",\"header\":\"3 or More\"},{\"name\":\"Augusto Guilherme\",\"odds\":\"23.00\",\"header\":\"2 or More\"},{\"name\":\"Augusto Guilherme\",\"odds\":\"101.00\",\"header\":\"3 or More\"},{\"name\":\"Caike Arthur\",\"odds\":\"23.00\",\"header\":\"2 or More\"},{\"name\":\"Caike Arthur\",\"odds\":\"101.00\",\"header\":\"3 or More\"},{\"name\":\"do Nascimento Wellington Paulista\",\"odds\":\"23.00\",\"header\":\"2 or More\"},{\"name\":\"do Nascimento Wellington Paulista\",\"odds\":\"101.00\",\"header\":\"3 or More\"},{\"name\":\"dos Santos Luiz Fernando\",\"odds\":\"26.00\",\"header\":\"2 or More\"},{\"name\":\"dos Santos Luiz Fernando\",\"odds\":\"101.00\",\"header\":\"3 or More\"},{\"name\":\"Leandro Pereira\",\"odds\":\"29.00\",\"header\":\"2 or More\"},{\"name\":\"Leandro Pereira\",\"odds\":\"126.00\",\"header\":\"3 or More\"},{\"name\":\"Alexandro Dudu Cearense\",\"odds\":\"34.00\",\"header\":\"2 or More\"},{\"name\":\"Alexandro Dudu Cearense\",\"odds\":\"126.00\",\"header\":\"3 or More\"},{\"name\":\"Costa Bruno Silva\",\"odds\":\"34.00\",\"header\":\"2 or More\"},{\"name\":\"Costa Bruno Silva\",\"odds\":\"126.00\",\"header\":\"3 or More\"},{\"name\":\"Siqueira Matheus Fernandes\",\"odds\":\"34.00\",\"header\":\"2 or More\"},{\"name\":\"Siqueira Matheus Fernandes\",\"odds\":\"126.00\",\"header\":\"3 or More\"},{\"name\":\"da Silva Yuri\",\"odds\":\"51.00\",\"header\":\"2 or More\"},{\"name\":\"da Silva Yuri\",\"odds\":\"201.00\",\"header\":\"3 or More\"},{\"name\":\"dos Santos Marcelo\",\"odds\":\"51.00\",\"header\":\"2 or More\"},{\"name\":\"dos Santos Marcelo\",\"odds\":\"201.00\",\"header\":\"3 or More\"},{\"name\":\"Leonardo Valencia\",\"odds\":\"51.00\",\"header\":\"2 or More\"},{\"name\":\"Leonardo Valencia\",\"odds\":\"151.00\",\"header\":\"3 or More\"},{\"name\":\"Machado Gustavo Bochecha\",\"odds\":\"51.00\",\"header\":\"2 or More\"},{\"name\":\"Machado Gustavo Bochecha\",\"odds\":\"201.00\",\"header\":\"3 or More\"},{\"name\":\"Oliveira Rodrigo Lindoso\",\"odds\":\"51.00\",\"header\":\"2 or More\"},{\"name\":\"Oliveira Rodrigo Lindoso\",\"odds\":\"201.00\",\"header\":\"3 or More\"},{\"name\":\"Santos Vinicius\",\"odds\":\"51.00\",\"header\":\"2 or More\"},{\"name\":\"Santos Vinicius\",\"odds\":\"151.00\",\"header\":\"3 or More\"},{\"name\":\"Agustin Doffo\",\"odds\":\"81.00\",\"header\":\"2 or More\"},{\"name\":\"Agustin Doffo\",\"odds\":\"251.00\",\"header\":\"3 or More\"},{\"name\":\"Carvalho Leandro\",\"odds\":\"81.00\",\"header\":\"2 or More\"},{\"name\":\"Carvalho Leandro\",\"odds\":\"251.00\",\"header\":\"3 or More\"},{\"name\":\"da Silva Leandro Carvalho\",\"odds\":\"81.00\",\"header\":\"2 or More\"},{\"name\":\"da Silva Leandro Carvalho\",\"odds\":\"251.00\",\"header\":\"3 or More\"},{\"name\":\"Soares Luiz Antonio\",\"odds\":\"81.00\",\"header\":\"2 or More\"},{\"name\":\"Soares Luiz Antonio\",\"odds\":\"251.00\",\"header\":\"3 or More\"},{\"name\":\"Umbelino Luis Ricardo\",\"odds\":\"81.00\",\"header\":\"2 or More\"},{\"name\":\"Umbelino Luis Ricardo\",\"odds\":\"251.00\",\"header\":\"3 or More\"},{\"name\":\"Barbosa Moises\",\"odds\":\"101.00\",\"header\":\"2 or More\"},{\"name\":\"Barbosa Moises\",\"odds\":\"301.00\",\"header\":\"3 or More\"},{\"name\":\"da Costa Igor Rabello\",\"odds\":\"101.00\",\"header\":\"2 or More\"},{\"name\":\"da Costa Igor Rabello\",\"odds\":\"401.00\",\"header\":\"3 or More\"},{\"name\":\"da Silva Yago\",\"odds\":\"101.00\",\"header\":\"2 or More\"},{\"name\":\"da Silva Yago\",\"odds\":\"501.00\",\"header\":\"3 or More\"},{\"name\":\"de Menezes Osman Junior\",\"odds\":\"101.00\",\"header\":\"2 or More\"},{\"name\":\"de Menezes Osman Junior\",\"odds\":\"401.00\",\"header\":\"3 or More\"},{\"name\":\"de Oliveira Marcinho\",\"odds\":\"101.00\",\"header\":\"2 or More\"},{\"name\":\"de Oliveira Marcinho\",\"odds\":\"501.00\",\"header\":\"3 or More\"},{\"name\":\"do Nascimento Gilson\",\"odds\":\"101.00\",\"header\":\"2 or More\"},{\"name\":\"do Nascimento Gilson\",\"odds\":\"501.00\",\"header\":\"3 or More\"},{\"name\":\"Hector Canteros\",\"odds\":\"101.00\",\"header\":\"2 or More\"},{\"name\":\"Hector Canteros\",\"odds\":\"401.00\",\"header\":\"3 or More\"},{\"name\":\"Irmer Jean\",\"odds\":\"101.00\",\"header\":\"2 or More\"},{\"name\":\"Irmer Jean\",\"odds\":\"401.00\",\"header\":\"3 or More\"},{\"name\":\"Joel Carli\",\"odds\":\"101.00\",\"header\":\"2 or More\"},{\"name\":\"Joel Carli\",\"odds\":\"501.00\",\"header\":\"3 or More\"},{\"name\":\"Malaquias Marcelo\",\"odds\":\"101.00\",\"header\":\"2 or More\"},{\"name\":\"Malaquias Marcelo\",\"odds\":\"401.00\",\"header\":\"3 or More\"},{\"name\":\"Marcelo Barreto\",\"odds\":\"101.00\",\"header\":\"2 or More\"},{\"name\":\"Marcelo Barreto\",\"odds\":\"401.00\",\"header\":\"3 or More\"},{\"name\":\"Marcos Vinicius\",\"odds\":\"101.00\",\"header\":\"2 or More\"},{\"name\":\"Marcos Vinicius\",\"odds\":\"501.00\",\"header\":\"3 or More\"},{\"name\":\"Natanael Santos\",\"odds\":\"101.00\",\"header\":\"2 or More\"},{\"name\":\"Natanael Santos\",\"odds\":\"301.00\",\"header\":\"3 or More\"},{\"name\":\"Rodrigues Marcio Araujo\",\"odds\":\"101.00\",\"header\":\"2 or More\"},{\"name\":\"Rodrigues Marcio Araujo\",\"odds\":\"501.00\",\"header\":\"3 or More\"},{\"name\":\"Souza Nenem\",\"odds\":\"101.00\",\"header\":\"2 or More\"},{\"name\":\"Souza Nenem\",\"odds\":\"401.00\",\"header\":\"3 or More\"},{\"name\":\"Victor Hugo Kanu\",\"odds\":\"101.00\",\"header\":\"2 or More\"},{\"name\":\"Victor Hugo Kanu\",\"odds\":\"501.00\",\"header\":\"3 or More\"},{\"name\":\"Vieira Jonathan\",\"odds\":\"101.00\",\"header\":\"2 or More\"},{\"name\":\"Vieira Jonathan\",\"odds\":\"501.00\",\"header\":\"3 or More\"},{\"name\":\"Willian Amaral\",\"odds\":\"101.00\",\"header\":\"2 or More\"},{\"name\":\"Willian Amaral\",\"odds\":\"501.00\",\"header\":\"3 or More\"},{\"name\":\"de Jesus Bruno Pacheco\",\"odds\":\"151.00\",\"header\":\"2 or More\"},{\"name\":\"de Jesus Bruno Pacheco\",\"odds\":\"501.00\",\"header\":\"3 or More\"},{\"name\":\"Gustavo Barreto\",\"odds\":\"151.00\",\"header\":\"2 or More\"},{\"name\":\"Gustavo Barreto\",\"odds\":\"501.00\",\"header\":\"3 or More\"},{\"name\":\"Jackel Bruno\",\"odds\":\"151.00\",\"header\":\"2 or More\"},{\"name\":\"Jackel Bruno\",\"odds\":\"501.00\",\"header\":\"3 or More\"},{\"name\":\"Luiz Apodi\",\"odds\":\"151.00\",\"header\":\"2 or More\"},{\"name\":\"Luiz Apodi\",\"odds\":\"501.00\",\"header\":\"3 or More\"},{\"name\":\"Marques Rafael Thyere\",\"odds\":\"151.00\",\"header\":\"2 or More\"},{\"name\":\"Marques Rafael Thyere\",\"odds\":\"501.00\",\"header\":\"3 or More\"},{\"name\":\"Nery Bareiro\",\"odds\":\"151.00\",\"header\":\"2 or More\"},{\"name\":\"Nery Bareiro\",\"odds\":\"501.00\",\"header\":\"3 or More\"},{\"name\":\"Ribeiro Vinicius\",\"odds\":\"151.00\",\"header\":\"2 or More\"},{\"name\":\"Ribeiro Vinicius\",\"odds\":\"501.00\",\"header\":\"3 or More\"},{\"name\":\"Ruschel Alan\",\"odds\":\"151.00\",\"header\":\"2 or More\"},{\"name\":\"Ruschel Alan\",\"odds\":\"501.00\",\"header\":\"3 or More\"},{\"name\":\"Santos Elicarlos\",\"odds\":\"151.00\",\"header\":\"2 or More\"},{\"name\":\"Santos Elicarlos\",\"odds\":\"501.00\",\"header\":\"3 or More\"},{\"name\":\"Santos Luiz Otavio\",\"odds\":\"151.00\",\"header\":\"2 or More\"},{\"name\":\"Santos Luiz Otavio\",\"odds\":\"501.00\",\"header\":\"3 or More\"},{\"name\":\"Carlos Eduardo\",\"odds\":\"201.00\",\"header\":\"2 or More\"},{\"name\":\"Carlos Eduardo\",\"odds\":\"501.00\",\"header\":\"3 or More\"},{\"name\":\"Silva Douglas\",\"odds\":\"201.00\",\"header\":\"2 or More\"},{\"name\":\"Silva Douglas\",\"odds\":\"501.00\",\"header\":\"3 or More\"}],\"asian_handicap\":[{\"opp\":\"-0.5\",\"odds\":\"1.875\",\"header\":\"Home\"},{\"opp\":\"+0.5\",\"odds\":\"1.975\",\"header\":\"Away\"}],\"goal_line\":[{\"goals\":\"2.0, 2.5\",\"odds\":\"2.050\",\"header\":\"Over\"},{\"goals\":\"2.0, 2.5\",\"odds\":\"1.800\",\"header\":\"Under\"}],\"alternative_asian_handicap\":[{\"opp\":\"-2.0\",\"odds\":\"7.000\",\"header\":\"Home\"},{\"opp\":\"+2.0\",\"odds\":\"1.100\",\"header\":\"Away\"},{\"opp\":\"-1.5, -2.0\",\"odds\":\"4.500\",\"header\":\"Home\"},{\"opp\":\"+1.5, +2.0\",\"odds\":\"1.190\",\"header\":\"Away\"},{\"opp\":\"-1.5\",\"odds\":\"3.450\",\"header\":\"Home\"},{\"opp\":\"+1.5\",\"odds\":\"1.300\",\"header\":\"Away\"},{\"opp\":\"-1.0, -1.5\",\"odds\":\"3.100\",\"header\":\"Home\"},{\"opp\":\"+1.0, +1.5\",\"odds\":\"1.350\",\"header\":\"Away\"},{\"opp\":\"-1.0\",\"odds\":\"2.675\",\"header\":\"Home\"},{\"opp\":\"+1.0\",\"odds\":\"1.450\",\"header\":\"Away\"},{\"opp\":\"-0.5, -1.0\",\"odds\":\"2.100\",\"header\":\"Home\"},{\"opp\":\"+0.5, +1.0\",\"odds\":\"1.700\",\"header\":\"Away\"},{\"opp\":\"0.0, -0.5\",\"odds\":\"1.625\",\"header\":\"Home\"},{\"opp\":\"0.0, +0.5\",\"odds\":\"2.250\",\"header\":\"Away\"},{\"opp\":\"0.0\",\"odds\":\"1.375\",\"header\":\"Home\"},{\"opp\":\"0.0\",\"odds\":\"3.000\",\"header\":\"Away\"},{\"opp\":\"0.0, +0.5\",\"odds\":\"1.300\",\"header\":\"Home\"},{\"opp\":\"0.0, -0.5\",\"odds\":\"3.450\",\"header\":\"Away\"},{\"opp\":\"+0.5\",\"odds\":\"1.240\",\"header\":\"Home\"},{\"opp\":\"-0.5\",\"odds\":\"3.900\",\"header\":\"Away\"},{\"opp\":\"+0.5, +1.0\",\"odds\":\"1.150\",\"header\":\"Home\"},{\"opp\":\"-0.5, -1.0\",\"odds\":\"5.500\",\"header\":\"Away\"}],\"alternative_goal_line\":[{\"goals\":\"0.5, 1.0\",\"odds\":\"1.100\",\"header\":\"Over\"},{\"goals\":\"0.5, 1.0\",\"odds\":\"7.000\",\"header\":\"Under\"},{\"goals\":\"1.0\",\"odds\":\"1.120\",\"header\":\"Over\"},{\"goals\":\"1.0\",\"odds\":\"6.250\",\"header\":\"Under\"},{\"goals\":\"1.0, 1.5\",\"odds\":\"1.275\",\"header\":\"Over\"},{\"goals\":\"1.0, 1.5\",\"odds\":\"3.550\",\"header\":\"Under\"},{\"goals\":\"1.5\",\"odds\":\"1.425\",\"header\":\"Over\"},{\"goals\":\"1.5\",\"odds\":\"2.750\",\"header\":\"Under\"},{\"goals\":\"1.5, 2.0\",\"odds\":\"1.550\",\"header\":\"Over\"},{\"goals\":\"1.5, 2.0\",\"odds\":\"2.375\",\"header\":\"Under\"},{\"goals\":\"2.0\",\"odds\":\"1.725\",\"header\":\"Over\"},{\"goals\":\"2.0\",\"odds\":\"2.075\",\"header\":\"Under\"},{\"goals\":\"2.5\",\"odds\":\"2.300\",\"header\":\"Over\"},{\"goals\":\"2.5\",\"odds\":\"1.600\",\"header\":\"Under\"},{\"goals\":\"2.5, 3.0\",\"odds\":\"2.675\",\"header\":\"Over\"},{\"goals\":\"2.5, 3.0\",\"odds\":\"1.450\",\"header\":\"Under\"},{\"goals\":\"3.0\",\"odds\":\"3.550\",\"header\":\"Over\"},{\"goals\":\"3.0\",\"odds\":\"1.275\",\"header\":\"Under\"},{\"goals\":\"3.0, 3.5\",\"odds\":\"3.900\",\"header\":\"Over\"},{\"goals\":\"3.0, 3.5\",\"odds\":\"1.240\",\"header\":\"Under\"},{\"goals\":\"3.5\",\"odds\":\"4.250\",\"header\":\"Over\"},{\"goals\":\"3.5\",\"odds\":\"1.210\",\"header\":\"Under\"},{\"goals\":\"3.5, 4.0\",\"odds\":\"5.750\",\"header\":\"Over\"},{\"goals\":\"3.5, 4.0\",\"odds\":\"1.140\",\"header\":\"Under\"}],\"draw_no_bet\":[{\"opp\":\"Botafogo\",\"odds\":\"1.36\"},{\"opp\":\"Chapecoense\",\"odds\":\"3.00\"}],\"result_both_teams_to_score\":[{\"name\":\"Botafogo\",\"odds\":\"4.75\",\"header\":\"Yes\"},{\"name\":\"Botafogo\",\"odds\":\"2.75\",\"header\":\"No\"},{\"name\":\"Chapecoense\",\"odds\":\"9.50\",\"header\":\"Yes\"},{\"name\":\"Chapecoense\",\"odds\":\"6.50\",\"header\":\"No\"},{\"name\":\"Draw\",\"odds\":\"5.00\",\"header\":\"Yes\"},{\"name\":\"Draw\",\"odds\":\"8.00\",\"header\":\"No\"}],\"handicap_result\":[{\"opp\":\"Botafogo (-1)\",\"odds\":\"3.40\"},{\"opp\":\"Tie - (Chapecoense +1)\",\"odds\":\"3.40\"},{\"opp\":\"Chapecoense (+1)\",\"odds\":\"2.00\"}],\"alternative_handicap_result\":[{\"opp\":\"-3.0\",\"odds\":\"15.00\",\"header\":\"Home\"},{\"opp\":\"+3.0\",\"odds\":\"10.00\",\"header\":\"Tie\"},{\"opp\":\"+3.0\",\"odds\":\"1.06\",\"header\":\"Away\"},{\"opp\":\"-2.0\",\"odds\":\"7.50\",\"header\":\"Home\"},{\"opp\":\"+2.0\",\"odds\":\"5.00\",\"header\":\"Tie\"},{\"opp\":\"+2.0\",\"odds\":\"1.25\",\"header\":\"Away\"},{\"opp\":\"+1.0\",\"odds\":\"1.22\",\"header\":\"Home\"},{\"opp\":\"-1.0\",\"odds\":\"5.50\",\"header\":\"Tie\"},{\"opp\":\"-1.0\",\"odds\":\"10.00\",\"header\":\"Away\"},{\"opp\":\"+2.0\",\"odds\":\"1.05\",\"header\":\"Home\"},{\"opp\":\"-2.0\",\"odds\":\"11.00\",\"header\":\"Tie\"},{\"opp\":\"-2.0\",\"odds\":\"19.00\",\"header\":\"Away\"}],\"winning_margin\":[{\"goals\":\" 1\",\"odds\":\"3.40\",\"header\":\"Home\"},{\"goals\":\" 1\",\"odds\":\"5.50\",\"header\":\"Away\"},{\"goals\":\" 2\",\"odds\":\"5.00\",\"header\":\"Home\"},{\"goals\":\" 2\",\"odds\":\"11.00\",\"header\":\"Away\"},{\"goals\":\" 3\",\"odds\":\"10.00\",\"header\":\"Home\"},{\"goals\":\" 3\",\"odds\":\"41.00\",\"header\":\"Away\"},{\"goals\":\" 4+\",\"odds\":\"15.00\",\"header\":\"Home\"},{\"goals\":\" 4+\",\"odds\":\"126.00\",\"header\":\"Away\"},{\"goals\":\"Score Draw\",\"odds\":\"5.00\",\"header\":\"Home\"},{\"goals\":\"No Goal\",\"odds\":\"8.00\",\"header\":\"Home\"}]}},\"player\":{\"updated_at\":\"1532570321\",\"sp\":{\"goalscorers\":[{\"name\":\"da Silva Ezequiel\",\"odds\":\"5.50\",\"header\":\"First\"},{\"name\":\"da Silva Ezequiel\",\"odds\":\"5.50\",\"header\":\"Last\"},{\"name\":\"da Silva Ezequiel\",\"odds\":\"2.62\",\"header\":\"Anytime\"},{\"name\":\"Rodrigo Aguirre\",\"odds\":\"5.50\",\"header\":\"First\"},{\"name\":\"Rodrigo Aguirre\",\"odds\":\"5.50\",\"header\":\"Last\"},{\"name\":\"Rodrigo Aguirre\",\"odds\":\"2.62\",\"header\":\"Anytime\"},{\"name\":\"Viana Rodrigo Pimpao\",\"odds\":\"5.50\",\"header\":\"First\"},{\"name\":\"Viana Rodrigo Pimpao\",\"odds\":\"5.50\",\"header\":\"Last\"},{\"name\":\"Viana Rodrigo Pimpao\",\"odds\":\"2.62\",\"header\":\"Anytime\"},{\"name\":\"Lira Pachu\",\"odds\":\"6.00\",\"header\":\"First\"},{\"name\":\"Lira Pachu\",\"odds\":\"6.00\",\"header\":\"Last\"},{\"name\":\"Lira Pachu\",\"odds\":\"2.88\",\"header\":\"Anytime\"},{\"name\":\"Almeida Kieza\",\"odds\":\"7.00\",\"header\":\"First\"},{\"name\":\"Almeida Kieza\",\"odds\":\"7.00\",\"header\":\"Last\"},{\"name\":\"Almeida Kieza\",\"odds\":\"3.25\",\"header\":\"Anytime\"},{\"name\":\"de Oliveira Brenner\",\"odds\":\"7.00\",\"header\":\"First\"},{\"name\":\"de Oliveira Brenner\",\"odds\":\"7.00\",\"header\":\"Last\"},{\"name\":\"de Oliveira Brenner\",\"odds\":\"3.25\",\"header\":\"Anytime\"},{\"name\":\"Rodrigues Renatinho\",\"odds\":\"7.50\",\"header\":\"First\"},{\"name\":\"Rodrigues Renatinho\",\"odds\":\"7.50\",\"header\":\"Last\"},{\"name\":\"Rodrigues Renatinho\",\"odds\":\"3.50\",\"header\":\"Anytime\"},{\"name\":\"Silva Joao Pedro\",\"odds\":\"7.50\",\"header\":\"First\"},{\"name\":\"Silva Joao Pedro\",\"odds\":\"7.50\",\"header\":\"Last\"},{\"name\":\"Silva Joao Pedro\",\"odds\":\"3.50\",\"header\":\"Anytime\"},{\"name\":\"Araujo Marcos Vinicius\",\"odds\":\"8.50\",\"header\":\"First\"},{\"name\":\"Araujo Marcos Vinicius\",\"odds\":\"8.50\",\"header\":\"Last\"},{\"name\":\"Araujo Marcos Vinicius\",\"odds\":\"3.75\",\"header\":\"Anytime\"},{\"name\":\"Augusto Guilherme\",\"odds\":\"9.00\",\"header\":\"First\"},{\"name\":\"Augusto Guilherme\",\"odds\":\"9.00\",\"header\":\"Last\"},{\"name\":\"Augusto Guilherme\",\"odds\":\"4.00\",\"header\":\"Anytime\"},{\"name\":\"Caike Arthur\",\"odds\":\"9.00\",\"header\":\"First\"},{\"name\":\"Caike Arthur\",\"odds\":\"9.00\",\"header\":\"Last\"},{\"name\":\"Caike Arthur\",\"odds\":\"4.00\",\"header\":\"Anytime\"},{\"name\":\"do Nascimento Wellington Paulista\",\"odds\":\"9.00\",\"header\":\"First\"},{\"name\":\"do Nascimento Wellington Paulista\",\"odds\":\"9.00\",\"header\":\"Last\"},{\"name\":\"do Nascimento Wellington Paulista\",\"odds\":\"4.00\",\"header\":\"Anytime\"},{\"name\":\"dos Santos Luiz Fernando\",\"odds\":\"9.50\",\"header\":\"First\"},{\"name\":\"dos Santos Luiz Fernando\",\"odds\":\"9.50\",\"header\":\"Last\"},{\"name\":\"dos Santos Luiz Fernando\",\"odds\":\"4.33\",\"header\":\"Anytime\"},{\"name\":\"Leandro Pereira\",\"odds\":\"10.00\",\"header\":\"First\"},{\"name\":\"Leandro Pereira\",\"odds\":\"10.00\",\"header\":\"Last\"},{\"name\":\"Leandro Pereira\",\"odds\":\"4.50\",\"header\":\"Anytime\"},{\"name\":\"Alexandro Dudu Cearense\",\"odds\":\"11.00\",\"header\":\"First\"},{\"name\":\"Alexandro Dudu Cearense\",\"odds\":\"11.00\",\"header\":\"Last\"},{\"name\":\"Alexandro Dudu Cearense\",\"odds\":\"5.00\",\"header\":\"Anytime\"},{\"name\":\"Costa Bruno Silva\",\"odds\":\"11.00\",\"header\":\"First\"},{\"name\":\"Costa Bruno Silva\",\"odds\":\"11.00\",\"header\":\"Last\"},{\"name\":\"Costa Bruno Silva\",\"odds\":\"5.00\",\"header\":\"Anytime\"},{\"name\":\"Siqueira Matheus Fernandes\",\"odds\":\"11.00\",\"header\":\"First\"},{\"name\":\"Siqueira Matheus Fernandes\",\"odds\":\"11.00\",\"header\":\"Last\"},{\"name\":\"Siqueira Matheus Fernandes\",\"odds\":\"5.00\",\"header\":\"Anytime\"},{\"name\":\"Leonardo Valencia\",\"odds\":\"13.00\",\"header\":\"First\"},{\"name\":\"Leonardo Valencia\",\"odds\":\"13.00\",\"header\":\"Last\"},{\"name\":\"Leonardo Valencia\",\"odds\":\"6.00\",\"header\":\"Anytime\"},{\"name\":\"Santos Vinicius\",\"odds\":\"13.00\",\"header\":\"First\"},{\"name\":\"Santos Vinicius\",\"odds\":\"13.00\",\"header\":\"Last\"},{\"name\":\"Santos Vinicius\",\"odds\":\"6.00\",\"header\":\"Anytime\"},{\"name\":\"da Silva Yuri\",\"odds\":\"15.00\",\"header\":\"First\"},{\"name\":\"da Silva Yuri\",\"odds\":\"15.00\",\"header\":\"Last\"},{\"name\":\"da Silva Yuri\",\"odds\":\"6.50\",\"header\":\"Anytime\"},{\"name\":\"dos Santos Marcelo\",\"odds\":\"15.00\",\"header\":\"First\"},{\"name\":\"dos Santos Marcelo\",\"odds\":\"15.00\",\"header\":\"Last\"},{\"name\":\"dos Santos Marcelo\",\"odds\":\"6.50\",\"header\":\"Anytime\"},{\"name\":\"Machado Gustavo Bochecha\",\"odds\":\"15.00\",\"header\":\"First\"},{\"name\":\"Machado Gustavo Bochecha\",\"odds\":\"15.00\",\"header\":\"Last\"},{\"name\":\"Machado Gustavo Bochecha\",\"odds\":\"6.50\",\"header\":\"Anytime\"},{\"name\":\"Oliveira Rodrigo Lindoso\",\"odds\":\"15.00\",\"header\":\"First\"},{\"name\":\"Oliveira Rodrigo Lindoso\",\"odds\":\"15.00\",\"header\":\"Last\"},{\"name\":\"Oliveira Rodrigo Lindoso\",\"odds\":\"6.50\",\"header\":\"Anytime\"},{\"name\":\"Agustin Doffo\",\"odds\":\"17.00\",\"header\":\"First\"},{\"name\":\"Agustin Doffo\",\"odds\":\"17.00\",\"header\":\"Last\"},{\"name\":\"Agustin Doffo\",\"odds\":\"7.50\",\"header\":\"Anytime\"},{\"name\":\"Carvalho Leandro\",\"odds\":\"17.00\",\"header\":\"First\"},{\"name\":\"Carvalho Leandro\",\"odds\":\"17.00\",\"header\":\"Last\"},{\"name\":\"Carvalho Leandro\",\"odds\":\"7.50\",\"header\":\"Anytime\"},{\"name\":\"da Silva Leandro Carvalho\",\"odds\":\"17.00\",\"header\":\"First\"},{\"name\":\"da Silva Leandro Carvalho\",\"odds\":\"17.00\",\"header\":\"Last\"},{\"name\":\"da Silva Leandro Carvalho\",\"odds\":\"7.50\",\"header\":\"Anytime\"},{\"name\":\"Soares Luiz Antonio\",\"odds\":\"17.00\",\"header\":\"First\"},{\"name\":\"Soares Luiz Antonio\",\"odds\":\"17.00\",\"header\":\"Last\"},{\"name\":\"Soares Luiz Antonio\",\"odds\":\"7.50\",\"header\":\"Anytime\"},{\"name\":\"Umbelino Luis Ricardo\",\"odds\":\"17.00\",\"header\":\"First\"},{\"name\":\"Umbelino Luis Ricardo\",\"odds\":\"17.00\",\"header\":\"Last\"},{\"name\":\"Umbelino Luis Ricardo\",\"odds\":\"7.50\",\"header\":\"Anytime\"},{\"name\":\"Barbosa Moises\",\"odds\":\"19.00\",\"header\":\"First\"},{\"name\":\"Barbosa Moises\",\"odds\":\"19.00\",\"header\":\"Last\"},{\"name\":\"Barbosa Moises\",\"odds\":\"8.00\",\"header\":\"Anytime\"},{\"name\":\"Natanael Santos\",\"odds\":\"19.00\",\"header\":\"First\"},{\"name\":\"Natanael Santos\",\"odds\":\"19.00\",\"header\":\"Last\"},{\"name\":\"Natanael Santos\",\"odds\":\"8.00\",\"header\":\"Anytime\"},{\"name\":\"da Costa Igor Rabello\",\"odds\":\"21.00\",\"header\":\"First\"},{\"name\":\"da Costa Igor Rabello\",\"odds\":\"21.00\",\"header\":\"Last\"},{\"name\":\"da Costa Igor Rabello\",\"odds\":\"9.00\",\"header\":\"Anytime\"},{\"name\":\"de Menezes Osman Junior\",\"odds\":\"21.00\",\"header\":\"First\"},{\"name\":\"de Menezes Osman Junior\",\"odds\":\"21.00\",\"header\":\"Last\"},{\"name\":\"de Menezes Osman Junior\",\"odds\":\"9.00\",\"header\":\"Anytime\"},{\"name\":\"Hector Canteros\",\"odds\":\"21.00\",\"header\":\"First\"},{\"name\":\"Hector Canteros\",\"odds\":\"21.00\",\"header\":\"Last\"},{\"name\":\"Hector Canteros\",\"odds\":\"9.00\",\"header\":\"Anytime\"},{\"name\":\"Irmer Jean\",\"odds\":\"21.00\",\"header\":\"First\"},{\"name\":\"Irmer Jean\",\"odds\":\"21.00\",\"header\":\"Last\"},{\"name\":\"Irmer Jean\",\"odds\":\"9.00\",\"header\":\"Anytime\"},{\"name\":\"Malaquias Marcelo\",\"odds\":\"21.00\",\"header\":\"First\"},{\"name\":\"Malaquias Marcelo\",\"odds\":\"21.00\",\"header\":\"Last\"},{\"name\":\"Malaquias Marcelo\",\"odds\":\"9.00\",\"header\":\"Anytime\"},{\"name\":\"Marcelo Barreto\",\"odds\":\"21.00\",\"header\":\"First\"},{\"name\":\"Marcelo Barreto\",\"odds\":\"21.00\",\"header\":\"Last\"},{\"name\":\"Marcelo Barreto\",\"odds\":\"9.00\",\"header\":\"Anytime\"},{\"name\":\"Souza Nenem\",\"odds\":\"21.00\",\"header\":\"First\"},{\"name\":\"Souza Nenem\",\"odds\":\"21.00\",\"header\":\"Last\"},{\"name\":\"Souza Nenem\",\"odds\":\"9.00\",\"header\":\"Anytime\"},{\"name\":\"Joel Carli\",\"odds\":\"23.00\",\"header\":\"First\"},{\"name\":\"Joel Carli\",\"odds\":\"23.00\",\"header\":\"Last\"},{\"name\":\"Joel Carli\",\"odds\":\"10.00\",\"header\":\"Anytime\"},{\"name\":\"Marcos Vinicius\",\"odds\":\"23.00\",\"header\":\"First\"},{\"name\":\"Marcos Vinicius\",\"odds\":\"23.00\",\"header\":\"Last\"},{\"name\":\"Marcos Vinicius\",\"odds\":\"10.00\",\"header\":\"Anytime\"},{\"name\":\"Victor Hugo Kanu\",\"odds\":\"23.00\",\"header\":\"First\"},{\"name\":\"Victor Hugo Kanu\",\"odds\":\"23.00\",\"header\":\"Last\"},{\"name\":\"Victor Hugo Kanu\",\"odds\":\"10.00\",\"header\":\"Anytime\"},{\"name\":\"da Silva Yago\",\"odds\":\"26.00\",\"header\":\"First\"},{\"name\":\"da Silva Yago\",\"odds\":\"26.00\",\"header\":\"Last\"},{\"name\":\"da Silva Yago\",\"odds\":\"12.00\",\"header\":\"Anytime\"},{\"name\":\"de Oliveira Marcinho\",\"odds\":\"26.00\",\"header\":\"First\"},{\"name\":\"de Oliveira Marcinho\",\"odds\":\"26.00\",\"header\":\"Last\"},{\"name\":\"de Oliveira Marcinho\",\"odds\":\"12.00\",\"header\":\"Anytime\"},{\"name\":\"do Nascimento Gilson\",\"odds\":\"26.00\",\"header\":\"First\"},{\"name\":\"do Nascimento Gilson\",\"odds\":\"26.00\",\"header\":\"Last\"},{\"name\":\"do Nascimento Gilson\",\"odds\":\"12.00\",\"header\":\"Anytime\"},{\"name\":\"Rodrigues Marcio Araujo\",\"odds\":\"26.00\",\"header\":\"First\"},{\"name\":\"Rodrigues Marcio Araujo\",\"odds\":\"26.00\",\"header\":\"Last\"},{\"name\":\"Rodrigues Marcio Araujo\",\"odds\":\"12.00\",\"header\":\"Anytime\"},{\"name\":\"Vieira Jonathan\",\"odds\":\"26.00\",\"header\":\"First\"},{\"name\":\"Vieira Jonathan\",\"odds\":\"26.00\",\"header\":\"Last\"},{\"name\":\"Vieira Jonathan\",\"odds\":\"12.00\",\"header\":\"Anytime\"},{\"name\":\"Willian Amaral\",\"odds\":\"26.00\",\"header\":\"First\"},{\"name\":\"Willian Amaral\",\"odds\":\"26.00\",\"header\":\"Last\"},{\"name\":\"Willian Amaral\",\"odds\":\"12.00\",\"header\":\"Anytime\"},{\"name\":\"Gustavo Barreto\",\"odds\":\"34.00\",\"header\":\"First\"},{\"name\":\"Gustavo Barreto\",\"odds\":\"34.00\",\"header\":\"Last\"},{\"name\":\"Gustavo Barreto\",\"odds\":\"15.00\",\"header\":\"Anytime\"},{\"name\":\"Jackel Bruno\",\"odds\":\"34.00\",\"header\":\"First\"},{\"name\":\"Jackel Bruno\",\"odds\":\"34.00\",\"header\":\"Last\"},{\"name\":\"Jackel Bruno\",\"odds\":\"15.00\",\"header\":\"Anytime\"},{\"name\":\"Marques Rafael Thyere\",\"odds\":\"34.00\",\"header\":\"First\"},{\"name\":\"Marques Rafael Thyere\",\"odds\":\"34.00\",\"header\":\"Last\"},{\"name\":\"Marques Rafael Thyere\",\"odds\":\"15.00\",\"header\":\"Anytime\"},{\"name\":\"Ruschel Alan\",\"odds\":\"34.00\",\"header\":\"First\"},{\"name\":\"Ruschel Alan\",\"odds\":\"34.00\",\"header\":\"Last\"},{\"name\":\"Ruschel Alan\",\"odds\":\"15.00\",\"header\":\"Anytime\"},{\"name\":\"Santos Elicarlos\",\"odds\":\"34.00\",\"header\":\"First\"},{\"name\":\"Santos Elicarlos\",\"odds\":\"34.00\",\"header\":\"Last\"},{\"name\":\"Santos Elicarlos\",\"odds\":\"15.00\",\"header\":\"Anytime\"},{\"name\":\"Santos Luiz Otavio\",\"odds\":\"34.00\",\"header\":\"First\"},{\"name\":\"Santos Luiz Otavio\",\"odds\":\"34.00\",\"header\":\"Last\"},{\"name\":\"Santos Luiz Otavio\",\"odds\":\"15.00\",\"header\":\"Anytime\"},{\"name\":\"de Jesus Bruno Pacheco\",\"odds\":\"41.00\",\"header\":\"First\"},{\"name\":\"de Jesus Bruno Pacheco\",\"odds\":\"41.00\",\"header\":\"Last\"},{\"name\":\"de Jesus Bruno Pacheco\",\"odds\":\"19.00\",\"header\":\"Anytime\"},{\"name\":\"Luiz Apodi\",\"odds\":\"41.00\",\"header\":\"First\"},{\"name\":\"Luiz Apodi\",\"odds\":\"41.00\",\"header\":\"Last\"},{\"name\":\"Luiz Apodi\",\"odds\":\"19.00\",\"header\":\"Anytime\"},{\"name\":\"Nery Bareiro\",\"odds\":\"41.00\",\"header\":\"First\"},{\"name\":\"Nery Bareiro\",\"odds\":\"41.00\",\"header\":\"Last\"},{\"name\":\"Nery Bareiro\",\"odds\":\"19.00\",\"header\":\"Anytime\"},{\"name\":\"Ribeiro Vinicius\",\"odds\":\"41.00\",\"header\":\"First\"},{\"name\":\"Ribeiro Vinicius\",\"odds\":\"41.00\",\"header\":\"Last\"},{\"name\":\"Ribeiro Vinicius\",\"odds\":\"19.00\",\"header\":\"Anytime\"},{\"name\":\"Carlos Eduardo\",\"odds\":\"51.00\",\"header\":\"First\"},{\"name\":\"Carlos Eduardo\",\"odds\":\"51.00\",\"header\":\"Last\"},{\"name\":\"Carlos Eduardo\",\"odds\":\"23.00\",\"header\":\"Anytime\"},{\"name\":\"Silva Douglas\",\"odds\":\"51.00\",\"header\":\"First\"},{\"name\":\"Silva Douglas\",\"odds\":\"51.00\",\"header\":\"Last\"},{\"name\":\"Silva Douglas\",\"odds\":\"23.00\",\"header\":\"Anytime\"},{\"name\":\"No Goalscorer\",\"odds\":\"8.00\",\"header\":\"First\"},{\"name\":\"No Goalscorer\",\"odds\":\"8.00\",\"header\":\"Last\"}],\"multi_scorers\":[{\"name\":\"da Silva Ezequiel\",\"odds\":\"10.00\",\"header\":\"2 or More\"},{\"name\":\"da Silva Ezequiel\",\"odds\":\"51.00\",\"header\":\"3 or More\"},{\"name\":\"Rodrigo Aguirre\",\"odds\":\"10.00\",\"header\":\"2 or More\"},{\"name\":\"Rodrigo Aguirre\",\"odds\":\"51.00\",\"header\":\"3 or More\"},{\"name\":\"Viana Rodrigo Pimpao\",\"odds\":\"10.00\",\"header\":\"2 or More\"},{\"name\":\"Viana Rodrigo Pimpao\",\"odds\":\"51.00\",\"header\":\"3 or More\"},{\"name\":\"Lira Pachu\",\"odds\":\"12.00\",\"header\":\"2 or More\"},{\"name\":\"Lira Pachu\",\"odds\":\"51.00\",\"header\":\"3 or More\"},{\"name\":\"Almeida Kieza\",\"odds\":\"17.00\",\"header\":\"2 or More\"},{\"name\":\"Almeida Kieza\",\"odds\":\"81.00\",\"header\":\"3 or More\"},{\"name\":\"de Oliveira Brenner\",\"odds\":\"17.00\",\"header\":\"2 or More\"},{\"name\":\"de Oliveira Brenner\",\"odds\":\"81.00\",\"header\":\"3 or More\"},{\"name\":\"Rodrigues Renatinho\",\"odds\":\"19.00\",\"header\":\"2 or More\"},{\"name\":\"Rodrigues Renatinho\",\"odds\":\"101.00\",\"header\":\"3 or More\"},{\"name\":\"Silva Joao Pedro\",\"odds\":\"19.00\",\"header\":\"2 or More\"},{\"name\":\"Silva Joao Pedro\",\"odds\":\"101.00\",\"header\":\"3 or More\"},{\"name\":\"Araujo Marcos Vinicius\",\"odds\":\"21.00\",\"header\":\"2 or More\"},{\"name\":\"Araujo Marcos Vinicius\",\"odds\":\"101.00\",\"header\":\"3 or More\"},{\"name\":\"Augusto Guilherme\",\"odds\":\"23.00\",\"header\":\"2 or More\"},{\"name\":\"Augusto Guilherme\",\"odds\":\"101.00\",\"header\":\"3 or More\"},{\"name\":\"Caike Arthur\",\"odds\":\"23.00\",\"header\":\"2 or More\"},{\"name\":\"Caike Arthur\",\"odds\":\"101.00\",\"header\":\"3 or More\"},{\"name\":\"do Nascimento Wellington Paulista\",\"odds\":\"23.00\",\"header\":\"2 or More\"},{\"name\":\"do Nascimento Wellington Paulista\",\"odds\":\"101.00\",\"header\":\"3 or More\"},{\"name\":\"dos Santos Luiz Fernando\",\"odds\":\"26.00\",\"header\":\"2 or More\"},{\"name\":\"dos Santos Luiz Fernando\",\"odds\":\"101.00\",\"header\":\"3 or More\"},{\"name\":\"Leandro Pereira\",\"odds\":\"29.00\",\"header\":\"2 or More\"},{\"name\":\"Leandro Pereira\",\"odds\":\"126.00\",\"header\":\"3 or More\"},{\"name\":\"Alexandro Dudu Cearense\",\"odds\":\"34.00\",\"header\":\"2 or More\"},{\"name\":\"Alexandro Dudu Cearense\",\"odds\":\"126.00\",\"header\":\"3 or More\"},{\"name\":\"Costa Bruno Silva\",\"odds\":\"34.00\",\"header\":\"2 or More\"},{\"name\":\"Costa Bruno Silva\",\"odds\":\"126.00\",\"header\":\"3 or More\"},{\"name\":\"Siqueira Matheus Fernandes\",\"odds\":\"34.00\",\"header\":\"2 or More\"},{\"name\":\"Siqueira Matheus Fernandes\",\"odds\":\"126.00\",\"header\":\"3 or More\"},{\"name\":\"da Silva Yuri\",\"odds\":\"51.00\",\"header\":\"2 or More\"},{\"name\":\"da Silva Yuri\",\"odds\":\"201.00\",\"header\":\"3 or More\"},{\"name\":\"dos Santos Marcelo\",\"odds\":\"51.00\",\"header\":\"2 or More\"},{\"name\":\"dos Santos Marcelo\",\"odds\":\"201.00\",\"header\":\"3 or More\"},{\"name\":\"Leonardo Valencia\",\"odds\":\"51.00\",\"header\":\"2 or More\"},{\"name\":\"Leonardo Valencia\",\"odds\":\"151.00\",\"header\":\"3 or More\"},{\"name\":\"Machado Gustavo Bochecha\",\"odds\":\"51.00\",\"header\":\"2 or More\"},{\"name\":\"Machado Gustavo Bochecha\",\"odds\":\"201.00\",\"header\":\"3 or More\"},{\"name\":\"Oliveira Rodrigo Lindoso\",\"odds\":\"51.00\",\"header\":\"2 or More\"},{\"name\":\"Oliveira Rodrigo Lindoso\",\"odds\":\"201.00\",\"header\":\"3 or More\"},{\"name\":\"Santos Vinicius\",\"odds\":\"51.00\",\"header\":\"2 or More\"},{\"name\":\"Santos Vinicius\",\"odds\":\"151.00\",\"header\":\"3 or More\"},{\"name\":\"Agustin Doffo\",\"odds\":\"81.00\",\"header\":\"2 or More\"},{\"name\":\"Agustin Doffo\",\"odds\":\"251.00\",\"header\":\"3 or More\"},{\"name\":\"Carvalho Leandro\",\"odds\":\"81.00\",\"header\":\"2 or More\"},{\"name\":\"Carvalho Leandro\",\"odds\":\"251.00\",\"header\":\"3 or More\"},{\"name\":\"da Silva Leandro Carvalho\",\"odds\":\"81.00\",\"header\":\"2 or More\"},{\"name\":\"da Silva Leandro Carvalho\",\"odds\":\"251.00\",\"header\":\"3 or More\"},{\"name\":\"Soares Luiz Antonio\",\"odds\":\"81.00\",\"header\":\"2 or More\"},{\"name\":\"Soares Luiz Antonio\",\"odds\":\"251.00\",\"header\":\"3 or More\"},{\"name\":\"Umbelino Luis Ricardo\",\"odds\":\"81.00\",\"header\":\"2 or More\"},{\"name\":\"Umbelino Luis Ricardo\",\"odds\":\"251.00\",\"header\":\"3 or More\"},{\"name\":\"Barbosa Moises\",\"odds\":\"101.00\",\"header\":\"2 or More\"},{\"name\":\"Barbosa Moises\",\"odds\":\"301.00\",\"header\":\"3 or More\"},{\"name\":\"da Costa Igor Rabello\",\"odds\":\"101.00\",\"header\":\"2 or More\"},{\"name\":\"da Costa Igor Rabello\",\"odds\":\"401.00\",\"header\":\"3 or More\"},{\"name\":\"da Silva Yago\",\"odds\":\"101.00\",\"header\":\"2 or More\"},{\"name\":\"da Silva Yago\",\"odds\":\"501.00\",\"header\":\"3 or More\"},{\"name\":\"de Menezes Osman Junior\",\"odds\":\"101.00\",\"header\":\"2 or More\"},{\"name\":\"de Menezes Osman Junior\",\"odds\":\"401.00\",\"header\":\"3 or More\"},{\"name\":\"de Oliveira Marcinho\",\"odds\":\"101.00\",\"header\":\"2 or More\"},{\"name\":\"de Oliveira Marcinho\",\"odds\":\"501.00\",\"header\":\"3 or More\"},{\"name\":\"do Nascimento Gilson\",\"odds\":\"101.00\",\"header\":\"2 or More\"},{\"name\":\"do Nascimento Gilson\",\"odds\":\"501.00\",\"header\":\"3 or More\"},{\"name\":\"Hector Canteros\",\"odds\":\"101.00\",\"header\":\"2 or More\"},{\"name\":\"Hector Canteros\",\"odds\":\"401.00\",\"header\":\"3 or More\"},{\"name\":\"Irmer Jean\",\"odds\":\"101.00\",\"header\":\"2 or More\"},{\"name\":\"Irmer Jean\",\"odds\":\"401.00\",\"header\":\"3 or More\"},{\"name\":\"Joel Carli\",\"odds\":\"101.00\",\"header\":\"2 or More\"},{\"name\":\"Joel Carli\",\"odds\":\"501.00\",\"header\":\"3 or More\"},{\"name\":\"Malaquias Marcelo\",\"odds\":\"101.00\",\"header\":\"2 or More\"},{\"name\":\"Malaquias Marcelo\",\"odds\":\"401.00\",\"header\":\"3 or More\"},{\"name\":\"Marcelo Barreto\",\"odds\":\"101.00\",\"header\":\"2 or More\"},{\"name\":\"Marcelo Barreto\",\"odds\":\"401.00\",\"header\":\"3 or More\"},{\"name\":\"Marcos Vinicius\",\"odds\":\"101.00\",\"header\":\"2 or More\"},{\"name\":\"Marcos Vinicius\",\"odds\":\"501.00\",\"header\":\"3 or More\"},{\"name\":\"Natanael Santos\",\"odds\":\"101.00\",\"header\":\"2 or More\"},{\"name\":\"Natanael Santos\",\"odds\":\"301.00\",\"header\":\"3 or More\"},{\"name\":\"Rodrigues Marcio Araujo\",\"odds\":\"101.00\",\"header\":\"2 or More\"},{\"name\":\"Rodrigues Marcio Araujo\",\"odds\":\"501.00\",\"header\":\"3 or More\"},{\"name\":\"Souza Nenem\",\"odds\":\"101.00\",\"header\":\"2 or More\"},{\"name\":\"Souza Nenem\",\"odds\":\"401.00\",\"header\":\"3 or More\"},{\"name\":\"Victor Hugo Kanu\",\"odds\":\"101.00\",\"header\":\"2 or More\"},{\"name\":\"Victor Hugo Kanu\",\"odds\":\"501.00\",\"header\":\"3 or More\"},{\"name\":\"Vieira Jonathan\",\"odds\":\"101.00\",\"header\":\"2 or More\"},{\"name\":\"Vieira Jonathan\",\"odds\":\"501.00\",\"header\":\"3 or More\"},{\"name\":\"Willian Amaral\",\"odds\":\"101.00\",\"header\":\"2 or More\"},{\"name\":\"Willian Amaral\",\"odds\":\"501.00\",\"header\":\"3 or More\"},{\"name\":\"de Jesus Bruno Pacheco\",\"odds\":\"151.00\",\"header\":\"2 or More\"},{\"name\":\"de Jesus Bruno Pacheco\",\"odds\":\"501.00\",\"header\":\"3 or More\"},{\"name\":\"Gustavo Barreto\",\"odds\":\"151.00\",\"header\":\"2 or More\"},{\"name\":\"Gustavo Barreto\",\"odds\":\"501.00\",\"header\":\"3 or More\"},{\"name\":\"Jackel Bruno\",\"odds\":\"151.00\",\"header\":\"2 or More\"},{\"name\":\"Jackel Bruno\",\"odds\":\"501.00\",\"header\":\"3 or More\"},{\"name\":\"Luiz Apodi\",\"odds\":\"151.00\",\"header\":\"2 or More\"},{\"name\":\"Luiz Apodi\",\"odds\":\"501.00\",\"header\":\"3 or More\"},{\"name\":\"Marques Rafael Thyere\",\"odds\":\"151.00\",\"header\":\"2 or More\"},{\"name\":\"Marques Rafael Thyere\",\"odds\":\"501.00\",\"header\":\"3 or More\"},{\"name\":\"Nery Bareiro\",\"odds\":\"151.00\",\"header\":\"2 or More\"},{\"name\":\"Nery Bareiro\",\"odds\":\"501.00\",\"header\":\"3 or More\"},{\"name\":\"Ribeiro Vinicius\",\"odds\":\"151.00\",\"header\":\"2 or More\"},{\"name\":\"Ribeiro Vinicius\",\"odds\":\"501.00\",\"header\":\"3 or More\"},{\"name\":\"Ruschel Alan\",\"odds\":\"151.00\",\"header\":\"2 or More\"},{\"name\":\"Ruschel Alan\",\"odds\":\"501.00\",\"header\":\"3 or More\"},{\"name\":\"Santos Elicarlos\",\"odds\":\"151.00\",\"header\":\"2 or More\"},{\"name\":\"Santos Elicarlos\",\"odds\":\"501.00\",\"header\":\"3 or More\"},{\"name\":\"Santos Luiz Otavio\",\"odds\":\"151.00\",\"header\":\"2 or More\"},{\"name\":\"Santos Luiz Otavio\",\"odds\":\"501.00\",\"header\":\"3 or More\"},{\"name\":\"Carlos Eduardo\",\"odds\":\"201.00\",\"header\":\"2 or More\"},{\"name\":\"Carlos Eduardo\",\"odds\":\"501.00\",\"header\":\"3 or More\"},{\"name\":\"Silva Douglas\",\"odds\":\"201.00\",\"header\":\"2 or More\"},{\"name\":\"Silva Douglas\",\"odds\":\"501.00\",\"header\":\"3 or More\"}],\"team_goalscorer\":[{\"name\":\"da Silva Ezequiel\",\"odds\":\"3.60\",\"header\":\"First\"},{\"name\":\"da Silva Ezequiel\",\"odds\":\"3.60\",\"header\":\"Last\"},{\"name\":\"Rodrigo Aguirre\",\"odds\":\"3.60\",\"header\":\"First\"},{\"name\":\"Rodrigo Aguirre\",\"odds\":\"3.60\",\"header\":\"Last\"},{\"name\":\"Viana Rodrigo Pimpao\",\"odds\":\"3.60\",\"header\":\"First\"},{\"name\":\"Viana Rodrigo Pimpao\",\"odds\":\"3.60\",\"header\":\"Last\"},{\"name\":\"Lira Pachu\",\"odds\":\"3.75\",\"header\":\"First\"},{\"name\":\"Lira Pachu\",\"odds\":\"3.75\",\"header\":\"Last\"},{\"name\":\"Almeida Kieza\",\"odds\":\"4.33\",\"header\":\"First\"},{\"name\":\"Almeida Kieza\",\"odds\":\"4.33\",\"header\":\"Last\"},{\"name\":\"de Oliveira Brenner\",\"odds\":\"4.75\",\"header\":\"First\"},{\"name\":\"de Oliveira Brenner\",\"odds\":\"4.75\",\"header\":\"Last\"},{\"name\":\"Rodrigues Renatinho\",\"odds\":\"5.00\",\"header\":\"First\"},{\"name\":\"Rodrigues Renatinho\",\"odds\":\"5.00\",\"header\":\"Last\"},{\"name\":\"Silva Joao Pedro\",\"odds\":\"5.00\",\"header\":\"First\"},{\"name\":\"Silva Joao Pedro\",\"odds\":\"5.00\",\"header\":\"Last\"},{\"name\":\"Araujo Marcos Vinicius\",\"odds\":\"5.50\",\"header\":\"First\"},{\"name\":\"Araujo Marcos Vinicius\",\"odds\":\"5.50\",\"header\":\"Last\"},{\"name\":\"dos Santos Luiz Fernando\",\"odds\":\"6.00\",\"header\":\"First\"},{\"name\":\"dos Santos Luiz Fernando\",\"odds\":\"6.00\",\"header\":\"Last\"},{\"name\":\"Alexandro Dudu Cearense\",\"odds\":\"7.00\",\"header\":\"First\"},{\"name\":\"Alexandro Dudu Cearense\",\"odds\":\"7.00\",\"header\":\"Last\"},{\"name\":\"Siqueira Matheus Fernandes\",\"odds\":\"7.00\",\"header\":\"First\"},{\"name\":\"Siqueira Matheus Fernandes\",\"odds\":\"7.00\",\"header\":\"Last\"},{\"name\":\"Leonardo Valencia\",\"odds\":\"8.00\",\"header\":\"First\"},{\"name\":\"Leonardo Valencia\",\"odds\":\"8.00\",\"header\":\"Last\"},{\"name\":\"da Silva Yuri\",\"odds\":\"9.00\",\"header\":\"First\"},{\"name\":\"da Silva Yuri\",\"odds\":\"9.00\",\"header\":\"Last\"},{\"name\":\"dos Santos Marcelo\",\"odds\":\"9.00\",\"header\":\"First\"},{\"name\":\"dos Santos Marcelo\",\"odds\":\"9.00\",\"header\":\"Last\"},{\"name\":\"Machado Gustavo Bochecha\",\"odds\":\"9.00\",\"header\":\"First\"},{\"name\":\"Machado Gustavo Bochecha\",\"odds\":\"9.00\",\"header\":\"Last\"},{\"name\":\"Oliveira Rodrigo Lindoso\",\"odds\":\"9.00\",\"header\":\"First\"},{\"name\":\"Oliveira Rodrigo Lindoso\",\"odds\":\"9.00\",\"header\":\"Last\"},{\"name\":\"Carvalho Leandro\",\"odds\":\"11.00\",\"header\":\"First\"},{\"name\":\"Carvalho Leandro\",\"odds\":\"11.00\",\"header\":\"Last\"},{\"name\":\"da Silva Leandro Carvalho\",\"odds\":\"11.00\",\"header\":\"First\"},{\"name\":\"da Silva Leandro Carvalho\",\"odds\":\"11.00\",\"header\":\"Last\"},{\"name\":\"Umbelino Luis Ricardo\",\"odds\":\"11.00\",\"header\":\"First\"},{\"name\":\"Umbelino Luis Ricardo\",\"odds\":\"11.00\",\"header\":\"Last\"},{\"name\":\"Barbosa Moises\",\"odds\":\"12.00\",\"header\":\"First\"},{\"name\":\"Barbosa Moises\",\"odds\":\"12.00\",\"header\":\"Last\"},{\"name\":\"da Costa Igor Rabello\",\"odds\":\"13.00\",\"header\":\"First\"},{\"name\":\"da Costa Igor Rabello\",\"odds\":\"13.00\",\"header\":\"Last\"},{\"name\":\"Irmer Jean\",\"odds\":\"13.00\",\"header\":\"First\"},{\"name\":\"Irmer Jean\",\"odds\":\"13.00\",\"header\":\"Last\"},{\"name\":\"Malaquias Marcelo\",\"odds\":\"13.00\",\"header\":\"First\"},{\"name\":\"Malaquias Marcelo\",\"odds\":\"13.00\",\"header\":\"Last\"},{\"name\":\"Joel Carli\",\"odds\":\"15.00\",\"header\":\"First\"},{\"name\":\"Joel Carli\",\"odds\":\"15.00\",\"header\":\"Last\"},{\"name\":\"Victor Hugo Kanu\",\"odds\":\"15.00\",\"header\":\"First\"},{\"name\":\"Victor Hugo Kanu\",\"odds\":\"15.00\",\"header\":\"Last\"},{\"name\":\"da Silva Yago\",\"odds\":\"19.00\",\"header\":\"First\"},{\"name\":\"da Silva Yago\",\"odds\":\"19.00\",\"header\":\"Last\"},{\"name\":\"de Oliveira Marcinho\",\"odds\":\"19.00\",\"header\":\"First\"},{\"name\":\"de Oliveira Marcinho\",\"odds\":\"19.00\",\"header\":\"Last\"},{\"name\":\"do Nascimento Gilson\",\"odds\":\"19.00\",\"header\":\"First\"},{\"name\":\"do Nascimento Gilson\",\"odds\":\"19.00\",\"header\":\"Last\"},{\"name\":\"Vieira Jonathan\",\"odds\":\"19.00\",\"header\":\"First\"},{\"name\":\"Vieira Jonathan\",\"odds\":\"19.00\",\"header\":\"Last\"},{\"name\":\"No Goalscorer (Botafogo)\",\"odds\":\"3.75\",\"header\":\"First\"},{\"name\":\"No Goalscorer (Botafogo)\",\"odds\":\"3.75\",\"header\":\"Last\"},{\"name\":\"Augusto Guilherme\",\"odds\":\"5.00\",\"header\":\"First\"},{\"name\":\"Augusto Guilherme\",\"odds\":\"5.00\",\"header\":\"Last\"},{\"name\":\"Caike Arthur\",\"odds\":\"5.00\",\"header\":\"First\"},{\"name\":\"Caike Arthur\",\"odds\":\"5.00\",\"header\":\"Last\"},{\"name\":\"do Nascimento Wellington Paulista\",\"odds\":\"5.00\",\"header\":\"First\"},{\"name\":\"do Nascimento Wellington Paulista\",\"odds\":\"5.00\",\"header\":\"Last\"},{\"name\":\"Leandro Pereira\",\"odds\":\"5.50\",\"header\":\"First\"},{\"name\":\"Leandro Pereira\",\"odds\":\"5.50\",\"header\":\"Last\"},{\"name\":\"Costa Bruno Silva\",\"odds\":\"6.00\",\"header\":\"First\"},{\"name\":\"Costa Bruno Silva\",\"odds\":\"6.00\",\"header\":\"Last\"},{\"name\":\"Santos Vinicius\",\"odds\":\"7.00\",\"header\":\"First\"},{\"name\":\"Santos Vinicius\",\"odds\":\"7.00\",\"header\":\"Last\"},{\"name\":\"Agustin Doffo\",\"odds\":\"9.00\",\"header\":\"First\"},{\"name\":\"Agustin Doffo\",\"odds\":\"9.00\",\"header\":\"Last\"},{\"name\":\"Soares Luiz Antonio\",\"odds\":\"9.00\",\"header\":\"First\"},{\"name\":\"Soares Luiz Antonio\",\"odds\":\"9.00\",\"header\":\"Last\"},{\"name\":\"Natanael Santos\",\"odds\":\"11.00\",\"header\":\"First\"},{\"name\":\"Natanael Santos\",\"odds\":\"11.00\",\"header\":\"Last\"},{\"name\":\"de Menezes Osman Junior\",\"odds\":\"12.00\",\"header\":\"First\"},{\"name\":\"de Menezes Osman Junior\",\"odds\":\"12.00\",\"header\":\"Last\"},{\"name\":\"Hector Canteros\",\"odds\":\"12.00\",\"header\":\"First\"},{\"name\":\"Hector Canteros\",\"odds\":\"12.00\",\"header\":\"Last\"},{\"name\":\"Marcelo Barreto\",\"odds\":\"12.00\",\"header\":\"First\"},{\"name\":\"Marcelo Barreto\",\"odds\":\"12.00\",\"header\":\"Last\"},{\"name\":\"Souza Nenem\",\"odds\":\"12.00\",\"header\":\"First\"},{\"name\":\"Souza Nenem\",\"odds\":\"12.00\",\"header\":\"Last\"},{\"name\":\"Marcos Vinicius\",\"odds\":\"13.00\",\"header\":\"First\"},{\"name\":\"Marcos Vinicius\",\"odds\":\"13.00\",\"header\":\"Last\"},{\"name\":\"Rodrigues Marcio Araujo\",\"odds\":\"15.00\",\"header\":\"First\"},{\"name\":\"Rodrigues Marcio Araujo\",\"odds\":\"15.00\",\"header\":\"Last\"},{\"name\":\"Willian Amaral\",\"odds\":\"15.00\",\"header\":\"First\"},{\"name\":\"Willian Amaral\",\"odds\":\"15.00\",\"header\":\"Last\"},{\"name\":\"Gustavo Barreto\",\"odds\":\"19.00\",\"header\":\"First\"},{\"name\":\"Gustavo Barreto\",\"odds\":\"19.00\",\"header\":\"Last\"},{\"name\":\"Jackel Bruno\",\"odds\":\"19.00\",\"header\":\"First\"},{\"name\":\"Jackel Bruno\",\"odds\":\"19.00\",\"header\":\"Last\"},{\"name\":\"Marques Rafael Thyere\",\"odds\":\"19.00\",\"header\":\"First\"},{\"name\":\"Marques Rafael Thyere\",\"odds\":\"19.00\",\"header\":\"Last\"},{\"name\":\"Santos Elicarlos\",\"odds\":\"19.00\",\"header\":\"First\"},{\"name\":\"Santos Elicarlos\",\"odds\":\"19.00\",\"header\":\"Last\"},{\"name\":\"Santos Luiz Otavio\",\"odds\":\"19.00\",\"header\":\"First\"},{\"name\":\"Santos Luiz Otavio\",\"odds\":\"19.00\",\"header\":\"Last\"},{\"name\":\"Ruschel Alan\",\"odds\":\"21.00\",\"header\":\"First\"},{\"name\":\"Ruschel Alan\",\"odds\":\"21.00\",\"header\":\"Last\"},{\"name\":\"de Jesus Bruno Pacheco\",\"odds\":\"23.00\",\"header\":\"First\"},{\"name\":\"de Jesus Bruno Pacheco\",\"odds\":\"23.00\",\"header\":\"Last\"},{\"name\":\"Luiz Apodi\",\"odds\":\"23.00\",\"header\":\"First\"},{\"name\":\"Luiz Apodi\",\"odds\":\"23.00\",\"header\":\"Last\"},{\"name\":\"Nery Bareiro\",\"odds\":\"23.00\",\"header\":\"First\"},{\"name\":\"Nery Bareiro\",\"odds\":\"23.00\",\"header\":\"Last\"},{\"name\":\"Ribeiro Vinicius\",\"odds\":\"23.00\",\"header\":\"First\"},{\"name\":\"Ribeiro Vinicius\",\"odds\":\"23.00\",\"header\":\"Last\"},{\"name\":\"Carlos Eduardo\",\"odds\":\"26.00\",\"header\":\"First\"},{\"name\":\"Carlos Eduardo\",\"odds\":\"26.00\",\"header\":\"Last\"},{\"name\":\"Silva Douglas\",\"odds\":\"34.00\",\"header\":\"First\"},{\"name\":\"Silva Douglas\",\"odds\":\"34.00\",\"header\":\"Last\"},{\"name\":\"No Goalscorer (Chapecoense)\",\"odds\":\"2.20\",\"header\":\"First\"},{\"name\":\"No Goalscorer (Chapecoense)\",\"odds\":\"2.20\",\"header\":\"Last\"}]}},\"schedule\":{\"updated_at\":\"1532570225\",\"sp\":{\"main\":[{\"odds\":\"1.83\"},{\"odds\":\"3.50\"},{\"odds\":\"4.33\"}]}},\"specials\":{\"updated_at\":\"1532570349\",\"sp\":{\"specials\":[{\"name\":\"To Win From Behind\",\"odds\":\"9.00\",\"header\":\"Home\"},{\"name\":\"To Win From Behind\",\"odds\":\"15.00\",\"header\":\"Away\"},{\"name\":\"To Win to Nil\",\"odds\":\"2.75\",\"header\":\"Home\"},{\"name\":\"To Win to Nil\",\"odds\":\"6.50\",\"header\":\"Away\"},{\"name\":\"To Win Either Half\",\"odds\":\"1.50\",\"header\":\"Home\"},{\"name\":\"To Win Either Half\",\"odds\":\"2.50\",\"header\":\"Away\"},{\"name\":\"To Win Both Halves\",\"odds\":\"6.00\",\"header\":\"Home\"},{\"name\":\"To Win Both Halves\",\"odds\":\"21.00\",\"header\":\"Away\"},{\"name\":\"To Score in Both Halves\",\"odds\":\"3.40\",\"header\":\"Home\"},{\"name\":\"To Score in Both Halves\",\"odds\":\"7.00\",\"header\":\"Away\"}],\"to_score_in_half\":[{\"name\":\"1st Half\",\"odds\":\"2.00\",\"header\":\"Yes\"},{\"name\":\"1st Half\",\"odds\":\"1.73\",\"header\":\"No\"},{\"name\":\"2nd Half\",\"odds\":\"1.67\",\"header\":\"Yes\"},{\"name\":\"2nd Half\",\"odds\":\"2.10\",\"header\":\"No\"},{\"name\":\"1st Half\",\"odds\":\"3.00\",\"header\":\"Yes\"},{\"name\":\"1st Half\",\"odds\":\"1.36\",\"header\":\"No\"},{\"name\":\"2nd Half\",\"odds\":\"2.38\",\"header\":\"Yes\"},{\"name\":\"2nd Half\",\"odds\":\"1.53\",\"header\":\"No\"}],\"own_goal\":[{\"opp\":\"Yes\",\"odds\":\"13.00\"},{\"opp\":\"No\",\"odds\":\"1.04\"}]}}}]}"}