{"odd":"{\"success\":1,\"results\":[{\"FI\":\"75382811\",\"event_id\":\"838561\",\"goals\":{\"updated_at\":\"1532569998\",\"sp\":{\"goals_over_under\":[{\"goals\":\"2.5\",\"odds\":\"1.90\",\"header\":\"Over\"},{\"goals\":\"2.5\",\"odds\":\"1.90\",\"header\":\"Under\"}],\"first_team_to_score\":[{\"opp\":\"Rotor Volgograd II\",\"odds\":\"2.25\"},{\"opp\":\"No Goals\",\"odds\":\"10.00\"},{\"opp\":\"Sokol Saratov\",\"odds\":\"1.73\"}],\"home_team_highest_scoring_half\":[{\"opp\":\"Rotor Volgograd II - 1st Half\",\"odds\":\"4.00\"},{\"opp\":\"Rotor Volgograd II - 2nd Half\",\"odds\":\"2.75\"},{\"opp\":\"Rotor Volgograd II - Tie\",\"odds\":\"2.05\"}],\"away_team_highest_scoring_half\":[{\"opp\":\"Sokol Saratov - 1st Half\",\"odds\":\"3.40\"},{\"opp\":\"Sokol Saratov - 2nd Half\",\"odds\":\"2.30\"},{\"opp\":\"Sokol Saratov - Tie\",\"odds\":\"2.60\"}],\"goals_odd_even\":[{\"opp\":\"Even\",\"odds\":\"1.90\"},{\"opp\":\"Odd\",\"odds\":\"1.95\"}],\"home_team_odd_even_goals\":[{\"opp\":\"Rotor Volgograd II - Even\",\"odds\":\"1.67\"},{\"opp\":\"Rotor Volgograd II - Odd\",\"odds\":\"2.10\"}],\"away_team_odd_even_goals\":[{\"opp\":\"Sokol Saratov - Even\",\"odds\":\"1.80\"},{\"opp\":\"Sokol Saratov - Odd\",\"odds\":\"1.91\"}],\"1st_half_goals_odd_even\":[{\"opp\":\"Odd\",\"odds\":\"2.20\"},{\"opp\":\"Even\",\"odds\":\"1.67\"}]}},\"half\":{\"updated_at\":\"1532570006\",\"sp\":{\"half_time_result\":[{\"opp\":\"1\",\"odds\":\"4.00\"},{\"opp\":\"X\",\"odds\":\"2.20\"},{\"opp\":\"2\",\"odds\":\"2.50\"}],\"half_time_double_chance\":[{\"opp\":\"1X\",\"odds\":\"1.50\"},{\"opp\":\"X2\",\"odds\":\"1.22\"},{\"opp\":\"12\",\"odds\":\"1.62\"}],\"half_time_correct_score\":[{\"opp\":\"1-0\",\"odds\":\"6.00\",\"header\":\"Home\"},{\"opp\":\"0-0\",\"odds\":\"2.75\",\"header\":\"X\"},{\"opp\":\"1-0\",\"odds\":\"4.00\",\"header\":\"Away\"},{\"opp\":\"2-0\",\"odds\":\"19.00\",\"header\":\"Home\"},{\"opp\":\"1-1\",\"odds\":\"9.50\",\"header\":\"X\"},{\"opp\":\"2-0\",\"odds\":\"10.00\",\"header\":\"Away\"},{\"opp\":\"2-1\",\"odds\":\"34.00\",\"header\":\"Home\"},{\"opp\":\"2-2\",\"odds\":\"67.00\",\"header\":\"X\"},{\"opp\":\"2-1\",\"odds\":\"26.00\",\"header\":\"Away\"},{\"opp\":\"3-0\",\"odds\":\"51.00\",\"header\":\"Home\"},{\"opp\":\"3-0\",\"odds\":\"29.00\",\"header\":\"Away\"},{\"opp\":\"3-1\",\"odds\":\"81.00\",\"header\":\"Home\"},{\"opp\":\"3-1\",\"odds\":\"51.00\",\"header\":\"Away\"},{\"opp\":\"4-0\",\"odds\":\"67.00\",\"header\":\"Away\"}],\"1st_half_goals_odd_even\":[{\"opp\":\"Odd\",\"odds\":\"2.20\"},{\"opp\":\"Even\",\"odds\":\"1.67\"}],\"home_team_highest_scoring_half\":[{\"opp\":\"Rotor Volgograd II - 1st Half\",\"odds\":\"4.00\"},{\"opp\":\"Rotor Volgograd II - 2nd Half\",\"odds\":\"2.75\"},{\"opp\":\"Rotor Volgograd II - Tie\",\"odds\":\"2.05\"}],\"away_team_highest_scoring_half\":[{\"opp\":\"Sokol Saratov - 1st Half\",\"odds\":\"3.40\"},{\"opp\":\"Sokol Saratov - 2nd Half\",\"odds\":\"2.30\"},{\"opp\":\"Sokol Saratov - Tie\",\"odds\":\"2.60\"}],\"2nd_half_goals_odd_even\":[{\"opp\":\"Even\",\"odds\":\"1.73\"},{\"opp\":\"Odd\",\"odds\":\"2.00\"}]}},\"main\":{\"updated_at\":\"1532569979\",\"sp\":{\"full_time_result\":[{\"opp\":\"1\",\"odds\":\"3.50\"},{\"opp\":\"X\",\"odds\":\"3.30\"},{\"opp\":\"2\",\"odds\":\"1.91\"}],\"double_chance\":[{\"opp\":\"1X\",\"odds\":\"1.80\"},{\"opp\":\"X2\",\"odds\":\"1.29\"},{\"opp\":\"12\",\"odds\":\"1.33\"}],\"correct_score\":[{\"opp\":\"1-0\",\"odds\":\"12.00\",\"header\":\"Home\"},{\"opp\":\"0-0\",\"odds\":\"10.00\",\"header\":\"X\"},{\"opp\":\"1-0\",\"odds\":\"7.50\",\"header\":\"Away\"},{\"opp\":\"2-0\",\"odds\":\"19.00\",\"header\":\"Home\"},{\"opp\":\"1-1\",\"odds\":\"7.00\",\"header\":\"X\"},{\"opp\":\"2-0\",\"odds\":\"9.50\",\"header\":\"Away\"},{\"opp\":\"2-1\",\"odds\":\"15.00\",\"header\":\"Home\"},{\"opp\":\"2-2\",\"odds\":\"15.00\",\"header\":\"X\"},{\"opp\":\"2-1\",\"odds\":\"10.00\",\"header\":\"Away\"},{\"opp\":\"3-0\",\"odds\":\"34.00\",\"header\":\"Home\"},{\"opp\":\"3-3\",\"odds\":\"51.00\",\"header\":\"X\"},{\"opp\":\"3-0\",\"odds\":\"15.00\",\"header\":\"Away\"},{\"opp\":\"3-1\",\"odds\":\"29.00\",\"header\":\"Home\"},{\"opp\":\"3-1\",\"odds\":\"17.00\",\"header\":\"Away\"},{\"opp\":\"3-2\",\"odds\":\"41.00\",\"header\":\"Home\"},{\"opp\":\"3-2\",\"odds\":\"29.00\",\"header\":\"Away\"},{\"opp\":\"4-0\",\"odds\":\"67.00\",\"header\":\"Home\"},{\"opp\":\"4-0\",\"odds\":\"29.00\",\"header\":\"Away\"},{\"opp\":\"4-1\",\"odds\":\"51.00\",\"header\":\"Home\"},{\"opp\":\"4-1\",\"odds\":\"34.00\",\"header\":\"Away\"},{\"opp\":\"4-2\",\"odds\":\"81.00\",\"header\":\"Home\"},{\"opp\":\"4-2\",\"odds\":\"51.00\",\"header\":\"Away\"},{\"opp\":\"5-0\",\"odds\":\"51.00\",\"header\":\"Away\"},{\"opp\":\"5-1\",\"odds\":\"51.00\",\"header\":\"Away\"}],\"half_time_full_time\":[{\"opp\":\"Rotor Volgograd II - Rotor Volgograd II\",\"odds\":\"6.00\"},{\"opp\":\"Rotor Volgograd II - Draw\",\"odds\":\"17.00\"},{\"opp\":\"Rotor Volgograd II - Sokol Saratov\",\"odds\":\"23.00\"},{\"opp\":\"Draw - Rotor Volgograd II\",\"odds\":\"8.00\"},{\"opp\":\"Draw - Draw\",\"odds\":\"5.50\"},{\"opp\":\"Draw - Sokol Saratov\",\"odds\":\"5.00\"},{\"opp\":\"Sokol Saratov - Rotor Volgograd II\",\"odds\":\"29.00\"},{\"opp\":\"Sokol Saratov - Draw\",\"odds\":\"15.00\"},{\"opp\":\"Sokol Saratov - Sokol Saratov\",\"odds\":\"3.10\"}],\"goals_over_under\":[{\"goals\":\"2.5\",\"odds\":\"1.90\",\"header\":\"Over\"},{\"goals\":\"2.5\",\"odds\":\"1.90\",\"header\":\"Under\"}],\"draw_no_bet\":[{\"opp\":\"Rotor Volgograd II\",\"odds\":\"2.62\"},{\"opp\":\"Sokol Saratov\",\"odds\":\"1.44\"}]}},\"schedule\":{\"updated_at\":\"1532570184\",\"sp\":{\"main\":[{\"odds\":\"3.50\"},{\"odds\":\"3.30\"},{\"odds\":\"1.91\"}]}}}]}"}