{"odd":"{\"success\":1,\"results\":[{\"FI\":\"75367798\",\"event_id\":\"841072\",\"asian_lines\":{\"updated_at\":\"1532570080\",\"sp\":{\"asian_handicap\":[{\"opp\":\"+0.5, +1.0\",\"odds\":\"2.050\",\"header\":\"Home\"},{\"opp\":\"-0.5, -1.0\",\"odds\":\"1.750\",\"header\":\"Away\"}],\"goal_line\":[{\"goals\":\"2.5, 3.0\",\"odds\":\"1.900\",\"header\":\"Over\"},{\"goals\":\"2.5, 3.0\",\"odds\":\"1.900\",\"header\":\"Under\"}],\"alternative_asian_handicap\":[{\"opp\":\"-0.5, -1.0\",\"odds\":\"6.250\",\"header\":\"Home\"},{\"opp\":\"+0.5, +1.0\",\"odds\":\"1.120\",\"header\":\"Away\"},{\"opp\":\"-0.5\",\"odds\":\"4.500\",\"header\":\"Home\"},{\"opp\":\"+0.5\",\"odds\":\"1.190\",\"header\":\"Away\"},{\"opp\":\"0.0, -0.5\",\"odds\":\"4.150\",\"header\":\"Home\"},{\"opp\":\"0.0, +0.5\",\"odds\":\"1.220\",\"header\":\"Away\"},{\"opp\":\"0.0\",\"odds\":\"3.700\",\"header\":\"Home\"},{\"opp\":\"0.0\",\"odds\":\"1.260\",\"header\":\"Away\"},{\"opp\":\"0.0, +0.5\",\"odds\":\"2.750\",\"header\":\"Home\"},{\"opp\":\"0.0, -0.5\",\"odds\":\"1.425\",\"header\":\"Away\"},{\"opp\":\"+0.5\",\"odds\":\"2.300\",\"header\":\"Home\"},{\"opp\":\"-0.5\",\"odds\":\"1.600\",\"header\":\"Away\"},{\"opp\":\"+1.0\",\"odds\":\"1.775\",\"header\":\"Home\"},{\"opp\":\"-1.0\",\"odds\":\"2.025\",\"header\":\"Away\"},{\"opp\":\"+1.0, +1.5\",\"odds\":\"1.600\",\"header\":\"Home\"},{\"opp\":\"-1.0, -1.5\",\"odds\":\"2.300\",\"header\":\"Away\"},{\"opp\":\"+1.5\",\"odds\":\"1.475\",\"header\":\"Home\"},{\"opp\":\"-1.5\",\"odds\":\"2.600\",\"header\":\"Away\"},{\"opp\":\"+1.5, +2.0\",\"odds\":\"1.350\",\"header\":\"Home\"},{\"opp\":\"-1.5, -2.0\",\"odds\":\"3.100\",\"header\":\"Away\"},{\"opp\":\"+2.0\",\"odds\":\"1.230\",\"header\":\"Home\"},{\"opp\":\"-2.0\",\"odds\":\"4.000\",\"header\":\"Away\"},{\"opp\":\"+2.0, +2.5\",\"odds\":\"1.200\",\"header\":\"Home\"},{\"opp\":\"-2.0, -2.5\",\"odds\":\"4.400\",\"header\":\"Away\"},{\"opp\":\"+2.5\",\"odds\":\"1.175\",\"header\":\"Home\"},{\"opp\":\"-2.5\",\"odds\":\"4.800\",\"header\":\"Away\"},{\"opp\":\"+2.5, +3.0\",\"odds\":\"1.120\",\"header\":\"Home\"},{\"opp\":\"-2.5, -3.0\",\"odds\":\"6.250\",\"header\":\"Away\"}],\"alternative_goal_line\":[{\"goals\":\"1.0, 1.5\",\"odds\":\"1.140\",\"header\":\"Over\"},{\"goals\":\"1.0, 1.5\",\"odds\":\"5.750\",\"header\":\"Under\"},{\"goals\":\"1.5\",\"odds\":\"1.225\",\"header\":\"Over\"},{\"goals\":\"1.5\",\"odds\":\"4.100\",\"header\":\"Under\"},{\"goals\":\"1.5, 2.0\",\"odds\":\"1.275\",\"header\":\"Over\"},{\"goals\":\"1.5, 2.0\",\"odds\":\"3.550\",\"header\":\"Under\"},{\"goals\":\"2.0\",\"odds\":\"1.325\",\"header\":\"Over\"},{\"goals\":\"2.0\",\"odds\":\"3.300\",\"header\":\"Under\"},{\"goals\":\"2.0, 2.5\",\"odds\":\"1.525\",\"header\":\"Over\"},{\"goals\":\"2.0, 2.5\",\"odds\":\"2.425\",\"header\":\"Under\"},{\"goals\":\"2.5\",\"odds\":\"1.700\",\"header\":\"Over\"},{\"goals\":\"2.5\",\"odds\":\"2.100\",\"header\":\"Under\"},{\"goals\":\"3.0\",\"odds\":\"2.150\",\"header\":\"Over\"},{\"goals\":\"3.0\",\"odds\":\"1.675\",\"header\":\"Under\"},{\"goals\":\"3.0, 3.5\",\"odds\":\"2.425\",\"header\":\"Over\"},{\"goals\":\"3.0, 3.5\",\"odds\":\"1.525\",\"header\":\"Under\"},{\"goals\":\"3.5\",\"odds\":\"2.750\",\"header\":\"Over\"},{\"goals\":\"3.5\",\"odds\":\"1.425\",\"header\":\"Under\"},{\"goals\":\"3.5, 4.0\",\"odds\":\"3.300\",\"header\":\"Over\"},{\"goals\":\"3.5, 4.0\",\"odds\":\"1.325\",\"header\":\"Under\"},{\"goals\":\"4.0\",\"odds\":\"4.250\",\"header\":\"Over\"},{\"goals\":\"4.0\",\"odds\":\"1.210\",\"header\":\"Under\"},{\"goals\":\"4.0, 4.5\",\"odds\":\"4.500\",\"header\":\"Over\"},{\"goals\":\"4.0, 4.5\",\"odds\":\"1.190\",\"header\":\"Under\"},{\"goals\":\"4.5\",\"odds\":\"5.000\",\"header\":\"Over\"},{\"goals\":\"4.5\",\"odds\":\"1.170\",\"header\":\"Under\"},{\"goals\":\"4.5, 5.0\",\"odds\":\"6.400\",\"header\":\"Over\"},{\"goals\":\"4.5, 5.0\",\"odds\":\"1.115\",\"header\":\"Under\"}],\"1st_half_asian_handicap\":[{\"opp\":\"0.0, +0.5\",\"odds\":\"2.025\",\"header\":\"Home\"},{\"opp\":\"0.0, -0.5\",\"odds\":\"1.775\",\"header\":\"Away\"}],\"1st_half_goal_line\":[{\"goals\":\"1.0, 1.5\",\"odds\":\"2.100\",\"header\":\"Over\"},{\"goals\":\"1.0, 1.5\",\"odds\":\"1.700\",\"header\":\"Under\"}],\"alternative_1st_half_asian_handicap\":[{\"opp\":\"-0.5, -1.0\",\"odds\":\"7.000\",\"header\":\"Home\"},{\"opp\":\"+0.5, +1.0\",\"odds\":\"1.100\",\"header\":\"Away\"},{\"opp\":\"-0.5\",\"odds\":\"4.650\",\"header\":\"Home\"},{\"opp\":\"+0.5\",\"odds\":\"1.180\",\"header\":\"Away\"},{\"opp\":\"0.0, -0.5\",\"odds\":\"3.900\",\"header\":\"Home\"},{\"opp\":\"0.0, +0.5\",\"odds\":\"1.240\",\"header\":\"Away\"},{\"opp\":\"0.0\",\"odds\":\"3.100\",\"header\":\"Home\"},{\"opp\":\"0.0\",\"odds\":\"1.350\",\"header\":\"Away\"},{\"opp\":\"+0.5\",\"odds\":\"1.675\",\"header\":\"Home\"},{\"opp\":\"-0.5\",\"odds\":\"2.150\",\"header\":\"Away\"},{\"opp\":\"+0.5, +1.0\",\"odds\":\"1.450\",\"header\":\"Home\"},{\"opp\":\"-0.5, -1.0\",\"odds\":\"2.675\",\"header\":\"Away\"},{\"opp\":\"+1.0\",\"odds\":\"1.225\",\"header\":\"Home\"},{\"opp\":\"-1.0\",\"odds\":\"4.100\",\"header\":\"Away\"},{\"opp\":\"+1.0, +1.5\",\"odds\":\"1.175\",\"header\":\"Home\"},{\"opp\":\"-1.0, -1.5\",\"odds\":\"4.800\",\"header\":\"Away\"},{\"opp\":\"+1.5\",\"odds\":\"1.140\",\"header\":\"Home\"},{\"opp\":\"-1.5\",\"odds\":\"5.750\",\"header\":\"Away\"}],\"alternative_1st_half_goal_line\":[{\"goals\":\"0.5, 1.0\",\"odds\":\"1.450\",\"header\":\"Over\"},{\"goals\":\"0.5, 1.0\",\"odds\":\"2.675\",\"header\":\"Under\"},{\"goals\":\"1.0\",\"odds\":\"1.700\",\"header\":\"Over\"},{\"goals\":\"1.0\",\"odds\":\"2.100\",\"header\":\"Under\"},{\"goals\":\"1.5\",\"odds\":\"2.500\",\"header\":\"Over\"},{\"goals\":\"1.5\",\"odds\":\"1.500\",\"header\":\"Under\"},{\"goals\":\"1.5, 2.0\",\"odds\":\"3.300\",\"header\":\"Over\"},{\"goals\":\"1.5, 2.0\",\"odds\":\"1.325\",\"header\":\"Under\"},{\"goals\":\"2.0\",\"odds\":\"4.800\",\"header\":\"Over\"},{\"goals\":\"2.0\",\"odds\":\"1.175\",\"header\":\"Under\"},{\"goals\":\"2.0, 2.5\",\"odds\":\"5.500\",\"header\":\"Over\"},{\"goals\":\"2.0, 2.5\",\"odds\":\"1.150\",\"header\":\"Under\"},{\"goals\":\"2.5\",\"odds\":\"6.000\",\"header\":\"Over\"},{\"goals\":\"2.5\",\"odds\":\"1.125\",\"header\":\"Under\"}],\"asian_total_corners\":[{\"goals\":\"9.0\",\"odds\":\"1.875\",\"header\":\"Over\"},{\"goals\":\"9.0\",\"odds\":\"1.925\",\"header\":\"Under\"}],\"1st_half_asian_corners\":[{\"goals\":\"4.5\",\"odds\":\"2.075\",\"header\":\"Over\"},{\"goals\":\"4.5\",\"odds\":\"1.725\",\"header\":\"Under\"}]}},\"corners\":{\"updated_at\":\"1532570457\",\"sp\":{\"corners\":[{\"opp\":\"Over 9\",\"odds\":\"2.10\"},{\"opp\":\"Exactly 9\",\"odds\":\"7.00\"},{\"opp\":\"Under 9\",\"odds\":\"2.20\"}],\"total_corners\":[{\"opp\":\"Under 6\",\"odds\":\"8.00\"},{\"opp\":\"6 - 8\",\"odds\":\"2.75\"},{\"opp\":\"9 - 11\",\"odds\":\"2.60\"},{\"opp\":\"12 - 14\",\"odds\":\"5.00\"},{\"opp\":\"Over 14\",\"odds\":\"15.00\"}],\"alternative_corners\":[{\"goals\":\"3\",\"odds\":\"1.01\",\"header\":\"Over\"},{\"goals\":\"3\",\"odds\":\"29.00\",\"header\":\"Exactly\"},{\"goals\":\"3\",\"odds\":\"41.00\",\"header\":\"Under\"},{\"goals\":\"4\",\"odds\":\"1.03\",\"header\":\"Over\"},{\"goals\":\"4\",\"odds\":\"19.00\",\"header\":\"Exactly\"},{\"goals\":\"4\",\"odds\":\"23.00\",\"header\":\"Under\"},{\"goals\":\"5\",\"odds\":\"1.07\",\"header\":\"Over\"},{\"goals\":\"5\",\"odds\":\"13.00\",\"header\":\"Exactly\"},{\"goals\":\"5\",\"odds\":\"15.00\",\"header\":\"Under\"},{\"goals\":\"6\",\"odds\":\"1.18\",\"header\":\"Over\"},{\"goals\":\"6\",\"odds\":\"9.50\",\"header\":\"Exactly\"},{\"goals\":\"6\",\"odds\":\"8.00\",\"header\":\"Under\"},{\"goals\":\"7\",\"odds\":\"1.36\",\"header\":\"Over\"},{\"goals\":\"7\",\"odds\":\"7.50\",\"header\":\"Exactly\"},{\"goals\":\"7\",\"odds\":\"4.50\",\"header\":\"Under\"},{\"goals\":\"8\",\"odds\":\"1.67\",\"header\":\"Over\"},{\"goals\":\"8\",\"odds\":\"7.00\",\"header\":\"Exactly\"},{\"goals\":\"8\",\"odds\":\"3.00\",\"header\":\"Under\"},{\"goals\":\"10\",\"odds\":\"2.88\",\"header\":\"Over\"},{\"goals\":\"10\",\"odds\":\"7.50\",\"header\":\"Exactly\"},{\"goals\":\"10\",\"odds\":\"1.67\",\"header\":\"Under\"},{\"goals\":\"11\",\"odds\":\"4.00\",\"header\":\"Over\"},{\"goals\":\"11\",\"odds\":\"8.50\",\"header\":\"Exactly\"},{\"goals\":\"11\",\"odds\":\"1.40\",\"header\":\"Under\"},{\"goals\":\"12\",\"odds\":\"6.00\",\"header\":\"Over\"},{\"goals\":\"12\",\"odds\":\"10.00\",\"header\":\"Exactly\"},{\"goals\":\"12\",\"odds\":\"1.22\",\"header\":\"Under\"},{\"goals\":\"13\",\"odds\":\"9.00\",\"header\":\"Over\"},{\"goals\":\"13\",\"odds\":\"13.00\",\"header\":\"Exactly\"},{\"goals\":\"13\",\"odds\":\"1.11\",\"header\":\"Under\"},{\"goals\":\"14\",\"odds\":\"13.00\",\"header\":\"Over\"},{\"goals\":\"14\",\"odds\":\"17.00\",\"header\":\"Exactly\"},{\"goals\":\"14\",\"odds\":\"1.06\",\"header\":\"Under\"},{\"goals\":\"15\",\"odds\":\"19.00\",\"header\":\"Over\"},{\"goals\":\"15\",\"odds\":\"21.00\",\"header\":\"Exactly\"},{\"goals\":\"15\",\"odds\":\"1.03\",\"header\":\"Under\"},{\"goals\":\"16\",\"odds\":\"29.00\",\"header\":\"Over\"},{\"goals\":\"16\",\"odds\":\"29.00\",\"header\":\"Exactly\"},{\"goals\":\"16\",\"odds\":\"1.02\",\"header\":\"Under\"}],\"corners_2_way\":[{\"opp\":\"Over 9.5\",\"odds\":\"2.10\"},{\"opp\":\"Under 9.5\",\"odds\":\"1.67\"}],\"first_half_corners\":[{\"opp\":\"4\",\"odds\":\"2.05\",\"header\":\"Over\"},{\"opp\":\"4\",\"odds\":\"4.75\",\"header\":\"Exactly\"},{\"opp\":\"4\",\"odds\":\"2.60\",\"header\":\"Under\"}],\"asian_total_corners\":[{\"goals\":\"9.0\",\"odds\":\"1.875\",\"header\":\"Over\"},{\"goals\":\"9.0\",\"odds\":\"1.925\",\"header\":\"Under\"}],\"1st_half_asian_corners\":[{\"goals\":\"4.5\",\"odds\":\"2.075\",\"header\":\"Over\"},{\"goals\":\"4.5\",\"odds\":\"1.725\",\"header\":\"Under\"}]}},\"goals\":{\"updated_at\":\"1532570473\",\"sp\":{\"goals_over_under\":[{\"goals\":\"2.5\",\"odds\":\"1.70\",\"header\":\"Over\"},{\"goals\":\"2.5\",\"odds\":\"2.10\",\"header\":\"Under\"}],\"alternative_total_goals\":[{\"goals\":\"0.5\",\"odds\":\"1.02\",\"header\":\"Over \"},{\"goals\":\"0.5\",\"odds\":\"12.00\",\"header\":\"Under\"},{\"goals\":\"1.5\",\"odds\":\"1.22\",\"header\":\"Over \"},{\"goals\":\"1.5\",\"odds\":\"4.00\",\"header\":\"Under\"},{\"goals\":\"3.5\",\"odds\":\"2.75\",\"header\":\"Over \"},{\"goals\":\"3.5\",\"odds\":\"1.40\",\"header\":\"Under\"},{\"goals\":\"4.5\",\"odds\":\"5.00\",\"header\":\"Over \"},{\"goals\":\"4.5\",\"odds\":\"1.14\",\"header\":\"Under\"},{\"goals\":\"5.5\",\"odds\":\"8.50\",\"header\":\"Over \"},{\"goals\":\"5.5\",\"odds\":\"1.05\",\"header\":\"Under\"},{\"goals\":\"6.5\",\"odds\":\"13.00\",\"header\":\"Over \"},{\"goals\":\"6.5\",\"odds\":\"1.01\",\"header\":\"Under\"}],\"result_total_goals\":[{\"opp\":\"Balzan FC & Over 2.5\",\"odds\":\"8.50\"},{\"opp\":\"Balzan FC & Under 2.5\",\"odds\":\"11.00\"},{\"opp\":\"Draw & Over 2.5\",\"odds\":\"15.00\"},{\"opp\":\"Draw & Under  2.5\",\"odds\":\"5.50\"},{\"opp\":\"Slovan Bratislava & Over 2.5\",\"odds\":\"2.38\"},{\"opp\":\"Slovan Bratislava & Under 2.5\",\"odds\":\"4.00\"}],\"total_goals_both_teams_to_score\":[{\"opp\":\"Over 2.5 & Yes\",\"odds\":\"2.25\"},{\"opp\":\"Over 2.5 & No\",\"odds\":\"6.00\"},{\"opp\":\"Under 2.5 & Yes\",\"odds\":\"8.00\"},{\"opp\":\"Under 2.5 & No\",\"odds\":\"2.50\"}],\"exact_total_goals\":[{\"opp\":\"0 Goals\",\"odds\":\"12.00\"},{\"opp\":\"1 Goal\",\"odds\":\"5.50\"},{\"opp\":\"2 Goals\",\"odds\":\"3.75\"},{\"opp\":\"3 Goals\",\"odds\":\"4.00\"},{\"opp\":\"4 Goals\",\"odds\":\"5.50\"},{\"opp\":\"5 Goals\",\"odds\":\"9.50\"},{\"opp\":\"6 Goals\",\"odds\":\"19.00\"},{\"opp\":\"7+ Goals\",\"odds\":\"13.00\"}],\"number_of_goals_in_match\":[{\"opp\":\"Under 2 goals\",\"odds\":\"4.00\"},{\"opp\":\"2 or 3 goals\",\"odds\":\"2.00\"},{\"opp\":\"Over 3 goals\",\"odds\":\"2.75\"}],\"both_teams_to_score\":[{\"opp\":\"Yes\",\"odds\":\"1.83\"},{\"opp\":\"No\",\"odds\":\"1.83\"}],\"teams_to_score\":[{\"opp\":\"Both Teams\",\"odds\":\"1.83\"},{\"opp\":\"Balzan FC Only\",\"odds\":\"9.00\"},{\"opp\":\"No Goal\",\"odds\":\"12.00\"},{\"opp\":\"Slovan Bratislava Only\",\"odds\":\"2.60\"}],\"both_teams_to_score_in_1st_half\":[{\"opp\":\"Yes\",\"odds\":\"4.50\"},{\"opp\":\"No\",\"odds\":\"1.17\"}],\"both_teams_to_score_in_2nd_half\":[{\"opp\":\"Yes\",\"odds\":\"3.50\"},{\"opp\":\"No\",\"odds\":\"1.29\"}],\"both_teams_to_score_1st_half_2nd_half\":[{\"opp\":\"Yes \\\/ Yes\",\"odds\":\"17.00\"},{\"opp\":\"Yes \\\/ No\",\"odds\":\"6.00\"},{\"opp\":\"No \\\/ Yes\",\"odds\":\"4.00\"},{\"opp\":\"No \\\/ No\",\"odds\":\"1.53\"}],\"first_half_goals\":[{\"goals\":\"0.5\",\"odds\":\"1.33\",\"header\":\"Over\"},{\"goals\":\"0.5\",\"odds\":\"3.25\",\"header\":\"Under\"},{\"goals\":\"1.5\",\"odds\":\"2.62\",\"header\":\"Over\"},{\"goals\":\"1.5\",\"odds\":\"1.44\",\"header\":\"Under\"},{\"goals\":\"2.5\",\"odds\":\"6.50\",\"header\":\"Over\"},{\"goals\":\"2.5\",\"odds\":\"1.11\",\"header\":\"Under\"},{\"goals\":\"3.5\",\"odds\":\"19.00\",\"header\":\"Over\"},{\"goals\":\"3.5\",\"odds\":\"1.02\",\"header\":\"Under\"}],\"exact_1st_half_goals\":[{\"opp\":\"0 Goals\",\"odds\":\"3.25\"},{\"opp\":\"1 Goal\",\"odds\":\"2.60\"},{\"opp\":\"2 Goals\",\"odds\":\"4.00\"},{\"opp\":\"3 Goals\",\"odds\":\"9.00\"},{\"opp\":\"4 Goals\",\"odds\":\"26.00\"},{\"opp\":\"5+ Goals\",\"odds\":\"51.00\"}],\"first_team_to_score\":[{\"opp\":\"Balzan FC\",\"odds\":\"3.10\"},{\"opp\":\"No Goals\",\"odds\":\"12.00\"},{\"opp\":\"Slovan Bratislava\",\"odds\":\"1.40\"}],\"2nd_half_goals\":[{\"goals\":\"0.5\",\"odds\":\"1.20\",\"header\":\"Over\"},{\"goals\":\"0.5\",\"odds\":\"4.33\",\"header\":\"Under\"},{\"goals\":\"1.5\",\"odds\":\"1.91\",\"header\":\"Over\"},{\"goals\":\"1.5\",\"odds\":\"1.80\",\"header\":\"Under\"},{\"goals\":\"2.5\",\"odds\":\"4.00\",\"header\":\"Over\"},{\"goals\":\"2.5\",\"odds\":\"1.22\",\"header\":\"Under\"},{\"goals\":\"3.5\",\"odds\":\"10.00\",\"header\":\"Over\"},{\"goals\":\"3.5\",\"odds\":\"1.06\",\"header\":\"Under\"},{\"goals\":\"4.5\",\"odds\":\"23.00\",\"header\":\"Over\"},{\"goals\":\"4.5\",\"odds\":\"1.01\",\"header\":\"Under\"}],\"exact_2nd_half_goals\":[{\"opp\":\"0 Goals\",\"odds\":\"4.33\"},{\"opp\":\"1 Goal\",\"odds\":\"2.88\"},{\"opp\":\"2 Goals\",\"odds\":\"3.50\"},{\"opp\":\"3 Goals\",\"odds\":\"6.50\"},{\"opp\":\"4 Goals\",\"odds\":\"15.00\"},{\"opp\":\"5+ Goals\",\"odds\":\"23.00\"}],\"half_with_most_goals\":[{\"opp\":\"1st Half\",\"odds\":\"3.00\"},{\"opp\":\"2nd Half\",\"odds\":\"2.05\"},{\"opp\":\"Tie\",\"odds\":\"3.60\"}],\"home_team_highest_scoring_half\":[{\"opp\":\"Balzan FC - 1st Half\",\"odds\":\"4.00\"},{\"opp\":\"Balzan FC - 2nd Half\",\"odds\":\"3.00\"},{\"opp\":\"Balzan FC - Tie\",\"odds\":\"1.91\"}],\"away_team_highest_scoring_half\":[{\"opp\":\"Slovan Bratislava - 1st Half\",\"odds\":\"3.20\"},{\"opp\":\"Slovan Bratislava - 2nd Half\",\"odds\":\"2.20\"},{\"opp\":\"Slovan Bratislava - Tie\",\"odds\":\"2.88\"}],\"home_team_exact_goals\":[{\"opp\":\"Balzan FC - 0 Goals\",\"odds\":\"2.25\"},{\"opp\":\"Balzan FC - 1 Goal\",\"odds\":\"2.50\"},{\"opp\":\"Balzan FC - 2 Goals\",\"odds\":\"5.00\"},{\"opp\":\"Balzan FC - 3+ Goals\",\"odds\":\"8.50\"}],\"away_team_exact_goals\":[{\"opp\":\"Slovan Bratislava - 0 Goals\",\"odds\":\"5.50\"},{\"opp\":\"Slovan Bratislava - 1 Goal\",\"odds\":\"3.20\"},{\"opp\":\"Slovan Bratislava - 2 Goals\",\"odds\":\"3.40\"},{\"opp\":\"Slovan Bratislava - 3+ Goals\",\"odds\":\"3.00\"}],\"goals_odd_even\":[{\"opp\":\"Even\",\"odds\":\"1.90\"},{\"opp\":\"Odd\",\"odds\":\"1.95\"}],\"home_team_odd_even_goals\":[{\"opp\":\"Balzan FC - Even\",\"odds\":\"1.62\"},{\"opp\":\"Balzan FC - Odd\",\"odds\":\"2.20\"}],\"away_team_odd_even_goals\":[{\"opp\":\"Slovan Bratislava - Even\",\"odds\":\"1.83\"},{\"opp\":\"Slovan Bratislava - Odd\",\"odds\":\"1.83\"}],\"1st_half_goals_odd_even\":[{\"opp\":\"Odd\",\"odds\":\"2.10\"},{\"opp\":\"Even\",\"odds\":\"1.73\"}],\"last_team_to_score\":[{\"opp\":\"Balzan FC\",\"odds\":\"3.10\"},{\"opp\":\"No Goal\",\"odds\":\"12.00\"},{\"opp\":\"Slovan Bratislava\",\"odds\":\"1.40\"}]}},\"half\":{\"updated_at\":\"1532570484\",\"sp\":{\"half_time_result\":[{\"opp\":\"1\",\"odds\":\"5.00\"},{\"opp\":\"X\",\"odds\":\"2.30\"},{\"opp\":\"2\",\"odds\":\"2.10\"}],\"half_time_double_chance\":[{\"opp\":\"1X\",\"odds\":\"1.67\"},{\"opp\":\"X2\",\"odds\":\"1.17\"},{\"opp\":\"12\",\"odds\":\"1.57\"}],\"half_time_result_both_teams_to_score\":[{\"opp\":\"Balzan FC & Yes\",\"odds\":\"29.00\"},{\"opp\":\"Balzan FC & No\",\"odds\":\"6.00\"},{\"opp\":\"Draw & Yes\",\"odds\":\"8.00\"},{\"opp\":\"Draw & No\",\"odds\":\"3.10\"},{\"opp\":\"Slovan Bratislava & Yes\",\"odds\":\"15.00\"},{\"opp\":\"Slovan Bratislava & No\",\"odds\":\"2.40\"}],\"half_time_result_total_goals\":[{\"opp\":\"Balzan FC & Over 1.5\",\"odds\":\"15.00\"},{\"opp\":\"Balzan FC & Under 1.5\",\"odds\":\"7.00\"},{\"opp\":\"Draw & Over 1.5\",\"odds\":\"8.50\"},{\"opp\":\"Draw & Under 1.5\",\"odds\":\"3.25\"},{\"opp\":\"Slovan Bratislava & Over 1.5\",\"odds\":\"4.50\"},{\"opp\":\"Slovan Bratislava & Under 1.5\",\"odds\":\"3.60\"}],\"half_time_correct_score\":[{\"opp\":\"1-0\",\"odds\":\"7.00\",\"header\":\"Home\"},{\"opp\":\"0-0\",\"odds\":\"3.25\",\"header\":\"X\"},{\"opp\":\"1-0\",\"odds\":\"3.60\",\"header\":\"Away\"},{\"opp\":\"2-0\",\"odds\":\"26.00\",\"header\":\"Home\"},{\"opp\":\"1-1\",\"odds\":\"8.50\",\"header\":\"X\"},{\"opp\":\"2-0\",\"odds\":\"8.00\",\"header\":\"Away\"},{\"opp\":\"2-1\",\"odds\":\"34.00\",\"header\":\"Home\"},{\"opp\":\"2-2\",\"odds\":\"51.00\",\"header\":\"X\"},{\"opp\":\"2-1\",\"odds\":\"19.00\",\"header\":\"Away\"},{\"opp\":\"3-0\",\"odds\":\"81.00\",\"header\":\"Home\"},{\"opp\":\"3-0\",\"odds\":\"23.00\",\"header\":\"Away\"},{\"opp\":\"3-1\",\"odds\":\"101.00\",\"header\":\"Home\"},{\"opp\":\"3-1\",\"odds\":\"51.00\",\"header\":\"Away\"},{\"opp\":\"3-2\",\"odds\":\"151.00\",\"header\":\"Away\"},{\"opp\":\"4-0\",\"odds\":\"67.00\",\"header\":\"Away\"},{\"opp\":\"4-1\",\"odds\":\"126.00\",\"header\":\"Away\"}],\"both_teams_to_score_in_1st_half\":[{\"opp\":\"Yes\",\"odds\":\"4.50\"},{\"opp\":\"No\",\"odds\":\"1.17\"}],\"both_teams_to_score_in_2nd_half\":[{\"opp\":\"Yes\",\"odds\":\"3.50\"},{\"opp\":\"No\",\"odds\":\"1.29\"}],\"both_teams_to_score_1st_half_2nd_half\":[{\"opp\":\"Yes \\\/ Yes\",\"odds\":\"17.00\"},{\"opp\":\"Yes \\\/ No\",\"odds\":\"6.00\"},{\"opp\":\"No \\\/ Yes\",\"odds\":\"4.00\"},{\"opp\":\"No \\\/ No\",\"odds\":\"1.53\"}],\"1st_half_asian_handicap\":[{\"opp\":\"0.0, +0.5\",\"odds\":\"2.025\",\"header\":\"Home\"},{\"opp\":\"0.0, -0.5\",\"odds\":\"1.775\",\"header\":\"Away\"}],\"1st_half_goal_line\":[{\"goals\":\"1.0, 1.5\",\"odds\":\"2.100\",\"header\":\"Over\"},{\"goals\":\"1.0, 1.5\",\"odds\":\"1.700\",\"header\":\"Under\"}],\"alternative_1st_half_asian_handicap\":[{\"opp\":\"-0.5, -1.0\",\"odds\":\"7.000\",\"header\":\"Home\"},{\"opp\":\"+0.5, +1.0\",\"odds\":\"1.100\",\"header\":\"Away\"},{\"opp\":\"-0.5\",\"odds\":\"4.650\",\"header\":\"Home\"},{\"opp\":\"+0.5\",\"odds\":\"1.180\",\"header\":\"Away\"},{\"opp\":\"0.0, -0.5\",\"odds\":\"3.900\",\"header\":\"Home\"},{\"opp\":\"0.0, +0.5\",\"odds\":\"1.240\",\"header\":\"Away\"},{\"opp\":\"0.0\",\"odds\":\"3.100\",\"header\":\"Home\"},{\"opp\":\"0.0\",\"odds\":\"1.350\",\"header\":\"Away\"},{\"opp\":\"+0.5\",\"odds\":\"1.675\",\"header\":\"Home\"},{\"opp\":\"-0.5\",\"odds\":\"2.150\",\"header\":\"Away\"},{\"opp\":\"+0.5, +1.0\",\"odds\":\"1.450\",\"header\":\"Home\"},{\"opp\":\"-0.5, -1.0\",\"odds\":\"2.675\",\"header\":\"Away\"},{\"opp\":\"+1.0\",\"odds\":\"1.225\",\"header\":\"Home\"},{\"opp\":\"-1.0\",\"odds\":\"4.100\",\"header\":\"Away\"},{\"opp\":\"+1.0, +1.5\",\"odds\":\"1.175\",\"header\":\"Home\"},{\"opp\":\"-1.0, -1.5\",\"odds\":\"4.800\",\"header\":\"Away\"},{\"opp\":\"+1.5\",\"odds\":\"1.140\",\"header\":\"Home\"},{\"opp\":\"-1.5\",\"odds\":\"5.750\",\"header\":\"Away\"}],\"alternative_1st_half_goal_line\":[{\"goals\":\"0.5, 1.0\",\"odds\":\"1.450\",\"header\":\"Over\"},{\"goals\":\"0.5, 1.0\",\"odds\":\"2.675\",\"header\":\"Under\"},{\"goals\":\"1.0\",\"odds\":\"1.700\",\"header\":\"Over\"},{\"goals\":\"1.0\",\"odds\":\"2.100\",\"header\":\"Under\"},{\"goals\":\"1.5\",\"odds\":\"2.500\",\"header\":\"Over\"},{\"goals\":\"1.5\",\"odds\":\"1.500\",\"header\":\"Under\"},{\"goals\":\"1.5, 2.0\",\"odds\":\"3.300\",\"header\":\"Over\"},{\"goals\":\"1.5, 2.0\",\"odds\":\"1.325\",\"header\":\"Under\"},{\"goals\":\"2.0\",\"odds\":\"4.800\",\"header\":\"Over\"},{\"goals\":\"2.0\",\"odds\":\"1.175\",\"header\":\"Under\"},{\"goals\":\"2.0, 2.5\",\"odds\":\"5.500\",\"header\":\"Over\"},{\"goals\":\"2.0, 2.5\",\"odds\":\"1.150\",\"header\":\"Under\"},{\"goals\":\"2.5\",\"odds\":\"6.000\",\"header\":\"Over\"},{\"goals\":\"2.5\",\"odds\":\"1.125\",\"header\":\"Under\"}],\"1st_half_handicap\":[{\"opp\":\"Balzan FC  +1.0\",\"odds\":\"1.67\"},{\"opp\":\"Tie - Slovan Bratislava -1.0\",\"odds\":\"3.10\"},{\"opp\":\"Slovan Bratislava  -1.0\",\"odds\":\"5.50\"}],\"alternative_1st_half_handicap_result\":[{\"opp\":\"-1.0\",\"odds\":\"19.00\",\"header\":\"Home\"},{\"opp\":\"+1.0\",\"odds\":\"6.00\",\"header\":\"Tie\"},{\"opp\":\"+1.0\",\"odds\":\"1.17\",\"header\":\"Away\"},{\"opp\":\"+2.0\",\"odds\":\"1.11\",\"header\":\"Home\"},{\"opp\":\"-2.0\",\"odds\":\"7.00\",\"header\":\"Tie\"},{\"opp\":\"-2.0\",\"odds\":\"15.00\",\"header\":\"Away\"}],\"first_half_goals\":[{\"goals\":\"0.5\",\"odds\":\"1.33\",\"header\":\"Over\"},{\"goals\":\"0.5\",\"odds\":\"3.25\",\"header\":\"Under\"},{\"goals\":\"1.5\",\"odds\":\"2.62\",\"header\":\"Over\"},{\"goals\":\"1.5\",\"odds\":\"1.44\",\"header\":\"Under\"},{\"goals\":\"2.5\",\"odds\":\"6.50\",\"header\":\"Over\"},{\"goals\":\"2.5\",\"odds\":\"1.11\",\"header\":\"Under\"},{\"goals\":\"3.5\",\"odds\":\"19.00\",\"header\":\"Over\"},{\"goals\":\"3.5\",\"odds\":\"1.02\",\"header\":\"Under\"}],\"exact_1st_half_goals\":[{\"opp\":\"0 Goals\",\"odds\":\"3.25\"},{\"opp\":\"1 Goal\",\"odds\":\"2.60\"},{\"opp\":\"2 Goals\",\"odds\":\"4.00\"},{\"opp\":\"3 Goals\",\"odds\":\"9.00\"},{\"opp\":\"4 Goals\",\"odds\":\"26.00\"},{\"opp\":\"5+ Goals\",\"odds\":\"51.00\"}],\"first_half_corners\":[{\"opp\":\"4\",\"odds\":\"2.05\",\"header\":\"Over\"},{\"opp\":\"4\",\"odds\":\"4.75\",\"header\":\"Exactly\"},{\"opp\":\"4\",\"odds\":\"2.60\",\"header\":\"Under\"}],\"1st_half_asian_corners\":[{\"goals\":\"4.5\",\"odds\":\"2.075\",\"header\":\"Over\"},{\"goals\":\"4.5\",\"odds\":\"1.725\",\"header\":\"Under\"}],\"1st_half_goals_odd_even\":[{\"opp\":\"Odd\",\"odds\":\"2.10\"},{\"opp\":\"Even\",\"odds\":\"1.73\"}],\"to_score_in_half\":[{\"name\":\"1st Half\",\"odds\":\"2.75\",\"header\":\"Yes\"},{\"name\":\"1st Half\",\"odds\":\"1.40\",\"header\":\"No\"},{\"name\":\"2nd Half\",\"odds\":\"2.25\",\"header\":\"Yes\"},{\"name\":\"2nd Half\",\"odds\":\"1.57\",\"header\":\"No\"},{\"name\":\"1st Half\",\"odds\":\"1.67\",\"header\":\"Yes\"},{\"name\":\"1st Half\",\"odds\":\"2.10\",\"header\":\"No\"},{\"name\":\"2nd Half\",\"odds\":\"1.44\",\"header\":\"Yes\"},{\"name\":\"2nd Half\",\"odds\":\"2.62\",\"header\":\"No\"}],\"half_with_most_goals\":[{\"opp\":\"1st Half\",\"odds\":\"3.00\"},{\"opp\":\"2nd Half\",\"odds\":\"2.05\"},{\"opp\":\"Tie\",\"odds\":\"3.60\"}],\"home_team_highest_scoring_half\":[{\"opp\":\"Balzan FC - 1st Half\",\"odds\":\"4.00\"},{\"opp\":\"Balzan FC - 2nd Half\",\"odds\":\"3.00\"},{\"opp\":\"Balzan FC - Tie\",\"odds\":\"1.91\"}],\"away_team_highest_scoring_half\":[{\"opp\":\"Slovan Bratislava - 1st Half\",\"odds\":\"3.20\"},{\"opp\":\"Slovan Bratislava - 2nd Half\",\"odds\":\"2.20\"},{\"opp\":\"Slovan Bratislava - Tie\",\"odds\":\"2.88\"}],\"2nd_half_result\":[{\"opp\":\"1\",\"odds\":\"4.75\"},{\"opp\":\"X\",\"odds\":\"2.75\"},{\"opp\":\"2\",\"odds\":\"1.83\"}],\"2nd_half_goals\":[{\"goals\":\"0.5\",\"odds\":\"1.20\",\"header\":\"Over\"},{\"goals\":\"0.5\",\"odds\":\"4.33\",\"header\":\"Under\"},{\"goals\":\"1.5\",\"odds\":\"1.91\",\"header\":\"Over\"},{\"goals\":\"1.5\",\"odds\":\"1.80\",\"header\":\"Under\"},{\"goals\":\"2.5\",\"odds\":\"4.00\",\"header\":\"Over\"},{\"goals\":\"2.5\",\"odds\":\"1.22\",\"header\":\"Under\"},{\"goals\":\"3.5\",\"odds\":\"10.00\",\"header\":\"Over\"},{\"goals\":\"3.5\",\"odds\":\"1.06\",\"header\":\"Under\"},{\"goals\":\"4.5\",\"odds\":\"23.00\",\"header\":\"Over\"},{\"goals\":\"4.5\",\"odds\":\"1.01\",\"header\":\"Under\"}],\"exact_2nd_half_goals\":[{\"opp\":\"0 Goals\",\"odds\":\"4.33\"},{\"opp\":\"1 Goal\",\"odds\":\"2.88\"},{\"opp\":\"2 Goals\",\"odds\":\"3.50\"},{\"opp\":\"3 Goals\",\"odds\":\"6.50\"},{\"opp\":\"4 Goals\",\"odds\":\"15.00\"},{\"opp\":\"5+ Goals\",\"odds\":\"23.00\"}],\"2nd_half_goals_odd_even\":[{\"opp\":\"Even\",\"odds\":\"1.80\"},{\"opp\":\"Odd\",\"odds\":\"1.91\"}]}},\"main\":{\"updated_at\":\"1532570063\",\"sp\":{\"full_time_result\":[{\"opp\":\"1\",\"odds\":\"5.25\"},{\"opp\":\"X\",\"odds\":\"4.00\"},{\"opp\":\"2\",\"odds\":\"1.53\"}],\"double_chance\":[{\"opp\":\"1X\",\"odds\":\"2.38\"},{\"opp\":\"X2\",\"odds\":\"1.14\"},{\"opp\":\"12\",\"odds\":\"1.22\"}],\"correct_score\":[{\"opp\":\"1-0\",\"odds\":\"15.00\",\"header\":\"Home\"},{\"opp\":\"0-0\",\"odds\":\"12.00\",\"header\":\"X\"},{\"opp\":\"1-0\",\"odds\":\"7.50\",\"header\":\"Away\"},{\"opp\":\"2-0\",\"odds\":\"29.00\",\"header\":\"Home\"},{\"opp\":\"1-1\",\"odds\":\"8.00\",\"header\":\"X\"},{\"opp\":\"2-0\",\"odds\":\"7.50\",\"header\":\"Away\"},{\"opp\":\"2-1\",\"odds\":\"17.00\",\"header\":\"Home\"},{\"opp\":\"2-2\",\"odds\":\"17.00\",\"header\":\"X\"},{\"opp\":\"2-1\",\"odds\":\"8.50\",\"header\":\"Away\"},{\"opp\":\"3-0\",\"odds\":\"51.00\",\"header\":\"Home\"},{\"opp\":\"3-3\",\"odds\":\"51.00\",\"header\":\"X\"},{\"opp\":\"3-0\",\"odds\":\"11.00\",\"header\":\"Away\"},{\"opp\":\"3-1\",\"odds\":\"41.00\",\"header\":\"Home\"},{\"opp\":\"3-1\",\"odds\":\"13.00\",\"header\":\"Away\"},{\"opp\":\"3-2\",\"odds\":\"41.00\",\"header\":\"Home\"},{\"opp\":\"3-2\",\"odds\":\"26.00\",\"header\":\"Away\"},{\"opp\":\"4-0\",\"odds\":\"151.00\",\"header\":\"Home\"},{\"opp\":\"4-0\",\"odds\":\"21.00\",\"header\":\"Away\"},{\"opp\":\"4-1\",\"odds\":\"101.00\",\"header\":\"Home\"},{\"opp\":\"4-1\",\"odds\":\"23.00\",\"header\":\"Away\"},{\"opp\":\"4-2\",\"odds\":\"101.00\",\"header\":\"Home\"},{\"opp\":\"4-2\",\"odds\":\"41.00\",\"header\":\"Away\"},{\"opp\":\"4-3\",\"odds\":\"151.00\",\"header\":\"Home\"},{\"opp\":\"4-3\",\"odds\":\"81.00\",\"header\":\"Away\"},{\"opp\":\"5-0\",\"odds\":\"41.00\",\"header\":\"Away\"},{\"opp\":\"5-1\",\"odds\":\"41.00\",\"header\":\"Away\"},{\"opp\":\"5-2\",\"odds\":\"81.00\",\"header\":\"Away\"},{\"opp\":\"6-0\",\"odds\":\"81.00\",\"header\":\"Away\"},{\"opp\":\"6-1\",\"odds\":\"101.00\",\"header\":\"Away\"}],\"half_time_full_time\":[{\"opp\":\"Balzan FC - Balzan FC\",\"odds\":\"8.50\"},{\"opp\":\"Balzan FC - Draw\",\"odds\":\"17.00\"},{\"opp\":\"Balzan FC - Slovan Bratislava\",\"odds\":\"21.00\"},{\"opp\":\"Draw - Balzan FC\",\"odds\":\"11.00\"},{\"opp\":\"Draw - Draw\",\"odds\":\"6.50\"},{\"opp\":\"Draw - Slovan Bratislava\",\"odds\":\"4.33\"},{\"opp\":\"Slovan Bratislava - Balzan FC\",\"odds\":\"41.00\"},{\"opp\":\"Slovan Bratislava - Draw\",\"odds\":\"15.00\"},{\"opp\":\"Slovan Bratislava - Slovan Bratislava\",\"odds\":\"2.40\"}],\"goals_over_under\":[{\"goals\":\"2.5\",\"odds\":\"1.70\",\"header\":\"Over\"},{\"goals\":\"2.5\",\"odds\":\"2.10\",\"header\":\"Under\"}],\"both_teams_to_score\":[{\"opp\":\"Yes\",\"odds\":\"1.83\"},{\"opp\":\"No\",\"odds\":\"1.83\"}],\"asian_handicap\":[{\"opp\":\"+0.5, +1.0\",\"odds\":\"2.050\",\"header\":\"Home\"},{\"opp\":\"-0.5, -1.0\",\"odds\":\"1.750\",\"header\":\"Away\"}],\"goal_line\":[{\"goals\":\"2.5, 3.0\",\"odds\":\"1.900\",\"header\":\"Over\"},{\"goals\":\"2.5, 3.0\",\"odds\":\"1.900\",\"header\":\"Under\"}],\"alternative_asian_handicap\":[{\"opp\":\"-0.5, -1.0\",\"odds\":\"6.250\",\"header\":\"Home\"},{\"opp\":\"+0.5, +1.0\",\"odds\":\"1.120\",\"header\":\"Away\"},{\"opp\":\"-0.5\",\"odds\":\"4.500\",\"header\":\"Home\"},{\"opp\":\"+0.5\",\"odds\":\"1.190\",\"header\":\"Away\"},{\"opp\":\"0.0, -0.5\",\"odds\":\"4.150\",\"header\":\"Home\"},{\"opp\":\"0.0, +0.5\",\"odds\":\"1.220\",\"header\":\"Away\"},{\"opp\":\"0.0\",\"odds\":\"3.700\",\"header\":\"Home\"},{\"opp\":\"0.0\",\"odds\":\"1.260\",\"header\":\"Away\"},{\"opp\":\"0.0, +0.5\",\"odds\":\"2.750\",\"header\":\"Home\"},{\"opp\":\"0.0, -0.5\",\"odds\":\"1.425\",\"header\":\"Away\"},{\"opp\":\"+0.5\",\"odds\":\"2.300\",\"header\":\"Home\"},{\"opp\":\"-0.5\",\"odds\":\"1.600\",\"header\":\"Away\"},{\"opp\":\"+1.0\",\"odds\":\"1.775\",\"header\":\"Home\"},{\"opp\":\"-1.0\",\"odds\":\"2.025\",\"header\":\"Away\"},{\"opp\":\"+1.0, +1.5\",\"odds\":\"1.600\",\"header\":\"Home\"},{\"opp\":\"-1.0, -1.5\",\"odds\":\"2.300\",\"header\":\"Away\"},{\"opp\":\"+1.5\",\"odds\":\"1.475\",\"header\":\"Home\"},{\"opp\":\"-1.5\",\"odds\":\"2.600\",\"header\":\"Away\"},{\"opp\":\"+1.5, +2.0\",\"odds\":\"1.350\",\"header\":\"Home\"},{\"opp\":\"-1.5, -2.0\",\"odds\":\"3.100\",\"header\":\"Away\"},{\"opp\":\"+2.0\",\"odds\":\"1.230\",\"header\":\"Home\"},{\"opp\":\"-2.0\",\"odds\":\"4.000\",\"header\":\"Away\"},{\"opp\":\"+2.0, +2.5\",\"odds\":\"1.200\",\"header\":\"Home\"},{\"opp\":\"-2.0, -2.5\",\"odds\":\"4.400\",\"header\":\"Away\"},{\"opp\":\"+2.5\",\"odds\":\"1.175\",\"header\":\"Home\"},{\"opp\":\"-2.5\",\"odds\":\"4.800\",\"header\":\"Away\"},{\"opp\":\"+2.5, +3.0\",\"odds\":\"1.120\",\"header\":\"Home\"},{\"opp\":\"-2.5, -3.0\",\"odds\":\"6.250\",\"header\":\"Away\"}],\"alternative_goal_line\":[{\"goals\":\"1.0, 1.5\",\"odds\":\"1.140\",\"header\":\"Over\"},{\"goals\":\"1.0, 1.5\",\"odds\":\"5.750\",\"header\":\"Under\"},{\"goals\":\"1.5\",\"odds\":\"1.225\",\"header\":\"Over\"},{\"goals\":\"1.5\",\"odds\":\"4.100\",\"header\":\"Under\"},{\"goals\":\"1.5, 2.0\",\"odds\":\"1.275\",\"header\":\"Over\"},{\"goals\":\"1.5, 2.0\",\"odds\":\"3.550\",\"header\":\"Under\"},{\"goals\":\"2.0\",\"odds\":\"1.325\",\"header\":\"Over\"},{\"goals\":\"2.0\",\"odds\":\"3.300\",\"header\":\"Under\"},{\"goals\":\"2.0, 2.5\",\"odds\":\"1.525\",\"header\":\"Over\"},{\"goals\":\"2.0, 2.5\",\"odds\":\"2.425\",\"header\":\"Under\"},{\"goals\":\"2.5\",\"odds\":\"1.700\",\"header\":\"Over\"},{\"goals\":\"2.5\",\"odds\":\"2.100\",\"header\":\"Under\"},{\"goals\":\"3.0\",\"odds\":\"2.150\",\"header\":\"Over\"},{\"goals\":\"3.0\",\"odds\":\"1.675\",\"header\":\"Under\"},{\"goals\":\"3.0, 3.5\",\"odds\":\"2.425\",\"header\":\"Over\"},{\"goals\":\"3.0, 3.5\",\"odds\":\"1.525\",\"header\":\"Under\"},{\"goals\":\"3.5\",\"odds\":\"2.750\",\"header\":\"Over\"},{\"goals\":\"3.5\",\"odds\":\"1.425\",\"header\":\"Under\"},{\"goals\":\"3.5, 4.0\",\"odds\":\"3.300\",\"header\":\"Over\"},{\"goals\":\"3.5, 4.0\",\"odds\":\"1.325\",\"header\":\"Under\"},{\"goals\":\"4.0\",\"odds\":\"4.250\",\"header\":\"Over\"},{\"goals\":\"4.0\",\"odds\":\"1.210\",\"header\":\"Under\"},{\"goals\":\"4.0, 4.5\",\"odds\":\"4.500\",\"header\":\"Over\"},{\"goals\":\"4.0, 4.5\",\"odds\":\"1.190\",\"header\":\"Under\"},{\"goals\":\"4.5\",\"odds\":\"5.000\",\"header\":\"Over\"},{\"goals\":\"4.5\",\"odds\":\"1.170\",\"header\":\"Under\"},{\"goals\":\"4.5, 5.0\",\"odds\":\"6.400\",\"header\":\"Over\"},{\"goals\":\"4.5, 5.0\",\"odds\":\"1.115\",\"header\":\"Under\"}],\"draw_no_bet\":[{\"opp\":\"Balzan FC\",\"odds\":\"3.75\"},{\"opp\":\"Slovan Bratislava\",\"odds\":\"1.25\"}],\"result_both_teams_to_score\":[{\"name\":\"Balzan FC\",\"odds\":\"9.50\",\"header\":\"Yes\"},{\"name\":\"Balzan FC\",\"odds\":\"9.50\",\"header\":\"No\"},{\"name\":\"Slovan Bratislava\",\"odds\":\"3.40\",\"header\":\"Yes\"},{\"name\":\"Slovan Bratislava\",\"odds\":\"2.62\",\"header\":\"No\"},{\"name\":\"Draw\",\"odds\":\"5.50\",\"header\":\"Yes\"},{\"name\":\"Draw\",\"odds\":\"12.00\",\"header\":\"No\"}],\"handicap_result\":[{\"opp\":\"Balzan FC (+1)\",\"odds\":\"2.38\"},{\"opp\":\"Tie - (Slovan Bratislava -1)\",\"odds\":\"3.60\"},{\"opp\":\"Slovan Bratislava (-1)\",\"odds\":\"2.50\"}],\"alternative_handicap_result\":[{\"opp\":\"-2.0\",\"odds\":\"19.00\",\"header\":\"Home\"},{\"opp\":\"+2.0\",\"odds\":\"13.00\",\"header\":\"Tie\"},{\"opp\":\"+2.0\",\"odds\":\"1.04\",\"header\":\"Away\"},{\"opp\":\"-1.0\",\"odds\":\"11.00\",\"header\":\"Home\"},{\"opp\":\"+1.0\",\"odds\":\"6.50\",\"header\":\"Tie\"},{\"opp\":\"+1.0\",\"odds\":\"1.14\",\"header\":\"Away\"},{\"opp\":\"+2.0\",\"odds\":\"1.50\",\"header\":\"Home\"},{\"opp\":\"-2.0\",\"odds\":\"4.50\",\"header\":\"Tie\"},{\"opp\":\"-2.0\",\"odds\":\"4.50\",\"header\":\"Away\"},{\"opp\":\"+3.0\",\"odds\":\"1.14\",\"header\":\"Home\"},{\"opp\":\"-3.0\",\"odds\":\"7.00\",\"header\":\"Tie\"},{\"opp\":\"-3.0\",\"odds\":\"9.50\",\"header\":\"Away\"}],\"winning_margin\":[{\"goals\":\" 1\",\"odds\":\"6.50\",\"header\":\"Home\"},{\"goals\":\" 1\",\"odds\":\"3.60\",\"header\":\"Away\"},{\"goals\":\" 2\",\"odds\":\"13.00\",\"header\":\"Home\"},{\"goals\":\" 2\",\"odds\":\"4.50\",\"header\":\"Away\"},{\"goals\":\" 3\",\"odds\":\"41.00\",\"header\":\"Home\"},{\"goals\":\" 3\",\"odds\":\"7.00\",\"header\":\"Away\"},{\"goals\":\" 4+\",\"odds\":\"101.00\",\"header\":\"Home\"},{\"goals\":\" 4+\",\"odds\":\"9.50\",\"header\":\"Away\"},{\"goals\":\"Score Draw\",\"odds\":\"5.50\",\"header\":\"Home\"},{\"goals\":\"No Goal\",\"odds\":\"12.00\",\"header\":\"Home\"}]}},\"schedule\":{\"updated_at\":\"1532570184\",\"sp\":{\"main\":[{\"odds\":\"5.25\"},{\"odds\":\"4.00\"},{\"odds\":\"1.53\"}]}},\"specials\":{\"updated_at\":\"1532569840\",\"sp\":{\"specials\":[{\"name\":\"To Win From Behind\",\"odds\":\"19.00\",\"header\":\"Home\"},{\"name\":\"To Win From Behind\",\"odds\":\"8.00\",\"header\":\"Away\"},{\"name\":\"To Win to Nil\",\"odds\":\"9.50\",\"header\":\"Home\"},{\"name\":\"To Win to Nil\",\"odds\":\"2.62\",\"header\":\"Away\"},{\"name\":\"To Win Either Half\",\"odds\":\"2.75\",\"header\":\"Home\"},{\"name\":\"To Win Either Half\",\"odds\":\"1.30\",\"header\":\"Away\"},{\"name\":\"To Win Both Halves\",\"odds\":\"26.00\",\"header\":\"Home\"},{\"name\":\"To Win Both Halves\",\"odds\":\"4.00\",\"header\":\"Away\"},{\"name\":\"To Score in Both Halves\",\"odds\":\"6.50\",\"header\":\"Home\"},{\"name\":\"To Score in Both Halves\",\"odds\":\"2.38\",\"header\":\"Away\"}],\"to_score_in_half\":[{\"name\":\"1st Half\",\"odds\":\"2.75\",\"header\":\"Yes\"},{\"name\":\"1st Half\",\"odds\":\"1.40\",\"header\":\"No\"},{\"name\":\"2nd Half\",\"odds\":\"2.25\",\"header\":\"Yes\"},{\"name\":\"2nd Half\",\"odds\":\"1.57\",\"header\":\"No\"},{\"name\":\"1st Half\",\"odds\":\"1.67\",\"header\":\"Yes\"},{\"name\":\"1st Half\",\"odds\":\"2.10\",\"header\":\"No\"},{\"name\":\"2nd Half\",\"odds\":\"1.44\",\"header\":\"Yes\"},{\"name\":\"2nd Half\",\"odds\":\"2.62\",\"header\":\"No\"}]}}}]}"}