{"odd":"{\"success\":1,\"results\":[{\"FI\":\"75097219\",\"event_id\":\"638209\",\"asian_lines\":{\"updated_at\":\"1532570096\",\"sp\":{\"asian_handicap\":[{\"opp\":\"-0.5\",\"odds\":\"1.925\",\"header\":\"Home\"},{\"opp\":\"+0.5\",\"odds\":\"1.925\",\"header\":\"Away\"}],\"goal_line\":[{\"goals\":\"2.0\",\"odds\":\"1.950\",\"header\":\"Over\"},{\"goals\":\"2.0\",\"odds\":\"1.900\",\"header\":\"Under\"}],\"alternative_asian_handicap\":[{\"opp\":\"-1.5, -2.0\",\"odds\":\"4.800\",\"header\":\"Home\"},{\"opp\":\"+1.5, +2.0\",\"odds\":\"1.175\",\"header\":\"Away\"},{\"opp\":\"-1.5\",\"odds\":\"3.700\",\"header\":\"Home\"},{\"opp\":\"+1.5\",\"odds\":\"1.260\",\"header\":\"Away\"},{\"opp\":\"-1.0, -1.5\",\"odds\":\"3.300\",\"header\":\"Home\"},{\"opp\":\"+1.0, +1.5\",\"odds\":\"1.325\",\"header\":\"Away\"},{\"opp\":\"-1.0\",\"odds\":\"2.750\",\"header\":\"Home\"},{\"opp\":\"+1.0\",\"odds\":\"1.425\",\"header\":\"Away\"},{\"opp\":\"-0.5, -1.0\",\"odds\":\"2.200\",\"header\":\"Home\"},{\"opp\":\"+0.5, +1.0\",\"odds\":\"1.650\",\"header\":\"Away\"},{\"opp\":\"0.0, -0.5\",\"odds\":\"1.625\",\"header\":\"Home\"},{\"opp\":\"0.0, +0.5\",\"odds\":\"2.250\",\"header\":\"Away\"},{\"opp\":\"0.0\",\"odds\":\"1.375\",\"header\":\"Home\"},{\"opp\":\"0.0\",\"odds\":\"3.000\",\"header\":\"Away\"},{\"opp\":\"0.0, +0.5\",\"odds\":\"1.300\",\"header\":\"Home\"},{\"opp\":\"0.0, -0.5\",\"odds\":\"3.450\",\"header\":\"Away\"},{\"opp\":\"+0.5\",\"odds\":\"1.230\",\"header\":\"Home\"},{\"opp\":\"-0.5\",\"odds\":\"4.000\",\"header\":\"Away\"},{\"opp\":\"+0.5, +1.0\",\"odds\":\"1.150\",\"header\":\"Home\"},{\"opp\":\"-0.5, -1.0\",\"odds\":\"5.500\",\"header\":\"Away\"}],\"alternative_goal_line\":[{\"goals\":\"0.5, 1.0\",\"odds\":\"1.125\",\"header\":\"Over\"},{\"goals\":\"0.5, 1.0\",\"odds\":\"6.000\",\"header\":\"Under\"},{\"goals\":\"1.0\",\"odds\":\"1.150\",\"header\":\"Over\"},{\"goals\":\"1.0\",\"odds\":\"5.500\",\"header\":\"Under\"},{\"goals\":\"1.0, 1.5\",\"odds\":\"1.325\",\"header\":\"Over\"},{\"goals\":\"1.0, 1.5\",\"odds\":\"3.300\",\"header\":\"Under\"},{\"goals\":\"1.5\",\"odds\":\"1.500\",\"header\":\"Over\"},{\"goals\":\"1.5\",\"odds\":\"2.500\",\"header\":\"Under\"},{\"goals\":\"1.5, 2.0\",\"odds\":\"1.650\",\"header\":\"Over\"},{\"goals\":\"1.5, 2.0\",\"odds\":\"2.200\",\"header\":\"Under\"},{\"goals\":\"2.0, 2.5\",\"odds\":\"2.250\",\"header\":\"Over\"},{\"goals\":\"2.0, 2.5\",\"odds\":\"1.625\",\"header\":\"Under\"},{\"goals\":\"2.5\",\"odds\":\"2.500\",\"header\":\"Over\"},{\"goals\":\"2.5\",\"odds\":\"1.500\",\"header\":\"Under\"},{\"goals\":\"2.5, 3.0\",\"odds\":\"3.100\",\"header\":\"Over\"},{\"goals\":\"2.5, 3.0\",\"odds\":\"1.350\",\"header\":\"Under\"},{\"goals\":\"3.0\",\"odds\":\"4.150\",\"header\":\"Over\"},{\"goals\":\"3.0\",\"odds\":\"1.220\",\"header\":\"Under\"},{\"goals\":\"3.0, 3.5\",\"odds\":\"4.500\",\"header\":\"Over\"},{\"goals\":\"3.0, 3.5\",\"odds\":\"1.190\",\"header\":\"Under\"},{\"goals\":\"3.5\",\"odds\":\"5.250\",\"header\":\"Over\"},{\"goals\":\"3.5\",\"odds\":\"1.160\",\"header\":\"Under\"},{\"goals\":\"3.5, 4.0\",\"odds\":\"6.600\",\"header\":\"Over\"},{\"goals\":\"3.5, 4.0\",\"odds\":\"1.110\",\"header\":\"Under\"}],\"1st_half_asian_handicap\":[{\"opp\":\"0.0, -0.5\",\"odds\":\"2.075\",\"header\":\"Home\"},{\"opp\":\"0.0, +0.5\",\"odds\":\"1.725\",\"header\":\"Away\"}],\"1st_half_goal_line\":[{\"goals\":\"0.5, 1.0\",\"odds\":\"1.825\",\"header\":\"Over\"},{\"goals\":\"0.5, 1.0\",\"odds\":\"1.975\",\"header\":\"Under\"}],\"alternative_1st_half_asian_handicap\":[{\"opp\":\"-1.0\",\"odds\":\"7.000\",\"header\":\"Home\"},{\"opp\":\"+1.0\",\"odds\":\"1.100\",\"header\":\"Away\"},{\"opp\":\"-0.5, -1.0\",\"odds\":\"3.550\",\"header\":\"Home\"},{\"opp\":\"+0.5, +1.0\",\"odds\":\"1.275\",\"header\":\"Away\"},{\"opp\":\"-0.5\",\"odds\":\"2.675\",\"header\":\"Home\"},{\"opp\":\"+0.5\",\"odds\":\"1.450\",\"header\":\"Away\"},{\"opp\":\"0.0\",\"odds\":\"1.450\",\"header\":\"Home\"},{\"opp\":\"0.0\",\"odds\":\"2.675\",\"header\":\"Away\"},{\"opp\":\"0.0, +0.5\",\"odds\":\"1.250\",\"header\":\"Home\"},{\"opp\":\"0.0, -0.5\",\"odds\":\"3.800\",\"header\":\"Away\"},{\"opp\":\"+0.5\",\"odds\":\"1.175\",\"header\":\"Home\"},{\"opp\":\"-0.5\",\"odds\":\"4.800\",\"header\":\"Away\"}],\"alternative_1st_half_goal_line\":[{\"goals\":\"1.0\",\"odds\":\"2.425\",\"header\":\"Over\"},{\"goals\":\"1.0\",\"odds\":\"1.525\",\"header\":\"Under\"},{\"goals\":\"1.0, 1.5\",\"odds\":\"3.100\",\"header\":\"Over\"},{\"goals\":\"1.0, 1.5\",\"odds\":\"1.350\",\"header\":\"Under\"},{\"goals\":\"1.5\",\"odds\":\"3.700\",\"header\":\"Over\"},{\"goals\":\"1.5\",\"odds\":\"1.260\",\"header\":\"Under\"},{\"goals\":\"1.5, 2.0\",\"odds\":\"5.250\",\"header\":\"Over\"},{\"goals\":\"1.5, 2.0\",\"odds\":\"1.160\",\"header\":\"Under\"}],\"asian_total_corners\":[{\"goals\":\"10.0\",\"odds\":\"1.900\",\"header\":\"Over\"},{\"goals\":\"10.0\",\"odds\":\"1.900\",\"header\":\"Under\"}],\"1st_half_asian_corners\":[{\"goals\":\"4.5\",\"odds\":\"1.775\",\"header\":\"Over\"},{\"goals\":\"4.5\",\"odds\":\"2.025\",\"header\":\"Under\"}]}},\"corners\":{\"updated_at\":\"1532570392\",\"sp\":{\"corners\":[{\"opp\":\"Over 10\",\"odds\":\"2.10\"},{\"opp\":\"Exactly 10\",\"odds\":\"7.50\"},{\"opp\":\"Under 10\",\"odds\":\"2.10\"}],\"total_corners\":[{\"opp\":\"Under 6\",\"odds\":\"12.00\"},{\"opp\":\"6 - 8\",\"odds\":\"3.50\"},{\"opp\":\"9 - 11\",\"odds\":\"2.60\"},{\"opp\":\"12 - 14\",\"odds\":\"4.00\"},{\"opp\":\"Over 14\",\"odds\":\"8.00\"}],\"alternative_corners\":[{\"goals\":\"4\",\"odds\":\"1.02\",\"header\":\"Over\"},{\"goals\":\"4\",\"odds\":\"23.00\",\"header\":\"Exactly\"},{\"goals\":\"4\",\"odds\":\"34.00\",\"header\":\"Under\"},{\"goals\":\"5\",\"odds\":\"1.05\",\"header\":\"Over\"},{\"goals\":\"5\",\"odds\":\"17.00\",\"header\":\"Exactly\"},{\"goals\":\"5\",\"odds\":\"19.00\",\"header\":\"Under\"},{\"goals\":\"6\",\"odds\":\"1.10\",\"header\":\"Over\"},{\"goals\":\"6\",\"odds\":\"12.00\",\"header\":\"Exactly\"},{\"goals\":\"6\",\"odds\":\"11.00\",\"header\":\"Under\"},{\"goals\":\"7\",\"odds\":\"1.22\",\"header\":\"Over\"},{\"goals\":\"7\",\"odds\":\"9.50\",\"header\":\"Exactly\"},{\"goals\":\"7\",\"odds\":\"6.50\",\"header\":\"Under\"},{\"goals\":\"8\",\"odds\":\"1.40\",\"header\":\"Over\"},{\"goals\":\"8\",\"odds\":\"8.00\",\"header\":\"Exactly\"},{\"goals\":\"8\",\"odds\":\"4.00\",\"header\":\"Under\"},{\"goals\":\"9\",\"odds\":\"1.67\",\"header\":\"Over\"},{\"goals\":\"9\",\"odds\":\"7.50\",\"header\":\"Exactly\"},{\"goals\":\"9\",\"odds\":\"2.88\",\"header\":\"Under\"},{\"goals\":\"11\",\"odds\":\"2.75\",\"header\":\"Over\"},{\"goals\":\"11\",\"odds\":\"8.00\",\"header\":\"Exactly\"},{\"goals\":\"11\",\"odds\":\"1.67\",\"header\":\"Under\"},{\"goals\":\"12\",\"odds\":\"3.75\",\"header\":\"Over\"},{\"goals\":\"12\",\"odds\":\"9.00\",\"header\":\"Exactly\"},{\"goals\":\"12\",\"odds\":\"1.44\",\"header\":\"Under\"},{\"goals\":\"13\",\"odds\":\"5.50\",\"header\":\"Over\"},{\"goals\":\"13\",\"odds\":\"11.00\",\"header\":\"Exactly\"},{\"goals\":\"13\",\"odds\":\"1.25\",\"header\":\"Under\"},{\"goals\":\"14\",\"odds\":\"8.00\",\"header\":\"Over\"},{\"goals\":\"14\",\"odds\":\"13.00\",\"header\":\"Exactly\"},{\"goals\":\"14\",\"odds\":\"1.14\",\"header\":\"Under\"},{\"goals\":\"15\",\"odds\":\"12.00\",\"header\":\"Over\"},{\"goals\":\"15\",\"odds\":\"17.00\",\"header\":\"Exactly\"},{\"goals\":\"15\",\"odds\":\"1.07\",\"header\":\"Under\"},{\"goals\":\"16\",\"odds\":\"15.00\",\"header\":\"Over\"},{\"goals\":\"16\",\"odds\":\"21.00\",\"header\":\"Exactly\"},{\"goals\":\"16\",\"odds\":\"1.04\",\"header\":\"Under\"},{\"goals\":\"17\",\"odds\":\"21.00\",\"header\":\"Over\"},{\"goals\":\"17\",\"odds\":\"26.00\",\"header\":\"Exactly\"},{\"goals\":\"17\",\"odds\":\"1.02\",\"header\":\"Under\"},{\"goals\":\"18\",\"odds\":\"29.00\",\"header\":\"Over\"},{\"goals\":\"18\",\"odds\":\"34.00\",\"header\":\"Exactly\"},{\"goals\":\"18\",\"odds\":\"1.01\",\"header\":\"Under\"}],\"corners_2_way\":[{\"opp\":\"Over 10.5\",\"odds\":\"2.10\"},{\"opp\":\"Under 10.5\",\"odds\":\"1.67\"}],\"first_half_corners\":[{\"opp\":\"5\",\"odds\":\"2.50\",\"header\":\"Over\"},{\"opp\":\"5\",\"odds\":\"5.50\",\"header\":\"Exactly\"},{\"opp\":\"5\",\"odds\":\"2.00\",\"header\":\"Under\"}],\"asian_total_corners\":[{\"goals\":\"10.0\",\"odds\":\"1.900\",\"header\":\"Over\"},{\"goals\":\"10.0\",\"odds\":\"1.900\",\"header\":\"Under\"}],\"1st_half_asian_corners\":[{\"goals\":\"4.5\",\"odds\":\"1.775\",\"header\":\"Over\"},{\"goals\":\"4.5\",\"odds\":\"2.025\",\"header\":\"Under\"}]}},\"goals\":{\"updated_at\":\"1532570404\",\"sp\":{\"goals_over_under\":[{\"goals\":\"2.5\",\"odds\":\"2.50\",\"header\":\"Over\"},{\"goals\":\"2.5\",\"odds\":\"1.50\",\"header\":\"Under\"}],\"alternative_total_goals\":[{\"goals\":\"0.5\",\"odds\":\"1.10\",\"header\":\"Over \"},{\"goals\":\"0.5\",\"odds\":\"7.00\",\"header\":\"Under\"},{\"goals\":\"1.5\",\"odds\":\"1.50\",\"header\":\"Over \"},{\"goals\":\"1.5\",\"odds\":\"2.50\",\"header\":\"Under\"},{\"goals\":\"3.5\",\"odds\":\"5.00\",\"header\":\"Over \"},{\"goals\":\"3.5\",\"odds\":\"1.17\",\"header\":\"Under\"},{\"goals\":\"4.5\",\"odds\":\"11.00\",\"header\":\"Over \"},{\"goals\":\"4.5\",\"odds\":\"1.05\",\"header\":\"Under\"},{\"goals\":\"5.5\",\"odds\":\"26.00\",\"header\":\"Over \"},{\"goals\":\"5.5\",\"odds\":\"1.01\",\"header\":\"Under\"}],\"result_total_goals\":[{\"opp\":\"Gremio & Over 2.5\",\"odds\":\"3.75\"},{\"opp\":\"Gremio & Under 2.5\",\"odds\":\"3.40\"},{\"opp\":\"Draw & Over 2.5\",\"odds\":\"21.00\"},{\"opp\":\"Draw & Under  2.5\",\"odds\":\"3.75\"},{\"opp\":\"Sao Paulo & Over 2.5\",\"odds\":\"9.00\"},{\"opp\":\"Sao Paulo & Under 2.5\",\"odds\":\"6.50\"}],\"total_goals_both_teams_to_score\":[{\"opp\":\"Over 2.5 & Yes\",\"odds\":\"3.10\"},{\"opp\":\"Over 2.5 & No\",\"odds\":\"10.00\"},{\"opp\":\"Under 2.5 & Yes\",\"odds\":\"6.50\"},{\"opp\":\"Under 2.5 & No\",\"odds\":\"1.83\"}],\"exact_total_goals\":[{\"opp\":\"0 Goals\",\"odds\":\"7.00\"},{\"opp\":\"1 Goal\",\"odds\":\"3.60\"},{\"opp\":\"2 Goals\",\"odds\":\"3.40\"},{\"opp\":\"3 Goals\",\"odds\":\"4.50\"},{\"opp\":\"4 Goals\",\"odds\":\"8.00\"},{\"opp\":\"5 Goals\",\"odds\":\"19.00\"},{\"opp\":\"6 Goals\",\"odds\":\"41.00\"},{\"opp\":\"7+ Goals\",\"odds\":\"51.00\"}],\"number_of_goals_in_match\":[{\"opp\":\"Under 2 goals\",\"odds\":\"2.50\"},{\"opp\":\"2 or 3 goals\",\"odds\":\"2.00\"},{\"opp\":\"Over 3 goals\",\"odds\":\"5.00\"}],\"both_teams_to_score\":[{\"opp\":\"Yes\",\"odds\":\"2.20\"},{\"opp\":\"No\",\"odds\":\"1.62\"}],\"teams_to_score\":[{\"opp\":\"Both Teams\",\"odds\":\"2.20\"},{\"opp\":\"Gremio Only\",\"odds\":\"2.62\"},{\"opp\":\"No Goal\",\"odds\":\"7.00\"},{\"opp\":\"Sao Paulo Only\",\"odds\":\"6.00\"}],\"both_teams_to_score_in_1st_half\":[{\"opp\":\"Yes\",\"odds\":\"6.50\"},{\"opp\":\"No\",\"odds\":\"1.11\"}],\"both_teams_to_score_in_2nd_half\":[{\"opp\":\"Yes\",\"odds\":\"4.33\"},{\"opp\":\"No\",\"odds\":\"1.20\"}],\"both_teams_to_score_1st_half_2nd_half\":[{\"opp\":\"Yes \\\/ Yes\",\"odds\":\"26.00\"},{\"opp\":\"Yes \\\/ No\",\"odds\":\"7.50\"},{\"opp\":\"No \\\/ Yes\",\"odds\":\"4.75\"},{\"opp\":\"No \\\/ No\",\"odds\":\"1.36\"}],\"first_half_goals\":[{\"goals\":\"0.5\",\"odds\":\"1.53\",\"header\":\"Over\"},{\"goals\":\"0.5\",\"odds\":\"2.38\",\"header\":\"Under\"},{\"goals\":\"1.5\",\"odds\":\"3.75\",\"header\":\"Over\"},{\"goals\":\"1.5\",\"odds\":\"1.25\",\"header\":\"Under\"},{\"goals\":\"2.5\",\"odds\":\"11.00\",\"header\":\"Over\"},{\"goals\":\"2.5\",\"odds\":\"1.05\",\"header\":\"Under\"}],\"exact_1st_half_goals\":[{\"opp\":\"0 Goals\",\"odds\":\"2.38\"},{\"opp\":\"1 Goal\",\"odds\":\"2.50\"},{\"opp\":\"2 Goals\",\"odds\":\"5.00\"},{\"opp\":\"3 Goals\",\"odds\":\"15.00\"},{\"opp\":\"4 Goals\",\"odds\":\"41.00\"},{\"opp\":\"5+ Goals\",\"odds\":\"126.00\"}],\"total_goal_minutes\":[{\"opp\":\"Over 115 minutes\",\"odds\":\"2.10\"},{\"opp\":\"95 To 115 minutes inc.\",\"odds\":\"8.50\"},{\"opp\":\"Under 95 minutes\",\"odds\":\"1.91\"}],\"first_team_to_score\":[{\"opp\":\"Gremio\",\"odds\":\"1.57\"},{\"opp\":\"No Goals\",\"odds\":\"7.00\"},{\"opp\":\"Sao Paulo\",\"odds\":\"3.00\"}],\"early_goal\":[{\"opp\":\"Goal before 35:00\",\"odds\":\"1.83\"},{\"opp\":\"No Goal before 35:00\",\"odds\":\"1.83\"}],\"late_goal\":[{\"opp\":\"Goal after 67:59\",\"odds\":\"1.83\"},{\"opp\":\"No Goal after 67:59\",\"odds\":\"1.83\"}],\"time_of_first_goal_brackets\":[{\"opp\":\"1-10\",\"odds\":\"5.50\"},{\"opp\":\"11-20\",\"odds\":\"6.00\"},{\"opp\":\"21-30\",\"odds\":\"6.50\"},{\"opp\":\"31-40\",\"odds\":\"7.50\"},{\"opp\":\"41-50\",\"odds\":\"8.00\"},{\"opp\":\"51-60\",\"odds\":\"12.00\"},{\"opp\":\"61-70\",\"odds\":\"15.00\"},{\"opp\":\"71-80\",\"odds\":\"17.00\"},{\"opp\":\"81 - Full Time\",\"odds\":\"15.00\"},{\"opp\":\"No Goal\",\"odds\":\"7.00\"}],\"2nd_half_goals\":[{\"goals\":\"0.5\",\"odds\":\"1.33\",\"header\":\"Over\"},{\"goals\":\"0.5\",\"odds\":\"3.25\",\"header\":\"Under\"},{\"goals\":\"1.5\",\"odds\":\"2.62\",\"header\":\"Over\"},{\"goals\":\"1.5\",\"odds\":\"1.44\",\"header\":\"Under\"},{\"goals\":\"2.5\",\"odds\":\"7.00\",\"header\":\"Over\"},{\"goals\":\"2.5\",\"odds\":\"1.10\",\"header\":\"Under\"},{\"goals\":\"3.5\",\"odds\":\"19.00\",\"header\":\"Over\"},{\"goals\":\"3.5\",\"odds\":\"1.02\",\"header\":\"Under\"}],\"exact_2nd_half_goals\":[{\"opp\":\"0 Goals\",\"odds\":\"3.25\"},{\"opp\":\"1 Goal\",\"odds\":\"2.50\"},{\"opp\":\"2 Goals\",\"odds\":\"4.00\"},{\"opp\":\"3 Goals\",\"odds\":\"9.00\"},{\"opp\":\"4 Goals\",\"odds\":\"26.00\"},{\"opp\":\"5+ Goals\",\"odds\":\"51.00\"}],\"half_with_most_goals\":[{\"opp\":\"1st Half\",\"odds\":\"3.20\"},{\"opp\":\"2nd Half\",\"odds\":\"2.20\"},{\"opp\":\"Tie\",\"odds\":\"3.10\"}],\"home_team_highest_scoring_half\":[{\"opp\":\"Gremio - 1st Half\",\"odds\":\"3.50\"},{\"opp\":\"Gremio - 2nd Half\",\"odds\":\"2.50\"},{\"opp\":\"Gremio - Tie\",\"odds\":\"2.30\"}],\"away_team_highest_scoring_half\":[{\"opp\":\"Sao Paulo - 1st Half\",\"odds\":\"4.33\"},{\"opp\":\"Sao Paulo - 2nd Half\",\"odds\":\"3.20\"},{\"opp\":\"Sao Paulo - Tie\",\"odds\":\"1.80\"}],\"home_team_exact_goals\":[{\"opp\":\"Gremio - 0 Goals\",\"odds\":\"3.50\"},{\"opp\":\"Gremio - 1 Goal\",\"odds\":\"2.60\"},{\"opp\":\"Gremio - 2 Goals\",\"odds\":\"3.75\"},{\"opp\":\"Gremio - 3+ Goals\",\"odds\":\"5.50\"}],\"away_team_exact_goals\":[{\"opp\":\"Sao Paulo - 0 Goals\",\"odds\":\"2.00\"},{\"opp\":\"Sao Paulo - 1 Goal\",\"odds\":\"2.50\"},{\"opp\":\"Sao Paulo - 2 Goals\",\"odds\":\"6.00\"},{\"opp\":\"Sao Paulo - 3+ Goals\",\"odds\":\"15.00\"}],\"time_of_1st_team_goal\":[{\"opp\":\"Gremio - Goal before 53:00\",\"odds\":\"1.83\"},{\"opp\":\"Gremio - No Goal before 53:00\",\"odds\":\"1.83\"},{\"opp\":\"Sao Paulo - Goal before 79:00\",\"odds\":\"2.00\"},{\"opp\":\"Sao Paulo - No Goal before 79:00\",\"odds\":\"1.73\"}],\"goals_odd_even\":[{\"opp\":\"Even\",\"odds\":\"1.90\"},{\"opp\":\"Odd\",\"odds\":\"1.95\"}],\"home_team_odd_even_goals\":[{\"opp\":\"Gremio - Even\",\"odds\":\"1.73\"},{\"opp\":\"Gremio - Odd\",\"odds\":\"2.00\"}],\"away_team_odd_even_goals\":[{\"opp\":\"Sao Paulo - Even\",\"odds\":\"1.57\"},{\"opp\":\"Sao Paulo - Odd\",\"odds\":\"2.25\"}],\"1st_half_goals_odd_even\":[{\"opp\":\"Odd\",\"odds\":\"2.20\"},{\"opp\":\"Even\",\"odds\":\"1.67\"}],\"last_team_to_score\":[{\"opp\":\"Gremio\",\"odds\":\"1.57\"},{\"opp\":\"No Goal\",\"odds\":\"7.00\"},{\"opp\":\"Sao Paulo\",\"odds\":\"3.00\"}],\"first_10_minutes_(00:00_09:59)\":[{\"name\":\"Goals\",\"handicap\":\"0.5\",\"odds\":\"5.50\",\"header\":\"Over\"},{\"name\":\"Goals\",\"handicap\":\"0.5\",\"odds\":\"1.14\",\"header\":\"Under\"}]}},\"half\":{\"updated_at\":\"1532570520\",\"sp\":{\"half_time_result\":[{\"opp\":\"1\",\"odds\":\"2.62\"},{\"opp\":\"X\",\"odds\":\"1.95\"},{\"opp\":\"2\",\"odds\":\"5.00\"}],\"half_time_double_chance\":[{\"opp\":\"1X\",\"odds\":\"1.17\"},{\"opp\":\"X2\",\"odds\":\"1.44\"},{\"opp\":\"12\",\"odds\":\"1.80\"}],\"half_time_result_both_teams_to_score\":[{\"opp\":\"Gremio & Yes\",\"odds\":\"23.00\"},{\"opp\":\"Gremio & No\",\"odds\":\"2.88\"},{\"opp\":\"Draw & Yes\",\"odds\":\"9.50\"},{\"opp\":\"Draw & No\",\"odds\":\"2.30\"},{\"opp\":\"Sao Paulo & Yes\",\"odds\":\"41.00\"},{\"opp\":\"Sao Paulo & No\",\"odds\":\"5.00\"}],\"half_time_result_total_goals\":[{\"opp\":\"Gremio & Over 1.5\",\"odds\":\"7.50\"},{\"opp\":\"Gremio & Under 1.5\",\"odds\":\"3.60\"},{\"opp\":\"Draw & Over 1.5\",\"odds\":\"10.00\"},{\"opp\":\"Draw & Under 1.5\",\"odds\":\"2.38\"},{\"opp\":\"Sao Paulo & Over 1.5\",\"odds\":\"19.00\"},{\"opp\":\"Sao Paulo & Under 1.5\",\"odds\":\"6.00\"}],\"half_time_correct_score\":[{\"opp\":\"1-0\",\"odds\":\"3.60\",\"header\":\"Home\"},{\"opp\":\"0-0\",\"odds\":\"2.38\",\"header\":\"X\"},{\"opp\":\"1-0\",\"odds\":\"6.00\",\"header\":\"Away\"},{\"opp\":\"2-0\",\"odds\":\"11.00\",\"header\":\"Home\"},{\"opp\":\"1-1\",\"odds\":\"9.50\",\"header\":\"X\"},{\"opp\":\"2-0\",\"odds\":\"29.00\",\"header\":\"Away\"},{\"opp\":\"2-1\",\"odds\":\"29.00\",\"header\":\"Home\"},{\"opp\":\"2-2\",\"odds\":\"81.00\",\"header\":\"X\"},{\"opp\":\"2-1\",\"odds\":\"41.00\",\"header\":\"Away\"},{\"opp\":\"3-0\",\"odds\":\"41.00\",\"header\":\"Home\"},{\"opp\":\"3-0\",\"odds\":\"126.00\",\"header\":\"Away\"},{\"opp\":\"3-1\",\"odds\":\"81.00\",\"header\":\"Home\"},{\"opp\":\"3-1\",\"odds\":\"201.00\",\"header\":\"Away\"},{\"opp\":\"3-2\",\"odds\":\"351.00\",\"header\":\"Home\"},{\"opp\":\"4-0\",\"odds\":\"151.00\",\"header\":\"Home\"},{\"opp\":\"4-1\",\"odds\":\"401.00\",\"header\":\"Home\"}],\"both_teams_to_score_in_1st_half\":[{\"opp\":\"Yes\",\"odds\":\"6.50\"},{\"opp\":\"No\",\"odds\":\"1.11\"}],\"both_teams_to_score_in_2nd_half\":[{\"opp\":\"Yes\",\"odds\":\"4.33\"},{\"opp\":\"No\",\"odds\":\"1.20\"}],\"both_teams_to_score_1st_half_2nd_half\":[{\"opp\":\"Yes \\\/ Yes\",\"odds\":\"26.00\"},{\"opp\":\"Yes \\\/ No\",\"odds\":\"7.50\"},{\"opp\":\"No \\\/ Yes\",\"odds\":\"4.75\"},{\"opp\":\"No \\\/ No\",\"odds\":\"1.36\"}],\"1st_half_asian_handicap\":[{\"opp\":\"0.0, -0.5\",\"odds\":\"2.075\",\"header\":\"Home\"},{\"opp\":\"0.0, +0.5\",\"odds\":\"1.725\",\"header\":\"Away\"}],\"1st_half_goal_line\":[{\"goals\":\"0.5, 1.0\",\"odds\":\"1.825\",\"header\":\"Over\"},{\"goals\":\"0.5, 1.0\",\"odds\":\"1.975\",\"header\":\"Under\"}],\"alternative_1st_half_asian_handicap\":[{\"opp\":\"-1.0\",\"odds\":\"7.000\",\"header\":\"Home\"},{\"opp\":\"+1.0\",\"odds\":\"1.100\",\"header\":\"Away\"},{\"opp\":\"-0.5, -1.0\",\"odds\":\"3.550\",\"header\":\"Home\"},{\"opp\":\"+0.5, +1.0\",\"odds\":\"1.275\",\"header\":\"Away\"},{\"opp\":\"-0.5\",\"odds\":\"2.675\",\"header\":\"Home\"},{\"opp\":\"+0.5\",\"odds\":\"1.450\",\"header\":\"Away\"},{\"opp\":\"0.0\",\"odds\":\"1.450\",\"header\":\"Home\"},{\"opp\":\"0.0\",\"odds\":\"2.675\",\"header\":\"Away\"},{\"opp\":\"0.0, +0.5\",\"odds\":\"1.250\",\"header\":\"Home\"},{\"opp\":\"0.0, -0.5\",\"odds\":\"3.800\",\"header\":\"Away\"},{\"opp\":\"+0.5\",\"odds\":\"1.175\",\"header\":\"Home\"},{\"opp\":\"-0.5\",\"odds\":\"4.800\",\"header\":\"Away\"}],\"alternative_1st_half_goal_line\":[{\"goals\":\"1.0\",\"odds\":\"2.425\",\"header\":\"Over\"},{\"goals\":\"1.0\",\"odds\":\"1.525\",\"header\":\"Under\"},{\"goals\":\"1.0, 1.5\",\"odds\":\"3.100\",\"header\":\"Over\"},{\"goals\":\"1.0, 1.5\",\"odds\":\"1.350\",\"header\":\"Under\"},{\"goals\":\"1.5\",\"odds\":\"3.700\",\"header\":\"Over\"},{\"goals\":\"1.5\",\"odds\":\"1.260\",\"header\":\"Under\"},{\"goals\":\"1.5, 2.0\",\"odds\":\"5.250\",\"header\":\"Over\"},{\"goals\":\"1.5, 2.0\",\"odds\":\"1.160\",\"header\":\"Under\"}],\"1st_half_handicap\":[{\"opp\":\"Gremio  -1.0\",\"odds\":\"9.00\"},{\"opp\":\"Tie - Sao Paulo +1.0\",\"odds\":\"3.25\"},{\"opp\":\"Sao Paulo  +1.0\",\"odds\":\"1.44\"}],\"alternative_1st_half_handicap_result\":[{\"opp\":\"-2.0\",\"odds\":\"23.00\",\"header\":\"Home\"},{\"opp\":\"+2.0\",\"odds\":\"10.00\",\"header\":\"Tie\"},{\"opp\":\"+2.0\",\"odds\":\"1.06\",\"header\":\"Away\"},{\"opp\":\"+1.0\",\"odds\":\"1.17\",\"header\":\"Home\"},{\"opp\":\"-1.0\",\"odds\":\"5.50\",\"header\":\"Tie\"},{\"opp\":\"-1.0\",\"odds\":\"21.00\",\"header\":\"Away\"}],\"first_half_goals\":[{\"goals\":\"0.5\",\"odds\":\"1.53\",\"header\":\"Over\"},{\"goals\":\"0.5\",\"odds\":\"2.38\",\"header\":\"Under\"},{\"goals\":\"1.5\",\"odds\":\"3.75\",\"header\":\"Over\"},{\"goals\":\"1.5\",\"odds\":\"1.25\",\"header\":\"Under\"},{\"goals\":\"2.5\",\"odds\":\"11.00\",\"header\":\"Over\"},{\"goals\":\"2.5\",\"odds\":\"1.05\",\"header\":\"Under\"}],\"exact_1st_half_goals\":[{\"opp\":\"0 Goals\",\"odds\":\"2.38\"},{\"opp\":\"1 Goal\",\"odds\":\"2.50\"},{\"opp\":\"2 Goals\",\"odds\":\"5.00\"},{\"opp\":\"3 Goals\",\"odds\":\"15.00\"},{\"opp\":\"4 Goals\",\"odds\":\"41.00\"},{\"opp\":\"5+ Goals\",\"odds\":\"126.00\"}],\"first_half_corners\":[{\"opp\":\"5\",\"odds\":\"2.50\",\"header\":\"Over\"},{\"opp\":\"5\",\"odds\":\"5.50\",\"header\":\"Exactly\"},{\"opp\":\"5\",\"odds\":\"2.00\",\"header\":\"Under\"}],\"1st_half_asian_corners\":[{\"goals\":\"4.5\",\"odds\":\"1.775\",\"header\":\"Over\"},{\"goals\":\"4.5\",\"odds\":\"2.025\",\"header\":\"Under\"}],\"1st_half_goals_odd_even\":[{\"opp\":\"Odd\",\"odds\":\"2.20\"},{\"opp\":\"Even\",\"odds\":\"1.67\"}],\"to_score_in_half\":[{\"name\":\"1st Half\",\"odds\":\"2.10\",\"header\":\"Yes\"},{\"name\":\"1st Half\",\"odds\":\"1.67\",\"header\":\"No\"},{\"name\":\"2nd Half\",\"odds\":\"1.73\",\"header\":\"Yes\"},{\"name\":\"2nd Half\",\"odds\":\"2.00\",\"header\":\"No\"},{\"name\":\"1st Half\",\"odds\":\"3.25\",\"header\":\"Yes\"},{\"name\":\"1st Half\",\"odds\":\"1.33\",\"header\":\"No\"},{\"name\":\"2nd Half\",\"odds\":\"2.50\",\"header\":\"Yes\"},{\"name\":\"2nd Half\",\"odds\":\"1.50\",\"header\":\"No\"}],\"half_with_most_goals\":[{\"opp\":\"1st Half\",\"odds\":\"3.20\"},{\"opp\":\"2nd Half\",\"odds\":\"2.20\"},{\"opp\":\"Tie\",\"odds\":\"3.10\"}],\"home_team_highest_scoring_half\":[{\"opp\":\"Gremio - 1st Half\",\"odds\":\"3.50\"},{\"opp\":\"Gremio - 2nd Half\",\"odds\":\"2.50\"},{\"opp\":\"Gremio - Tie\",\"odds\":\"2.30\"}],\"away_team_highest_scoring_half\":[{\"opp\":\"Sao Paulo - 1st Half\",\"odds\":\"4.33\"},{\"opp\":\"Sao Paulo - 2nd Half\",\"odds\":\"3.20\"},{\"opp\":\"Sao Paulo - Tie\",\"odds\":\"1.80\"}],\"2nd_half_result\":[{\"opp\":\"1\",\"odds\":\"2.30\"},{\"opp\":\"X\",\"odds\":\"2.25\"},{\"opp\":\"2\",\"odds\":\"4.33\"}],\"2nd_half_goals\":[{\"goals\":\"0.5\",\"odds\":\"1.33\",\"header\":\"Over\"},{\"goals\":\"0.5\",\"odds\":\"3.25\",\"header\":\"Under\"},{\"goals\":\"1.5\",\"odds\":\"2.62\",\"header\":\"Over\"},{\"goals\":\"1.5\",\"odds\":\"1.44\",\"header\":\"Under\"},{\"goals\":\"2.5\",\"odds\":\"7.00\",\"header\":\"Over\"},{\"goals\":\"2.5\",\"odds\":\"1.10\",\"header\":\"Under\"},{\"goals\":\"3.5\",\"odds\":\"19.00\",\"header\":\"Over\"},{\"goals\":\"3.5\",\"odds\":\"1.02\",\"header\":\"Under\"}],\"exact_2nd_half_goals\":[{\"opp\":\"0 Goals\",\"odds\":\"3.25\"},{\"opp\":\"1 Goal\",\"odds\":\"2.50\"},{\"opp\":\"2 Goals\",\"odds\":\"4.00\"},{\"opp\":\"3 Goals\",\"odds\":\"9.00\"},{\"opp\":\"4 Goals\",\"odds\":\"26.00\"},{\"opp\":\"5+ Goals\",\"odds\":\"51.00\"}],\"2nd_half_goals_odd_even\":[{\"opp\":\"Even\",\"odds\":\"1.73\"},{\"opp\":\"Odd\",\"odds\":\"2.00\"}]}},\"main\":{\"updated_at\":\"1532570077\",\"sp\":{\"full_time_result\":[{\"opp\":\"1\",\"odds\":\"1.91\"},{\"opp\":\"X\",\"odds\":\"3.30\"},{\"opp\":\"2\",\"odds\":\"4.20\"}],\"double_chance\":[{\"opp\":\"1X\",\"odds\":\"1.25\"},{\"opp\":\"X2\",\"odds\":\"1.91\"},{\"opp\":\"12\",\"odds\":\"1.34\"}],\"correct_score\":[{\"opp\":\"1-0\",\"odds\":\"5.50\",\"header\":\"Home\"},{\"opp\":\"0-0\",\"odds\":\"7.00\",\"header\":\"X\"},{\"opp\":\"1-0\",\"odds\":\"8.50\",\"header\":\"Away\"},{\"opp\":\"2-0\",\"odds\":\"7.50\",\"header\":\"Home\"},{\"opp\":\"1-1\",\"odds\":\"6.50\",\"header\":\"X\"},{\"opp\":\"2-0\",\"odds\":\"21.00\",\"header\":\"Away\"},{\"opp\":\"2-1\",\"odds\":\"9.00\",\"header\":\"Home\"},{\"opp\":\"2-2\",\"odds\":\"21.00\",\"header\":\"X\"},{\"opp\":\"2-1\",\"odds\":\"15.00\",\"header\":\"Away\"},{\"opp\":\"3-0\",\"odds\":\"15.00\",\"header\":\"Home\"},{\"opp\":\"3-3\",\"odds\":\"81.00\",\"header\":\"X\"},{\"opp\":\"3-0\",\"odds\":\"51.00\",\"header\":\"Away\"},{\"opp\":\"3-1\",\"odds\":\"19.00\",\"header\":\"Home\"},{\"opp\":\"3-1\",\"odds\":\"41.00\",\"header\":\"Away\"},{\"opp\":\"3-2\",\"odds\":\"41.00\",\"header\":\"Home\"},{\"opp\":\"3-2\",\"odds\":\"51.00\",\"header\":\"Away\"},{\"opp\":\"4-0\",\"odds\":\"41.00\",\"header\":\"Home\"},{\"opp\":\"4-0\",\"odds\":\"151.00\",\"header\":\"Away\"},{\"opp\":\"4-1\",\"odds\":\"41.00\",\"header\":\"Home\"},{\"opp\":\"4-1\",\"odds\":\"126.00\",\"header\":\"Away\"},{\"opp\":\"4-2\",\"odds\":\"81.00\",\"header\":\"Home\"},{\"opp\":\"4-2\",\"odds\":\"151.00\",\"header\":\"Away\"},{\"opp\":\"4-3\",\"odds\":\"201.00\",\"header\":\"Home\"},{\"opp\":\"4-3\",\"odds\":\"351.00\",\"header\":\"Away\"},{\"opp\":\"5-0\",\"odds\":\"81.00\",\"header\":\"Home\"},{\"opp\":\"5-1\",\"odds\":\"101.00\",\"header\":\"Home\"},{\"opp\":\"5-2\",\"odds\":\"201.00\",\"header\":\"Home\"},{\"opp\":\"6-1\",\"odds\":\"401.00\",\"header\":\"Home\"},{\"opp\":\"6-0\",\"odds\":\"301.00\",\"header\":\"Home\"}],\"half_time_full_time\":[{\"opp\":\"Gremio - Gremio\",\"odds\":\"3.10\"},{\"opp\":\"Gremio - Draw\",\"odds\":\"17.00\"},{\"opp\":\"Gremio - Sao Paulo\",\"odds\":\"41.00\"},{\"opp\":\"Draw - Gremio\",\"odds\":\"4.33\"},{\"opp\":\"Draw - Draw\",\"odds\":\"4.33\"},{\"opp\":\"Draw - Sao Paulo\",\"odds\":\"9.00\"},{\"opp\":\"Sao Paulo - Gremio\",\"odds\":\"29.00\"},{\"opp\":\"Sao Paulo - Draw\",\"odds\":\"17.00\"},{\"opp\":\"Sao Paulo - Sao Paulo\",\"odds\":\"7.50\"}],\"goals_over_under\":[{\"goals\":\"2.5\",\"odds\":\"2.50\",\"header\":\"Over\"},{\"goals\":\"2.5\",\"odds\":\"1.50\",\"header\":\"Under\"}],\"both_teams_to_score\":[{\"opp\":\"Yes\",\"odds\":\"2.20\"},{\"opp\":\"No\",\"odds\":\"1.62\"}],\"goalscorers\":[{\"name\":\"Costa Lucas Poletto\",\"odds\":\"5.00\",\"header\":\"First\"},{\"name\":\"Costa Lucas Poletto\",\"odds\":\"5.00\",\"header\":\"Last\"},{\"name\":\"Costa Lucas Poletto\",\"odds\":\"2.60\",\"header\":\"Anytime\"},{\"name\":\"de Souza Andre Felipe\",\"odds\":\"5.50\",\"header\":\"First\"},{\"name\":\"de Souza Andre Felipe\",\"odds\":\"5.50\",\"header\":\"Last\"},{\"name\":\"de Souza Andre Felipe\",\"odds\":\"2.75\",\"header\":\"Anytime\"},{\"name\":\"de Jesus Luan\",\"odds\":\"6.00\",\"header\":\"First\"},{\"name\":\"de Jesus Luan\",\"odds\":\"6.00\",\"header\":\"Last\"},{\"name\":\"de Jesus Luan\",\"odds\":\"3.00\",\"header\":\"Anytime\"},{\"name\":\"de Souza Hernane\",\"odds\":\"6.00\",\"header\":\"First\"},{\"name\":\"de Souza Hernane\",\"odds\":\"6.00\",\"header\":\"Last\"},{\"name\":\"de Souza Hernane\",\"odds\":\"3.00\",\"header\":\"Anytime\"},{\"name\":\"Sousa Everton\",\"odds\":\"6.50\",\"header\":\"First\"},{\"name\":\"Sousa Everton\",\"odds\":\"6.50\",\"header\":\"Last\"},{\"name\":\"Sousa Everton\",\"odds\":\"3.20\",\"header\":\"Anytime\"},{\"name\":\"Vinicius Vico\",\"odds\":\"6.50\",\"header\":\"First\"},{\"name\":\"Vinicius Vico\",\"odds\":\"6.50\",\"header\":\"Last\"},{\"name\":\"Vinicius Vico\",\"odds\":\"3.20\",\"header\":\"Anytime\"},{\"name\":\"Castro Alisson\",\"odds\":\"7.00\",\"header\":\"First\"},{\"name\":\"Castro Alisson\",\"odds\":\"7.00\",\"header\":\"Last\"},{\"name\":\"Castro Alisson\",\"odds\":\"3.40\",\"header\":\"Anytime\"},{\"name\":\"de Matos Maicosuel\",\"odds\":\"7.00\",\"header\":\"First\"},{\"name\":\"de Matos Maicosuel\",\"odds\":\"7.00\",\"header\":\"Last\"},{\"name\":\"de Matos Maicosuel\",\"odds\":\"3.40\",\"header\":\"Anytime\"},{\"name\":\"Viera Jael\",\"odds\":\"7.00\",\"header\":\"First\"},{\"name\":\"Viera Jael\",\"odds\":\"7.00\",\"header\":\"Last\"},{\"name\":\"Viera Jael\",\"odds\":\"3.40\",\"header\":\"Anytime\"},{\"name\":\"Benetti Ramiro\",\"odds\":\"7.50\",\"header\":\"First\"},{\"name\":\"Benetti Ramiro\",\"odds\":\"7.50\",\"header\":\"Last\"},{\"name\":\"Benetti Ramiro\",\"odds\":\"3.60\",\"header\":\"Anytime\"},{\"name\":\"da Silva Thaciano\",\"odds\":\"7.50\",\"header\":\"First\"},{\"name\":\"da Silva Thaciano\",\"odds\":\"7.50\",\"header\":\"Last\"},{\"name\":\"da Silva Thaciano\",\"odds\":\"3.60\",\"header\":\"Anytime\"},{\"name\":\"Eduardo Pepe\",\"odds\":\"7.50\",\"header\":\"First\"},{\"name\":\"Eduardo Pepe\",\"odds\":\"7.50\",\"header\":\"Last\"},{\"name\":\"Eduardo Pepe\",\"odds\":\"3.60\",\"header\":\"Anytime\"},{\"name\":\"Santiago Trellez\",\"odds\":\"8.00\",\"header\":\"First\"},{\"name\":\"Santiago Trellez\",\"odds\":\"8.00\",\"header\":\"Last\"},{\"name\":\"Santiago Trellez\",\"odds\":\"3.75\",\"header\":\"Anytime\"},{\"name\":\" Andrade Diego Souza\",\"odds\":\"8.50\",\"header\":\"First\"},{\"name\":\" Andrade Diego Souza\",\"odds\":\"8.50\",\"header\":\"Last\"},{\"name\":\" Andrade Diego Souza\",\"odds\":\"4.00\",\"header\":\"Anytime\"},{\"name\":\"Dos Santos Douglas\",\"odds\":\"8.50\",\"header\":\"First\"},{\"name\":\"Dos Santos Douglas\",\"odds\":\"8.50\",\"header\":\"Last\"},{\"name\":\"Dos Santos Douglas\",\"odds\":\"4.00\",\"header\":\"Anytime\"},{\"name\":\"dos Santos Madson\",\"odds\":\"8.50\",\"header\":\"First\"},{\"name\":\"dos Santos Madson\",\"odds\":\"8.50\",\"header\":\"Last\"},{\"name\":\"dos Santos Madson\",\"odds\":\"4.00\",\"header\":\"Anytime\"},{\"name\":\"Thiago Maicon\",\"odds\":\"8.50\",\"header\":\"First\"},{\"name\":\"Thiago Maicon\",\"odds\":\"8.50\",\"header\":\"Last\"},{\"name\":\"Thiago Maicon\",\"odds\":\"4.00\",\"header\":\"Anytime\"},{\"name\":\"Andrew Erick Morato\",\"odds\":\"9.50\",\"header\":\"First\"},{\"name\":\"Andrew Erick Morato\",\"odds\":\"9.50\",\"header\":\"Last\"},{\"name\":\"Andrew Erick Morato\",\"odds\":\"4.50\",\"header\":\"Anytime\"},{\"name\":\"Guilherme Bissoli\",\"odds\":\"9.50\",\"header\":\"First\"},{\"name\":\"Guilherme Bissoli\",\"odds\":\"9.50\",\"header\":\"Last\"},{\"name\":\"Guilherme Bissoli\",\"odds\":\"4.50\",\"header\":\"Anytime\"},{\"name\":\"Vinicius Lima\",\"odds\":\"9.50\",\"header\":\"First\"},{\"name\":\"Vinicius Lima\",\"odds\":\"9.50\",\"header\":\"Last\"},{\"name\":\"Vinicius Lima\",\"odds\":\"4.50\",\"header\":\"Anytime\"},{\"name\":\"Carvalho Thonny Anderson\",\"odds\":\"10.00\",\"header\":\"First\"},{\"name\":\"Carvalho Thonny Anderson\",\"odds\":\"10.00\",\"header\":\"Last\"},{\"name\":\"Carvalho Thonny Anderson\",\"odds\":\"4.75\",\"header\":\"Anytime\"},{\"name\":\"Anderson Nene\",\"odds\":\"11.00\",\"header\":\"First\"},{\"name\":\"Anderson Nene\",\"odds\":\"11.00\",\"header\":\"Last\"},{\"name\":\"Anderson Nene\",\"odds\":\"5.00\",\"header\":\"Anytime\"},{\"name\":\"Santos Cicero\",\"odds\":\"11.00\",\"header\":\"First\"},{\"name\":\"Santos Cicero\",\"odds\":\"11.00\",\"header\":\"Last\"},{\"name\":\"Santos Cicero\",\"odds\":\"5.00\",\"header\":\"Anytime\"},{\"name\":\"Cardozo Shaylon\",\"odds\":\"12.00\",\"header\":\"First\"},{\"name\":\"Cardozo Shaylon\",\"odds\":\"12.00\",\"header\":\"Last\"},{\"name\":\"Cardozo Shaylon\",\"odds\":\"5.50\",\"header\":\"Anytime\"},{\"name\":\"Barbosa Bruno Cortez\",\"odds\":\"13.00\",\"header\":\"First\"},{\"name\":\"Barbosa Bruno Cortez\",\"odds\":\"13.00\",\"header\":\"Last\"},{\"name\":\"Barbosa Bruno Cortez\",\"odds\":\"6.00\",\"header\":\"Anytime\"},{\"name\":\"da Silva Brenner\",\"odds\":\"13.00\",\"header\":\"First\"},{\"name\":\"da Silva Brenner\",\"odds\":\"13.00\",\"header\":\"Last\"},{\"name\":\"da Silva Brenner\",\"odds\":\"6.00\",\"header\":\"Anytime\"},{\"name\":\"Gonzalo Carneiro\",\"odds\":\"13.00\",\"header\":\"First\"},{\"name\":\"Gonzalo Carneiro\",\"odds\":\"13.00\",\"header\":\"Last\"},{\"name\":\"Gonzalo Carneiro\",\"odds\":\"6.00\",\"header\":\"Anytime\"},{\"name\":\"Joao Rojas\",\"odds\":\"13.00\",\"header\":\"First\"},{\"name\":\"Joao Rojas\",\"odds\":\"13.00\",\"header\":\"Last\"},{\"name\":\"Joao Rojas\",\"odds\":\"6.00\",\"header\":\"Anytime\"},{\"name\":\"Matheus Henrique\",\"odds\":\"13.00\",\"header\":\"First\"},{\"name\":\"Matheus Henrique\",\"odds\":\"13.00\",\"header\":\"Last\"},{\"name\":\"Matheus Henrique\",\"odds\":\"6.00\",\"header\":\"Anytime\"},{\"name\":\"Mendes Kaio\",\"odds\":\"13.00\",\"header\":\"First\"},{\"name\":\"Mendes Kaio\",\"odds\":\"13.00\",\"header\":\"Last\"},{\"name\":\"Mendes Kaio\",\"odds\":\"6.00\",\"header\":\"Anytime\"},{\"name\":\"Wanderson Valdivia\",\"odds\":\"13.00\",\"header\":\"First\"},{\"name\":\"Wanderson Valdivia\",\"odds\":\"13.00\",\"header\":\"Last\"},{\"name\":\"Wanderson Valdivia\",\"odds\":\"6.00\",\"header\":\"Anytime\"},{\"name\":\"Araujo Petros\",\"odds\":\"17.00\",\"header\":\"First\"},{\"name\":\"Araujo Petros\",\"odds\":\"17.00\",\"header\":\"Last\"},{\"name\":\"Araujo Petros\",\"odds\":\"7.50\",\"header\":\"Anytime\"},{\"name\":\"da Silva Everton\",\"odds\":\"17.00\",\"header\":\"First\"},{\"name\":\"da Silva Everton\",\"odds\":\"17.00\",\"header\":\"Last\"},{\"name\":\"da Silva Everton\",\"odds\":\"7.50\",\"header\":\"Anytime\"},{\"name\":\"de Almeida Marcos Guilherme\",\"odds\":\"17.00\",\"header\":\"First\"},{\"name\":\"de Almeida Marcos Guilherme\",\"odds\":\"17.00\",\"header\":\"Last\"},{\"name\":\"de Almeida Marcos Guilherme\",\"odds\":\"7.50\",\"header\":\"Anytime\"},{\"name\":\"da Silva Leo Moura\",\"odds\":\"19.00\",\"header\":\"First\"},{\"name\":\"da Silva Leo Moura\",\"odds\":\"19.00\",\"header\":\"Last\"},{\"name\":\"da Silva Leo Moura\",\"odds\":\"8.50\",\"header\":\"Anytime\"},{\"name\":\"dos Santos Michel\",\"odds\":\"19.00\",\"header\":\"First\"},{\"name\":\"dos Santos Michel\",\"odds\":\"19.00\",\"header\":\"Last\"},{\"name\":\"dos Santos Michel\",\"odds\":\"8.50\",\"header\":\"Anytime\"},{\"name\":\"Gomes Mario Sergio\",\"odds\":\"19.00\",\"header\":\"First\"},{\"name\":\"Gomes Mario Sergio\",\"odds\":\"19.00\",\"header\":\"Last\"},{\"name\":\"Gomes Mario Sergio\",\"odds\":\"8.50\",\"header\":\"Anytime\"},{\"name\":\"Silva Leo Gomes\",\"odds\":\"19.00\",\"header\":\"First\"},{\"name\":\"Silva Leo Gomes\",\"odds\":\"19.00\",\"header\":\"Last\"},{\"name\":\"Silva Leo Gomes\",\"odds\":\"8.50\",\"header\":\"Anytime\"},{\"name\":\"da Silva Jucilei\",\"odds\":\"21.00\",\"header\":\"First\"},{\"name\":\"da Silva Jucilei\",\"odds\":\"21.00\",\"header\":\"Last\"},{\"name\":\"da Silva Jucilei\",\"odds\":\"9.50\",\"header\":\"Anytime\"},{\"name\":\"da Silva Lucas Fernandes\",\"odds\":\"21.00\",\"header\":\"First\"},{\"name\":\"da Silva Lucas Fernandes\",\"odds\":\"21.00\",\"header\":\"Last\"},{\"name\":\"da Silva Lucas Fernandes\",\"odds\":\"9.50\",\"header\":\"Anytime\"},{\"name\":\"da Silva Paulo Boia\",\"odds\":\"21.00\",\"header\":\"First\"},{\"name\":\"da Silva Paulo Boia\",\"odds\":\"21.00\",\"header\":\"Last\"},{\"name\":\"da Silva Paulo Boia\",\"odds\":\"9.50\",\"header\":\"Anytime\"},{\"name\":\"Helio Junio\",\"odds\":\"21.00\",\"header\":\"First\"},{\"name\":\"Helio Junio\",\"odds\":\"21.00\",\"header\":\"Last\"},{\"name\":\"Helio Junio\",\"odds\":\"9.50\",\"header\":\"Anytime\"},{\"name\":\"Jonathan Paulo Miranda\",\"odds\":\"21.00\",\"header\":\"First\"},{\"name\":\"Jonathan Paulo Miranda\",\"odds\":\"21.00\",\"header\":\"Last\"},{\"name\":\"Jonathan Paulo Miranda\",\"odds\":\"9.50\",\"header\":\"Anytime\"},{\"name\":\"Pereira Liziero\",\"odds\":\"21.00\",\"header\":\"First\"},{\"name\":\"Pereira Liziero\",\"odds\":\"21.00\",\"header\":\"Last\"},{\"name\":\"Pereira Liziero\",\"odds\":\"9.50\",\"header\":\"Anytime\"},{\"name\":\"Siquiera Jailson\",\"odds\":\"21.00\",\"header\":\"First\"},{\"name\":\"Siquiera Jailson\",\"odds\":\"21.00\",\"header\":\"Last\"},{\"name\":\"Siquiera Jailson\",\"odds\":\"9.50\",\"header\":\"Anytime\"},{\"name\":\"Carlos Junior Tavares\",\"odds\":\"26.00\",\"header\":\"First\"},{\"name\":\"Carlos Junior Tavares\",\"odds\":\"26.00\",\"header\":\"Last\"},{\"name\":\"Carlos Junior Tavares\",\"odds\":\"12.00\",\"header\":\"Anytime\"},{\"name\":\"Gabriel Eder Militao\",\"odds\":\"26.00\",\"header\":\"First\"},{\"name\":\"Gabriel Eder Militao\",\"odds\":\"26.00\",\"header\":\"Last\"},{\"name\":\"Gabriel Eder Militao\",\"odds\":\"12.00\",\"header\":\"Anytime\"},{\"name\":\"Hoffmann Felipe Araruna\",\"odds\":\"26.00\",\"header\":\"First\"},{\"name\":\"Hoffmann Felipe Araruna\",\"odds\":\"26.00\",\"header\":\"Last\"},{\"name\":\"Hoffmann Felipe Araruna\",\"odds\":\"12.00\",\"header\":\"Anytime\"},{\"name\":\"Robert Arboleda\",\"odds\":\"26.00\",\"header\":\"First\"},{\"name\":\"Robert Arboleda\",\"odds\":\"26.00\",\"header\":\"Last\"},{\"name\":\"Robert Arboleda\",\"odds\":\"12.00\",\"header\":\"Anytime\"},{\"name\":\"Marcelo Oliveira\",\"odds\":\"29.00\",\"header\":\"First\"},{\"name\":\"Marcelo Oliveira\",\"odds\":\"29.00\",\"header\":\"Last\"},{\"name\":\"Marcelo Oliveira\",\"odds\":\"15.00\",\"header\":\"Anytime\"},{\"name\":\"Matheus Bressan\",\"odds\":\"29.00\",\"header\":\"First\"},{\"name\":\"Matheus Bressan\",\"odds\":\"29.00\",\"header\":\"Last\"},{\"name\":\"Matheus Bressan\",\"odds\":\"15.00\",\"header\":\"Anytime\"},{\"name\":\"Tonon Pedro Geromel\",\"odds\":\"29.00\",\"header\":\"First\"},{\"name\":\"Tonon Pedro Geromel\",\"odds\":\"29.00\",\"header\":\"Last\"},{\"name\":\"Tonon Pedro Geromel\",\"odds\":\"15.00\",\"header\":\"Anytime\"},{\"name\":\"Walter Kannemann\",\"odds\":\"29.00\",\"header\":\"First\"},{\"name\":\"Walter Kannemann\",\"odds\":\"29.00\",\"header\":\"Last\"},{\"name\":\"Walter Kannemann\",\"odds\":\"15.00\",\"header\":\"Anytime\"},{\"name\":\"Bruno Alves\",\"odds\":\"34.00\",\"header\":\"First\"},{\"name\":\"Bruno Alves\",\"odds\":\"34.00\",\"header\":\"Last\"},{\"name\":\"Bruno Alves\",\"odds\":\"17.00\",\"header\":\"Anytime\"},{\"name\":\"da Silva Reinaldo\",\"odds\":\"34.00\",\"header\":\"First\"},{\"name\":\"da Silva Reinaldo\",\"odds\":\"34.00\",\"header\":\"Last\"},{\"name\":\"da Silva Reinaldo\",\"odds\":\"17.00\",\"header\":\"Anytime\"},{\"name\":\"de Souza Regis\",\"odds\":\"34.00\",\"header\":\"First\"},{\"name\":\"de Souza Regis\",\"odds\":\"34.00\",\"header\":\"Last\"},{\"name\":\"de Souza Regis\",\"odds\":\"17.00\",\"header\":\"Anytime\"},{\"name\":\"dos Santos Hudson\",\"odds\":\"34.00\",\"header\":\"First\"},{\"name\":\"dos Santos Hudson\",\"odds\":\"34.00\",\"header\":\"Last\"},{\"name\":\"dos Santos Hudson\",\"odds\":\"17.00\",\"header\":\"Anytime\"},{\"name\":\"Vinicius da Silva Luan Santos\",\"odds\":\"34.00\",\"header\":\"First\"},{\"name\":\"Vinicius da Silva Luan Santos\",\"odds\":\"34.00\",\"header\":\"Last\"},{\"name\":\"Vinicius da Silva Luan Santos\",\"odds\":\"17.00\",\"header\":\"Anytime\"},{\"name\":\"Coquette Rodrigo Caio\",\"odds\":\"41.00\",\"header\":\"First\"},{\"name\":\"Coquette Rodrigo Caio\",\"odds\":\"41.00\",\"header\":\"Last\"},{\"name\":\"Coquette Rodrigo Caio\",\"odds\":\"21.00\",\"header\":\"Anytime\"},{\"name\":\"Fraga Edimar\",\"odds\":\"41.00\",\"header\":\"First\"},{\"name\":\"Fraga Edimar\",\"odds\":\"41.00\",\"header\":\"Last\"},{\"name\":\"Fraga Edimar\",\"odds\":\"21.00\",\"header\":\"Anytime\"},{\"name\":\"Maria Caique\",\"odds\":\"41.00\",\"header\":\"First\"},{\"name\":\"Maria Caique\",\"odds\":\"41.00\",\"header\":\"Last\"},{\"name\":\"Maria Caique\",\"odds\":\"21.00\",\"header\":\"Anytime\"},{\"name\":\"Vieira Anderson Martins\",\"odds\":\"41.00\",\"header\":\"First\"},{\"name\":\"Vieira Anderson Martins\",\"odds\":\"41.00\",\"header\":\"Last\"},{\"name\":\"Vieira Anderson Martins\",\"odds\":\"21.00\",\"header\":\"Anytime\"},{\"name\":\"No Goalscorer\",\"odds\":\"7.00\",\"header\":\"First\"},{\"name\":\"No Goalscorer\",\"odds\":\"7.00\",\"header\":\"Last\"}],\"multi_scorers\":[{\"name\":\"Costa Lucas Poletto\",\"odds\":\"10.00\",\"header\":\"2 or More\"},{\"name\":\"Costa Lucas Poletto\",\"odds\":\"41.00\",\"header\":\"3 or More\"},{\"name\":\"de Souza Andre Felipe\",\"odds\":\"11.00\",\"header\":\"2 or More\"},{\"name\":\"de Souza Andre Felipe\",\"odds\":\"51.00\",\"header\":\"3 or More\"},{\"name\":\"de Jesus Luan\",\"odds\":\"13.00\",\"header\":\"2 or More\"},{\"name\":\"de Jesus Luan\",\"odds\":\"67.00\",\"header\":\"3 or More\"},{\"name\":\"de Souza Hernane\",\"odds\":\"13.00\",\"header\":\"2 or More\"},{\"name\":\"de Souza Hernane\",\"odds\":\"67.00\",\"header\":\"3 or More\"},{\"name\":\"Sousa Everton\",\"odds\":\"15.00\",\"header\":\"2 or More\"},{\"name\":\"Sousa Everton\",\"odds\":\"81.00\",\"header\":\"3 or More\"},{\"name\":\"Vinicius Vico\",\"odds\":\"15.00\",\"header\":\"2 or More\"},{\"name\":\"Vinicius Vico\",\"odds\":\"81.00\",\"header\":\"3 or More\"},{\"name\":\"Castro Alisson\",\"odds\":\"17.00\",\"header\":\"2 or More\"},{\"name\":\"Castro Alisson\",\"odds\":\"101.00\",\"header\":\"3 or More\"},{\"name\":\"de Matos Maicosuel\",\"odds\":\"17.00\",\"header\":\"2 or More\"},{\"name\":\"de Matos Maicosuel\",\"odds\":\"101.00\",\"header\":\"3 or More\"},{\"name\":\"Viera Jael\",\"odds\":\"17.00\",\"header\":\"2 or More\"},{\"name\":\"Viera Jael\",\"odds\":\"101.00\",\"header\":\"3 or More\"},{\"name\":\"Benetti Ramiro\",\"odds\":\"19.00\",\"header\":\"2 or More\"},{\"name\":\"Benetti Ramiro\",\"odds\":\"101.00\",\"header\":\"3 or More\"},{\"name\":\"da Silva Thaciano\",\"odds\":\"19.00\",\"header\":\"2 or More\"},{\"name\":\"da Silva Thaciano\",\"odds\":\"101.00\",\"header\":\"3 or More\"},{\"name\":\"Eduardo Pepe\",\"odds\":\"19.00\",\"header\":\"2 or More\"},{\"name\":\"Eduardo Pepe\",\"odds\":\"101.00\",\"header\":\"3 or More\"},{\"name\":\"Santiago Trellez\",\"odds\":\"21.00\",\"header\":\"2 or More\"},{\"name\":\"Santiago Trellez\",\"odds\":\"101.00\",\"header\":\"3 or More\"},{\"name\":\" Andrade Diego Souza\",\"odds\":\"23.00\",\"header\":\"2 or More\"},{\"name\":\" Andrade Diego Souza\",\"odds\":\"101.00\",\"header\":\"3 or More\"},{\"name\":\"Dos Santos Douglas\",\"odds\":\"23.00\",\"header\":\"2 or More\"},{\"name\":\"Dos Santos Douglas\",\"odds\":\"101.00\",\"header\":\"3 or More\"},{\"name\":\"dos Santos Madson\",\"odds\":\"23.00\",\"header\":\"2 or More\"},{\"name\":\"dos Santos Madson\",\"odds\":\"101.00\",\"header\":\"3 or More\"},{\"name\":\"Thiago Maicon\",\"odds\":\"23.00\",\"header\":\"2 or More\"},{\"name\":\"Thiago Maicon\",\"odds\":\"101.00\",\"header\":\"3 or More\"},{\"name\":\"Andrew Erick Morato\",\"odds\":\"29.00\",\"header\":\"2 or More\"},{\"name\":\"Andrew Erick Morato\",\"odds\":\"126.00\",\"header\":\"3 or More\"},{\"name\":\"Guilherme Bissoli\",\"odds\":\"29.00\",\"header\":\"2 or More\"},{\"name\":\"Guilherme Bissoli\",\"odds\":\"126.00\",\"header\":\"3 or More\"},{\"name\":\"Vinicius Lima\",\"odds\":\"29.00\",\"header\":\"2 or More\"},{\"name\":\"Vinicius Lima\",\"odds\":\"126.00\",\"header\":\"3 or More\"},{\"name\":\"Anderson Nene\",\"odds\":\"34.00\",\"header\":\"2 or More\"},{\"name\":\"Anderson Nene\",\"odds\":\"126.00\",\"header\":\"3 or More\"},{\"name\":\"Carvalho Thonny Anderson\",\"odds\":\"34.00\",\"header\":\"2 or More\"},{\"name\":\"Carvalho Thonny Anderson\",\"odds\":\"126.00\",\"header\":\"3 or More\"},{\"name\":\"Santos Cicero\",\"odds\":\"34.00\",\"header\":\"2 or More\"},{\"name\":\"Santos Cicero\",\"odds\":\"126.00\",\"header\":\"3 or More\"},{\"name\":\"Cardozo Shaylon\",\"odds\":\"41.00\",\"header\":\"2 or More\"},{\"name\":\"Cardozo Shaylon\",\"odds\":\"151.00\",\"header\":\"3 or More\"},{\"name\":\"Barbosa Bruno Cortez\",\"odds\":\"51.00\",\"header\":\"2 or More\"},{\"name\":\"Barbosa Bruno Cortez\",\"odds\":\"151.00\",\"header\":\"3 or More\"},{\"name\":\"da Silva Brenner\",\"odds\":\"51.00\",\"header\":\"2 or More\"},{\"name\":\"da Silva Brenner\",\"odds\":\"151.00\",\"header\":\"3 or More\"},{\"name\":\"Gonzalo Carneiro\",\"odds\":\"51.00\",\"header\":\"2 or More\"},{\"name\":\"Gonzalo Carneiro\",\"odds\":\"151.00\",\"header\":\"3 or More\"},{\"name\":\"Joao Rojas\",\"odds\":\"51.00\",\"header\":\"2 or More\"},{\"name\":\"Joao Rojas\",\"odds\":\"151.00\",\"header\":\"3 or More\"},{\"name\":\"Matheus Henrique\",\"odds\":\"51.00\",\"header\":\"2 or More\"},{\"name\":\"Matheus Henrique\",\"odds\":\"151.00\",\"header\":\"3 or More\"},{\"name\":\"Mendes Kaio\",\"odds\":\"51.00\",\"header\":\"2 or More\"},{\"name\":\"Mendes Kaio\",\"odds\":\"151.00\",\"header\":\"3 or More\"},{\"name\":\"Wanderson Valdivia\",\"odds\":\"51.00\",\"header\":\"2 or More\"},{\"name\":\"Wanderson Valdivia\",\"odds\":\"151.00\",\"header\":\"3 or More\"},{\"name\":\"Araujo Petros\",\"odds\":\"81.00\",\"header\":\"2 or More\"},{\"name\":\"Araujo Petros\",\"odds\":\"251.00\",\"header\":\"3 or More\"},{\"name\":\"da Silva Everton\",\"odds\":\"81.00\",\"header\":\"2 or More\"},{\"name\":\"da Silva Everton\",\"odds\":\"251.00\",\"header\":\"3 or More\"},{\"name\":\"de Almeida Marcos Guilherme\",\"odds\":\"81.00\",\"header\":\"2 or More\"},{\"name\":\"de Almeida Marcos Guilherme\",\"odds\":\"251.00\",\"header\":\"3 or More\"},{\"name\":\"da Silva Jucilei\",\"odds\":\"101.00\",\"header\":\"2 or More\"},{\"name\":\"da Silva Jucilei\",\"odds\":\"501.00\",\"header\":\"3 or More\"},{\"name\":\"da Silva Leo Moura\",\"odds\":\"101.00\",\"header\":\"2 or More\"},{\"name\":\"da Silva Leo Moura\",\"odds\":\"351.00\",\"header\":\"3 or More\"},{\"name\":\"da Silva Lucas Fernandes\",\"odds\":\"101.00\",\"header\":\"2 or More\"},{\"name\":\"da Silva Lucas Fernandes\",\"odds\":\"501.00\",\"header\":\"3 or More\"},{\"name\":\"da Silva Paulo Boia\",\"odds\":\"101.00\",\"header\":\"2 or More\"},{\"name\":\"da Silva Paulo Boia\",\"odds\":\"501.00\",\"header\":\"3 or More\"},{\"name\":\"dos Santos Michel\",\"odds\":\"101.00\",\"header\":\"2 or More\"},{\"name\":\"dos Santos Michel\",\"odds\":\"351.00\",\"header\":\"3 or More\"},{\"name\":\"Gomes Mario Sergio\",\"odds\":\"101.00\",\"header\":\"2 or More\"},{\"name\":\"Gomes Mario Sergio\",\"odds\":\"351.00\",\"header\":\"3 or More\"},{\"name\":\"Helio Junio\",\"odds\":\"101.00\",\"header\":\"2 or More\"},{\"name\":\"Helio Junio\",\"odds\":\"501.00\",\"header\":\"3 or More\"},{\"name\":\"Jonathan Paulo Miranda\",\"odds\":\"101.00\",\"header\":\"2 or More\"},{\"name\":\"Jonathan Paulo Miranda\",\"odds\":\"501.00\",\"header\":\"3 or More\"},{\"name\":\"Pereira Liziero\",\"odds\":\"101.00\",\"header\":\"2 or More\"},{\"name\":\"Pereira Liziero\",\"odds\":\"501.00\",\"header\":\"3 or More\"},{\"name\":\"Silva Leo Gomes\",\"odds\":\"101.00\",\"header\":\"2 or More\"},{\"name\":\"Silva Leo Gomes\",\"odds\":\"351.00\",\"header\":\"3 or More\"},{\"name\":\"Siquiera Jailson\",\"odds\":\"101.00\",\"header\":\"2 or More\"},{\"name\":\"Siquiera Jailson\",\"odds\":\"501.00\",\"header\":\"3 or More\"},{\"name\":\"Carlos Junior Tavares\",\"odds\":\"126.00\",\"header\":\"2 or More\"},{\"name\":\"Carlos Junior Tavares\",\"odds\":\"501.00\",\"header\":\"3 or More\"},{\"name\":\"Gabriel Eder Militao\",\"odds\":\"126.00\",\"header\":\"2 or More\"},{\"name\":\"Gabriel Eder Militao\",\"odds\":\"501.00\",\"header\":\"3 or More\"},{\"name\":\"Hoffmann Felipe Araruna\",\"odds\":\"126.00\",\"header\":\"2 or More\"},{\"name\":\"Hoffmann Felipe Araruna\",\"odds\":\"501.00\",\"header\":\"3 or More\"},{\"name\":\"Marcelo Oliveira\",\"odds\":\"126.00\",\"header\":\"2 or More\"},{\"name\":\"Marcelo Oliveira\",\"odds\":\"501.00\",\"header\":\"3 or More\"},{\"name\":\"Matheus Bressan\",\"odds\":\"126.00\",\"header\":\"2 or More\"},{\"name\":\"Matheus Bressan\",\"odds\":\"501.00\",\"header\":\"3 or More\"},{\"name\":\"Robert Arboleda\",\"odds\":\"126.00\",\"header\":\"2 or More\"},{\"name\":\"Robert Arboleda\",\"odds\":\"501.00\",\"header\":\"3 or More\"},{\"name\":\"Tonon Pedro Geromel\",\"odds\":\"126.00\",\"header\":\"2 or More\"},{\"name\":\"Tonon Pedro Geromel\",\"odds\":\"501.00\",\"header\":\"3 or More\"},{\"name\":\"Walter Kannemann\",\"odds\":\"126.00\",\"header\":\"2 or More\"},{\"name\":\"Walter Kannemann\",\"odds\":\"501.00\",\"header\":\"3 or More\"},{\"name\":\"Bruno Alves\",\"odds\":\"151.00\",\"header\":\"2 or More\"},{\"name\":\"Bruno Alves\",\"odds\":\"501.00\",\"header\":\"3 or More\"},{\"name\":\"Coquette Rodrigo Caio\",\"odds\":\"151.00\",\"header\":\"2 or More\"},{\"name\":\"Coquette Rodrigo Caio\",\"odds\":\"501.00\",\"header\":\"3 or More\"},{\"name\":\"da Silva Reinaldo\",\"odds\":\"151.00\",\"header\":\"2 or More\"},{\"name\":\"da Silva Reinaldo\",\"odds\":\"501.00\",\"header\":\"3 or More\"},{\"name\":\"de Souza Regis\",\"odds\":\"151.00\",\"header\":\"2 or More\"},{\"name\":\"de Souza Regis\",\"odds\":\"501.00\",\"header\":\"3 or More\"},{\"name\":\"dos Santos Hudson\",\"odds\":\"151.00\",\"header\":\"2 or More\"},{\"name\":\"dos Santos Hudson\",\"odds\":\"501.00\",\"header\":\"3 or More\"},{\"name\":\"Fraga Edimar\",\"odds\":\"151.00\",\"header\":\"2 or More\"},{\"name\":\"Fraga Edimar\",\"odds\":\"501.00\",\"header\":\"3 or More\"},{\"name\":\"Maria Caique\",\"odds\":\"151.00\",\"header\":\"2 or More\"},{\"name\":\"Maria Caique\",\"odds\":\"501.00\",\"header\":\"3 or More\"},{\"name\":\"Vieira Anderson Martins\",\"odds\":\"151.00\",\"header\":\"2 or More\"},{\"name\":\"Vieira Anderson Martins\",\"odds\":\"501.00\",\"header\":\"3 or More\"},{\"name\":\"Vinicius da Silva Luan Santos\",\"odds\":\"151.00\",\"header\":\"2 or More\"},{\"name\":\"Vinicius da Silva Luan Santos\",\"odds\":\"501.00\",\"header\":\"3 or More\"}],\"asian_handicap\":[{\"opp\":\"-0.5\",\"odds\":\"1.925\",\"header\":\"Home\"},{\"opp\":\"+0.5\",\"odds\":\"1.925\",\"header\":\"Away\"}],\"goal_line\":[{\"goals\":\"2.0\",\"odds\":\"1.950\",\"header\":\"Over\"},{\"goals\":\"2.0\",\"odds\":\"1.900\",\"header\":\"Under\"}],\"alternative_asian_handicap\":[{\"opp\":\"-1.5, -2.0\",\"odds\":\"4.800\",\"header\":\"Home\"},{\"opp\":\"+1.5, +2.0\",\"odds\":\"1.175\",\"header\":\"Away\"},{\"opp\":\"-1.5\",\"odds\":\"3.700\",\"header\":\"Home\"},{\"opp\":\"+1.5\",\"odds\":\"1.260\",\"header\":\"Away\"},{\"opp\":\"-1.0, -1.5\",\"odds\":\"3.300\",\"header\":\"Home\"},{\"opp\":\"+1.0, +1.5\",\"odds\":\"1.325\",\"header\":\"Away\"},{\"opp\":\"-1.0\",\"odds\":\"2.750\",\"header\":\"Home\"},{\"opp\":\"+1.0\",\"odds\":\"1.425\",\"header\":\"Away\"},{\"opp\":\"-0.5, -1.0\",\"odds\":\"2.200\",\"header\":\"Home\"},{\"opp\":\"+0.5, +1.0\",\"odds\":\"1.650\",\"header\":\"Away\"},{\"opp\":\"0.0, -0.5\",\"odds\":\"1.625\",\"header\":\"Home\"},{\"opp\":\"0.0, +0.5\",\"odds\":\"2.250\",\"header\":\"Away\"},{\"opp\":\"0.0\",\"odds\":\"1.375\",\"header\":\"Home\"},{\"opp\":\"0.0\",\"odds\":\"3.000\",\"header\":\"Away\"},{\"opp\":\"0.0, +0.5\",\"odds\":\"1.300\",\"header\":\"Home\"},{\"opp\":\"0.0, -0.5\",\"odds\":\"3.450\",\"header\":\"Away\"},{\"opp\":\"+0.5\",\"odds\":\"1.230\",\"header\":\"Home\"},{\"opp\":\"-0.5\",\"odds\":\"4.000\",\"header\":\"Away\"},{\"opp\":\"+0.5, +1.0\",\"odds\":\"1.150\",\"header\":\"Home\"},{\"opp\":\"-0.5, -1.0\",\"odds\":\"5.500\",\"header\":\"Away\"}],\"alternative_goal_line\":[{\"goals\":\"0.5, 1.0\",\"odds\":\"1.125\",\"header\":\"Over\"},{\"goals\":\"0.5, 1.0\",\"odds\":\"6.000\",\"header\":\"Under\"},{\"goals\":\"1.0\",\"odds\":\"1.150\",\"header\":\"Over\"},{\"goals\":\"1.0\",\"odds\":\"5.500\",\"header\":\"Under\"},{\"goals\":\"1.0, 1.5\",\"odds\":\"1.325\",\"header\":\"Over\"},{\"goals\":\"1.0, 1.5\",\"odds\":\"3.300\",\"header\":\"Under\"},{\"goals\":\"1.5\",\"odds\":\"1.500\",\"header\":\"Over\"},{\"goals\":\"1.5\",\"odds\":\"2.500\",\"header\":\"Under\"},{\"goals\":\"1.5, 2.0\",\"odds\":\"1.650\",\"header\":\"Over\"},{\"goals\":\"1.5, 2.0\",\"odds\":\"2.200\",\"header\":\"Under\"},{\"goals\":\"2.0, 2.5\",\"odds\":\"2.250\",\"header\":\"Over\"},{\"goals\":\"2.0, 2.5\",\"odds\":\"1.625\",\"header\":\"Under\"},{\"goals\":\"2.5\",\"odds\":\"2.500\",\"header\":\"Over\"},{\"goals\":\"2.5\",\"odds\":\"1.500\",\"header\":\"Under\"},{\"goals\":\"2.5, 3.0\",\"odds\":\"3.100\",\"header\":\"Over\"},{\"goals\":\"2.5, 3.0\",\"odds\":\"1.350\",\"header\":\"Under\"},{\"goals\":\"3.0\",\"odds\":\"4.150\",\"header\":\"Over\"},{\"goals\":\"3.0\",\"odds\":\"1.220\",\"header\":\"Under\"},{\"goals\":\"3.0, 3.5\",\"odds\":\"4.500\",\"header\":\"Over\"},{\"goals\":\"3.0, 3.5\",\"odds\":\"1.190\",\"header\":\"Under\"},{\"goals\":\"3.5\",\"odds\":\"5.250\",\"header\":\"Over\"},{\"goals\":\"3.5\",\"odds\":\"1.160\",\"header\":\"Under\"},{\"goals\":\"3.5, 4.0\",\"odds\":\"6.600\",\"header\":\"Over\"},{\"goals\":\"3.5, 4.0\",\"odds\":\"1.110\",\"header\":\"Under\"}],\"draw_no_bet\":[{\"opp\":\"Gremio\",\"odds\":\"1.36\"},{\"opp\":\"Sao Paulo\",\"odds\":\"3.00\"}],\"result_both_teams_to_score\":[{\"name\":\"Gremio\",\"odds\":\"5.50\",\"header\":\"Yes\"},{\"name\":\"Gremio\",\"odds\":\"2.75\",\"header\":\"No\"},{\"name\":\"Sao Paulo\",\"odds\":\"11.00\",\"header\":\"Yes\"},{\"name\":\"Sao Paulo\",\"odds\":\"6.00\",\"header\":\"No\"},{\"name\":\"Draw\",\"odds\":\"5.50\",\"header\":\"Yes\"},{\"name\":\"Draw\",\"odds\":\"7.00\",\"header\":\"No\"}],\"handicap_result\":[{\"opp\":\"Gremio (-1)\",\"odds\":\"3.60\"},{\"opp\":\"Tie - (Sao Paulo +1)\",\"odds\":\"3.40\"},{\"opp\":\"Sao Paulo (+1)\",\"odds\":\"1.91\"}],\"alternative_handicap_result\":[{\"opp\":\"-3.0\",\"odds\":\"17.00\",\"header\":\"Home\"},{\"opp\":\"+3.0\",\"odds\":\"10.00\",\"header\":\"Tie\"},{\"opp\":\"+3.0\",\"odds\":\"1.06\",\"header\":\"Away\"},{\"opp\":\"-2.0\",\"odds\":\"8.00\",\"header\":\"Home\"},{\"opp\":\"+2.0\",\"odds\":\"5.50\",\"header\":\"Tie\"},{\"opp\":\"+2.0\",\"odds\":\"1.25\",\"header\":\"Away\"},{\"opp\":\"+1.0\",\"odds\":\"1.25\",\"header\":\"Home\"},{\"opp\":\"-1.0\",\"odds\":\"5.50\",\"header\":\"Tie\"},{\"opp\":\"-1.0\",\"odds\":\"10.00\",\"header\":\"Away\"},{\"opp\":\"+2.0\",\"odds\":\"1.04\",\"header\":\"Home\"},{\"opp\":\"-2.0\",\"odds\":\"13.00\",\"header\":\"Tie\"},{\"opp\":\"-2.0\",\"odds\":\"21.00\",\"header\":\"Away\"}],\"winning_margin\":[{\"goals\":\" 1\",\"odds\":\"3.40\",\"header\":\"Home\"},{\"goals\":\" 1\",\"odds\":\"5.50\",\"header\":\"Away\"},{\"goals\":\" 2\",\"odds\":\"5.50\",\"header\":\"Home\"},{\"goals\":\" 2\",\"odds\":\"13.00\",\"header\":\"Away\"},{\"goals\":\" 3\",\"odds\":\"10.00\",\"header\":\"Home\"},{\"goals\":\" 3\",\"odds\":\"41.00\",\"header\":\"Away\"},{\"goals\":\" 4+\",\"odds\":\"17.00\",\"header\":\"Home\"},{\"goals\":\" 4+\",\"odds\":\"151.00\",\"header\":\"Away\"},{\"goals\":\"Score Draw\",\"odds\":\"5.50\",\"header\":\"Home\"},{\"goals\":\"No Goal\",\"odds\":\"7.00\",\"header\":\"Home\"}]}},\"player\":{\"updated_at\":\"1532570528\",\"sp\":{\"goalscorers\":[{\"name\":\"Costa Lucas Poletto\",\"odds\":\"5.00\",\"header\":\"First\"},{\"name\":\"Costa Lucas Poletto\",\"odds\":\"5.00\",\"header\":\"Last\"},{\"name\":\"Costa Lucas Poletto\",\"odds\":\"2.60\",\"header\":\"Anytime\"},{\"name\":\"de Souza Andre Felipe\",\"odds\":\"5.50\",\"header\":\"First\"},{\"name\":\"de Souza Andre Felipe\",\"odds\":\"5.50\",\"header\":\"Last\"},{\"name\":\"de Souza Andre Felipe\",\"odds\":\"2.75\",\"header\":\"Anytime\"},{\"name\":\"de Jesus Luan\",\"odds\":\"6.00\",\"header\":\"First\"},{\"name\":\"de Jesus Luan\",\"odds\":\"6.00\",\"header\":\"Last\"},{\"name\":\"de Jesus Luan\",\"odds\":\"3.00\",\"header\":\"Anytime\"},{\"name\":\"de Souza Hernane\",\"odds\":\"6.00\",\"header\":\"First\"},{\"name\":\"de Souza Hernane\",\"odds\":\"6.00\",\"header\":\"Last\"},{\"name\":\"de Souza Hernane\",\"odds\":\"3.00\",\"header\":\"Anytime\"},{\"name\":\"Sousa Everton\",\"odds\":\"6.50\",\"header\":\"First\"},{\"name\":\"Sousa Everton\",\"odds\":\"6.50\",\"header\":\"Last\"},{\"name\":\"Sousa Everton\",\"odds\":\"3.20\",\"header\":\"Anytime\"},{\"name\":\"Vinicius Vico\",\"odds\":\"6.50\",\"header\":\"First\"},{\"name\":\"Vinicius Vico\",\"odds\":\"6.50\",\"header\":\"Last\"},{\"name\":\"Vinicius Vico\",\"odds\":\"3.20\",\"header\":\"Anytime\"},{\"name\":\"Castro Alisson\",\"odds\":\"7.00\",\"header\":\"First\"},{\"name\":\"Castro Alisson\",\"odds\":\"7.00\",\"header\":\"Last\"},{\"name\":\"Castro Alisson\",\"odds\":\"3.40\",\"header\":\"Anytime\"},{\"name\":\"de Matos Maicosuel\",\"odds\":\"7.00\",\"header\":\"First\"},{\"name\":\"de Matos Maicosuel\",\"odds\":\"7.00\",\"header\":\"Last\"},{\"name\":\"de Matos Maicosuel\",\"odds\":\"3.40\",\"header\":\"Anytime\"},{\"name\":\"Viera Jael\",\"odds\":\"7.00\",\"header\":\"First\"},{\"name\":\"Viera Jael\",\"odds\":\"7.00\",\"header\":\"Last\"},{\"name\":\"Viera Jael\",\"odds\":\"3.40\",\"header\":\"Anytime\"},{\"name\":\"Benetti Ramiro\",\"odds\":\"7.50\",\"header\":\"First\"},{\"name\":\"Benetti Ramiro\",\"odds\":\"7.50\",\"header\":\"Last\"},{\"name\":\"Benetti Ramiro\",\"odds\":\"3.60\",\"header\":\"Anytime\"},{\"name\":\"da Silva Thaciano\",\"odds\":\"7.50\",\"header\":\"First\"},{\"name\":\"da Silva Thaciano\",\"odds\":\"7.50\",\"header\":\"Last\"},{\"name\":\"da Silva Thaciano\",\"odds\":\"3.60\",\"header\":\"Anytime\"},{\"name\":\"Eduardo Pepe\",\"odds\":\"7.50\",\"header\":\"First\"},{\"name\":\"Eduardo Pepe\",\"odds\":\"7.50\",\"header\":\"Last\"},{\"name\":\"Eduardo Pepe\",\"odds\":\"3.60\",\"header\":\"Anytime\"},{\"name\":\"Santiago Trellez\",\"odds\":\"8.00\",\"header\":\"First\"},{\"name\":\"Santiago Trellez\",\"odds\":\"8.00\",\"header\":\"Last\"},{\"name\":\"Santiago Trellez\",\"odds\":\"3.75\",\"header\":\"Anytime\"},{\"name\":\" Andrade Diego Souza\",\"odds\":\"8.50\",\"header\":\"First\"},{\"name\":\" Andrade Diego Souza\",\"odds\":\"8.50\",\"header\":\"Last\"},{\"name\":\" Andrade Diego Souza\",\"odds\":\"4.00\",\"header\":\"Anytime\"},{\"name\":\"Dos Santos Douglas\",\"odds\":\"8.50\",\"header\":\"First\"},{\"name\":\"Dos Santos Douglas\",\"odds\":\"8.50\",\"header\":\"Last\"},{\"name\":\"Dos Santos Douglas\",\"odds\":\"4.00\",\"header\":\"Anytime\"},{\"name\":\"dos Santos Madson\",\"odds\":\"8.50\",\"header\":\"First\"},{\"name\":\"dos Santos Madson\",\"odds\":\"8.50\",\"header\":\"Last\"},{\"name\":\"dos Santos Madson\",\"odds\":\"4.00\",\"header\":\"Anytime\"},{\"name\":\"Thiago Maicon\",\"odds\":\"8.50\",\"header\":\"First\"},{\"name\":\"Thiago Maicon\",\"odds\":\"8.50\",\"header\":\"Last\"},{\"name\":\"Thiago Maicon\",\"odds\":\"4.00\",\"header\":\"Anytime\"},{\"name\":\"Andrew Erick Morato\",\"odds\":\"9.50\",\"header\":\"First\"},{\"name\":\"Andrew Erick Morato\",\"odds\":\"9.50\",\"header\":\"Last\"},{\"name\":\"Andrew Erick Morato\",\"odds\":\"4.50\",\"header\":\"Anytime\"},{\"name\":\"Guilherme Bissoli\",\"odds\":\"9.50\",\"header\":\"First\"},{\"name\":\"Guilherme Bissoli\",\"odds\":\"9.50\",\"header\":\"Last\"},{\"name\":\"Guilherme Bissoli\",\"odds\":\"4.50\",\"header\":\"Anytime\"},{\"name\":\"Vinicius Lima\",\"odds\":\"9.50\",\"header\":\"First\"},{\"name\":\"Vinicius Lima\",\"odds\":\"9.50\",\"header\":\"Last\"},{\"name\":\"Vinicius Lima\",\"odds\":\"4.50\",\"header\":\"Anytime\"},{\"name\":\"Carvalho Thonny Anderson\",\"odds\":\"10.00\",\"header\":\"First\"},{\"name\":\"Carvalho Thonny Anderson\",\"odds\":\"10.00\",\"header\":\"Last\"},{\"name\":\"Carvalho Thonny Anderson\",\"odds\":\"4.75\",\"header\":\"Anytime\"},{\"name\":\"Anderson Nene\",\"odds\":\"11.00\",\"header\":\"First\"},{\"name\":\"Anderson Nene\",\"odds\":\"11.00\",\"header\":\"Last\"},{\"name\":\"Anderson Nene\",\"odds\":\"5.00\",\"header\":\"Anytime\"},{\"name\":\"Santos Cicero\",\"odds\":\"11.00\",\"header\":\"First\"},{\"name\":\"Santos Cicero\",\"odds\":\"11.00\",\"header\":\"Last\"},{\"name\":\"Santos Cicero\",\"odds\":\"5.00\",\"header\":\"Anytime\"},{\"name\":\"Cardozo Shaylon\",\"odds\":\"12.00\",\"header\":\"First\"},{\"name\":\"Cardozo Shaylon\",\"odds\":\"12.00\",\"header\":\"Last\"},{\"name\":\"Cardozo Shaylon\",\"odds\":\"5.50\",\"header\":\"Anytime\"},{\"name\":\"Barbosa Bruno Cortez\",\"odds\":\"13.00\",\"header\":\"First\"},{\"name\":\"Barbosa Bruno Cortez\",\"odds\":\"13.00\",\"header\":\"Last\"},{\"name\":\"Barbosa Bruno Cortez\",\"odds\":\"6.00\",\"header\":\"Anytime\"},{\"name\":\"da Silva Brenner\",\"odds\":\"13.00\",\"header\":\"First\"},{\"name\":\"da Silva Brenner\",\"odds\":\"13.00\",\"header\":\"Last\"},{\"name\":\"da Silva Brenner\",\"odds\":\"6.00\",\"header\":\"Anytime\"},{\"name\":\"Gonzalo Carneiro\",\"odds\":\"13.00\",\"header\":\"First\"},{\"name\":\"Gonzalo Carneiro\",\"odds\":\"13.00\",\"header\":\"Last\"},{\"name\":\"Gonzalo Carneiro\",\"odds\":\"6.00\",\"header\":\"Anytime\"},{\"name\":\"Joao Rojas\",\"odds\":\"13.00\",\"header\":\"First\"},{\"name\":\"Joao Rojas\",\"odds\":\"13.00\",\"header\":\"Last\"},{\"name\":\"Joao Rojas\",\"odds\":\"6.00\",\"header\":\"Anytime\"},{\"name\":\"Matheus Henrique\",\"odds\":\"13.00\",\"header\":\"First\"},{\"name\":\"Matheus Henrique\",\"odds\":\"13.00\",\"header\":\"Last\"},{\"name\":\"Matheus Henrique\",\"odds\":\"6.00\",\"header\":\"Anytime\"},{\"name\":\"Mendes Kaio\",\"odds\":\"13.00\",\"header\":\"First\"},{\"name\":\"Mendes Kaio\",\"odds\":\"13.00\",\"header\":\"Last\"},{\"name\":\"Mendes Kaio\",\"odds\":\"6.00\",\"header\":\"Anytime\"},{\"name\":\"Wanderson Valdivia\",\"odds\":\"13.00\",\"header\":\"First\"},{\"name\":\"Wanderson Valdivia\",\"odds\":\"13.00\",\"header\":\"Last\"},{\"name\":\"Wanderson Valdivia\",\"odds\":\"6.00\",\"header\":\"Anytime\"},{\"name\":\"Araujo Petros\",\"odds\":\"17.00\",\"header\":\"First\"},{\"name\":\"Araujo Petros\",\"odds\":\"17.00\",\"header\":\"Last\"},{\"name\":\"Araujo Petros\",\"odds\":\"7.50\",\"header\":\"Anytime\"},{\"name\":\"da Silva Everton\",\"odds\":\"17.00\",\"header\":\"First\"},{\"name\":\"da Silva Everton\",\"odds\":\"17.00\",\"header\":\"Last\"},{\"name\":\"da Silva Everton\",\"odds\":\"7.50\",\"header\":\"Anytime\"},{\"name\":\"de Almeida Marcos Guilherme\",\"odds\":\"17.00\",\"header\":\"First\"},{\"name\":\"de Almeida Marcos Guilherme\",\"odds\":\"17.00\",\"header\":\"Last\"},{\"name\":\"de Almeida Marcos Guilherme\",\"odds\":\"7.50\",\"header\":\"Anytime\"},{\"name\":\"da Silva Leo Moura\",\"odds\":\"19.00\",\"header\":\"First\"},{\"name\":\"da Silva Leo Moura\",\"odds\":\"19.00\",\"header\":\"Last\"},{\"name\":\"da Silva Leo Moura\",\"odds\":\"8.50\",\"header\":\"Anytime\"},{\"name\":\"dos Santos Michel\",\"odds\":\"19.00\",\"header\":\"First\"},{\"name\":\"dos Santos Michel\",\"odds\":\"19.00\",\"header\":\"Last\"},{\"name\":\"dos Santos Michel\",\"odds\":\"8.50\",\"header\":\"Anytime\"},{\"name\":\"Gomes Mario Sergio\",\"odds\":\"19.00\",\"header\":\"First\"},{\"name\":\"Gomes Mario Sergio\",\"odds\":\"19.00\",\"header\":\"Last\"},{\"name\":\"Gomes Mario Sergio\",\"odds\":\"8.50\",\"header\":\"Anytime\"},{\"name\":\"Silva Leo Gomes\",\"odds\":\"19.00\",\"header\":\"First\"},{\"name\":\"Silva Leo Gomes\",\"odds\":\"19.00\",\"header\":\"Last\"},{\"name\":\"Silva Leo Gomes\",\"odds\":\"8.50\",\"header\":\"Anytime\"},{\"name\":\"da Silva Jucilei\",\"odds\":\"21.00\",\"header\":\"First\"},{\"name\":\"da Silva Jucilei\",\"odds\":\"21.00\",\"header\":\"Last\"},{\"name\":\"da Silva Jucilei\",\"odds\":\"9.50\",\"header\":\"Anytime\"},{\"name\":\"da Silva Lucas Fernandes\",\"odds\":\"21.00\",\"header\":\"First\"},{\"name\":\"da Silva Lucas Fernandes\",\"odds\":\"21.00\",\"header\":\"Last\"},{\"name\":\"da Silva Lucas Fernandes\",\"odds\":\"9.50\",\"header\":\"Anytime\"},{\"name\":\"da Silva Paulo Boia\",\"odds\":\"21.00\",\"header\":\"First\"},{\"name\":\"da Silva Paulo Boia\",\"odds\":\"21.00\",\"header\":\"Last\"},{\"name\":\"da Silva Paulo Boia\",\"odds\":\"9.50\",\"header\":\"Anytime\"},{\"name\":\"Helio Junio\",\"odds\":\"21.00\",\"header\":\"First\"},{\"name\":\"Helio Junio\",\"odds\":\"21.00\",\"header\":\"Last\"},{\"name\":\"Helio Junio\",\"odds\":\"9.50\",\"header\":\"Anytime\"},{\"name\":\"Jonathan Paulo Miranda\",\"odds\":\"21.00\",\"header\":\"First\"},{\"name\":\"Jonathan Paulo Miranda\",\"odds\":\"21.00\",\"header\":\"Last\"},{\"name\":\"Jonathan Paulo Miranda\",\"odds\":\"9.50\",\"header\":\"Anytime\"},{\"name\":\"Pereira Liziero\",\"odds\":\"21.00\",\"header\":\"First\"},{\"name\":\"Pereira Liziero\",\"odds\":\"21.00\",\"header\":\"Last\"},{\"name\":\"Pereira Liziero\",\"odds\":\"9.50\",\"header\":\"Anytime\"},{\"name\":\"Siquiera Jailson\",\"odds\":\"21.00\",\"header\":\"First\"},{\"name\":\"Siquiera Jailson\",\"odds\":\"21.00\",\"header\":\"Last\"},{\"name\":\"Siquiera Jailson\",\"odds\":\"9.50\",\"header\":\"Anytime\"},{\"name\":\"Carlos Junior Tavares\",\"odds\":\"26.00\",\"header\":\"First\"},{\"name\":\"Carlos Junior Tavares\",\"odds\":\"26.00\",\"header\":\"Last\"},{\"name\":\"Carlos Junior Tavares\",\"odds\":\"12.00\",\"header\":\"Anytime\"},{\"name\":\"Gabriel Eder Militao\",\"odds\":\"26.00\",\"header\":\"First\"},{\"name\":\"Gabriel Eder Militao\",\"odds\":\"26.00\",\"header\":\"Last\"},{\"name\":\"Gabriel Eder Militao\",\"odds\":\"12.00\",\"header\":\"Anytime\"},{\"name\":\"Hoffmann Felipe Araruna\",\"odds\":\"26.00\",\"header\":\"First\"},{\"name\":\"Hoffmann Felipe Araruna\",\"odds\":\"26.00\",\"header\":\"Last\"},{\"name\":\"Hoffmann Felipe Araruna\",\"odds\":\"12.00\",\"header\":\"Anytime\"},{\"name\":\"Robert Arboleda\",\"odds\":\"26.00\",\"header\":\"First\"},{\"name\":\"Robert Arboleda\",\"odds\":\"26.00\",\"header\":\"Last\"},{\"name\":\"Robert Arboleda\",\"odds\":\"12.00\",\"header\":\"Anytime\"},{\"name\":\"Marcelo Oliveira\",\"odds\":\"29.00\",\"header\":\"First\"},{\"name\":\"Marcelo Oliveira\",\"odds\":\"29.00\",\"header\":\"Last\"},{\"name\":\"Marcelo Oliveira\",\"odds\":\"15.00\",\"header\":\"Anytime\"},{\"name\":\"Matheus Bressan\",\"odds\":\"29.00\",\"header\":\"First\"},{\"name\":\"Matheus Bressan\",\"odds\":\"29.00\",\"header\":\"Last\"},{\"name\":\"Matheus Bressan\",\"odds\":\"15.00\",\"header\":\"Anytime\"},{\"name\":\"Tonon Pedro Geromel\",\"odds\":\"29.00\",\"header\":\"First\"},{\"name\":\"Tonon Pedro Geromel\",\"odds\":\"29.00\",\"header\":\"Last\"},{\"name\":\"Tonon Pedro Geromel\",\"odds\":\"15.00\",\"header\":\"Anytime\"},{\"name\":\"Walter Kannemann\",\"odds\":\"29.00\",\"header\":\"First\"},{\"name\":\"Walter Kannemann\",\"odds\":\"29.00\",\"header\":\"Last\"},{\"name\":\"Walter Kannemann\",\"odds\":\"15.00\",\"header\":\"Anytime\"},{\"name\":\"Bruno Alves\",\"odds\":\"34.00\",\"header\":\"First\"},{\"name\":\"Bruno Alves\",\"odds\":\"34.00\",\"header\":\"Last\"},{\"name\":\"Bruno Alves\",\"odds\":\"17.00\",\"header\":\"Anytime\"},{\"name\":\"da Silva Reinaldo\",\"odds\":\"34.00\",\"header\":\"First\"},{\"name\":\"da Silva Reinaldo\",\"odds\":\"34.00\",\"header\":\"Last\"},{\"name\":\"da Silva Reinaldo\",\"odds\":\"17.00\",\"header\":\"Anytime\"},{\"name\":\"de Souza Regis\",\"odds\":\"34.00\",\"header\":\"First\"},{\"name\":\"de Souza Regis\",\"odds\":\"34.00\",\"header\":\"Last\"},{\"name\":\"de Souza Regis\",\"odds\":\"17.00\",\"header\":\"Anytime\"},{\"name\":\"dos Santos Hudson\",\"odds\":\"34.00\",\"header\":\"First\"},{\"name\":\"dos Santos Hudson\",\"odds\":\"34.00\",\"header\":\"Last\"},{\"name\":\"dos Santos Hudson\",\"odds\":\"17.00\",\"header\":\"Anytime\"},{\"name\":\"Vinicius da Silva Luan Santos\",\"odds\":\"34.00\",\"header\":\"First\"},{\"name\":\"Vinicius da Silva Luan Santos\",\"odds\":\"34.00\",\"header\":\"Last\"},{\"name\":\"Vinicius da Silva Luan Santos\",\"odds\":\"17.00\",\"header\":\"Anytime\"},{\"name\":\"Coquette Rodrigo Caio\",\"odds\":\"41.00\",\"header\":\"First\"},{\"name\":\"Coquette Rodrigo Caio\",\"odds\":\"41.00\",\"header\":\"Last\"},{\"name\":\"Coquette Rodrigo Caio\",\"odds\":\"21.00\",\"header\":\"Anytime\"},{\"name\":\"Fraga Edimar\",\"odds\":\"41.00\",\"header\":\"First\"},{\"name\":\"Fraga Edimar\",\"odds\":\"41.00\",\"header\":\"Last\"},{\"name\":\"Fraga Edimar\",\"odds\":\"21.00\",\"header\":\"Anytime\"},{\"name\":\"Maria Caique\",\"odds\":\"41.00\",\"header\":\"First\"},{\"name\":\"Maria Caique\",\"odds\":\"41.00\",\"header\":\"Last\"},{\"name\":\"Maria Caique\",\"odds\":\"21.00\",\"header\":\"Anytime\"},{\"name\":\"Vieira Anderson Martins\",\"odds\":\"41.00\",\"header\":\"First\"},{\"name\":\"Vieira Anderson Martins\",\"odds\":\"41.00\",\"header\":\"Last\"},{\"name\":\"Vieira Anderson Martins\",\"odds\":\"21.00\",\"header\":\"Anytime\"},{\"name\":\"No Goalscorer\",\"odds\":\"7.00\",\"header\":\"First\"},{\"name\":\"No Goalscorer\",\"odds\":\"7.00\",\"header\":\"Last\"}],\"multi_scorers\":[{\"name\":\"Costa Lucas Poletto\",\"odds\":\"10.00\",\"header\":\"2 or More\"},{\"name\":\"Costa Lucas Poletto\",\"odds\":\"41.00\",\"header\":\"3 or More\"},{\"name\":\"de Souza Andre Felipe\",\"odds\":\"11.00\",\"header\":\"2 or More\"},{\"name\":\"de Souza Andre Felipe\",\"odds\":\"51.00\",\"header\":\"3 or More\"},{\"name\":\"de Jesus Luan\",\"odds\":\"13.00\",\"header\":\"2 or More\"},{\"name\":\"de Jesus Luan\",\"odds\":\"67.00\",\"header\":\"3 or More\"},{\"name\":\"de Souza Hernane\",\"odds\":\"13.00\",\"header\":\"2 or More\"},{\"name\":\"de Souza Hernane\",\"odds\":\"67.00\",\"header\":\"3 or More\"},{\"name\":\"Sousa Everton\",\"odds\":\"15.00\",\"header\":\"2 or More\"},{\"name\":\"Sousa Everton\",\"odds\":\"81.00\",\"header\":\"3 or More\"},{\"name\":\"Vinicius Vico\",\"odds\":\"15.00\",\"header\":\"2 or More\"},{\"name\":\"Vinicius Vico\",\"odds\":\"81.00\",\"header\":\"3 or More\"},{\"name\":\"Castro Alisson\",\"odds\":\"17.00\",\"header\":\"2 or More\"},{\"name\":\"Castro Alisson\",\"odds\":\"101.00\",\"header\":\"3 or More\"},{\"name\":\"de Matos Maicosuel\",\"odds\":\"17.00\",\"header\":\"2 or More\"},{\"name\":\"de Matos Maicosuel\",\"odds\":\"101.00\",\"header\":\"3 or More\"},{\"name\":\"Viera Jael\",\"odds\":\"17.00\",\"header\":\"2 or More\"},{\"name\":\"Viera Jael\",\"odds\":\"101.00\",\"header\":\"3 or More\"},{\"name\":\"Benetti Ramiro\",\"odds\":\"19.00\",\"header\":\"2 or More\"},{\"name\":\"Benetti Ramiro\",\"odds\":\"101.00\",\"header\":\"3 or More\"},{\"name\":\"da Silva Thaciano\",\"odds\":\"19.00\",\"header\":\"2 or More\"},{\"name\":\"da Silva Thaciano\",\"odds\":\"101.00\",\"header\":\"3 or More\"},{\"name\":\"Eduardo Pepe\",\"odds\":\"19.00\",\"header\":\"2 or More\"},{\"name\":\"Eduardo Pepe\",\"odds\":\"101.00\",\"header\":\"3 or More\"},{\"name\":\"Santiago Trellez\",\"odds\":\"21.00\",\"header\":\"2 or More\"},{\"name\":\"Santiago Trellez\",\"odds\":\"101.00\",\"header\":\"3 or More\"},{\"name\":\" Andrade Diego Souza\",\"odds\":\"23.00\",\"header\":\"2 or More\"},{\"name\":\" Andrade Diego Souza\",\"odds\":\"101.00\",\"header\":\"3 or More\"},{\"name\":\"Dos Santos Douglas\",\"odds\":\"23.00\",\"header\":\"2 or More\"},{\"name\":\"Dos Santos Douglas\",\"odds\":\"101.00\",\"header\":\"3 or More\"},{\"name\":\"dos Santos Madson\",\"odds\":\"23.00\",\"header\":\"2 or More\"},{\"name\":\"dos Santos Madson\",\"odds\":\"101.00\",\"header\":\"3 or More\"},{\"name\":\"Thiago Maicon\",\"odds\":\"23.00\",\"header\":\"2 or More\"},{\"name\":\"Thiago Maicon\",\"odds\":\"101.00\",\"header\":\"3 or More\"},{\"name\":\"Andrew Erick Morato\",\"odds\":\"29.00\",\"header\":\"2 or More\"},{\"name\":\"Andrew Erick Morato\",\"odds\":\"126.00\",\"header\":\"3 or More\"},{\"name\":\"Guilherme Bissoli\",\"odds\":\"29.00\",\"header\":\"2 or More\"},{\"name\":\"Guilherme Bissoli\",\"odds\":\"126.00\",\"header\":\"3 or More\"},{\"name\":\"Vinicius Lima\",\"odds\":\"29.00\",\"header\":\"2 or More\"},{\"name\":\"Vinicius Lima\",\"odds\":\"126.00\",\"header\":\"3 or More\"},{\"name\":\"Anderson Nene\",\"odds\":\"34.00\",\"header\":\"2 or More\"},{\"name\":\"Anderson Nene\",\"odds\":\"126.00\",\"header\":\"3 or More\"},{\"name\":\"Carvalho Thonny Anderson\",\"odds\":\"34.00\",\"header\":\"2 or More\"},{\"name\":\"Carvalho Thonny Anderson\",\"odds\":\"126.00\",\"header\":\"3 or More\"},{\"name\":\"Santos Cicero\",\"odds\":\"34.00\",\"header\":\"2 or More\"},{\"name\":\"Santos Cicero\",\"odds\":\"126.00\",\"header\":\"3 or More\"},{\"name\":\"Cardozo Shaylon\",\"odds\":\"41.00\",\"header\":\"2 or More\"},{\"name\":\"Cardozo Shaylon\",\"odds\":\"151.00\",\"header\":\"3 or More\"},{\"name\":\"Barbosa Bruno Cortez\",\"odds\":\"51.00\",\"header\":\"2 or More\"},{\"name\":\"Barbosa Bruno Cortez\",\"odds\":\"151.00\",\"header\":\"3 or More\"},{\"name\":\"da Silva Brenner\",\"odds\":\"51.00\",\"header\":\"2 or More\"},{\"name\":\"da Silva Brenner\",\"odds\":\"151.00\",\"header\":\"3 or More\"},{\"name\":\"Gonzalo Carneiro\",\"odds\":\"51.00\",\"header\":\"2 or More\"},{\"name\":\"Gonzalo Carneiro\",\"odds\":\"151.00\",\"header\":\"3 or More\"},{\"name\":\"Joao Rojas\",\"odds\":\"51.00\",\"header\":\"2 or More\"},{\"name\":\"Joao Rojas\",\"odds\":\"151.00\",\"header\":\"3 or More\"},{\"name\":\"Matheus Henrique\",\"odds\":\"51.00\",\"header\":\"2 or More\"},{\"name\":\"Matheus Henrique\",\"odds\":\"151.00\",\"header\":\"3 or More\"},{\"name\":\"Mendes Kaio\",\"odds\":\"51.00\",\"header\":\"2 or More\"},{\"name\":\"Mendes Kaio\",\"odds\":\"151.00\",\"header\":\"3 or More\"},{\"name\":\"Wanderson Valdivia\",\"odds\":\"51.00\",\"header\":\"2 or More\"},{\"name\":\"Wanderson Valdivia\",\"odds\":\"151.00\",\"header\":\"3 or More\"},{\"name\":\"Araujo Petros\",\"odds\":\"81.00\",\"header\":\"2 or More\"},{\"name\":\"Araujo Petros\",\"odds\":\"251.00\",\"header\":\"3 or More\"},{\"name\":\"da Silva Everton\",\"odds\":\"81.00\",\"header\":\"2 or More\"},{\"name\":\"da Silva Everton\",\"odds\":\"251.00\",\"header\":\"3 or More\"},{\"name\":\"de Almeida Marcos Guilherme\",\"odds\":\"81.00\",\"header\":\"2 or More\"},{\"name\":\"de Almeida Marcos Guilherme\",\"odds\":\"251.00\",\"header\":\"3 or More\"},{\"name\":\"da Silva Jucilei\",\"odds\":\"101.00\",\"header\":\"2 or More\"},{\"name\":\"da Silva Jucilei\",\"odds\":\"501.00\",\"header\":\"3 or More\"},{\"name\":\"da Silva Leo Moura\",\"odds\":\"101.00\",\"header\":\"2 or More\"},{\"name\":\"da Silva Leo Moura\",\"odds\":\"351.00\",\"header\":\"3 or More\"},{\"name\":\"da Silva Lucas Fernandes\",\"odds\":\"101.00\",\"header\":\"2 or More\"},{\"name\":\"da Silva Lucas Fernandes\",\"odds\":\"501.00\",\"header\":\"3 or More\"},{\"name\":\"da Silva Paulo Boia\",\"odds\":\"101.00\",\"header\":\"2 or More\"},{\"name\":\"da Silva Paulo Boia\",\"odds\":\"501.00\",\"header\":\"3 or More\"},{\"name\":\"dos Santos Michel\",\"odds\":\"101.00\",\"header\":\"2 or More\"},{\"name\":\"dos Santos Michel\",\"odds\":\"351.00\",\"header\":\"3 or More\"},{\"name\":\"Gomes Mario Sergio\",\"odds\":\"101.00\",\"header\":\"2 or More\"},{\"name\":\"Gomes Mario Sergio\",\"odds\":\"351.00\",\"header\":\"3 or More\"},{\"name\":\"Helio Junio\",\"odds\":\"101.00\",\"header\":\"2 or More\"},{\"name\":\"Helio Junio\",\"odds\":\"501.00\",\"header\":\"3 or More\"},{\"name\":\"Jonathan Paulo Miranda\",\"odds\":\"101.00\",\"header\":\"2 or More\"},{\"name\":\"Jonathan Paulo Miranda\",\"odds\":\"501.00\",\"header\":\"3 or More\"},{\"name\":\"Pereira Liziero\",\"odds\":\"101.00\",\"header\":\"2 or More\"},{\"name\":\"Pereira Liziero\",\"odds\":\"501.00\",\"header\":\"3 or More\"},{\"name\":\"Silva Leo Gomes\",\"odds\":\"101.00\",\"header\":\"2 or More\"},{\"name\":\"Silva Leo Gomes\",\"odds\":\"351.00\",\"header\":\"3 or More\"},{\"name\":\"Siquiera Jailson\",\"odds\":\"101.00\",\"header\":\"2 or More\"},{\"name\":\"Siquiera Jailson\",\"odds\":\"501.00\",\"header\":\"3 or More\"},{\"name\":\"Carlos Junior Tavares\",\"odds\":\"126.00\",\"header\":\"2 or More\"},{\"name\":\"Carlos Junior Tavares\",\"odds\":\"501.00\",\"header\":\"3 or More\"},{\"name\":\"Gabriel Eder Militao\",\"odds\":\"126.00\",\"header\":\"2 or More\"},{\"name\":\"Gabriel Eder Militao\",\"odds\":\"501.00\",\"header\":\"3 or More\"},{\"name\":\"Hoffmann Felipe Araruna\",\"odds\":\"126.00\",\"header\":\"2 or More\"},{\"name\":\"Hoffmann Felipe Araruna\",\"odds\":\"501.00\",\"header\":\"3 or More\"},{\"name\":\"Marcelo Oliveira\",\"odds\":\"126.00\",\"header\":\"2 or More\"},{\"name\":\"Marcelo Oliveira\",\"odds\":\"501.00\",\"header\":\"3 or More\"},{\"name\":\"Matheus Bressan\",\"odds\":\"126.00\",\"header\":\"2 or More\"},{\"name\":\"Matheus Bressan\",\"odds\":\"501.00\",\"header\":\"3 or More\"},{\"name\":\"Robert Arboleda\",\"odds\":\"126.00\",\"header\":\"2 or More\"},{\"name\":\"Robert Arboleda\",\"odds\":\"501.00\",\"header\":\"3 or More\"},{\"name\":\"Tonon Pedro Geromel\",\"odds\":\"126.00\",\"header\":\"2 or More\"},{\"name\":\"Tonon Pedro Geromel\",\"odds\":\"501.00\",\"header\":\"3 or More\"},{\"name\":\"Walter Kannemann\",\"odds\":\"126.00\",\"header\":\"2 or More\"},{\"name\":\"Walter Kannemann\",\"odds\":\"501.00\",\"header\":\"3 or More\"},{\"name\":\"Bruno Alves\",\"odds\":\"151.00\",\"header\":\"2 or More\"},{\"name\":\"Bruno Alves\",\"odds\":\"501.00\",\"header\":\"3 or More\"},{\"name\":\"Coquette Rodrigo Caio\",\"odds\":\"151.00\",\"header\":\"2 or More\"},{\"name\":\"Coquette Rodrigo Caio\",\"odds\":\"501.00\",\"header\":\"3 or More\"},{\"name\":\"da Silva Reinaldo\",\"odds\":\"151.00\",\"header\":\"2 or More\"},{\"name\":\"da Silva Reinaldo\",\"odds\":\"501.00\",\"header\":\"3 or More\"},{\"name\":\"de Souza Regis\",\"odds\":\"151.00\",\"header\":\"2 or More\"},{\"name\":\"de Souza Regis\",\"odds\":\"501.00\",\"header\":\"3 or More\"},{\"name\":\"dos Santos Hudson\",\"odds\":\"151.00\",\"header\":\"2 or More\"},{\"name\":\"dos Santos Hudson\",\"odds\":\"501.00\",\"header\":\"3 or More\"},{\"name\":\"Fraga Edimar\",\"odds\":\"151.00\",\"header\":\"2 or More\"},{\"name\":\"Fraga Edimar\",\"odds\":\"501.00\",\"header\":\"3 or More\"},{\"name\":\"Maria Caique\",\"odds\":\"151.00\",\"header\":\"2 or More\"},{\"name\":\"Maria Caique\",\"odds\":\"501.00\",\"header\":\"3 or More\"},{\"name\":\"Vieira Anderson Martins\",\"odds\":\"151.00\",\"header\":\"2 or More\"},{\"name\":\"Vieira Anderson Martins\",\"odds\":\"501.00\",\"header\":\"3 or More\"},{\"name\":\"Vinicius da Silva Luan Santos\",\"odds\":\"151.00\",\"header\":\"2 or More\"},{\"name\":\"Vinicius da Silva Luan Santos\",\"odds\":\"501.00\",\"header\":\"3 or More\"}],\"team_goalscorer\":[{\"name\":\"Costa Lucas Poletto\",\"odds\":\"3.40\",\"header\":\"First\"},{\"name\":\"Costa Lucas Poletto\",\"odds\":\"3.40\",\"header\":\"Last\"},{\"name\":\"de Souza Andre Felipe\",\"odds\":\"3.75\",\"header\":\"First\"},{\"name\":\"de Souza Andre Felipe\",\"odds\":\"3.75\",\"header\":\"Last\"},{\"name\":\"de Jesus Luan\",\"odds\":\"4.00\",\"header\":\"First\"},{\"name\":\"de Jesus Luan\",\"odds\":\"4.00\",\"header\":\"Last\"},{\"name\":\"de Souza Hernane\",\"odds\":\"4.00\",\"header\":\"First\"},{\"name\":\"de Souza Hernane\",\"odds\":\"4.00\",\"header\":\"Last\"},{\"name\":\"Sousa Everton\",\"odds\":\"4.33\",\"header\":\"First\"},{\"name\":\"Sousa Everton\",\"odds\":\"4.33\",\"header\":\"Last\"},{\"name\":\"Vinicius Vico\",\"odds\":\"4.33\",\"header\":\"First\"},{\"name\":\"Vinicius Vico\",\"odds\":\"4.33\",\"header\":\"Last\"},{\"name\":\"Castro Alisson\",\"odds\":\"4.50\",\"header\":\"First\"},{\"name\":\"Castro Alisson\",\"odds\":\"4.50\",\"header\":\"Last\"},{\"name\":\"de Matos Maicosuel\",\"odds\":\"4.50\",\"header\":\"First\"},{\"name\":\"de Matos Maicosuel\",\"odds\":\"4.50\",\"header\":\"Last\"},{\"name\":\"Viera Jael\",\"odds\":\"4.50\",\"header\":\"First\"},{\"name\":\"Viera Jael\",\"odds\":\"4.50\",\"header\":\"Last\"},{\"name\":\"da Silva Thaciano\",\"odds\":\"4.75\",\"header\":\"First\"},{\"name\":\"da Silva Thaciano\",\"odds\":\"4.75\",\"header\":\"Last\"},{\"name\":\"Benetti Ramiro\",\"odds\":\"5.00\",\"header\":\"First\"},{\"name\":\"Benetti Ramiro\",\"odds\":\"5.00\",\"header\":\"Last\"},{\"name\":\"Eduardo Pepe\",\"odds\":\"5.00\",\"header\":\"First\"},{\"name\":\"Eduardo Pepe\",\"odds\":\"5.00\",\"header\":\"Last\"},{\"name\":\"Dos Santos Douglas\",\"odds\":\"5.50\",\"header\":\"First\"},{\"name\":\"Dos Santos Douglas\",\"odds\":\"5.50\",\"header\":\"Last\"},{\"name\":\"dos Santos Madson\",\"odds\":\"5.50\",\"header\":\"First\"},{\"name\":\"dos Santos Madson\",\"odds\":\"5.50\",\"header\":\"Last\"},{\"name\":\"Thiago Maicon\",\"odds\":\"5.50\",\"header\":\"First\"},{\"name\":\"Thiago Maicon\",\"odds\":\"5.50\",\"header\":\"Last\"},{\"name\":\"Vinicius Lima\",\"odds\":\"6.00\",\"header\":\"First\"},{\"name\":\"Vinicius Lima\",\"odds\":\"6.00\",\"header\":\"Last\"},{\"name\":\"Carvalho Thonny Anderson\",\"odds\":\"6.50\",\"header\":\"First\"},{\"name\":\"Carvalho Thonny Anderson\",\"odds\":\"6.50\",\"header\":\"Last\"},{\"name\":\"Santos Cicero\",\"odds\":\"7.00\",\"header\":\"First\"},{\"name\":\"Santos Cicero\",\"odds\":\"7.00\",\"header\":\"Last\"},{\"name\":\"Barbosa Bruno Cortez\",\"odds\":\"8.50\",\"header\":\"First\"},{\"name\":\"Barbosa Bruno Cortez\",\"odds\":\"8.50\",\"header\":\"Last\"},{\"name\":\"Matheus Henrique\",\"odds\":\"8.50\",\"header\":\"First\"},{\"name\":\"Matheus Henrique\",\"odds\":\"8.50\",\"header\":\"Last\"},{\"name\":\"Mendes Kaio\",\"odds\":\"8.50\",\"header\":\"First\"},{\"name\":\"Mendes Kaio\",\"odds\":\"8.50\",\"header\":\"Last\"},{\"name\":\"da Silva Leo Moura\",\"odds\":\"12.00\",\"header\":\"First\"},{\"name\":\"da Silva Leo Moura\",\"odds\":\"12.00\",\"header\":\"Last\"},{\"name\":\"dos Santos Michel\",\"odds\":\"12.00\",\"header\":\"First\"},{\"name\":\"dos Santos Michel\",\"odds\":\"12.00\",\"header\":\"Last\"},{\"name\":\"Gomes Mario Sergio\",\"odds\":\"12.00\",\"header\":\"First\"},{\"name\":\"Gomes Mario Sergio\",\"odds\":\"12.00\",\"header\":\"Last\"},{\"name\":\"Silva Leo Gomes\",\"odds\":\"13.00\",\"header\":\"First\"},{\"name\":\"Silva Leo Gomes\",\"odds\":\"13.00\",\"header\":\"Last\"},{\"name\":\"Jonathan Paulo Miranda\",\"odds\":\"15.00\",\"header\":\"First\"},{\"name\":\"Jonathan Paulo Miranda\",\"odds\":\"15.00\",\"header\":\"Last\"},{\"name\":\"Siquiera Jailson\",\"odds\":\"15.00\",\"header\":\"First\"},{\"name\":\"Siquiera Jailson\",\"odds\":\"15.00\",\"header\":\"Last\"},{\"name\":\"Marcelo Oliveira\",\"odds\":\"19.00\",\"header\":\"First\"},{\"name\":\"Marcelo Oliveira\",\"odds\":\"19.00\",\"header\":\"Last\"},{\"name\":\"Matheus Bressan\",\"odds\":\"19.00\",\"header\":\"First\"},{\"name\":\"Matheus Bressan\",\"odds\":\"19.00\",\"header\":\"Last\"},{\"name\":\"Tonon Pedro Geromel\",\"odds\":\"19.00\",\"header\":\"First\"},{\"name\":\"Tonon Pedro Geromel\",\"odds\":\"19.00\",\"header\":\"Last\"},{\"name\":\"Walter Kannemann\",\"odds\":\"19.00\",\"header\":\"First\"},{\"name\":\"Walter Kannemann\",\"odds\":\"19.00\",\"header\":\"Last\"},{\"name\":\"No Goalscorer (Gremio)\",\"odds\":\"3.50\",\"header\":\"First\"},{\"name\":\"No Goalscorer (Gremio)\",\"odds\":\"3.50\",\"header\":\"Last\"},{\"name\":\"Santiago Trellez\",\"odds\":\"4.50\",\"header\":\"First\"},{\"name\":\"Santiago Trellez\",\"odds\":\"4.50\",\"header\":\"Last\"},{\"name\":\" Andrade Diego Souza\",\"odds\":\"5.00\",\"header\":\"First\"},{\"name\":\" Andrade Diego Souza\",\"odds\":\"5.00\",\"header\":\"Last\"},{\"name\":\"Andrew Erick Morato\",\"odds\":\"5.50\",\"header\":\"First\"},{\"name\":\"Andrew Erick Morato\",\"odds\":\"5.50\",\"header\":\"Last\"},{\"name\":\"Guilherme Bissoli\",\"odds\":\"5.50\",\"header\":\"First\"},{\"name\":\"Guilherme Bissoli\",\"odds\":\"5.50\",\"header\":\"Last\"},{\"name\":\"Anderson Nene\",\"odds\":\"6.00\",\"header\":\"First\"},{\"name\":\"Anderson Nene\",\"odds\":\"6.00\",\"header\":\"Last\"},{\"name\":\"Cardozo Shaylon\",\"odds\":\"7.00\",\"header\":\"First\"},{\"name\":\"Cardozo Shaylon\",\"odds\":\"7.00\",\"header\":\"Last\"},{\"name\":\"da Silva Brenner\",\"odds\":\"7.00\",\"header\":\"First\"},{\"name\":\"da Silva Brenner\",\"odds\":\"7.00\",\"header\":\"Last\"},{\"name\":\"Gonzalo Carneiro\",\"odds\":\"7.50\",\"header\":\"First\"},{\"name\":\"Gonzalo Carneiro\",\"odds\":\"7.50\",\"header\":\"Last\"},{\"name\":\"Joao Rojas\",\"odds\":\"7.50\",\"header\":\"First\"},{\"name\":\"Joao Rojas\",\"odds\":\"7.50\",\"header\":\"Last\"},{\"name\":\"Wanderson Valdivia\",\"odds\":\"7.50\",\"header\":\"First\"},{\"name\":\"Wanderson Valdivia\",\"odds\":\"7.50\",\"header\":\"Last\"},{\"name\":\"da Silva Everton\",\"odds\":\"9.00\",\"header\":\"First\"},{\"name\":\"da Silva Everton\",\"odds\":\"9.00\",\"header\":\"Last\"},{\"name\":\"Araujo Petros\",\"odds\":\"9.50\",\"header\":\"First\"},{\"name\":\"Araujo Petros\",\"odds\":\"9.50\",\"header\":\"Last\"},{\"name\":\"de Almeida Marcos Guilherme\",\"odds\":\"9.50\",\"header\":\"First\"},{\"name\":\"de Almeida Marcos Guilherme\",\"odds\":\"9.50\",\"header\":\"Last\"},{\"name\":\"da Silva Lucas Fernandes\",\"odds\":\"11.00\",\"header\":\"First\"},{\"name\":\"da Silva Lucas Fernandes\",\"odds\":\"11.00\",\"header\":\"Last\"},{\"name\":\"Helio Junio\",\"odds\":\"11.00\",\"header\":\"First\"},{\"name\":\"Helio Junio\",\"odds\":\"11.00\",\"header\":\"Last\"},{\"name\":\"Pereira Liziero\",\"odds\":\"11.00\",\"header\":\"First\"},{\"name\":\"Pereira Liziero\",\"odds\":\"11.00\",\"header\":\"Last\"},{\"name\":\"da Silva Jucilei\",\"odds\":\"13.00\",\"header\":\"First\"},{\"name\":\"da Silva Jucilei\",\"odds\":\"13.00\",\"header\":\"Last\"},{\"name\":\"da Silva Paulo Boia\",\"odds\":\"13.00\",\"header\":\"First\"},{\"name\":\"da Silva Paulo Boia\",\"odds\":\"13.00\",\"header\":\"Last\"},{\"name\":\"Carlos Junior Tavares\",\"odds\":\"15.00\",\"header\":\"First\"},{\"name\":\"Carlos Junior Tavares\",\"odds\":\"15.00\",\"header\":\"Last\"},{\"name\":\"Gabriel Eder Militao\",\"odds\":\"15.00\",\"header\":\"First\"},{\"name\":\"Gabriel Eder Militao\",\"odds\":\"15.00\",\"header\":\"Last\"},{\"name\":\"Hoffmann Felipe Araruna\",\"odds\":\"15.00\",\"header\":\"First\"},{\"name\":\"Hoffmann Felipe Araruna\",\"odds\":\"15.00\",\"header\":\"Last\"},{\"name\":\"Robert Arboleda\",\"odds\":\"15.00\",\"header\":\"First\"},{\"name\":\"Robert Arboleda\",\"odds\":\"15.00\",\"header\":\"Last\"},{\"name\":\"Bruno Alves\",\"odds\":\"19.00\",\"header\":\"First\"},{\"name\":\"Bruno Alves\",\"odds\":\"19.00\",\"header\":\"Last\"},{\"name\":\"de Souza Regis\",\"odds\":\"19.00\",\"header\":\"First\"},{\"name\":\"de Souza Regis\",\"odds\":\"19.00\",\"header\":\"Last\"},{\"name\":\"dos Santos Hudson\",\"odds\":\"19.00\",\"header\":\"First\"},{\"name\":\"dos Santos Hudson\",\"odds\":\"19.00\",\"header\":\"Last\"},{\"name\":\"da Silva Reinaldo\",\"odds\":\"21.00\",\"header\":\"First\"},{\"name\":\"da Silva Reinaldo\",\"odds\":\"21.00\",\"header\":\"Last\"},{\"name\":\"Vinicius da Silva Luan Santos\",\"odds\":\"21.00\",\"header\":\"First\"},{\"name\":\"Vinicius da Silva Luan Santos\",\"odds\":\"21.00\",\"header\":\"Last\"},{\"name\":\"Coquette Rodrigo Caio\",\"odds\":\"23.00\",\"header\":\"First\"},{\"name\":\"Coquette Rodrigo Caio\",\"odds\":\"23.00\",\"header\":\"Last\"},{\"name\":\"Fraga Edimar\",\"odds\":\"23.00\",\"header\":\"First\"},{\"name\":\"Fraga Edimar\",\"odds\":\"23.00\",\"header\":\"Last\"},{\"name\":\"Maria Caique\",\"odds\":\"23.00\",\"header\":\"First\"},{\"name\":\"Maria Caique\",\"odds\":\"23.00\",\"header\":\"Last\"},{\"name\":\"Vieira Anderson Martins\",\"odds\":\"23.00\",\"header\":\"First\"},{\"name\":\"Vieira Anderson Martins\",\"odds\":\"23.00\",\"header\":\"Last\"},{\"name\":\"No Goalscorer (Sao Paulo)\",\"odds\":\"2.00\",\"header\":\"First\"},{\"name\":\"No Goalscorer (Sao Paulo)\",\"odds\":\"2.00\",\"header\":\"Last\"}]}},\"schedule\":{\"updated_at\":\"1532570225\",\"sp\":{\"main\":[{\"odds\":\"1.91\"},{\"odds\":\"3.30\"},{\"odds\":\"4.20\"}]}},\"specials\":{\"updated_at\":\"1532570541\",\"sp\":{\"specials\":[{\"name\":\"To Win From Behind\",\"odds\":\"9.00\",\"header\":\"Home\"},{\"name\":\"To Win From Behind\",\"odds\":\"15.00\",\"header\":\"Away\"},{\"name\":\"To Win to Nil\",\"odds\":\"2.75\",\"header\":\"Home\"},{\"name\":\"To Win to Nil\",\"odds\":\"6.00\",\"header\":\"Away\"},{\"name\":\"To Win Either Half\",\"odds\":\"1.53\",\"header\":\"Home\"},{\"name\":\"To Win Either Half\",\"odds\":\"2.62\",\"header\":\"Away\"},{\"name\":\"To Win Both Halves\",\"odds\":\"6.50\",\"header\":\"Home\"},{\"name\":\"To Win Both Halves\",\"odds\":\"23.00\",\"header\":\"Away\"},{\"name\":\"To Score in Both Halves\",\"odds\":\"3.75\",\"header\":\"Home\"},{\"name\":\"To Score in Both Halves\",\"odds\":\"8.00\",\"header\":\"Away\"}],\"to_score_in_half\":[{\"name\":\"1st Half\",\"odds\":\"2.10\",\"header\":\"Yes\"},{\"name\":\"1st Half\",\"odds\":\"1.67\",\"header\":\"No\"},{\"name\":\"2nd Half\",\"odds\":\"1.73\",\"header\":\"Yes\"},{\"name\":\"2nd Half\",\"odds\":\"2.00\",\"header\":\"No\"},{\"name\":\"1st Half\",\"odds\":\"3.25\",\"header\":\"Yes\"},{\"name\":\"1st Half\",\"odds\":\"1.33\",\"header\":\"No\"},{\"name\":\"2nd Half\",\"odds\":\"2.50\",\"header\":\"Yes\"},{\"name\":\"2nd Half\",\"odds\":\"1.50\",\"header\":\"No\"}],\"own_goal\":[{\"opp\":\"Yes\",\"odds\":\"13.00\"},{\"opp\":\"No\",\"odds\":\"1.04\"}]}}}]}"}