{"odd":"{\"success\":1,\"results\":[{\"FI\":\"75382767\",\"event_id\":\"830151\",\"goals\":{\"updated_at\":\"1532570368\",\"sp\":{\"goals_over_under\":[{\"goals\":\"2.5\",\"odds\":\"1.45\",\"header\":\"Over\"},{\"goals\":\"2.5\",\"odds\":\"2.67\",\"header\":\"Under\"}],\"first_team_to_score\":[{\"opp\":\"Throttur Vogum\",\"odds\":\"1.95\"},{\"opp\":\"No Goals\",\"odds\":\"19.00\"},{\"opp\":\"Grotta Seltjarnarnes\",\"odds\":\"1.80\"}],\"home_team_highest_scoring_half\":[{\"opp\":\"Throttur Vogum - 1st Half\",\"odds\":\"3.40\"},{\"opp\":\"Throttur Vogum - 2nd Half\",\"odds\":\"2.38\"},{\"opp\":\"Throttur Vogum - Tie\",\"odds\":\"2.50\"}],\"away_team_highest_scoring_half\":[{\"opp\":\"Grotta Seltjarnarnes - 1st Half\",\"odds\":\"3.25\"},{\"opp\":\"Grotta Seltjarnarnes - 2nd Half\",\"odds\":\"2.20\"},{\"opp\":\"Grotta Seltjarnarnes - Tie\",\"odds\":\"2.88\"}],\"goals_odd_even\":[{\"opp\":\"Even\",\"odds\":\"1.90\"},{\"opp\":\"Odd\",\"odds\":\"1.95\"}],\"home_team_odd_even_goals\":[{\"opp\":\"Throttur Vogum - Even\",\"odds\":\"1.73\"},{\"opp\":\"Throttur Vogum - Odd\",\"odds\":\"2.00\"}],\"away_team_odd_even_goals\":[{\"opp\":\"Grotta Seltjarnarnes - Even\",\"odds\":\"1.80\"},{\"opp\":\"Grotta Seltjarnarnes - Odd\",\"odds\":\"1.91\"}],\"1st_half_goals_odd_even\":[{\"opp\":\"Odd\",\"odds\":\"2.00\"},{\"opp\":\"Even\",\"odds\":\"1.80\"}]}},\"half\":{\"updated_at\":\"1532570385\",\"sp\":{\"half_time_result\":[{\"opp\":\"1\",\"odds\":\"3.20\"},{\"opp\":\"X\",\"odds\":\"2.50\"},{\"opp\":\"2\",\"odds\":\"2.50\"}],\"half_time_double_chance\":[{\"opp\":\"1X\",\"odds\":\"1.50\"},{\"opp\":\"X2\",\"odds\":\"1.36\"},{\"opp\":\"12\",\"odds\":\"1.50\"}],\"half_time_correct_score\":[{\"opp\":\"1-0\",\"odds\":\"5.50\",\"header\":\"Home\"},{\"opp\":\"0-0\",\"odds\":\"3.75\",\"header\":\"X\"},{\"opp\":\"1-0\",\"odds\":\"4.75\",\"header\":\"Away\"},{\"opp\":\"2-0\",\"odds\":\"13.00\",\"header\":\"Home\"},{\"opp\":\"1-1\",\"odds\":\"8.00\",\"header\":\"X\"},{\"opp\":\"2-0\",\"odds\":\"10.00\",\"header\":\"Away\"},{\"opp\":\"2-1\",\"odds\":\"21.00\",\"header\":\"Home\"},{\"opp\":\"2-2\",\"odds\":\"41.00\",\"header\":\"X\"},{\"opp\":\"2-1\",\"odds\":\"19.00\",\"header\":\"Away\"},{\"opp\":\"3-0\",\"odds\":\"41.00\",\"header\":\"Home\"},{\"opp\":\"3-0\",\"odds\":\"26.00\",\"header\":\"Away\"},{\"opp\":\"3-1\",\"odds\":\"51.00\",\"header\":\"Home\"},{\"opp\":\"3-1\",\"odds\":\"41.00\",\"header\":\"Away\"},{\"opp\":\"4-0\",\"odds\":\"81.00\",\"header\":\"Home\"},{\"opp\":\"4-0\",\"odds\":\"51.00\",\"header\":\"Away\"}],\"1st_half_goals_odd_even\":[{\"opp\":\"Odd\",\"odds\":\"2.00\"},{\"opp\":\"Even\",\"odds\":\"1.80\"}],\"home_team_highest_scoring_half\":[{\"opp\":\"Throttur Vogum - 1st Half\",\"odds\":\"3.40\"},{\"opp\":\"Throttur Vogum - 2nd Half\",\"odds\":\"2.38\"},{\"opp\":\"Throttur Vogum - Tie\",\"odds\":\"2.50\"}],\"away_team_highest_scoring_half\":[{\"opp\":\"Grotta Seltjarnarnes - 1st Half\",\"odds\":\"3.25\"},{\"opp\":\"Grotta Seltjarnarnes - 2nd Half\",\"odds\":\"2.20\"},{\"opp\":\"Grotta Seltjarnarnes - Tie\",\"odds\":\"2.88\"}],\"2nd_half_goals_odd_even\":[{\"opp\":\"Even\",\"odds\":\"1.80\"},{\"opp\":\"Odd\",\"odds\":\"1.91\"}]}},\"main\":{\"updated_at\":\"1532570638\",\"sp\":{\"full_time_result\":[{\"opp\":\"1\",\"odds\":\"2.88\"},{\"opp\":\"X\",\"odds\":\"3.75\"},{\"opp\":\"2\",\"odds\":\"2.00\"}],\"double_chance\":[{\"opp\":\"1X\",\"odds\":\"1.73\"},{\"opp\":\"X2\",\"odds\":\"1.40\"},{\"opp\":\"12\",\"odds\":\"1.25\"}],\"correct_score\":[{\"opp\":\"1-0\",\"odds\":\"17.00\",\"header\":\"Home\"},{\"opp\":\"0-0\",\"odds\":\"19.00\",\"header\":\"X\"},{\"opp\":\"1-0\",\"odds\":\"13.00\",\"header\":\"Away\"},{\"opp\":\"2-0\",\"odds\":\"19.00\",\"header\":\"Home\"},{\"opp\":\"1-1\",\"odds\":\"8.50\",\"header\":\"X\"},{\"opp\":\"2-0\",\"odds\":\"13.00\",\"header\":\"Away\"},{\"opp\":\"2-1\",\"odds\":\"13.00\",\"header\":\"Home\"},{\"opp\":\"2-2\",\"odds\":\"12.00\",\"header\":\"X\"},{\"opp\":\"2-1\",\"odds\":\"10.00\",\"header\":\"Away\"},{\"opp\":\"3-0\",\"odds\":\"29.00\",\"header\":\"Home\"},{\"opp\":\"3-3\",\"odds\":\"34.00\",\"header\":\"X\"},{\"opp\":\"3-0\",\"odds\":\"19.00\",\"header\":\"Away\"},{\"opp\":\"3-1\",\"odds\":\"21.00\",\"header\":\"Home\"},{\"opp\":\"4-4\",\"odds\":\"81.00\",\"header\":\"X\"},{\"opp\":\"3-1\",\"odds\":\"15.00\",\"header\":\"Away\"},{\"opp\":\"3-2\",\"odds\":\"23.00\",\"header\":\"Home\"},{\"opp\":\"3-2\",\"odds\":\"21.00\",\"header\":\"Away\"},{\"opp\":\"4-0\",\"odds\":\"51.00\",\"header\":\"Home\"},{\"opp\":\"4-0\",\"odds\":\"34.00\",\"header\":\"Away\"},{\"opp\":\"4-1\",\"odds\":\"41.00\",\"header\":\"Home\"},{\"opp\":\"4-1\",\"odds\":\"26.00\",\"header\":\"Away\"},{\"opp\":\"4-2\",\"odds\":\"41.00\",\"header\":\"Home\"},{\"opp\":\"4-2\",\"odds\":\"34.00\",\"header\":\"Away\"},{\"opp\":\"5-0\",\"odds\":\"81.00\",\"header\":\"Home\"},{\"opp\":\"5-0\",\"odds\":\"51.00\",\"header\":\"Away\"},{\"opp\":\"5-1\",\"odds\":\"67.00\",\"header\":\"Home\"},{\"opp\":\"5-1\",\"odds\":\"41.00\",\"header\":\"Away\"},{\"opp\":\"4-3\",\"odds\":\"51.00\",\"header\":\"Home\"},{\"opp\":\"5-2\",\"odds\":\"51.00\",\"header\":\"Away\"},{\"opp\":\"5-2\",\"odds\":\"81.00\",\"header\":\"Home\"},{\"opp\":\"4-3\",\"odds\":\"51.00\",\"header\":\"Away\"},{\"opp\":\"6-1\",\"odds\":\"81.00\",\"header\":\"Away\"}],\"half_time_full_time\":[{\"opp\":\"Throttur Vogum - Throttur Vogum\",\"odds\":\"4.50\"},{\"opp\":\"Throttur Vogum - Draw\",\"odds\":\"15.00\"},{\"opp\":\"Throttur Vogum - Grotta Seltjarnarnes\",\"odds\":\"19.00\"},{\"opp\":\"Draw - Throttur Vogum\",\"odds\":\"7.50\"},{\"opp\":\"Draw - Draw\",\"odds\":\"7.50\"},{\"opp\":\"Draw - Grotta Seltjarnarnes\",\"odds\":\"6.00\"},{\"opp\":\"Grotta Seltjarnarnes - Throttur Vogum\",\"odds\":\"21.00\"},{\"opp\":\"Grotta Seltjarnarnes - Draw\",\"odds\":\"15.00\"},{\"opp\":\"Grotta Seltjarnarnes - Grotta Seltjarnarnes\",\"odds\":\"3.25\"}],\"goals_over_under\":[{\"goals\":\"2.5\",\"odds\":\"1.45\",\"header\":\"Over\"},{\"goals\":\"2.5\",\"odds\":\"2.67\",\"header\":\"Under\"}],\"draw_no_bet\":[{\"opp\":\"Throttur Vogum\",\"odds\":\"2.25\"},{\"opp\":\"Grotta Seltjarnarnes\",\"odds\":\"1.57\"}]}},\"schedule\":{\"updated_at\":\"1532570576\",\"sp\":{\"main\":[{\"odds\":\"2.88\"},{\"odds\":\"3.75\"},{\"odds\":\"2.00\"}]}}}]}"}