{"odd":"{\"success\":1,\"results\":[{\"FI\":\"75367943\",\"event_id\":\"840789\",\"asian_lines\":{\"updated_at\":\"1532569947\",\"sp\":{\"asian_handicap\":[{\"opp\":\"0.0, -0.5\",\"odds\":\"1.925\",\"header\":\"Home\"},{\"opp\":\"0.0, +0.5\",\"odds\":\"1.875\",\"header\":\"Away\"}],\"goal_line\":[{\"goals\":\"2.0, 2.5\",\"odds\":\"2.000\",\"header\":\"Over\"},{\"goals\":\"2.0, 2.5\",\"odds\":\"1.800\",\"header\":\"Under\"}],\"alternative_asian_handicap\":[{\"opp\":\"-1.5, -2.0\",\"odds\":\"5.900\",\"header\":\"Home\"},{\"opp\":\"+1.5, +2.0\",\"odds\":\"1.130\",\"header\":\"Away\"},{\"opp\":\"-1.5\",\"odds\":\"4.400\",\"header\":\"Home\"},{\"opp\":\"+1.5\",\"odds\":\"1.200\",\"header\":\"Away\"},{\"opp\":\"-1.0, -1.5\",\"odds\":\"3.900\",\"header\":\"Home\"},{\"opp\":\"+1.0, +1.5\",\"odds\":\"1.240\",\"header\":\"Away\"},{\"opp\":\"-1.0\",\"odds\":\"3.450\",\"header\":\"Home\"},{\"opp\":\"+1.0\",\"odds\":\"1.300\",\"header\":\"Away\"},{\"opp\":\"-0.5, -1.0\",\"odds\":\"2.600\",\"header\":\"Home\"},{\"opp\":\"+0.5, +1.0\",\"odds\":\"1.475\",\"header\":\"Away\"},{\"opp\":\"-0.5\",\"odds\":\"2.200\",\"header\":\"Home\"},{\"opp\":\"+0.5\",\"odds\":\"1.650\",\"header\":\"Away\"},{\"opp\":\"0.0\",\"odds\":\"1.600\",\"header\":\"Home\"},{\"opp\":\"0.0\",\"odds\":\"2.300\",\"header\":\"Away\"},{\"opp\":\"0.0, +0.5\",\"odds\":\"1.450\",\"header\":\"Home\"},{\"opp\":\"0.0, -0.5\",\"odds\":\"2.675\",\"header\":\"Away\"},{\"opp\":\"+0.5\",\"odds\":\"1.350\",\"header\":\"Home\"},{\"opp\":\"-0.5\",\"odds\":\"3.100\",\"header\":\"Away\"},{\"opp\":\"+0.5, +1.0\",\"odds\":\"1.240\",\"header\":\"Home\"},{\"opp\":\"-0.5, -1.0\",\"odds\":\"3.900\",\"header\":\"Away\"},{\"opp\":\"+1.0\",\"odds\":\"1.125\",\"header\":\"Home\"},{\"opp\":\"-1.0\",\"odds\":\"6.000\",\"header\":\"Away\"},{\"opp\":\"+1.0, +1.5\",\"odds\":\"1.110\",\"header\":\"Home\"},{\"opp\":\"-1.0, -1.5\",\"odds\":\"6.600\",\"header\":\"Away\"}],\"alternative_goal_line\":[{\"goals\":\"0.5, 1.0\",\"odds\":\"1.100\",\"header\":\"Over\"},{\"goals\":\"0.5, 1.0\",\"odds\":\"7.000\",\"header\":\"Under\"},{\"goals\":\"1.0\",\"odds\":\"1.120\",\"header\":\"Over\"},{\"goals\":\"1.0\",\"odds\":\"6.250\",\"header\":\"Under\"},{\"goals\":\"1.0, 1.5\",\"odds\":\"1.260\",\"header\":\"Over\"},{\"goals\":\"1.0, 1.5\",\"odds\":\"3.700\",\"header\":\"Under\"},{\"goals\":\"1.5\",\"odds\":\"1.425\",\"header\":\"Over\"},{\"goals\":\"1.5\",\"odds\":\"2.750\",\"header\":\"Under\"},{\"goals\":\"1.5, 2.0\",\"odds\":\"1.525\",\"header\":\"Over\"},{\"goals\":\"1.5, 2.0\",\"odds\":\"2.425\",\"header\":\"Under\"},{\"goals\":\"2.0\",\"odds\":\"1.700\",\"header\":\"Over\"},{\"goals\":\"2.0\",\"odds\":\"2.100\",\"header\":\"Under\"},{\"goals\":\"2.5\",\"odds\":\"2.250\",\"header\":\"Over\"},{\"goals\":\"2.5\",\"odds\":\"1.625\",\"header\":\"Under\"},{\"goals\":\"2.5, 3.0\",\"odds\":\"2.675\",\"header\":\"Over\"},{\"goals\":\"2.5, 3.0\",\"odds\":\"1.450\",\"header\":\"Under\"},{\"goals\":\"3.0\",\"odds\":\"3.450\",\"header\":\"Over\"},{\"goals\":\"3.0\",\"odds\":\"1.300\",\"header\":\"Under\"},{\"goals\":\"3.0, 3.5\",\"odds\":\"3.700\",\"header\":\"Over\"},{\"goals\":\"3.0, 3.5\",\"odds\":\"1.260\",\"header\":\"Under\"},{\"goals\":\"3.5\",\"odds\":\"4.150\",\"header\":\"Over\"},{\"goals\":\"3.5\",\"odds\":\"1.220\",\"header\":\"Under\"},{\"goals\":\"3.5, 4.0\",\"odds\":\"5.500\",\"header\":\"Over\"},{\"goals\":\"3.5, 4.0\",\"odds\":\"1.150\",\"header\":\"Under\"}],\"1st_half_asian_handicap\":[{\"opp\":\"0.0\",\"odds\":\"1.675\",\"header\":\"Home\"},{\"opp\":\"0.0\",\"odds\":\"2.150\",\"header\":\"Away\"}],\"1st_half_goal_line\":[{\"goals\":\"0.5, 1.0\",\"odds\":\"1.725\",\"header\":\"Over\"},{\"goals\":\"0.5, 1.0\",\"odds\":\"2.075\",\"header\":\"Under\"}],\"alternative_1st_half_asian_handicap\":[{\"opp\":\"-0.5, -1.0\",\"odds\":\"4.000\",\"header\":\"Home\"},{\"opp\":\"+0.5, +1.0\",\"odds\":\"1.230\",\"header\":\"Away\"},{\"opp\":\"-0.5\",\"odds\":\"3.000\",\"header\":\"Home\"},{\"opp\":\"+0.5\",\"odds\":\"1.375\",\"header\":\"Away\"},{\"opp\":\"0.0, -0.5\",\"odds\":\"2.350\",\"header\":\"Home\"},{\"opp\":\"0.0, +0.5\",\"odds\":\"1.575\",\"header\":\"Away\"},{\"opp\":\"0.0, +0.5\",\"odds\":\"1.375\",\"header\":\"Home\"},{\"opp\":\"0.0, -0.5\",\"odds\":\"3.000\",\"header\":\"Away\"},{\"opp\":\"+0.5\",\"odds\":\"1.250\",\"header\":\"Home\"},{\"opp\":\"-0.5\",\"odds\":\"3.800\",\"header\":\"Away\"},{\"opp\":\"+0.5, +1.0\",\"odds\":\"1.150\",\"header\":\"Home\"},{\"opp\":\"-0.5, -1.0\",\"odds\":\"5.500\",\"header\":\"Away\"}],\"alternative_1st_half_goal_line\":[{\"goals\":\"1.0\",\"odds\":\"2.200\",\"header\":\"Over\"},{\"goals\":\"1.0\",\"odds\":\"1.650\",\"header\":\"Under\"},{\"goals\":\"1.0, 1.5\",\"odds\":\"2.750\",\"header\":\"Over\"},{\"goals\":\"1.0, 1.5\",\"odds\":\"1.425\",\"header\":\"Under\"},{\"goals\":\"1.5\",\"odds\":\"3.450\",\"header\":\"Over\"},{\"goals\":\"1.5\",\"odds\":\"1.300\",\"header\":\"Under\"},{\"goals\":\"1.5, 2.0\",\"odds\":\"4.400\",\"header\":\"Over\"},{\"goals\":\"1.5, 2.0\",\"odds\":\"1.200\",\"header\":\"Under\"}],\"asian_total_corners\":[{\"goals\":\"10.0\",\"odds\":\"1.950\",\"header\":\"Over\"},{\"goals\":\"10.0\",\"odds\":\"1.850\",\"header\":\"Under\"}],\"1st_half_asian_corners\":[{\"goals\":\"4.5\",\"odds\":\"1.800\",\"header\":\"Over\"},{\"goals\":\"4.5\",\"odds\":\"2.000\",\"header\":\"Under\"}]}},\"corners\":{\"updated_at\":\"1532570027\",\"sp\":{\"corners\":[{\"opp\":\"Over 10\",\"odds\":\"2.20\"},{\"opp\":\"Exactly 10\",\"odds\":\"7.50\"},{\"opp\":\"Under 10\",\"odds\":\"2.00\"}],\"total_corners\":[{\"opp\":\"Under 6\",\"odds\":\"12.00\"},{\"opp\":\"6 - 8\",\"odds\":\"3.40\"},{\"opp\":\"9 - 11\",\"odds\":\"2.50\"},{\"opp\":\"12 - 14\",\"odds\":\"4.00\"},{\"opp\":\"Over 14\",\"odds\":\"9.00\"}],\"alternative_corners\":[{\"goals\":\"4\",\"odds\":\"1.02\",\"header\":\"Over\"},{\"goals\":\"4\",\"odds\":\"23.00\",\"header\":\"Exactly\"},{\"goals\":\"4\",\"odds\":\"34.00\",\"header\":\"Under\"},{\"goals\":\"5\",\"odds\":\"1.04\",\"header\":\"Over\"},{\"goals\":\"5\",\"odds\":\"17.00\",\"header\":\"Exactly\"},{\"goals\":\"5\",\"odds\":\"19.00\",\"header\":\"Under\"},{\"goals\":\"6\",\"odds\":\"1.10\",\"header\":\"Over\"},{\"goals\":\"6\",\"odds\":\"12.00\",\"header\":\"Exactly\"},{\"goals\":\"6\",\"odds\":\"12.00\",\"header\":\"Under\"},{\"goals\":\"7\",\"odds\":\"1.22\",\"header\":\"Over\"},{\"goals\":\"7\",\"odds\":\"9.00\",\"header\":\"Exactly\"},{\"goals\":\"7\",\"odds\":\"6.50\",\"header\":\"Under\"},{\"goals\":\"8\",\"odds\":\"1.40\",\"header\":\"Over\"},{\"goals\":\"8\",\"odds\":\"8.00\",\"header\":\"Exactly\"},{\"goals\":\"8\",\"odds\":\"4.00\",\"header\":\"Under\"},{\"goals\":\"9\",\"odds\":\"1.73\",\"header\":\"Over\"},{\"goals\":\"9\",\"odds\":\"7.50\",\"header\":\"Exactly\"},{\"goals\":\"9\",\"odds\":\"2.75\",\"header\":\"Under\"},{\"goals\":\"11\",\"odds\":\"2.88\",\"header\":\"Over\"},{\"goals\":\"11\",\"odds\":\"8.00\",\"header\":\"Exactly\"},{\"goals\":\"11\",\"odds\":\"1.67\",\"header\":\"Under\"},{\"goals\":\"12\",\"odds\":\"4.00\",\"header\":\"Over\"},{\"goals\":\"12\",\"odds\":\"9.00\",\"header\":\"Exactly\"},{\"goals\":\"12\",\"odds\":\"1.40\",\"header\":\"Under\"},{\"goals\":\"13\",\"odds\":\"6.00\",\"header\":\"Over\"},{\"goals\":\"13\",\"odds\":\"11.00\",\"header\":\"Exactly\"},{\"goals\":\"13\",\"odds\":\"1.22\",\"header\":\"Under\"},{\"goals\":\"14\",\"odds\":\"9.00\",\"header\":\"Over\"},{\"goals\":\"14\",\"odds\":\"13.00\",\"header\":\"Exactly\"},{\"goals\":\"14\",\"odds\":\"1.12\",\"header\":\"Under\"},{\"goals\":\"15\",\"odds\":\"13.00\",\"header\":\"Over\"},{\"goals\":\"15\",\"odds\":\"17.00\",\"header\":\"Exactly\"},{\"goals\":\"15\",\"odds\":\"1.06\",\"header\":\"Under\"},{\"goals\":\"16\",\"odds\":\"19.00\",\"header\":\"Over\"},{\"goals\":\"16\",\"odds\":\"21.00\",\"header\":\"Exactly\"},{\"goals\":\"16\",\"odds\":\"1.04\",\"header\":\"Under\"},{\"goals\":\"17\",\"odds\":\"26.00\",\"header\":\"Over\"},{\"goals\":\"17\",\"odds\":\"29.00\",\"header\":\"Exactly\"},{\"goals\":\"17\",\"odds\":\"1.02\",\"header\":\"Under\"},{\"goals\":\"18\",\"odds\":\"34.00\",\"header\":\"Over\"},{\"goals\":\"18\",\"odds\":\"41.00\",\"header\":\"Exactly\"},{\"goals\":\"18\",\"odds\":\"1.01\",\"header\":\"Under\"}],\"corners_2_way\":[{\"opp\":\"Over 9.5\",\"odds\":\"1.73\"},{\"opp\":\"Under 9.5\",\"odds\":\"2.00\"}],\"first_half_corners\":[{\"opp\":\"5\",\"odds\":\"2.60\",\"header\":\"Over\"},{\"opp\":\"5\",\"odds\":\"5.00\",\"header\":\"Exactly\"},{\"opp\":\"5\",\"odds\":\"2.00\",\"header\":\"Under\"}],\"asian_total_corners\":[{\"goals\":\"10.0\",\"odds\":\"1.950\",\"header\":\"Over\"},{\"goals\":\"10.0\",\"odds\":\"1.850\",\"header\":\"Under\"}],\"1st_half_asian_corners\":[{\"goals\":\"4.5\",\"odds\":\"1.800\",\"header\":\"Over\"},{\"goals\":\"4.5\",\"odds\":\"2.000\",\"header\":\"Under\"}]}},\"goals\":{\"updated_at\":\"1532570038\",\"sp\":{\"goals_over_under\":[{\"goals\":\"2.5\",\"odds\":\"2.25\",\"header\":\"Over\"},{\"goals\":\"2.5\",\"odds\":\"1.62\",\"header\":\"Under\"}],\"alternative_total_goals\":[{\"goals\":\"0.5\",\"odds\":\"1.06\",\"header\":\"Over \"},{\"goals\":\"0.5\",\"odds\":\"8.00\",\"header\":\"Under\"},{\"goals\":\"1.5\",\"odds\":\"1.40\",\"header\":\"Over \"},{\"goals\":\"1.5\",\"odds\":\"2.75\",\"header\":\"Under\"},{\"goals\":\"3.5\",\"odds\":\"4.00\",\"header\":\"Over \"},{\"goals\":\"3.5\",\"odds\":\"1.22\",\"header\":\"Under\"},{\"goals\":\"4.5\",\"odds\":\"7.50\",\"header\":\"Over \"},{\"goals\":\"4.5\",\"odds\":\"1.07\",\"header\":\"Under\"},{\"goals\":\"5.5\",\"odds\":\"11.00\",\"header\":\"Over \"},{\"goals\":\"5.5\",\"odds\":\"1.02\",\"header\":\"Under\"}],\"result_total_goals\":[{\"opp\":\"NK Osijek & Over 2.5\",\"odds\":\"4.00\"},{\"opp\":\"NK Osijek & Under 2.5\",\"odds\":\"4.33\"},{\"opp\":\"Draw & Over 2.5\",\"odds\":\"17.00\"},{\"opp\":\"Draw & Under  2.5\",\"odds\":\"3.75\"},{\"opp\":\"Rangers & Over 2.5\",\"odds\":\"6.00\"},{\"opp\":\"Rangers & Under 2.5\",\"odds\":\"6.00\"}],\"total_goals_both_teams_to_score\":[{\"opp\":\"Over 2.5 & Yes\",\"odds\":\"2.62\"},{\"opp\":\"Over 2.5 & No\",\"odds\":\"10.00\"},{\"opp\":\"Under 2.5 & Yes\",\"odds\":\"6.00\"},{\"opp\":\"Under 2.5 & No\",\"odds\":\"2.00\"}],\"exact_total_goals\":[{\"opp\":\"0 Goals\",\"odds\":\"8.00\"},{\"opp\":\"1 Goal\",\"odds\":\"4.00\"},{\"opp\":\"2 Goals\",\"odds\":\"3.40\"},{\"opp\":\"3 Goals\",\"odds\":\"4.33\"},{\"opp\":\"4 Goals\",\"odds\":\"7.00\"},{\"opp\":\"5 Goals\",\"odds\":\"15.00\"},{\"opp\":\"6 Goals\",\"odds\":\"34.00\"},{\"opp\":\"7+ Goals\",\"odds\":\"21.00\"}],\"number_of_goals_in_match\":[{\"opp\":\"Under 2 goals\",\"odds\":\"2.75\"},{\"opp\":\"2 or 3 goals\",\"odds\":\"2.00\"},{\"opp\":\"Over 3 goals\",\"odds\":\"4.00\"}],\"both_teams_to_score\":[{\"opp\":\"Yes\",\"odds\":\"2.00\"},{\"opp\":\"No\",\"odds\":\"1.73\"}],\"teams_to_score\":[{\"opp\":\"Both Teams\",\"odds\":\"2.00\"},{\"opp\":\"NK Osijek Only\",\"odds\":\"3.40\"},{\"opp\":\"No Goal\",\"odds\":\"8.00\"},{\"opp\":\"Rangers Only\",\"odds\":\"5.00\"}],\"both_teams_to_score_in_1st_half\":[{\"opp\":\"Yes\",\"odds\":\"5.50\"},{\"opp\":\"No\",\"odds\":\"1.12\"}],\"both_teams_to_score_in_2nd_half\":[{\"opp\":\"Yes\",\"odds\":\"4.00\"},{\"opp\":\"No\",\"odds\":\"1.22\"}],\"both_teams_to_score_1st_half_2nd_half\":[{\"opp\":\"Yes \\\/ Yes\",\"odds\":\"21.00\"},{\"opp\":\"Yes \\\/ No\",\"odds\":\"7.00\"},{\"opp\":\"No \\\/ Yes\",\"odds\":\"4.33\"},{\"opp\":\"No \\\/ No\",\"odds\":\"1.44\"}],\"first_half_goals\":[{\"goals\":\"0.5\",\"odds\":\"1.50\",\"header\":\"Over\"},{\"goals\":\"0.5\",\"odds\":\"2.50\",\"header\":\"Under\"},{\"goals\":\"1.5\",\"odds\":\"3.40\",\"header\":\"Over\"},{\"goals\":\"1.5\",\"odds\":\"1.30\",\"header\":\"Under\"},{\"goals\":\"2.5\",\"odds\":\"10.00\",\"header\":\"Over\"},{\"goals\":\"2.5\",\"odds\":\"1.06\",\"header\":\"Under\"},{\"goals\":\"3.5\",\"odds\":\"26.00\",\"header\":\"Over\"},{\"goals\":\"3.5\",\"odds\":\"1.01\",\"header\":\"Under\"}],\"exact_1st_half_goals\":[{\"opp\":\"0 Goals\",\"odds\":\"2.50\"},{\"opp\":\"1 Goal\",\"odds\":\"2.50\"},{\"opp\":\"2 Goals\",\"odds\":\"4.75\"},{\"opp\":\"3 Goals\",\"odds\":\"13.00\"},{\"opp\":\"4 Goals\",\"odds\":\"41.00\"},{\"opp\":\"5+ Goals\",\"odds\":\"81.00\"}],\"first_team_to_score\":[{\"opp\":\"NK Osijek\",\"odds\":\"1.73\"},{\"opp\":\"No Goals\",\"odds\":\"8.00\"},{\"opp\":\"Rangers\",\"odds\":\"2.40\"}],\"2nd_half_goals\":[{\"goals\":\"0.5\",\"odds\":\"1.30\",\"header\":\"Over\"},{\"goals\":\"0.5\",\"odds\":\"3.40\",\"header\":\"Under\"},{\"goals\":\"1.5\",\"odds\":\"2.38\",\"header\":\"Over\"},{\"goals\":\"1.5\",\"odds\":\"1.53\",\"header\":\"Under\"},{\"goals\":\"2.5\",\"odds\":\"5.50\",\"header\":\"Over\"},{\"goals\":\"2.5\",\"odds\":\"1.14\",\"header\":\"Under\"},{\"goals\":\"3.5\",\"odds\":\"15.00\",\"header\":\"Over\"},{\"goals\":\"3.5\",\"odds\":\"1.03\",\"header\":\"Under\"}],\"exact_2nd_half_goals\":[{\"opp\":\"0 Goals\",\"odds\":\"3.40\"},{\"opp\":\"1 Goal\",\"odds\":\"2.62\"},{\"opp\":\"2 Goals\",\"odds\":\"3.75\"},{\"opp\":\"3 Goals\",\"odds\":\"8.00\"},{\"opp\":\"4 Goals\",\"odds\":\"21.00\"},{\"opp\":\"5+ Goals\",\"odds\":\"41.00\"}],\"half_with_most_goals\":[{\"opp\":\"1st Half\",\"odds\":\"3.20\"},{\"opp\":\"2nd Half\",\"odds\":\"2.10\"},{\"opp\":\"Tie\",\"odds\":\"3.25\"}],\"home_team_highest_scoring_half\":[{\"opp\":\"NK Osijek - 1st Half\",\"odds\":\"3.60\"},{\"opp\":\"NK Osijek - 2nd Half\",\"odds\":\"2.50\"},{\"opp\":\"NK Osijek - Tie\",\"odds\":\"2.30\"}],\"away_team_highest_scoring_half\":[{\"opp\":\"Rangers - 1st Half\",\"odds\":\"3.75\"},{\"opp\":\"Rangers - 2nd Half\",\"odds\":\"2.75\"},{\"opp\":\"Rangers - Tie\",\"odds\":\"2.00\"}],\"home_team_exact_goals\":[{\"opp\":\"NK Osijek - 0 Goals\",\"odds\":\"3.40\"},{\"opp\":\"NK Osijek - 1 Goal\",\"odds\":\"2.60\"},{\"opp\":\"NK Osijek - 2 Goals\",\"odds\":\"4.00\"},{\"opp\":\"NK Osijek - 3+ Goals\",\"odds\":\"5.50\"}],\"away_team_exact_goals\":[{\"opp\":\"Rangers - 0 Goals\",\"odds\":\"2.50\"},{\"opp\":\"Rangers - 1 Goal\",\"odds\":\"2.50\"},{\"opp\":\"Rangers - 2 Goals\",\"odds\":\"4.75\"},{\"opp\":\"Rangers - 3+ Goals\",\"odds\":\"7.50\"}],\"goals_odd_even\":[{\"opp\":\"Even\",\"odds\":\"1.90\"},{\"opp\":\"Odd\",\"odds\":\"1.95\"}],\"home_team_odd_even_goals\":[{\"opp\":\"NK Osijek - Even\",\"odds\":\"1.73\"},{\"opp\":\"NK Osijek - Odd\",\"odds\":\"2.00\"}],\"away_team_odd_even_goals\":[{\"opp\":\"Rangers - Even\",\"odds\":\"1.67\"},{\"opp\":\"Rangers - Odd\",\"odds\":\"2.10\"}],\"1st_half_goals_odd_even\":[{\"opp\":\"Odd\",\"odds\":\"2.20\"},{\"opp\":\"Even\",\"odds\":\"1.67\"}],\"last_team_to_score\":[{\"opp\":\"NK Osijek\",\"odds\":\"1.73\"},{\"opp\":\"No Goal\",\"odds\":\"8.00\"},{\"opp\":\"Rangers\",\"odds\":\"2.40\"}]}},\"half\":{\"updated_at\":\"1532570050\",\"sp\":{\"half_time_result\":[{\"opp\":\"1\",\"odds\":\"2.88\"},{\"opp\":\"X\",\"odds\":\"2.00\"},{\"opp\":\"2\",\"odds\":\"3.75\"}],\"half_time_double_chance\":[{\"opp\":\"1X\",\"odds\":\"1.25\"},{\"opp\":\"X2\",\"odds\":\"1.40\"},{\"opp\":\"12\",\"odds\":\"1.73\"}],\"half_time_result_both_teams_to_score\":[{\"opp\":\"NK Osijek & Yes\",\"odds\":\"23.00\"},{\"opp\":\"NK Osijek & No\",\"odds\":\"3.25\"},{\"opp\":\"Draw & Yes\",\"odds\":\"9.00\"},{\"opp\":\"Draw & No\",\"odds\":\"2.50\"},{\"opp\":\"Rangers & Yes\",\"odds\":\"26.00\"},{\"opp\":\"Rangers & No\",\"odds\":\"4.33\"}],\"half_time_result_total_goals\":[{\"opp\":\"NK Osijek & Over 1.5\",\"odds\":\"8.00\"},{\"opp\":\"NK Osijek & Under 1.5\",\"odds\":\"4.33\"},{\"opp\":\"Draw & Over 1.5\",\"odds\":\"9.00\"},{\"opp\":\"Draw & Under 1.5\",\"odds\":\"2.50\"},{\"opp\":\"Rangers & Over 1.5\",\"odds\":\"11.00\"},{\"opp\":\"Rangers & Under 1.5\",\"odds\":\"5.00\"}],\"half_time_correct_score\":[{\"opp\":\"1-0\",\"odds\":\"4.33\",\"header\":\"Home\"},{\"opp\":\"0-0\",\"odds\":\"2.50\",\"header\":\"X\"},{\"opp\":\"1-0\",\"odds\":\"5.00\",\"header\":\"Away\"},{\"opp\":\"2-0\",\"odds\":\"13.00\",\"header\":\"Home\"},{\"opp\":\"1-1\",\"odds\":\"9.00\",\"header\":\"X\"},{\"opp\":\"2-0\",\"odds\":\"19.00\",\"header\":\"Away\"},{\"opp\":\"2-1\",\"odds\":\"29.00\",\"header\":\"Home\"},{\"opp\":\"2-2\",\"odds\":\"67.00\",\"header\":\"X\"},{\"opp\":\"2-1\",\"odds\":\"34.00\",\"header\":\"Away\"},{\"opp\":\"3-0\",\"odds\":\"41.00\",\"header\":\"Home\"},{\"opp\":\"3-0\",\"odds\":\"67.00\",\"header\":\"Away\"},{\"opp\":\"3-1\",\"odds\":\"81.00\",\"header\":\"Home\"},{\"opp\":\"3-1\",\"odds\":\"101.00\",\"header\":\"Away\"},{\"opp\":\"4-0\",\"odds\":\"151.00\",\"header\":\"Home\"}],\"both_teams_to_score_in_1st_half\":[{\"opp\":\"Yes\",\"odds\":\"5.50\"},{\"opp\":\"No\",\"odds\":\"1.12\"}],\"both_teams_to_score_in_2nd_half\":[{\"opp\":\"Yes\",\"odds\":\"4.00\"},{\"opp\":\"No\",\"odds\":\"1.22\"}],\"both_teams_to_score_1st_half_2nd_half\":[{\"opp\":\"Yes \\\/ Yes\",\"odds\":\"21.00\"},{\"opp\":\"Yes \\\/ No\",\"odds\":\"7.00\"},{\"opp\":\"No \\\/ Yes\",\"odds\":\"4.33\"},{\"opp\":\"No \\\/ No\",\"odds\":\"1.44\"}],\"1st_half_asian_handicap\":[{\"opp\":\"0.0\",\"odds\":\"1.675\",\"header\":\"Home\"},{\"opp\":\"0.0\",\"odds\":\"2.150\",\"header\":\"Away\"}],\"1st_half_goal_line\":[{\"goals\":\"0.5, 1.0\",\"odds\":\"1.725\",\"header\":\"Over\"},{\"goals\":\"0.5, 1.0\",\"odds\":\"2.075\",\"header\":\"Under\"}],\"alternative_1st_half_asian_handicap\":[{\"opp\":\"-0.5, -1.0\",\"odds\":\"4.000\",\"header\":\"Home\"},{\"opp\":\"+0.5, +1.0\",\"odds\":\"1.230\",\"header\":\"Away\"},{\"opp\":\"-0.5\",\"odds\":\"3.000\",\"header\":\"Home\"},{\"opp\":\"+0.5\",\"odds\":\"1.375\",\"header\":\"Away\"},{\"opp\":\"0.0, -0.5\",\"odds\":\"2.350\",\"header\":\"Home\"},{\"opp\":\"0.0, +0.5\",\"odds\":\"1.575\",\"header\":\"Away\"},{\"opp\":\"0.0, +0.5\",\"odds\":\"1.375\",\"header\":\"Home\"},{\"opp\":\"0.0, -0.5\",\"odds\":\"3.000\",\"header\":\"Away\"},{\"opp\":\"+0.5\",\"odds\":\"1.250\",\"header\":\"Home\"},{\"opp\":\"-0.5\",\"odds\":\"3.800\",\"header\":\"Away\"},{\"opp\":\"+0.5, +1.0\",\"odds\":\"1.150\",\"header\":\"Home\"},{\"opp\":\"-0.5, -1.0\",\"odds\":\"5.500\",\"header\":\"Away\"}],\"alternative_1st_half_goal_line\":[{\"goals\":\"1.0\",\"odds\":\"2.200\",\"header\":\"Over\"},{\"goals\":\"1.0\",\"odds\":\"1.650\",\"header\":\"Under\"},{\"goals\":\"1.0, 1.5\",\"odds\":\"2.750\",\"header\":\"Over\"},{\"goals\":\"1.0, 1.5\",\"odds\":\"1.425\",\"header\":\"Under\"},{\"goals\":\"1.5\",\"odds\":\"3.450\",\"header\":\"Over\"},{\"goals\":\"1.5\",\"odds\":\"1.300\",\"header\":\"Under\"},{\"goals\":\"1.5, 2.0\",\"odds\":\"4.400\",\"header\":\"Over\"},{\"goals\":\"1.5, 2.0\",\"odds\":\"1.200\",\"header\":\"Under\"}],\"1st_half_handicap\":[{\"opp\":\"NK Osijek  -1.0\",\"odds\":\"9.50\"},{\"opp\":\"Tie - Rangers +1.0\",\"odds\":\"3.75\"},{\"opp\":\"Rangers  +1.0\",\"odds\":\"1.40\"}],\"alternative_1st_half_handicap_result\":[{\"opp\":\"-2.0\",\"odds\":\"21.00\",\"header\":\"Home\"},{\"opp\":\"+2.0\",\"odds\":\"11.00\",\"header\":\"Tie\"},{\"opp\":\"+2.0\",\"odds\":\"1.05\",\"header\":\"Away\"},{\"opp\":\"+1.0\",\"odds\":\"1.25\",\"header\":\"Home\"},{\"opp\":\"-1.0\",\"odds\":\"4.50\",\"header\":\"Tie\"},{\"opp\":\"-1.0\",\"odds\":\"13.00\",\"header\":\"Away\"}],\"first_half_goals\":[{\"goals\":\"0.5\",\"odds\":\"1.50\",\"header\":\"Over\"},{\"goals\":\"0.5\",\"odds\":\"2.50\",\"header\":\"Under\"},{\"goals\":\"1.5\",\"odds\":\"3.40\",\"header\":\"Over\"},{\"goals\":\"1.5\",\"odds\":\"1.30\",\"header\":\"Under\"},{\"goals\":\"2.5\",\"odds\":\"10.00\",\"header\":\"Over\"},{\"goals\":\"2.5\",\"odds\":\"1.06\",\"header\":\"Under\"},{\"goals\":\"3.5\",\"odds\":\"26.00\",\"header\":\"Over\"},{\"goals\":\"3.5\",\"odds\":\"1.01\",\"header\":\"Under\"}],\"exact_1st_half_goals\":[{\"opp\":\"0 Goals\",\"odds\":\"2.50\"},{\"opp\":\"1 Goal\",\"odds\":\"2.50\"},{\"opp\":\"2 Goals\",\"odds\":\"4.75\"},{\"opp\":\"3 Goals\",\"odds\":\"13.00\"},{\"opp\":\"4 Goals\",\"odds\":\"41.00\"},{\"opp\":\"5+ Goals\",\"odds\":\"81.00\"}],\"first_half_corners\":[{\"opp\":\"5\",\"odds\":\"2.60\",\"header\":\"Over\"},{\"opp\":\"5\",\"odds\":\"5.00\",\"header\":\"Exactly\"},{\"opp\":\"5\",\"odds\":\"2.00\",\"header\":\"Under\"}],\"1st_half_asian_corners\":[{\"goals\":\"4.5\",\"odds\":\"1.800\",\"header\":\"Over\"},{\"goals\":\"4.5\",\"odds\":\"2.000\",\"header\":\"Under\"}],\"1st_half_goals_odd_even\":[{\"opp\":\"Odd\",\"odds\":\"2.20\"},{\"opp\":\"Even\",\"odds\":\"1.67\"}],\"to_score_in_half\":[{\"name\":\"1st Half\",\"odds\":\"2.20\",\"header\":\"Yes\"},{\"name\":\"1st Half\",\"odds\":\"1.62\",\"header\":\"No\"},{\"name\":\"2nd Half\",\"odds\":\"1.80\",\"header\":\"Yes\"},{\"name\":\"2nd Half\",\"odds\":\"1.91\",\"header\":\"No\"},{\"name\":\"1st Half\",\"odds\":\"2.62\",\"header\":\"Yes\"},{\"name\":\"1st Half\",\"odds\":\"1.44\",\"header\":\"No\"},{\"name\":\"2nd Half\",\"odds\":\"2.10\",\"header\":\"Yes\"},{\"name\":\"2nd Half\",\"odds\":\"1.67\",\"header\":\"No\"}],\"half_with_most_goals\":[{\"opp\":\"1st Half\",\"odds\":\"3.20\"},{\"opp\":\"2nd Half\",\"odds\":\"2.10\"},{\"opp\":\"Tie\",\"odds\":\"3.25\"}],\"home_team_highest_scoring_half\":[{\"opp\":\"NK Osijek - 1st Half\",\"odds\":\"3.60\"},{\"opp\":\"NK Osijek - 2nd Half\",\"odds\":\"2.50\"},{\"opp\":\"NK Osijek - Tie\",\"odds\":\"2.30\"}],\"away_team_highest_scoring_half\":[{\"opp\":\"Rangers - 1st Half\",\"odds\":\"3.75\"},{\"opp\":\"Rangers - 2nd Half\",\"odds\":\"2.75\"},{\"opp\":\"Rangers - Tie\",\"odds\":\"2.00\"}],\"2nd_half_result\":[{\"opp\":\"1\",\"odds\":\"2.60\"},{\"opp\":\"X\",\"odds\":\"2.30\"},{\"opp\":\"2\",\"odds\":\"3.40\"}],\"2nd_half_goals\":[{\"goals\":\"0.5\",\"odds\":\"1.30\",\"header\":\"Over\"},{\"goals\":\"0.5\",\"odds\":\"3.40\",\"header\":\"Under\"},{\"goals\":\"1.5\",\"odds\":\"2.38\",\"header\":\"Over\"},{\"goals\":\"1.5\",\"odds\":\"1.53\",\"header\":\"Under\"},{\"goals\":\"2.5\",\"odds\":\"5.50\",\"header\":\"Over\"},{\"goals\":\"2.5\",\"odds\":\"1.14\",\"header\":\"Under\"},{\"goals\":\"3.5\",\"odds\":\"15.00\",\"header\":\"Over\"},{\"goals\":\"3.5\",\"odds\":\"1.03\",\"header\":\"Under\"}],\"exact_2nd_half_goals\":[{\"opp\":\"0 Goals\",\"odds\":\"3.40\"},{\"opp\":\"1 Goal\",\"odds\":\"2.62\"},{\"opp\":\"2 Goals\",\"odds\":\"3.75\"},{\"opp\":\"3 Goals\",\"odds\":\"8.00\"},{\"opp\":\"4 Goals\",\"odds\":\"21.00\"},{\"opp\":\"5+ Goals\",\"odds\":\"41.00\"}],\"2nd_half_goals_odd_even\":[{\"opp\":\"Even\",\"odds\":\"1.73\"},{\"opp\":\"Odd\",\"odds\":\"2.00\"}]}},\"main\":{\"updated_at\":\"1532570322\",\"sp\":{\"full_time_result\":[{\"opp\":\"1\",\"odds\":\"2.25\"},{\"opp\":\"X\",\"odds\":\"3.25\"},{\"opp\":\"2\",\"odds\":\"3.20\"}],\"double_chance\":[{\"opp\":\"1X\",\"odds\":\"1.36\"},{\"opp\":\"X2\",\"odds\":\"1.57\"},{\"opp\":\"12\",\"odds\":\"1.33\"}],\"correct_score\":[{\"opp\":\"1-0\",\"odds\":\"6.50\",\"header\":\"Home\"},{\"opp\":\"0-0\",\"odds\":\"8.00\",\"header\":\"X\"},{\"opp\":\"1-0\",\"odds\":\"8.50\",\"header\":\"Away\"},{\"opp\":\"2-0\",\"odds\":\"9.50\",\"header\":\"Home\"},{\"opp\":\"1-1\",\"odds\":\"6.00\",\"header\":\"X\"},{\"opp\":\"2-0\",\"odds\":\"15.00\",\"header\":\"Away\"},{\"opp\":\"2-1\",\"odds\":\"9.50\",\"header\":\"Home\"},{\"opp\":\"2-2\",\"odds\":\"17.00\",\"header\":\"X\"},{\"opp\":\"2-1\",\"odds\":\"12.00\",\"header\":\"Away\"},{\"opp\":\"3-0\",\"odds\":\"21.00\",\"header\":\"Home\"},{\"opp\":\"3-3\",\"odds\":\"67.00\",\"header\":\"X\"},{\"opp\":\"3-0\",\"odds\":\"34.00\",\"header\":\"Away\"},{\"opp\":\"3-1\",\"odds\":\"21.00\",\"header\":\"Home\"},{\"opp\":\"3-1\",\"odds\":\"29.00\",\"header\":\"Away\"},{\"opp\":\"3-2\",\"odds\":\"34.00\",\"header\":\"Home\"},{\"opp\":\"3-2\",\"odds\":\"41.00\",\"header\":\"Away\"},{\"opp\":\"4-0\",\"odds\":\"41.00\",\"header\":\"Home\"},{\"opp\":\"4-0\",\"odds\":\"81.00\",\"header\":\"Away\"},{\"opp\":\"4-1\",\"odds\":\"41.00\",\"header\":\"Home\"},{\"opp\":\"4-1\",\"odds\":\"67.00\",\"header\":\"Away\"},{\"opp\":\"4-2\",\"odds\":\"67.00\",\"header\":\"Home\"},{\"opp\":\"4-2\",\"odds\":\"101.00\",\"header\":\"Away\"},{\"opp\":\"4-3\",\"odds\":\"151.00\",\"header\":\"Home\"},{\"opp\":\"5-0\",\"odds\":\"101.00\",\"header\":\"Home\"},{\"opp\":\"5-1\",\"odds\":\"101.00\",\"header\":\"Home\"}],\"half_time_full_time\":[{\"opp\":\"NK Osijek - NK Osijek\",\"odds\":\"3.75\"},{\"opp\":\"NK Osijek - Draw\",\"odds\":\"15.00\"},{\"opp\":\"NK Osijek - Rangers\",\"odds\":\"34.00\"},{\"opp\":\"Draw - NK Osijek\",\"odds\":\"5.50\"},{\"opp\":\"Draw - Draw\",\"odds\":\"4.75\"},{\"opp\":\"Draw - Rangers\",\"odds\":\"7.00\"},{\"opp\":\"Rangers - NK Osijek\",\"odds\":\"29.00\"},{\"opp\":\"Rangers - Draw\",\"odds\":\"15.00\"},{\"opp\":\"Rangers - Rangers\",\"odds\":\"5.50\"}],\"goals_over_under\":[{\"goals\":\"2.5\",\"odds\":\"2.25\",\"header\":\"Over\"},{\"goals\":\"2.5\",\"odds\":\"1.62\",\"header\":\"Under\"}],\"both_teams_to_score\":[{\"opp\":\"Yes\",\"odds\":\"2.00\"},{\"opp\":\"No\",\"odds\":\"1.73\"}],\"goalscorers\":[{\"name\":\"Alfredo Morelos\",\"odds\":\"6.00\",\"header\":\"First\"},{\"name\":\"Alfredo Morelos\",\"odds\":\"6.00\",\"header\":\"Last\"},{\"name\":\"Alfredo Morelos\",\"odds\":\"2.75\",\"header\":\"Anytime\"},{\"name\":\"Ezekiel Henty\",\"odds\":\"6.50\",\"header\":\"First\"},{\"name\":\"Ezekiel Henty\",\"odds\":\"6.50\",\"header\":\"Last\"},{\"name\":\"Ezekiel Henty\",\"odds\":\"3.00\",\"header\":\"Anytime\"},{\"name\":\"Mirlind Daku\",\"odds\":\"6.50\",\"header\":\"First\"},{\"name\":\"Mirlind Daku\",\"odds\":\"6.50\",\"header\":\"Last\"},{\"name\":\"Mirlind Daku\",\"odds\":\"3.00\",\"header\":\"Anytime\"},{\"name\":\"Gabriel Boban\",\"odds\":\"7.50\",\"header\":\"First\"},{\"name\":\"Gabriel Boban\",\"odds\":\"7.50\",\"header\":\"Last\"},{\"name\":\"Gabriel Boban\",\"odds\":\"3.40\",\"header\":\"Anytime\"},{\"name\":\"Mirko Maric\",\"odds\":\"7.50\",\"header\":\"First\"},{\"name\":\"Mirko Maric\",\"odds\":\"7.50\",\"header\":\"Last\"},{\"name\":\"Mirko Maric\",\"odds\":\"3.40\",\"header\":\"Anytime\"},{\"name\":\"Muzafer Ejupi\",\"odds\":\"7.50\",\"header\":\"First\"},{\"name\":\"Muzafer Ejupi\",\"odds\":\"7.50\",\"header\":\"Last\"},{\"name\":\"Muzafer Ejupi\",\"odds\":\"3.40\",\"header\":\"Anytime\"},{\"name\":\"Eros Grezda\",\"odds\":\"10.00\",\"header\":\"First\"},{\"name\":\"Eros Grezda\",\"odds\":\"10.00\",\"header\":\"Last\"},{\"name\":\"Eros Grezda\",\"odds\":\"4.50\",\"header\":\"Anytime\"},{\"name\":\"Josh Windass\",\"odds\":\"10.00\",\"header\":\"First\"},{\"name\":\"Josh Windass\",\"odds\":\"10.00\",\"header\":\"Last\"},{\"name\":\"Josh Windass\",\"odds\":\"4.50\",\"header\":\"Anytime\"},{\"name\":\"Karlo Kamenar\",\"odds\":\"10.00\",\"header\":\"First\"},{\"name\":\"Karlo Kamenar\",\"odds\":\"10.00\",\"header\":\"Last\"},{\"name\":\"Karlo Kamenar\",\"odds\":\"4.50\",\"header\":\"Anytime\"},{\"name\":\"Marko Pervan\",\"odds\":\"10.00\",\"header\":\"First\"},{\"name\":\"Marko Pervan\",\"odds\":\"10.00\",\"header\":\"Last\"},{\"name\":\"Marko Pervan\",\"odds\":\"4.50\",\"header\":\"Anytime\"},{\"name\":\"Petar Bockaj\",\"odds\":\"10.00\",\"header\":\"First\"},{\"name\":\"Petar Bockaj\",\"odds\":\"10.00\",\"header\":\"Last\"},{\"name\":\"Petar Bockaj\",\"odds\":\"4.50\",\"header\":\"Anytime\"},{\"name\":\"Graham Dorrans\",\"odds\":\"11.00\",\"header\":\"First\"},{\"name\":\"Graham Dorrans\",\"odds\":\"11.00\",\"header\":\"Last\"},{\"name\":\"Graham Dorrans\",\"odds\":\"4.75\",\"header\":\"Anytime\"},{\"name\":\"Jamie Murphy\",\"odds\":\"11.00\",\"header\":\"First\"},{\"name\":\"Jamie Murphy\",\"odds\":\"11.00\",\"header\":\"Last\"},{\"name\":\"Jamie Murphy\",\"odds\":\"4.75\",\"header\":\"Anytime\"},{\"name\":\"Ryan Kent\",\"odds\":\"12.00\",\"header\":\"First\"},{\"name\":\"Ryan Kent\",\"odds\":\"12.00\",\"header\":\"Last\"},{\"name\":\"Ryan Kent\",\"odds\":\"5.00\",\"header\":\"Anytime\"},{\"name\":\"Dmytro Lyopa\",\"odds\":\"15.00\",\"header\":\"First\"},{\"name\":\"Dmytro Lyopa\",\"odds\":\"15.00\",\"header\":\"Last\"},{\"name\":\"Dmytro Lyopa\",\"odds\":\"6.50\",\"header\":\"Anytime\"},{\"name\":\"Domagoj Pusic\",\"odds\":\"15.00\",\"header\":\"First\"},{\"name\":\"Domagoj Pusic\",\"odds\":\"15.00\",\"header\":\"Last\"},{\"name\":\"Domagoj Pusic\",\"odds\":\"6.50\",\"header\":\"Anytime\"},{\"name\":\"Haris Hajradinovic\",\"odds\":\"15.00\",\"header\":\"First\"},{\"name\":\"Haris Hajradinovic\",\"odds\":\"15.00\",\"header\":\"Last\"},{\"name\":\"Haris Hajradinovic\",\"odds\":\"6.50\",\"header\":\"Anytime\"},{\"name\":\"James Tavernier\",\"odds\":\"15.00\",\"header\":\"First\"},{\"name\":\"James Tavernier\",\"odds\":\"15.00\",\"header\":\"Last\"},{\"name\":\"James Tavernier\",\"odds\":\"6.50\",\"header\":\"Anytime\"},{\"name\":\"Mile Skoric\",\"odds\":\"15.00\",\"header\":\"First\"},{\"name\":\"Mile Skoric\",\"odds\":\"15.00\",\"header\":\"Last\"},{\"name\":\"Mile Skoric\",\"odds\":\"6.50\",\"header\":\"Anytime\"},{\"name\":\"Robert Mudrazija\",\"odds\":\"15.00\",\"header\":\"First\"},{\"name\":\"Robert Mudrazija\",\"odds\":\"15.00\",\"header\":\"Last\"},{\"name\":\"Robert Mudrazija\",\"odds\":\"6.50\",\"header\":\"Anytime\"},{\"name\":\"Scott Arfield\",\"odds\":\"15.00\",\"header\":\"First\"},{\"name\":\"Scott Arfield\",\"odds\":\"15.00\",\"header\":\"Last\"},{\"name\":\"Scott Arfield\",\"odds\":\"6.50\",\"header\":\"Anytime\"},{\"name\":\"Tomislav Sorsa\",\"odds\":\"15.00\",\"header\":\"First\"},{\"name\":\"Tomislav Sorsa\",\"odds\":\"15.00\",\"header\":\"Last\"},{\"name\":\"Tomislav Sorsa\",\"odds\":\"6.50\",\"header\":\"Anytime\"},{\"name\":\"Daniel Candeias\",\"odds\":\"17.00\",\"header\":\"First\"},{\"name\":\"Daniel Candeias\",\"odds\":\"17.00\",\"header\":\"Last\"},{\"name\":\"Daniel Candeias\",\"odds\":\"7.00\",\"header\":\"Anytime\"},{\"name\":\"Glenn Middleton\",\"odds\":\"17.00\",\"header\":\"First\"},{\"name\":\"Glenn Middleton\",\"odds\":\"17.00\",\"header\":\"Last\"},{\"name\":\"Glenn Middleton\",\"odds\":\"7.00\",\"header\":\"Anytime\"},{\"name\":\"Andy Halliday\",\"odds\":\"19.00\",\"header\":\"First\"},{\"name\":\"Andy Halliday\",\"odds\":\"19.00\",\"header\":\"Last\"},{\"name\":\"Andy Halliday\",\"odds\":\"8.00\",\"header\":\"Anytime\"},{\"name\":\"Benedikt Mioc\",\"odds\":\"19.00\",\"header\":\"First\"},{\"name\":\"Benedikt Mioc\",\"odds\":\"19.00\",\"header\":\"Last\"},{\"name\":\"Benedikt Mioc\",\"odds\":\"8.00\",\"header\":\"Anytime\"},{\"name\":\"Oviemuno Ejaria\",\"odds\":\"19.00\",\"header\":\"First\"},{\"name\":\"Oviemuno Ejaria\",\"odds\":\"19.00\",\"header\":\"Last\"},{\"name\":\"Oviemuno Ejaria\",\"odds\":\"8.00\",\"header\":\"Anytime\"},{\"name\":\"Lassana Coulibaly\",\"odds\":\"23.00\",\"header\":\"First\"},{\"name\":\"Lassana Coulibaly\",\"odds\":\"23.00\",\"header\":\"Last\"},{\"name\":\"Lassana Coulibaly\",\"odds\":\"10.00\",\"header\":\"Anytime\"},{\"name\":\"Ryan Jack\",\"odds\":\"23.00\",\"header\":\"First\"},{\"name\":\"Ryan Jack\",\"odds\":\"23.00\",\"header\":\"Last\"},{\"name\":\"Ryan Jack\",\"odds\":\"10.00\",\"header\":\"Anytime\"},{\"name\":\"Borna Barisic\",\"odds\":\"29.00\",\"header\":\"First\"},{\"name\":\"Borna Barisic\",\"odds\":\"29.00\",\"header\":\"Last\"},{\"name\":\"Borna Barisic\",\"odds\":\"13.00\",\"header\":\"Anytime\"},{\"name\":\"Ross McCrorie\",\"odds\":\"29.00\",\"header\":\"First\"},{\"name\":\"Ross McCrorie\",\"odds\":\"29.00\",\"header\":\"Last\"},{\"name\":\"Ross McCrorie\",\"odds\":\"13.00\",\"header\":\"Anytime\"},{\"name\":\"Stjepan Radeljic\",\"odds\":\"29.00\",\"header\":\"First\"},{\"name\":\"Stjepan Radeljic\",\"odds\":\"29.00\",\"header\":\"Last\"},{\"name\":\"Stjepan Radeljic\",\"odds\":\"13.00\",\"header\":\"Anytime\"},{\"name\":\"Connor Goldson\",\"odds\":\"34.00\",\"header\":\"First\"},{\"name\":\"Connor Goldson\",\"odds\":\"34.00\",\"header\":\"Last\"},{\"name\":\"Connor Goldson\",\"odds\":\"15.00\",\"header\":\"Anytime\"},{\"name\":\"Declan John\",\"odds\":\"34.00\",\"header\":\"First\"},{\"name\":\"Declan John\",\"odds\":\"34.00\",\"header\":\"Last\"},{\"name\":\"Declan John\",\"odds\":\"15.00\",\"header\":\"Anytime\"},{\"name\":\"Nikola Katic\",\"odds\":\"34.00\",\"header\":\"First\"},{\"name\":\"Nikola Katic\",\"odds\":\"34.00\",\"header\":\"Last\"},{\"name\":\"Nikola Katic\",\"odds\":\"15.00\",\"header\":\"Anytime\"},{\"name\":\"Jon Flanagan\",\"odds\":\"41.00\",\"header\":\"First\"},{\"name\":\"Jon Flanagan\",\"odds\":\"41.00\",\"header\":\"Last\"},{\"name\":\"Jon Flanagan\",\"odds\":\"19.00\",\"header\":\"Anytime\"},{\"name\":\"No Goalscorer\",\"odds\":\"8.00\",\"header\":\"First\"},{\"name\":\"No Goalscorer\",\"odds\":\"8.00\",\"header\":\"Last\"}],\"multi_scorers\":[{\"name\":\"Alfredo Morelos\",\"odds\":\"12.00\",\"header\":\"2 or More\"},{\"name\":\"Alfredo Morelos\",\"odds\":\"51.00\",\"header\":\"3 or More\"},{\"name\":\"Ezekiel Henty\",\"odds\":\"13.00\",\"header\":\"2 or More\"},{\"name\":\"Ezekiel Henty\",\"odds\":\"67.00\",\"header\":\"3 or More\"},{\"name\":\"Mirlind Daku\",\"odds\":\"13.00\",\"header\":\"2 or More\"},{\"name\":\"Mirlind Daku\",\"odds\":\"67.00\",\"header\":\"3 or More\"},{\"name\":\"Gabriel Boban\",\"odds\":\"17.00\",\"header\":\"2 or More\"},{\"name\":\"Gabriel Boban\",\"odds\":\"101.00\",\"header\":\"3 or More\"},{\"name\":\"Mirko Maric\",\"odds\":\"17.00\",\"header\":\"2 or More\"},{\"name\":\"Mirko Maric\",\"odds\":\"101.00\",\"header\":\"3 or More\"},{\"name\":\"Muzafer Ejupi\",\"odds\":\"17.00\",\"header\":\"2 or More\"},{\"name\":\"Muzafer Ejupi\",\"odds\":\"101.00\",\"header\":\"3 or More\"},{\"name\":\"Eros Grezda\",\"odds\":\"29.00\",\"header\":\"2 or More\"},{\"name\":\"Eros Grezda\",\"odds\":\"101.00\",\"header\":\"3 or More\"},{\"name\":\"Josh Windass\",\"odds\":\"29.00\",\"header\":\"2 or More\"},{\"name\":\"Josh Windass\",\"odds\":\"101.00\",\"header\":\"3 or More\"},{\"name\":\"Karlo Kamenar\",\"odds\":\"29.00\",\"header\":\"2 or More\"},{\"name\":\"Karlo Kamenar\",\"odds\":\"101.00\",\"header\":\"3 or More\"},{\"name\":\"Marko Pervan\",\"odds\":\"29.00\",\"header\":\"2 or More\"},{\"name\":\"Marko Pervan\",\"odds\":\"101.00\",\"header\":\"3 or More\"},{\"name\":\"Petar Bockaj\",\"odds\":\"29.00\",\"header\":\"2 or More\"},{\"name\":\"Petar Bockaj\",\"odds\":\"101.00\",\"header\":\"3 or More\"},{\"name\":\"Graham Dorrans\",\"odds\":\"34.00\",\"header\":\"2 or More\"},{\"name\":\"Graham Dorrans\",\"odds\":\"126.00\",\"header\":\"3 or More\"},{\"name\":\"Jamie Murphy\",\"odds\":\"34.00\",\"header\":\"2 or More\"},{\"name\":\"Jamie Murphy\",\"odds\":\"126.00\",\"header\":\"3 or More\"},{\"name\":\"Ryan Kent\",\"odds\":\"41.00\",\"header\":\"2 or More\"},{\"name\":\"Ryan Kent\",\"odds\":\"126.00\",\"header\":\"3 or More\"},{\"name\":\"Dmytro Lyopa\",\"odds\":\"51.00\",\"header\":\"2 or More\"},{\"name\":\"Dmytro Lyopa\",\"odds\":\"201.00\",\"header\":\"3 or More\"},{\"name\":\"Domagoj Pusic\",\"odds\":\"51.00\",\"header\":\"2 or More\"},{\"name\":\"Domagoj Pusic\",\"odds\":\"201.00\",\"header\":\"3 or More\"},{\"name\":\"Haris Hajradinovic\",\"odds\":\"51.00\",\"header\":\"2 or More\"},{\"name\":\"Haris Hajradinovic\",\"odds\":\"201.00\",\"header\":\"3 or More\"},{\"name\":\"James Tavernier\",\"odds\":\"51.00\",\"header\":\"2 or More\"},{\"name\":\"James Tavernier\",\"odds\":\"201.00\",\"header\":\"3 or More\"},{\"name\":\"Mile Skoric\",\"odds\":\"51.00\",\"header\":\"2 or More\"},{\"name\":\"Mile Skoric\",\"odds\":\"201.00\",\"header\":\"3 or More\"},{\"name\":\"Robert Mudrazija\",\"odds\":\"51.00\",\"header\":\"2 or More\"},{\"name\":\"Robert Mudrazija\",\"odds\":\"201.00\",\"header\":\"3 or More\"},{\"name\":\"Scott Arfield\",\"odds\":\"51.00\",\"header\":\"2 or More\"},{\"name\":\"Scott Arfield\",\"odds\":\"201.00\",\"header\":\"3 or More\"},{\"name\":\"Tomislav Sorsa\",\"odds\":\"51.00\",\"header\":\"2 or More\"},{\"name\":\"Tomislav Sorsa\",\"odds\":\"201.00\",\"header\":\"3 or More\"},{\"name\":\"Andy Halliday\",\"odds\":\"81.00\",\"header\":\"2 or More\"},{\"name\":\"Andy Halliday\",\"odds\":\"301.00\",\"header\":\"3 or More\"},{\"name\":\"Benedikt Mioc\",\"odds\":\"81.00\",\"header\":\"2 or More\"},{\"name\":\"Benedikt Mioc\",\"odds\":\"301.00\",\"header\":\"3 or More\"},{\"name\":\"Daniel Candeias\",\"odds\":\"81.00\",\"header\":\"2 or More\"},{\"name\":\"Daniel Candeias\",\"odds\":\"251.00\",\"header\":\"3 or More\"},{\"name\":\"Glenn Middleton\",\"odds\":\"81.00\",\"header\":\"2 or More\"},{\"name\":\"Glenn Middleton\",\"odds\":\"251.00\",\"header\":\"3 or More\"},{\"name\":\"Oviemuno Ejaria\",\"odds\":\"81.00\",\"header\":\"2 or More\"},{\"name\":\"Oviemuno Ejaria\",\"odds\":\"301.00\",\"header\":\"3 or More\"},{\"name\":\"Lassana Coulibaly\",\"odds\":\"101.00\",\"header\":\"2 or More\"},{\"name\":\"Lassana Coulibaly\",\"odds\":\"501.00\",\"header\":\"3 or More\"},{\"name\":\"Ryan Jack\",\"odds\":\"101.00\",\"header\":\"2 or More\"},{\"name\":\"Ryan Jack\",\"odds\":\"501.00\",\"header\":\"3 or More\"},{\"name\":\"Borna Barisic\",\"odds\":\"126.00\",\"header\":\"2 or More\"},{\"name\":\"Borna Barisic\",\"odds\":\"501.00\",\"header\":\"3 or More\"},{\"name\":\"Connor Goldson\",\"odds\":\"126.00\",\"header\":\"2 or More\"},{\"name\":\"Connor Goldson\",\"odds\":\"501.00\",\"header\":\"3 or More\"},{\"name\":\"Declan John\",\"odds\":\"126.00\",\"header\":\"2 or More\"},{\"name\":\"Declan John\",\"odds\":\"501.00\",\"header\":\"3 or More\"},{\"name\":\"Nikola Katic\",\"odds\":\"126.00\",\"header\":\"2 or More\"},{\"name\":\"Nikola Katic\",\"odds\":\"501.00\",\"header\":\"3 or More\"},{\"name\":\"Ross McCrorie\",\"odds\":\"126.00\",\"header\":\"2 or More\"},{\"name\":\"Ross McCrorie\",\"odds\":\"501.00\",\"header\":\"3 or More\"},{\"name\":\"Stjepan Radeljic\",\"odds\":\"126.00\",\"header\":\"2 or More\"},{\"name\":\"Stjepan Radeljic\",\"odds\":\"501.00\",\"header\":\"3 or More\"},{\"name\":\"Jon Flanagan\",\"odds\":\"151.00\",\"header\":\"2 or More\"},{\"name\":\"Jon Flanagan\",\"odds\":\"501.00\",\"header\":\"3 or More\"}],\"asian_handicap\":[{\"opp\":\"0.0, -0.5\",\"odds\":\"1.925\",\"header\":\"Home\"},{\"opp\":\"0.0, +0.5\",\"odds\":\"1.875\",\"header\":\"Away\"}],\"goal_line\":[{\"goals\":\"2.0, 2.5\",\"odds\":\"2.000\",\"header\":\"Over\"},{\"goals\":\"2.0, 2.5\",\"odds\":\"1.800\",\"header\":\"Under\"}],\"alternative_asian_handicap\":[{\"opp\":\"-1.5, -2.0\",\"odds\":\"5.900\",\"header\":\"Home\"},{\"opp\":\"+1.5, +2.0\",\"odds\":\"1.130\",\"header\":\"Away\"},{\"opp\":\"-1.5\",\"odds\":\"4.400\",\"header\":\"Home\"},{\"opp\":\"+1.5\",\"odds\":\"1.200\",\"header\":\"Away\"},{\"opp\":\"-1.0, -1.5\",\"odds\":\"3.900\",\"header\":\"Home\"},{\"opp\":\"+1.0, +1.5\",\"odds\":\"1.240\",\"header\":\"Away\"},{\"opp\":\"-1.0\",\"odds\":\"3.450\",\"header\":\"Home\"},{\"opp\":\"+1.0\",\"odds\":\"1.300\",\"header\":\"Away\"},{\"opp\":\"-0.5, -1.0\",\"odds\":\"2.600\",\"header\":\"Home\"},{\"opp\":\"+0.5, +1.0\",\"odds\":\"1.475\",\"header\":\"Away\"},{\"opp\":\"-0.5\",\"odds\":\"2.200\",\"header\":\"Home\"},{\"opp\":\"+0.5\",\"odds\":\"1.650\",\"header\":\"Away\"},{\"opp\":\"0.0\",\"odds\":\"1.600\",\"header\":\"Home\"},{\"opp\":\"0.0\",\"odds\":\"2.300\",\"header\":\"Away\"},{\"opp\":\"0.0, +0.5\",\"odds\":\"1.450\",\"header\":\"Home\"},{\"opp\":\"0.0, -0.5\",\"odds\":\"2.675\",\"header\":\"Away\"},{\"opp\":\"+0.5\",\"odds\":\"1.350\",\"header\":\"Home\"},{\"opp\":\"-0.5\",\"odds\":\"3.100\",\"header\":\"Away\"},{\"opp\":\"+0.5, +1.0\",\"odds\":\"1.240\",\"header\":\"Home\"},{\"opp\":\"-0.5, -1.0\",\"odds\":\"3.900\",\"header\":\"Away\"},{\"opp\":\"+1.0\",\"odds\":\"1.125\",\"header\":\"Home\"},{\"opp\":\"-1.0\",\"odds\":\"6.000\",\"header\":\"Away\"},{\"opp\":\"+1.0, +1.5\",\"odds\":\"1.110\",\"header\":\"Home\"},{\"opp\":\"-1.0, -1.5\",\"odds\":\"6.600\",\"header\":\"Away\"}],\"alternative_goal_line\":[{\"goals\":\"0.5, 1.0\",\"odds\":\"1.100\",\"header\":\"Over\"},{\"goals\":\"0.5, 1.0\",\"odds\":\"7.000\",\"header\":\"Under\"},{\"goals\":\"1.0\",\"odds\":\"1.120\",\"header\":\"Over\"},{\"goals\":\"1.0\",\"odds\":\"6.250\",\"header\":\"Under\"},{\"goals\":\"1.0, 1.5\",\"odds\":\"1.260\",\"header\":\"Over\"},{\"goals\":\"1.0, 1.5\",\"odds\":\"3.700\",\"header\":\"Under\"},{\"goals\":\"1.5\",\"odds\":\"1.425\",\"header\":\"Over\"},{\"goals\":\"1.5\",\"odds\":\"2.750\",\"header\":\"Under\"},{\"goals\":\"1.5, 2.0\",\"odds\":\"1.525\",\"header\":\"Over\"},{\"goals\":\"1.5, 2.0\",\"odds\":\"2.425\",\"header\":\"Under\"},{\"goals\":\"2.0\",\"odds\":\"1.700\",\"header\":\"Over\"},{\"goals\":\"2.0\",\"odds\":\"2.100\",\"header\":\"Under\"},{\"goals\":\"2.5\",\"odds\":\"2.250\",\"header\":\"Over\"},{\"goals\":\"2.5\",\"odds\":\"1.625\",\"header\":\"Under\"},{\"goals\":\"2.5, 3.0\",\"odds\":\"2.675\",\"header\":\"Over\"},{\"goals\":\"2.5, 3.0\",\"odds\":\"1.450\",\"header\":\"Under\"},{\"goals\":\"3.0\",\"odds\":\"3.450\",\"header\":\"Over\"},{\"goals\":\"3.0\",\"odds\":\"1.300\",\"header\":\"Under\"},{\"goals\":\"3.0, 3.5\",\"odds\":\"3.700\",\"header\":\"Over\"},{\"goals\":\"3.0, 3.5\",\"odds\":\"1.260\",\"header\":\"Under\"},{\"goals\":\"3.5\",\"odds\":\"4.150\",\"header\":\"Over\"},{\"goals\":\"3.5\",\"odds\":\"1.220\",\"header\":\"Under\"},{\"goals\":\"3.5, 4.0\",\"odds\":\"5.500\",\"header\":\"Over\"},{\"goals\":\"3.5, 4.0\",\"odds\":\"1.150\",\"header\":\"Under\"}],\"draw_no_bet\":[{\"opp\":\"NK Osijek\",\"odds\":\"1.57\"},{\"opp\":\"Rangers\",\"odds\":\"2.25\"}],\"result_both_teams_to_score\":[{\"name\":\"NK Osijek\",\"odds\":\"5.50\",\"header\":\"Yes\"},{\"name\":\"NK Osijek\",\"odds\":\"3.50\",\"header\":\"No\"},{\"name\":\"Rangers\",\"odds\":\"7.50\",\"header\":\"Yes\"},{\"name\":\"Rangers\",\"odds\":\"5.00\",\"header\":\"No\"},{\"name\":\"Draw\",\"odds\":\"4.75\",\"header\":\"Yes\"},{\"name\":\"Draw\",\"odds\":\"8.00\",\"header\":\"No\"}],\"handicap_result\":[{\"opp\":\"NK Osijek (-1)\",\"odds\":\"4.33\"},{\"opp\":\"Tie - (Rangers +1)\",\"odds\":\"4.00\"},{\"opp\":\"Rangers (+1)\",\"odds\":\"1.57\"}],\"alternative_handicap_result\":[{\"opp\":\"-3.0\",\"odds\":\"17.00\",\"header\":\"Home\"},{\"opp\":\"+3.0\",\"odds\":\"11.00\",\"header\":\"Tie\"},{\"opp\":\"+3.0\",\"odds\":\"1.05\",\"header\":\"Away\"},{\"opp\":\"-2.0\",\"odds\":\"9.50\",\"header\":\"Home\"},{\"opp\":\"+2.0\",\"odds\":\"6.50\",\"header\":\"Tie\"},{\"opp\":\"+2.0\",\"odds\":\"1.18\",\"header\":\"Away\"},{\"opp\":\"+1.0\",\"odds\":\"1.36\",\"header\":\"Home\"},{\"opp\":\"-1.0\",\"odds\":\"4.75\",\"header\":\"Tie\"},{\"opp\":\"-1.0\",\"odds\":\"7.00\",\"header\":\"Away\"},{\"opp\":\"+2.0\",\"odds\":\"1.07\",\"header\":\"Home\"},{\"opp\":\"-2.0\",\"odds\":\"8.50\",\"header\":\"Tie\"},{\"opp\":\"-2.0\",\"odds\":\"15.00\",\"header\":\"Away\"}],\"winning_margin\":[{\"goals\":\" 1\",\"odds\":\"4.00\",\"header\":\"Home\"},{\"goals\":\" 1\",\"odds\":\"4.75\",\"header\":\"Away\"},{\"goals\":\" 2\",\"odds\":\"6.50\",\"header\":\"Home\"},{\"goals\":\" 2\",\"odds\":\"8.50\",\"header\":\"Away\"},{\"goals\":\" 3\",\"odds\":\"11.00\",\"header\":\"Home\"},{\"goals\":\" 3\",\"odds\":\"29.00\",\"header\":\"Away\"},{\"goals\":\" 4+\",\"odds\":\"17.00\",\"header\":\"Home\"},{\"goals\":\" 4+\",\"odds\":\"51.00\",\"header\":\"Away\"},{\"goals\":\"Score Draw\",\"odds\":\"4.75\",\"header\":\"Home\"},{\"goals\":\"No Goal\",\"odds\":\"8.00\",\"header\":\"Home\"}]}},\"player\":{\"updated_at\":\"1532570069\",\"sp\":{\"goalscorers\":[{\"name\":\"Alfredo Morelos\",\"odds\":\"6.00\",\"header\":\"First\"},{\"name\":\"Alfredo Morelos\",\"odds\":\"6.00\",\"header\":\"Last\"},{\"name\":\"Alfredo Morelos\",\"odds\":\"2.75\",\"header\":\"Anytime\"},{\"name\":\"Ezekiel Henty\",\"odds\":\"6.50\",\"header\":\"First\"},{\"name\":\"Ezekiel Henty\",\"odds\":\"6.50\",\"header\":\"Last\"},{\"name\":\"Ezekiel Henty\",\"odds\":\"3.00\",\"header\":\"Anytime\"},{\"name\":\"Mirlind Daku\",\"odds\":\"6.50\",\"header\":\"First\"},{\"name\":\"Mirlind Daku\",\"odds\":\"6.50\",\"header\":\"Last\"},{\"name\":\"Mirlind Daku\",\"odds\":\"3.00\",\"header\":\"Anytime\"},{\"name\":\"Gabriel Boban\",\"odds\":\"7.50\",\"header\":\"First\"},{\"name\":\"Gabriel Boban\",\"odds\":\"7.50\",\"header\":\"Last\"},{\"name\":\"Gabriel Boban\",\"odds\":\"3.40\",\"header\":\"Anytime\"},{\"name\":\"Mirko Maric\",\"odds\":\"7.50\",\"header\":\"First\"},{\"name\":\"Mirko Maric\",\"odds\":\"7.50\",\"header\":\"Last\"},{\"name\":\"Mirko Maric\",\"odds\":\"3.40\",\"header\":\"Anytime\"},{\"name\":\"Muzafer Ejupi\",\"odds\":\"7.50\",\"header\":\"First\"},{\"name\":\"Muzafer Ejupi\",\"odds\":\"7.50\",\"header\":\"Last\"},{\"name\":\"Muzafer Ejupi\",\"odds\":\"3.40\",\"header\":\"Anytime\"},{\"name\":\"Eros Grezda\",\"odds\":\"10.00\",\"header\":\"First\"},{\"name\":\"Eros Grezda\",\"odds\":\"10.00\",\"header\":\"Last\"},{\"name\":\"Eros Grezda\",\"odds\":\"4.50\",\"header\":\"Anytime\"},{\"name\":\"Josh Windass\",\"odds\":\"10.00\",\"header\":\"First\"},{\"name\":\"Josh Windass\",\"odds\":\"10.00\",\"header\":\"Last\"},{\"name\":\"Josh Windass\",\"odds\":\"4.50\",\"header\":\"Anytime\"},{\"name\":\"Karlo Kamenar\",\"odds\":\"10.00\",\"header\":\"First\"},{\"name\":\"Karlo Kamenar\",\"odds\":\"10.00\",\"header\":\"Last\"},{\"name\":\"Karlo Kamenar\",\"odds\":\"4.50\",\"header\":\"Anytime\"},{\"name\":\"Marko Pervan\",\"odds\":\"10.00\",\"header\":\"First\"},{\"name\":\"Marko Pervan\",\"odds\":\"10.00\",\"header\":\"Last\"},{\"name\":\"Marko Pervan\",\"odds\":\"4.50\",\"header\":\"Anytime\"},{\"name\":\"Petar Bockaj\",\"odds\":\"10.00\",\"header\":\"First\"},{\"name\":\"Petar Bockaj\",\"odds\":\"10.00\",\"header\":\"Last\"},{\"name\":\"Petar Bockaj\",\"odds\":\"4.50\",\"header\":\"Anytime\"},{\"name\":\"Graham Dorrans\",\"odds\":\"11.00\",\"header\":\"First\"},{\"name\":\"Graham Dorrans\",\"odds\":\"11.00\",\"header\":\"Last\"},{\"name\":\"Graham Dorrans\",\"odds\":\"4.75\",\"header\":\"Anytime\"},{\"name\":\"Jamie Murphy\",\"odds\":\"11.00\",\"header\":\"First\"},{\"name\":\"Jamie Murphy\",\"odds\":\"11.00\",\"header\":\"Last\"},{\"name\":\"Jamie Murphy\",\"odds\":\"4.75\",\"header\":\"Anytime\"},{\"name\":\"Ryan Kent\",\"odds\":\"12.00\",\"header\":\"First\"},{\"name\":\"Ryan Kent\",\"odds\":\"12.00\",\"header\":\"Last\"},{\"name\":\"Ryan Kent\",\"odds\":\"5.00\",\"header\":\"Anytime\"},{\"name\":\"Dmytro Lyopa\",\"odds\":\"15.00\",\"header\":\"First\"},{\"name\":\"Dmytro Lyopa\",\"odds\":\"15.00\",\"header\":\"Last\"},{\"name\":\"Dmytro Lyopa\",\"odds\":\"6.50\",\"header\":\"Anytime\"},{\"name\":\"Domagoj Pusic\",\"odds\":\"15.00\",\"header\":\"First\"},{\"name\":\"Domagoj Pusic\",\"odds\":\"15.00\",\"header\":\"Last\"},{\"name\":\"Domagoj Pusic\",\"odds\":\"6.50\",\"header\":\"Anytime\"},{\"name\":\"Haris Hajradinovic\",\"odds\":\"15.00\",\"header\":\"First\"},{\"name\":\"Haris Hajradinovic\",\"odds\":\"15.00\",\"header\":\"Last\"},{\"name\":\"Haris Hajradinovic\",\"odds\":\"6.50\",\"header\":\"Anytime\"},{\"name\":\"James Tavernier\",\"odds\":\"15.00\",\"header\":\"First\"},{\"name\":\"James Tavernier\",\"odds\":\"15.00\",\"header\":\"Last\"},{\"name\":\"James Tavernier\",\"odds\":\"6.50\",\"header\":\"Anytime\"},{\"name\":\"Mile Skoric\",\"odds\":\"15.00\",\"header\":\"First\"},{\"name\":\"Mile Skoric\",\"odds\":\"15.00\",\"header\":\"Last\"},{\"name\":\"Mile Skoric\",\"odds\":\"6.50\",\"header\":\"Anytime\"},{\"name\":\"Robert Mudrazija\",\"odds\":\"15.00\",\"header\":\"First\"},{\"name\":\"Robert Mudrazija\",\"odds\":\"15.00\",\"header\":\"Last\"},{\"name\":\"Robert Mudrazija\",\"odds\":\"6.50\",\"header\":\"Anytime\"},{\"name\":\"Scott Arfield\",\"odds\":\"15.00\",\"header\":\"First\"},{\"name\":\"Scott Arfield\",\"odds\":\"15.00\",\"header\":\"Last\"},{\"name\":\"Scott Arfield\",\"odds\":\"6.50\",\"header\":\"Anytime\"},{\"name\":\"Tomislav Sorsa\",\"odds\":\"15.00\",\"header\":\"First\"},{\"name\":\"Tomislav Sorsa\",\"odds\":\"15.00\",\"header\":\"Last\"},{\"name\":\"Tomislav Sorsa\",\"odds\":\"6.50\",\"header\":\"Anytime\"},{\"name\":\"Daniel Candeias\",\"odds\":\"17.00\",\"header\":\"First\"},{\"name\":\"Daniel Candeias\",\"odds\":\"17.00\",\"header\":\"Last\"},{\"name\":\"Daniel Candeias\",\"odds\":\"7.00\",\"header\":\"Anytime\"},{\"name\":\"Glenn Middleton\",\"odds\":\"17.00\",\"header\":\"First\"},{\"name\":\"Glenn Middleton\",\"odds\":\"17.00\",\"header\":\"Last\"},{\"name\":\"Glenn Middleton\",\"odds\":\"7.00\",\"header\":\"Anytime\"},{\"name\":\"Andy Halliday\",\"odds\":\"19.00\",\"header\":\"First\"},{\"name\":\"Andy Halliday\",\"odds\":\"19.00\",\"header\":\"Last\"},{\"name\":\"Andy Halliday\",\"odds\":\"8.00\",\"header\":\"Anytime\"},{\"name\":\"Benedikt Mioc\",\"odds\":\"19.00\",\"header\":\"First\"},{\"name\":\"Benedikt Mioc\",\"odds\":\"19.00\",\"header\":\"Last\"},{\"name\":\"Benedikt Mioc\",\"odds\":\"8.00\",\"header\":\"Anytime\"},{\"name\":\"Oviemuno Ejaria\",\"odds\":\"19.00\",\"header\":\"First\"},{\"name\":\"Oviemuno Ejaria\",\"odds\":\"19.00\",\"header\":\"Last\"},{\"name\":\"Oviemuno Ejaria\",\"odds\":\"8.00\",\"header\":\"Anytime\"},{\"name\":\"Lassana Coulibaly\",\"odds\":\"23.00\",\"header\":\"First\"},{\"name\":\"Lassana Coulibaly\",\"odds\":\"23.00\",\"header\":\"Last\"},{\"name\":\"Lassana Coulibaly\",\"odds\":\"10.00\",\"header\":\"Anytime\"},{\"name\":\"Ryan Jack\",\"odds\":\"23.00\",\"header\":\"First\"},{\"name\":\"Ryan Jack\",\"odds\":\"23.00\",\"header\":\"Last\"},{\"name\":\"Ryan Jack\",\"odds\":\"10.00\",\"header\":\"Anytime\"},{\"name\":\"Borna Barisic\",\"odds\":\"29.00\",\"header\":\"First\"},{\"name\":\"Borna Barisic\",\"odds\":\"29.00\",\"header\":\"Last\"},{\"name\":\"Borna Barisic\",\"odds\":\"13.00\",\"header\":\"Anytime\"},{\"name\":\"Ross McCrorie\",\"odds\":\"29.00\",\"header\":\"First\"},{\"name\":\"Ross McCrorie\",\"odds\":\"29.00\",\"header\":\"Last\"},{\"name\":\"Ross McCrorie\",\"odds\":\"13.00\",\"header\":\"Anytime\"},{\"name\":\"Stjepan Radeljic\",\"odds\":\"29.00\",\"header\":\"First\"},{\"name\":\"Stjepan Radeljic\",\"odds\":\"29.00\",\"header\":\"Last\"},{\"name\":\"Stjepan Radeljic\",\"odds\":\"13.00\",\"header\":\"Anytime\"},{\"name\":\"Connor Goldson\",\"odds\":\"34.00\",\"header\":\"First\"},{\"name\":\"Connor Goldson\",\"odds\":\"34.00\",\"header\":\"Last\"},{\"name\":\"Connor Goldson\",\"odds\":\"15.00\",\"header\":\"Anytime\"},{\"name\":\"Declan John\",\"odds\":\"34.00\",\"header\":\"First\"},{\"name\":\"Declan John\",\"odds\":\"34.00\",\"header\":\"Last\"},{\"name\":\"Declan John\",\"odds\":\"15.00\",\"header\":\"Anytime\"},{\"name\":\"Nikola Katic\",\"odds\":\"34.00\",\"header\":\"First\"},{\"name\":\"Nikola Katic\",\"odds\":\"34.00\",\"header\":\"Last\"},{\"name\":\"Nikola Katic\",\"odds\":\"15.00\",\"header\":\"Anytime\"},{\"name\":\"Jon Flanagan\",\"odds\":\"41.00\",\"header\":\"First\"},{\"name\":\"Jon Flanagan\",\"odds\":\"41.00\",\"header\":\"Last\"},{\"name\":\"Jon Flanagan\",\"odds\":\"19.00\",\"header\":\"Anytime\"},{\"name\":\"No Goalscorer\",\"odds\":\"8.00\",\"header\":\"First\"},{\"name\":\"No Goalscorer\",\"odds\":\"8.00\",\"header\":\"Last\"}],\"multi_scorers\":[{\"name\":\"Alfredo Morelos\",\"odds\":\"12.00\",\"header\":\"2 or More\"},{\"name\":\"Alfredo Morelos\",\"odds\":\"51.00\",\"header\":\"3 or More\"},{\"name\":\"Ezekiel Henty\",\"odds\":\"13.00\",\"header\":\"2 or More\"},{\"name\":\"Ezekiel Henty\",\"odds\":\"67.00\",\"header\":\"3 or More\"},{\"name\":\"Mirlind Daku\",\"odds\":\"13.00\",\"header\":\"2 or More\"},{\"name\":\"Mirlind Daku\",\"odds\":\"67.00\",\"header\":\"3 or More\"},{\"name\":\"Gabriel Boban\",\"odds\":\"17.00\",\"header\":\"2 or More\"},{\"name\":\"Gabriel Boban\",\"odds\":\"101.00\",\"header\":\"3 or More\"},{\"name\":\"Mirko Maric\",\"odds\":\"17.00\",\"header\":\"2 or More\"},{\"name\":\"Mirko Maric\",\"odds\":\"101.00\",\"header\":\"3 or More\"},{\"name\":\"Muzafer Ejupi\",\"odds\":\"17.00\",\"header\":\"2 or More\"},{\"name\":\"Muzafer Ejupi\",\"odds\":\"101.00\",\"header\":\"3 or More\"},{\"name\":\"Eros Grezda\",\"odds\":\"29.00\",\"header\":\"2 or More\"},{\"name\":\"Eros Grezda\",\"odds\":\"101.00\",\"header\":\"3 or More\"},{\"name\":\"Josh Windass\",\"odds\":\"29.00\",\"header\":\"2 or More\"},{\"name\":\"Josh Windass\",\"odds\":\"101.00\",\"header\":\"3 or More\"},{\"name\":\"Karlo Kamenar\",\"odds\":\"29.00\",\"header\":\"2 or More\"},{\"name\":\"Karlo Kamenar\",\"odds\":\"101.00\",\"header\":\"3 or More\"},{\"name\":\"Marko Pervan\",\"odds\":\"29.00\",\"header\":\"2 or More\"},{\"name\":\"Marko Pervan\",\"odds\":\"101.00\",\"header\":\"3 or More\"},{\"name\":\"Petar Bockaj\",\"odds\":\"29.00\",\"header\":\"2 or More\"},{\"name\":\"Petar Bockaj\",\"odds\":\"101.00\",\"header\":\"3 or More\"},{\"name\":\"Graham Dorrans\",\"odds\":\"34.00\",\"header\":\"2 or More\"},{\"name\":\"Graham Dorrans\",\"odds\":\"126.00\",\"header\":\"3 or More\"},{\"name\":\"Jamie Murphy\",\"odds\":\"34.00\",\"header\":\"2 or More\"},{\"name\":\"Jamie Murphy\",\"odds\":\"126.00\",\"header\":\"3 or More\"},{\"name\":\"Ryan Kent\",\"odds\":\"41.00\",\"header\":\"2 or More\"},{\"name\":\"Ryan Kent\",\"odds\":\"126.00\",\"header\":\"3 or More\"},{\"name\":\"Dmytro Lyopa\",\"odds\":\"51.00\",\"header\":\"2 or More\"},{\"name\":\"Dmytro Lyopa\",\"odds\":\"201.00\",\"header\":\"3 or More\"},{\"name\":\"Domagoj Pusic\",\"odds\":\"51.00\",\"header\":\"2 or More\"},{\"name\":\"Domagoj Pusic\",\"odds\":\"201.00\",\"header\":\"3 or More\"},{\"name\":\"Haris Hajradinovic\",\"odds\":\"51.00\",\"header\":\"2 or More\"},{\"name\":\"Haris Hajradinovic\",\"odds\":\"201.00\",\"header\":\"3 or More\"},{\"name\":\"James Tavernier\",\"odds\":\"51.00\",\"header\":\"2 or More\"},{\"name\":\"James Tavernier\",\"odds\":\"201.00\",\"header\":\"3 or More\"},{\"name\":\"Mile Skoric\",\"odds\":\"51.00\",\"header\":\"2 or More\"},{\"name\":\"Mile Skoric\",\"odds\":\"201.00\",\"header\":\"3 or More\"},{\"name\":\"Robert Mudrazija\",\"odds\":\"51.00\",\"header\":\"2 or More\"},{\"name\":\"Robert Mudrazija\",\"odds\":\"201.00\",\"header\":\"3 or More\"},{\"name\":\"Scott Arfield\",\"odds\":\"51.00\",\"header\":\"2 or More\"},{\"name\":\"Scott Arfield\",\"odds\":\"201.00\",\"header\":\"3 or More\"},{\"name\":\"Tomislav Sorsa\",\"odds\":\"51.00\",\"header\":\"2 or More\"},{\"name\":\"Tomislav Sorsa\",\"odds\":\"201.00\",\"header\":\"3 or More\"},{\"name\":\"Andy Halliday\",\"odds\":\"81.00\",\"header\":\"2 or More\"},{\"name\":\"Andy Halliday\",\"odds\":\"301.00\",\"header\":\"3 or More\"},{\"name\":\"Benedikt Mioc\",\"odds\":\"81.00\",\"header\":\"2 or More\"},{\"name\":\"Benedikt Mioc\",\"odds\":\"301.00\",\"header\":\"3 or More\"},{\"name\":\"Daniel Candeias\",\"odds\":\"81.00\",\"header\":\"2 or More\"},{\"name\":\"Daniel Candeias\",\"odds\":\"251.00\",\"header\":\"3 or More\"},{\"name\":\"Glenn Middleton\",\"odds\":\"81.00\",\"header\":\"2 or More\"},{\"name\":\"Glenn Middleton\",\"odds\":\"251.00\",\"header\":\"3 or More\"},{\"name\":\"Oviemuno Ejaria\",\"odds\":\"81.00\",\"header\":\"2 or More\"},{\"name\":\"Oviemuno Ejaria\",\"odds\":\"301.00\",\"header\":\"3 or More\"},{\"name\":\"Lassana Coulibaly\",\"odds\":\"101.00\",\"header\":\"2 or More\"},{\"name\":\"Lassana Coulibaly\",\"odds\":\"501.00\",\"header\":\"3 or More\"},{\"name\":\"Ryan Jack\",\"odds\":\"101.00\",\"header\":\"2 or More\"},{\"name\":\"Ryan Jack\",\"odds\":\"501.00\",\"header\":\"3 or More\"},{\"name\":\"Borna Barisic\",\"odds\":\"126.00\",\"header\":\"2 or More\"},{\"name\":\"Borna Barisic\",\"odds\":\"501.00\",\"header\":\"3 or More\"},{\"name\":\"Connor Goldson\",\"odds\":\"126.00\",\"header\":\"2 or More\"},{\"name\":\"Connor Goldson\",\"odds\":\"501.00\",\"header\":\"3 or More\"},{\"name\":\"Declan John\",\"odds\":\"126.00\",\"header\":\"2 or More\"},{\"name\":\"Declan John\",\"odds\":\"501.00\",\"header\":\"3 or More\"},{\"name\":\"Nikola Katic\",\"odds\":\"126.00\",\"header\":\"2 or More\"},{\"name\":\"Nikola Katic\",\"odds\":\"501.00\",\"header\":\"3 or More\"},{\"name\":\"Ross McCrorie\",\"odds\":\"126.00\",\"header\":\"2 or More\"},{\"name\":\"Ross McCrorie\",\"odds\":\"501.00\",\"header\":\"3 or More\"},{\"name\":\"Stjepan Radeljic\",\"odds\":\"126.00\",\"header\":\"2 or More\"},{\"name\":\"Stjepan Radeljic\",\"odds\":\"501.00\",\"header\":\"3 or More\"},{\"name\":\"Jon Flanagan\",\"odds\":\"151.00\",\"header\":\"2 or More\"},{\"name\":\"Jon Flanagan\",\"odds\":\"501.00\",\"header\":\"3 or More\"}],\"team_goalscorer\":[{\"name\":\"Ezekiel Henty\",\"odds\":\"4.00\",\"header\":\"First\"},{\"name\":\"Ezekiel Henty\",\"odds\":\"4.00\",\"header\":\"Last\"},{\"name\":\"Mirlind Daku\",\"odds\":\"4.00\",\"header\":\"First\"},{\"name\":\"Mirlind Daku\",\"odds\":\"4.00\",\"header\":\"Last\"},{\"name\":\"Gabriel Boban\",\"odds\":\"4.50\",\"header\":\"First\"},{\"name\":\"Gabriel Boban\",\"odds\":\"4.50\",\"header\":\"Last\"},{\"name\":\"Mirko Maric\",\"odds\":\"4.50\",\"header\":\"First\"},{\"name\":\"Mirko Maric\",\"odds\":\"4.50\",\"header\":\"Last\"},{\"name\":\"Muzafer Ejupi\",\"odds\":\"4.50\",\"header\":\"First\"},{\"name\":\"Muzafer Ejupi\",\"odds\":\"4.50\",\"header\":\"Last\"},{\"name\":\"Eros Grezda\",\"odds\":\"6.50\",\"header\":\"First\"},{\"name\":\"Eros Grezda\",\"odds\":\"6.50\",\"header\":\"Last\"},{\"name\":\"Karlo Kamenar\",\"odds\":\"6.50\",\"header\":\"First\"},{\"name\":\"Karlo Kamenar\",\"odds\":\"6.50\",\"header\":\"Last\"},{\"name\":\"Marko Pervan\",\"odds\":\"6.50\",\"header\":\"First\"},{\"name\":\"Marko Pervan\",\"odds\":\"6.50\",\"header\":\"Last\"},{\"name\":\"Petar Bockaj\",\"odds\":\"6.50\",\"header\":\"First\"},{\"name\":\"Petar Bockaj\",\"odds\":\"6.50\",\"header\":\"Last\"},{\"name\":\"Haris Hajradinovic\",\"odds\":\"8.50\",\"header\":\"First\"},{\"name\":\"Haris Hajradinovic\",\"odds\":\"8.50\",\"header\":\"Last\"},{\"name\":\"Dmytro Lyopa\",\"odds\":\"9.50\",\"header\":\"First\"},{\"name\":\"Dmytro Lyopa\",\"odds\":\"9.50\",\"header\":\"Last\"},{\"name\":\"Domagoj Pusic\",\"odds\":\"9.50\",\"header\":\"First\"},{\"name\":\"Domagoj Pusic\",\"odds\":\"9.50\",\"header\":\"Last\"},{\"name\":\"Mile Skoric\",\"odds\":\"9.50\",\"header\":\"First\"},{\"name\":\"Mile Skoric\",\"odds\":\"9.50\",\"header\":\"Last\"},{\"name\":\"Robert Mudrazija\",\"odds\":\"9.50\",\"header\":\"First\"},{\"name\":\"Robert Mudrazija\",\"odds\":\"9.50\",\"header\":\"Last\"},{\"name\":\"Tomislav Sorsa\",\"odds\":\"9.50\",\"header\":\"First\"},{\"name\":\"Tomislav Sorsa\",\"odds\":\"9.50\",\"header\":\"Last\"},{\"name\":\"Benedikt Mioc\",\"odds\":\"12.00\",\"header\":\"First\"},{\"name\":\"Benedikt Mioc\",\"odds\":\"12.00\",\"header\":\"Last\"},{\"name\":\"Borna Barisic\",\"odds\":\"19.00\",\"header\":\"First\"},{\"name\":\"Borna Barisic\",\"odds\":\"19.00\",\"header\":\"Last\"},{\"name\":\"Stjepan Radeljic\",\"odds\":\"19.00\",\"header\":\"First\"},{\"name\":\"Stjepan Radeljic\",\"odds\":\"19.00\",\"header\":\"Last\"},{\"name\":\"No Goalscorer (NK Osijek)\",\"odds\":\"3.40\",\"header\":\"First\"},{\"name\":\"No Goalscorer (NK Osijek)\",\"odds\":\"3.40\",\"header\":\"Last\"},{\"name\":\"Alfredo Morelos\",\"odds\":\"3.60\",\"header\":\"First\"},{\"name\":\"Alfredo Morelos\",\"odds\":\"3.60\",\"header\":\"Last\"},{\"name\":\"Josh Windass\",\"odds\":\"6.00\",\"header\":\"First\"},{\"name\":\"Josh Windass\",\"odds\":\"6.00\",\"header\":\"Last\"},{\"name\":\"Graham Dorrans\",\"odds\":\"6.50\",\"header\":\"First\"},{\"name\":\"Graham Dorrans\",\"odds\":\"6.50\",\"header\":\"Last\"},{\"name\":\"Jamie Murphy\",\"odds\":\"6.50\",\"header\":\"First\"},{\"name\":\"Jamie Murphy\",\"odds\":\"6.50\",\"header\":\"Last\"},{\"name\":\"Ryan Kent\",\"odds\":\"7.00\",\"header\":\"First\"},{\"name\":\"Ryan Kent\",\"odds\":\"7.00\",\"header\":\"Last\"},{\"name\":\"James Tavernier\",\"odds\":\"8.50\",\"header\":\"First\"},{\"name\":\"James Tavernier\",\"odds\":\"8.50\",\"header\":\"Last\"},{\"name\":\"Scott Arfield\",\"odds\":\"8.50\",\"header\":\"First\"},{\"name\":\"Scott Arfield\",\"odds\":\"8.50\",\"header\":\"Last\"},{\"name\":\"Daniel Candeias\",\"odds\":\"9.50\",\"header\":\"First\"},{\"name\":\"Daniel Candeias\",\"odds\":\"9.50\",\"header\":\"Last\"},{\"name\":\"Glenn Middleton\",\"odds\":\"9.50\",\"header\":\"First\"},{\"name\":\"Glenn Middleton\",\"odds\":\"9.50\",\"header\":\"Last\"},{\"name\":\"Andy Halliday\",\"odds\":\"11.00\",\"header\":\"First\"},{\"name\":\"Andy Halliday\",\"odds\":\"11.00\",\"header\":\"Last\"},{\"name\":\"Oviemuno Ejaria\",\"odds\":\"11.00\",\"header\":\"First\"},{\"name\":\"Oviemuno Ejaria\",\"odds\":\"11.00\",\"header\":\"Last\"},{\"name\":\"Lassana Coulibaly\",\"odds\":\"13.00\",\"header\":\"First\"},{\"name\":\"Lassana Coulibaly\",\"odds\":\"13.00\",\"header\":\"Last\"},{\"name\":\"Ryan Jack\",\"odds\":\"13.00\",\"header\":\"First\"},{\"name\":\"Ryan Jack\",\"odds\":\"13.00\",\"header\":\"Last\"},{\"name\":\"Ross McCrorie\",\"odds\":\"17.00\",\"header\":\"First\"},{\"name\":\"Ross McCrorie\",\"odds\":\"17.00\",\"header\":\"Last\"},{\"name\":\"Connor Goldson\",\"odds\":\"21.00\",\"header\":\"First\"},{\"name\":\"Connor Goldson\",\"odds\":\"21.00\",\"header\":\"Last\"},{\"name\":\"Declan John\",\"odds\":\"21.00\",\"header\":\"First\"},{\"name\":\"Declan John\",\"odds\":\"21.00\",\"header\":\"Last\"},{\"name\":\"Nikola Katic\",\"odds\":\"21.00\",\"header\":\"First\"},{\"name\":\"Nikola Katic\",\"odds\":\"21.00\",\"header\":\"Last\"},{\"name\":\"Jon Flanagan\",\"odds\":\"23.00\",\"header\":\"First\"},{\"name\":\"Jon Flanagan\",\"odds\":\"23.00\",\"header\":\"Last\"},{\"name\":\"No Goalscorer (Rangers)\",\"odds\":\"2.50\",\"header\":\"First\"},{\"name\":\"No Goalscorer (Rangers)\",\"odds\":\"2.50\",\"header\":\"Last\"}]}},\"schedule\":{\"updated_at\":\"1532570513\",\"sp\":{\"main\":[{\"odds\":\"2.000\"},{\"odds\":\"1.800\"}]}},\"specials\":{\"updated_at\":\"1532570071\",\"sp\":{\"specials\":[{\"name\":\"To Win From Behind\",\"odds\":\"9.00\",\"header\":\"Home\"},{\"name\":\"To Win From Behind\",\"odds\":\"13.00\",\"header\":\"Away\"},{\"name\":\"To Win to Nil\",\"odds\":\"3.50\",\"header\":\"Home\"},{\"name\":\"To Win to Nil\",\"odds\":\"5.00\",\"header\":\"Away\"},{\"name\":\"To Win Either Half\",\"odds\":\"1.67\",\"header\":\"Home\"},{\"name\":\"To Win Either Half\",\"odds\":\"2.10\",\"header\":\"Away\"},{\"name\":\"To Win Both Halves\",\"odds\":\"8.00\",\"header\":\"Home\"},{\"name\":\"To Win Both Halves\",\"odds\":\"15.00\",\"header\":\"Away\"},{\"name\":\"To Score in Both Halves\",\"odds\":\"4.00\",\"header\":\"Home\"},{\"name\":\"To Score in Both Halves\",\"odds\":\"5.50\",\"header\":\"Away\"}],\"to_score_in_half\":[{\"name\":\"1st Half\",\"odds\":\"2.20\",\"header\":\"Yes\"},{\"name\":\"1st Half\",\"odds\":\"1.62\",\"header\":\"No\"},{\"name\":\"2nd Half\",\"odds\":\"1.80\",\"header\":\"Yes\"},{\"name\":\"2nd Half\",\"odds\":\"1.91\",\"header\":\"No\"},{\"name\":\"1st Half\",\"odds\":\"2.62\",\"header\":\"Yes\"},{\"name\":\"1st Half\",\"odds\":\"1.44\",\"header\":\"No\"},{\"name\":\"2nd Half\",\"odds\":\"2.10\",\"header\":\"Yes\"},{\"name\":\"2nd Half\",\"odds\":\"1.67\",\"header\":\"No\"}],\"own_goal\":[{\"opp\":\"Yes\",\"odds\":\"13.00\"},{\"opp\":\"No\",\"odds\":\"1.04\"}]}}}]}"}