{"odd":"{\"success\":1,\"results\":[{\"FI\":\"75374590\",\"event_id\":\"827268\",\"asian_lines\":{\"updated_at\":\"1532568897\",\"sp\":{\"asian_handicap\":[{\"opp\":\"-0.5, -1.0\",\"odds\":\"2.000\",\"header\":\"Home\"},{\"opp\":\"+0.5, +1.0\",\"odds\":\"1.800\",\"header\":\"Away\"}],\"goal_line\":[{\"goals\":\"2.0, 2.5\",\"odds\":\"2.000\",\"header\":\"Over\"},{\"goals\":\"2.0, 2.5\",\"odds\":\"1.800\",\"header\":\"Under\"}],\"alternative_asian_handicap\":[{\"opp\":\"-2.5\",\"odds\":\"7.000\",\"header\":\"Home\"},{\"opp\":\"+2.5\",\"odds\":\"1.100\",\"header\":\"Away\"},{\"opp\":\"-2.0, -2.5\",\"odds\":\"6.400\",\"header\":\"Home\"},{\"opp\":\"+2.0, +2.5\",\"odds\":\"1.115\",\"header\":\"Away\"},{\"opp\":\"-2.0\",\"odds\":\"5.900\",\"header\":\"Home\"},{\"opp\":\"+2.0\",\"odds\":\"1.130\",\"header\":\"Away\"},{\"opp\":\"-1.5, -2.0\",\"odds\":\"4.000\",\"header\":\"Home\"},{\"opp\":\"+1.5, +2.0\",\"odds\":\"1.230\",\"header\":\"Away\"},{\"opp\":\"-1.5\",\"odds\":\"3.100\",\"header\":\"Home\"},{\"opp\":\"+1.5\",\"odds\":\"1.350\",\"header\":\"Away\"},{\"opp\":\"-1.0, -1.5\",\"odds\":\"2.750\",\"header\":\"Home\"},{\"opp\":\"+1.0, +1.5\",\"odds\":\"1.425\",\"header\":\"Away\"},{\"opp\":\"-1.0\",\"odds\":\"2.375\",\"header\":\"Home\"},{\"opp\":\"+1.0\",\"odds\":\"1.550\",\"header\":\"Away\"},{\"opp\":\"-0.5\",\"odds\":\"1.750\",\"header\":\"Home\"},{\"opp\":\"+0.5\",\"odds\":\"2.050\",\"header\":\"Away\"},{\"opp\":\"0.0, -0.5\",\"odds\":\"1.525\",\"header\":\"Home\"},{\"opp\":\"0.0, +0.5\",\"odds\":\"2.425\",\"header\":\"Away\"},{\"opp\":\"0.0\",\"odds\":\"1.300\",\"header\":\"Home\"},{\"opp\":\"0.0\",\"odds\":\"3.450\",\"header\":\"Away\"},{\"opp\":\"0.0, +0.5\",\"odds\":\"1.240\",\"header\":\"Home\"},{\"opp\":\"0.0, -0.5\",\"odds\":\"3.900\",\"header\":\"Away\"},{\"opp\":\"+0.5\",\"odds\":\"1.200\",\"header\":\"Home\"},{\"opp\":\"-0.5\",\"odds\":\"4.400\",\"header\":\"Away\"},{\"opp\":\"+0.5, +1.0\",\"odds\":\"1.125\",\"header\":\"Home\"},{\"opp\":\"-0.5, -1.0\",\"odds\":\"6.000\",\"header\":\"Away\"}],\"alternative_goal_line\":[{\"goals\":\"0.5, 1.0\",\"odds\":\"1.100\",\"header\":\"Over\"},{\"goals\":\"0.5, 1.0\",\"odds\":\"7.000\",\"header\":\"Under\"},{\"goals\":\"1.0\",\"odds\":\"1.115\",\"header\":\"Over\"},{\"goals\":\"1.0\",\"odds\":\"6.400\",\"header\":\"Under\"},{\"goals\":\"1.0, 1.5\",\"odds\":\"1.260\",\"header\":\"Over\"},{\"goals\":\"1.0, 1.5\",\"odds\":\"3.700\",\"header\":\"Under\"},{\"goals\":\"1.5\",\"odds\":\"1.425\",\"header\":\"Over\"},{\"goals\":\"1.5\",\"odds\":\"2.750\",\"header\":\"Under\"},{\"goals\":\"1.5, 2.0\",\"odds\":\"1.525\",\"header\":\"Over\"},{\"goals\":\"1.5, 2.0\",\"odds\":\"2.425\",\"header\":\"Under\"},{\"goals\":\"2.0\",\"odds\":\"1.700\",\"header\":\"Over\"},{\"goals\":\"2.0\",\"odds\":\"2.100\",\"header\":\"Under\"},{\"goals\":\"2.5\",\"odds\":\"2.250\",\"header\":\"Over\"},{\"goals\":\"2.5\",\"odds\":\"1.625\",\"header\":\"Under\"},{\"goals\":\"2.5, 3.0\",\"odds\":\"2.675\",\"header\":\"Over\"},{\"goals\":\"2.5, 3.0\",\"odds\":\"1.450\",\"header\":\"Under\"},{\"goals\":\"3.0\",\"odds\":\"3.450\",\"header\":\"Over\"},{\"goals\":\"3.0\",\"odds\":\"1.300\",\"header\":\"Under\"},{\"goals\":\"3.0, 3.5\",\"odds\":\"3.800\",\"header\":\"Over\"},{\"goals\":\"3.0, 3.5\",\"odds\":\"1.250\",\"header\":\"Under\"},{\"goals\":\"3.5\",\"odds\":\"4.150\",\"header\":\"Over\"},{\"goals\":\"3.5\",\"odds\":\"1.220\",\"header\":\"Under\"},{\"goals\":\"3.5, 4.0\",\"odds\":\"5.500\",\"header\":\"Over\"},{\"goals\":\"3.5, 4.0\",\"odds\":\"1.150\",\"header\":\"Under\"}],\"1st_half_asian_handicap\":[{\"opp\":\"0.0, -0.5\",\"odds\":\"1.950\",\"header\":\"Home\"},{\"opp\":\"0.0, +0.5\",\"odds\":\"1.850\",\"header\":\"Away\"}],\"1st_half_goal_line\":[{\"goals\":\"0.5, 1.0\",\"odds\":\"1.700\",\"header\":\"Over\"},{\"goals\":\"0.5, 1.0\",\"odds\":\"2.100\",\"header\":\"Under\"}],\"alternative_1st_half_asian_handicap\":[{\"opp\":\"-1.0, -1.5\",\"odds\":\"6.600\",\"header\":\"Home\"},{\"opp\":\"+1.0, +1.5\",\"odds\":\"1.110\",\"header\":\"Away\"},{\"opp\":\"-1.0\",\"odds\":\"5.750\",\"header\":\"Home\"},{\"opp\":\"+1.0\",\"odds\":\"1.140\",\"header\":\"Away\"},{\"opp\":\"-0.5, -1.0\",\"odds\":\"3.300\",\"header\":\"Home\"},{\"opp\":\"+0.5, +1.0\",\"odds\":\"1.325\",\"header\":\"Away\"},{\"opp\":\"-0.5\",\"odds\":\"2.425\",\"header\":\"Home\"},{\"opp\":\"+0.5\",\"odds\":\"1.525\",\"header\":\"Away\"},{\"opp\":\"0.0\",\"odds\":\"1.375\",\"header\":\"Home\"},{\"opp\":\"0.0\",\"odds\":\"3.000\",\"header\":\"Away\"},{\"opp\":\"0.0, +0.5\",\"odds\":\"1.230\",\"header\":\"Home\"},{\"opp\":\"0.0, -0.5\",\"odds\":\"4.000\",\"header\":\"Away\"},{\"opp\":\"+0.5\",\"odds\":\"1.160\",\"header\":\"Home\"},{\"opp\":\"-0.5\",\"odds\":\"5.250\",\"header\":\"Away\"}],\"alternative_1st_half_goal_line\":[{\"goals\":\"1.0\",\"odds\":\"2.150\",\"header\":\"Over\"},{\"goals\":\"1.0\",\"odds\":\"1.675\",\"header\":\"Under\"},{\"goals\":\"1.0, 1.5\",\"odds\":\"2.750\",\"header\":\"Over\"},{\"goals\":\"1.0, 1.5\",\"odds\":\"1.425\",\"header\":\"Under\"},{\"goals\":\"1.5\",\"odds\":\"3.300\",\"header\":\"Over\"},{\"goals\":\"1.5\",\"odds\":\"1.325\",\"header\":\"Under\"},{\"goals\":\"1.5, 2.0\",\"odds\":\"4.400\",\"header\":\"Over\"},{\"goals\":\"1.5, 2.0\",\"odds\":\"1.200\",\"header\":\"Under\"}],\"asian_total_corners\":[{\"goals\":\"9.5\",\"odds\":\"1.975\",\"header\":\"Over\"},{\"goals\":\"9.5\",\"odds\":\"1.825\",\"header\":\"Under\"}],\"1st_half_asian_corners\":[{\"goals\":\"4.5\",\"odds\":\"1.975\",\"header\":\"Over\"},{\"goals\":\"4.5\",\"odds\":\"1.825\",\"header\":\"Under\"}]}},\"corners\":{\"updated_at\":\"1532568892\",\"sp\":{\"corners\":[{\"opp\":\"Over 9\",\"odds\":\"1.91\"},{\"opp\":\"Exactly 9\",\"odds\":\"7.00\"},{\"opp\":\"Under 9\",\"odds\":\"2.38\"}],\"total_corners\":[{\"opp\":\"Under 6\",\"odds\":\"9.00\"},{\"opp\":\"6 - 8\",\"odds\":\"3.00\"},{\"opp\":\"9 - 11\",\"odds\":\"2.50\"},{\"opp\":\"12 - 14\",\"odds\":\"4.50\"},{\"opp\":\"Over 14\",\"odds\":\"13.00\"}],\"alternative_corners\":[{\"goals\":\"3\",\"odds\":\"1.01\",\"header\":\"Over\"},{\"goals\":\"3\",\"odds\":\"34.00\",\"header\":\"Exactly\"},{\"goals\":\"3\",\"odds\":\"41.00\",\"header\":\"Under\"},{\"goals\":\"4\",\"odds\":\"1.02\",\"header\":\"Over\"},{\"goals\":\"4\",\"odds\":\"21.00\",\"header\":\"Exactly\"},{\"goals\":\"4\",\"odds\":\"29.00\",\"header\":\"Under\"},{\"goals\":\"5\",\"odds\":\"1.06\",\"header\":\"Over\"},{\"goals\":\"5\",\"odds\":\"15.00\",\"header\":\"Exactly\"},{\"goals\":\"5\",\"odds\":\"17.00\",\"header\":\"Under\"},{\"goals\":\"6\",\"odds\":\"1.14\",\"header\":\"Over\"},{\"goals\":\"6\",\"odds\":\"10.00\",\"header\":\"Exactly\"},{\"goals\":\"6\",\"odds\":\"9.00\",\"header\":\"Under\"},{\"goals\":\"7\",\"odds\":\"1.30\",\"header\":\"Over\"},{\"goals\":\"7\",\"odds\":\"8.00\",\"header\":\"Exactly\"},{\"goals\":\"7\",\"odds\":\"5.00\",\"header\":\"Under\"},{\"goals\":\"8\",\"odds\":\"1.57\",\"header\":\"Over\"},{\"goals\":\"8\",\"odds\":\"7.00\",\"header\":\"Exactly\"},{\"goals\":\"8\",\"odds\":\"3.40\",\"header\":\"Under\"},{\"goals\":\"10\",\"odds\":\"2.60\",\"header\":\"Over\"},{\"goals\":\"10\",\"odds\":\"7.50\",\"header\":\"Exactly\"},{\"goals\":\"10\",\"odds\":\"1.80\",\"header\":\"Under\"},{\"goals\":\"11\",\"odds\":\"3.60\",\"header\":\"Over\"},{\"goals\":\"11\",\"odds\":\"8.00\",\"header\":\"Exactly\"},{\"goals\":\"11\",\"odds\":\"1.50\",\"header\":\"Under\"},{\"goals\":\"12\",\"odds\":\"5.50\",\"header\":\"Over\"},{\"goals\":\"12\",\"odds\":\"10.00\",\"header\":\"Exactly\"},{\"goals\":\"12\",\"odds\":\"1.29\",\"header\":\"Under\"},{\"goals\":\"13\",\"odds\":\"8.00\",\"header\":\"Over\"},{\"goals\":\"13\",\"odds\":\"12.00\",\"header\":\"Exactly\"},{\"goals\":\"13\",\"odds\":\"1.14\",\"header\":\"Under\"},{\"goals\":\"14\",\"odds\":\"12.00\",\"header\":\"Over\"},{\"goals\":\"14\",\"odds\":\"17.00\",\"header\":\"Exactly\"},{\"goals\":\"14\",\"odds\":\"1.06\",\"header\":\"Under\"},{\"goals\":\"15\",\"odds\":\"17.00\",\"header\":\"Over\"},{\"goals\":\"15\",\"odds\":\"21.00\",\"header\":\"Exactly\"},{\"goals\":\"15\",\"odds\":\"1.04\",\"header\":\"Under\"},{\"goals\":\"16\",\"odds\":\"23.00\",\"header\":\"Over\"},{\"goals\":\"16\",\"odds\":\"26.00\",\"header\":\"Exactly\"},{\"goals\":\"16\",\"odds\":\"1.02\",\"header\":\"Under\"},{\"goals\":\"17\",\"odds\":\"34.00\",\"header\":\"Over\"},{\"goals\":\"17\",\"odds\":\"34.00\",\"header\":\"Exactly\"},{\"goals\":\"17\",\"odds\":\"1.01\",\"header\":\"Under\"}],\"corners_2_way\":[{\"opp\":\"Over 9.5\",\"odds\":\"1.91\"},{\"opp\":\"Under 9.5\",\"odds\":\"1.80\"}],\"first_half_corners\":[{\"opp\":\"4\",\"odds\":\"1.95\",\"header\":\"Over\"},{\"opp\":\"4\",\"odds\":\"4.75\",\"header\":\"Exactly\"},{\"opp\":\"4\",\"odds\":\"2.75\",\"header\":\"Under\"}],\"asian_total_corners\":[{\"goals\":\"9.5\",\"odds\":\"1.975\",\"header\":\"Over\"},{\"goals\":\"9.5\",\"odds\":\"1.825\",\"header\":\"Under\"}],\"1st_half_asian_corners\":[{\"goals\":\"4.5\",\"odds\":\"1.975\",\"header\":\"Over\"},{\"goals\":\"4.5\",\"odds\":\"1.825\",\"header\":\"Under\"}]}},\"goals\":{\"updated_at\":\"1532568926\",\"sp\":{\"goals_over_under\":[{\"goals\":\"2.5\",\"odds\":\"2.25\",\"header\":\"Over\"},{\"goals\":\"2.5\",\"odds\":\"1.62\",\"header\":\"Under\"}],\"alternative_total_goals\":[{\"goals\":\"0.5\",\"odds\":\"1.08\",\"header\":\"Over \"},{\"goals\":\"0.5\",\"odds\":\"8.00\",\"header\":\"Under\"},{\"goals\":\"1.5\",\"odds\":\"1.40\",\"header\":\"Over \"},{\"goals\":\"1.5\",\"odds\":\"2.75\",\"header\":\"Under\"},{\"goals\":\"3.5\",\"odds\":\"4.00\",\"header\":\"Over \"},{\"goals\":\"3.5\",\"odds\":\"1.22\",\"header\":\"Under\"},{\"goals\":\"4.5\",\"odds\":\"9.00\",\"header\":\"Over \"},{\"goals\":\"4.5\",\"odds\":\"1.07\",\"header\":\"Under\"},{\"goals\":\"5.5\",\"odds\":\"19.00\",\"header\":\"Over \"},{\"goals\":\"5.5\",\"odds\":\"1.02\",\"header\":\"Under\"}],\"result_total_goals\":[{\"opp\":\"Atlas & Over 2.5\",\"odds\":\"3.20\"},{\"opp\":\"Atlas & Under 2.5\",\"odds\":\"3.60\"},{\"opp\":\"Draw & Over 2.5\",\"odds\":\"17.00\"},{\"opp\":\"Draw & Under  2.5\",\"odds\":\"4.00\"},{\"opp\":\"Zacatepec 1948 & Over 2.5\",\"odds\":\"8.50\"},{\"opp\":\"Zacatepec 1948 & Under 2.5\",\"odds\":\"7.50\"}],\"total_goals_both_teams_to_score\":[{\"opp\":\"Over 2.5 & Yes\",\"odds\":\"2.75\"},{\"opp\":\"Over 2.5 & No\",\"odds\":\"8.50\"},{\"opp\":\"Under 2.5 & Yes\",\"odds\":\"6.50\"},{\"opp\":\"Under 2.5 & No\",\"odds\":\"2.00\"}],\"exact_total_goals\":[{\"opp\":\"0 Goals\",\"odds\":\"8.00\"},{\"opp\":\"1 Goal\",\"odds\":\"4.00\"},{\"opp\":\"2 Goals\",\"odds\":\"3.40\"},{\"opp\":\"3 Goals\",\"odds\":\"4.33\"},{\"opp\":\"4 Goals\",\"odds\":\"7.00\"},{\"opp\":\"5 Goals\",\"odds\":\"15.00\"},{\"opp\":\"6 Goals\",\"odds\":\"34.00\"},{\"opp\":\"7+ Goals\",\"odds\":\"41.00\"}],\"number_of_goals_in_match\":[{\"opp\":\"Under 2 goals\",\"odds\":\"2.75\"},{\"opp\":\"2 or 3 goals\",\"odds\":\"1.95\"},{\"opp\":\"Over 3 goals\",\"odds\":\"4.00\"}],\"both_teams_to_score\":[{\"opp\":\"Yes\",\"odds\":\"2.10\"},{\"opp\":\"No\",\"odds\":\"1.67\"}],\"teams_to_score\":[{\"opp\":\"Both Teams\",\"odds\":\"2.10\"},{\"opp\":\"Atlas Only\",\"odds\":\"2.62\"},{\"opp\":\"No Goal\",\"odds\":\"8.00\"},{\"opp\":\"Zacatepec 1948 Only\",\"odds\":\"7.00\"}],\"both_teams_to_score_in_1st_half\":[{\"opp\":\"Yes\",\"odds\":\"6.00\"},{\"opp\":\"No\",\"odds\":\"1.12\"}],\"both_teams_to_score_in_2nd_half\":[{\"opp\":\"Yes\",\"odds\":\"4.00\"},{\"opp\":\"No\",\"odds\":\"1.22\"}],\"both_teams_to_score_1st_half_2nd_half\":[{\"opp\":\"Yes \\\/ Yes\",\"odds\":\"23.00\"},{\"opp\":\"Yes \\\/ No\",\"odds\":\"7.00\"},{\"opp\":\"No \\\/ Yes\",\"odds\":\"4.33\"},{\"opp\":\"No \\\/ No\",\"odds\":\"1.40\"}],\"first_half_goals\":[{\"goals\":\"0.5\",\"odds\":\"1.50\",\"header\":\"Over\"},{\"goals\":\"0.5\",\"odds\":\"2.50\",\"header\":\"Under\"},{\"goals\":\"1.5\",\"odds\":\"3.40\",\"header\":\"Over\"},{\"goals\":\"1.5\",\"odds\":\"1.30\",\"header\":\"Under\"},{\"goals\":\"2.5\",\"odds\":\"10.00\",\"header\":\"Over\"},{\"goals\":\"2.5\",\"odds\":\"1.06\",\"header\":\"Under\"},{\"goals\":\"3.5\",\"odds\":\"26.00\",\"header\":\"Over\"},{\"goals\":\"3.5\",\"odds\":\"1.01\",\"header\":\"Under\"}],\"exact_1st_half_goals\":[{\"opp\":\"0 Goals\",\"odds\":\"2.50\"},{\"opp\":\"1 Goal\",\"odds\":\"2.50\"},{\"opp\":\"2 Goals\",\"odds\":\"4.50\"},{\"opp\":\"3 Goals\",\"odds\":\"12.00\"},{\"opp\":\"4 Goals\",\"odds\":\"41.00\"},{\"opp\":\"5+ Goals\",\"odds\":\"101.00\"}],\"total_goal_minutes\":[{\"opp\":\"Over 125 minutes\",\"odds\":\"2.10\"},{\"opp\":\"105 To 125 minutes inc.\",\"odds\":\"8.50\"},{\"opp\":\"Under 105 minutes\",\"odds\":\"1.91\"}],\"first_team_to_score\":[{\"opp\":\"Atlas\",\"odds\":\"1.53\"},{\"opp\":\"No Goals\",\"odds\":\"8.00\"},{\"opp\":\"Zacatepec 1948\",\"odds\":\"3.00\"}],\"early_goal\":[{\"opp\":\"Goal before 32:00\",\"odds\":\"1.83\"},{\"opp\":\"No Goal before 32:00\",\"odds\":\"1.83\"}],\"late_goal\":[{\"opp\":\"Goal after 70:59\",\"odds\":\"1.83\"},{\"opp\":\"No Goal after 70:59\",\"odds\":\"1.83\"}],\"time_of_first_goal_brackets\":[{\"opp\":\"1-10\",\"odds\":\"4.75\"},{\"opp\":\"11-20\",\"odds\":\"5.50\"},{\"opp\":\"21-30\",\"odds\":\"6.50\"},{\"opp\":\"31-40\",\"odds\":\"7.50\"},{\"opp\":\"41-50\",\"odds\":\"8.00\"},{\"opp\":\"51-60\",\"odds\":\"12.00\"},{\"opp\":\"61-70\",\"odds\":\"15.00\"},{\"opp\":\"71-80\",\"odds\":\"17.00\"},{\"opp\":\"81 - Full Time\",\"odds\":\"17.00\"},{\"opp\":\"No Goal\",\"odds\":\"8.00\"}],\"2nd_half_goals\":[{\"goals\":\"0.5\",\"odds\":\"1.29\",\"header\":\"Over\"},{\"goals\":\"0.5\",\"odds\":\"3.50\",\"header\":\"Under\"},{\"goals\":\"1.5\",\"odds\":\"2.38\",\"header\":\"Over\"},{\"goals\":\"1.5\",\"odds\":\"1.53\",\"header\":\"Under\"},{\"goals\":\"2.5\",\"odds\":\"5.50\",\"header\":\"Over\"},{\"goals\":\"2.5\",\"odds\":\"1.14\",\"header\":\"Under\"},{\"goals\":\"3.5\",\"odds\":\"15.00\",\"header\":\"Over\"},{\"goals\":\"3.5\",\"odds\":\"1.03\",\"header\":\"Under\"}],\"exact_2nd_half_goals\":[{\"opp\":\"0 Goals\",\"odds\":\"3.50\"},{\"opp\":\"1 Goal\",\"odds\":\"2.60\"},{\"opp\":\"2 Goals\",\"odds\":\"3.75\"},{\"opp\":\"3 Goals\",\"odds\":\"8.00\"},{\"opp\":\"4 Goals\",\"odds\":\"21.00\"},{\"opp\":\"5+ Goals\",\"odds\":\"41.00\"}],\"half_with_most_goals\":[{\"opp\":\"1st Half\",\"odds\":\"3.20\"},{\"opp\":\"2nd Half\",\"odds\":\"2.10\"},{\"opp\":\"Tie\",\"odds\":\"3.25\"}],\"home_team_highest_scoring_half\":[{\"opp\":\"Atlas - 1st Half\",\"odds\":\"3.40\"},{\"opp\":\"Atlas - 2nd Half\",\"odds\":\"2.38\"},{\"opp\":\"Atlas - Tie\",\"odds\":\"2.50\"}],\"away_team_highest_scoring_half\":[{\"opp\":\"Zacatepec 1948 - 1st Half\",\"odds\":\"4.33\"},{\"opp\":\"Zacatepec 1948 - 2nd Half\",\"odds\":\"3.10\"},{\"opp\":\"Zacatepec 1948 - Tie\",\"odds\":\"1.83\"}],\"home_team_exact_goals\":[{\"opp\":\"Atlas - 0 Goals\",\"odds\":\"4.00\"},{\"opp\":\"Atlas - 1 Goal\",\"odds\":\"2.75\"},{\"opp\":\"Atlas - 2 Goals\",\"odds\":\"3.50\"},{\"opp\":\"Atlas - 3+ Goals\",\"odds\":\"4.33\"}],\"away_team_exact_goals\":[{\"opp\":\"Zacatepec 1948 - 0 Goals\",\"odds\":\"2.10\"},{\"opp\":\"Zacatepec 1948 - 1 Goal\",\"odds\":\"2.50\"},{\"opp\":\"Zacatepec 1948 - 2 Goals\",\"odds\":\"5.50\"},{\"opp\":\"Zacatepec 1948 - 3+ Goals\",\"odds\":\"15.00\"}],\"time_of_1st_team_goal\":[{\"opp\":\"Atlas - Goal before 48:00\",\"odds\":\"1.83\"},{\"opp\":\"Atlas - No Goal before 48:00\",\"odds\":\"1.83\"},{\"opp\":\"Zacatepec 1948 - Goal before 79:00\",\"odds\":\"1.83\"},{\"opp\":\"Zacatepec 1948 - No Goal before 79:00\",\"odds\":\"1.83\"}],\"goals_odd_even\":[{\"opp\":\"Even\",\"odds\":\"1.90\"},{\"opp\":\"Odd\",\"odds\":\"1.95\"}],\"home_team_odd_even_goals\":[{\"opp\":\"Atlas - Even\",\"odds\":\"1.80\"},{\"opp\":\"Atlas - Odd\",\"odds\":\"1.91\"}],\"away_team_odd_even_goals\":[{\"opp\":\"Zacatepec 1948 - Even\",\"odds\":\"1.57\"},{\"opp\":\"Zacatepec 1948 - Odd\",\"odds\":\"2.25\"}],\"1st_half_goals_odd_even\":[{\"opp\":\"Odd\",\"odds\":\"2.20\"},{\"opp\":\"Even\",\"odds\":\"1.67\"}],\"last_team_to_score\":[{\"opp\":\"Atlas\",\"odds\":\"1.53\"},{\"opp\":\"No Goal\",\"odds\":\"8.00\"},{\"opp\":\"Zacatepec 1948\",\"odds\":\"3.00\"}],\"first_10_minutes_(00:00_09:59)\":[{\"name\":\"Goals\",\"handicap\":\"0.5\",\"odds\":\"5.00\",\"header\":\"Over\"},{\"name\":\"Goals\",\"handicap\":\"0.5\",\"odds\":\"1.17\",\"header\":\"Under\"}]}},\"half\":{\"updated_at\":\"1532568796\",\"sp\":{\"half_time_result\":[{\"opp\":\"1\",\"odds\":\"2.50\"},{\"opp\":\"X\",\"odds\":\"2.05\"},{\"opp\":\"2\",\"odds\":\"5.00\"}],\"half_time_double_chance\":[{\"opp\":\"1X\",\"odds\":\"1.17\"},{\"opp\":\"X2\",\"odds\":\"1.50\"},{\"opp\":\"12\",\"odds\":\"1.73\"}],\"half_time_result_both_teams_to_score\":[{\"opp\":\"Atlas & Yes\",\"odds\":\"21.00\"},{\"opp\":\"Atlas & No\",\"odds\":\"2.75\"},{\"opp\":\"Draw & Yes\",\"odds\":\"9.00\"},{\"opp\":\"Draw & No\",\"odds\":\"2.50\"},{\"opp\":\"Zacatepec 1948 & Yes\",\"odds\":\"34.00\"},{\"opp\":\"Zacatepec 1948 & No\",\"odds\":\"5.50\"}],\"half_time_result_total_goals\":[{\"opp\":\"Atlas & Over 1.5\",\"odds\":\"6.50\"},{\"opp\":\"Atlas & Under 1.5\",\"odds\":\"3.60\"},{\"opp\":\"Draw & Over 1.5\",\"odds\":\"9.00\"},{\"opp\":\"Draw & Under 1.5\",\"odds\":\"2.50\"},{\"opp\":\"Zacatepec 1948 & Over 1.5\",\"odds\":\"17.00\"},{\"opp\":\"Zacatepec 1948 & Under 1.5\",\"odds\":\"6.00\"}],\"half_time_correct_score\":[{\"opp\":\"1-0\",\"odds\":\"3.60\",\"header\":\"Home\"},{\"opp\":\"0-0\",\"odds\":\"2.50\",\"header\":\"X\"},{\"opp\":\"1-0\",\"odds\":\"6.00\",\"header\":\"Away\"},{\"opp\":\"2-0\",\"odds\":\"10.00\",\"header\":\"Home\"},{\"opp\":\"1-1\",\"odds\":\"9.00\",\"header\":\"X\"},{\"opp\":\"2-0\",\"odds\":\"26.00\",\"header\":\"Away\"},{\"opp\":\"2-1\",\"odds\":\"23.00\",\"header\":\"Home\"},{\"opp\":\"2-2\",\"odds\":\"67.00\",\"header\":\"X\"},{\"opp\":\"2-1\",\"odds\":\"41.00\",\"header\":\"Away\"},{\"opp\":\"3-0\",\"odds\":\"34.00\",\"header\":\"Home\"},{\"opp\":\"3-0\",\"odds\":\"101.00\",\"header\":\"Away\"},{\"opp\":\"3-1\",\"odds\":\"67.00\",\"header\":\"Home\"},{\"opp\":\"3-1\",\"odds\":\"151.00\",\"header\":\"Away\"},{\"opp\":\"3-2\",\"odds\":\"251.00\",\"header\":\"Home\"},{\"opp\":\"4-0\",\"odds\":\"126.00\",\"header\":\"Home\"},{\"opp\":\"4-1\",\"odds\":\"301.00\",\"header\":\"Home\"}],\"both_teams_to_score_in_1st_half\":[{\"opp\":\"Yes\",\"odds\":\"6.00\"},{\"opp\":\"No\",\"odds\":\"1.12\"}],\"both_teams_to_score_in_2nd_half\":[{\"opp\":\"Yes\",\"odds\":\"4.00\"},{\"opp\":\"No\",\"odds\":\"1.22\"}],\"both_teams_to_score_1st_half_2nd_half\":[{\"opp\":\"Yes \\\/ Yes\",\"odds\":\"23.00\"},{\"opp\":\"Yes \\\/ No\",\"odds\":\"7.00\"},{\"opp\":\"No \\\/ Yes\",\"odds\":\"4.33\"},{\"opp\":\"No \\\/ No\",\"odds\":\"1.40\"}],\"1st_half_asian_handicap\":[{\"opp\":\"0.0, -0.5\",\"odds\":\"1.950\",\"header\":\"Home\"},{\"opp\":\"0.0, +0.5\",\"odds\":\"1.850\",\"header\":\"Away\"}],\"1st_half_goal_line\":[{\"goals\":\"0.5, 1.0\",\"odds\":\"1.700\",\"header\":\"Over\"},{\"goals\":\"0.5, 1.0\",\"odds\":\"2.100\",\"header\":\"Under\"}],\"alternative_1st_half_asian_handicap\":[{\"opp\":\"-1.0, -1.5\",\"odds\":\"6.600\",\"header\":\"Home\"},{\"opp\":\"+1.0, +1.5\",\"odds\":\"1.110\",\"header\":\"Away\"},{\"opp\":\"-1.0\",\"odds\":\"5.750\",\"header\":\"Home\"},{\"opp\":\"+1.0\",\"odds\":\"1.140\",\"header\":\"Away\"},{\"opp\":\"-0.5, -1.0\",\"odds\":\"3.300\",\"header\":\"Home\"},{\"opp\":\"+0.5, +1.0\",\"odds\":\"1.325\",\"header\":\"Away\"},{\"opp\":\"-0.5\",\"odds\":\"2.425\",\"header\":\"Home\"},{\"opp\":\"+0.5\",\"odds\":\"1.525\",\"header\":\"Away\"},{\"opp\":\"0.0\",\"odds\":\"1.375\",\"header\":\"Home\"},{\"opp\":\"0.0\",\"odds\":\"3.000\",\"header\":\"Away\"},{\"opp\":\"0.0, +0.5\",\"odds\":\"1.230\",\"header\":\"Home\"},{\"opp\":\"0.0, -0.5\",\"odds\":\"4.000\",\"header\":\"Away\"},{\"opp\":\"+0.5\",\"odds\":\"1.160\",\"header\":\"Home\"},{\"opp\":\"-0.5\",\"odds\":\"5.250\",\"header\":\"Away\"}],\"alternative_1st_half_goal_line\":[{\"goals\":\"1.0\",\"odds\":\"2.150\",\"header\":\"Over\"},{\"goals\":\"1.0\",\"odds\":\"1.675\",\"header\":\"Under\"},{\"goals\":\"1.0, 1.5\",\"odds\":\"2.750\",\"header\":\"Over\"},{\"goals\":\"1.0, 1.5\",\"odds\":\"1.425\",\"header\":\"Under\"},{\"goals\":\"1.5\",\"odds\":\"3.300\",\"header\":\"Over\"},{\"goals\":\"1.5\",\"odds\":\"1.325\",\"header\":\"Under\"},{\"goals\":\"1.5, 2.0\",\"odds\":\"4.400\",\"header\":\"Over\"},{\"goals\":\"1.5, 2.0\",\"odds\":\"1.200\",\"header\":\"Under\"}],\"1st_half_handicap\":[{\"opp\":\"Atlas  -1.0\",\"odds\":\"7.50\"},{\"opp\":\"Tie - Zacatepec 1948 +1.0\",\"odds\":\"3.25\"},{\"opp\":\"Zacatepec 1948  +1.0\",\"odds\":\"1.50\"}],\"alternative_1st_half_handicap_result\":[{\"opp\":\"-2.0\",\"odds\":\"21.00\",\"header\":\"Home\"},{\"opp\":\"+2.0\",\"odds\":\"9.00\",\"header\":\"Tie\"},{\"opp\":\"+2.0\",\"odds\":\"1.07\",\"header\":\"Away\"},{\"opp\":\"+1.0\",\"odds\":\"1.17\",\"header\":\"Home\"},{\"opp\":\"-1.0\",\"odds\":\"5.50\",\"header\":\"Tie\"},{\"opp\":\"-1.0\",\"odds\":\"21.00\",\"header\":\"Away\"}],\"first_half_goals\":[{\"goals\":\"0.5\",\"odds\":\"1.50\",\"header\":\"Over\"},{\"goals\":\"0.5\",\"odds\":\"2.50\",\"header\":\"Under\"},{\"goals\":\"1.5\",\"odds\":\"3.40\",\"header\":\"Over\"},{\"goals\":\"1.5\",\"odds\":\"1.30\",\"header\":\"Under\"},{\"goals\":\"2.5\",\"odds\":\"10.00\",\"header\":\"Over\"},{\"goals\":\"2.5\",\"odds\":\"1.06\",\"header\":\"Under\"},{\"goals\":\"3.5\",\"odds\":\"26.00\",\"header\":\"Over\"},{\"goals\":\"3.5\",\"odds\":\"1.01\",\"header\":\"Under\"}],\"exact_1st_half_goals\":[{\"opp\":\"0 Goals\",\"odds\":\"2.50\"},{\"opp\":\"1 Goal\",\"odds\":\"2.50\"},{\"opp\":\"2 Goals\",\"odds\":\"4.50\"},{\"opp\":\"3 Goals\",\"odds\":\"12.00\"},{\"opp\":\"4 Goals\",\"odds\":\"41.00\"},{\"opp\":\"5+ Goals\",\"odds\":\"101.00\"}],\"first_half_corners\":[{\"opp\":\"4\",\"odds\":\"1.95\",\"header\":\"Over\"},{\"opp\":\"4\",\"odds\":\"4.75\",\"header\":\"Exactly\"},{\"opp\":\"4\",\"odds\":\"2.75\",\"header\":\"Under\"}],\"1st_half_asian_corners\":[{\"goals\":\"4.5\",\"odds\":\"1.975\",\"header\":\"Over\"},{\"goals\":\"4.5\",\"odds\":\"1.825\",\"header\":\"Under\"}],\"1st_half_goals_odd_even\":[{\"opp\":\"Odd\",\"odds\":\"2.20\"},{\"opp\":\"Even\",\"odds\":\"1.67\"}],\"to_score_in_half\":[{\"name\":\"1st Half\",\"odds\":\"1.91\",\"header\":\"Yes\"},{\"name\":\"1st Half\",\"odds\":\"1.80\",\"header\":\"No\"},{\"name\":\"2nd Half\",\"odds\":\"1.62\",\"header\":\"Yes\"},{\"name\":\"2nd Half\",\"odds\":\"2.20\",\"header\":\"No\"},{\"name\":\"1st Half\",\"odds\":\"3.00\",\"header\":\"Yes\"},{\"name\":\"1st Half\",\"odds\":\"1.36\",\"header\":\"No\"},{\"name\":\"2nd Half\",\"odds\":\"2.38\",\"header\":\"Yes\"},{\"name\":\"2nd Half\",\"odds\":\"1.53\",\"header\":\"No\"}],\"half_with_most_goals\":[{\"opp\":\"1st Half\",\"odds\":\"3.20\"},{\"opp\":\"2nd Half\",\"odds\":\"2.10\"},{\"opp\":\"Tie\",\"odds\":\"3.25\"}],\"home_team_highest_scoring_half\":[{\"opp\":\"Atlas - 1st Half\",\"odds\":\"3.40\"},{\"opp\":\"Atlas - 2nd Half\",\"odds\":\"2.38\"},{\"opp\":\"Atlas - Tie\",\"odds\":\"2.50\"}],\"away_team_highest_scoring_half\":[{\"opp\":\"Zacatepec 1948 - 1st Half\",\"odds\":\"4.33\"},{\"opp\":\"Zacatepec 1948 - 2nd Half\",\"odds\":\"3.10\"},{\"opp\":\"Zacatepec 1948 - Tie\",\"odds\":\"1.83\"}],\"2nd_half_result\":[{\"opp\":\"1\",\"odds\":\"2.20\"},{\"opp\":\"X\",\"odds\":\"2.38\"},{\"opp\":\"2\",\"odds\":\"4.33\"}],\"2nd_half_goals\":[{\"goals\":\"0.5\",\"odds\":\"1.29\",\"header\":\"Over\"},{\"goals\":\"0.5\",\"odds\":\"3.50\",\"header\":\"Under\"},{\"goals\":\"1.5\",\"odds\":\"2.38\",\"header\":\"Over\"},{\"goals\":\"1.5\",\"odds\":\"1.53\",\"header\":\"Under\"},{\"goals\":\"2.5\",\"odds\":\"5.50\",\"header\":\"Over\"},{\"goals\":\"2.5\",\"odds\":\"1.14\",\"header\":\"Under\"},{\"goals\":\"3.5\",\"odds\":\"15.00\",\"header\":\"Over\"},{\"goals\":\"3.5\",\"odds\":\"1.03\",\"header\":\"Under\"}],\"exact_2nd_half_goals\":[{\"opp\":\"0 Goals\",\"odds\":\"3.50\"},{\"opp\":\"1 Goal\",\"odds\":\"2.60\"},{\"opp\":\"2 Goals\",\"odds\":\"3.75\"},{\"opp\":\"3 Goals\",\"odds\":\"8.00\"},{\"opp\":\"4 Goals\",\"odds\":\"21.00\"},{\"opp\":\"5+ Goals\",\"odds\":\"41.00\"}],\"2nd_half_goals_odd_even\":[{\"opp\":\"Even\",\"odds\":\"1.73\"},{\"opp\":\"Odd\",\"odds\":\"2.00\"}]}},\"main\":{\"updated_at\":\"1532568796\",\"sp\":{\"full_time_result\":[{\"opp\":\"1\",\"odds\":\"1.75\"},{\"opp\":\"X\",\"odds\":\"3.50\"},{\"opp\":\"2\",\"odds\":\"4.75\"}],\"double_chance\":[{\"opp\":\"1X\",\"odds\":\"1.20\"},{\"opp\":\"X2\",\"odds\":\"2.10\"},{\"opp\":\"12\",\"odds\":\"1.30\"}],\"correct_score\":[{\"opp\":\"1-0\",\"odds\":\"6.00\",\"header\":\"Home\"},{\"opp\":\"0-0\",\"odds\":\"8.00\",\"header\":\"X\"},{\"opp\":\"1-0\",\"odds\":\"10.00\",\"header\":\"Away\"},{\"opp\":\"2-0\",\"odds\":\"7.50\",\"header\":\"Home\"},{\"opp\":\"1-1\",\"odds\":\"6.50\",\"header\":\"X\"},{\"opp\":\"2-0\",\"odds\":\"21.00\",\"header\":\"Away\"},{\"opp\":\"2-1\",\"odds\":\"9.00\",\"header\":\"Home\"},{\"opp\":\"2-2\",\"odds\":\"19.00\",\"header\":\"X\"},{\"opp\":\"2-1\",\"odds\":\"15.00\",\"header\":\"Away\"},{\"opp\":\"3-0\",\"odds\":\"15.00\",\"header\":\"Home\"},{\"opp\":\"3-3\",\"odds\":\"67.00\",\"header\":\"X\"},{\"opp\":\"3-0\",\"odds\":\"51.00\",\"header\":\"Away\"},{\"opp\":\"3-1\",\"odds\":\"17.00\",\"header\":\"Home\"},{\"opp\":\"3-1\",\"odds\":\"41.00\",\"header\":\"Away\"},{\"opp\":\"3-2\",\"odds\":\"34.00\",\"header\":\"Home\"},{\"opp\":\"3-2\",\"odds\":\"51.00\",\"header\":\"Away\"},{\"opp\":\"4-0\",\"odds\":\"34.00\",\"header\":\"Home\"},{\"opp\":\"4-0\",\"odds\":\"151.00\",\"header\":\"Away\"},{\"opp\":\"4-1\",\"odds\":\"34.00\",\"header\":\"Home\"},{\"opp\":\"4-1\",\"odds\":\"101.00\",\"header\":\"Away\"},{\"opp\":\"4-2\",\"odds\":\"51.00\",\"header\":\"Home\"},{\"opp\":\"4-2\",\"odds\":\"151.00\",\"header\":\"Away\"},{\"opp\":\"4-3\",\"odds\":\"151.00\",\"header\":\"Home\"},{\"opp\":\"4-3\",\"odds\":\"251.00\",\"header\":\"Away\"},{\"opp\":\"5-0\",\"odds\":\"67.00\",\"header\":\"Home\"},{\"opp\":\"5-1\",\"odds\":\"81.00\",\"header\":\"Home\"},{\"opp\":\"5-2\",\"odds\":\"151.00\",\"header\":\"Home\"},{\"opp\":\"6-0\",\"odds\":\"201.00\",\"header\":\"Home\"},{\"opp\":\"6-1\",\"odds\":\"201.00\",\"header\":\"Home\"}],\"half_time_full_time\":[{\"opp\":\"Atlas - Atlas\",\"odds\":\"2.88\"},{\"opp\":\"Atlas - Draw\",\"odds\":\"15.00\"},{\"opp\":\"Atlas - Zacatepec 1948\",\"odds\":\"41.00\"},{\"opp\":\"Draw - Atlas\",\"odds\":\"4.33\"},{\"opp\":\"Draw - Draw\",\"odds\":\"4.75\"},{\"opp\":\"Draw - Zacatepec 1948\",\"odds\":\"9.50\"},{\"opp\":\"Zacatepec 1948 - Atlas\",\"odds\":\"26.00\"},{\"opp\":\"Zacatepec 1948 - Draw\",\"odds\":\"17.00\"},{\"opp\":\"Zacatepec 1948 - Zacatepec 1948\",\"odds\":\"8.00\"}],\"goals_over_under\":[{\"goals\":\"2.5\",\"odds\":\"2.25\",\"header\":\"Over\"},{\"goals\":\"2.5\",\"odds\":\"1.62\",\"header\":\"Under\"}],\"both_teams_to_score\":[{\"opp\":\"Yes\",\"odds\":\"2.10\"},{\"opp\":\"No\",\"odds\":\"1.67\"}],\"asian_handicap\":[{\"opp\":\"-0.5, -1.0\",\"odds\":\"2.000\",\"header\":\"Home\"},{\"opp\":\"+0.5, +1.0\",\"odds\":\"1.800\",\"header\":\"Away\"}],\"goal_line\":[{\"goals\":\"2.0, 2.5\",\"odds\":\"2.000\",\"header\":\"Over\"},{\"goals\":\"2.0, 2.5\",\"odds\":\"1.800\",\"header\":\"Under\"}],\"alternative_asian_handicap\":[{\"opp\":\"-2.5\",\"odds\":\"7.000\",\"header\":\"Home\"},{\"opp\":\"+2.5\",\"odds\":\"1.100\",\"header\":\"Away\"},{\"opp\":\"-2.0, -2.5\",\"odds\":\"6.400\",\"header\":\"Home\"},{\"opp\":\"+2.0, +2.5\",\"odds\":\"1.115\",\"header\":\"Away\"},{\"opp\":\"-2.0\",\"odds\":\"5.900\",\"header\":\"Home\"},{\"opp\":\"+2.0\",\"odds\":\"1.130\",\"header\":\"Away\"},{\"opp\":\"-1.5, -2.0\",\"odds\":\"4.000\",\"header\":\"Home\"},{\"opp\":\"+1.5, +2.0\",\"odds\":\"1.230\",\"header\":\"Away\"},{\"opp\":\"-1.5\",\"odds\":\"3.100\",\"header\":\"Home\"},{\"opp\":\"+1.5\",\"odds\":\"1.350\",\"header\":\"Away\"},{\"opp\":\"-1.0, -1.5\",\"odds\":\"2.750\",\"header\":\"Home\"},{\"opp\":\"+1.0, +1.5\",\"odds\":\"1.425\",\"header\":\"Away\"},{\"opp\":\"-1.0\",\"odds\":\"2.375\",\"header\":\"Home\"},{\"opp\":\"+1.0\",\"odds\":\"1.550\",\"header\":\"Away\"},{\"opp\":\"-0.5\",\"odds\":\"1.750\",\"header\":\"Home\"},{\"opp\":\"+0.5\",\"odds\":\"2.050\",\"header\":\"Away\"},{\"opp\":\"0.0, -0.5\",\"odds\":\"1.525\",\"header\":\"Home\"},{\"opp\":\"0.0, +0.5\",\"odds\":\"2.425\",\"header\":\"Away\"},{\"opp\":\"0.0\",\"odds\":\"1.300\",\"header\":\"Home\"},{\"opp\":\"0.0\",\"odds\":\"3.450\",\"header\":\"Away\"},{\"opp\":\"0.0, +0.5\",\"odds\":\"1.240\",\"header\":\"Home\"},{\"opp\":\"0.0, -0.5\",\"odds\":\"3.900\",\"header\":\"Away\"},{\"opp\":\"+0.5\",\"odds\":\"1.200\",\"header\":\"Home\"},{\"opp\":\"-0.5\",\"odds\":\"4.400\",\"header\":\"Away\"},{\"opp\":\"+0.5, +1.0\",\"odds\":\"1.125\",\"header\":\"Home\"},{\"opp\":\"-0.5, -1.0\",\"odds\":\"6.000\",\"header\":\"Away\"}],\"alternative_goal_line\":[{\"goals\":\"0.5, 1.0\",\"odds\":\"1.100\",\"header\":\"Over\"},{\"goals\":\"0.5, 1.0\",\"odds\":\"7.000\",\"header\":\"Under\"},{\"goals\":\"1.0\",\"odds\":\"1.115\",\"header\":\"Over\"},{\"goals\":\"1.0\",\"odds\":\"6.400\",\"header\":\"Under\"},{\"goals\":\"1.0, 1.5\",\"odds\":\"1.260\",\"header\":\"Over\"},{\"goals\":\"1.0, 1.5\",\"odds\":\"3.700\",\"header\":\"Under\"},{\"goals\":\"1.5\",\"odds\":\"1.425\",\"header\":\"Over\"},{\"goals\":\"1.5\",\"odds\":\"2.750\",\"header\":\"Under\"},{\"goals\":\"1.5, 2.0\",\"odds\":\"1.525\",\"header\":\"Over\"},{\"goals\":\"1.5, 2.0\",\"odds\":\"2.425\",\"header\":\"Under\"},{\"goals\":\"2.0\",\"odds\":\"1.700\",\"header\":\"Over\"},{\"goals\":\"2.0\",\"odds\":\"2.100\",\"header\":\"Under\"},{\"goals\":\"2.5\",\"odds\":\"2.250\",\"header\":\"Over\"},{\"goals\":\"2.5\",\"odds\":\"1.625\",\"header\":\"Under\"},{\"goals\":\"2.5, 3.0\",\"odds\":\"2.675\",\"header\":\"Over\"},{\"goals\":\"2.5, 3.0\",\"odds\":\"1.450\",\"header\":\"Under\"},{\"goals\":\"3.0\",\"odds\":\"3.450\",\"header\":\"Over\"},{\"goals\":\"3.0\",\"odds\":\"1.300\",\"header\":\"Under\"},{\"goals\":\"3.0, 3.5\",\"odds\":\"3.800\",\"header\":\"Over\"},{\"goals\":\"3.0, 3.5\",\"odds\":\"1.250\",\"header\":\"Under\"},{\"goals\":\"3.5\",\"odds\":\"4.150\",\"header\":\"Over\"},{\"goals\":\"3.5\",\"odds\":\"1.220\",\"header\":\"Under\"},{\"goals\":\"3.5, 4.0\",\"odds\":\"5.500\",\"header\":\"Over\"},{\"goals\":\"3.5, 4.0\",\"odds\":\"1.150\",\"header\":\"Under\"}],\"draw_no_bet\":[{\"opp\":\"Atlas\",\"odds\":\"1.33\"},{\"opp\":\"Zacatepec 1948\",\"odds\":\"3.25\"}],\"result_both_teams_to_score\":[{\"name\":\"Atlas\",\"odds\":\"4.50\",\"header\":\"Yes\"},{\"name\":\"Atlas\",\"odds\":\"2.75\",\"header\":\"No\"},{\"name\":\"Zacatepec 1948\",\"odds\":\"10.00\",\"header\":\"Yes\"},{\"name\":\"Zacatepec 1948\",\"odds\":\"7.00\",\"header\":\"No\"},{\"name\":\"Draw\",\"odds\":\"5.00\",\"header\":\"Yes\"},{\"name\":\"Draw\",\"odds\":\"8.00\",\"header\":\"No\"}],\"handicap_result\":[{\"opp\":\"Atlas (-1)\",\"odds\":\"3.20\"},{\"opp\":\"Tie - (Zacatepec 1948 +1)\",\"odds\":\"3.50\"},{\"opp\":\"Zacatepec 1948 (+1)\",\"odds\":\"2.10\"}],\"alternative_handicap_result\":[{\"opp\":\"-3.0\",\"odds\":\"15.00\",\"header\":\"Home\"},{\"opp\":\"+3.0\",\"odds\":\"9.00\",\"header\":\"Tie\"},{\"opp\":\"+3.0\",\"odds\":\"1.07\",\"header\":\"Away\"},{\"opp\":\"-2.0\",\"odds\":\"7.00\",\"header\":\"Home\"},{\"opp\":\"+2.0\",\"odds\":\"5.00\",\"header\":\"Tie\"},{\"opp\":\"+2.0\",\"odds\":\"1.30\",\"header\":\"Away\"},{\"opp\":\"+1.0\",\"odds\":\"1.20\",\"header\":\"Home\"},{\"opp\":\"-1.0\",\"odds\":\"5.50\",\"header\":\"Tie\"},{\"opp\":\"-1.0\",\"odds\":\"10.00\",\"header\":\"Away\"},{\"opp\":\"+2.0\",\"odds\":\"1.04\",\"header\":\"Home\"},{\"opp\":\"-2.0\",\"odds\":\"13.00\",\"header\":\"Tie\"},{\"opp\":\"-2.0\",\"odds\":\"19.00\",\"header\":\"Away\"}],\"winning_margin\":[{\"goals\":\" 1\",\"odds\":\"3.50\",\"header\":\"Home\"},{\"goals\":\" 1\",\"odds\":\"5.50\",\"header\":\"Away\"},{\"goals\":\" 2\",\"odds\":\"5.00\",\"header\":\"Home\"},{\"goals\":\" 2\",\"odds\":\"13.00\",\"header\":\"Away\"},{\"goals\":\" 3\",\"odds\":\"9.00\",\"header\":\"Home\"},{\"goals\":\" 3\",\"odds\":\"41.00\",\"header\":\"Away\"},{\"goals\":\" 4+\",\"odds\":\"15.00\",\"header\":\"Home\"},{\"goals\":\" 4+\",\"odds\":\"126.00\",\"header\":\"Away\"},{\"goals\":\"Score Draw\",\"odds\":\"5.00\",\"header\":\"Home\"},{\"goals\":\"No Goal\",\"odds\":\"8.00\",\"header\":\"Home\"}]}},\"schedule\":{\"updated_at\":\"1532570184\",\"sp\":{\"main\":[{\"odds\":\"1.75\"},{\"odds\":\"3.50\"},{\"odds\":\"4.75\"}]}},\"specials\":{\"updated_at\":\"1532568815\",\"sp\":{\"specials\":[{\"name\":\"To Win From Behind\",\"odds\":\"8.00\",\"header\":\"Home\"},{\"name\":\"To Win From Behind\",\"odds\":\"15.00\",\"header\":\"Away\"},{\"name\":\"To Win to Nil\",\"odds\":\"2.75\",\"header\":\"Home\"},{\"name\":\"To Win to Nil\",\"odds\":\"7.00\",\"header\":\"Away\"},{\"name\":\"To Win Either Half\",\"odds\":\"1.44\",\"header\":\"Home\"},{\"name\":\"To Win Either Half\",\"odds\":\"2.62\",\"header\":\"Away\"},{\"name\":\"To Win Both Halves\",\"odds\":\"5.50\",\"header\":\"Home\"},{\"name\":\"To Win Both Halves\",\"odds\":\"23.00\",\"header\":\"Away\"},{\"name\":\"To Score in Both Halves\",\"odds\":\"3.25\",\"header\":\"Home\"},{\"name\":\"To Score in Both Halves\",\"odds\":\"7.00\",\"header\":\"Away\"}],\"to_score_in_half\":[{\"name\":\"1st Half\",\"odds\":\"1.91\",\"header\":\"Yes\"},{\"name\":\"1st Half\",\"odds\":\"1.80\",\"header\":\"No\"},{\"name\":\"2nd Half\",\"odds\":\"1.62\",\"header\":\"Yes\"},{\"name\":\"2nd Half\",\"odds\":\"2.20\",\"header\":\"No\"},{\"name\":\"1st Half\",\"odds\":\"3.00\",\"header\":\"Yes\"},{\"name\":\"1st Half\",\"odds\":\"1.36\",\"header\":\"No\"},{\"name\":\"2nd Half\",\"odds\":\"2.38\",\"header\":\"Yes\"},{\"name\":\"2nd Half\",\"odds\":\"1.53\",\"header\":\"No\"}]}}}]}"}