{"odd":"{\"success\":1,\"results\":[{\"FI\":\"75382780\",\"event_id\":\"847065\",\"asian_lines\":{\"updated_at\":\"1532569786\",\"sp\":{\"asian_handicap\":[{\"opp\":\"-0.5, -1.0\",\"odds\":\"1.900\",\"header\":\"Home\"},{\"opp\":\"+0.5, +1.0\",\"odds\":\"1.900\",\"header\":\"Away\"}],\"goal_line\":[{\"goals\":\"2.0, 2.5\",\"odds\":\"1.800\",\"header\":\"Over\"},{\"goals\":\"2.0, 2.5\",\"odds\":\"2.000\",\"header\":\"Under\"}],\"1st_half_asian_handicap\":[{\"opp\":\"0.0, -0.5\",\"odds\":\"1.875\",\"header\":\"Home\"},{\"opp\":\"0.0, +0.5\",\"odds\":\"1.925\",\"header\":\"Away\"}],\"1st_half_goal_line\":[{\"goals\":\"1.0\",\"odds\":\"2.025\",\"header\":\"Over\"},{\"goals\":\"1.0\",\"odds\":\"1.775\",\"header\":\"Under\"}]}},\"goals\":{\"updated_at\":\"1532569803\",\"sp\":{\"goals_over_under\":[{\"goals\":\"2.5\",\"odds\":\"2.05\",\"header\":\"Over\"},{\"goals\":\"2.5\",\"odds\":\"1.75\",\"header\":\"Under\"}],\"first_team_to_score\":[{\"opp\":\"PSIM Yogyakarta\",\"odds\":\"1.44\"},{\"opp\":\"No Goals\",\"odds\":\"9.00\"},{\"opp\":\"PSS Sleman\",\"odds\":\"3.10\"}],\"home_team_highest_scoring_half\":[{\"opp\":\"PSIM Yogyakarta - 1st Half\",\"odds\":\"3.25\"},{\"opp\":\"PSIM Yogyakarta - 2nd Half\",\"odds\":\"2.30\"},{\"opp\":\"PSIM Yogyakarta - Tie\",\"odds\":\"2.62\"}],\"away_team_highest_scoring_half\":[{\"opp\":\"PSS Sleman - 1st Half\",\"odds\":\"4.00\"},{\"opp\":\"PSS Sleman - 2nd Half\",\"odds\":\"3.10\"},{\"opp\":\"PSS Sleman - Tie\",\"odds\":\"1.80\"}],\"goals_odd_even\":[{\"opp\":\"Even\",\"odds\":\"1.90\"},{\"opp\":\"Odd\",\"odds\":\"1.95\"}],\"home_team_odd_even_goals\":[{\"opp\":\"PSIM Yogyakarta - Even\",\"odds\":\"1.80\"},{\"opp\":\"PSIM Yogyakarta - Odd\",\"odds\":\"1.91\"}],\"away_team_odd_even_goals\":[{\"opp\":\"PSS Sleman - Even\",\"odds\":\"1.53\"},{\"opp\":\"PSS Sleman - Odd\",\"odds\":\"2.38\"}],\"1st_half_goals_odd_even\":[{\"opp\":\"Odd\",\"odds\":\"2.20\"},{\"opp\":\"Even\",\"odds\":\"1.67\"}]}},\"half\":{\"updated_at\":\"1532569821\",\"sp\":{\"half_time_result\":[{\"opp\":\"1\",\"odds\":\"2.30\"},{\"opp\":\"X\",\"odds\":\"2.20\"},{\"opp\":\"2\",\"odds\":\"4.75\"}],\"half_time_double_chance\":[{\"opp\":\"1X\",\"odds\":\"1.18\"},{\"opp\":\"X2\",\"odds\":\"1.57\"},{\"opp\":\"12\",\"odds\":\"1.62\"}],\"half_time_correct_score\":[{\"opp\":\"1-0\",\"odds\":\"3.75\",\"header\":\"Home\"},{\"opp\":\"0-0\",\"odds\":\"2.62\",\"header\":\"X\"},{\"opp\":\"1-0\",\"odds\":\"6.50\",\"header\":\"Away\"},{\"opp\":\"2-0\",\"odds\":\"8.50\",\"header\":\"Home\"},{\"opp\":\"1-1\",\"odds\":\"11.00\",\"header\":\"X\"},{\"opp\":\"2-0\",\"odds\":\"23.00\",\"header\":\"Away\"},{\"opp\":\"2-1\",\"odds\":\"26.00\",\"header\":\"Home\"},{\"opp\":\"2-2\",\"odds\":\"81.00\",\"header\":\"X\"},{\"opp\":\"2-1\",\"odds\":\"41.00\",\"header\":\"Away\"},{\"opp\":\"3-0\",\"odds\":\"23.00\",\"header\":\"Home\"},{\"opp\":\"3-0\",\"odds\":\"67.00\",\"header\":\"Away\"},{\"opp\":\"3-1\",\"odds\":\"67.00\",\"header\":\"Home\"},{\"opp\":\"4-0\",\"odds\":\"51.00\",\"header\":\"Home\"}],\"1st_half_asian_handicap\":[{\"opp\":\"0.0, -0.5\",\"odds\":\"1.875\",\"header\":\"Home\"},{\"opp\":\"0.0, +0.5\",\"odds\":\"1.925\",\"header\":\"Away\"}],\"1st_half_goal_line\":[{\"goals\":\"1.0\",\"odds\":\"2.025\",\"header\":\"Over\"},{\"goals\":\"1.0\",\"odds\":\"1.775\",\"header\":\"Under\"}],\"1st_half_goals_odd_even\":[{\"opp\":\"Odd\",\"odds\":\"2.20\"},{\"opp\":\"Even\",\"odds\":\"1.67\"}],\"home_team_highest_scoring_half\":[{\"opp\":\"PSIM Yogyakarta - 1st Half\",\"odds\":\"3.25\"},{\"opp\":\"PSIM Yogyakarta - 2nd Half\",\"odds\":\"2.30\"},{\"opp\":\"PSIM Yogyakarta - Tie\",\"odds\":\"2.62\"}],\"away_team_highest_scoring_half\":[{\"opp\":\"PSS Sleman - 1st Half\",\"odds\":\"4.00\"},{\"opp\":\"PSS Sleman - 2nd Half\",\"odds\":\"3.10\"},{\"opp\":\"PSS Sleman - Tie\",\"odds\":\"1.80\"}],\"2nd_half_goals_odd_even\":[{\"opp\":\"Even\",\"odds\":\"1.73\"},{\"opp\":\"Odd\",\"odds\":\"2.00\"}]}},\"main\":{\"updated_at\":\"1532569769\",\"sp\":{\"full_time_result\":[{\"opp\":\"1\",\"odds\":\"1.62\"},{\"opp\":\"X\",\"odds\":\"3.75\"},{\"opp\":\"2\",\"odds\":\"4.33\"}],\"double_chance\":[{\"opp\":\"1X\",\"odds\":\"1.20\"},{\"opp\":\"X2\",\"odds\":\"2.20\"},{\"opp\":\"12\",\"odds\":\"1.25\"}],\"correct_score\":[{\"opp\":\"1-0\",\"odds\":\"6.00\",\"header\":\"Home\"},{\"opp\":\"0-0\",\"odds\":\"9.00\",\"header\":\"X\"},{\"opp\":\"1-0\",\"odds\":\"11.00\",\"header\":\"Away\"},{\"opp\":\"2-0\",\"odds\":\"7.50\",\"header\":\"Home\"},{\"opp\":\"1-1\",\"odds\":\"8.00\",\"header\":\"X\"},{\"opp\":\"2-0\",\"odds\":\"21.00\",\"header\":\"Away\"},{\"opp\":\"2-1\",\"odds\":\"10.00\",\"header\":\"Home\"},{\"opp\":\"2-2\",\"odds\":\"21.00\",\"header\":\"X\"},{\"opp\":\"2-1\",\"odds\":\"17.00\",\"header\":\"Away\"},{\"opp\":\"3-0\",\"odds\":\"12.00\",\"header\":\"Home\"},{\"opp\":\"3-3\",\"odds\":\"67.00\",\"header\":\"X\"},{\"opp\":\"3-0\",\"odds\":\"41.00\",\"header\":\"Away\"},{\"opp\":\"3-1\",\"odds\":\"17.00\",\"header\":\"Home\"},{\"opp\":\"3-1\",\"odds\":\"41.00\",\"header\":\"Away\"},{\"opp\":\"3-2\",\"odds\":\"34.00\",\"header\":\"Home\"},{\"opp\":\"3-2\",\"odds\":\"41.00\",\"header\":\"Away\"},{\"opp\":\"4-0\",\"odds\":\"23.00\",\"header\":\"Home\"},{\"opp\":\"4-1\",\"odds\":\"81.00\",\"header\":\"Away\"},{\"opp\":\"4-1\",\"odds\":\"34.00\",\"header\":\"Home\"},{\"opp\":\"4-2\",\"odds\":\"51.00\",\"header\":\"Home\"},{\"opp\":\"5-0\",\"odds\":\"41.00\",\"header\":\"Home\"},{\"opp\":\"5-1\",\"odds\":\"51.00\",\"header\":\"Home\"},{\"opp\":\"6-0\",\"odds\":\"81.00\",\"header\":\"Home\"}],\"half_time_full_time\":[{\"opp\":\"PSIM Yogyakarta - PSIM Yogyakarta\",\"odds\":\"2.75\"},{\"opp\":\"PSIM Yogyakarta - Draw\",\"odds\":\"17.00\"},{\"opp\":\"PSIM Yogyakarta - PSS Sleman\",\"odds\":\"34.00\"},{\"opp\":\"Draw - PSIM Yogyakarta\",\"odds\":\"4.50\"},{\"opp\":\"Draw - Draw\",\"odds\":\"5.50\"},{\"opp\":\"Draw - PSS Sleman\",\"odds\":\"9.50\"},{\"opp\":\"PSS Sleman - PSIM Yogyakarta\",\"odds\":\"21.00\"},{\"opp\":\"PSS Sleman - Draw\",\"odds\":\"17.00\"},{\"opp\":\"PSS Sleman - PSS Sleman\",\"odds\":\"7.50\"}],\"goals_over_under\":[{\"goals\":\"2.5\",\"odds\":\"2.05\",\"header\":\"Over\"},{\"goals\":\"2.5\",\"odds\":\"1.75\",\"header\":\"Under\"}],\"asian_handicap\":[{\"opp\":\"-0.5, -1.0\",\"odds\":\"1.900\",\"header\":\"Home\"},{\"opp\":\"+0.5, +1.0\",\"odds\":\"1.900\",\"header\":\"Away\"}],\"goal_line\":[{\"goals\":\"2.0, 2.5\",\"odds\":\"1.800\",\"header\":\"Over\"},{\"goals\":\"2.0, 2.5\",\"odds\":\"2.000\",\"header\":\"Under\"}],\"draw_no_bet\":[{\"opp\":\"PSIM Yogyakarta\",\"odds\":\"1.30\"},{\"opp\":\"PSS Sleman\",\"odds\":\"3.40\"}]}},\"schedule\":{\"updated_at\":\"1532570184\",\"sp\":{\"main\":[{\"odds\":\"1.62\"},{\"odds\":\"3.75\"},{\"odds\":\"4.33\"}]}}}]}"}