{"odd":"{\"success\":1,\"results\":[{\"FI\":\"75382769\",\"event_id\":\"847247\",\"goals\":{\"updated_at\":\"1532570018\",\"sp\":{\"goals_over_under\":[{\"goals\":\"2.5\",\"odds\":\"1.45\",\"header\":\"Over\"},{\"goals\":\"2.5\",\"odds\":\"2.67\",\"header\":\"Under\"}],\"first_team_to_score\":[{\"opp\":\"KF Fjallabyggd\",\"odds\":\"1.73\"},{\"opp\":\"No Goals\",\"odds\":\"19.00\"},{\"opp\":\"Einherji\",\"odds\":\"2.05\"}],\"home_team_highest_scoring_half\":[{\"opp\":\"KF Fjallabyggd - 1st Half\",\"odds\":\"3.25\"},{\"opp\":\"KF Fjallabyggd - 2nd Half\",\"odds\":\"2.25\"},{\"opp\":\"KF Fjallabyggd - Tie\",\"odds\":\"2.75\"}],\"away_team_highest_scoring_half\":[{\"opp\":\"Einherji - 1st Half\",\"odds\":\"3.40\"},{\"opp\":\"Einherji - 2nd Half\",\"odds\":\"2.30\"},{\"opp\":\"Einherji - Tie\",\"odds\":\"2.60\"}],\"goals_odd_even\":[{\"opp\":\"Even\",\"odds\":\"1.90\"},{\"opp\":\"Odd\",\"odds\":\"1.95\"}],\"home_team_odd_even_goals\":[{\"opp\":\"KF Fjallabyggd - Even\",\"odds\":\"1.80\"},{\"opp\":\"KF Fjallabyggd - Odd\",\"odds\":\"1.91\"}],\"away_team_odd_even_goals\":[{\"opp\":\"Einherji - Even\",\"odds\":\"1.80\"},{\"opp\":\"Einherji - Odd\",\"odds\":\"1.91\"}],\"1st_half_goals_odd_even\":[{\"opp\":\"Odd\",\"odds\":\"2.00\"},{\"opp\":\"Even\",\"odds\":\"1.80\"}]}},\"half\":{\"updated_at\":\"1532570026\",\"sp\":{\"half_time_result\":[{\"opp\":\"1\",\"odds\":\"2.62\"},{\"opp\":\"X\",\"odds\":\"2.50\"},{\"opp\":\"2\",\"odds\":\"3.00\"}],\"half_time_double_chance\":[{\"opp\":\"1X\",\"odds\":\"1.36\"},{\"opp\":\"X2\",\"odds\":\"1.44\"},{\"opp\":\"12\",\"odds\":\"1.50\"}],\"half_time_correct_score\":[{\"opp\":\"1-0\",\"odds\":\"5.00\",\"header\":\"Home\"},{\"opp\":\"0-0\",\"odds\":\"3.75\",\"header\":\"X\"},{\"opp\":\"1-0\",\"odds\":\"5.50\",\"header\":\"Away\"},{\"opp\":\"2-0\",\"odds\":\"11.00\",\"header\":\"Home\"},{\"opp\":\"1-1\",\"odds\":\"8.00\",\"header\":\"X\"},{\"opp\":\"2-0\",\"odds\":\"13.00\",\"header\":\"Away\"},{\"opp\":\"2-1\",\"odds\":\"19.00\",\"header\":\"Home\"},{\"opp\":\"2-2\",\"odds\":\"41.00\",\"header\":\"X\"},{\"opp\":\"2-1\",\"odds\":\"21.00\",\"header\":\"Away\"},{\"opp\":\"3-0\",\"odds\":\"29.00\",\"header\":\"Home\"},{\"opp\":\"3-0\",\"odds\":\"34.00\",\"header\":\"Away\"},{\"opp\":\"3-1\",\"odds\":\"41.00\",\"header\":\"Home\"},{\"opp\":\"3-1\",\"odds\":\"51.00\",\"header\":\"Away\"},{\"opp\":\"4-0\",\"odds\":\"67.00\",\"header\":\"Home\"},{\"opp\":\"4-0\",\"odds\":\"81.00\",\"header\":\"Away\"}],\"1st_half_goals_odd_even\":[{\"opp\":\"Odd\",\"odds\":\"2.00\"},{\"opp\":\"Even\",\"odds\":\"1.80\"}],\"home_team_highest_scoring_half\":[{\"opp\":\"KF Fjallabyggd - 1st Half\",\"odds\":\"3.25\"},{\"opp\":\"KF Fjallabyggd - 2nd Half\",\"odds\":\"2.25\"},{\"opp\":\"KF Fjallabyggd - Tie\",\"odds\":\"2.75\"}],\"away_team_highest_scoring_half\":[{\"opp\":\"Einherji - 1st Half\",\"odds\":\"3.40\"},{\"opp\":\"Einherji - 2nd Half\",\"odds\":\"2.30\"},{\"opp\":\"Einherji - Tie\",\"odds\":\"2.60\"}],\"2nd_half_goals_odd_even\":[{\"opp\":\"Even\",\"odds\":\"1.80\"},{\"opp\":\"Odd\",\"odds\":\"1.91\"}]}},\"main\":{\"updated_at\":\"1532570623\",\"sp\":{\"full_time_result\":[{\"opp\":\"1\",\"odds\":\"2.15\"},{\"opp\":\"X\",\"odds\":\"3.75\"},{\"opp\":\"2\",\"odds\":\"2.60\"}],\"double_chance\":[{\"opp\":\"1X\",\"odds\":\"1.50\"},{\"opp\":\"X2\",\"odds\":\"1.67\"},{\"opp\":\"12\",\"odds\":\"1.25\"}],\"correct_score\":[{\"opp\":\"1-0\",\"odds\":\"13.00\",\"header\":\"Home\"},{\"opp\":\"0-0\",\"odds\":\"19.00\",\"header\":\"X\"},{\"opp\":\"1-0\",\"odds\":\"15.00\",\"header\":\"Away\"},{\"opp\":\"2-0\",\"odds\":\"15.00\",\"header\":\"Home\"},{\"opp\":\"1-1\",\"odds\":\"8.50\",\"header\":\"X\"},{\"opp\":\"2-0\",\"odds\":\"17.00\",\"header\":\"Away\"},{\"opp\":\"2-1\",\"odds\":\"10.00\",\"header\":\"Home\"},{\"opp\":\"2-2\",\"odds\":\"12.00\",\"header\":\"X\"},{\"opp\":\"2-1\",\"odds\":\"12.00\",\"header\":\"Away\"},{\"opp\":\"3-0\",\"odds\":\"21.00\",\"header\":\"Home\"},{\"opp\":\"3-3\",\"odds\":\"34.00\",\"header\":\"X\"},{\"opp\":\"3-0\",\"odds\":\"26.00\",\"header\":\"Away\"},{\"opp\":\"3-1\",\"odds\":\"17.00\",\"header\":\"Home\"},{\"opp\":\"4-4\",\"odds\":\"81.00\",\"header\":\"X\"},{\"opp\":\"3-1\",\"odds\":\"19.00\",\"header\":\"Away\"},{\"opp\":\"3-2\",\"odds\":\"21.00\",\"header\":\"Home\"},{\"opp\":\"3-2\",\"odds\":\"23.00\",\"header\":\"Away\"},{\"opp\":\"4-0\",\"odds\":\"34.00\",\"header\":\"Home\"},{\"opp\":\"4-0\",\"odds\":\"41.00\",\"header\":\"Away\"},{\"opp\":\"4-1\",\"odds\":\"29.00\",\"header\":\"Home\"},{\"opp\":\"4-1\",\"odds\":\"34.00\",\"header\":\"Away\"},{\"opp\":\"4-2\",\"odds\":\"41.00\",\"header\":\"Home\"},{\"opp\":\"4-2\",\"odds\":\"41.00\",\"header\":\"Away\"},{\"opp\":\"5-0\",\"odds\":\"51.00\",\"header\":\"Home\"},{\"opp\":\"5-0\",\"odds\":\"81.00\",\"header\":\"Away\"},{\"opp\":\"5-1\",\"odds\":\"51.00\",\"header\":\"Home\"},{\"opp\":\"5-1\",\"odds\":\"51.00\",\"header\":\"Away\"},{\"opp\":\"4-3\",\"odds\":\"51.00\",\"header\":\"Home\"},{\"opp\":\"5-2\",\"odds\":\"81.00\",\"header\":\"Away\"},{\"opp\":\"5-2\",\"odds\":\"67.00\",\"header\":\"Home\"},{\"opp\":\"4-3\",\"odds\":\"51.00\",\"header\":\"Away\"}],\"half_time_full_time\":[{\"opp\":\"KF Fjallabyggd - KF Fjallabyggd\",\"odds\":\"3.50\"},{\"opp\":\"KF Fjallabyggd - Draw\",\"odds\":\"15.00\"},{\"opp\":\"KF Fjallabyggd - Einherji\",\"odds\":\"21.00\"},{\"opp\":\"Draw - KF Fjallabyggd\",\"odds\":\"6.50\"},{\"opp\":\"Draw - Draw\",\"odds\":\"7.50\"},{\"opp\":\"Draw - Einherji\",\"odds\":\"7.00\"},{\"opp\":\"Einherji - KF Fjallabyggd\",\"odds\":\"19.00\"},{\"opp\":\"Einherji - Draw\",\"odds\":\"15.00\"},{\"opp\":\"Einherji - Einherji\",\"odds\":\"4.00\"}],\"goals_over_under\":[{\"goals\":\"2.5\",\"odds\":\"1.45\",\"header\":\"Over\"},{\"goals\":\"2.5\",\"odds\":\"2.67\",\"header\":\"Under\"}],\"draw_no_bet\":[{\"opp\":\"KF Fjallabyggd\",\"odds\":\"1.73\"},{\"opp\":\"Einherji\",\"odds\":\"2.00\"}]}},\"schedule\":{\"updated_at\":\"1532570582\",\"sp\":{\"main\":[{\"odds\":\"2.15\"},{\"odds\":\"3.75\"},{\"odds\":\"2.60\"}]}}}]}"}