{"odd":"{\"success\":1,\"results\":[{\"FI\":\"75404274\",\"event_id\":\"847437\",\"asian_lines\":{\"updated_at\":\"1532570001\",\"sp\":{\"asian_total_corners\":[{\"goals\":\"9.0\",\"odds\":\"1.925\",\"header\":\"Over\"},{\"goals\":\"9.0\",\"odds\":\"1.875\",\"header\":\"Under\"}],\"1st_half_asian_corners\":[{\"goals\":\"4.0\",\"odds\":\"1.725\",\"header\":\"Over\"},{\"goals\":\"4.0\",\"odds\":\"2.075\",\"header\":\"Under\"}]}},\"corners\":{\"updated_at\":\"1532570012\",\"sp\":{\"corners\":[{\"opp\":\"Over 9\",\"odds\":\"2.20\"},{\"opp\":\"Exactly 9\",\"odds\":\"7.00\"},{\"opp\":\"Under 9\",\"odds\":\"2.10\"}],\"total_corners\":[{\"opp\":\"Under 6\",\"odds\":\"7.50\"},{\"opp\":\"6 - 8\",\"odds\":\"2.75\"},{\"opp\":\"9 - 11\",\"odds\":\"2.60\"},{\"opp\":\"12 - 14\",\"odds\":\"5.00\"},{\"opp\":\"Over 14\",\"odds\":\"17.00\"}],\"alternative_corners\":[{\"goals\":\"3\",\"odds\":\"1.01\",\"header\":\"Over\"},{\"goals\":\"3\",\"odds\":\"29.00\",\"header\":\"Exactly\"},{\"goals\":\"3\",\"odds\":\"41.00\",\"header\":\"Under\"},{\"goals\":\"4\",\"odds\":\"1.03\",\"header\":\"Over\"},{\"goals\":\"4\",\"odds\":\"17.00\",\"header\":\"Exactly\"},{\"goals\":\"4\",\"odds\":\"23.00\",\"header\":\"Under\"},{\"goals\":\"5\",\"odds\":\"1.07\",\"header\":\"Over\"},{\"goals\":\"5\",\"odds\":\"13.00\",\"header\":\"Exactly\"},{\"goals\":\"5\",\"odds\":\"13.00\",\"header\":\"Under\"},{\"goals\":\"6\",\"odds\":\"1.20\",\"header\":\"Over\"},{\"goals\":\"6\",\"odds\":\"9.00\",\"header\":\"Exactly\"},{\"goals\":\"6\",\"odds\":\"7.50\",\"header\":\"Under\"},{\"goals\":\"7\",\"odds\":\"1.40\",\"header\":\"Over\"},{\"goals\":\"7\",\"odds\":\"7.50\",\"header\":\"Exactly\"},{\"goals\":\"7\",\"odds\":\"4.50\",\"header\":\"Under\"},{\"goals\":\"8\",\"odds\":\"1.67\",\"header\":\"Over\"},{\"goals\":\"8\",\"odds\":\"7.00\",\"header\":\"Exactly\"},{\"goals\":\"8\",\"odds\":\"2.88\",\"header\":\"Under\"},{\"goals\":\"10\",\"odds\":\"2.88\",\"header\":\"Over\"},{\"goals\":\"10\",\"odds\":\"7.50\",\"header\":\"Exactly\"},{\"goals\":\"10\",\"odds\":\"1.67\",\"header\":\"Under\"},{\"goals\":\"11\",\"odds\":\"4.00\",\"header\":\"Over\"},{\"goals\":\"11\",\"odds\":\"8.50\",\"header\":\"Exactly\"},{\"goals\":\"11\",\"odds\":\"1.40\",\"header\":\"Under\"},{\"goals\":\"12\",\"odds\":\"6.00\",\"header\":\"Over\"},{\"goals\":\"12\",\"odds\":\"11.00\",\"header\":\"Exactly\"},{\"goals\":\"12\",\"odds\":\"1.22\",\"header\":\"Under\"},{\"goals\":\"13\",\"odds\":\"9.50\",\"header\":\"Over\"},{\"goals\":\"13\",\"odds\":\"13.00\",\"header\":\"Exactly\"},{\"goals\":\"13\",\"odds\":\"1.11\",\"header\":\"Under\"},{\"goals\":\"14\",\"odds\":\"15.00\",\"header\":\"Over\"},{\"goals\":\"14\",\"odds\":\"17.00\",\"header\":\"Exactly\"},{\"goals\":\"14\",\"odds\":\"1.05\",\"header\":\"Under\"},{\"goals\":\"15\",\"odds\":\"21.00\",\"header\":\"Over\"},{\"goals\":\"15\",\"odds\":\"23.00\",\"header\":\"Exactly\"},{\"goals\":\"15\",\"odds\":\"1.03\",\"header\":\"Under\"},{\"goals\":\"16\",\"odds\":\"29.00\",\"header\":\"Over\"},{\"goals\":\"16\",\"odds\":\"29.00\",\"header\":\"Exactly\"},{\"goals\":\"16\",\"odds\":\"1.02\",\"header\":\"Under\"}],\"corners_2_way\":[{\"opp\":\"Over 8.5\",\"odds\":\"1.67\"},{\"opp\":\"Under 8.5\",\"odds\":\"2.10\"}],\"first_half_corners\":[{\"opp\":\"4\",\"odds\":\"2.10\",\"header\":\"Over\"},{\"opp\":\"4\",\"odds\":\"4.75\",\"header\":\"Exactly\"},{\"opp\":\"4\",\"odds\":\"2.50\",\"header\":\"Under\"}],\"asian_total_corners\":[{\"goals\":\"9.0\",\"odds\":\"1.925\",\"header\":\"Over\"},{\"goals\":\"9.0\",\"odds\":\"1.875\",\"header\":\"Under\"}],\"1st_half_asian_corners\":[{\"goals\":\"4.0\",\"odds\":\"1.725\",\"header\":\"Over\"},{\"goals\":\"4.0\",\"odds\":\"2.075\",\"header\":\"Under\"}]}},\"goals\":{\"updated_at\":\"1532570026\",\"sp\":{\"goals_over_under\":[{\"goals\":\"2.5\",\"odds\":\"1.95\",\"header\":\"Over\"},{\"goals\":\"2.5\",\"odds\":\"1.85\",\"header\":\"Under\"}],\"first_team_to_score\":[{\"opp\":\"Beitar Tel Aviv Ramla\",\"odds\":\"1.53\"},{\"opp\":\"No Goals\",\"odds\":\"12.00\"},{\"opp\":\"Hapoel Marmorek\",\"odds\":\"2.62\"}],\"home_team_highest_scoring_half\":[{\"opp\":\"Beitar Tel Aviv Ramla - 1st Half\",\"odds\":\"3.25\"},{\"opp\":\"Beitar Tel Aviv Ramla - 2nd Half\",\"odds\":\"2.38\"},{\"opp\":\"Beitar Tel Aviv Ramla - Tie\",\"odds\":\"2.60\"}],\"away_team_highest_scoring_half\":[{\"opp\":\"Hapoel Marmorek - 1st Half\",\"odds\":\"3.75\"},{\"opp\":\"Hapoel Marmorek - 2nd Half\",\"odds\":\"2.88\"},{\"opp\":\"Hapoel Marmorek - Tie\",\"odds\":\"2.00\"}],\"goals_odd_even\":[{\"opp\":\"Even\",\"odds\":\"1.90\"},{\"opp\":\"Odd\",\"odds\":\"1.95\"}],\"home_team_odd_even_goals\":[{\"opp\":\"Beitar Tel Aviv Ramla - Even\",\"odds\":\"1.80\"},{\"opp\":\"Beitar Tel Aviv Ramla - Odd\",\"odds\":\"1.91\"}],\"away_team_odd_even_goals\":[{\"opp\":\"Hapoel Marmorek - Even\",\"odds\":\"1.67\"},{\"opp\":\"Hapoel Marmorek - Odd\",\"odds\":\"2.10\"}],\"1st_half_goals_odd_even\":[{\"opp\":\"Odd\",\"odds\":\"2.10\"},{\"opp\":\"Even\",\"odds\":\"1.73\"}]}},\"half\":{\"updated_at\":\"1532570040\",\"sp\":{\"half_time_result\":[{\"opp\":\"1\",\"odds\":\"2.40\"},{\"opp\":\"X\",\"odds\":\"2.20\"},{\"opp\":\"2\",\"odds\":\"4.00\"}],\"half_time_double_chance\":[{\"opp\":\"1X\",\"odds\":\"1.22\"},{\"opp\":\"X2\",\"odds\":\"1.53\"},{\"opp\":\"12\",\"odds\":\"1.62\"}],\"half_time_correct_score\":[{\"opp\":\"1-0\",\"odds\":\"3.75\",\"header\":\"Home\"},{\"opp\":\"0-0\",\"odds\":\"3.00\",\"header\":\"X\"},{\"opp\":\"1-0\",\"odds\":\"5.50\",\"header\":\"Away\"},{\"opp\":\"2-0\",\"odds\":\"9.50\",\"header\":\"Home\"},{\"opp\":\"1-1\",\"odds\":\"8.50\",\"header\":\"X\"},{\"opp\":\"2-0\",\"odds\":\"21.00\",\"header\":\"Away\"},{\"opp\":\"2-1\",\"odds\":\"21.00\",\"header\":\"Home\"},{\"opp\":\"2-2\",\"odds\":\"51.00\",\"header\":\"X\"},{\"opp\":\"2-1\",\"odds\":\"29.00\",\"header\":\"Away\"},{\"opp\":\"3-0\",\"odds\":\"34.00\",\"header\":\"Home\"},{\"opp\":\"3-0\",\"odds\":\"67.00\",\"header\":\"Away\"},{\"opp\":\"3-1\",\"odds\":\"51.00\",\"header\":\"Home\"},{\"opp\":\"3-1\",\"odds\":\"101.00\",\"header\":\"Away\"},{\"opp\":\"3-2\",\"odds\":\"151.00\",\"header\":\"Home\"},{\"opp\":\"4-0\",\"odds\":\"81.00\",\"header\":\"Home\"}],\"first_half_corners\":[{\"opp\":\"4\",\"odds\":\"2.10\",\"header\":\"Over\"},{\"opp\":\"4\",\"odds\":\"4.75\",\"header\":\"Exactly\"},{\"opp\":\"4\",\"odds\":\"2.50\",\"header\":\"Under\"}],\"1st_half_asian_corners\":[{\"goals\":\"4.0\",\"odds\":\"1.725\",\"header\":\"Over\"},{\"goals\":\"4.0\",\"odds\":\"2.075\",\"header\":\"Under\"}],\"1st_half_goals_odd_even\":[{\"opp\":\"Odd\",\"odds\":\"2.10\"},{\"opp\":\"Even\",\"odds\":\"1.73\"}],\"home_team_highest_scoring_half\":[{\"opp\":\"Beitar Tel Aviv Ramla - 1st Half\",\"odds\":\"3.25\"},{\"opp\":\"Beitar Tel Aviv Ramla - 2nd Half\",\"odds\":\"2.38\"},{\"opp\":\"Beitar Tel Aviv Ramla - Tie\",\"odds\":\"2.60\"}],\"away_team_highest_scoring_half\":[{\"opp\":\"Hapoel Marmorek - 1st Half\",\"odds\":\"3.75\"},{\"opp\":\"Hapoel Marmorek - 2nd Half\",\"odds\":\"2.88\"},{\"opp\":\"Hapoel Marmorek - Tie\",\"odds\":\"2.00\"}],\"2nd_half_goals_odd_even\":[{\"opp\":\"Even\",\"odds\":\"1.80\"},{\"opp\":\"Odd\",\"odds\":\"1.91\"}]}},\"main\":{\"updated_at\":\"1532570003\",\"sp\":{\"full_time_result\":[{\"opp\":\"1\",\"odds\":\"1.80\"},{\"opp\":\"X\",\"odds\":\"4.00\"},{\"opp\":\"2\",\"odds\":\"3.20\"}],\"double_chance\":[{\"opp\":\"1X\",\"odds\":\"1.36\"},{\"opp\":\"X2\",\"odds\":\"1.91\"},{\"opp\":\"12\",\"odds\":\"1.22\"}],\"correct_score\":[{\"opp\":\"1-0\",\"odds\":\"7.00\",\"header\":\"Home\"},{\"opp\":\"0-0\",\"odds\":\"12.00\",\"header\":\"X\"},{\"opp\":\"1-0\",\"odds\":\"9.50\",\"header\":\"Away\"},{\"opp\":\"2-0\",\"odds\":\"8.50\",\"header\":\"Home\"},{\"opp\":\"1-1\",\"odds\":\"8.00\",\"header\":\"X\"},{\"opp\":\"2-0\",\"odds\":\"17.00\",\"header\":\"Away\"},{\"opp\":\"2-1\",\"odds\":\"9.00\",\"header\":\"Home\"},{\"opp\":\"2-2\",\"odds\":\"19.00\",\"header\":\"X\"},{\"opp\":\"2-1\",\"odds\":\"12.00\",\"header\":\"Away\"},{\"opp\":\"3-0\",\"odds\":\"15.00\",\"header\":\"Home\"},{\"opp\":\"3-3\",\"odds\":\"51.00\",\"header\":\"X\"},{\"opp\":\"3-0\",\"odds\":\"41.00\",\"header\":\"Away\"},{\"opp\":\"3-1\",\"odds\":\"15.00\",\"header\":\"Home\"},{\"opp\":\"3-1\",\"odds\":\"29.00\",\"header\":\"Away\"},{\"opp\":\"3-2\",\"odds\":\"29.00\",\"header\":\"Home\"},{\"opp\":\"3-2\",\"odds\":\"34.00\",\"header\":\"Away\"},{\"opp\":\"4-0\",\"odds\":\"29.00\",\"header\":\"Home\"},{\"opp\":\"4-0\",\"odds\":\"81.00\",\"header\":\"Away\"},{\"opp\":\"4-1\",\"odds\":\"34.00\",\"header\":\"Home\"},{\"opp\":\"4-1\",\"odds\":\"67.00\",\"header\":\"Away\"},{\"opp\":\"4-2\",\"odds\":\"51.00\",\"header\":\"Home\"},{\"opp\":\"4-2\",\"odds\":\"81.00\",\"header\":\"Away\"},{\"opp\":\"4-3\",\"odds\":\"101.00\",\"header\":\"Home\"},{\"opp\":\"4-3\",\"odds\":\"151.00\",\"header\":\"Away\"},{\"opp\":\"5-0\",\"odds\":\"51.00\",\"header\":\"Home\"},{\"opp\":\"5-1\",\"odds\":\"67.00\",\"header\":\"Home\"},{\"opp\":\"5-2\",\"odds\":\"101.00\",\"header\":\"Home\"},{\"opp\":\"6-0\",\"odds\":\"151.00\",\"header\":\"Home\"},{\"opp\":\"6-1\",\"odds\":\"151.00\",\"header\":\"Home\"}],\"half_time_full_time\":[{\"opp\":\"Beitar Tel Aviv Ramla - Beitar Tel Aviv Ramla\",\"odds\":\"3.00\"},{\"opp\":\"Beitar Tel Aviv Ramla - Draw\",\"odds\":\"15.00\"},{\"opp\":\"Beitar Tel Aviv Ramla - Hapoel Marmorek\",\"odds\":\"29.00\"},{\"opp\":\"Draw - Beitar Tel Aviv Ramla\",\"odds\":\"5.00\"},{\"opp\":\"Draw - Draw\",\"odds\":\"5.50\"},{\"opp\":\"Draw - Hapoel Marmorek\",\"odds\":\"8.00\"},{\"opp\":\"Hapoel Marmorek - Beitar Tel Aviv Ramla\",\"odds\":\"21.00\"},{\"opp\":\"Hapoel Marmorek - Draw\",\"odds\":\"15.00\"},{\"opp\":\"Hapoel Marmorek - Hapoel Marmorek\",\"odds\":\"6.50\"}],\"goals_over_under\":[{\"goals\":\"2.5\",\"odds\":\"1.95\",\"header\":\"Over\"},{\"goals\":\"2.5\",\"odds\":\"1.85\",\"header\":\"Under\"}],\"draw_no_bet\":[{\"opp\":\"Beitar Tel Aviv Ramla\",\"odds\":\"1.44\"},{\"opp\":\"Hapoel Marmorek\",\"odds\":\"2.62\"}]}},\"schedule\":{\"updated_at\":\"1532570436\",\"sp\":{\"main\":[{\"odds\":\"1.80\"},{\"odds\":\"4.00\"},{\"odds\":\"3.20\"}]}}}]}"}