
{"success":1,"results":[{"FI":"74949353","event_id":"637735","asian_lines":{"updated_at":"1532556510","sp":{"asian_handicap":[{"opp":"0.0, +0.5","odds":"1.950","header":"Home"},{"opp":"0.0, -0.5","odds":"1.900","header":"Away"}],"goal_line":[{"goals":"2.0, 2.5","odds":"1.825","header":"Over"},{"goals":"2.0, 2.5","odds":"2.025","header":"Under"}],"alternative_asian_handicap":[{"opp":"-1.0, -1.5","odds":"6.800","header":"Home"},{"opp":"+1.0, +1.5","odds":"1.105","header":"Away"},{"opp":"-1.0","odds":"6.250","header":"Home"},{"opp":"+1.0","odds":"1.120","header":"Away"},{"opp":"-0.5, -1.0","odds":"4.000","header":"Home"},{"opp":"+0.5, +1.0","odds":"1.230","header":"Away"},{"opp":"-0.5","odds":"3.100","header":"Home"},{"opp":"+0.5","odds":"1.350","header":"Away"},{"opp":"0.0, -0.5","odds":"2.750","header":"Home"},{"opp":"0.0, +0.5","odds":"1.425","header":"Away"},{"opp":"0.0","odds":"2.350","header":"Home"},{"opp":"0.0","odds":"1.575","header":"Away"},{"opp":"+0.5","odds":"1.675","header":"Home"},{"opp":"-0.5","odds":"2.150","header":"Away"},{"opp":"+0.5, +1.0","odds":"1.500","header":"Home"},{"opp":"-0.5, -1.0","odds":"2.500","header":"Away"},{"opp":"+1.0","odds":"1.300","header":"Home"},{"opp":"-1.0","odds":"3.450","header":"Away"},{"opp":"+1.0, +1.5","odds":"1.250","header":"Home"},{"opp":"-1.0, -1.5","odds":"3.800","header":"Away"},{"opp":"+1.5","odds":"1.210","header":"Home"},{"opp":"-1.5","odds":"4.250","header":"Away"},{"opp":"+1.5, +2.0","odds":"1.140","header":"Home"},{"opp":"-1.5, -2.0","odds":"5.750","header":"Away"}],"alternative_goal_line":[{"goals":"1.0, 1.5","odds":"1.210","header":"Over"},{"goals":"1.0, 1.5","odds":"4.250","header":"Under"},{"goals":"1.5","odds":"1.350","header":"Over"},{"goals":"1.5","odds":"3.100","header":"Under"},{"goals":"1.5, 2.0","odds":"1.425","header":"Over"},{"goals":"1.5, 2.0","odds":"2.750","header":"Under"},{"goals":"2.0","odds":"1.550","header":"Over"},{"goals":"2.0","odds":"2.375","header":"Under"},{"goals":"2.5","odds":"2.050","header":"Over"},{"goals":"2.5","odds":"1.750","header":"Under"},{"goals":"2.5, 3.0","odds":"2.350","header":"Over"},{"goals":"2.5, 3.0","odds":"1.575","header":"Under"},{"goals":"3.0","odds":"2.850","header":"Over"},{"goals":"3.0","odds":"1.400","header":"Under"},{"goals":"3.0, 3.5","odds":"3.300","header":"Over"},{"goals":"3.0, 3.5","odds":"1.325","header":"Under"},{"goals":"3.5","odds":"3.550","header":"Over"},{"goals":"3.5","odds":"1.275","header":"Under"},{"goals":"3.5, 4.0","odds":"4.500","header":"Over"},{"goals":"3.5, 4.0","odds":"1.190","header":"Under"},{"goals":"4.0","odds":"6.600","header":"Over"},{"goals":"4.0","odds":"1.110","header":"Under"},{"goals":"4.0, 4.5","odds":"7.000","header":"Over"},{"goals":"4.0, 4.5","odds":"1.100","header":"Under"}],"1st_half_asian_handicap":[{"opp":"0.0","odds":"2.200","header":"Home"},{"opp":"0.0","odds":"1.650","header":"Away"}],"1st_half_goal_line":[{"goals":"1.0","odds":"2.025","header":"Over"},{"goals":"1.0","odds":"1.775","header":"Under"}],"alternative_1st_half_asian_handicap":[{"opp":"-0.5, -1.0","odds":"5.500","header":"Home"},{"opp":"+0.5, +1.0","odds":"1.150","header":"Away"},{"opp":"-0.5","odds":"3.700","header":"Home"},{"opp":"+0.5","odds":"1.260","header":"Away"},{"opp":"0.0, -0.5","odds":"3.000","header":"Home"},{"opp":"0.0, +0.5","odds":"1.375","header":"Away"},{"opp":"0.0, +0.5","odds":"1.600","header":"Home"},{"opp":"0.0, -0.5","odds":"2.300","header":"Away"},{"opp":"+0.5","odds":"1.400","header":"Home"},{"opp":"-0.5","odds":"2.850","header":"Away"},{"opp":"+0.5, +1.0","odds":"1.240","header":"Home"},{"opp":"-0.5, -1.0","odds":"3.900","header":"Away"}],"alternative_1st_half_goal_line":[{"goals":"0.5, 1.0","odds":"1.625","header":"Over"},{"goals":"0.5, 1.0","odds":"2.250","header":"Under"},{"goals":"1.0, 1.5","odds":"2.500","header":"Over"},{"goals":"1.0, 1.5","odds":"1.500","header":"Under"},{"goals":"1.5","odds":"3.000","header":"Over"},{"goals":"1.5","odds":"1.375","header":"Under"},{"goals":"1.5, 2.0","odds":"4.000","header":"Over"},{"goals":"1.5, 2.0","odds":"1.230","header":"Under"},{"goals":"2.0","odds":"6.800","header":"Over"},{"goals":"2.0","odds":"1.105","header":"Under"}],"asian_total_corners":[{"goals":"10.5","odds":"1.925","header":"Over"},{"goals":"10.5","odds":"1.875","header":"Under"}],"1st_half_asian_corners":[{"goals":"5.0","odds":"1.975","header":"Over"},{"goals":"5.0","odds":"1.825","header":"Under"}]}},"corners":{"updated_at":"1532556519","sp":{"corners":[{"opp":"Over 10","odds":"1.83"},{"opp":"Exactly 10","odds":"7.50"},{"opp":"Under 10","odds":"2.38"}],"total_corners":[{"opp":"Under 6","odds":"15.00"},{"opp":"6 - 8","odds":"4.00"},{"opp":"9 - 11","odds":"2.62"},{"opp":"12 - 14","odds":"3.60"},{"opp":"Over 14","odds":"6.50"}],"alternative_corners":[{"goals":"4","odds":"1.02","header":"Over"},{"goals":"4","odds":"26.00","header":"Exactly"},{"goals":"4","odds":"34.00","header":"Under"},{"goals":"5","odds":"1.04","header":"Over"},{"goals":"5","odds":"19.00","header":"Exactly"},{"goals":"5","odds":"21.00","header":"Under"},{"goals":"6","odds":"1.07","header":"Over"},{"goals":"6","odds":"13.00","header":"Exactly"},{"goals":"6","odds":"13.00","header":"Under"},{"goals":"7","odds":"1.17","header":"Over"},{"goals":"7","odds":"10.00","header":"Exactly"},{"goals":"7","odds":"7.50","header":"Under"},{"goals":"8","odds":"1.33","header":"Over"},{"goals":"8","odds":"8.50","header":"Exactly"},{"goals":"8","odds":"4.75","header":"Under"},{"goals":"9","odds":"1.57","header":"Over"},{"goals":"9","odds":"8.00","header":"Exactly"},{"goals":"9","odds":"3.20","header":"Under"},{"goals":"11","odds":"2.40","header":"Over"},{"goals":"11","odds":"8.00","header":"Exactly"},{"goals":"11","odds":"1.83","header":"Under"},{"goals":"12","odds":"3.20","header":"Over"},{"goals":"12","odds":"9.00","header":"Exactly"},{"goals":"12","odds":"1.53","header":"Under"},{"goals":"13","odds":"4.50","header":"Over"},{"goals":"13","odds":"10.00","header":"Exactly"},{"goals":"13","odds":"1.33","header":"Under"},{"goals":"14","odds":"6.50","header":"Over"},{"goals":"14","odds":"12.00","header":"Exactly"},{"goals":"14","odds":"1.18","header":"Under"},{"goals":"15","odds":"9.50","header":"Over"},{"goals":"15","odds":"15.00","header":"Exactly"},{"goals":"15","odds":"1.10","header":"Under"},{"goals":"16","odds":"13.00","header":"Over"},{"goals":"16","odds":"19.00","header":"Exactly"},{"goals":"16","odds":"1.06","header":"Under"},{"goals":"17","odds":"19.00","header":"Over"},{"goals":"17","odds":"23.00","header":"Exactly"},{"goals":"17","odds":"1.03","header":"Under"},{"goals":"18","odds":"26.00","header":"Over"},{"goals":"18","odds":"29.00","header":"Exactly"},{"goals":"18","odds":"1.02","header":"Under"},{"goals":"19","odds":"34.00","header":"Over"},{"goals":"19","odds":"41.00","header":"Exactly"},{"goals":"19","odds":"1.01","header":"Under"}],"corners_2_way":[{"opp":"Over 10.5","odds":"1.83"},{"opp":"Under 10.5","odds":"1.83"}],"first_half_corners":[{"opp":"5","odds":"2.30","header":"Over"},{"opp":"5","odds":"5.50","header":"Exactly"},{"opp":"5","odds":"2.20","header":"Under"}],"asian_total_corners":[{"goals":"10.5","odds":"1.925","header":"Over"},{"goals":"10.5","odds":"1.875","header":"Under"}],"1st_half_asian_corners":[{"goals":"5.0","odds":"1.975","header":"Over"},{"goals":"5.0","odds":"1.825","header":"Under"}]}},"goals":{"updated_at":"1532556532","sp":{"goals_over_under":[{"goals":"2.5","odds":"2.05","header":"Over"},{"goals":"2.5","odds":"1.75","header":"Under"}],"alternative_total_goals":[{"goals":"0.5","odds":"1.07","header":"Over "},{"goals":"0.5","odds":"9.00","header":"Under"},{"goals":"1.5","odds":"1.33","header":"Over "},{"goals":"1.5","odds":"3.25","header":"Under"},{"goals":"3.5","odds":"3.50","header":"Over "},{"goals":"3.5","odds":"1.29","header":"Under"},{"goals":"4.5","odds":"8.00","header":"Over "},{"goals":"4.5","odds":"1.08","header":"Under"},{"goals":"5.5","odds":"17.00","header":"Over "},{"goals":"5.5","odds":"1.02","header":"Under"}],"result_total_goals":[{"opp":"Fluminense & Over 2.5","odds":"6.00"},{"opp":"Fluminense & Under 2.5","odds":"6.50"},{"opp":"Draw & Over 2.5","odds":"13.00"},{"opp":"Draw & Under  2.5","odds":"4.00"},{"opp":"Palmeiras & Over 2.5","odds":"3.60"},{"opp":"Palmeiras & Under 2.5","odds":"4.50"}],"total_goals_both_teams_to_score":[{"opp":"Over 2.5 & Yes","odds":"2.38"},{"opp":"Over 2.5 & No","odds":"10.00"},{"opp":"Under 2.5 & Yes","odds":"6.00"},{"opp":"Under 2.5 & No","odds":"2.25"}],"exact_total_goals":[{"opp":"0 Goals","odds":"9.00"},{"opp":"1 Goal","odds":"4.50"},{"opp":"2 Goals","odds":"3.50"},{"opp":"3 Goals","odds":"4.33"},{"opp":"4 Goals","odds":"6.50"},{"opp":"5 Goals","odds":"12.00"},{"opp":"6 Goals","odds":"26.00"},{"opp":"7+ Goals","odds":"34.00"}],"number_of_goals_in_match":[{"opp":"Under 2 goals","odds":"3.25"},{"opp":"2 or 3 goals","odds":"1.95"},{"opp":"Over 3 goals","odds":"3.50"}],"both_teams_to_score":[{"opp":"Yes","odds":"1.80"},{"opp":"No","odds":"1.95"}],"teams_to_score":[{"opp":"Both Teams","odds":"1.80"},{"opp":"Fluminense Only","odds":"5.50"},{"opp":"No Goal","odds":"9.00"},{"opp":"Palmeiras Only","odds":"3.50"}],"both_teams_to_score_in_1st_half":[{"opp":"Yes","odds":"5.00"},{"opp":"No","odds":"1.17"}],"both_teams_to_score_in_2nd_half":[{"opp":"Yes","odds":"3.50"},{"opp":"No","odds":"1.29"}],"both_teams_to_score_1st_half_2nd_half":[{"opp":"Yes \/ Yes","odds":"17.00"},{"opp":"Yes \/ No","odds":"6.50"},{"opp":"No \/ Yes","odds":"4.00"},{"opp":"No \/ No","odds":"1.53"}],"first_half_goals":[{"goals":"0.5","odds":"1.44","header":"Over"},{"goals":"0.5","odds":"2.62","header":"Under"},{"goals":"1.5","odds":"3.00","header":"Over"},{"goals":"1.5","odds":"1.36","header":"Under"},{"goals":"2.5","odds":"9.00","header":"Over"},{"goals":"2.5","odds":"1.07","header":"Under"},{"goals":"3.5","odds":"23.00","header":"Over"},{"goals":"3.5","odds":"1.01","header":"Under"}],"exact_1st_half_goals":[{"opp":"0 Goals","odds":"2.62"},{"opp":"1 Goal","odds":"2.50"},{"opp":"2 Goals","odds":"4.33"},{"opp":"3 Goals","odds":"11.00"},{"opp":"4 Goals","odds":"34.00"},{"opp":"5+ Goals","odds":"81.00"}],"total_goal_minutes":[{"opp":"Over 135 minutes","odds":"2.20"},{"opp":"115 To 135 minutes inc.","odds":"8.50"},{"opp":"Under 115 minutes","odds":"1.83"}],"first_team_to_score":[{"opp":"Fluminense","odds":"2.38"},{"opp":"No Goals","odds":"9.00"},{"opp":"Palmeiras","odds":"1.73"}],"early_goal":[{"opp":"Goal before 31:00","odds":"1.83"},{"opp":"No Goal before 31:00","odds":"1.83"}],"late_goal":[{"opp":"Goal after 71:59","odds":"1.83"},{"opp":"No Goal after 71:59","odds":"1.83"}],"time_of_first_goal_brackets":[{"opp":"1-10","odds":"4.50"},{"opp":"11-20","odds":"5.00"},{"opp":"21-30","odds":"6.00"},{"opp":"31-40","odds":"7.00"},{"opp":"41-50","odds":"8.00"},{"opp":"51-60","odds":"13.00"},{"opp":"61-70","odds":"15.00"},{"opp":"71-80","odds":"19.00"},{"opp":"81 - Full Time","odds":"19.00"},{"opp":"No Goal","odds":"9.00"}],"2nd_half_goals":[{"goals":"0.5","odds":"1.25","header":"Over"},{"goals":"0.5","odds":"3.75","header":"Under"},{"goals":"1.5","odds":"2.20","header":"Over"},{"goals":"1.5","odds":"1.62","header":"Under"},{"goals":"2.5","odds":"5.00","header":"Over"},{"goals":"2.5","odds":"1.17","header":"Under"},{"goals":"3.5","odds":"13.00","header":"Over"},{"goals":"3.5","odds":"1.04","header":"Under"}],"exact_2nd_half_goals":[{"opp":"0 Goals","odds":"3.75"},{"opp":"1 Goal","odds":"2.62"},{"opp":"2 Goals","odds":"3.60"},{"opp":"3 Goals","odds":"7.00"},{"opp":"4 Goals","odds":"19.00"},{"opp":"5+ Goals","odds":"34.00"}],"half_with_most_goals":[{"opp":"1st Half","odds":"3.20"},{"opp":"2nd Half","odds":"2.05"},{"opp":"Tie","odds":"3.40"}],"home_team_highest_scoring_half":[{"opp":"Fluminense - 1st Half","odds":"3.75"},{"opp":"Fluminense - 2nd Half","odds":"2.75"},{"opp":"Fluminense - Tie","odds":"2.10"}],"away_team_highest_scoring_half":[{"opp":"Palmeiras - 1st Half","odds":"3.50"},{"opp":"Palmeiras - 2nd Half","odds":"2.40"},{"opp":"Palmeiras - Tie","odds":"2.40"}],"home_team_exact_goals":[{"opp":"Fluminense - 0 Goals","odds":"2.75"},{"opp":"Fluminense - 1 Goal","odds":"2.50"},{"opp":"Fluminense - 2 Goals","odds":"4.33"},{"opp":"Fluminense - 3+ Goals","odds":"9.00"}],"away_team_exact_goals":[{"opp":"Palmeiras - 0 Goals","odds":"3.75"},{"opp":"Palmeiras - 1 Goal","odds":"2.62"},{"opp":"Palmeiras - 2 Goals","odds":"3.60"},{"opp":"Palmeiras - 3+ Goals","odds":"5.00"}],"time_of_1st_team_goal":[{"opp":"Fluminense - Goal before 64:00","odds":"1.83"},{"opp":"Fluminense - No Goal before 64:00","odds":"1.83"},{"opp":"Palmeiras - Goal before 51:00","odds":"1.83"},{"opp":"Palmeiras - No Goal before 51:00","odds":"1.83"}],"goals_odd_even":[{"opp":"Even","odds":"1.90"},{"opp":"Odd","odds":"1.95"}],"home_team_odd_even_goals":[{"opp":"Fluminense - Even","odds":"1.67"},{"opp":"Fluminense - Odd","odds":"2.10"}],"away_team_odd_even_goals":[{"opp":"Palmeiras - Even","odds":"1.80"},{"opp":"Palmeiras - Odd","odds":"1.91"}],"1st_half_goals_odd_even":[{"opp":"Odd","odds":"2.10"},{"opp":"Even","odds":"1.73"}],"last_team_to_score":[{"opp":"Fluminense","odds":"2.38"},{"opp":"No Goal","odds":"9.00"},{"opp":"Palmeiras","odds":"1.73"}],"first_10_minutes_(00:00_09:59)":[{"name":"Goals","handicap":"0.5","odds":"4.50","header":"Over"},{"name":"Goals","handicap":"0.5","odds":"1.18","header":"Under"}]}},"half":{"updated_at":"1532556854","sp":{"half_time_result":[{"opp":"1","odds":"3.75"},{"opp":"X","odds":"2.10"},{"opp":"2","odds":"2.88"}],"half_time_double_chance":[{"opp":"1X","odds":"1.40"},{"opp":"X2","odds":"1.22"},{"opp":"12","odds":"1.67"}],"half_time_result_both_teams_to_score":[{"opp":"Fluminense & Yes","odds":"26.00"},{"opp":"Fluminense & No","odds":"4.33"},{"opp":"Draw & Yes","odds":"7.50"},{"opp":"Draw & No","odds":"2.62"},{"opp":"Palmeiras & Yes","odds":"21.00"},{"opp":"Palmeiras & No","odds":"3.20"}],"half_time_result_total_goals":[{"opp":"Fluminense & Over 1.5","odds":"11.00"},{"opp":"Fluminense & Under 1.5","odds":"5.00"},{"opp":"Draw & Over 1.5","odds":"8.00"},{"opp":"Draw & Under 1.5","odds":"2.62"},{"opp":"Palmeiras & Over 1.5","odds":"7.50"},{"opp":"Palmeiras & Under 1.5","odds":"4.00"}],"half_time_correct_score":[{"opp":"1-0","odds":"5.00","header":"Home"},{"opp":"0-0","odds":"2.62","header":"X"},{"opp":"1-0","odds":"4.00","header":"Away"},{"opp":"2-0","odds":"19.00","header":"Home"},{"opp":"1-1","odds":"8.00","header":"X"},{"opp":"2-0","odds":"12.00","header":"Away"},{"opp":"2-1","odds":"29.00","header":"Home"},{"opp":"2-2","odds":"51.00","header":"X"},{"opp":"2-1","odds":"23.00","header":"Away"},{"opp":"3-0","odds":"67.00","header":"Home"},{"opp":"3-0","odds":"41.00","header":"Away"},{"opp":"3-1","odds":"101.00","header":"Home"},{"opp":"3-1","odds":"67.00","header":"Away"},{"opp":"3-2","odds":"251.00","header":"Home"},{"opp":"3-2","odds":"201.00","header":"Away"},{"opp":"4-0","odds":"401.00","header":"Home"},{"opp":"4-0","odds":"151.00","header":"Away"},{"opp":"4-1","odds":"301.00","header":"Away"}],"both_teams_to_score_in_1st_half":[{"opp":"Yes","odds":"5.00"},{"opp":"No","odds":"1.17"}],"both_teams_to_score_in_2nd_half":[{"opp":"Yes","odds":"3.50"},{"opp":"No","odds":"1.29"}],"both_teams_to_score_1st_half_2nd_half":[{"opp":"Yes \/ Yes","odds":"17.00"},{"opp":"Yes \/ No","odds":"6.50"},{"opp":"No \/ Yes","odds":"4.00"},{"opp":"No \/ No","odds":"1.53"}],"1st_half_asian_handicap":[{"opp":"0.0","odds":"2.200","header":"Home"},{"opp":"0.0","odds":"1.650","header":"Away"}],"1st_half_goal_line":[{"goals":"1.0","odds":"2.000","header":"Over"},{"goals":"1.0","odds":"1.800","header":"Under"}],"alternative_1st_half_asian_handicap":[{"opp":"-0.5, -1.0","odds":"5.500","header":"Home"},{"opp":"+0.5, +1.0","odds":"1.150","header":"Away"},{"opp":"-0.5","odds":"3.700","header":"Home"},{"opp":"+0.5","odds":"1.260","header":"Away"},{"opp":"0.0, -0.5","odds":"3.000","header":"Home"},{"opp":"0.0, +0.5","odds":"1.375","header":"Away"},{"opp":"0.0, +0.5","odds":"1.625","header":"Home"},{"opp":"0.0, -0.5","odds":"2.250","header":"Away"},{"opp":"+0.5","odds":"1.400","header":"Home"},{"opp":"-0.5","odds":"2.850","header":"Away"},{"opp":"+0.5, +1.0","odds":"1.250","header":"Home"},{"opp":"-0.5, -1.0","odds":"3.800","header":"Away"}],"alternative_1st_half_goal_line":[{"goals":"0.5, 1.0","odds":"1.600","header":"Over"},{"goals":"0.5, 1.0","odds":"2.300","header":"Under"},{"goals":"1.0, 1.5","odds":"2.425","header":"Over"},{"goals":"1.0, 1.5","odds":"1.525","header":"Under"},{"goals":"1.5","odds":"3.000","header":"Over"},{"goals":"1.5","odds":"1.375","header":"Under"},{"goals":"1.5, 2.0","odds":"3.900","header":"Over"},{"goals":"1.5, 2.0","odds":"1.240","header":"Under"},{"goals":"2.0","odds":"6.600","header":"Over"},{"goals":"2.0","odds":"1.110","header":"Under"}],"1st_half_handicap":[{"opp":"Fluminense  +1.0","odds":"1.40"},{"opp":"Tie - Palmeiras -1.0","odds":"3.60"},{"opp":"Palmeiras  -1.0","odds":"9.50"}],"alternative_1st_half_handicap_result":[{"opp":"-1.0","odds":"15.00","header":"Home"},{"opp":"+1.0","odds":"4.50","header":"Tie"},{"opp":"+1.0","odds":"1.22","header":"Away"},{"opp":"+2.0","odds":"1.06","header":"Home"},{"opp":"-2.0","odds":"10.00","header":"Tie"},{"opp":"-2.0","odds":"21.00","header":"Away"}],"first_half_goals":[{"goals":"0.5","odds":"1.44","header":"Over"},{"goals":"0.5","odds":"2.62","header":"Under"},{"goals":"1.5","odds":"3.00","header":"Over"},{"goals":"1.5","odds":"1.36","header":"Under"},{"goals":"2.5","odds":"9.00","header":"Over"},{"goals":"2.5","odds":"1.07","header":"Under"},{"goals":"3.5","odds":"23.00","header":"Over"},{"goals":"3.5","odds":"1.01","header":"Under"}],"exact_1st_half_goals":[{"opp":"0 Goals","odds":"2.62"},{"opp":"1 Goal","odds":"2.50"},{"opp":"2 Goals","odds":"4.33"},{"opp":"3 Goals","odds":"11.00"},{"opp":"4 Goals","odds":"34.00"},{"opp":"5+ Goals","odds":"81.00"}],"first_half_corners":[{"opp":"5","odds":"2.30","header":"Over"},{"opp":"5","odds":"5.50","header":"Exactly"},{"opp":"5","odds":"2.20","header":"Under"}],"1st_half_asian_corners":[{"goals":"5.0","odds":"1.975","header":"Over"},{"goals":"5.0","odds":"1.825","header":"Under"}],"1st_half_goals_odd_even":[{"opp":"Odd","odds":"2.10"},{"opp":"Even","odds":"1.73"}],"to_score_in_half":[{"name":"1st Half","odds":"2.38","header":"Yes"},{"name":"1st Half","odds":"1.53","header":"No"},{"name":"2nd Half","odds":"2.00","header":"Yes"},{"name":"2nd Half","odds":"1.73","header":"No"},{"name":"1st Half","odds":"2.00","header":"Yes"},{"name":"1st Half","odds":"1.73","header":"No"},{"name":"2nd Half","odds":"1.67","header":"Yes"},{"name":"2nd Half","odds":"2.10","header":"No"}],"half_with_most_goals":[{"opp":"1st Half","odds":"3.20"},{"opp":"2nd Half","odds":"2.05"},{"opp":"Tie","odds":"3.40"}],"home_team_highest_scoring_half":[{"opp":"Fluminense - 1st Half","odds":"3.75"},{"opp":"Fluminense - 2nd Half","odds":"2.75"},{"opp":"Fluminense - Tie","odds":"2.10"}],"away_team_highest_scoring_half":[{"opp":"Palmeiras - 1st Half","odds":"3.50"},{"opp":"Palmeiras - 2nd Half","odds":"2.40"},{"opp":"Palmeiras - Tie","odds":"2.40"}],"2nd_half_result":[{"opp":"1","odds":"3.40"},{"opp":"X","odds":"2.40"},{"opp":"2","odds":"2.50"}],"2nd_half_goals":[{"goals":"0.5","odds":"1.25","header":"Over"},{"goals":"0.5","odds":"3.75","header":"Under"},{"goals":"1.5","odds":"2.20","header":"Over"},{"goals":"1.5","odds":"1.62","header":"Under"},{"goals":"2.5","odds":"5.00","header":"Over"},{"goals":"2.5","odds":"1.17","header":"Under"},{"goals":"3.5","odds":"13.00","header":"Over"},{"goals":"3.5","odds":"1.04","header":"Under"}],"exact_2nd_half_goals":[{"opp":"0 Goals","odds":"3.75"},{"opp":"1 Goal","odds":"2.62"},{"opp":"2 Goals","odds":"3.60"},{"opp":"3 Goals","odds":"7.00"},{"opp":"4 Goals","odds":"19.00"},{"opp":"5+ Goals","odds":"34.00"}],"2nd_half_goals_odd_even":[{"opp":"Even","odds":"1.73"},{"opp":"Odd","odds":"2.00"}]}},"main":{"updated_at":"1532556472","sp":{"full_time_result":[{"opp":"1","odds":"3.40"},{"opp":"X","odds":"3.30"},{"opp":"2","odds":"2.15"}],"double_chance":[{"opp":"1X","odds":"1.73"},{"opp":"X2","odds":"1.33"},{"opp":"12","odds":"1.34"}],"correct_score":[{"opp":"1-0","odds":"9.50","header":"Home"},{"opp":"0-0","odds":"9.00","header":"X"},{"opp":"1-0","odds":"7.00","header":"Away"},{"opp":"2-0","odds":"17.00","header":"Home"},{"opp":"1-1","odds":"6.00","header":"X"},{"opp":"2-0","odds":"10.00","header":"Away"},{"opp":"2-1","odds":"12.00","header":"Home"},{"opp":"2-2","odds":"15.00","header":"X"},{"opp":"2-1","odds":"9.00","header":"Away"},{"opp":"3-0","odds":"41.00","header":"Home"},{"opp":"3-3","odds":"51.00","header":"X"},{"opp":"3-0","odds":"21.00","header":"Away"},{"opp":"3-1","odds":"29.00","header":"Home"},{"opp":"4-4","odds":"351.00","header":"X"},{"opp":"3-1","odds":"19.00","header":"Away"},{"opp":"3-2","odds":"41.00","header":"Home"},{"opp":"3-2","odds":"29.00","header":"Away"},{"opp":"4-0","odds":"81.00","header":"Home"},{"opp":"4-0","odds":"41.00","header":"Away"},{"opp":"4-1","odds":"67.00","header":"Home"},{"opp":"4-1","odds":"41.00","header":"Away"},{"opp":"4-2","odds":"81.00","header":"Home"},{"opp":"4-2","odds":"51.00","header":"Away"},{"opp":"4-3","odds":"151.00","header":"Home"},{"opp":"4-3","odds":"126.00","header":"Away"},{"opp":"5-0","odds":"301.00","header":"Home"},{"opp":"5-0","odds":"101.00","header":"Away"},{"opp":"5-1","odds":"201.00","header":"Home"},{"opp":"5-1","odds":"81.00","header":"Away"},{"opp":"5-2","odds":"301.00","header":"Home"},{"opp":"5-2","odds":"151.00","header":"Away"},{"opp":"5-3","odds":"351.00","header":"Away"},{"opp":"6-1","odds":"301.00","header":"Away"},{"opp":"6-0","odds":"351.00","header":"Away"},{"opp":"6-2","odds":"501.00","header":"Away"}],"half_time_full_time":[{"opp":"Fluminense - Fluminense","odds":"5.50"},{"opp":"Fluminense - Draw","odds":"15.00"},{"opp":"Fluminense - Palmeiras","odds":"26.00"},{"opp":"Draw - Fluminense","odds":"7.00"},{"opp":"Draw - Draw","odds":"5.00"},{"opp":"Draw - Palmeiras","odds":"5.00"},{"opp":"Palmeiras - Fluminense","odds":"34.00"},{"opp":"Palmeiras - Draw","odds":"15.00"},{"opp":"Palmeiras - Palmeiras","odds":"3.60"}],"goals_over_under":[{"goals":"2.5","odds":"2.05","header":"Over"},{"goals":"2.5","odds":"1.75","header":"Under"}],"both_teams_to_score":[{"opp":"Yes","odds":"1.80"},{"opp":"No","odds":"1.95"}],"goalscorers":[{"name":"Miguel Borja","odds":"5.50","header":"First"},{"name":"Miguel Borja","odds":"5.50","header":"Last"},{"name":"Miguel Borja","odds":"2.50","header":"Anytime"},{"name":"Guilherme Pedro","odds":"6.00","header":"First"},{"name":"Guilherme Pedro","odds":"6.00","header":"Last"},{"name":"Guilherme Pedro","odds":"2.62","header":"Anytime"},{"name":"Acosta Deyverson","odds":"6.50","header":"First"},{"name":"Acosta Deyverson","odds":"6.50","header":"Last"},{"name":"Acosta Deyverson","odds":"2.88","header":"Anytime"},{"name":"Gomes Willian","odds":"7.50","header":"First"},{"name":"Gomes Willian","odds":"7.50","header":"Last"},{"name":"Gomes Willian","odds":"3.25","header":"Anytime"},{"name":"Lucas Luquinhas","odds":"7.50","header":"First"},{"name":"Lucas Luquinhas","odds":"7.50","header":"Last"},{"name":"Lucas Luquinhas","odds":"3.25","header":"Anytime"},{"name":"dos Santos Marcos Junior","odds":"9.00","header":"First"},{"name":"dos Santos Marcos Junior","odds":"9.00","header":"Last"},{"name":"dos Santos Marcos Junior","odds":"3.75","header":"Anytime"},{"name":"Guimaraes Artur","odds":"9.00","header":"First"},{"name":"Guimaraes Artur","odds":"9.00","header":"Last"},{"name":"Guimaraes Artur","odds":"3.75","header":"Anytime"},{"name":"da Silva Robinho","odds":"10.00","header":"First"},{"name":"da Silva Robinho","odds":"10.00","header":"Last"},{"name":"da Silva Robinho","odds":"4.33","header":"Anytime"},{"name":"Eduardo Dudu","odds":"10.00","header":"First"},{"name":"Eduardo Dudu","odds":"10.00","header":"Last"},{"name":"Eduardo Dudu","odds":"4.33","header":"Anytime"},{"name":"Junior Sornoza","odds":"10.00","header":"First"},{"name":"Junior Sornoza","odds":"10.00","header":"Last"},{"name":"Junior Sornoza","odds":"4.33","header":"Anytime"},{"name":"Santo Joao Carlos","odds":"10.00","header":"First"},{"name":"Santo Joao Carlos","odds":"10.00","header":"Last"},{"name":"Santo Joao Carlos","odds":"4.33","header":"Anytime"},{"name":"Alejandro Guerra","odds":"11.00","header":"First"},{"name":"Alejandro Guerra","odds":"11.00","header":"Last"},{"name":"Alejandro Guerra","odds":"4.50","header":"Anytime"},{"name":"Junior Dutra","odds":"11.00","header":"First"},{"name":"Junior Dutra","odds":"11.00","header":"Last"},{"name":"Junior Dutra","odds":"4.50","header":"Anytime"},{"name":"Pereira Matheus Alessandro","odds":"11.00","header":"First"},{"name":"Pereira Matheus Alessandro","odds":"11.00","header":"Last"},{"name":"Pereira Matheus Alessandro","odds":"4.50","header":"Anytime"},{"name":"Silva Everaldo","odds":"11.00","header":"First"},{"name":"Silva Everaldo","odds":"11.00","header":"Last"},{"name":"Silva Everaldo","odds":"4.50","header":"Anytime"},{"name":"Carvalho Vitinho","odds":"12.00","header":"First"},{"name":"Carvalho Vitinho","odds":"12.00","header":"Last"},{"name":"Carvalho Vitinho","odds":"5.00","header":"Anytime"},{"name":"Rafael Lucas Lima","odds":"12.00","header":"First"},{"name":"Rafael Lucas Lima","odds":"12.00","header":"Last"},{"name":"Rafael Lucas Lima","odds":"5.00","header":"Anytime"},{"name":"Rafael Papagaio","odds":"12.00","header":"First"},{"name":"Rafael Papagaio","odds":"12.00","header":"Last"},{"name":"Rafael Papagaio","odds":"5.00","header":"Anytime"},{"name":"Santos Airton","odds":"12.00","header":"First"},{"name":"Santos Airton","odds":"12.00","header":"Last"},{"name":"Santos Airton","odds":"5.00","header":"Anytime"},{"name":"Henrique Gustavo Scarpa","odds":"13.00","header":"First"},{"name":"Henrique Gustavo Scarpa","odds":"13.00","header":"Last"},{"name":"Henrique Gustavo Scarpa","odds":"5.50","header":"Anytime"},{"name":"Magalhaes Moises","odds":"13.00","header":"First"},{"name":"Magalhaes Moises","odds":"13.00","header":"Last"},{"name":"Magalhaes Moises","odds":"5.50","header":"Anytime"},{"name":"Moreira Jean","odds":"13.00","header":"First"},{"name":"Moreira Jean","odds":"13.00","header":"Last"},{"name":"Moreira Jean","odds":"5.50","header":"Anytime"},{"name":"Neto Diogo","odds":"13.00","header":"First"},{"name":"Neto Diogo","odds":"13.00","header":"Last"},{"name":"Neto Diogo","odds":"5.50","header":"Anytime"},{"name":"Pedro Henrique de Oliveira Correia","odds":"13.00","header":"First"},{"name":"Pedro Henrique de Oliveira Correia","odds":"13.00","header":"Last"},{"name":"Pedro Henrique de Oliveira Correia","odds":"5.50","header":"Anytime"},{"name":"Rosa Pablo Dyego","odds":"13.00","header":"First"},{"name":"Rosa Pablo Dyego","odds":"13.00","header":"Last"},{"name":"Rosa Pablo Dyego","odds":"5.50","header":"Anytime"},{"name":"Wellington Gum","odds":"13.00","header":"First"},{"name":"Wellington Gum","odds":"13.00","header":"Last"},{"name":"Wellington Gum","odds":"5.50","header":"Anytime"},{"name":"Chaves Mateus Norton","odds":"15.00","header":"First"},{"name":"Chaves Mateus Norton","odds":"15.00","header":"Last"},{"name":"Chaves Mateus Norton","odds":"6.00","header":"Anytime"},{"name":"Dalmoro Hyoran","odds":"15.00","header":"First"},{"name":"Dalmoro Hyoran","odds":"15.00","header":"Last"},{"name":"Dalmoro Hyoran","odds":"6.00","header":"Anytime"},{"name":"Matos Joao Vitor","odds":"17.00","header":"First"},{"name":"Matos Joao Vitor","odds":"17.00","header":"Last"},{"name":"Matos Joao Vitor","odds":"7.00","header":"Anytime"},{"name":"Coelho Richard","odds":"19.00","header":"First"},{"name":"Coelho Richard","odds":"19.00","header":"Last"},{"name":"Coelho Richard","odds":"7.50","header":"Anytime"},{"name":"Corsini Bruno Henrique","odds":"19.00","header":"First"},{"name":"Corsini Bruno Henrique","odds":"19.00","header":"Last"},{"name":"Corsini Bruno Henrique","odds":"7.50","header":"Anytime"},{"name":"De Carvalho Felipe Melo","odds":"19.00","header":"First"},{"name":"De Carvalho Felipe Melo","odds":"19.00","header":"Last"},{"name":"De Carvalho Felipe Melo","odds":"7.50","header":"Anytime"},{"name":"Teixeira Luan Garcia","odds":"19.00","header":"First"},{"name":"Teixeira Luan Garcia","odds":"19.00","header":"Last"},{"name":"Teixeira Luan Garcia","odds":"7.50","header":"Anytime"},{"name":"Thiago Santos","odds":"21.00","header":"First"},{"name":"Thiago Santos","odds":"21.00","header":"Last"},{"name":"Thiago Santos","odds":"8.50","header":"Anytime"},{"name":"Aquino Marcos Rocha","odds":"23.00","header":"First"},{"name":"Aquino Marcos Rocha","odds":"23.00","header":"Last"},{"name":"Aquino Marcos Rocha","odds":"9.50","header":"Anytime"},{"name":"Gomes Douglas","odds":"23.00","header":"First"},{"name":"Gomes Douglas","odds":"23.00","header":"Last"},{"name":"Gomes Douglas","odds":"9.50","header":"Anytime"},{"name":"Luiz Dudu","odds":"23.00","header":"First"},{"name":"Luiz Dudu","odds":"23.00","header":"Last"},{"name":"Luiz Dudu","odds":"9.50","header":"Anytime"},{"name":"Moreira Douglas","odds":"23.00","header":"First"},{"name":"Moreira Douglas","odds":"23.00","header":"Last"},{"name":"Moreira Douglas","odds":"9.50","header":"Anytime"},{"name":"Xavier Marlon","odds":"23.00","header":"First"},{"name":"Xavier Marlon","odds":"23.00","header":"Last"},{"name":"Xavier Marlon","odds":"9.50","header":"Anytime"},{"name":"de Oliveira Mayke","odds":"26.00","header":"First"},{"name":"de Oliveira Mayke","odds":"26.00","header":"Last"},{"name":"de Oliveira Mayke","odds":"11.00","header":"Anytime"},{"name":"Medonha Diogo Barbosa","odds":"26.00","header":"First"},{"name":"Medonha Diogo Barbosa","odds":"26.00","header":"Last"},{"name":"Medonha Diogo Barbosa","odds":"11.00","header":"Anytime"},{"name":"Zamblauaksas Victor Luis","odds":"26.00","header":"First"},{"name":"Zamblauaksas Victor Luis","odds":"26.00","header":"Last"},{"name":"Zamblauaksas Victor Luis","odds":"11.00","header":"Anytime"},{"name":"Cesar Nunes","odds":"29.00","header":"First"},{"name":"Cesar Nunes","odds":"29.00","header":"Last"},{"name":"Cesar Nunes","odds":"12.00","header":"Anytime"},{"name":"dos Santos Jadson","odds":"29.00","header":"First"},{"name":"dos Santos Jadson","odds":"29.00","header":"Last"},{"name":"dos Santos Jadson","odds":"12.00","header":"Anytime"},{"name":"Junior Antonio Carlos","odds":"29.00","header":"First"},{"name":"Junior Antonio Carlos","odds":"29.00","header":"Last"},{"name":"Junior Antonio Carlos","odds":"12.00","header":"Anytime"},{"name":"Luis Edu Dracena","odds":"29.00","header":"First"},{"name":"Luis Edu Dracena","odds":"29.00","header":"Last"},{"name":"Luis Edu Dracena","odds":"12.00","header":"Anytime"},{"name":"Nathan Otavio","odds":"29.00","header":"First"},{"name":"Nathan Otavio","odds":"29.00","header":"Last"},{"name":"Nathan Otavio","odds":"12.00","header":"Anytime"},{"name":"Petroni Luan Peres","odds":"29.00","header":"First"},{"name":"Petroni Luan Peres","odds":"29.00","header":"Last"},{"name":"Petroni Luan Peres","odds":"12.00","header":"Anytime"},{"name":"Raymundo Emerson Santos","odds":"29.00","header":"First"},{"name":"Raymundo Emerson Santos","odds":"29.00","header":"Last"},{"name":"Raymundo Emerson Santos","odds":"12.00","header":"Anytime"},{"name":"Roger Ibanez","odds":"29.00","header":"First"},{"name":"Roger Ibanez","odds":"29.00","header":"Last"},{"name":"Roger Ibanez","odds":"12.00","header":"Anytime"},{"name":"Thiago Martins","odds":"29.00","header":"First"},{"name":"Thiago Martins","odds":"29.00","header":"Last"},{"name":"Thiago Martins","odds":"12.00","header":"Anytime"},{"name":"de Medeiros Ayrton","odds":"34.00","header":"First"},{"name":"de Medeiros Ayrton","odds":"34.00","header":"Last"},{"name":"de Medeiros Ayrton","odds":"15.00","header":"Anytime"},{"name":"Junior Gilberto","odds":"34.00","header":"First"},{"name":"Junior Gilberto","odds":"34.00","header":"Last"},{"name":"Junior Gilberto","odds":"15.00","header":"Anytime"},{"name":"Junior Renato Chaves","odds":"34.00","header":"First"},{"name":"Junior Renato Chaves","odds":"34.00","header":"Last"},{"name":"Junior Renato Chaves","odds":"15.00","header":"Anytime"},{"name":"Moreira Leo Morais","odds":"34.00","header":"First"},{"name":"Moreira Leo Morais","odds":"34.00","header":"Last"},{"name":"Moreira Leo Morais","odds":"15.00","header":"Anytime"},{"name":"Rodrigo Junior Digao","odds":"34.00","header":"First"},{"name":"Rodrigo Junior Digao","odds":"34.00","header":"Last"},{"name":"Rodrigo Junior Digao","odds":"15.00","header":"Anytime"},{"name":"Wesley Frazan","odds":"34.00","header":"First"},{"name":"Wesley Frazan","odds":"34.00","header":"Last"},{"name":"Wesley Frazan","odds":"15.00","header":"Anytime"},{"name":"No Goalscorer","odds":"9.00","header":"First"},{"name":"No Goalscorer","odds":"9.00","header":"Last"}],"multi_scorers":[{"name":"Miguel Borja","odds":"9.00","header":"2 or More"},{"name":"Miguel Borja","odds":"41.00","header":"3 or More"},{"name":"Guilherme Pedro","odds":"11.00","header":"2 or More"},{"name":"Guilherme Pedro","odds":"51.00","header":"3 or More"},{"name":"Acosta Deyverson","odds":"12.00","header":"2 or More"},{"name":"Acosta Deyverson","odds":"51.00","header":"3 or More"},{"name":"Gomes Willian","odds":"15.00","header":"2 or More"},{"name":"Gomes Willian","odds":"81.00","header":"3 or More"},{"name":"Lucas Luquinhas","odds":"15.00","header":"2 or More"},{"name":"Lucas Luquinhas","odds":"81.00","header":"3 or More"},{"name":"dos Santos Marcos Junior","odds":"21.00","header":"2 or More"},{"name":"dos Santos Marcos Junior","odds":"101.00","header":"3 or More"},{"name":"Guimaraes Artur","odds":"21.00","header":"2 or More"},{"name":"Guimaraes Artur","odds":"101.00","header":"3 or More"},{"name":"da Silva Robinho","odds":"26.00","header":"2 or More"},{"name":"da Silva Robinho","odds":"101.00","header":"3 or More"},{"name":"Eduardo Dudu","odds":"26.00","header":"2 or More"},{"name":"Eduardo Dudu","odds":"101.00","header":"3 or More"},{"name":"Junior Sornoza","odds":"26.00","header":"2 or More"},{"name":"Junior Sornoza","odds":"101.00","header":"3 or More"},{"name":"Santo Joao Carlos","odds":"26.00","header":"2 or More"},{"name":"Santo Joao Carlos","odds":"101.00","header":"3 or More"},{"name":"Alejandro Guerra","odds":"29.00","header":"2 or More"},{"name":"Alejandro Guerra","odds":"126.00","header":"3 or More"},{"name":"Junior Dutra","odds":"29.00","header":"2 or More"},{"name":"Junior Dutra","odds":"126.00","header":"3 or More"},{"name":"Pereira Matheus Alessandro","odds":"29.00","header":"2 or More"},{"name":"Pereira Matheus Alessandro","odds":"126.00","header":"3 or More"},{"name":"Silva Everaldo","odds":"29.00","header":"2 or More"},{"name":"Silva Everaldo","odds":"126.00","header":"3 or More"},{"name":"Carvalho Vitinho","odds":"34.00","header":"2 or More"},{"name":"Carvalho Vitinho","odds":"126.00","header":"3 or More"},{"name":"Rafael Lucas Lima","odds":"34.00","header":"2 or More"},{"name":"Rafael Lucas Lima","odds":"126.00","header":"3 or More"},{"name":"Rafael Papagaio","odds":"34.00","header":"2 or More"},{"name":"Rafael Papagaio","odds":"126.00","header":"3 or More"},{"name":"Santos Airton","odds":"34.00","header":"2 or More"},{"name":"Santos Airton","odds":"126.00","header":"3 or More"},{"name":"Henrique Gustavo Scarpa","odds":"41.00","header":"2 or More"},{"name":"Henrique Gustavo Scarpa","odds":"151.00","header":"3 or More"},{"name":"Magalhaes Moises","odds":"41.00","header":"2 or More"},{"name":"Magalhaes Moises","odds":"151.00","header":"3 or More"},{"name":"Moreira Jean","odds":"41.00","header":"2 or More"},{"name":"Moreira Jean","odds":"151.00","header":"3 or More"},{"name":"Neto Diogo","odds":"41.00","header":"2 or More"},{"name":"Neto Diogo","odds":"151.00","header":"3 or More"},{"name":"Pedro Henrique de Oliveira Correia","odds":"41.00","header":"2 or More"},{"name":"Pedro Henrique de Oliveira Correia","odds":"151.00","header":"3 or More"},{"name":"Rosa Pablo Dyego","odds":"41.00","header":"2 or More"},{"name":"Rosa Pablo Dyego","odds":"151.00","header":"3 or More"},{"name":"Wellington Gum","odds":"41.00","header":"2 or More"},{"name":"Wellington Gum","odds":"151.00","header":"3 or More"},{"name":"Chaves Mateus Norton","odds":"51.00","header":"2 or More"},{"name":"Chaves Mateus Norton","odds":"151.00","header":"3 or More"},{"name":"Dalmoro Hyoran","odds":"51.00","header":"2 or More"},{"name":"Dalmoro Hyoran","odds":"151.00","header":"3 or More"},{"name":"Matos Joao Vitor","odds":"67.00","header":"2 or More"},{"name":"Matos Joao Vitor","odds":"201.00","header":"3 or More"},{"name":"Coelho Richard","odds":"81.00","header":"2 or More"},{"name":"Coelho Richard","odds":"251.00","header":"3 or More"},{"name":"Corsini Bruno Henrique","odds":"81.00","header":"2 or More"},{"name":"Corsini Bruno Henrique","odds":"251.00","header":"3 or More"},{"name":"De Carvalho Felipe Melo","odds":"81.00","header":"2 or More"},{"name":"De Carvalho Felipe Melo","odds":"251.00","header":"3 or More"},{"name":"Teixeira Luan Garcia","odds":"81.00","header":"2 or More"},{"name":"Teixeira Luan Garcia","odds":"251.00","header":"3 or More"},{"name":"Aquino Marcos Rocha","odds":"101.00","header":"2 or More"},{"name":"Aquino Marcos Rocha","odds":"501.00","header":"3 or More"},{"name":"de Oliveira Mayke","odds":"101.00","header":"2 or More"},{"name":"de Oliveira Mayke","odds":"501.00","header":"3 or More"},{"name":"Gomes Douglas","odds":"101.00","header":"2 or More"},{"name":"Gomes Douglas","odds":"501.00","header":"3 or More"},{"name":"Luiz Dudu","odds":"101.00","header":"2 or More"},{"name":"Luiz Dudu","odds":"501.00","header":"3 or More"},{"name":"Medonha Diogo Barbosa","odds":"101.00","header":"2 or More"},{"name":"Medonha Diogo Barbosa","odds":"501.00","header":"3 or More"},{"name":"Moreira Douglas","odds":"101.00","header":"2 or More"},{"name":"Moreira Douglas","odds":"501.00","header":"3 or More"},{"name":"Thiago Santos","odds":"101.00","header":"2 or More"},{"name":"Thiago Santos","odds":"351.00","header":"3 or More"},{"name":"Xavier Marlon","odds":"101.00","header":"2 or More"},{"name":"Xavier Marlon","odds":"501.00","header":"3 or More"},{"name":"Zamblauaksas Victor Luis","odds":"101.00","header":"2 or More"},{"name":"Zamblauaksas Victor Luis","odds":"501.00","header":"3 or More"},{"name":"Cesar Nunes","odds":"126.00","header":"2 or More"},{"name":"Cesar Nunes","odds":"501.00","header":"3 or More"},{"name":"de Medeiros Ayrton","odds":"126.00","header":"2 or More"},{"name":"de Medeiros Ayrton","odds":"501.00","header":"3 or More"},{"name":"dos Santos Jadson","odds":"126.00","header":"2 or More"},{"name":"dos Santos Jadson","odds":"501.00","header":"3 or More"},{"name":"Junior Antonio Carlos","odds":"126.00","header":"2 or More"},{"name":"Junior Antonio Carlos","odds":"501.00","header":"3 or More"},{"name":"Junior Gilberto","odds":"126.00","header":"2 or More"},{"name":"Junior Gilberto","odds":"501.00","header":"3 or More"},{"name":"Junior Renato Chaves","odds":"126.00","header":"2 or More"},{"name":"Junior Renato Chaves","odds":"501.00","header":"3 or More"},{"name":"Luis Edu Dracena","odds":"126.00","header":"2 or More"},{"name":"Luis Edu Dracena","odds":"501.00","header":"3 or More"},{"name":"Moreira Leo Morais","odds":"126.00","header":"2 or More"},{"name":"Moreira Leo Morais","odds":"501.00","header":"3 or More"},{"name":"Nathan Otavio","odds":"126.00","header":"2 or More"},{"name":"Nathan Otavio","odds":"501.00","header":"3 or More"},{"name":"Petroni Luan Peres","odds":"126.00","header":"2 or More"},{"name":"Petroni Luan Peres","odds":"501.00","header":"3 or More"},{"name":"Raymundo Emerson Santos","odds":"126.00","header":"2 or More"},{"name":"Raymundo Emerson Santos","odds":"501.00","header":"3 or More"},{"name":"Rodrigo Junior Digao","odds":"126.00","header":"2 or More"},{"name":"Rodrigo Junior Digao","odds":"501.00","header":"3 or More"},{"name":"Roger Ibanez","odds":"126.00","header":"2 or More"},{"name":"Roger Ibanez","odds":"501.00","header":"3 or More"},{"name":"Thiago Martins","odds":"126.00","header":"2 or More"},{"name":"Thiago Martins","odds":"501.00","header":"3 or More"},{"name":"Wesley Frazan","odds":"126.00","header":"2 or More"},{"name":"Wesley Frazan","odds":"501.00","header":"3 or More"}],"asian_handicap":[{"opp":"0.0, +0.5","odds":"1.950","header":"Home"},{"opp":"0.0, -0.5","odds":"1.900","header":"Away"}],"goal_line":[{"goals":"2.0, 2.5","odds":"1.825","header":"Over"},{"goals":"2.0, 2.5","odds":"2.025","header":"Under"}],"alternative_asian_handicap":[{"opp":"-1.0, -1.5","odds":"6.800","header":"Home"},{"opp":"+1.0, +1.5","odds":"1.105","header":"Away"},{"opp":"-1.0","odds":"6.250","header":"Home"},{"opp":"+1.0","odds":"1.120","header":"Away"},{"opp":"-0.5, -1.0","odds":"4.000","header":"Home"},{"opp":"+0.5, +1.0","odds":"1.230","header":"Away"},{"opp":"-0.5","odds":"3.100","header":"Home"},{"opp":"+0.5","odds":"1.350","header":"Away"},{"opp":"0.0, -0.5","odds":"2.750","header":"Home"},{"opp":"0.0, +0.5","odds":"1.425","header":"Away"},{"opp":"0.0","odds":"2.350","header":"Home"},{"opp":"0.0","odds":"1.575","header":"Away"},{"opp":"+0.5","odds":"1.675","header":"Home"},{"opp":"-0.5","odds":"2.150","header":"Away"},{"opp":"+0.5, +1.0","odds":"1.500","header":"Home"},{"opp":"-0.5, -1.0","odds":"2.500","header":"Away"},{"opp":"+1.0","odds":"1.300","header":"Home"},{"opp":"-1.0","odds":"3.450","header":"Away"},{"opp":"+1.0, +1.5","odds":"1.250","header":"Home"},{"opp":"-1.0, -1.5","odds":"3.800","header":"Away"},{"opp":"+1.5","odds":"1.210","header":"Home"},{"opp":"-1.5","odds":"4.250","header":"Away"},{"opp":"+1.5, +2.0","odds":"1.140","header":"Home"},{"opp":"-1.5, -2.0","odds":"5.750","header":"Away"}],"alternative_goal_line":[{"goals":"1.0, 1.5","odds":"1.210","header":"Over"},{"goals":"1.0, 1.5","odds":"4.250","header":"Under"},{"goals":"1.5","odds":"1.350","header":"Over"},{"goals":"1.5","odds":"3.100","header":"Under"},{"goals":"1.5, 2.0","odds":"1.425","header":"Over"},{"goals":"1.5, 2.0","odds":"2.750","header":"Under"},{"goals":"2.0","odds":"1.550","header":"Over"},{"goals":"2.0","odds":"2.375","header":"Under"},{"goals":"2.5","odds":"2.050","header":"Over"},{"goals":"2.5","odds":"1.750","header":"Under"},{"goals":"2.5, 3.0","odds":"2.350","header":"Over"},{"goals":"2.5, 3.0","odds":"1.575","header":"Under"},{"goals":"3.0","odds":"2.850","header":"Over"},{"goals":"3.0","odds":"1.400","header":"Under"},{"goals":"3.0, 3.5","odds":"3.300","header":"Over"},{"goals":"3.0, 3.5","odds":"1.325","header":"Under"},{"goals":"3.5","odds":"3.550","header":"Over"},{"goals":"3.5","odds":"1.275","header":"Under"},{"goals":"3.5, 4.0","odds":"4.500","header":"Over"},{"goals":"3.5, 4.0","odds":"1.190","header":"Under"},{"goals":"4.0","odds":"6.600","header":"Over"},{"goals":"4.0","odds":"1.110","header":"Under"},{"goals":"4.0, 4.5","odds":"7.000","header":"Over"},{"goals":"4.0, 4.5","odds":"1.100","header":"Under"}],"draw_no_bet":[{"opp":"Fluminense","odds":"2.38"},{"opp":"Palmeiras","odds":"1.53"}],"result_both_teams_to_score":[{"name":"Fluminense","odds":"7.00","header":"Yes"},{"name":"Fluminense","odds":"5.50","header":"No"},{"name":"Palmeiras","odds":"4.50","header":"Yes"},{"name":"Palmeiras","odds":"3.60","header":"No"},{"name":"Draw","odds":"4.50","header":"Yes"},{"name":"Draw","odds":"9.00","header":"No"}],"handicap_result":[{"opp":"Fluminense (+1)","odds":"1.73"},{"opp":"Tie - (Palmeiras -1)","odds":"3.75"},{"opp":"Palmeiras (-1)","odds":"4.00"}],"alternative_handicap_result":[{"opp":"-2.0","odds":"15.00","header":"Home"},{"opp":"+2.0","odds":"9.00","header":"Tie"},{"opp":"+2.0","odds":"1.07","header":"Away"},{"opp":"-1.0","odds":"7.00","header":"Home"},{"opp":"+1.0","odds":"4.75","header":"Tie"},{"opp":"+1.0","odds":"1.33","header":"Away"},{"opp":"+2.0","odds":"1.20","header":"Home"},{"opp":"-2.0","odds":"6.00","header":"Tie"},{"opp":"-2.0","odds":"9.00","header":"Away"},{"opp":"+3.0","odds":"1.05","header":"Home"},{"opp":"-3.0","odds":"11.00","header":"Tie"},{"opp":"-3.0","odds":"17.00","header":"Away"}],"winning_margin":[{"goals":" 1","odds":"4.75","header":"Home"},{"goals":" 1","odds":"3.75","header":"Away"},{"goals":" 2","odds":"9.00","header":"Home"},{"goals":" 2","odds":"6.00","header":"Away"},{"goals":" 3","odds":"29.00","header":"Home"},{"goals":" 3","odds":"11.00","header":"Away"},{"goals":" 4+","odds":"51.00","header":"Home"},{"goals":" 4+","odds":"17.00","header":"Away"},{"goals":"Score Draw","odds":"4.50","header":"Home"},{"goals":"No Goal","odds":"9.00","header":"Home"}]}},"player":{"updated_at":"1532556860","sp":{"goalscorers":[{"name":"Miguel Borja","odds":"5.50","header":"First"},{"name":"Miguel Borja","odds":"5.50","header":"Last"},{"name":"Miguel Borja","odds":"2.50","header":"Anytime"},{"name":"Guilherme Pedro","odds":"6.00","header":"First"},{"name":"Guilherme Pedro","odds":"6.00","header":"Last"},{"name":"Guilherme Pedro","odds":"2.62","header":"Anytime"},{"name":"Acosta Deyverson","odds":"6.50","header":"First"},{"name":"Acosta Deyverson","odds":"6.50","header":"Last"},{"name":"Acosta Deyverson","odds":"2.88","header":"Anytime"},{"name":"Gomes Willian","odds":"7.50","header":"First"},{"name":"Gomes Willian","odds":"7.50","header":"Last"},{"name":"Gomes Willian","odds":"3.25","header":"Anytime"},{"name":"Lucas Luquinhas","odds":"7.50","header":"First"},{"name":"Lucas Luquinhas","odds":"7.50","header":"Last"},{"name":"Lucas Luquinhas","odds":"3.25","header":"Anytime"},{"name":"dos Santos Marcos Junior","odds":"9.00","header":"First"},{"name":"dos Santos Marcos Junior","odds":"9.00","header":"Last"},{"name":"dos Santos Marcos Junior","odds":"3.75","header":"Anytime"},{"name":"Guimaraes Artur","odds":"9.00","header":"First"},{"name":"Guimaraes Artur","odds":"9.00","header":"Last"},{"name":"Guimaraes Artur","odds":"3.75","header":"Anytime"},{"name":"da Silva Robinho","odds":"10.00","header":"First"},{"name":"da Silva Robinho","odds":"10.00","header":"Last"},{"name":"da Silva Robinho","odds":"4.33","header":"Anytime"},{"name":"Eduardo Dudu","odds":"10.00","header":"First"},{"name":"Eduardo Dudu","odds":"10.00","header":"Last"},{"name":"Eduardo Dudu","odds":"4.33","header":"Anytime"},{"name":"Junior Sornoza","odds":"10.00","header":"First"},{"name":"Junior Sornoza","odds":"10.00","header":"Last"},{"name":"Junior Sornoza","odds":"4.33","header":"Anytime"},{"name":"Santo Joao Carlos","odds":"10.00","header":"First"},{"name":"Santo Joao Carlos","odds":"10.00","header":"Last"},{"name":"Santo Joao Carlos","odds":"4.33","header":"Anytime"},{"name":"Alejandro Guerra","odds":"11.00","header":"First"},{"name":"Alejandro Guerra","odds":"11.00","header":"Last"},{"name":"Alejandro Guerra","odds":"4.50","header":"Anytime"},{"name":"Junior Dutra","odds":"11.00","header":"First"},{"name":"Junior Dutra","odds":"11.00","header":"Last"},{"name":"Junior Dutra","odds":"4.50","header":"Anytime"},{"name":"Pereira Matheus Alessandro","odds":"11.00","header":"First"},{"name":"Pereira Matheus Alessandro","odds":"11.00","header":"Last"},{"name":"Pereira Matheus Alessandro","odds":"4.50","header":"Anytime"},{"name":"Silva Everaldo","odds":"11.00","header":"First"},{"name":"Silva Everaldo","odds":"11.00","header":"Last"},{"name":"Silva Everaldo","odds":"4.50","header":"Anytime"},{"name":"Carvalho Vitinho","odds":"12.00","header":"First"},{"name":"Carvalho Vitinho","odds":"12.00","header":"Last"},{"name":"Carvalho Vitinho","odds":"5.00","header":"Anytime"},{"name":"Rafael Lucas Lima","odds":"12.00","header":"First"},{"name":"Rafael Lucas Lima","odds":"12.00","header":"Last"},{"name":"Rafael Lucas Lima","odds":"5.00","header":"Anytime"},{"name":"Rafael Papagaio","odds":"12.00","header":"First"},{"name":"Rafael Papagaio","odds":"12.00","header":"Last"},{"name":"Rafael Papagaio","odds":"5.00","header":"Anytime"},{"name":"Santos Airton","odds":"12.00","header":"First"},{"name":"Santos Airton","odds":"12.00","header":"Last"},{"name":"Santos Airton","odds":"5.00","header":"Anytime"},{"name":"Henrique Gustavo Scarpa","odds":"13.00","header":"First"},{"name":"Henrique Gustavo Scarpa","odds":"13.00","header":"Last"},{"name":"Henrique Gustavo Scarpa","odds":"5.50","header":"Anytime"},{"name":"Magalhaes Moises","odds":"13.00","header":"First"},{"name":"Magalhaes Moises","odds":"13.00","header":"Last"},{"name":"Magalhaes Moises","odds":"5.50","header":"Anytime"},{"name":"Moreira Jean","odds":"13.00","header":"First"},{"name":"Moreira Jean","odds":"13.00","header":"Last"},{"name":"Moreira Jean","odds":"5.50","header":"Anytime"},{"name":"Neto Diogo","odds":"13.00","header":"First"},{"name":"Neto Diogo","odds":"13.00","header":"Last"},{"name":"Neto Diogo","odds":"5.50","header":"Anytime"},{"name":"Pedro Henrique de Oliveira Correia","odds":"13.00","header":"First"},{"name":"Pedro Henrique de Oliveira Correia","odds":"13.00","header":"Last"},{"name":"Pedro Henrique de Oliveira Correia","odds":"5.50","header":"Anytime"},{"name":"Rosa Pablo Dyego","odds":"13.00","header":"First"},{"name":"Rosa Pablo Dyego","odds":"13.00","header":"Last"},{"name":"Rosa Pablo Dyego","odds":"5.50","header":"Anytime"},{"name":"Wellington Gum","odds":"13.00","header":"First"},{"name":"Wellington Gum","odds":"13.00","header":"Last"},{"name":"Wellington Gum","odds":"5.50","header":"Anytime"},{"name":"Chaves Mateus Norton","odds":"15.00","header":"First"},{"name":"Chaves Mateus Norton","odds":"15.00","header":"Last"},{"name":"Chaves Mateus Norton","odds":"6.00","header":"Anytime"},{"name":"Dalmoro Hyoran","odds":"15.00","header":"First"},{"name":"Dalmoro Hyoran","odds":"15.00","header":"Last"},{"name":"Dalmoro Hyoran","odds":"6.00","header":"Anytime"},{"name":"Matos Joao Vitor","odds":"17.00","header":"First"},{"name":"Matos Joao Vitor","odds":"17.00","header":"Last"},{"name":"Matos Joao Vitor","odds":"7.00","header":"Anytime"},{"name":"Coelho Richard","odds":"19.00","header":"First"},{"name":"Coelho Richard","odds":"19.00","header":"Last"},{"name":"Coelho Richard","odds":"7.50","header":"Anytime"},{"name":"Corsini Bruno Henrique","odds":"19.00","header":"First"},{"name":"Corsini Bruno Henrique","odds":"19.00","header":"Last"},{"name":"Corsini Bruno Henrique","odds":"7.50","header":"Anytime"},{"name":"De Carvalho Felipe Melo","odds":"19.00","header":"First"},{"name":"De Carvalho Felipe Melo","odds":"19.00","header":"Last"},{"name":"De Carvalho Felipe Melo","odds":"7.50","header":"Anytime"},{"name":"Teixeira Luan Garcia","odds":"19.00","header":"First"},{"name":"Teixeira Luan Garcia","odds":"19.00","header":"Last"},{"name":"Teixeira Luan Garcia","odds":"7.50","header":"Anytime"},{"name":"Thiago Santos","odds":"21.00","header":"First"},{"name":"Thiago Santos","odds":"21.00","header":"Last"},{"name":"Thiago Santos","odds":"8.50","header":"Anytime"},{"name":"Aquino Marcos Rocha","odds":"23.00","header":"First"},{"name":"Aquino Marcos Rocha","odds":"23.00","header":"Last"},{"name":"Aquino Marcos Rocha","odds":"9.50","header":"Anytime"},{"name":"Gomes Douglas","odds":"23.00","header":"First"},{"name":"Gomes Douglas","odds":"23.00","header":"Last"},{"name":"Gomes Douglas","odds":"9.50","header":"Anytime"},{"name":"Luiz Dudu","odds":"23.00","header":"First"},{"name":"Luiz Dudu","odds":"23.00","header":"Last"},{"name":"Luiz Dudu","odds":"9.50","header":"Anytime"},{"name":"Moreira Douglas","odds":"23.00","header":"First"},{"name":"Moreira Douglas","odds":"23.00","header":"Last"},{"name":"Moreira Douglas","odds":"9.50","header":"Anytime"},{"name":"Xavier Marlon","odds":"23.00","header":"First"},{"name":"Xavier Marlon","odds":"23.00","header":"Last"},{"name":"Xavier Marlon","odds":"9.50","header":"Anytime"},{"name":"de Oliveira Mayke","odds":"26.00","header":"First"},{"name":"de Oliveira Mayke","odds":"26.00","header":"Last"},{"name":"de Oliveira Mayke","odds":"11.00","header":"Anytime"},{"name":"Medonha Diogo Barbosa","odds":"26.00","header":"First"},{"name":"Medonha Diogo Barbosa","odds":"26.00","header":"Last"},{"name":"Medonha Diogo Barbosa","odds":"11.00","header":"Anytime"},{"name":"Zamblauaksas Victor Luis","odds":"26.00","header":"First"},{"name":"Zamblauaksas Victor Luis","odds":"26.00","header":"Last"},{"name":"Zamblauaksas Victor Luis","odds":"11.00","header":"Anytime"},{"name":"Cesar Nunes","odds":"29.00","header":"First"},{"name":"Cesar Nunes","odds":"29.00","header":"Last"},{"name":"Cesar Nunes","odds":"12.00","header":"Anytime"},{"name":"dos Santos Jadson","odds":"29.00","header":"First"},{"name":"dos Santos Jadson","odds":"29.00","header":"Last"},{"name":"dos Santos Jadson","odds":"12.00","header":"Anytime"},{"name":"Junior Antonio Carlos","odds":"29.00","header":"First"},{"name":"Junior Antonio Carlos","odds":"29.00","header":"Last"},{"name":"Junior Antonio Carlos","odds":"12.00","header":"Anytime"},{"name":"Luis Edu Dracena","odds":"29.00","header":"First"},{"name":"Luis Edu Dracena","odds":"29.00","header":"Last"},{"name":"Luis Edu Dracena","odds":"12.00","header":"Anytime"},{"name":"Nathan Otavio","odds":"29.00","header":"First"},{"name":"Nathan Otavio","odds":"29.00","header":"Last"},{"name":"Nathan Otavio","odds":"12.00","header":"Anytime"},{"name":"Petroni Luan Peres","odds":"29.00","header":"First"},{"name":"Petroni Luan Peres","odds":"29.00","header":"Last"},{"name":"Petroni Luan Peres","odds":"12.00","header":"Anytime"},{"name":"Raymundo Emerson Santos","odds":"29.00","header":"First"},{"name":"Raymundo Emerson Santos","odds":"29.00","header":"Last"},{"name":"Raymundo Emerson Santos","odds":"12.00","header":"Anytime"},{"name":"Roger Ibanez","odds":"29.00","header":"First"},{"name":"Roger Ibanez","odds":"29.00","header":"Last"},{"name":"Roger Ibanez","odds":"12.00","header":"Anytime"},{"name":"Thiago Martins","odds":"29.00","header":"First"},{"name":"Thiago Martins","odds":"29.00","header":"Last"},{"name":"Thiago Martins","odds":"12.00","header":"Anytime"},{"name":"de Medeiros Ayrton","odds":"34.00","header":"First"},{"name":"de Medeiros Ayrton","odds":"34.00","header":"Last"},{"name":"de Medeiros Ayrton","odds":"15.00","header":"Anytime"},{"name":"Junior Gilberto","odds":"34.00","header":"First"},{"name":"Junior Gilberto","odds":"34.00","header":"Last"},{"name":"Junior Gilberto","odds":"15.00","header":"Anytime"},{"name":"Junior Renato Chaves","odds":"34.00","header":"First"},{"name":"Junior Renato Chaves","odds":"34.00","header":"Last"},{"name":"Junior Renato Chaves","odds":"15.00","header":"Anytime"},{"name":"Moreira Leo Morais","odds":"34.00","header":"First"},{"name":"Moreira Leo Morais","odds":"34.00","header":"Last"},{"name":"Moreira Leo Morais","odds":"15.00","header":"Anytime"},{"name":"Rodrigo Junior Digao","odds":"34.00","header":"First"},{"name":"Rodrigo Junior Digao","odds":"34.00","header":"Last"},{"name":"Rodrigo Junior Digao","odds":"15.00","header":"Anytime"},{"name":"Wesley Frazan","odds":"34.00","header":"First"},{"name":"Wesley Frazan","odds":"34.00","header":"Last"},{"name":"Wesley Frazan","odds":"15.00","header":"Anytime"},{"name":"No Goalscorer","odds":"9.00","header":"First"},{"name":"No Goalscorer","odds":"9.00","header":"Last"}],"multi_scorers":[{"name":"Miguel Borja","odds":"9.00","header":"2 or More"},{"name":"Miguel Borja","odds":"41.00","header":"3 or More"},{"name":"Guilherme Pedro","odds":"11.00","header":"2 or More"},{"name":"Guilherme Pedro","odds":"51.00","header":"3 or More"},{"name":"Acosta Deyverson","odds":"12.00","header":"2 or More"},{"name":"Acosta Deyverson","odds":"51.00","header":"3 or More"},{"name":"Gomes Willian","odds":"15.00","header":"2 or More"},{"name":"Gomes Willian","odds":"81.00","header":"3 or More"},{"name":"Lucas Luquinhas","odds":"15.00","header":"2 or More"},{"name":"Lucas Luquinhas","odds":"81.00","header":"3 or More"},{"name":"dos Santos Marcos Junior","odds":"21.00","header":"2 or More"},{"name":"dos Santos Marcos Junior","odds":"101.00","header":"3 or More"},{"name":"Guimaraes Artur","odds":"21.00","header":"2 or More"},{"name":"Guimaraes Artur","odds":"101.00","header":"3 or More"},{"name":"da Silva Robinho","odds":"26.00","header":"2 or More"},{"name":"da Silva Robinho","odds":"101.00","header":"3 or More"},{"name":"Eduardo Dudu","odds":"26.00","header":"2 or More"},{"name":"Eduardo Dudu","odds":"101.00","header":"3 or More"},{"name":"Junior Sornoza","odds":"26.00","header":"2 or More"},{"name":"Junior Sornoza","odds":"101.00","header":"3 or More"},{"name":"Santo Joao Carlos","odds":"26.00","header":"2 or More"},{"name":"Santo Joao Carlos","odds":"101.00","header":"3 or More"},{"name":"Alejandro Guerra","odds":"29.00","header":"2 or More"},{"name":"Alejandro Guerra","odds":"126.00","header":"3 or More"},{"name":"Junior Dutra","odds":"29.00","header":"2 or More"},{"name":"Junior Dutra","odds":"126.00","header":"3 or More"},{"name":"Pereira Matheus Alessandro","odds":"29.00","header":"2 or More"},{"name":"Pereira Matheus Alessandro","odds":"126.00","header":"3 or More"},{"name":"Silva Everaldo","odds":"29.00","header":"2 or More"},{"name":"Silva Everaldo","odds":"126.00","header":"3 or More"},{"name":"Carvalho Vitinho","odds":"34.00","header":"2 or More"},{"name":"Carvalho Vitinho","odds":"126.00","header":"3 or More"},{"name":"Rafael Lucas Lima","odds":"34.00","header":"2 or More"},{"name":"Rafael Lucas Lima","odds":"126.00","header":"3 or More"},{"name":"Rafael Papagaio","odds":"34.00","header":"2 or More"},{"name":"Rafael Papagaio","odds":"126.00","header":"3 or More"},{"name":"Santos Airton","odds":"34.00","header":"2 or More"},{"name":"Santos Airton","odds":"126.00","header":"3 or More"},{"name":"Henrique Gustavo Scarpa","odds":"41.00","header":"2 or More"},{"name":"Henrique Gustavo Scarpa","odds":"151.00","header":"3 or More"},{"name":"Magalhaes Moises","odds":"41.00","header":"2 or More"},{"name":"Magalhaes Moises","odds":"151.00","header":"3 or More"},{"name":"Moreira Jean","odds":"41.00","header":"2 or More"},{"name":"Moreira Jean","odds":"151.00","header":"3 or More"},{"name":"Neto Diogo","odds":"41.00","header":"2 or More"},{"name":"Neto Diogo","odds":"151.00","header":"3 or More"},{"name":"Pedro Henrique de Oliveira Correia","odds":"41.00","header":"2 or More"},{"name":"Pedro Henrique de Oliveira Correia","odds":"151.00","header":"3 or More"},{"name":"Rosa Pablo Dyego","odds":"41.00","header":"2 or More"},{"name":"Rosa Pablo Dyego","odds":"151.00","header":"3 or More"},{"name":"Wellington Gum","odds":"41.00","header":"2 or More"},{"name":"Wellington Gum","odds":"151.00","header":"3 or More"},{"name":"Chaves Mateus Norton","odds":"51.00","header":"2 or More"},{"name":"Chaves Mateus Norton","odds":"151.00","header":"3 or More"},{"name":"Dalmoro Hyoran","odds":"51.00","header":"2 or More"},{"name":"Dalmoro Hyoran","odds":"151.00","header":"3 or More"},{"name":"Matos Joao Vitor","odds":"67.00","header":"2 or More"},{"name":"Matos Joao Vitor","odds":"201.00","header":"3 or More"},{"name":"Coelho Richard","odds":"81.00","header":"2 or More"},{"name":"Coelho Richard","odds":"251.00","header":"3 or More"},{"name":"Corsini Bruno Henrique","odds":"81.00","header":"2 or More"},{"name":"Corsini Bruno Henrique","odds":"251.00","header":"3 or More"},{"name":"De Carvalho Felipe Melo","odds":"81.00","header":"2 or More"},{"name":"De Carvalho Felipe Melo","odds":"251.00","header":"3 or More"},{"name":"Teixeira Luan Garcia","odds":"81.00","header":"2 or More"},{"name":"Teixeira Luan Garcia","odds":"251.00","header":"3 or More"},{"name":"Aquino Marcos Rocha","odds":"101.00","header":"2 or More"},{"name":"Aquino Marcos Rocha","odds":"501.00","header":"3 or More"},{"name":"de Oliveira Mayke","odds":"101.00","header":"2 or More"},{"name":"de Oliveira Mayke","odds":"501.00","header":"3 or More"},{"name":"Gomes Douglas","odds":"101.00","header":"2 or More"},{"name":"Gomes Douglas","odds":"501.00","header":"3 or More"},{"name":"Luiz Dudu","odds":"101.00","header":"2 or More"},{"name":"Luiz Dudu","odds":"501.00","header":"3 or More"},{"name":"Medonha Diogo Barbosa","odds":"101.00","header":"2 or More"},{"name":"Medonha Diogo Barbosa","odds":"501.00","header":"3 or More"},{"name":"Moreira Douglas","odds":"101.00","header":"2 or More"},{"name":"Moreira Douglas","odds":"501.00","header":"3 or More"},{"name":"Thiago Santos","odds":"101.00","header":"2 or More"},{"name":"Thiago Santos","odds":"351.00","header":"3 or More"},{"name":"Xavier Marlon","odds":"101.00","header":"2 or More"},{"name":"Xavier Marlon","odds":"501.00","header":"3 or More"},{"name":"Zamblauaksas Victor Luis","odds":"101.00","header":"2 or More"},{"name":"Zamblauaksas Victor Luis","odds":"501.00","header":"3 or More"},{"name":"Cesar Nunes","odds":"126.00","header":"2 or More"},{"name":"Cesar Nunes","odds":"501.00","header":"3 or More"},{"name":"de Medeiros Ayrton","odds":"126.00","header":"2 or More"},{"name":"de Medeiros Ayrton","odds":"501.00","header":"3 or More"},{"name":"dos Santos Jadson","odds":"126.00","header":"2 or More"},{"name":"dos Santos Jadson","odds":"501.00","header":"3 or More"},{"name":"Junior Antonio Carlos","odds":"126.00","header":"2 or More"},{"name":"Junior Antonio Carlos","odds":"501.00","header":"3 or More"},{"name":"Junior Gilberto","odds":"126.00","header":"2 or More"},{"name":"Junior Gilberto","odds":"501.00","header":"3 or More"},{"name":"Junior Renato Chaves","odds":"126.00","header":"2 or More"},{"name":"Junior Renato Chaves","odds":"501.00","header":"3 or More"},{"name":"Luis Edu Dracena","odds":"126.00","header":"2 or More"},{"name":"Luis Edu Dracena","odds":"501.00","header":"3 or More"},{"name":"Moreira Leo Morais","odds":"126.00","header":"2 or More"},{"name":"Moreira Leo Morais","odds":"501.00","header":"3 or More"},{"name":"Nathan Otavio","odds":"126.00","header":"2 or More"},{"name":"Nathan Otavio","odds":"501.00","header":"3 or More"},{"name":"Petroni Luan Peres","odds":"126.00","header":"2 or More"},{"name":"Petroni Luan Peres","odds":"501.00","header":"3 or More"},{"name":"Raymundo Emerson Santos","odds":"126.00","header":"2 or More"},{"name":"Raymundo Emerson Santos","odds":"501.00","header":"3 or More"},{"name":"Rodrigo Junior Digao","odds":"126.00","header":"2 or More"},{"name":"Rodrigo Junior Digao","odds":"501.00","header":"3 or More"},{"name":"Roger Ibanez","odds":"126.00","header":"2 or More"},{"name":"Roger Ibanez","odds":"501.00","header":"3 or More"},{"name":"Thiago Martins","odds":"126.00","header":"2 or More"},{"name":"Thiago Martins","odds":"501.00","header":"3 or More"},{"name":"Wesley Frazan","odds":"126.00","header":"2 or More"},{"name":"Wesley Frazan","odds":"501.00","header":"3 or More"}],"team_goalscorer":[{"name":"Guilherme Pedro","odds":"3.50","header":"First"},{"name":"Guilherme Pedro","odds":"3.50","header":"Last"},{"name":"Lucas Luquinhas","odds":"4.00","header":"First"},{"name":"Lucas Luquinhas","odds":"4.00","header":"Last"},{"name":"dos Santos Marcos Junior","odds":"5.00","header":"First"},{"name":"dos Santos Marcos Junior","odds":"5.00","header":"Last"},{"name":"da Silva Robinho","odds":"5.50","header":"First"},{"name":"da Silva Robinho","odds":"5.50","header":"Last"},{"name":"Junior Sornoza","odds":"5.50","header":"First"},{"name":"Junior Sornoza","odds":"5.50","header":"Last"},{"name":"Santo Joao Carlos","odds":"5.50","header":"First"},{"name":"Santo Joao Carlos","odds":"5.50","header":"Last"},{"name":"Junior Dutra","odds":"6.00","header":"First"},{"name":"Junior Dutra","odds":"6.00","header":"Last"},{"name":"Pereira Matheus Alessandro","odds":"6.00","header":"First"},{"name":"Pereira Matheus Alessandro","odds":"6.00","header":"Last"},{"name":"Silva Everaldo","odds":"6.00","header":"First"},{"name":"Silva Everaldo","odds":"6.00","header":"Last"},{"name":"Santos Airton","odds":"7.00","header":"First"},{"name":"Santos Airton","odds":"7.00","header":"Last"},{"name":"Neto Diogo","odds":"7.50","header":"First"},{"name":"Neto Diogo","odds":"7.50","header":"Last"},{"name":"Rosa Pablo Dyego","odds":"7.50","header":"First"},{"name":"Rosa Pablo Dyego","odds":"7.50","header":"Last"},{"name":"Wellington Gum","odds":"7.50","header":"First"},{"name":"Wellington Gum","odds":"7.50","header":"Last"},{"name":"Chaves Mateus Norton","odds":"8.00","header":"First"},{"name":"Chaves Mateus Norton","odds":"8.00","header":"Last"},{"name":"Matos Joao Vitor","odds":"9.00","header":"First"},{"name":"Matos Joao Vitor","odds":"9.00","header":"Last"},{"name":"Coelho Richard","odds":"10.00","header":"First"},{"name":"Coelho Richard","odds":"10.00","header":"Last"},{"name":"Gomes Douglas","odds":"13.00","header":"First"},{"name":"Gomes Douglas","odds":"13.00","header":"Last"},{"name":"Luiz Dudu","odds":"13.00","header":"First"},{"name":"Luiz Dudu","odds":"13.00","header":"Last"},{"name":"Moreira Douglas","odds":"13.00","header":"First"},{"name":"Moreira Douglas","odds":"13.00","header":"Last"},{"name":"dos Santos Jadson","odds":"15.00","header":"First"},{"name":"dos Santos Jadson","odds":"15.00","header":"Last"},{"name":"Nathan Otavio","odds":"15.00","header":"First"},{"name":"Nathan Otavio","odds":"15.00","header":"Last"},{"name":"Petroni Luan Peres","odds":"15.00","header":"First"},{"name":"Petroni Luan Peres","odds":"15.00","header":"Last"},{"name":"Roger Ibanez","odds":"15.00","header":"First"},{"name":"Roger Ibanez","odds":"15.00","header":"Last"},{"name":"Xavier Marlon","odds":"15.00","header":"First"},{"name":"Xavier Marlon","odds":"15.00","header":"Last"},{"name":"Cesar Nunes","odds":"17.00","header":"First"},{"name":"Cesar Nunes","odds":"17.00","header":"Last"},{"name":"de Medeiros Ayrton","odds":"21.00","header":"First"},{"name":"de Medeiros Ayrton","odds":"21.00","header":"Last"},{"name":"Junior Gilberto","odds":"21.00","header":"First"},{"name":"Junior Gilberto","odds":"21.00","header":"Last"},{"name":"Junior Renato Chaves","odds":"21.00","header":"First"},{"name":"Junior Renato Chaves","odds":"21.00","header":"Last"},{"name":"Moreira Leo Morais","odds":"21.00","header":"First"},{"name":"Moreira Leo Morais","odds":"21.00","header":"Last"},{"name":"Rodrigo Junior Digao","odds":"21.00","header":"First"},{"name":"Rodrigo Junior Digao","odds":"21.00","header":"Last"},{"name":"Wesley Frazan","odds":"21.00","header":"First"},{"name":"Wesley Frazan","odds":"21.00","header":"Last"},{"name":"No Goalscorer (Fluminense)","odds":"2.75","header":"First"},{"name":"No Goalscorer (Fluminense)","odds":"2.75","header":"Last"},{"name":"Miguel Borja","odds":"3.40","header":"First"},{"name":"Miguel Borja","odds":"3.40","header":"Last"},{"name":"Acosta Deyverson","odds":"4.00","header":"First"},{"name":"Acosta Deyverson","odds":"4.00","header":"Last"},{"name":"Gomes Willian","odds":"4.33","header":"First"},{"name":"Gomes Willian","odds":"4.33","header":"Last"},{"name":"Guimaraes Artur","odds":"5.50","header":"First"},{"name":"Guimaraes Artur","odds":"5.50","header":"Last"},{"name":"Eduardo Dudu","odds":"6.00","header":"First"},{"name":"Eduardo Dudu","odds":"6.00","header":"Last"},{"name":"Alejandro Guerra","odds":"6.50","header":"First"},{"name":"Alejandro Guerra","odds":"6.50","header":"Last"},{"name":"Carvalho Vitinho","odds":"7.00","header":"First"},{"name":"Carvalho Vitinho","odds":"7.00","header":"Last"},{"name":"Rafael Lucas Lima","odds":"7.00","header":"First"},{"name":"Rafael Lucas Lima","odds":"7.00","header":"Last"},{"name":"Rafael Papagaio","odds":"7.00","header":"First"},{"name":"Rafael Papagaio","odds":"7.00","header":"Last"},{"name":"Henrique Gustavo Scarpa","odds":"8.00","header":"First"},{"name":"Henrique Gustavo Scarpa","odds":"8.00","header":"Last"},{"name":"Magalhaes Moises","odds":"8.00","header":"First"},{"name":"Magalhaes Moises","odds":"8.00","header":"Last"},{"name":"Moreira Jean","odds":"8.00","header":"First"},{"name":"Moreira Jean","odds":"8.00","header":"Last"},{"name":"Pedro Henrique de Oliveira Correia","odds":"8.00","header":"First"},{"name":"Pedro Henrique de Oliveira Correia","odds":"8.00","header":"Last"},{"name":"Dalmoro Hyoran","odds":"9.00","header":"First"},{"name":"Dalmoro Hyoran","odds":"9.00","header":"Last"},{"name":"Corsini Bruno Henrique","odds":"11.00","header":"First"},{"name":"Corsini Bruno Henrique","odds":"11.00","header":"Last"},{"name":"De Carvalho Felipe Melo","odds":"11.00","header":"First"},{"name":"De Carvalho Felipe Melo","odds":"11.00","header":"Last"},{"name":"Teixeira Luan Garcia","odds":"11.00","header":"First"},{"name":"Teixeira Luan Garcia","odds":"11.00","header":"Last"},{"name":"Thiago Santos","odds":"12.00","header":"First"},{"name":"Thiago Santos","odds":"12.00","header":"Last"},{"name":"Aquino Marcos Rocha","odds":"13.00","header":"First"},{"name":"Aquino Marcos Rocha","odds":"13.00","header":"Last"},{"name":"de Oliveira Mayke","odds":"15.00","header":"First"},{"name":"de Oliveira Mayke","odds":"15.00","header":"Last"},{"name":"Medonha Diogo Barbosa","odds":"15.00","header":"First"},{"name":"Medonha Diogo Barbosa","odds":"15.00","header":"Last"},{"name":"Zamblauaksas Victor Luis","odds":"15.00","header":"First"},{"name":"Zamblauaksas Victor Luis","odds":"15.00","header":"Last"},{"name":"Junior Antonio Carlos","odds":"19.00","header":"First"},{"name":"Junior Antonio Carlos","odds":"19.00","header":"Last"},{"name":"Luis Edu Dracena","odds":"19.00","header":"First"},{"name":"Luis Edu Dracena","odds":"19.00","header":"Last"},{"name":"Raymundo Emerson Santos","odds":"19.00","header":"First"},{"name":"Raymundo Emerson Santos","odds":"19.00","header":"Last"},{"name":"Thiago Martins","odds":"19.00","header":"First"},{"name":"Thiago Martins","odds":"19.00","header":"Last"},{"name":"No Goalscorer (Palmeiras)","odds":"3.75","header":"First"},{"name":"No Goalscorer (Palmeiras)","odds":"3.75","header":"Last"}]}},"schedule":{"updated_at":"1532557689","sp":{"main":[{"odds":"1.850"},{"odds":"2.000"}]}},"specials":{"updated_at":"1532556385","sp":{"specials":[{"name":"To Win From Behind","odds":"13.00","header":"Home"},{"name":"To Win From Behind","odds":"9.00","header":"Away"},{"name":"To Win to Nil","odds":"5.50","header":"Home"},{"name":"To Win to Nil","odds":"3.60","header":"Away"},{"name":"To Win Either Half","odds":"2.10","header":"Home"},{"name":"To Win Either Half","odds":"1.62","header":"Away"},{"name":"To Win Both Halves","odds":"15.00","header":"Home"},{"name":"To Win Both Halves","odds":"7.00","header":"Away"},{"name":"To Score in Both Halves","odds":"5.00","header":"Home"},{"name":"To Score in Both Halves","odds":"3.50","header":"Away"}],"to_score_in_half":[{"name":"1st Half","odds":"2.38","header":"Yes"},{"name":"1st Half","odds":"1.53","header":"No"},{"name":"2nd Half","odds":"2.00","header":"Yes"},{"name":"2nd Half","odds":"1.73","header":"No"},{"name":"1st Half","odds":"2.00","header":"Yes"},{"name":"1st Half","odds":"1.73","header":"No"},{"name":"2nd Half","odds":"1.67","header":"Yes"},{"name":"2nd Half","odds":"2.10","header":"No"}],"own_goal":[{"opp":"Yes","odds":"13.00"},{"opp":"No","odds":"1.04"}]}}}]}