{"success":1,"results":[{"FI":"75097210","event_id":"637956","asian_lines":{"updated_at":"1532564803","sp":{"asian_handicap":[{"opp":"0.0","odds":"1.925","header":"Home"},{"opp":"0.0","odds":"1.925","header":"Away"}],"goal_line":[{"goals":"2.0, 2.5","odds":"2.050","header":"Over"},{"goals":"2.0, 2.5","odds":"1.800","header":"Under"}],"alternative_asian_handicap":[{"opp":"-1.5","odds":"5.900","header":"Home"},{"opp":"+1.5","odds":"1.130","header":"Away"},{"opp":"-1.0, -1.5","odds":"5.500","header":"Home"},{"opp":"+1.0, +1.5","odds":"1.150","header":"Away"},{"opp":"-1.0","odds":"4.650","header":"Home"},{"opp":"+1.0","odds":"1.180","header":"Away"},{"opp":"-0.5, -1.0","odds":"3.300","header":"Home"},{"opp":"+0.5, +1.0","odds":"1.325","header":"Away"},{"opp":"-0.5","odds":"2.600","header":"Home"},{"opp":"+0.5","odds":"1.475","header":"Away"},{"opp":"0.0, -0.5","odds":"2.250","header":"Home"},{"opp":"0.0, +0.5","odds":"1.625","header":"Away"},{"opp":"0.0, +0.5","odds":"1.625","header":"Home"},{"opp":"0.0, -0.5","odds":"2.250","header":"Away"},{"opp":"+0.5","odds":"1.475","header":"Home"},{"opp":"-0.5","odds":"2.600","header":"Away"},{"opp":"+0.5, +1.0","odds":"1.325","header":"Home"},{"opp":"-0.5, -1.0","odds":"3.300","header":"Away"},{"opp":"+1.0","odds":"1.180","header":"Home"},{"opp":"-1.0","odds":"4.650","header":"Away"},{"opp":"+1.0, +1.5","odds":"1.150","header":"Home"},{"opp":"-1.0, -1.5","odds":"5.500","header":"Away"},{"opp":"+1.5","odds":"1.130","header":"Home"},{"opp":"-1.5","odds":"5.900","header":"Away"}],"alternative_goal_line":[{"goals":"0.5, 1.0","odds":"1.105","header":"Over"},{"goals":"0.5, 1.0","odds":"6.800","header":"Under"},{"goals":"1.0","odds":"1.125","header":"Over"},{"goals":"1.0","odds":"6.000","header":"Under"},{"goals":"1.0, 1.5","odds":"1.275","header":"Over"},{"goals":"1.0, 1.5","odds":"3.550","header":"Under"},{"goals":"1.5","odds":"1.425","header":"Over"},{"goals":"1.5","odds":"2.750","header":"Under"},{"goals":"1.5, 2.0","odds":"1.525","header":"Over"},{"goals":"1.5, 2.0","odds":"2.425","header":"Under"},{"goals":"2.0","odds":"1.725","header":"Over"},{"goals":"2.0","odds":"2.075","header":"Under"},{"goals":"2.5","odds":"2.300","header":"Over"},{"goals":"2.5","odds":"1.600","header":"Under"},{"goals":"2.5, 3.0","odds":"2.675","header":"Over"},{"goals":"2.5, 3.0","odds":"1.450","header":"Under"},{"goals":"3.0","odds":"3.450","header":"Over"},{"goals":"3.0","odds":"1.300","header":"Under"},{"goals":"3.0, 3.5","odds":"3.800","header":"Over"},{"goals":"3.0, 3.5","odds":"1.250","header":"Under"},{"goals":"3.5","odds":"4.250","header":"Over"},{"goals":"3.5","odds":"1.210","header":"Under"},{"goals":"3.5, 4.0","odds":"5.750","header":"Over"},{"goals":"3.5, 4.0","odds":"1.140","header":"Under"}],"1st_half_asian_handicap":[{"opp":"0.0","odds":"1.900","header":"Home"},{"opp":"0.0","odds":"1.900","header":"Away"}],"1st_half_goal_line":[{"goals":"0.5, 1.0","odds":"1.725","header":"Over"},{"goals":"0.5, 1.0","odds":"2.075","header":"Under"}],"alternative_1st_half_asian_handicap":[{"opp":"-0.5, -1.0","odds":"4.800","header":"Home"},{"opp":"+0.5, +1.0","odds":"1.175","header":"Away"},{"opp":"-0.5","odds":"3.450","header":"Home"},{"opp":"+0.5","odds":"1.300","header":"Away"},{"opp":"0.0, -0.5","odds":"2.675","header":"Home"},{"opp":"0.0, +0.5","odds":"1.450","header":"Away"},{"opp":"0.0, +0.5","odds":"1.450","header":"Home"},{"opp":"0.0, -0.5","odds":"2.675","header":"Away"},{"opp":"+0.5","odds":"1.300","header":"Home"},{"opp":"-0.5","odds":"3.450","header":"Away"},{"opp":"+0.5, +1.0","odds":"1.175","header":"Home"},{"opp":"-0.5, -1.0","odds":"4.800","header":"Away"}],"alternative_1st_half_goal_line":[{"goals":"1.0","odds":"2.250","header":"Over"},{"goals":"1.0","odds":"1.625","header":"Under"},{"goals":"1.0, 1.5","odds":"2.750","header":"Over"},{"goals":"1.0, 1.5","odds":"1.425","header":"Under"},{"goals":"1.5","odds":"3.450","header":"Over"},{"goals":"1.5","odds":"1.300","header":"Under"},{"goals":"1.5, 2.0","odds":"4.500","header":"Over"},{"goals":"1.5, 2.0","odds":"1.190","header":"Under"}],"asian_total_corners":[{"goals":"11.0","odds":"1.975","header":"Over"},{"goals":"11.0","odds":"1.825","header":"Under"}],"1st_half_asian_corners":[{"goals":"5.0","odds":"1.800","header":"Over"},{"goals":"5.0","odds":"2.000","header":"Under"}]}},"corners":{"updated_at":"1532564811","sp":{"corners":[{"opp":"Over 11","odds":"2.20"},{"opp":"Exactly 11","odds":"8.00"},{"opp":"Under 11","odds":"2.00"}],"total_corners":[{"opp":"Under 6","odds":"19.00"},{"opp":"6 - 8","odds":"4.33"},{"opp":"9 - 11","odds":"2.75"},{"opp":"12 - 14","odds":"3.40"},{"opp":"Over 14","odds":"5.50"}],"alternative_corners":[{"goals":"4","odds":"1.01","header":"Over"},{"goals":"4","odds":"29.00","header":"Exactly"},{"goals":"4","odds":"41.00","header":"Under"},{"goals":"5","odds":"1.02","header":"Over"},{"goals":"5","odds":"21.00","header":"Exactly"},{"goals":"5","odds":"23.00","header":"Under"},{"goals":"6","odds":"1.06","header":"Over"},{"goals":"6","odds":"15.00","header":"Exactly"},{"goals":"6","odds":"15.00","header":"Under"},{"goals":"7","odds":"1.12","header":"Over"},{"goals":"7","odds":"12.00","header":"Exactly"},{"goals":"7","odds":"9.00","header":"Under"},{"goals":"8","odds":"1.25","header":"Over"},{"goals":"8","odds":"9.50","header":"Exactly"},{"goals":"8","odds":"5.50","header":"Under"},{"goals":"9","odds":"1.44","header":"Over"},{"goals":"9","odds":"8.50","header":"Exactly"},{"goals":"9","odds":"3.60","header":"Under"},{"goals":"10","odds":"1.73","header":"Over"},{"goals":"10","odds":"8.00","header":"Exactly"},{"goals":"10","odds":"2.62","header":"Under"},{"goals":"12","odds":"2.75","header":"Over"},{"goals":"12","odds":"8.50","header":"Exactly"},{"goals":"12","odds":"1.67","header":"Under"},{"goals":"13","odds":"3.75","header":"Over"},{"goals":"13","odds":"9.50","header":"Exactly"},{"goals":"13","odds":"1.40","header":"Under"},{"goals":"14","odds":"5.50","header":"Over"},{"goals":"14","odds":"11.00","header":"Exactly"},{"goals":"14","odds":"1.25","header":"Under"},{"goals":"15","odds":"7.50","header":"Over"},{"goals":"15","odds":"13.00","header":"Exactly"},{"goals":"15","odds":"1.14","header":"Under"},{"goals":"16","odds":"11.00","header":"Over"},{"goals":"16","odds":"17.00","header":"Exactly"},{"goals":"16","odds":"1.07","header":"Under"},{"goals":"17","odds":"15.00","header":"Over"},{"goals":"17","odds":"21.00","header":"Exactly"},{"goals":"17","odds":"1.04","header":"Under"},{"goals":"18","odds":"21.00","header":"Over"},{"goals":"18","odds":"26.00","header":"Exactly"},{"goals":"18","odds":"1.02","header":"Under"},{"goals":"19","odds":"29.00","header":"Over"},{"goals":"19","odds":"34.00","header":"Exactly"},{"goals":"19","odds":"1.02","header":"Under"}],"corners_2_way":[{"opp":"Over 10.5","odds":"1.73"},{"opp":"Under 10.5","odds":"2.00"}],"first_half_corners":[{"opp":"5","odds":"2.10","header":"Over"},{"opp":"5","odds":"5.50","header":"Exactly"},{"opp":"5","odds":"2.38","header":"Under"}],"asian_total_corners":[{"goals":"11.0","odds":"1.975","header":"Over"},{"goals":"11.0","odds":"1.825","header":"Under"}],"1st_half_asian_corners":[{"goals":"5.0","odds":"1.800","header":"Over"},{"goals":"5.0","odds":"2.000","header":"Under"}]}},"goals":{"updated_at":"1532564823","sp":{"goals_over_under":[{"goals":"2.5","odds":"2.30","header":"Over"},{"goals":"2.5","odds":"1.60","header":"Under"}],"alternative_total_goals":[{"goals":"0.5","odds":"1.10","header":"Over "},{"goals":"0.5","odds":"7.50","header":"Under"},{"goals":"1.5","odds":"1.40","header":"Over "},{"goals":"1.5","odds":"2.75","header":"Under"},{"goals":"3.5","odds":"4.33","header":"Over "},{"goals":"3.5","odds":"1.20","header":"Under"},{"goals":"4.5","odds":"10.00","header":"Over "},{"goals":"4.5","odds":"1.06","header":"Under"},{"goals":"5.5","odds":"21.00","header":"Over "},{"goals":"5.5","odds":"1.02","header":"Under"}],"result_total_goals":[{"opp":"Santos & Over 2.5","odds":"5.00"},{"opp":"Santos & Under 2.5","odds":"5.00"},{"opp":"Draw & Over 2.5","odds":"15.00"},{"opp":"Draw & Under  2.5","odds":"3.60"},{"opp":"Flamengo & Over 2.5","odds":"5.00"},{"opp":"Flamengo & Under 2.5","odds":"5.00"}],"total_goals_both_teams_to_score":[{"opp":"Over 2.5 & Yes","odds":"2.62"},{"opp":"Over 2.5 & No","odds":"12.00"},{"opp":"Under 2.5 & Yes","odds":"6.00"},{"opp":"Under 2.5 & No","odds":"2.00"}],"exact_total_goals":[{"opp":"0 Goals","odds":"7.50"},{"opp":"1 Goal","odds":"4.00"},{"opp":"2 Goals","odds":"3.40"},{"opp":"3 Goals","odds":"4.33"},{"opp":"4 Goals","odds":"7.00"},{"opp":"5 Goals","odds":"15.00"},{"opp":"6 Goals","odds":"34.00"},{"opp":"7+ Goals","odds":"51.00"}],"number_of_goals_in_match":[{"opp":"Under 2 goals","odds":"2.75"},{"opp":"2 or 3 goals","odds":"1.95"},{"opp":"Over 3 goals","odds":"4.33"}],"both_teams_to_score":[{"opp":"Yes","odds":"1.95"},{"opp":"No","odds":"1.80"}],"teams_to_score":[{"opp":"Both Teams","odds":"1.95"},{"opp":"Santos Only","odds":"4.33"},{"opp":"No Goal","odds":"7.50"},{"opp":"Flamengo Only","odds":"4.00"}],"both_teams_to_score_in_1st_half":[{"opp":"Yes","odds":"5.50"},{"opp":"No","odds":"1.14"}],"both_teams_to_score_in_2nd_half":[{"opp":"Yes","odds":"3.75"},{"opp":"No","odds":"1.25"}],"both_teams_to_score_1st_half_2nd_half":[{"opp":"Yes \/ Yes","odds":"21.00"},{"opp":"Yes \/ No","odds":"6.50"},{"opp":"No \/ Yes","odds":"4.00"},{"opp":"No \/ No","odds":"1.44"}],"first_half_goals":[{"goals":"0.5","odds":"1.50","header":"Over"},{"goals":"0.5","odds":"2.50","header":"Under"},{"goals":"1.5","odds":"3.40","header":"Over"},{"goals":"1.5","odds":"1.30","header":"Under"},{"goals":"2.5","odds":"10.00","header":"Over"},{"goals":"2.5","odds":"1.06","header":"Under"}],"exact_1st_half_goals":[{"opp":"0 Goals","odds":"2.50"},{"opp":"1 Goal","odds":"2.50"},{"opp":"2 Goals","odds":"4.50"},{"opp":"3 Goals","odds":"13.00"},{"opp":"4 Goals","odds":"41.00"},{"opp":"5+ Goals","odds":"101.00"}],"total_goal_minutes":[{"opp":"Over 125 minutes","odds":"2.20"},{"opp":"105 To 125 minutes inc.","odds":"8.50"},{"opp":"Under 105 minutes","odds":"1.91"}],"first_team_to_score":[{"opp":"Santos","odds":"2.10"},{"opp":"No Goals","odds":"7.50"},{"opp":"Flamengo","odds":"1.91"}],"early_goal":[{"opp":"Goal before 33:00","odds":"1.83"},{"opp":"No Goal before 33:00","odds":"1.83"}],"late_goal":[{"opp":"Goal after 69:59","odds":"1.83"},{"opp":"No Goal after 69:59","odds":"1.83"}],"time_of_first_goal_brackets":[{"opp":"1-10","odds":"5.00"},{"opp":"11-20","odds":"5.50"},{"opp":"21-30","odds":"6.50"},{"opp":"31-40","odds":"7.50"},{"opp":"41-50","odds":"8.00"},{"opp":"51-60","odds":"12.00"},{"opp":"61-70","odds":"15.00"},{"opp":"71-80","odds":"17.00"},{"opp":"81 - Full Time","odds":"17.00"},{"opp":"No Goal","odds":"7.50"}],"2nd_half_goals":[{"goals":"0.5","odds":"1.30","header":"Over"},{"goals":"0.5","odds":"3.40","header":"Under"},{"goals":"1.5","odds":"2.38","header":"Over"},{"goals":"1.5","odds":"1.53","header":"Under"},{"goals":"2.5","odds":"6.00","header":"Over"},{"goals":"2.5","odds":"1.12","header":"Under"},{"goals":"3.5","odds":"17.00","header":"Over"},{"goals":"3.5","odds":"1.02","header":"Under"}],"exact_2nd_half_goals":[{"opp":"0 Goals","odds":"3.40"},{"opp":"1 Goal","odds":"2.60"},{"opp":"2 Goals","odds":"3.75"},{"opp":"3 Goals","odds":"8.00"},{"opp":"4 Goals","odds":"23.00"},{"opp":"5+ Goals","odds":"41.00"}],"half_with_most_goals":[{"opp":"1st Half","odds":"3.20"},{"opp":"2nd Half","odds":"2.10"},{"opp":"Tie","odds":"3.25"}],"home_team_highest_scoring_half":[{"opp":"Santos - 1st Half","odds":"3.75"},{"opp":"Santos - 2nd Half","odds":"2.62"},{"opp":"Santos - Tie","odds":"2.10"}],"away_team_highest_scoring_half":[{"opp":"Flamengo - 1st Half","odds":"3.75"},{"opp":"Flamengo - 2nd Half","odds":"2.62"},{"opp":"Flamengo - Tie","odds":"2.10"}],"home_team_exact_goals":[{"opp":"Santos - 0 Goals","odds":"3.00"},{"opp":"Santos - 1 Goal","odds":"2.50"},{"opp":"Santos - 2 Goals","odds":"4.00"},{"opp":"Santos - 3+ Goals","odds":"8.00"}],"away_team_exact_goals":[{"opp":"Flamengo - 0 Goals","odds":"3.00"},{"opp":"Flamengo - 1 Goal","odds":"2.50"},{"opp":"Flamengo - 2 Goals","odds":"4.00"},{"opp":"Flamengo - 3+ Goals","odds":"8.00"}],"time_of_1st_team_goal":[{"opp":"Santos - Goal before 61:00","odds":"1.83"},{"opp":"Santos - No Goal before 61:00","odds":"1.83"},{"opp":"Flamengo - Goal before 61:00","odds":"1.83"},{"opp":"Flamengo - No Goal before 61:00","odds":"1.83"}],"goals_odd_even":[{"opp":"Even","odds":"1.90"},{"opp":"Odd","odds":"1.95"}],"home_team_odd_even_goals":[{"opp":"Santos - Even","odds":"1.73"},{"opp":"Santos - Odd","odds":"2.00"}],"away_team_odd_even_goals":[{"opp":"Flamengo - Even","odds":"1.73"},{"opp":"Flamengo - Odd","odds":"2.00"}],"1st_half_goals_odd_even":[{"opp":"Odd","odds":"2.20"},{"opp":"Even","odds":"1.67"}],"last_team_to_score":[{"opp":"Santos","odds":"2.10"},{"opp":"No Goal","odds":"7.50"},{"opp":"Flamengo","odds":"1.91"}],"first_10_minutes_(00:00_09:59)":[{"name":"Goals","handicap":"0.5","odds":"5.00","header":"Over"},{"name":"Goals","handicap":"0.5","odds":"1.17","header":"Under"}]}},"half":{"updated_at":"1532564934","sp":{"half_time_result":[{"opp":"1","odds":"3.50"},{"opp":"X","odds":"2.00"},{"opp":"2","odds":"3.50"}],"half_time_double_chance":[{"opp":"1X","odds":"1.29"},{"opp":"X2","odds":"1.29"},{"opp":"12","odds":"1.73"}],"half_time_result_both_teams_to_score":[{"opp":"Santos & Yes","odds":"26.00"},{"opp":"Santos & No","odds":"3.75"},{"opp":"Draw & Yes","odds":"8.50"},{"opp":"Draw & No","odds":"2.50"},{"opp":"Flamengo & Yes","odds":"26.00"},{"opp":"Flamengo & No","odds":"3.75"}],"half_time_result_total_goals":[{"opp":"Santos & Over 1.5","odds":"10.00"},{"opp":"Santos & Under 1.5","odds":"4.50"},{"opp":"Draw & Over 1.5","odds":"8.50"},{"opp":"Draw & Under 1.5","odds":"2.50"},{"opp":"Flamengo & Over 1.5","odds":"10.00"},{"opp":"Flamengo & Under 1.5","odds":"4.50"}],"half_time_correct_score":[{"opp":"1-0","odds":"4.50","header":"Home"},{"opp":"0-0","odds":"2.50","header":"X"},{"opp":"1-0","odds":"4.50","header":"Away"},{"opp":"2-0","odds":"17.00","header":"Home"},{"opp":"1-1","odds":"8.50","header":"X"},{"opp":"2-0","odds":"17.00","header":"Away"},{"opp":"2-1","odds":"29.00","header":"Home"},{"opp":"2-2","odds":"67.00","header":"X"},{"opp":"2-1","odds":"29.00","header":"Away"},{"opp":"3-0","odds":"51.00","header":"Home"},{"opp":"3-0","odds":"51.00","header":"Away"},{"opp":"3-1","odds":"101.00","header":"Home"},{"opp":"3-1","odds":"101.00","header":"Away"},{"opp":"3-2","odds":"301.00","header":"Home"},{"opp":"3-2","odds":"301.00","header":"Away"},{"opp":"4-0","odds":"301.00","header":"Home"},{"opp":"4-0","odds":"301.00","header":"Away"}],"both_teams_to_score_in_1st_half":[{"opp":"Yes","odds":"5.50"},{"opp":"No","odds":"1.14"}],"both_teams_to_score_in_2nd_half":[{"opp":"Yes","odds":"3.75"},{"opp":"No","odds":"1.25"}],"both_teams_to_score_1st_half_2nd_half":[{"opp":"Yes \/ Yes","odds":"21.00"},{"opp":"Yes \/ No","odds":"6.50"},{"opp":"No \/ Yes","odds":"4.00"},{"opp":"No \/ No","odds":"1.44"}],"1st_half_asian_handicap":[{"opp":"0.0","odds":"1.900","header":"Home"},{"opp":"0.0","odds":"1.900","header":"Away"}],"1st_half_goal_line":[{"goals":"0.5, 1.0","odds":"1.725","header":"Over"},{"goals":"0.5, 1.0","odds":"2.075","header":"Under"}],"alternative_1st_half_asian_handicap":[{"opp":"-0.5, -1.0","odds":"4.800","header":"Home"},{"opp":"+0.5, +1.0","odds":"1.175","header":"Away"},{"opp":"-0.5","odds":"3.450","header":"Home"},{"opp":"+0.5","odds":"1.300","header":"Away"},{"opp":"0.0, -0.5","odds":"2.675","header":"Home"},{"opp":"0.0, +0.5","odds":"1.450","header":"Away"},{"opp":"0.0, +0.5","odds":"1.450","header":"Home"},{"opp":"0.0, -0.5","odds":"2.675","header":"Away"},{"opp":"+0.5","odds":"1.300","header":"Home"},{"opp":"-0.5","odds":"3.450","header":"Away"},{"opp":"+0.5, +1.0","odds":"1.175","header":"Home"},{"opp":"-0.5, -1.0","odds":"4.800","header":"Away"}],"alternative_1st_half_goal_line":[{"goals":"1.0","odds":"2.250","header":"Over"},{"goals":"1.0","odds":"1.625","header":"Under"},{"goals":"1.0, 1.5","odds":"2.750","header":"Over"},{"goals":"1.0, 1.5","odds":"1.425","header":"Under"},{"goals":"1.5","odds":"3.450","header":"Over"},{"goals":"1.5","odds":"1.300","header":"Under"},{"goals":"1.5, 2.0","odds":"4.500","header":"Over"},{"goals":"1.5, 2.0","odds":"1.190","header":"Under"}],"1st_half_handicap":[{"opp":"Santos  +1.0","odds":"1.29"},{"opp":"Tie - Flamengo -1.0","odds":"4.00"},{"opp":"Flamengo  -1.0","odds":"12.00"}],"alternative_1st_half_handicap_result":[{"opp":"-1.0","odds":"12.00","header":"Home"},{"opp":"+1.0","odds":"4.00","header":"Tie"},{"opp":"+1.0","odds":"1.29","header":"Away"},{"opp":"+2.0","odds":"1.04","header":"Home"},{"opp":"-2.0","odds":"13.00","header":"Tie"},{"opp":"-2.0","odds":"26.00","header":"Away"}],"first_half_goals":[{"goals":"0.5","odds":"1.50","header":"Over"},{"goals":"0.5","odds":"2.50","header":"Under"},{"goals":"1.5","odds":"3.40","header":"Over"},{"goals":"1.5","odds":"1.30","header":"Under"},{"goals":"2.5","odds":"10.00","header":"Over"},{"goals":"2.5","odds":"1.06","header":"Under"}],"exact_1st_half_goals":[{"opp":"0 Goals","odds":"2.50"},{"opp":"1 Goal","odds":"2.50"},{"opp":"2 Goals","odds":"4.50"},{"opp":"3 Goals","odds":"13.00"},{"opp":"4 Goals","odds":"41.00"},{"opp":"5+ Goals","odds":"101.00"}],"first_half_corners":[{"opp":"5","odds":"2.10","header":"Over"},{"opp":"5","odds":"5.50","header":"Exactly"},{"opp":"5","odds":"2.38","header":"Under"}],"1st_half_asian_corners":[{"goals":"5.0","odds":"1.800","header":"Over"},{"goals":"5.0","odds":"2.000","header":"Under"}],"1st_half_goals_odd_even":[{"opp":"Odd","odds":"2.20"},{"opp":"Even","odds":"1.67"}],"to_score_in_half":[{"name":"1st Half","odds":"2.38","header":"Yes"},{"name":"1st Half","odds":"1.53","header":"No"},{"name":"2nd Half","odds":"1.91","header":"Yes"},{"name":"2nd Half","odds":"1.80","header":"No"},{"name":"1st Half","odds":"2.38","header":"Yes"},{"name":"1st Half","odds":"1.53","header":"No"},{"name":"2nd Half","odds":"1.91","header":"Yes"},{"name":"2nd Half","odds":"1.80","header":"No"}],"half_with_most_goals":[{"opp":"1st Half","odds":"3.20"},{"opp":"2nd Half","odds":"2.10"},{"opp":"Tie","odds":"3.25"}],"home_team_highest_scoring_half":[{"opp":"Santos - 1st Half","odds":"3.75"},{"opp":"Santos - 2nd Half","odds":"2.62"},{"opp":"Santos - Tie","odds":"2.10"}],"away_team_highest_scoring_half":[{"opp":"Flamengo - 1st Half","odds":"3.75"},{"opp":"Flamengo - 2nd Half","odds":"2.62"},{"opp":"Flamengo - Tie","odds":"2.10"}],"2nd_half_result":[{"opp":"1","odds":"3.00"},{"opp":"X","odds":"2.30"},{"opp":"2","odds":"3.00"}],"2nd_half_goals":[{"goals":"0.5","odds":"1.30","header":"Over"},{"goals":"0.5","odds":"3.40","header":"Under"},{"goals":"1.5","odds":"2.38","header":"Over"},{"goals":"1.5","odds":"1.53","header":"Under"},{"goals":"2.5","odds":"6.00","header":"Over"},{"goals":"2.5","odds":"1.12","header":"Under"},{"goals":"3.5","odds":"17.00","header":"Over"},{"goals":"3.5","odds":"1.02","header":"Under"}],"exact_2nd_half_goals":[{"opp":"0 Goals","odds":"3.40"},{"opp":"1 Goal","odds":"2.60"},{"opp":"2 Goals","odds":"3.75"},{"opp":"3 Goals","odds":"8.00"},{"opp":"4 Goals","odds":"23.00"},{"opp":"5+ Goals","odds":"41.00"}],"2nd_half_goals_odd_even":[{"opp":"Even","odds":"1.73"},{"opp":"Odd","odds":"2.00"}]}},"main":{"updated_at":"1532564793","sp":{"full_time_result":[{"opp":"1","odds":"2.75"},{"opp":"X","odds":"3.10"},{"opp":"2","odds":"2.62"}],"double_chance":[{"opp":"1X","odds":"1.50"},{"opp":"X2","odds":"1.45"},{"opp":"12","odds":"1.38"}],"correct_score":[{"opp":"1-0","odds":"7.50","header":"Home"},{"opp":"0-0","odds":"7.50","header":"X"},{"opp":"1-0","odds":"7.50","header":"Away"},{"opp":"2-0","odds":"12.00","header":"Home"},{"opp":"1-1","odds":"6.00","header":"X"},{"opp":"2-0","odds":"12.00","header":"Away"},{"opp":"2-1","odds":"11.00","header":"Home"},{"opp":"2-2","odds":"15.00","header":"X"},{"opp":"2-1","odds":"10.00","header":"Away"},{"opp":"3-0","odds":"29.00","header":"Home"},{"opp":"3-3","odds":"67.00","header":"X"},{"opp":"3-0","odds":"29.00","header":"Away"},{"opp":"3-1","odds":"23.00","header":"Home"},{"opp":"4-4","odds":"501.00","header":"X"},{"opp":"3-1","odds":"23.00","header":"Away"},{"opp":"3-2","odds":"41.00","header":"Home"},{"opp":"3-2","odds":"41.00","header":"Away"},{"opp":"4-0","odds":"67.00","header":"Home"},{"opp":"4-0","odds":"51.00","header":"Away"},{"opp":"4-1","odds":"51.00","header":"Home"},{"opp":"4-1","odds":"51.00","header":"Away"},{"opp":"4-2","odds":"81.00","header":"Home"},{"opp":"4-2","odds":"81.00","header":"Away"},{"opp":"4-3","odds":"151.00","header":"Home"},{"opp":"4-3","odds":"151.00","header":"Away"},{"opp":"5-0","odds":"201.00","header":"Home"},{"opp":"5-0","odds":"201.00","header":"Away"},{"opp":"5-1","odds":"151.00","header":"Home"},{"opp":"5-1","odds":"151.00","header":"Away"},{"opp":"5-2","odds":"251.00","header":"Home"},{"opp":"5-2","odds":"251.00","header":"Away"}],"half_time_full_time":[{"opp":"Santos - Santos","odds":"4.50"},{"opp":"Santos - Draw","odds":"15.00"},{"opp":"Santos - Flamengo","odds":"34.00"},{"opp":"Draw - Santos","odds":"6.00"},{"opp":"Draw - Draw","odds":"4.50"},{"opp":"Draw - Flamengo","odds":"6.00"},{"opp":"Flamengo - Santos","odds":"34.00"},{"opp":"Flamengo - Draw","odds":"15.00"},{"opp":"Flamengo - Flamengo","odds":"4.50"}],"goals_over_under":[{"goals":"2.5","odds":"2.30","header":"Over"},{"goals":"2.5","odds":"1.60","header":"Under"}],"both_teams_to_score":[{"opp":"Yes","odds":"1.95"},{"opp":"No","odds":"1.80"}],"goalscorers":[{"name":"Paolo Guerrero","odds":"5.00","header":"First"},{"name":"Paolo Guerrero","odds":"5.00","header":"Last"},{"name":"Paolo Guerrero","odds":"2.50","header":"Anytime"},{"name":"de Goes Rodrygo","odds":"6.00","header":"First"},{"name":"de Goes Rodrygo","odds":"6.00","header":"Last"},{"name":"de Goes Rodrygo","odds":"2.88","header":"Anytime"},{"name":"Dourado Henrique","odds":"7.00","header":"First"},{"name":"Dourado Henrique","odds":"7.00","header":"Last"},{"name":"Dourado Henrique","odds":"3.20","header":"Anytime"},{"name":"da Silva Yuri Alberto","odds":"8.00","header":"First"},{"name":"da Silva Yuri Alberto","odds":"8.00","header":"Last"},{"name":"da Silva Yuri Alberto","odds":"3.60","header":"Anytime"},{"name":"Marlos Moreno","odds":"8.00","header":"First"},{"name":"Marlos Moreno","odds":"8.00","header":"Last"},{"name":"Marlos Moreno","odds":"3.60","header":"Anytime"},{"name":"Pinto Bruno Henrique","odds":"8.00","header":"First"},{"name":"Pinto Bruno Henrique","odds":"8.00","header":"Last"},{"name":"Pinto Bruno Henrique","odds":"3.60","header":"Anytime"},{"name":"Almeida Gabriel Barbosa","odds":"8.50","header":"First"},{"name":"Almeida Gabriel Barbosa","odds":"8.50","header":"Last"},{"name":"Almeida Gabriel Barbosa","odds":"3.75","header":"Anytime"},{"name":"Jonathan Copete","odds":"9.50","header":"First"},{"name":"Jonathan Copete","odds":"9.50","header":"Last"},{"name":"Jonathan Copete","odds":"4.33","header":"Anytime"},{"name":"Fernando Uribe","odds":"10.00","header":"First"},{"name":"Fernando Uribe","odds":"10.00","header":"Last"},{"name":"Fernando Uribe","odds":"4.50","header":"Anytime"},{"name":"Frezarin Vitor Bueno","odds":"10.00","header":"First"},{"name":"Frezarin Vitor Bueno","odds":"10.00","header":"Last"},{"name":"Frezarin Vitor Bueno","odds":"4.50","header":"Anytime"},{"name":"Lourenco Arthur Gomes","odds":"10.00","header":"First"},{"name":"Lourenco Arthur Gomes","odds":"10.00","header":"Last"},{"name":"Lourenco Arthur Gomes","odds":"4.50","header":"Anytime"},{"name":"Silva Geuvanio","odds":"10.00","header":"First"},{"name":"Silva Geuvanio","odds":"10.00","header":"Last"},{"name":"Silva Geuvanio","odds":"4.50","header":"Anytime"},{"name":"Augusto Everton Ribeiro","odds":"11.00","header":"First"},{"name":"Augusto Everton Ribeiro","odds":"11.00","header":"Last"},{"name":"Augusto Everton Ribeiro","odds":"4.75","header":"Anytime"},{"name":"Colcenti Eduardo Sasha","odds":"11.00","header":"First"},{"name":"Colcenti Eduardo Sasha","odds":"11.00","header":"Last"},{"name":"Colcenti Eduardo Sasha","odds":"4.75","header":"Anytime"},{"name":"de Lima Lucas Paqueta","odds":"11.00","header":"First"},{"name":"de Lima Lucas Paqueta","odds":"11.00","header":"Last"},{"name":"de Lima Lucas Paqueta","odds":"4.75","header":"Anytime"},{"name":"Ribas Diego","odds":"11.00","header":"First"},{"name":"Ribas Diego","odds":"11.00","header":"Last"},{"name":"Ribas Diego","odds":"4.75","header":"Anytime"},{"name":"Souza Willian Arao","odds":"11.00","header":"First"},{"name":"Souza Willian Arao","odds":"11.00","header":"Last"},{"name":"Souza Willian Arao","odds":"4.75","header":"Anytime"},{"name":"Nunes Gabriel Calabres","odds":"12.00","header":"First"},{"name":"Nunes Gabriel Calabres","odds":"12.00","header":"Last"},{"name":"Nunes Gabriel Calabres","odds":"5.00","header":"Anytime"},{"name":"Borges Romulo","odds":"13.00","header":"First"},{"name":"Borges Romulo","odds":"13.00","header":"Last"},{"name":"Borges Romulo","odds":"5.50","header":"Anytime"},{"name":"dos Santos Lincoln","odds":"13.00","header":"First"},{"name":"dos Santos Lincoln","odds":"13.00","header":"Last"},{"name":"dos Santos Lincoln","odds":"5.50","header":"Anytime"},{"name":"Goncalves Matheus Savio","odds":"13.00","header":"First"},{"name":"Goncalves Matheus Savio","odds":"13.00","header":"Last"},{"name":"Goncalves Matheus Savio","odds":"5.50","header":"Anytime"},{"name":"Honorato Ederson","odds":"13.00","header":"First"},{"name":"Honorato Ederson","odds":"13.00","header":"Last"},{"name":"Honorato Ederson","odds":"5.50","header":"Anytime"},{"name":"da Cruz Diogo","odds":"15.00","header":"First"},{"name":"da Cruz Diogo","odds":"15.00","header":"Last"},{"name":"da Cruz Diogo","odds":"6.50","header":"Anytime"},{"name":"da Silva Leo Duarte","odds":"15.00","header":"First"},{"name":"da Silva Leo Duarte","odds":"15.00","header":"Last"},{"name":"da Silva Leo Duarte","odds":"6.50","header":"Anytime"},{"name":"Emiliano Vecchio","odds":"15.00","header":"First"},{"name":"Emiliano Vecchio","odds":"15.00","header":"Last"},{"name":"Emiliano Vecchio","odds":"6.50","header":"Anytime"},{"name":"Ferreira Alison","odds":"15.00","header":"First"},{"name":"Ferreira Alison","odds":"15.00","header":"Last"},{"name":"Ferreira Alison","odds":"6.50","header":"Anytime"},{"name":"Souza Ronaldo","odds":"15.00","header":"First"},{"name":"Souza Ronaldo","odds":"15.00","header":"Last"},{"name":"Souza Ronaldo","odds":"6.50","header":"Anytime"},{"name":"de Sousa Jean Mota","odds":"17.00","header":"First"},{"name":"de Sousa Jean Mota","odds":"17.00","header":"Last"},{"name":"de Sousa Jean Mota","odds":"7.00","header":"Anytime"},{"name":"Evaristo Diego Pituca","odds":"17.00","header":"First"},{"name":"Evaristo Diego Pituca","odds":"17.00","header":"Last"},{"name":"Evaristo Diego Pituca","odds":"7.00","header":"Anytime"},{"name":"da Silva Guilherme Nunes","odds":"21.00","header":"First"},{"name":"da Silva Guilherme Nunes","odds":"21.00","header":"Last"},{"name":"da Silva Guilherme Nunes","odds":"9.00","header":"Anytime"},{"name":"Florencio Renato","odds":"21.00","header":"First"},{"name":"Florencio Renato","odds":"21.00","header":"Last"},{"name":"Florencio Renato","odds":"9.00","header":"Anytime"},{"name":"Luiz Rhodolfo","odds":"21.00","header":"First"},{"name":"Luiz Rhodolfo","odds":"21.00","header":"Last"},{"name":"Luiz Rhodolfo","odds":"9.00","header":"Anytime"},{"name":"Oliveira Jean Lucas","odds":"21.00","header":"First"},{"name":"Oliveira Jean Lucas","odds":"21.00","header":"Last"},{"name":"Oliveira Jean Lucas","odds":"9.00","header":"Anytime"},{"name":"de Sousa Jonas","odds":"26.00","header":"First"},{"name":"de Sousa Jonas","odds":"26.00","header":"Last"},{"name":"de Sousa Jonas","odds":"12.00","header":"Anytime"},{"name":"Filho David Braz","odds":"26.00","header":"First"},{"name":"Filho David Braz","odds":"26.00","header":"Last"},{"name":"Filho David Braz","odds":"12.00","header":"Anytime"},{"name":"Filho Klebinho","odds":"26.00","header":"First"},{"name":"Filho Klebinho","odds":"26.00","header":"Last"},{"name":"Filho Klebinho","odds":"12.00","header":"Anytime"},{"name":"Gustavo Cuellar","odds":"26.00","header":"First"},{"name":"Gustavo Cuellar","odds":"26.00","header":"Last"},{"name":"Gustavo Cuellar","odds":"12.00","header":"Anytime"},{"name":"Leonardo Cittadini","odds":"26.00","header":"First"},{"name":"Leonardo Cittadini","odds":"26.00","header":"Last"},{"name":"Leonardo Cittadini","odds":"12.00","header":"Anytime"},{"name":"de Almeida Michael","odds":"29.00","header":"First"},{"name":"de Almeida Michael","odds":"29.00","header":"Last"},{"name":"de Almeida Michael","odds":"13.00","header":"Anytime"},{"name":"de Almeida Rodinei","odds":"29.00","header":"First"},{"name":"de Almeida Rodinei","odds":"29.00","header":"Last"},{"name":"de Almeida Rodinei","odds":"13.00","header":"Anytime"},{"name":"de Jesus Matheus Dantas","odds":"29.00","header":"First"},{"name":"de Jesus Matheus Dantas","odds":"29.00","header":"Last"},{"name":"de Jesus Matheus Dantas","odds":"13.00","header":"Anytime"},{"name":"Lima Yuri","odds":"29.00","header":"First"},{"name":"Lima Yuri","odds":"29.00","header":"Last"},{"name":"Lima Yuri","odds":"13.00","header":"Anytime"},{"name":"Araujo Rever","odds":"34.00","header":"First"},{"name":"Araujo Rever","odds":"34.00","header":"Last"},{"name":"Araujo Rever","odds":"15.00","header":"Anytime"},{"name":"da Silva Daniel Guedes","odds":"34.00","header":"First"},{"name":"da Silva Daniel Guedes","odds":"34.00","header":"Last"},{"name":"da Silva Daniel Guedes","odds":"15.00","header":"Anytime"},{"name":"da Silva Lucas Verissimo","odds":"34.00","header":"First"},{"name":"da Silva Lucas Verissimo","odds":"34.00","header":"Last"},{"name":"da Silva Lucas Verissimo","odds":"15.00","header":"Anytime"},{"name":"de Barros Robson Bambu","odds":"34.00","header":"First"},{"name":"de Barros Robson Bambu","odds":"34.00","header":"Last"},{"name":"de Barros Robson Bambu","odds":"15.00","header":"Anytime"},{"name":"dos Santos Luiz Felipe","odds":"34.00","header":"First"},{"name":"dos Santos Luiz Felipe","odds":"34.00","header":"Last"},{"name":"dos Santos Luiz Felipe","odds":"15.00","header":"Anytime"},{"name":"Jose Rodolfo Dodo","odds":"34.00","header":"First"},{"name":"Jose Rodolfo Dodo","odds":"34.00","header":"Last"},{"name":"Jose Rodolfo Dodo","odds":"15.00","header":"Anytime"},{"name":"Martins Rene","odds":"34.00","header":"First"},{"name":"Martins Rene","odds":"34.00","header":"Last"},{"name":"Martins Rene","odds":"15.00","header":"Anytime"},{"name":"Martis Caju","odds":"34.00","header":"First"},{"name":"Martis Caju","odds":"34.00","header":"Last"},{"name":"Martis Caju","odds":"15.00","header":"Anytime"},{"name":"Matheus Thuler","odds":"34.00","header":"First"},{"name":"Matheus Thuler","odds":"34.00","header":"Last"},{"name":"Matheus Thuler","odds":"15.00","header":"Anytime"},{"name":"Miguel Trauco","odds":"34.00","header":"First"},{"name":"Miguel Trauco","odds":"34.00","header":"Last"},{"name":"Miguel Trauco","odds":"15.00","header":"Anytime"},{"name":"Silveira Juan","odds":"34.00","header":"First"},{"name":"Silveira Juan","odds":"34.00","header":"Last"},{"name":"Silveira Juan","odds":"15.00","header":"Anytime"},{"name":"Vernes Gustavo Henrique","odds":"34.00","header":"First"},{"name":"Vernes Gustavo Henrique","odds":"34.00","header":"Last"},{"name":"Vernes Gustavo Henrique","odds":"15.00","header":"Anytime"},{"name":"Macedo Victor Ferraz","odds":"41.00","header":"First"},{"name":"Macedo Victor Ferraz","odds":"41.00","header":"Last"},{"name":"Macedo Victor Ferraz","odds":"19.00","header":"Anytime"},{"name":"Marcos Para","odds":"41.00","header":"First"},{"name":"Marcos Para","odds":"41.00","header":"Last"},{"name":"Marcos Para","odds":"19.00","header":"Anytime"},{"name":"No Goalscorer","odds":"7.50","header":"First"},{"name":"No Goalscorer","odds":"7.50","header":"Last"}],"multi_scorers":[{"name":"Paolo Guerrero","odds":"9.00","header":"2 or More"},{"name":"Paolo Guerrero","odds":"34.00","header":"3 or More"},{"name":"de Goes Rodrygo","odds":"12.00","header":"2 or More"},{"name":"de Goes Rodrygo","odds":"51.00","header":"3 or More"},{"name":"Dourado Henrique","odds":"15.00","header":"2 or More"},{"name":"Dourado Henrique","odds":"81.00","header":"3 or More"},{"name":"da Silva Yuri Alberto","odds":"19.00","header":"2 or More"},{"name":"da Silva Yuri Alberto","odds":"101.00","header":"3 or More"},{"name":"Marlos Moreno","odds":"19.00","header":"2 or More"},{"name":"Marlos Moreno","odds":"101.00","header":"3 or More"},{"name":"Pinto Bruno Henrique","odds":"19.00","header":"2 or More"},{"name":"Pinto Bruno Henrique","odds":"101.00","header":"3 or More"},{"name":"Almeida Gabriel Barbosa","odds":"21.00","header":"2 or More"},{"name":"Almeida Gabriel Barbosa","odds":"101.00","header":"3 or More"},{"name":"Jonathan Copete","odds":"26.00","header":"2 or More"},{"name":"Jonathan Copete","odds":"101.00","header":"3 or More"},{"name":"Fernando Uribe","odds":"29.00","header":"2 or More"},{"name":"Fernando Uribe","odds":"126.00","header":"3 or More"},{"name":"Frezarin Vitor Bueno","odds":"29.00","header":"2 or More"},{"name":"Frezarin Vitor Bueno","odds":"126.00","header":"3 or More"},{"name":"Lourenco Arthur Gomes","odds":"29.00","header":"2 or More"},{"name":"Lourenco Arthur Gomes","odds":"126.00","header":"3 or More"},{"name":"Silva Geuvanio","odds":"29.00","header":"2 or More"},{"name":"Silva Geuvanio","odds":"126.00","header":"3 or More"},{"name":"Augusto Everton Ribeiro","odds":"34.00","header":"2 or More"},{"name":"Augusto Everton Ribeiro","odds":"126.00","header":"3 or More"},{"name":"Colcenti Eduardo Sasha","odds":"34.00","header":"2 or More"},{"name":"Colcenti Eduardo Sasha","odds":"126.00","header":"3 or More"},{"name":"de Lima Lucas Paqueta","odds":"34.00","header":"2 or More"},{"name":"de Lima Lucas Paqueta","odds":"126.00","header":"3 or More"},{"name":"Ribas Diego","odds":"34.00","header":"2 or More"},{"name":"Ribas Diego","odds":"126.00","header":"3 or More"},{"name":"Souza Willian Arao","odds":"34.00","header":"2 or More"},{"name":"Souza Willian Arao","odds":"126.00","header":"3 or More"},{"name":"Borges Romulo","odds":"41.00","header":"2 or More"},{"name":"Borges Romulo","odds":"151.00","header":"3 or More"},{"name":"dos Santos Lincoln","odds":"41.00","header":"2 or More"},{"name":"dos Santos Lincoln","odds":"151.00","header":"3 or More"},{"name":"Goncalves Matheus Savio","odds":"41.00","header":"2 or More"},{"name":"Goncalves Matheus Savio","odds":"151.00","header":"3 or More"},{"name":"Honorato Ederson","odds":"41.00","header":"2 or More"},{"name":"Honorato Ederson","odds":"151.00","header":"3 or More"},{"name":"Nunes Gabriel Calabres","odds":"41.00","header":"2 or More"},{"name":"Nunes Gabriel Calabres","odds":"126.00","header":"3 or More"},{"name":"da Cruz Diogo","odds":"51.00","header":"2 or More"},{"name":"da Cruz Diogo","odds":"201.00","header":"3 or More"},{"name":"da Silva Leo Duarte","odds":"51.00","header":"2 or More"},{"name":"da Silva Leo Duarte","odds":"201.00","header":"3 or More"},{"name":"Emiliano Vecchio","odds":"51.00","header":"2 or More"},{"name":"Emiliano Vecchio","odds":"201.00","header":"3 or More"},{"name":"Ferreira Alison","odds":"51.00","header":"2 or More"},{"name":"Ferreira Alison","odds":"201.00","header":"3 or More"},{"name":"Souza Ronaldo","odds":"51.00","header":"2 or More"},{"name":"Souza Ronaldo","odds":"201.00","header":"3 or More"},{"name":"de Sousa Jean Mota","odds":"81.00","header":"2 or More"},{"name":"de Sousa Jean Mota","odds":"251.00","header":"3 or More"},{"name":"Evaristo Diego Pituca","odds":"81.00","header":"2 or More"},{"name":"Evaristo Diego Pituca","odds":"251.00","header":"3 or More"},{"name":"da Silva Guilherme Nunes","odds":"101.00","header":"2 or More"},{"name":"da Silva Guilherme Nunes","odds":"401.00","header":"3 or More"},{"name":"de Sousa Jonas","odds":"101.00","header":"2 or More"},{"name":"de Sousa Jonas","odds":"501.00","header":"3 or More"},{"name":"Filho David Braz","odds":"101.00","header":"2 or More"},{"name":"Filho David Braz","odds":"501.00","header":"3 or More"},{"name":"Filho Klebinho","odds":"101.00","header":"2 or More"},{"name":"Filho Klebinho","odds":"501.00","header":"3 or More"},{"name":"Florencio Renato","odds":"101.00","header":"2 or More"},{"name":"Florencio Renato","odds":"401.00","header":"3 or More"},{"name":"Gustavo Cuellar","odds":"101.00","header":"2 or More"},{"name":"Gustavo Cuellar","odds":"501.00","header":"3 or More"},{"name":"Leonardo Cittadini","odds":"101.00","header":"2 or More"},{"name":"Leonardo Cittadini","odds":"501.00","header":"3 or More"},{"name":"Luiz Rhodolfo","odds":"101.00","header":"2 or More"},{"name":"Luiz Rhodolfo","odds":"401.00","header":"3 or More"},{"name":"Oliveira Jean Lucas","odds":"101.00","header":"2 or More"},{"name":"Oliveira Jean Lucas","odds":"401.00","header":"3 or More"},{"name":"Araujo Rever","odds":"126.00","header":"2 or More"},{"name":"Araujo Rever","odds":"501.00","header":"3 or More"},{"name":"da Silva Daniel Guedes","odds":"126.00","header":"2 or More"},{"name":"da Silva Daniel Guedes","odds":"501.00","header":"3 or More"},{"name":"da Silva Lucas Verissimo","odds":"126.00","header":"2 or More"},{"name":"da Silva Lucas Verissimo","odds":"501.00","header":"3 or More"},{"name":"de Almeida Michael","odds":"126.00","header":"2 or More"},{"name":"de Almeida Michael","odds":"501.00","header":"3 or More"},{"name":"de Almeida Rodinei","odds":"126.00","header":"2 or More"},{"name":"de Almeida Rodinei","odds":"501.00","header":"3 or More"},{"name":"de Barros Robson Bambu","odds":"126.00","header":"2 or More"},{"name":"de Barros Robson Bambu","odds":"501.00","header":"3 or More"},{"name":"de Jesus Matheus Dantas","odds":"126.00","header":"2 or More"},{"name":"de Jesus Matheus Dantas","odds":"501.00","header":"3 or More"},{"name":"dos Santos Luiz Felipe","odds":"126.00","header":"2 or More"},{"name":"dos Santos Luiz Felipe","odds":"501.00","header":"3 or More"},{"name":"Jose Rodolfo Dodo","odds":"126.00","header":"2 or More"},{"name":"Jose Rodolfo Dodo","odds":"501.00","header":"3 or More"},{"name":"Lima Yuri","odds":"126.00","header":"2 or More"},{"name":"Lima Yuri","odds":"501.00","header":"3 or More"},{"name":"Martins Rene","odds":"126.00","header":"2 or More"},{"name":"Martins Rene","odds":"501.00","header":"3 or More"},{"name":"Martis Caju","odds":"126.00","header":"2 or More"},{"name":"Martis Caju","odds":"501.00","header":"3 or More"},{"name":"Matheus Thuler","odds":"126.00","header":"2 or More"},{"name":"Matheus Thuler","odds":"501.00","header":"3 or More"},{"name":"Miguel Trauco","odds":"126.00","header":"2 or More"},{"name":"Miguel Trauco","odds":"501.00","header":"3 or More"},{"name":"Silveira Juan","odds":"126.00","header":"2 or More"},{"name":"Silveira Juan","odds":"501.00","header":"3 or More"},{"name":"Vernes Gustavo Henrique","odds":"126.00","header":"2 or More"},{"name":"Vernes Gustavo Henrique","odds":"501.00","header":"3 or More"},{"name":"Macedo Victor Ferraz","odds":"151.00","header":"2 or More"},{"name":"Macedo Victor Ferraz","odds":"501.00","header":"3 or More"},{"name":"Marcos Para","odds":"151.00","header":"2 or More"},{"name":"Marcos Para","odds":"501.00","header":"3 or More"}],"asian_handicap":[{"opp":"0.0","odds":"1.925","header":"Home"},{"opp":"0.0","odds":"1.925","header":"Away"}],"goal_line":[{"goals":"2.0, 2.5","odds":"2.050","header":"Over"},{"goals":"2.0, 2.5","odds":"1.800","header":"Under"}],"alternative_asian_handicap":[{"opp":"-1.5","odds":"5.900","header":"Home"},{"opp":"+1.5","odds":"1.130","header":"Away"},{"opp":"-1.0, -1.5","odds":"5.500","header":"Home"},{"opp":"+1.0, +1.5","odds":"1.150","header":"Away"},{"opp":"-1.0","odds":"4.650","header":"Home"},{"opp":"+1.0","odds":"1.180","header":"Away"},{"opp":"-0.5, -1.0","odds":"3.300","header":"Home"},{"opp":"+0.5, +1.0","odds":"1.325","header":"Away"},{"opp":"-0.5","odds":"2.600","header":"Home"},{"opp":"+0.5","odds":"1.475","header":"Away"},{"opp":"0.0, -0.5","odds":"2.250","header":"Home"},{"opp":"0.0, +0.5","odds":"1.625","header":"Away"},{"opp":"0.0, +0.5","odds":"1.625","header":"Home"},{"opp":"0.0, -0.5","odds":"2.250","header":"Away"},{"opp":"+0.5","odds":"1.475","header":"Home"},{"opp":"-0.5","odds":"2.600","header":"Away"},{"opp":"+0.5, +1.0","odds":"1.325","header":"Home"},{"opp":"-0.5, -1.0","odds":"3.300","header":"Away"},{"opp":"+1.0","odds":"1.180","header":"Home"},{"opp":"-1.0","odds":"4.650","header":"Away"},{"opp":"+1.0, +1.5","odds":"1.150","header":"Home"},{"opp":"-1.0, -1.5","odds":"5.500","header":"Away"},{"opp":"+1.5","odds":"1.130","header":"Home"},{"opp":"-1.5","odds":"5.900","header":"Away"}],"alternative_goal_line":[{"goals":"0.5, 1.0","odds":"1.105","header":"Over"},{"goals":"0.5, 1.0","odds":"6.800","header":"Under"},{"goals":"1.0","odds":"1.125","header":"Over"},{"goals":"1.0","odds":"6.000","header":"Under"},{"goals":"1.0, 1.5","odds":"1.275","header":"Over"},{"goals":"1.0, 1.5","odds":"3.550","header":"Under"},{"goals":"1.5","odds":"1.425","header":"Over"},{"goals":"1.5","odds":"2.750","header":"Under"},{"goals":"1.5, 2.0","odds":"1.525","header":"Over"},{"goals":"1.5, 2.0","odds":"2.425","header":"Under"},{"goals":"2.0","odds":"1.725","header":"Over"},{"goals":"2.0","odds":"2.075","header":"Under"},{"goals":"2.5","odds":"2.300","header":"Over"},{"goals":"2.5","odds":"1.600","header":"Under"},{"goals":"2.5, 3.0","odds":"2.675","header":"Over"},{"goals":"2.5, 3.0","odds":"1.450","header":"Under"},{"goals":"3.0","odds":"3.450","header":"Over"},{"goals":"3.0","odds":"1.300","header":"Under"},{"goals":"3.0, 3.5","odds":"3.800","header":"Over"},{"goals":"3.0, 3.5","odds":"1.250","header":"Under"},{"goals":"3.5","odds":"4.250","header":"Over"},{"goals":"3.5","odds":"1.210","header":"Under"},{"goals":"3.5, 4.0","odds":"5.750","header":"Over"},{"goals":"3.5, 4.0","odds":"1.140","header":"Under"}],"draw_no_bet":[{"opp":"Santos","odds":"1.83"},{"opp":"Flamengo","odds":"1.83"}],"result_both_teams_to_score":[{"name":"Santos","odds":"6.00","header":"Yes"},{"name":"Santos","odds":"4.33","header":"No"},{"name":"Flamengo","odds":"6.00","header":"Yes"},{"name":"Flamengo","odds":"4.33","header":"No"},{"name":"Draw","odds":"4.50","header":"Yes"},{"name":"Draw","odds":"7.50","header":"No"}],"handicap_result":[{"opp":"Santos (+1)","odds":"1.50"},{"opp":"Tie - (Flamengo -1)","odds":"4.00"},{"opp":"Flamengo (-1)","odds":"5.50"}],"alternative_handicap_result":[{"opp":"-2.0","odds":"13.00","header":"Home"},{"opp":"+2.0","odds":"7.50","header":"Tie"},{"opp":"+2.0","odds":"1.10","header":"Away"},{"opp":"-1.0","odds":"5.50","header":"Home"},{"opp":"+1.0","odds":"4.00","header":"Tie"},{"opp":"+1.0","odds":"1.45","header":"Away"},{"opp":"+2.0","odds":"1.10","header":"Home"},{"opp":"-2.0","odds":"7.50","header":"Tie"},{"opp":"-2.0","odds":"13.00","header":"Away"},{"opp":"+3.0","odds":"1.03","header":"Home"},{"opp":"-3.0","odds":"15.00","header":"Tie"},{"opp":"-3.0","odds":"21.00","header":"Away"}],"winning_margin":[{"goals":" 1","odds":"4.00","header":"Home"},{"goals":" 1","odds":"4.00","header":"Away"},{"goals":" 2","odds":"7.50","header":"Home"},{"goals":" 2","odds":"7.50","header":"Away"},{"goals":" 3","odds":"23.00","header":"Home"},{"goals":" 3","odds":"15.00","header":"Away"},{"goals":" 4+","odds":"51.00","header":"Home"},{"goals":" 4+","odds":"21.00","header":"Away"},{"goals":"Score Draw","odds":"4.50","header":"Home"},{"goals":"No Goal","odds":"7.50","header":"Home"}]}},"player":{"updated_at":"1532564950","sp":{"goalscorers":[{"name":"Paolo Guerrero","odds":"5.00","header":"First"},{"name":"Paolo Guerrero","odds":"5.00","header":"Last"},{"name":"Paolo Guerrero","odds":"2.50","header":"Anytime"},{"name":"de Goes Rodrygo","odds":"6.00","header":"First"},{"name":"de Goes Rodrygo","odds":"6.00","header":"Last"},{"name":"de Goes Rodrygo","odds":"2.88","header":"Anytime"},{"name":"Dourado Henrique","odds":"7.00","header":"First"},{"name":"Dourado Henrique","odds":"7.00","header":"Last"},{"name":"Dourado Henrique","odds":"3.20","header":"Anytime"},{"name":"da Silva Yuri Alberto","odds":"8.00","header":"First"},{"name":"da Silva Yuri Alberto","odds":"8.00","header":"Last"},{"name":"da Silva Yuri Alberto","odds":"3.60","header":"Anytime"},{"name":"Marlos Moreno","odds":"8.00","header":"First"},{"name":"Marlos Moreno","odds":"8.00","header":"Last"},{"name":"Marlos Moreno","odds":"3.60","header":"Anytime"},{"name":"Pinto Bruno Henrique","odds":"8.00","header":"First"},{"name":"Pinto Bruno Henrique","odds":"8.00","header":"Last"},{"name":"Pinto Bruno Henrique","odds":"3.60","header":"Anytime"},{"name":"Almeida Gabriel Barbosa","odds":"8.50","header":"First"},{"name":"Almeida Gabriel Barbosa","odds":"8.50","header":"Last"},{"name":"Almeida Gabriel Barbosa","odds":"3.75","header":"Anytime"},{"name":"Jonathan Copete","odds":"9.50","header":"First"},{"name":"Jonathan Copete","odds":"9.50","header":"Last"},{"name":"Jonathan Copete","odds":"4.33","header":"Anytime"},{"name":"Fernando Uribe","odds":"10.00","header":"First"},{"name":"Fernando Uribe","odds":"10.00","header":"Last"},{"name":"Fernando Uribe","odds":"4.50","header":"Anytime"},{"name":"Frezarin Vitor Bueno","odds":"10.00","header":"First"},{"name":"Frezarin Vitor Bueno","odds":"10.00","header":"Last"},{"name":"Frezarin Vitor Bueno","odds":"4.50","header":"Anytime"},{"name":"Lourenco Arthur Gomes","odds":"10.00","header":"First"},{"name":"Lourenco Arthur Gomes","odds":"10.00","header":"Last"},{"name":"Lourenco Arthur Gomes","odds":"4.50","header":"Anytime"},{"name":"Silva Geuvanio","odds":"10.00","header":"First"},{"name":"Silva Geuvanio","odds":"10.00","header":"Last"},{"name":"Silva Geuvanio","odds":"4.50","header":"Anytime"},{"name":"Augusto Everton Ribeiro","odds":"11.00","header":"First"},{"name":"Augusto Everton Ribeiro","odds":"11.00","header":"Last"},{"name":"Augusto Everton Ribeiro","odds":"4.75","header":"Anytime"},{"name":"Colcenti Eduardo Sasha","odds":"11.00","header":"First"},{"name":"Colcenti Eduardo Sasha","odds":"11.00","header":"Last"},{"name":"Colcenti Eduardo Sasha","odds":"4.75","header":"Anytime"},{"name":"de Lima Lucas Paqueta","odds":"11.00","header":"First"},{"name":"de Lima Lucas Paqueta","odds":"11.00","header":"Last"},{"name":"de Lima Lucas Paqueta","odds":"4.75","header":"Anytime"},{"name":"Ribas Diego","odds":"11.00","header":"First"},{"name":"Ribas Diego","odds":"11.00","header":"Last"},{"name":"Ribas Diego","odds":"4.75","header":"Anytime"},{"name":"Souza Willian Arao","odds":"11.00","header":"First"},{"name":"Souza Willian Arao","odds":"11.00","header":"Last"},{"name":"Souza Willian Arao","odds":"4.75","header":"Anytime"},{"name":"Nunes Gabriel Calabres","odds":"12.00","header":"First"},{"name":"Nunes Gabriel Calabres","odds":"12.00","header":"Last"},{"name":"Nunes Gabriel Calabres","odds":"5.00","header":"Anytime"},{"name":"Borges Romulo","odds":"13.00","header":"First"},{"name":"Borges Romulo","odds":"13.00","header":"Last"},{"name":"Borges Romulo","odds":"5.50","header":"Anytime"},{"name":"dos Santos Lincoln","odds":"13.00","header":"First"},{"name":"dos Santos Lincoln","odds":"13.00","header":"Last"},{"name":"dos Santos Lincoln","odds":"5.50","header":"Anytime"},{"name":"Goncalves Matheus Savio","odds":"13.00","header":"First"},{"name":"Goncalves Matheus Savio","odds":"13.00","header":"Last"},{"name":"Goncalves Matheus Savio","odds":"5.50","header":"Anytime"},{"name":"Honorato Ederson","odds":"13.00","header":"First"},{"name":"Honorato Ederson","odds":"13.00","header":"Last"},{"name":"Honorato Ederson","odds":"5.50","header":"Anytime"},{"name":"da Cruz Diogo","odds":"15.00","header":"First"},{"name":"da Cruz Diogo","odds":"15.00","header":"Last"},{"name":"da Cruz Diogo","odds":"6.50","header":"Anytime"},{"name":"da Silva Leo Duarte","odds":"15.00","header":"First"},{"name":"da Silva Leo Duarte","odds":"15.00","header":"Last"},{"name":"da Silva Leo Duarte","odds":"6.50","header":"Anytime"},{"name":"Emiliano Vecchio","odds":"15.00","header":"First"},{"name":"Emiliano Vecchio","odds":"15.00","header":"Last"},{"name":"Emiliano Vecchio","odds":"6.50","header":"Anytime"},{"name":"Ferreira Alison","odds":"15.00","header":"First"},{"name":"Ferreira Alison","odds":"15.00","header":"Last"},{"name":"Ferreira Alison","odds":"6.50","header":"Anytime"},{"name":"Souza Ronaldo","odds":"15.00","header":"First"},{"name":"Souza Ronaldo","odds":"15.00","header":"Last"},{"name":"Souza Ronaldo","odds":"6.50","header":"Anytime"},{"name":"de Sousa Jean Mota","odds":"17.00","header":"First"},{"name":"de Sousa Jean Mota","odds":"17.00","header":"Last"},{"name":"de Sousa Jean Mota","odds":"7.00","header":"Anytime"},{"name":"Evaristo Diego Pituca","odds":"17.00","header":"First"},{"name":"Evaristo Diego Pituca","odds":"17.00","header":"Last"},{"name":"Evaristo Diego Pituca","odds":"7.00","header":"Anytime"},{"name":"da Silva Guilherme Nunes","odds":"21.00","header":"First"},{"name":"da Silva Guilherme Nunes","odds":"21.00","header":"Last"},{"name":"da Silva Guilherme Nunes","odds":"9.00","header":"Anytime"},{"name":"Florencio Renato","odds":"21.00","header":"First"},{"name":"Florencio Renato","odds":"21.00","header":"Last"},{"name":"Florencio Renato","odds":"9.00","header":"Anytime"},{"name":"Luiz Rhodolfo","odds":"21.00","header":"First"},{"name":"Luiz Rhodolfo","odds":"21.00","header":"Last"},{"name":"Luiz Rhodolfo","odds":"9.00","header":"Anytime"},{"name":"Oliveira Jean Lucas","odds":"21.00","header":"First"},{"name":"Oliveira Jean Lucas","odds":"21.00","header":"Last"},{"name":"Oliveira Jean Lucas","odds":"9.00","header":"Anytime"},{"name":"de Sousa Jonas","odds":"26.00","header":"First"},{"name":"de Sousa Jonas","odds":"26.00","header":"Last"},{"name":"de Sousa Jonas","odds":"12.00","header":"Anytime"},{"name":"Filho David Braz","odds":"26.00","header":"First"},{"name":"Filho David Braz","odds":"26.00","header":"Last"},{"name":"Filho David Braz","odds":"12.00","header":"Anytime"},{"name":"Filho Klebinho","odds":"26.00","header":"First"},{"name":"Filho Klebinho","odds":"26.00","header":"Last"},{"name":"Filho Klebinho","odds":"12.00","header":"Anytime"},{"name":"Gustavo Cuellar","odds":"26.00","header":"First"},{"name":"Gustavo Cuellar","odds":"26.00","header":"Last"},{"name":"Gustavo Cuellar","odds":"12.00","header":"Anytime"},{"name":"Leonardo Cittadini","odds":"26.00","header":"First"},{"name":"Leonardo Cittadini","odds":"26.00","header":"Last"},{"name":"Leonardo Cittadini","odds":"12.00","header":"Anytime"},{"name":"de Almeida Michael","odds":"29.00","header":"First"},{"name":"de Almeida Michael","odds":"29.00","header":"Last"},{"name":"de Almeida Michael","odds":"13.00","header":"Anytime"},{"name":"de Almeida Rodinei","odds":"29.00","header":"First"},{"name":"de Almeida Rodinei","odds":"29.00","header":"Last"},{"name":"de Almeida Rodinei","odds":"13.00","header":"Anytime"},{"name":"de Jesus Matheus Dantas","odds":"29.00","header":"First"},{"name":"de Jesus Matheus Dantas","odds":"29.00","header":"Last"},{"name":"de Jesus Matheus Dantas","odds":"13.00","header":"Anytime"},{"name":"Lima Yuri","odds":"29.00","header":"First"},{"name":"Lima Yuri","odds":"29.00","header":"Last"},{"name":"Lima Yuri","odds":"13.00","header":"Anytime"},{"name":"Araujo Rever","odds":"34.00","header":"First"},{"name":"Araujo Rever","odds":"34.00","header":"Last"},{"name":"Araujo Rever","odds":"15.00","header":"Anytime"},{"name":"da Silva Daniel Guedes","odds":"34.00","header":"First"},{"name":"da Silva Daniel Guedes","odds":"34.00","header":"Last"},{"name":"da Silva Daniel Guedes","odds":"15.00","header":"Anytime"},{"name":"da Silva Lucas Verissimo","odds":"34.00","header":"First"},{"name":"da Silva Lucas Verissimo","odds":"34.00","header":"Last"},{"name":"da Silva Lucas Verissimo","odds":"15.00","header":"Anytime"},{"name":"de Barros Robson Bambu","odds":"34.00","header":"First"},{"name":"de Barros Robson Bambu","odds":"34.00","header":"Last"},{"name":"de Barros Robson Bambu","odds":"15.00","header":"Anytime"},{"name":"dos Santos Luiz Felipe","odds":"34.00","header":"First"},{"name":"dos Santos Luiz Felipe","odds":"34.00","header":"Last"},{"name":"dos Santos Luiz Felipe","odds":"15.00","header":"Anytime"},{"name":"Jose Rodolfo Dodo","odds":"34.00","header":"First"},{"name":"Jose Rodolfo Dodo","odds":"34.00","header":"Last"},{"name":"Jose Rodolfo Dodo","odds":"15.00","header":"Anytime"},{"name":"Martins Rene","odds":"34.00","header":"First"},{"name":"Martins Rene","odds":"34.00","header":"Last"},{"name":"Martins Rene","odds":"15.00","header":"Anytime"},{"name":"Martis Caju","odds":"34.00","header":"First"},{"name":"Martis Caju","odds":"34.00","header":"Last"},{"name":"Martis Caju","odds":"15.00","header":"Anytime"},{"name":"Matheus Thuler","odds":"34.00","header":"First"},{"name":"Matheus Thuler","odds":"34.00","header":"Last"},{"name":"Matheus Thuler","odds":"15.00","header":"Anytime"},{"name":"Miguel Trauco","odds":"34.00","header":"First"},{"name":"Miguel Trauco","odds":"34.00","header":"Last"},{"name":"Miguel Trauco","odds":"15.00","header":"Anytime"},{"name":"Silveira Juan","odds":"34.00","header":"First"},{"name":"Silveira Juan","odds":"34.00","header":"Last"},{"name":"Silveira Juan","odds":"15.00","header":"Anytime"},{"name":"Vernes Gustavo Henrique","odds":"34.00","header":"First"},{"name":"Vernes Gustavo Henrique","odds":"34.00","header":"Last"},{"name":"Vernes Gustavo Henrique","odds":"15.00","header":"Anytime"},{"name":"Macedo Victor Ferraz","odds":"41.00","header":"First"},{"name":"Macedo Victor Ferraz","odds":"41.00","header":"Last"},{"name":"Macedo Victor Ferraz","odds":"19.00","header":"Anytime"},{"name":"Marcos Para","odds":"41.00","header":"First"},{"name":"Marcos Para","odds":"41.00","header":"Last"},{"name":"Marcos Para","odds":"19.00","header":"Anytime"},{"name":"No Goalscorer","odds":"7.50","header":"First"},{"name":"No Goalscorer","odds":"7.50","header":"Last"}],"multi_scorers":[{"name":"Paolo Guerrero","odds":"9.00","header":"2 or More"},{"name":"Paolo Guerrero","odds":"34.00","header":"3 or More"},{"name":"de Goes Rodrygo","odds":"12.00","header":"2 or More"},{"name":"de Goes Rodrygo","odds":"51.00","header":"3 or More"},{"name":"Dourado Henrique","odds":"15.00","header":"2 or More"},{"name":"Dourado Henrique","odds":"81.00","header":"3 or More"},{"name":"da Silva Yuri Alberto","odds":"19.00","header":"2 or More"},{"name":"da Silva Yuri Alberto","odds":"101.00","header":"3 or More"},{"name":"Marlos Moreno","odds":"19.00","header":"2 or More"},{"name":"Marlos Moreno","odds":"101.00","header":"3 or More"},{"name":"Pinto Bruno Henrique","odds":"19.00","header":"2 or More"},{"name":"Pinto Bruno Henrique","odds":"101.00","header":"3 or More"},{"name":"Almeida Gabriel Barbosa","odds":"21.00","header":"2 or More"},{"name":"Almeida Gabriel Barbosa","odds":"101.00","header":"3 or More"},{"name":"Jonathan Copete","odds":"26.00","header":"2 or More"},{"name":"Jonathan Copete","odds":"101.00","header":"3 or More"},{"name":"Fernando Uribe","odds":"29.00","header":"2 or More"},{"name":"Fernando Uribe","odds":"126.00","header":"3 or More"},{"name":"Frezarin Vitor Bueno","odds":"29.00","header":"2 or More"},{"name":"Frezarin Vitor Bueno","odds":"126.00","header":"3 or More"},{"name":"Lourenco Arthur Gomes","odds":"29.00","header":"2 or More"},{"name":"Lourenco Arthur Gomes","odds":"126.00","header":"3 or More"},{"name":"Silva Geuvanio","odds":"29.00","header":"2 or More"},{"name":"Silva Geuvanio","odds":"126.00","header":"3 or More"},{"name":"Augusto Everton Ribeiro","odds":"34.00","header":"2 or More"},{"name":"Augusto Everton Ribeiro","odds":"126.00","header":"3 or More"},{"name":"Colcenti Eduardo Sasha","odds":"34.00","header":"2 or More"},{"name":"Colcenti Eduardo Sasha","odds":"126.00","header":"3 or More"},{"name":"de Lima Lucas Paqueta","odds":"34.00","header":"2 or More"},{"name":"de Lima Lucas Paqueta","odds":"126.00","header":"3 or More"},{"name":"Ribas Diego","odds":"34.00","header":"2 or More"},{"name":"Ribas Diego","odds":"126.00","header":"3 or More"},{"name":"Souza Willian Arao","odds":"34.00","header":"2 or More"},{"name":"Souza Willian Arao","odds":"126.00","header":"3 or More"},{"name":"Borges Romulo","odds":"41.00","header":"2 or More"},{"name":"Borges Romulo","odds":"151.00","header":"3 or More"},{"name":"dos Santos Lincoln","odds":"41.00","header":"2 or More"},{"name":"dos Santos Lincoln","odds":"151.00","header":"3 or More"},{"name":"Goncalves Matheus Savio","odds":"41.00","header":"2 or More"},{"name":"Goncalves Matheus Savio","odds":"151.00","header":"3 or More"},{"name":"Honorato Ederson","odds":"41.00","header":"2 or More"},{"name":"Honorato Ederson","odds":"151.00","header":"3 or More"},{"name":"Nunes Gabriel Calabres","odds":"41.00","header":"2 or More"},{"name":"Nunes Gabriel Calabres","odds":"126.00","header":"3 or More"},{"name":"da Cruz Diogo","odds":"51.00","header":"2 or More"},{"name":"da Cruz Diogo","odds":"201.00","header":"3 or More"},{"name":"da Silva Leo Duarte","odds":"51.00","header":"2 or More"},{"name":"da Silva Leo Duarte","odds":"201.00","header":"3 or More"},{"name":"Emiliano Vecchio","odds":"51.00","header":"2 or More"},{"name":"Emiliano Vecchio","odds":"201.00","header":"3 or More"},{"name":"Ferreira Alison","odds":"51.00","header":"2 or More"},{"name":"Ferreira Alison","odds":"201.00","header":"3 or More"},{"name":"Souza Ronaldo","odds":"51.00","header":"2 or More"},{"name":"Souza Ronaldo","odds":"201.00","header":"3 or More"},{"name":"de Sousa Jean Mota","odds":"81.00","header":"2 or More"},{"name":"de Sousa Jean Mota","odds":"251.00","header":"3 or More"},{"name":"Evaristo Diego Pituca","odds":"81.00","header":"2 or More"},{"name":"Evaristo Diego Pituca","odds":"251.00","header":"3 or More"},{"name":"da Silva Guilherme Nunes","odds":"101.00","header":"2 or More"},{"name":"da Silva Guilherme Nunes","odds":"401.00","header":"3 or More"},{"name":"de Sousa Jonas","odds":"101.00","header":"2 or More"},{"name":"de Sousa Jonas","odds":"501.00","header":"3 or More"},{"name":"Filho David Braz","odds":"101.00","header":"2 or More"},{"name":"Filho David Braz","odds":"501.00","header":"3 or More"},{"name":"Filho Klebinho","odds":"101.00","header":"2 or More"},{"name":"Filho Klebinho","odds":"501.00","header":"3 or More"},{"name":"Florencio Renato","odds":"101.00","header":"2 or More"},{"name":"Florencio Renato","odds":"401.00","header":"3 or More"},{"name":"Gustavo Cuellar","odds":"101.00","header":"2 or More"},{"name":"Gustavo Cuellar","odds":"501.00","header":"3 or More"},{"name":"Leonardo Cittadini","odds":"101.00","header":"2 or More"},{"name":"Leonardo Cittadini","odds":"501.00","header":"3 or More"},{"name":"Luiz Rhodolfo","odds":"101.00","header":"2 or More"},{"name":"Luiz Rhodolfo","odds":"401.00","header":"3 or More"},{"name":"Oliveira Jean Lucas","odds":"101.00","header":"2 or More"},{"name":"Oliveira Jean Lucas","odds":"401.00","header":"3 or More"},{"name":"Araujo Rever","odds":"126.00","header":"2 or More"},{"name":"Araujo Rever","odds":"501.00","header":"3 or More"},{"name":"da Silva Daniel Guedes","odds":"126.00","header":"2 or More"},{"name":"da Silva Daniel Guedes","odds":"501.00","header":"3 or More"},{"name":"da Silva Lucas Verissimo","odds":"126.00","header":"2 or More"},{"name":"da Silva Lucas Verissimo","odds":"501.00","header":"3 or More"},{"name":"de Almeida Michael","odds":"126.00","header":"2 or More"},{"name":"de Almeida Michael","odds":"501.00","header":"3 or More"},{"name":"de Almeida Rodinei","odds":"126.00","header":"2 or More"},{"name":"de Almeida Rodinei","odds":"501.00","header":"3 or More"},{"name":"de Barros Robson Bambu","odds":"126.00","header":"2 or More"},{"name":"de Barros Robson Bambu","odds":"501.00","header":"3 or More"},{"name":"de Jesus Matheus Dantas","odds":"126.00","header":"2 or More"},{"name":"de Jesus Matheus Dantas","odds":"501.00","header":"3 or More"},{"name":"dos Santos Luiz Felipe","odds":"126.00","header":"2 or More"},{"name":"dos Santos Luiz Felipe","odds":"501.00","header":"3 or More"},{"name":"Jose Rodolfo Dodo","odds":"126.00","header":"2 or More"},{"name":"Jose Rodolfo Dodo","odds":"501.00","header":"3 or More"},{"name":"Lima Yuri","odds":"126.00","header":"2 or More"},{"name":"Lima Yuri","odds":"501.00","header":"3 or More"},{"name":"Martins Rene","odds":"126.00","header":"2 or More"},{"name":"Martins Rene","odds":"501.00","header":"3 or More"},{"name":"Martis Caju","odds":"126.00","header":"2 or More"},{"name":"Martis Caju","odds":"501.00","header":"3 or More"},{"name":"Matheus Thuler","odds":"126.00","header":"2 or More"},{"name":"Matheus Thuler","odds":"501.00","header":"3 or More"},{"name":"Miguel Trauco","odds":"126.00","header":"2 or More"},{"name":"Miguel Trauco","odds":"501.00","header":"3 or More"},{"name":"Silveira Juan","odds":"126.00","header":"2 or More"},{"name":"Silveira Juan","odds":"501.00","header":"3 or More"},{"name":"Vernes Gustavo Henrique","odds":"126.00","header":"2 or More"},{"name":"Vernes Gustavo Henrique","odds":"501.00","header":"3 or More"},{"name":"Macedo Victor Ferraz","odds":"151.00","header":"2 or More"},{"name":"Macedo Victor Ferraz","odds":"501.00","header":"3 or More"},{"name":"Marcos Para","odds":"151.00","header":"2 or More"},{"name":"Marcos Para","odds":"501.00","header":"3 or More"}],"team_goalscorer":[{"name":"de Goes Rodrygo","odds":"3.75","header":"First"},{"name":"de Goes Rodrygo","odds":"3.75","header":"Last"},{"name":"da Silva Yuri Alberto","odds":"4.75","header":"First"},{"name":"da Silva Yuri Alberto","odds":"4.75","header":"Last"},{"name":"Pinto Bruno Henrique","odds":"4.75","header":"First"},{"name":"Pinto Bruno Henrique","odds":"4.75","header":"Last"},{"name":"Almeida Gabriel Barbosa","odds":"5.00","header":"First"},{"name":"Almeida Gabriel Barbosa","odds":"5.00","header":"Last"},{"name":"Jonathan Copete","odds":"5.50","header":"First"},{"name":"Jonathan Copete","odds":"5.50","header":"Last"},{"name":"Frezarin Vitor Bueno","odds":"6.00","header":"First"},{"name":"Frezarin Vitor Bueno","odds":"6.00","header":"Last"},{"name":"Lourenco Arthur Gomes","odds":"6.00","header":"First"},{"name":"Lourenco Arthur Gomes","odds":"6.00","header":"Last"},{"name":"Colcenti Eduardo Sasha","odds":"6.50","header":"First"},{"name":"Colcenti Eduardo Sasha","odds":"6.50","header":"Last"},{"name":"Nunes Gabriel Calabres","odds":"7.00","header":"First"},{"name":"Nunes Gabriel Calabres","odds":"7.00","header":"Last"},{"name":"da Cruz Diogo","odds":"9.00","header":"First"},{"name":"da Cruz Diogo","odds":"9.00","header":"Last"},{"name":"Emiliano Vecchio","odds":"9.00","header":"First"},{"name":"Emiliano Vecchio","odds":"9.00","header":"Last"},{"name":"Ferreira Alison","odds":"9.00","header":"First"},{"name":"Ferreira Alison","odds":"9.00","header":"Last"},{"name":"de Sousa Jean Mota","odds":"10.00","header":"First"},{"name":"de Sousa Jean Mota","odds":"10.00","header":"Last"},{"name":"Evaristo Diego Pituca","odds":"10.00","header":"First"},{"name":"Evaristo Diego Pituca","odds":"10.00","header":"Last"},{"name":"da Silva Guilherme Nunes","odds":"12.00","header":"First"},{"name":"da Silva Guilherme Nunes","odds":"12.00","header":"Last"},{"name":"Florencio Renato","odds":"12.00","header":"First"},{"name":"Florencio Renato","odds":"12.00","header":"Last"},{"name":"Filho David Braz","odds":"15.00","header":"First"},{"name":"Filho David Braz","odds":"15.00","header":"Last"},{"name":"Leonardo Cittadini","odds":"15.00","header":"First"},{"name":"Leonardo Cittadini","odds":"15.00","header":"Last"},{"name":"Lima Yuri","odds":"17.00","header":"First"},{"name":"Lima Yuri","odds":"17.00","header":"Last"},{"name":"da Silva Daniel Guedes","odds":"21.00","header":"First"},{"name":"da Silva Daniel Guedes","odds":"21.00","header":"Last"},{"name":"da Silva Lucas Verissimo","odds":"21.00","header":"First"},{"name":"da Silva Lucas Verissimo","odds":"21.00","header":"Last"},{"name":"de Barros Robson Bambu","odds":"21.00","header":"First"},{"name":"de Barros Robson Bambu","odds":"21.00","header":"Last"},{"name":"dos Santos Luiz Felipe","odds":"21.00","header":"First"},{"name":"dos Santos Luiz Felipe","odds":"21.00","header":"Last"},{"name":"Jose Rodolfo Dodo","odds":"21.00","header":"First"},{"name":"Jose Rodolfo Dodo","odds":"21.00","header":"Last"},{"name":"Martis Caju","odds":"21.00","header":"First"},{"name":"Martis Caju","odds":"21.00","header":"Last"},{"name":"Vernes Gustavo Henrique","odds":"21.00","header":"First"},{"name":"Vernes Gustavo Henrique","odds":"21.00","header":"Last"},{"name":"Macedo Victor Ferraz","odds":"23.00","header":"First"},{"name":"Macedo Victor Ferraz","odds":"23.00","header":"Last"},{"name":"No Goalscorer (Santos)","odds":"3.00","header":"First"},{"name":"No Goalscorer (Santos)","odds":"3.00","header":"Last"},{"name":"Paolo Guerrero","odds":"3.10","header":"First"},{"name":"Paolo Guerrero","odds":"3.10","header":"Last"},{"name":"Dourado Henrique","odds":"4.33","header":"First"},{"name":"Dourado Henrique","odds":"4.33","header":"Last"},{"name":"Marlos Moreno","odds":"4.75","header":"First"},{"name":"Marlos Moreno","odds":"4.75","header":"Last"},{"name":"Fernando Uribe","odds":"6.00","header":"First"},{"name":"Fernando Uribe","odds":"6.00","header":"Last"},{"name":"Silva Geuvanio","odds":"6.00","header":"First"},{"name":"Silva Geuvanio","odds":"6.00","header":"Last"},{"name":"Augusto Everton Ribeiro","odds":"6.50","header":"First"},{"name":"Augusto Everton Ribeiro","odds":"6.50","header":"Last"},{"name":"de Lima Lucas Paqueta","odds":"6.50","header":"First"},{"name":"de Lima Lucas Paqueta","odds":"6.50","header":"Last"},{"name":"Ribas Diego","odds":"6.50","header":"First"},{"name":"Ribas Diego","odds":"6.50","header":"Last"},{"name":"Souza Willian Arao","odds":"6.50","header":"First"},{"name":"Souza Willian Arao","odds":"6.50","header":"Last"},{"name":"Borges Romulo","odds":"7.50","header":"First"},{"name":"Borges Romulo","odds":"7.50","header":"Last"},{"name":"dos Santos Lincoln","odds":"7.50","header":"First"},{"name":"dos Santos Lincoln","odds":"7.50","header":"Last"},{"name":"Goncalves Matheus Savio","odds":"7.50","header":"First"},{"name":"Goncalves Matheus Savio","odds":"7.50","header":"Last"},{"name":"Honorato Ederson","odds":"7.50","header":"First"},{"name":"Honorato Ederson","odds":"7.50","header":"Last"},{"name":"da Silva Leo Duarte","odds":"9.00","header":"First"},{"name":"da Silva Leo Duarte","odds":"9.00","header":"Last"},{"name":"Souza Ronaldo","odds":"9.00","header":"First"},{"name":"Souza Ronaldo","odds":"9.00","header":"Last"},{"name":"Luiz Rhodolfo","odds":"12.00","header":"First"},{"name":"Luiz Rhodolfo","odds":"12.00","header":"Last"},{"name":"Oliveira Jean Lucas","odds":"12.00","header":"First"},{"name":"Oliveira Jean Lucas","odds":"12.00","header":"Last"},{"name":"de Sousa Jonas","odds":"15.00","header":"First"},{"name":"de Sousa Jonas","odds":"15.00","header":"Last"},{"name":"Filho Klebinho","odds":"15.00","header":"First"},{"name":"Filho Klebinho","odds":"15.00","header":"Last"},{"name":"Gustavo Cuellar","odds":"15.00","header":"First"},{"name":"Gustavo Cuellar","odds":"15.00","header":"Last"},{"name":"de Almeida Michael","odds":"17.00","header":"First"},{"name":"de Almeida Michael","odds":"17.00","header":"Last"},{"name":"de Almeida Rodinei","odds":"17.00","header":"First"},{"name":"de Almeida Rodinei","odds":"17.00","header":"Last"},{"name":"de Jesus Matheus Dantas","odds":"17.00","header":"First"},{"name":"de Jesus Matheus Dantas","odds":"17.00","header":"Last"},{"name":"Araujo Rever","odds":"19.00","header":"First"},{"name":"Araujo Rever","odds":"19.00","header":"Last"},{"name":"Martins Rene","odds":"19.00","header":"First"},{"name":"Martins Rene","odds":"19.00","header":"Last"},{"name":"Matheus Thuler","odds":"19.00","header":"First"},{"name":"Matheus Thuler","odds":"19.00","header":"Last"},{"name":"Miguel Trauco","odds":"19.00","header":"First"},{"name":"Miguel Trauco","odds":"19.00","header":"Last"},{"name":"Silveira Juan","odds":"19.00","header":"First"},{"name":"Silveira Juan","odds":"19.00","header":"Last"},{"name":"Marcos Para","odds":"23.00","header":"First"},{"name":"Marcos Para","odds":"23.00","header":"Last"},{"name":"No Goalscorer (Flamengo)","odds":"3.00","header":"First"},{"name":"No Goalscorer (Flamengo)","odds":"3.00","header":"Last"}]}},"schedule":{"updated_at":"1532565959","sp":{"main":[{"odds":"2.050"},{"odds":"1.800"}]}},"specials":{"updated_at":"1532564965","sp":{"specials":[{"name":"To Win From Behind","odds":"11.00","header":"Home"},{"name":"To Win From Behind","odds":"11.00","header":"Away"},{"name":"To Win to Nil","odds":"4.33","header":"Home"},{"name":"To Win to Nil","odds":"4.33","header":"Away"},{"name":"To Win Either Half","odds":"1.83","header":"Home"},{"name":"To Win Either Half","odds":"1.83","header":"Away"},{"name":"To Win Both Halves","odds":"11.00","header":"Home"},{"name":"To Win Both Halves","odds":"11.00","header":"Away"},{"name":"To Score in Both Halves","odds":"4.50","header":"Home"},{"name":"To Score in Both Halves","odds":"4.50","header":"Away"}],"to_score_in_half":[{"name":"1st Half","odds":"2.38","header":"Yes"},{"name":"1st Half","odds":"1.53","header":"No"},{"name":"2nd Half","odds":"1.91","header":"Yes"},{"name":"2nd Half","odds":"1.80","header":"No"},{"name":"1st Half","odds":"2.38","header":"Yes"},{"name":"1st Half","odds":"1.53","header":"No"},{"name":"2nd Half","odds":"1.91","header":"Yes"},{"name":"2nd Half","odds":"1.80","header":"No"}],"own_goal":[{"opp":"Yes","odds":"13.00"},{"opp":"No","odds":"1.04"}]}}}]}