{"odd":{"success":1,"results":[{"FI":"75393437","event_id":"847105","goals":{"updated_at":"1532569606","sp":{"goals_over_under":[{"goals":"2.5","odds":"1.30","header":"Over"},{"goals":"2.5","odds":"3.45","header":"Under"}],"first_team_to_score":[{"opp":"FC Kontu","odds":"2.38"},{"opp":"No Goals","odds":"29.00"},{"opp":"TiPS","odds":"1.53"}],"home_team_highest_scoring_half":[{"opp":"FC Kontu - 1st Half","odds":"3.40"},{"opp":"FC Kontu - 2nd Half","odds":"2.50"},{"opp":"FC Kontu - Tie","odds":"2.38"}],"away_team_highest_scoring_half":[{"opp":"TiPS - 1st Half","odds":"3.00"},{"opp":"TiPS - 2nd Half","odds":"2.05"},{"opp":"TiPS - Tie","odds":"3.40"}],"goals_odd_even":[{"opp":"Even","odds":"1.90"},{"opp":"Odd","odds":"1.95"}],"home_team_odd_even_goals":[{"opp":"FC Kontu - Even","odds":"1.73"},{"opp":"FC Kontu - Odd","odds":"2.00"}],"away_team_odd_even_goals":[{"opp":"TiPS - Even","odds":"1.83"},{"opp":"TiPS - Odd","odds":"1.83"}],"1st_half_goals_odd_even":[{"opp":"Odd","odds":"2.00"},{"opp":"Even","odds":"1.80"}]}},"half":{"updated_at":"1532569620","sp":{"half_time_result":[{"opp":"1","odds":"4.00"},{"opp":"X","odds":"2.88"},{"opp":"2","odds":"2.00"}],"half_time_double_chance":[{"opp":"1X","odds":"1.73"},{"opp":"X2","odds":"1.22"},{"opp":"12","odds":"1.40"}],"half_time_correct_score":[{"opp":"1-0","odds":"7.00","header":"Home"},{"opp":"0-0","odds":"4.50","header":"X"},{"opp":"1-0","odds":"4.50","header":"Away"},{"opp":"2-0","odds":"19.00","header":"Home"},{"opp":"1-1","odds":"8.00","header":"X"},{"opp":"2-0","odds":"7.50","header":"Away"},{"opp":"2-1","odds":"21.00","header":"Home"},{"opp":"2-2","odds":"41.00","header":"X"},{"opp":"2-1","odds":"15.00","header":"Away"},{"opp":"3-0","odds":"41.00","header":"Home"},{"opp":"3-0","odds":"17.00","header":"Away"},{"opp":"3-1","odds":"51.00","header":"Home"},{"opp":"3-1","odds":"34.00","header":"Away"},{"opp":"3-2","odds":"67.00","header":"Away"},{"opp":"4-0","odds":"41.00","header":"Away"},{"opp":"4-1","odds":"67.00","header":"Away"},{"opp":"5-0","odds":"81.00","header":"Away"}],"1st_half_goals_odd_even":[{"opp":"Odd","odds":"2.00"},{"opp":"Even","odds":"1.80"}],"home_team_highest_scoring_half":[{"opp":"FC Kontu - 1st Half","odds":"3.40"},{"opp":"FC Kontu - 2nd Half","odds":"2.50"},{"opp":"FC Kontu - Tie","odds":"2.38"}],"away_team_highest_scoring_half":[{"opp":"TiPS - 1st Half","odds":"3.00"},{"opp":"TiPS - 2nd Half","odds":"2.05"},{"opp":"TiPS - Tie","odds":"3.40"}],"2nd_half_goals_odd_even":[{"opp":"Even","odds":"1.83"},{"opp":"Odd","odds":"1.83"}]}},"main":{"updated_at":"1532570854","sp":{"full_time_result":[{"opp":"1","odds":"3.75"},{"opp":"X","odds":"4.75"},{"opp":"2","odds":"1.57"}],"double_chance":[{"opp":"1X","odds":"2.25"},{"opp":"X2","odds":"1.25"},{"opp":"12","odds":"1.17"}],"correct_score":[{"opp":"1-0","odds":"23.00","header":"Home"},{"opp":"0-0","odds":"29.00","header":"X"},{"opp":"1-0","odds":"15.00","header":"Away"},{"opp":"2-0","odds":"29.00","header":"Home"},{"opp":"1-1","odds":"11.00","header":"X"},{"opp":"2-0","odds":"13.00","header":"Away"},{"opp":"2-1","odds":"15.00","header":"Home"},{"opp":"2-2","odds":"13.00","header":"X"},{"opp":"2-1","odds":"10.00","header":"Away"},{"opp":"3-0","odds":"41.00","header":"Home"},{"opp":"3-3","odds":"29.00","header":"X"},{"opp":"3-0","odds":"15.00","header":"Away"},{"opp":"3-1","odds":"29.00","header":"Home"},{"opp":"4-4","odds":"81.00","header":"X"},{"opp":"3-1","odds":"12.00","header":"Away"},{"opp":"3-2","odds":"26.00","header":"Home"},{"opp":"3-2","odds":"17.00","header":"Away"},{"opp":"4-0","odds":"67.00","header":"Home"},{"opp":"4-0","odds":"21.00","header":"Away"},{"opp":"4-1","odds":"51.00","header":"Home"},{"opp":"4-1","odds":"19.00","header":"Away"},{"opp":"4-2","odds":"51.00","header":"Home"},{"opp":"4-2","odds":"26.00","header":"Away"},{"opp":"4-3","odds":"51.00","header":"Home"},{"opp":"5-0","odds":"34.00","header":"Away"},{"opp":"5-1","odds":"29.00","header":"Away"},{"opp":"5-2","odds":"41.00","header":"Away"},{"opp":"4-3","odds":"41.00","header":"Away"},{"opp":"5-3","odds":"67.00","header":"Away"},{"opp":"6-0","odds":"51.00","header":"Away"},{"opp":"6-1","odds":"51.00","header":"Away"},{"opp":"6-2","odds":"67.00","header":"Away"},{"opp":"7-0","odds":"81.00","header":"Away"},{"opp":"7-1","odds":"81.00","header":"Away"}],"half_time_full_time":[{"opp":"FC Kontu - FC Kontu","odds":"6.50"},{"opp":"FC Kontu - Draw","odds":"17.00"},{"opp":"FC Kontu - TiPS","odds":"15.00"},{"opp":"Draw - FC Kontu","odds":"11.00"},{"opp":"Draw - Draw","odds":"9.50"},{"opp":"Draw - TiPS","odds":"5.50"},{"opp":"TiPS - FC Kontu","odds":"23.00"},{"opp":"TiPS - Draw","odds":"15.00"},{"opp":"TiPS - TiPS","odds":"2.38"}],"goals_over_under":[{"goals":"2.5","odds":"1.30","header":"Over"},{"goals":"2.5","odds":"3.45","header":"Under"}],"draw_no_bet":[{"opp":"FC Kontu","odds":"3.40"},{"opp":"TiPS","odds":"1.30"}]}},"schedule":{"updated_at":"1532569735","sp":{"main":[{"odds":"3.75"},{"odds":"4.75"},{"odds":"1.57"}]}}}]}}