{"odd":{"success":1,"results":[{"FI":"75362698","event_id":"780964","asian_lines":{"updated_at":"1532570497","sp":{"asian_handicap":[{"opp":"-0.5","odds":"1.825","header":"Home"},{"opp":"+0.5","odds":"2.025","header":"Away"}],"goal_line":[{"goals":"1.5, 2.0","odds":"1.825","header":"Over"},{"goals":"1.5, 2.0","odds":"2.025","header":"Under"}],"alternative_asian_handicap":[{"opp":"-2.0","odds":"7.000","header":"Home"},{"opp":"+2.0","odds":"1.100","header":"Away"},{"opp":"-1.5, -2.0","odds":"4.500","header":"Home"},{"opp":"+1.5, +2.0","odds":"1.190","header":"Away"},{"opp":"-1.5","odds":"3.450","header":"Home"},{"opp":"+1.5","odds":"1.300","header":"Away"},{"opp":"-1.0, -1.5","odds":"3.100","header":"Home"},{"opp":"+1.0, +1.5","odds":"1.350","header":"Away"},{"opp":"-1.0","odds":"2.600","header":"Home"},{"opp":"+1.0","odds":"1.475","header":"Away"},{"opp":"-0.5, -1.0","odds":"2.075","header":"Home"},{"opp":"+0.5, +1.0","odds":"1.725","header":"Away"},{"opp":"0.0, -0.5","odds":"1.525","header":"Home"},{"opp":"0.0, +0.5","odds":"2.425","header":"Away"},{"opp":"0.0","odds":"1.260","header":"Home"},{"opp":"0.0","odds":"3.700","header":"Away"},{"opp":"0.0, +0.5","odds":"1.200","header":"Home"},{"opp":"0.0, -0.5","odds":"4.400","header":"Away"},{"opp":"+0.5","odds":"1.160","header":"Home"},{"opp":"-0.5","odds":"5.250","header":"Away"}],"alternative_goal_line":[{"goals":"0.5, 1.0","odds":"1.175","header":"Over"},{"goals":"0.5, 1.0","odds":"4.800","header":"Under"},{"goals":"1.0","odds":"1.220","header":"Over"},{"goals":"1.0","odds":"4.150","header":"Under"},{"goals":"1.0, 1.5","odds":"1.425","header":"Over"},{"goals":"1.0, 1.5","odds":"2.750","header":"Under"},{"goals":"1.5","odds":"1.600","header":"Over"},{"goals":"1.5","odds":"2.300","header":"Under"},{"goals":"2.0","odds":"2.150","header":"Over"},{"goals":"2.0","odds":"1.675","header":"Under"},{"goals":"2.0, 2.5","odds":"2.500","header":"Over"},{"goals":"2.0, 2.5","odds":"1.500","header":"Under"},{"goals":"2.5","odds":"2.850","header":"Over"},{"goals":"2.5","odds":"1.400","header":"Under"},{"goals":"2.5, 3.0","odds":"3.550","header":"Over"},{"goals":"2.5, 3.0","odds":"1.275","header":"Under"},{"goals":"3.0","odds":"5.000","header":"Over"},{"goals":"3.0","odds":"1.170","header":"Under"},{"goals":"3.0, 3.5","odds":"5.500","header":"Over"},{"goals":"3.0, 3.5","odds":"1.150","header":"Under"},{"goals":"3.5","odds":"5.900","header":"Over"},{"goals":"3.5","odds":"1.130","header":"Under"}],"1st_half_asian_handicap":[{"opp":"0.0, -0.5","odds":"2.000","header":"Home"},{"opp":"0.0, +0.5","odds":"1.800","header":"Away"}],"1st_half_goal_line":[{"goals":"0.5, 1.0","odds":"1.975","header":"Over"},{"goals":"0.5, 1.0","odds":"1.825","header":"Under"}],"alternative_1st_half_asian_handicap":[{"opp":"-1.0","odds":"6.600","header":"Home"},{"opp":"+1.0","odds":"1.110","header":"Away"},{"opp":"-0.5, -1.0","odds":"3.450","header":"Home"},{"opp":"+0.5, +1.0","odds":"1.300","header":"Away"},{"opp":"-0.5","odds":"2.600","header":"Home"},{"opp":"+0.5","odds":"1.475","header":"Away"},{"opp":"0.0","odds":"1.350","header":"Home"},{"opp":"0.0","odds":"3.100","header":"Away"},{"opp":"0.0, +0.5","odds":"1.200","header":"Home"},{"opp":"0.0, -0.5","odds":"4.400","header":"Away"},{"opp":"+0.5","odds":"1.130","header":"Home"},{"opp":"-0.5","odds":"5.900","header":"Away"}],"alternative_1st_half_goal_line":[{"goals":"1.0","odds":"2.675","header":"Over"},{"goals":"1.0","odds":"1.450","header":"Under"},{"goals":"1.0, 1.5","odds":"3.450","header":"Over"},{"goals":"1.0, 1.5","odds":"1.300","header":"Under"},{"goals":"1.5","odds":"4.000","header":"Over"},{"goals":"1.5","odds":"1.230","header":"Under"},{"goals":"1.5, 2.0","odds":"5.750","header":"Over"},{"goals":"1.5, 2.0","odds":"1.140","header":"Under"}],"asian_total_corners":[{"goals":"9.5","odds":"1.850","header":"Over"},{"goals":"9.5","odds":"1.950","header":"Under"}],"1st_half_asian_corners":[{"goals":"4.5","odds":"1.900","header":"Over"},{"goals":"4.5","odds":"1.900","header":"Under"}]}},"corners":{"updated_at":"1532570521","sp":{"corners":[{"opp":"Over 10","odds":"2.38"},{"opp":"Exactly 10","odds":"7.00"},{"opp":"Under 10","odds":"1.83"}],"total_corners":[{"opp":"Under 6","odds":"11.00"},{"opp":"6 - 8","odds":"3.20"},{"opp":"9 - 11","odds":"2.50"},{"opp":"12 - 14","odds":"4.33"},{"opp":"Over 14","odds":"11.00"}],"alternative_corners":[{"goals":"4","odds":"1.02","header":"Over"},{"goals":"4","odds":"21.00","header":"Exactly"},{"goals":"4","odds":"29.00","header":"Under"},{"goals":"5","odds":"1.05","header":"Over"},{"goals":"5","odds":"15.00","header":"Exactly"},{"goals":"5","odds":"17.00","header":"Under"},{"goals":"6","odds":"1.12","header":"Over"},{"goals":"6","odds":"11.00","header":"Exactly"},{"goals":"6","odds":"10.00","header":"Under"},{"goals":"7","odds":"1.25","header":"Over"},{"goals":"7","odds":"8.50","header":"Exactly"},{"goals":"7","odds":"6.00","header":"Under"},{"goals":"8","odds":"1.50","header":"Over"},{"goals":"8","odds":"7.50","header":"Exactly"},{"goals":"8","odds":"3.75","header":"Under"},{"goals":"9","odds":"1.83","header":"Over"},{"goals":"9","odds":"7.00","header":"Exactly"},{"goals":"9","odds":"2.60","header":"Under"},{"goals":"11","odds":"3.20","header":"Over"},{"goals":"11","odds":"8.00","header":"Exactly"},{"goals":"11","odds":"1.57","header":"Under"},{"goals":"12","odds":"4.50","header":"Over"},{"goals":"12","odds":"9.50","header":"Exactly"},{"goals":"12","odds":"1.33","header":"Under"},{"goals":"13","odds":"7.00","header":"Over"},{"goals":"13","odds":"11.00","header":"Exactly"},{"goals":"13","odds":"1.18","header":"Under"},{"goals":"14","odds":"11.00","header":"Over"},{"goals":"14","odds":"15.00","header":"Exactly"},{"goals":"14","odds":"1.09","header":"Under"},{"goals":"15","odds":"15.00","header":"Over"},{"goals":"15","odds":"19.00","header":"Exactly"},{"goals":"15","odds":"1.05","header":"Under"},{"goals":"16","odds":"21.00","header":"Over"},{"goals":"16","odds":"23.00","header":"Exactly"},{"goals":"16","odds":"1.02","header":"Under"},{"goals":"17","odds":"29.00","header":"Over"},{"goals":"17","odds":"34.00","header":"Exactly"},{"goals":"17","odds":"1.02","header":"Under"}],"corners_2_way":[{"opp":"Over 9.5","odds":"1.83"},{"opp":"Under 9.5","odds":"1.83"}],"first_half_corners":[{"opp":"5","odds":"2.75","header":"Over"},{"opp":"5","odds":"5.00","header":"Exactly"},{"opp":"5","odds":"1.83","header":"Under"}],"asian_total_corners":[{"goals":"9.5","odds":"1.850","header":"Over"},{"goals":"9.5","odds":"1.950","header":"Under"}],"1st_half_asian_corners":[{"goals":"4.5","odds":"1.900","header":"Over"},{"goals":"4.5","odds":"1.900","header":"Under"}]}},"goals":{"updated_at":"1532570858","sp":{"goals_over_under":[{"goals":"2.5","odds":"2.88","header":"Over"},{"goals":"2.5","odds":"1.40","header":"Under"}],"alternative_total_goals":[{"goals":"0.5","odds":"1.14","header":"Over "},{"goals":"0.5","odds":"5.50","header":"Under"},{"goals":"1.5","odds":"1.57","header":"Over "},{"goals":"1.5","odds":"2.25","header":"Under"},{"goals":"3.5","odds":"6.00","header":"Over "},{"goals":"3.5","odds":"1.12","header":"Under"},{"goals":"4.5","odds":"15.00","header":"Over "},{"goals":"4.5","odds":"1.03","header":"Under"}],"result_total_goals":[{"opp":"Atletico Paranaense & Over 2.5","odds":"4.00"},{"opp":"Atletico Paranaense & Under 2.5","odds":"3.00"},{"opp":"Draw & Over 2.5","odds":"23.00"},{"opp":"Draw & Under  2.5","odds":"3.25"},{"opp":"Penarol & Over 2.5","odds":"13.00"},{"opp":"Penarol & Under 2.5","odds":"8.00"}],"total_goals_both_teams_to_score":[{"opp":"Over 2.5 & Yes","odds":"3.75"},{"opp":"Over 2.5 & No","odds":"9.50"},{"opp":"Under 2.5 & Yes","odds":"6.00"},{"opp":"Under 2.5 & No","odds":"1.67"}],"exact_total_goals":[{"opp":"0 Goals","odds":"5.50"},{"opp":"1 Goal","odds":"3.50"},{"opp":"2 Goals","odds":"3.25"},{"opp":"3 Goals","odds":"5.00"},{"opp":"4 Goals","odds":"9.00"},{"opp":"5 Goals","odds":"21.00"},{"opp":"6 Goals","odds":"51.00"},{"opp":"7+ Goals","odds":"81.00"}],"number_of_goals_in_match":[{"opp":"Under 2 goals","odds":"2.25"},{"opp":"2 or 3 goals","odds":"2.05"},{"opp":"Over 3 goals","odds":"6.00"}],"both_teams_to_score":[{"opp":"Yes","odds":"2.50"},{"opp":"No","odds":"1.50"}],"teams_to_score":[{"opp":"Both Teams","odds":"2.50"},{"opp":"Atletico Paranaense Only","odds":"2.40"},{"opp":"No Goal","odds":"5.50"},{"opp":"Penarol Only","odds":"7.50"}],"both_teams_to_score_in_1st_half":[{"opp":"Yes","odds":"8.00"},{"opp":"No","odds":"1.08"}],"both_teams_to_score_in_2nd_half":[{"opp":"Yes","odds":"5.50"},{"opp":"No","odds":"1.14"}],"both_teams_to_score_1st_half_2nd_half":[{"opp":"Yes \/ Yes","odds":"34.00"},{"opp":"Yes \/ No","odds":"8.00"},{"opp":"No \/ Yes","odds":"5.50"},{"opp":"No \/ No","odds":"1.29"}],"first_half_goals":[{"goals":"0.5","odds":"1.62","header":"Over"},{"goals":"0.5","odds":"2.20","header":"Under"},{"goals":"1.5","odds":"4.00","header":"Over"},{"goals":"1.5","odds":"1.22","header":"Under"},{"goals":"2.5","odds":"13.00","header":"Over"},{"goals":"2.5","odds":"1.04","header":"Under"}],"exact_1st_half_goals":[{"opp":"0 Goals","odds":"2.20"},{"opp":"1 Goal","odds":"2.50"},{"opp":"2 Goals","odds":"5.50"},{"opp":"3 Goals","odds":"17.00"},{"opp":"4 Goals","odds":"51.00"},{"opp":"5+ Goals","odds":"151.00"}],"total_goal_minutes":[{"opp":"Over 110 minutes","odds":"2.20"},{"opp":"90 To 110 minutes inc.","odds":"8.50"},{"opp":"Under 90 minutes","odds":"1.91"}],"first_team_to_score":[{"opp":"Atletico Paranaense","odds":"1.57"},{"opp":"No Goals","odds":"5.50"},{"opp":"Penarol","odds":"3.50"}],"early_goal":[{"opp":"Goal before 38:00","odds":"1.83"},{"opp":"No Goal before 38:00","odds":"1.83"}],"late_goal":[{"opp":"Goal after 65:59","odds":"1.83"},{"opp":"No Goal after 65:59","odds":"1.83"}],"time_of_first_goal_brackets":[{"opp":"1-10","odds":"5.50"},{"opp":"11-20","odds":"6.00"},{"opp":"21-30","odds":"7.00"},{"opp":"31-40","odds":"7.50"},{"opp":"41-50","odds":"8.00"},{"opp":"51-60","odds":"12.00"},{"opp":"61-70","odds":"15.00"},{"opp":"71-80","odds":"17.00"},{"opp":"81 - Full Time","odds":"15.00"},{"opp":"No Goal","odds":"5.50"}],"2nd_half_goals":[{"goals":"0.5","odds":"1.40","header":"Over"},{"goals":"0.5","odds":"2.75","header":"Under"},{"goals":"1.5","odds":"3.00","header":"Over"},{"goals":"1.5","odds":"1.36","header":"Under"},{"goals":"2.5","odds":"8.00","header":"Over"},{"goals":"2.5","odds":"1.08","header":"Under"},{"goals":"3.5","odds":"23.00","header":"Over"},{"goals":"3.5","odds":"1.01","header":"Under"}],"exact_2nd_half_goals":[{"opp":"0 Goals","odds":"2.75"},{"opp":"1 Goal","odds":"2.50"},{"opp":"2 Goals","odds":"4.33"},{"opp":"3 Goals","odds":"11.00"},{"opp":"4 Goals","odds":"34.00"},{"opp":"5+ Goals","odds":"67.00"}],"half_with_most_goals":[{"opp":"1st Half","odds":"3.25"},{"opp":"2nd Half","odds":"2.20"},{"opp":"Tie","odds":"3.00"}],"home_team_highest_scoring_half":[{"opp":"Atletico Paranaense - 1st Half","odds":"3.50"},{"opp":"Atletico Paranaense - 2nd Half","odds":"2.50"},{"opp":"Atletico Paranaense - Tie","odds":"2.30"}],"away_team_highest_scoring_half":[{"opp":"Penarol - 1st Half","odds":"4.75"},{"opp":"Penarol - 2nd Half","odds":"3.50"},{"opp":"Penarol - Tie","odds":"1.62"}],"home_team_exact_goals":[{"opp":"Atletico Paranaense - 0 Goals","odds":"3.50"},{"opp":"Atletico Paranaense - 1 Goal","odds":"2.60"},{"opp":"Atletico Paranaense - 2 Goals","odds":"3.75"},{"opp":"Atletico Paranaense - 3+ Goals","odds":"5.50"}],"away_team_exact_goals":[{"opp":"Penarol - 0 Goals","odds":"1.80"},{"opp":"Penarol - 1 Goal","odds":"2.60"},{"opp":"Penarol - 2 Goals","odds":"7.50"},{"opp":"Penarol - 3+ Goals","odds":"23.00"}],"time_of_1st_team_goal":[{"opp":"Atletico Paranaense - Goal before 54:00","odds":"1.83"},{"opp":"Atletico Paranaense - No Goal before 54:00","odds":"1.83"},{"opp":"Penarol - Goal before 79:00","odds":"2.25"},{"opp":"Penarol - No Goal before 79:00","odds":"1.57"}],"goals_odd_even":[{"opp":"Even","odds":"1.90"},{"opp":"Odd","odds":"1.95"}],"home_team_odd_even_goals":[{"opp":"Atletico Paranaense - Even","odds":"1.73"},{"opp":"Atletico Paranaense - Odd","odds":"2.00"}],"away_team_odd_even_goals":[{"opp":"Penarol - Even","odds":"1.50"},{"opp":"Penarol - Odd","odds":"2.50"}],"1st_half_goals_odd_even":[{"opp":"Odd","odds":"2.30"},{"opp":"Even","odds":"1.62"}],"last_team_to_score":[{"opp":"Atletico Paranaense","odds":"1.57"},{"opp":"No Goal","odds":"5.50"},{"opp":"Penarol","odds":"3.50"}],"first_10_minutes_(00:00_09:59)":[{"name":"Goals","handicap":"0.5","odds":"6.00","header":"Over"},{"name":"Goals","handicap":"0.5","odds":"1.12","header":"Under"}]}},"half":{"updated_at":"1532570523","sp":{"half_time_result":[{"opp":"1","odds":"2.60"},{"opp":"X","odds":"1.95"},{"opp":"2","odds":"6.00"}],"half_time_double_chance":[{"opp":"1X","odds":"1.12"},{"opp":"X2","odds":"1.53"},{"opp":"12","odds":"1.91"}],"half_time_result_both_teams_to_score":[{"opp":"Atletico Paranaense & Yes","odds":"29.00"},{"opp":"Atletico Paranaense & No","odds":"2.75"},{"opp":"Draw & Yes","odds":"11.00"},{"opp":"Draw & No","odds":"2.10"},{"opp":"Penarol & Yes","odds":"51.00"},{"opp":"Penarol & No","odds":"6.00"}],"half_time_result_total_goals":[{"opp":"Atletico Paranaense & Over 1.5","odds":"7.50"},{"opp":"Atletico Paranaense & Under 1.5","odds":"3.50"},{"opp":"Draw & Over 1.5","odds":"11.00"},{"opp":"Draw & Under 1.5","odds":"2.20"},{"opp":"Penarol & Over 1.5","odds":"23.00"},{"opp":"Penarol & Under 1.5","odds":"7.00"}],"half_time_correct_score":[{"opp":"1-0","odds":"3.50","header":"Home"},{"opp":"0-0","odds":"2.20","header":"X"},{"opp":"1-0","odds":"7.00","header":"Away"},{"opp":"2-0","odds":"10.00","header":"Home"},{"opp":"1-1","odds":"10.00","header":"X"},{"opp":"2-0","odds":"34.00","header":"Away"},{"opp":"2-1","odds":"29.00","header":"Home"},{"opp":"2-2","odds":"101.00","header":"X"},{"opp":"2-1","odds":"51.00","header":"Away"},{"opp":"3-0","odds":"41.00","header":"Home"},{"opp":"3-0","odds":"151.00","header":"Away"},{"opp":"3-1","odds":"81.00","header":"Home"},{"opp":"3-1","odds":"251.00","header":"Away"},{"opp":"4-0","odds":"151.00","header":"Home"}],"both_teams_to_score_in_1st_half":[{"opp":"Yes","odds":"8.00"},{"opp":"No","odds":"1.08"}],"both_teams_to_score_in_2nd_half":[{"opp":"Yes","odds":"5.50"},{"opp":"No","odds":"1.14"}],"both_teams_to_score_1st_half_2nd_half":[{"opp":"Yes \/ Yes","odds":"34.00"},{"opp":"Yes \/ No","odds":"8.00"},{"opp":"No \/ Yes","odds":"5.50"},{"opp":"No \/ No","odds":"1.29"}],"1st_half_asian_handicap":[{"opp":"0.0, -0.5","odds":"2.000","header":"Home"},{"opp":"0.0, +0.5","odds":"1.800","header":"Away"}],"1st_half_goal_line":[{"goals":"0.5, 1.0","odds":"1.975","header":"Over"},{"goals":"0.5, 1.0","odds":"1.825","header":"Under"}],"alternative_1st_half_asian_handicap":[{"opp":"-1.0","odds":"6.600","header":"Home"},{"opp":"+1.0","odds":"1.110","header":"Away"},{"opp":"-0.5, -1.0","odds":"3.450","header":"Home"},{"opp":"+0.5, +1.0","odds":"1.300","header":"Away"},{"opp":"-0.5","odds":"2.600","header":"Home"},{"opp":"+0.5","odds":"1.475","header":"Away"},{"opp":"0.0","odds":"1.350","header":"Home"},{"opp":"0.0","odds":"3.100","header":"Away"},{"opp":"0.0, +0.5","odds":"1.200","header":"Home"},{"opp":"0.0, -0.5","odds":"4.400","header":"Away"},{"opp":"+0.5","odds":"1.130","header":"Home"},{"opp":"-0.5","odds":"5.900","header":"Away"}],"alternative_1st_half_goal_line":[{"goals":"1.0","odds":"2.675","header":"Over"},{"goals":"1.0","odds":"1.450","header":"Under"},{"goals":"1.0, 1.5","odds":"3.450","header":"Over"},{"goals":"1.0, 1.5","odds":"1.300","header":"Under"},{"goals":"1.5","odds":"4.000","header":"Over"},{"goals":"1.5","odds":"1.230","header":"Under"},{"goals":"1.5, 2.0","odds":"5.750","header":"Over"},{"goals":"1.5, 2.0","odds":"1.140","header":"Under"}],"1st_half_handicap":[{"opp":"Atletico Paranaense  -1.0","odds":"8.50"},{"opp":"Tie - Penarol +1.0","odds":"3.20"},{"opp":"Penarol  +1.0","odds":"1.53"}],"alternative_1st_half_handicap_result":[{"opp":"-2.0","odds":"21.00","header":"Home"},{"opp":"+2.0","odds":"10.00","header":"Tie"},{"opp":"+2.0","odds":"1.06","header":"Away"},{"opp":"+1.0","odds":"1.12","header":"Home"},{"opp":"-1.0","odds":"6.50","header":"Tie"},{"opp":"-1.0","odds":"26.00","header":"Away"}],"first_half_goals":[{"goals":"0.5","odds":"1.62","header":"Over"},{"goals":"0.5","odds":"2.20","header":"Under"},{"goals":"1.5","odds":"4.00","header":"Over"},{"goals":"1.5","odds":"1.22","header":"Under"},{"goals":"2.5","odds":"13.00","header":"Over"},{"goals":"2.5","odds":"1.04","header":"Under"}],"exact_1st_half_goals":[{"opp":"0 Goals","odds":"2.20"},{"opp":"1 Goal","odds":"2.50"},{"opp":"2 Goals","odds":"5.50"},{"opp":"3 Goals","odds":"17.00"},{"opp":"4 Goals","odds":"51.00"},{"opp":"5+ Goals","odds":"151.00"}],"first_half_corners":[{"opp":"5","odds":"2.75","header":"Over"},{"opp":"5","odds":"5.00","header":"Exactly"},{"opp":"5","odds":"1.83","header":"Under"}],"1st_half_asian_corners":[{"goals":"4.5","odds":"1.900","header":"Over"},{"goals":"4.5","odds":"1.900","header":"Under"}],"1st_half_goals_odd_even":[{"opp":"Odd","odds":"2.30"},{"opp":"Even","odds":"1.62"}],"to_score_in_half":[{"name":"1st Half","odds":"2.10","header":"Yes"},{"name":"1st Half","odds":"1.67","header":"No"},{"name":"2nd Half","odds":"1.80","header":"Yes"},{"name":"2nd Half","odds":"1.91","header":"No"},{"name":"1st Half","odds":"3.75","header":"Yes"},{"name":"1st Half","odds":"1.25","header":"No"},{"name":"2nd Half","odds":"3.00","header":"Yes"},{"name":"2nd Half","odds":"1.36","header":"No"}],"half_with_most_goals":[{"opp":"1st Half","odds":"3.25"},{"opp":"2nd Half","odds":"2.20"},{"opp":"Tie","odds":"3.00"}],"home_team_highest_scoring_half":[{"opp":"Atletico Paranaense - 1st Half","odds":"3.50"},{"opp":"Atletico Paranaense - 2nd Half","odds":"2.50"},{"opp":"Atletico Paranaense - Tie","odds":"2.30"}],"away_team_highest_scoring_half":[{"opp":"Penarol - 1st Half","odds":"4.75"},{"opp":"Penarol - 2nd Half","odds":"3.50"},{"opp":"Penarol - Tie","odds":"1.62"}],"2nd_half_result":[{"opp":"1","odds":"2.20"},{"opp":"X","odds":"2.10"},{"opp":"2","odds":"5.00"}],"2nd_half_goals":[{"goals":"0.5","odds":"1.40","header":"Over"},{"goals":"0.5","odds":"2.75","header":"Under"},{"goals":"1.5","odds":"3.00","header":"Over"},{"goals":"1.5","odds":"1.36","header":"Under"},{"goals":"2.5","odds":"8.00","header":"Over"},{"goals":"2.5","odds":"1.08","header":"Under"},{"goals":"3.5","odds":"23.00","header":"Over"},{"goals":"3.5","odds":"1.01","header":"Under"}],"exact_2nd_half_goals":[{"opp":"0 Goals","odds":"2.75"},{"opp":"1 Goal","odds":"2.50"},{"opp":"2 Goals","odds":"4.33"},{"opp":"3 Goals","odds":"11.00"},{"opp":"4 Goals","odds":"34.00"},{"opp":"5+ Goals","odds":"67.00"}],"2nd_half_goals_odd_even":[{"opp":"Even","odds":"1.67"},{"opp":"Odd","odds":"2.10"}]}},"main":{"updated_at":"1532570484","sp":{"full_time_result":[{"opp":"1","odds":"1.80"},{"opp":"X","odds":"3.00"},{"opp":"2","odds":"5.75"}],"double_chance":[{"opp":"1X","odds":"1.17"},{"opp":"X2","odds":"2.05"},{"opp":"12","odds":"1.40"}],"correct_score":[{"opp":"1-0","odds":"4.75","header":"Home"},{"opp":"0-0","odds":"5.50","header":"X"},{"opp":"1-0","odds":"9.50","header":"Away"},{"opp":"2-0","odds":"6.50","header":"Home"},{"opp":"1-1","odds":"6.00","header":"X"},{"opp":"2-0","odds":"26.00","header":"Away"},{"opp":"2-1","odds":"10.00","header":"Home"},{"opp":"2-2","odds":"23.00","header":"X"},{"opp":"2-1","odds":"21.00","header":"Away"},{"opp":"3-0","odds":"15.00","header":"Home"},{"opp":"3-3","odds":"126.00","header":"X"},{"opp":"3-0","odds":"67.00","header":"Away"},{"opp":"3-1","odds":"21.00","header":"Home"},{"opp":"3-1","odds":"51.00","header":"Away"},{"opp":"3-2","odds":"41.00","header":"Home"},{"opp":"3-2","odds":"67.00","header":"Away"},{"opp":"4-0","odds":"34.00","header":"Home"},{"opp":"4-0","odds":"301.00","header":"Away"},{"opp":"4-1","odds":"41.00","header":"Home"},{"opp":"4-1","odds":"201.00","header":"Away"},{"opp":"4-2","odds":"81.00","header":"Home"},{"opp":"4-2","odds":"301.00","header":"Away"},{"opp":"4-3","odds":"351.00","header":"Home"},{"opp":"5-0","odds":"81.00","header":"Home"},{"opp":"5-1","odds":"101.00","header":"Home"},{"opp":"5-2","odds":"301.00","header":"Home"},{"opp":"6-0","odds":"251.00","header":"Home"}],"half_time_full_time":[{"opp":"Atletico Paranaense - Atletico Paranaense","odds":"2.88"},{"opp":"Atletico Paranaense - Draw","odds":"17.00"},{"opp":"Atletico Paranaense - Penarol","odds":"51.00"},{"opp":"Draw - Atletico Paranaense","odds":"4.00"},{"opp":"Draw - Draw","odds":"4.00"},{"opp":"Draw - Penarol","odds":"10.00"},{"opp":"Penarol - Atletico Paranaense","odds":"34.00"},{"opp":"Penarol - Draw","odds":"19.00"},{"opp":"Penarol - Penarol","odds":"9.50"}],"goals_over_under":[{"goals":"2.5","odds":"2.88","header":"Over"},{"goals":"2.5","odds":"1.40","header":"Under"}],"both_teams_to_score":[{"opp":"Yes","odds":"2.50"},{"opp":"No","odds":"1.50"}],"asian_handicap":[{"opp":"-0.5","odds":"1.825","header":"Home"},{"opp":"+0.5","odds":"2.025","header":"Away"}],"goal_line":[{"goals":"1.5, 2.0","odds":"1.825","header":"Over"},{"goals":"1.5, 2.0","odds":"2.025","header":"Under"}],"alternative_asian_handicap":[{"opp":"-2.0","odds":"7.000","header":"Home"},{"opp":"+2.0","odds":"1.100","header":"Away"},{"opp":"-1.5, -2.0","odds":"4.500","header":"Home"},{"opp":"+1.5, +2.0","odds":"1.190","header":"Away"},{"opp":"-1.5","odds":"3.450","header":"Home"},{"opp":"+1.5","odds":"1.300","header":"Away"},{"opp":"-1.0, -1.5","odds":"3.100","header":"Home"},{"opp":"+1.0, +1.5","odds":"1.350","header":"Away"},{"opp":"-1.0","odds":"2.600","header":"Home"},{"opp":"+1.0","odds":"1.475","header":"Away"},{"opp":"-0.5, -1.0","odds":"2.075","header":"Home"},{"opp":"+0.5, +1.0","odds":"1.725","header":"Away"},{"opp":"0.0, -0.5","odds":"1.525","header":"Home"},{"opp":"0.0, +0.5","odds":"2.425","header":"Away"},{"opp":"0.0","odds":"1.260","header":"Home"},{"opp":"0.0","odds":"3.700","header":"Away"},{"opp":"0.0, +0.5","odds":"1.200","header":"Home"},{"opp":"0.0, -0.5","odds":"4.400","header":"Away"},{"opp":"+0.5","odds":"1.160","header":"Home"},{"opp":"-0.5","odds":"5.250","header":"Away"}],"alternative_goal_line":[{"goals":"0.5, 1.0","odds":"1.175","header":"Over"},{"goals":"0.5, 1.0","odds":"4.800","header":"Under"},{"goals":"1.0","odds":"1.220","header":"Over"},{"goals":"1.0","odds":"4.150","header":"Under"},{"goals":"1.0, 1.5","odds":"1.425","header":"Over"},{"goals":"1.0, 1.5","odds":"2.750","header":"Under"},{"goals":"1.5","odds":"1.600","header":"Over"},{"goals":"1.5","odds":"2.300","header":"Under"},{"goals":"2.0","odds":"2.150","header":"Over"},{"goals":"2.0","odds":"1.675","header":"Under"},{"goals":"2.0, 2.5","odds":"2.500","header":"Over"},{"goals":"2.0, 2.5","odds":"1.500","header":"Under"},{"goals":"2.5","odds":"2.850","header":"Over"},{"goals":"2.5","odds":"1.400","header":"Under"},{"goals":"2.5, 3.0","odds":"3.550","header":"Over"},{"goals":"2.5, 3.0","odds":"1.275","header":"Under"},{"goals":"3.0","odds":"5.000","header":"Over"},{"goals":"3.0","odds":"1.170","header":"Under"},{"goals":"3.0, 3.5","odds":"5.500","header":"Over"},{"goals":"3.0, 3.5","odds":"1.150","header":"Under"},{"goals":"3.5","odds":"5.900","header":"Over"},{"goals":"3.5","odds":"1.130","header":"Under"}],"draw_no_bet":[{"opp":"Atletico Paranaense","odds":"1.25"},{"opp":"Penarol","odds":"3.75"}],"result_both_teams_to_score":[{"name":"Atletico Paranaense","odds":"6.00","header":"Yes"},{"name":"Atletico Paranaense","odds":"2.40","header":"No"},{"name":"Penarol","odds":"15.00","header":"Yes"},{"name":"Penarol","odds":"7.50","header":"No"},{"name":"Draw","odds":"5.50","header":"Yes"},{"name":"Draw","odds":"5.50","header":"No"}],"handicap_result":[{"opp":"Atletico Paranaense (-1)","odds":"3.40"},{"opp":"Tie - (Penarol +1)","odds":"3.25"},{"opp":"Penarol (+1)","odds":"2.05"}],"alternative_handicap_result":[{"opp":"-3.0","odds":"17.00","header":"Home"},{"opp":"+3.0","odds":"10.00","header":"Tie"},{"opp":"+3.0","odds":"1.06","header":"Away"},{"opp":"-2.0","odds":"8.00","header":"Home"},{"opp":"+2.0","odds":"5.00","header":"Tie"},{"opp":"+2.0","odds":"1.25","header":"Away"},{"opp":"+1.0","odds":"1.17","header":"Home"},{"opp":"-1.0","odds":"6.50","header":"Tie"},{"opp":"-1.0","odds":"13.00","header":"Away"},{"opp":"+2.0","odds":"1.03","header":"Home"},{"opp":"-2.0","odds":"15.00","header":"Tie"},{"opp":"-2.0","odds":"23.00","header":"Away"}],"winning_margin":[{"goals":" 1","odds":"3.25","header":"Home"},{"goals":" 1","odds":"6.50","header":"Away"},{"goals":" 2","odds":"5.00","header":"Home"},{"goals":" 2","odds":"15.00","header":"Away"},{"goals":" 3","odds":"10.00","header":"Home"},{"goals":" 3","odds":"67.00","header":"Away"},{"goals":" 4+","odds":"17.00","header":"Home"},{"goals":" 4+","odds":"251.00","header":"Away"},{"goals":"Score Draw","odds":"5.50","header":"Home"},{"goals":"No Goal","odds":"5.50","header":"Home"}]}},"schedule":{"updated_at":"1532570184","sp":{"main":[{"odds":"1.80"},{"odds":"3.00"},{"odds":"5.75"}]}},"specials":{"updated_at":"1532570541","sp":{"specials":[{"name":"To Win From Behind","odds":"8.00","header":"Home"},{"name":"To Win From Behind","odds":"19.00","header":"Away"},{"name":"To Win to Nil","odds":"2.40","header":"Home"},{"name":"To Win to Nil","odds":"7.50","header":"Away"},{"name":"To Win Either Half","odds":"1.50","header":"Home"},{"name":"To Win Either Half","odds":"3.00","header":"Away"},{"name":"To Win Both Halves","odds":"6.00","header":"Home"},{"name":"To Win Both Halves","odds":"34.00","header":"Away"},{"name":"To Score in Both Halves","odds":"3.75","header":"Home"},{"name":"To Score in Both Halves","odds":"11.00","header":"Away"}],"to_score_in_half":[{"name":"1st Half","odds":"2.10","header":"Yes"},{"name":"1st Half","odds":"1.67","header":"No"},{"name":"2nd Half","odds":"1.80","header":"Yes"},{"name":"2nd Half","odds":"1.91","header":"No"},{"name":"1st Half","odds":"3.75","header":"Yes"},{"name":"1st Half","odds":"1.25","header":"No"},{"name":"2nd Half","odds":"3.00","header":"Yes"},{"name":"2nd Half","odds":"1.36","header":"No"}]}}}]}}