{"odd":{"success":1,"results":[{"FI":"75228380","event_id":"846638","asian_lines":{"updated_at":"1532569870","sp":{"asian_handicap":[{"opp":"-1.0","odds":"1.875","header":"Home"},{"opp":"+1.0","odds":"1.975","header":"Away"}],"goal_line":[{"goals":"2.5, 3.0","odds":"1.850","header":"Over"},{"goals":"2.5, 3.0","odds":"2.000","header":"Under"}],"alternative_asian_handicap":[{"opp":"-2.5, -3.0","odds":"5.750","header":"Home"},{"opp":"+2.5, +3.0","odds":"1.140","header":"Away"},{"opp":"-2.5","odds":"4.250","header":"Home"},{"opp":"+2.5","odds":"1.210","header":"Away"},{"opp":"-2.0, -2.5","odds":"3.900","header":"Home"},{"opp":"+2.0, +2.5","odds":"1.240","header":"Away"},{"opp":"-2.0","odds":"3.550","header":"Home"},{"opp":"+2.0","odds":"1.275","header":"Away"},{"opp":"-1.5, -2.0","odds":"2.850","header":"Home"},{"opp":"+1.5, +2.0","odds":"1.400","header":"Away"},{"opp":"-1.5","odds":"2.375","header":"Home"},{"opp":"+1.5","odds":"1.550","header":"Away"},{"opp":"-1.0, -1.5","odds":"2.100","header":"Home"},{"opp":"+1.0, +1.5","odds":"1.700","header":"Away"},{"opp":"-0.5, -1.0","odds":"1.650","header":"Home"},{"opp":"+0.5, +1.0","odds":"2.200","header":"Away"},{"opp":"-0.5","odds":"1.500","header":"Home"},{"opp":"+0.5","odds":"2.500","header":"Away"},{"opp":"0.0, -0.5","odds":"1.350","header":"Home"},{"opp":"0.0, +0.5","odds":"3.100","header":"Away"},{"opp":"0.0","odds":"1.180","header":"Home"},{"opp":"0.0","odds":"4.650","header":"Away"},{"opp":"0.0, +0.5","odds":"1.150","header":"Home"},{"opp":"0.0, -0.5","odds":"5.500","header":"Away"},{"opp":"+0.5","odds":"1.130","header":"Home"},{"opp":"-0.5","odds":"5.900","header":"Away"}],"alternative_goal_line":[{"goals":"1.0, 1.5","odds":"1.125","header":"Over"},{"goals":"1.0, 1.5","odds":"6.000","header":"Under"},{"goals":"1.5","odds":"1.210","header":"Over"},{"goals":"1.5","odds":"4.250","header":"Under"},{"goals":"1.5, 2.0","odds":"1.250","header":"Over"},{"goals":"1.5, 2.0","odds":"3.800","header":"Under"},{"goals":"2.0","odds":"1.300","header":"Over"},{"goals":"2.0","odds":"3.450","header":"Under"},{"goals":"2.0, 2.5","odds":"1.475","header":"Over"},{"goals":"2.0, 2.5","odds":"2.600","header":"Under"},{"goals":"2.5","odds":"1.675","header":"Over"},{"goals":"2.5","odds":"2.150","header":"Under"},{"goals":"3.0","odds":"2.075","header":"Over"},{"goals":"3.0","odds":"1.725","header":"Under"},{"goals":"3.0, 3.5","odds":"2.350","header":"Over"},{"goals":"3.0, 3.5","odds":"1.575","header":"Under"},{"goals":"3.5","odds":"2.600","header":"Over"},{"goals":"3.5","odds":"1.475","header":"Under"},{"goals":"3.5, 4.0","odds":"3.100","header":"Over"},{"goals":"3.5, 4.0","odds":"1.350","header":"Under"},{"goals":"4.0","odds":"3.900","header":"Over"},{"goals":"4.0","odds":"1.240","header":"Under"},{"goals":"4.0, 4.5","odds":"4.250","header":"Over"},{"goals":"4.0, 4.5","odds":"1.210","header":"Under"},{"goals":"4.5","odds":"4.500","header":"Over"},{"goals":"4.5","odds":"1.190","header":"Under"},{"goals":"4.5, 5.0","odds":"5.900","header":"Over"},{"goals":"4.5, 5.0","odds":"1.130","header":"Under"}],"1st_half_asian_handicap":[{"opp":"-0.5","odds":"2.075","header":"Home"},{"opp":"+0.5","odds":"1.725","header":"Away"}],"1st_half_goal_line":[{"goals":"1.0, 1.5","odds":"2.050","header":"Over"},{"goals":"1.0, 1.5","odds":"1.750","header":"Under"}],"alternative_1st_half_asian_handicap":[{"opp":"-1.5, -2.0","odds":"7.000","header":"Home"},{"opp":"+1.5, +2.0","odds":"1.100","header":"Away"},{"opp":"-1.5","odds":"5.250","header":"Home"},{"opp":"+1.5","odds":"1.160","header":"Away"},{"opp":"-1.0, -1.5","odds":"4.400","header":"Home"},{"opp":"+1.0, +1.5","odds":"1.200","header":"Away"},{"opp":"-1.0","odds":"3.700","header":"Home"},{"opp":"+1.0","odds":"1.260","header":"Away"},{"opp":"-0.5, -1.0","odds":"2.500","header":"Home"},{"opp":"+0.5, +1.0","odds":"1.500","header":"Away"},{"opp":"0.0, -0.5","odds":"1.700","header":"Home"},{"opp":"0.0, +0.5","odds":"2.100","header":"Away"},{"opp":"0.0","odds":"1.300","header":"Home"},{"opp":"0.0","odds":"3.450","header":"Away"},{"opp":"0.0, +0.5","odds":"1.210","header":"Home"},{"opp":"0.0, -0.5","odds":"4.250","header":"Away"},{"opp":"+0.5","odds":"1.160","header":"Home"},{"opp":"-0.5","odds":"5.250","header":"Away"}],"alternative_1st_half_goal_line":[{"goals":"0.5, 1.0","odds":"1.425","header":"Over"},{"goals":"0.5, 1.0","odds":"2.750","header":"Under"},{"goals":"1.0","odds":"1.625","header":"Over"},{"goals":"1.0","odds":"2.250","header":"Under"},{"goals":"1.5","odds":"2.425","header":"Over"},{"goals":"1.5","odds":"1.525","header":"Under"},{"goals":"1.5, 2.0","odds":"3.000","header":"Over"},{"goals":"1.5, 2.0","odds":"1.375","header":"Under"},{"goals":"2.0","odds":"4.500","header":"Over"},{"goals":"2.0","odds":"1.190","header":"Under"},{"goals":"2.0, 2.5","odds":"5.250","header":"Over"},{"goals":"2.0, 2.5","odds":"1.160","header":"Under"},{"goals":"2.5","odds":"5.750","header":"Over"},{"goals":"2.5","odds":"1.140","header":"Under"}]}},"goals":{"updated_at":"1532569881","sp":{"goals_over_under":[{"goals":"2.5","odds":"1.65","header":"Over"},{"goals":"2.5","odds":"2.20","header":"Under"}],"alternative_total_goals":[{"goals":"0.5","odds":"1.01","header":"Over "},{"goals":"0.5","odds":"13.00","header":"Under"},{"goals":"1.5","odds":"1.20","header":"Over "},{"goals":"1.5","odds":"4.33","header":"Under"},{"goals":"3.5","odds":"2.62","header":"Over "},{"goals":"3.5","odds":"1.44","header":"Under"},{"goals":"4.5","odds":"4.50","header":"Over "},{"goals":"4.5","odds":"1.17","header":"Under"},{"goals":"5.5","odds":"8.00","header":"Over "},{"goals":"5.5","odds":"1.06","header":"Under"},{"goals":"6.5","odds":"11.00","header":"Over "},{"goals":"6.5","odds":"1.02","header":"Under"}],"result_total_goals":[{"opp":"FH Hafnarfjordur & Over 2.5","odds":"2.20"},{"opp":"FH Hafnarfjordur & Under 2.5","odds":"4.33"},{"opp":"Draw & Over 2.5","odds":"12.00"},{"opp":"Draw & Under  2.5","odds":"5.50"},{"opp":"Fjolnir & Over 2.5","odds":"10.00"},{"opp":"Fjolnir & Under 2.5","odds":"13.00"}],"total_goals_both_teams_to_score":[{"opp":"Over 2.5 & Yes","odds":"2.10"},{"opp":"Over 2.5 & No","odds":"6.00"},{"opp":"Under 2.5 & Yes","odds":"7.50"},{"opp":"Under 2.5 & No","odds":"2.75"}],"exact_total_goals":[{"opp":"0 Goals","odds":"13.00"},{"opp":"1 Goal","odds":"6.00"},{"opp":"2 Goals","odds":"4.00"},{"opp":"3 Goals","odds":"4.00"},{"opp":"4 Goals","odds":"5.00"},{"opp":"5 Goals","odds":"8.50"},{"opp":"6 Goals","odds":"17.00"},{"opp":"7+ Goals","odds":"11.00"}],"number_of_goals_in_match":[{"opp":"Under 2 goals","odds":"4.33"},{"opp":"2 or 3 goals","odds":"2.05"},{"opp":"Over 3 goals","odds":"2.62"}],"both_teams_to_score":[{"opp":"Yes","odds":"1.73"},{"opp":"No","odds":"2.00"}],"teams_to_score":[{"opp":"Both Teams","odds":"1.73"},{"opp":"FH Hafnarfjordur Only","odds":"2.60"},{"opp":"No Goal","odds":"13.00"},{"opp":"Fjolnir Only","odds":"12.00"}],"both_teams_to_score_in_1st_half":[{"opp":"Yes","odds":"4.33"},{"opp":"No","odds":"1.20"}],"both_teams_to_score_in_2nd_half":[{"opp":"Yes","odds":"3.40"},{"opp":"No","odds":"1.30"}],"both_teams_to_score_1st_half_2nd_half":[{"opp":"Yes \/ Yes","odds":"15.00"},{"opp":"Yes \/ No","odds":"6.00"},{"opp":"No \/ Yes","odds":"3.75"},{"opp":"No \/ No","odds":"1.62"}],"first_half_goals":[{"goals":"0.5","odds":"1.30","header":"Over"},{"goals":"0.5","odds":"3.40","header":"Under"},{"goals":"1.5","odds":"2.38","header":"Over"},{"goals":"1.5","odds":"1.53","header":"Under"},{"goals":"2.5","odds":"6.00","header":"Over"},{"goals":"2.5","odds":"1.12","header":"Under"},{"goals":"3.5","odds":"15.00","header":"Over"},{"goals":"3.5","odds":"1.03","header":"Under"}],"exact_1st_half_goals":[{"opp":"0 Goals","odds":"3.40"},{"opp":"1 Goal","odds":"2.62"},{"opp":"2 Goals","odds":"3.75"},{"opp":"3 Goals","odds":"8.50"},{"opp":"4 Goals","odds":"21.00"},{"opp":"5+ Goals","odds":"41.00"}],"first_team_to_score":[{"opp":"FH Hafnarfjordur","odds":"1.36"},{"opp":"No Goals","odds":"13.00"},{"opp":"Fjolnir","odds":"3.20"}],"2nd_half_goals":[{"goals":"0.5","odds":"1.18","header":"Over"},{"goals":"0.5","odds":"4.50","header":"Under"},{"goals":"1.5","odds":"1.83","header":"Over"},{"goals":"1.5","odds":"1.83","header":"Under"},{"goals":"2.5","odds":"3.75","header":"Over"},{"goals":"2.5","odds":"1.25","header":"Under"},{"goals":"3.5","odds":"9.00","header":"Over"},{"goals":"3.5","odds":"1.07","header":"Under"},{"goals":"4.5","odds":"21.00","header":"Over"},{"goals":"4.5","odds":"1.02","header":"Under"}],"exact_2nd_half_goals":[{"opp":"0 Goals","odds":"4.50"},{"opp":"1 Goal","odds":"3.00"},{"opp":"2 Goals","odds":"3.40"},{"opp":"3 Goals","odds":"6.00"},{"opp":"4 Goals","odds":"13.00"},{"opp":"5+ Goals","odds":"21.00"}],"half_with_most_goals":[{"opp":"1st Half","odds":"3.00"},{"opp":"2nd Half","odds":"2.00"},{"opp":"Tie","odds":"3.75"}],"home_team_highest_scoring_half":[{"opp":"FH Hafnarfjordur - 1st Half","odds":"3.20"},{"opp":"FH Hafnarfjordur - 2nd Half","odds":"2.20"},{"opp":"FH Hafnarfjordur - Tie","odds":"3.00"}],"away_team_highest_scoring_half":[{"opp":"Fjolnir - 1st Half","odds":"4.00"},{"opp":"Fjolnir - 2nd Half","odds":"3.00"},{"opp":"Fjolnir - Tie","odds":"1.91"}],"home_team_exact_goals":[{"opp":"FH Hafnarfjordur - 0 Goals","odds":"6.50"},{"opp":"FH Hafnarfjordur - 1 Goal","odds":"3.40"},{"opp":"FH Hafnarfjordur - 2 Goals","odds":"3.25"},{"opp":"FH Hafnarfjordur - 3+ Goals","odds":"2.62"}],"away_team_exact_goals":[{"opp":"Fjolnir - 0 Goals","odds":"2.25"},{"opp":"Fjolnir - 1 Goal","odds":"2.50"},{"opp":"Fjolnir - 2 Goals","odds":"5.00"},{"opp":"Fjolnir - 3+ Goals","odds":"8.50"}],"goals_odd_even":[{"opp":"Even","odds":"1.90"},{"opp":"Odd","odds":"1.95"}],"home_team_odd_even_goals":[{"opp":"FH Hafnarfjordur - Even","odds":"1.83"},{"opp":"FH Hafnarfjordur - Odd","odds":"1.83"}],"away_team_odd_even_goals":[{"opp":"Fjolnir - Even","odds":"1.62"},{"opp":"Fjolnir - Odd","odds":"2.20"}],"1st_half_goals_odd_even":[{"opp":"Odd","odds":"2.10"},{"opp":"Even","odds":"1.73"}],"last_team_to_score":[{"opp":"FH Hafnarfjordur","odds":"1.36"},{"opp":"No Goal","odds":"13.00"},{"opp":"Fjolnir","odds":"3.20"}]}},"half":{"updated_at":"1532569893","sp":{"half_time_result":[{"opp":"1","odds":"2.05"},{"opp":"X","odds":"2.38"},{"opp":"2","odds":"5.00"}],"half_time_double_chance":[{"opp":"1X","odds":"1.17"},{"opp":"X2","odds":"1.73"},{"opp":"12","odds":"1.53"}],"half_time_result_both_teams_to_score":[{"opp":"FH Hafnarfjordur & Yes","odds":"13.00"},{"opp":"FH Hafnarfjordur & No","odds":"2.38"},{"opp":"Draw & Yes","odds":"7.50"},{"opp":"Draw & No","odds":"3.25"},{"opp":"Fjolnir & Yes","odds":"29.00"},{"opp":"Fjolnir & No","odds":"6.00"}],"half_time_result_total_goals":[{"opp":"FH Hafnarfjordur & Over 1.5","odds":"4.00"},{"opp":"FH Hafnarfjordur & Under 1.5","odds":"3.60"},{"opp":"Draw & Over 1.5","odds":"8.00"},{"opp":"Draw & Under 1.5","odds":"3.40"},{"opp":"Fjolnir & Over 1.5","odds":"13.00"},{"opp":"Fjolnir & Under 1.5","odds":"7.50"}],"half_time_correct_score":[{"opp":"1-0","odds":"3.60","header":"Home"},{"opp":"0-0","odds":"3.40","header":"X"},{"opp":"1-0","odds":"7.50","header":"Away"},{"opp":"2-0","odds":"7.50","header":"Home"},{"opp":"1-1","odds":"8.00","header":"X"},{"opp":"2-0","odds":"29.00","header":"Away"},{"opp":"2-1","odds":"17.00","header":"Home"},{"opp":"2-2","odds":"51.00","header":"X"},{"opp":"2-1","odds":"34.00","header":"Away"},{"opp":"3-0","odds":"21.00","header":"Home"},{"opp":"3-0","odds":"81.00","header":"Away"},{"opp":"3-1","odds":"41.00","header":"Home"},{"opp":"3-1","odds":"101.00","header":"Away"},{"opp":"3-2","odds":"126.00","header":"Home"},{"opp":"4-0","odds":"51.00","header":"Home"},{"opp":"4-1","odds":"101.00","header":"Home"}],"both_teams_to_score_in_1st_half":[{"opp":"Yes","odds":"4.33"},{"opp":"No","odds":"1.20"}],"both_teams_to_score_in_2nd_half":[{"opp":"Yes","odds":"3.40"},{"opp":"No","odds":"1.30"}],"both_teams_to_score_1st_half_2nd_half":[{"opp":"Yes \/ Yes","odds":"15.00"},{"opp":"Yes \/ No","odds":"6.00"},{"opp":"No \/ Yes","odds":"3.75"},{"opp":"No \/ No","odds":"1.62"}],"1st_half_asian_handicap":[{"opp":"-0.5","odds":"2.075","header":"Home"},{"opp":"+0.5","odds":"1.725","header":"Away"}],"1st_half_goal_line":[{"goals":"1.0, 1.5","odds":"2.050","header":"Over"},{"goals":"1.0, 1.5","odds":"1.750","header":"Under"}],"alternative_1st_half_asian_handicap":[{"opp":"-1.5, -2.0","odds":"7.000","header":"Home"},{"opp":"+1.5, +2.0","odds":"1.100","header":"Away"},{"opp":"-1.5","odds":"5.250","header":"Home"},{"opp":"+1.5","odds":"1.160","header":"Away"},{"opp":"-1.0, -1.5","odds":"4.400","header":"Home"},{"opp":"+1.0, +1.5","odds":"1.200","header":"Away"},{"opp":"-1.0","odds":"3.700","header":"Home"},{"opp":"+1.0","odds":"1.260","header":"Away"},{"opp":"-0.5, -1.0","odds":"2.500","header":"Home"},{"opp":"+0.5, +1.0","odds":"1.500","header":"Away"},{"opp":"0.0, -0.5","odds":"1.700","header":"Home"},{"opp":"0.0, +0.5","odds":"2.100","header":"Away"},{"opp":"0.0","odds":"1.300","header":"Home"},{"opp":"0.0","odds":"3.450","header":"Away"},{"opp":"0.0, +0.5","odds":"1.210","header":"Home"},{"opp":"0.0, -0.5","odds":"4.250","header":"Away"},{"opp":"+0.5","odds":"1.160","header":"Home"},{"opp":"-0.5","odds":"5.250","header":"Away"}],"alternative_1st_half_goal_line":[{"goals":"0.5, 1.0","odds":"1.425","header":"Over"},{"goals":"0.5, 1.0","odds":"2.750","header":"Under"},{"goals":"1.0","odds":"1.625","header":"Over"},{"goals":"1.0","odds":"2.250","header":"Under"},{"goals":"1.5","odds":"2.425","header":"Over"},{"goals":"1.5","odds":"1.525","header":"Under"},{"goals":"1.5, 2.0","odds":"3.000","header":"Over"},{"goals":"1.5, 2.0","odds":"1.375","header":"Under"},{"goals":"2.0","odds":"4.500","header":"Over"},{"goals":"2.0","odds":"1.190","header":"Under"},{"goals":"2.0, 2.5","odds":"5.250","header":"Over"},{"goals":"2.0, 2.5","odds":"1.160","header":"Under"},{"goals":"2.5","odds":"5.750","header":"Over"},{"goals":"2.5","odds":"1.140","header":"Under"}],"1st_half_handicap":[{"opp":"FH Hafnarfjordur  -1.0","odds":"5.00"},{"opp":"Tie - Fjolnir +1.0","odds":"3.10"},{"opp":"Fjolnir  +1.0","odds":"1.73"}],"alternative_1st_half_handicap_result":[{"opp":"-2.0","odds":"13.00","header":"Home"},{"opp":"+2.0","odds":"6.50","header":"Tie"},{"opp":"+2.0","odds":"1.12","header":"Away"},{"opp":"+1.0","odds":"1.17","header":"Home"},{"opp":"-1.0","odds":"6.00","header":"Tie"},{"opp":"-1.0","odds":"19.00","header":"Away"}],"first_half_goals":[{"goals":"0.5","odds":"1.30","header":"Over"},{"goals":"0.5","odds":"3.40","header":"Under"},{"goals":"1.5","odds":"2.38","header":"Over"},{"goals":"1.5","odds":"1.53","header":"Under"},{"goals":"2.5","odds":"6.00","header":"Over"},{"goals":"2.5","odds":"1.12","header":"Under"},{"goals":"3.5","odds":"15.00","header":"Over"},{"goals":"3.5","odds":"1.03","header":"Under"}],"exact_1st_half_goals":[{"opp":"0 Goals","odds":"3.40"},{"opp":"1 Goal","odds":"2.62"},{"opp":"2 Goals","odds":"3.75"},{"opp":"3 Goals","odds":"8.50"},{"opp":"4 Goals","odds":"21.00"},{"opp":"5+ Goals","odds":"41.00"}],"1st_half_goals_odd_even":[{"opp":"Odd","odds":"2.10"},{"opp":"Even","odds":"1.73"}],"to_score_in_half":[{"name":"1st Half","odds":"1.62","header":"Yes"},{"name":"1st Half","odds":"2.20","header":"No"},{"name":"2nd Half","odds":"1.40","header":"Yes"},{"name":"2nd Half","odds":"2.75","header":"No"},{"name":"1st Half","odds":"2.62","header":"Yes"},{"name":"1st Half","odds":"1.44","header":"No"},{"name":"2nd Half","odds":"2.25","header":"Yes"},{"name":"2nd Half","odds":"1.57","header":"No"}],"half_with_most_goals":[{"opp":"1st Half","odds":"3.00"},{"opp":"2nd Half","odds":"2.00"},{"opp":"Tie","odds":"3.75"}],"home_team_highest_scoring_half":[{"opp":"FH Hafnarfjordur - 1st Half","odds":"3.20"},{"opp":"FH Hafnarfjordur - 2nd Half","odds":"2.20"},{"opp":"FH Hafnarfjordur - Tie","odds":"3.00"}],"away_team_highest_scoring_half":[{"opp":"Fjolnir - 1st Half","odds":"4.00"},{"opp":"Fjolnir - 2nd Half","odds":"3.00"},{"opp":"Fjolnir - Tie","odds":"1.91"}],"2nd_half_result":[{"opp":"1","odds":"1.80"},{"opp":"X","odds":"2.75"},{"opp":"2","odds":"5.00"}],"2nd_half_goals":[{"goals":"0.5","odds":"1.18","header":"Over"},{"goals":"0.5","odds":"4.50","header":"Under"},{"goals":"1.5","odds":"1.83","header":"Over"},{"goals":"1.5","odds":"1.83","header":"Under"},{"goals":"2.5","odds":"3.75","header":"Over"},{"goals":"2.5","odds":"1.25","header":"Under"},{"goals":"3.5","odds":"9.00","header":"Over"},{"goals":"3.5","odds":"1.07","header":"Under"},{"goals":"4.5","odds":"21.00","header":"Over"},{"goals":"4.5","odds":"1.02","header":"Under"}],"exact_2nd_half_goals":[{"opp":"0 Goals","odds":"4.50"},{"opp":"1 Goal","odds":"3.00"},{"opp":"2 Goals","odds":"3.40"},{"opp":"3 Goals","odds":"6.00"},{"opp":"4 Goals","odds":"13.00"},{"opp":"5+ Goals","odds":"21.00"}],"2nd_half_goals_odd_even":[{"opp":"Even","odds":"1.80"},{"opp":"Odd","odds":"1.91"}]}},"main":{"updated_at":"1532569701","sp":{"full_time_result":[{"opp":"1","odds":"1.50"},{"opp":"X","odds":"4.00"},{"opp":"2","odds":"7.00"}],"double_chance":[{"opp":"1X","odds":"1.08"},{"opp":"X2","odds":"2.50"},{"opp":"12","odds":"1.22"}],"correct_score":[{"opp":"1-0","odds":"7.50","header":"Home"},{"opp":"0-0","odds":"13.00","header":"X"},{"opp":"1-0","odds":"19.00","header":"Away"},{"opp":"2-0","odds":"8.00","header":"Home"},{"opp":"1-1","odds":"7.50","header":"X"},{"opp":"2-0","odds":"34.00","header":"Away"},{"opp":"2-1","odds":"8.00","header":"Home"},{"opp":"2-2","odds":"15.00","header":"X"},{"opp":"2-1","odds":"21.00","header":"Away"},{"opp":"3-0","odds":"11.00","header":"Home"},{"opp":"3-3","odds":"41.00","header":"X"},{"opp":"3-0","odds":"67.00","header":"Away"},{"opp":"3-1","odds":"12.00","header":"Home"},{"opp":"3-1","odds":"41.00","header":"Away"},{"opp":"3-2","odds":"23.00","header":"Home"},{"opp":"3-2","odds":"41.00","header":"Away"},{"opp":"4-0","odds":"21.00","header":"Home"},{"opp":"4-1","odds":"101.00","header":"Away"},{"opp":"4-1","odds":"21.00","header":"Home"},{"opp":"4-2","odds":"101.00","header":"Away"},{"opp":"4-2","odds":"41.00","header":"Home"},{"opp":"4-3","odds":"151.00","header":"Away"},{"opp":"4-3","odds":"81.00","header":"Home"},{"opp":"5-0","odds":"41.00","header":"Home"},{"opp":"5-1","odds":"41.00","header":"Home"},{"opp":"5-2","odds":"67.00","header":"Home"},{"opp":"5-3","odds":"151.00","header":"Home"},{"opp":"6-0","odds":"67.00","header":"Home"},{"opp":"6-1","odds":"81.00","header":"Home"},{"opp":"6-2","odds":"151.00","header":"Home"},{"opp":"7-0","odds":"151.00","header":"Home"}],"half_time_full_time":[{"opp":"FH Hafnarfjordur - FH Hafnarfjordur","odds":"2.30"},{"opp":"FH Hafnarfjordur - Draw","odds":"15.00"},{"opp":"FH Hafnarfjordur - Fjolnir","odds":"41.00"},{"opp":"Draw - FH Hafnarfjordur","odds":"4.33"},{"opp":"Draw - Draw","odds":"6.50"},{"opp":"Draw - Fjolnir","odds":"12.00"},{"opp":"Fjolnir - FH Hafnarfjordur","odds":"21.00"},{"opp":"Fjolnir - Draw","odds":"17.00"},{"opp":"Fjolnir - Fjolnir","odds":"9.00"}],"goals_over_under":[{"goals":"2.5","odds":"1.65","header":"Over"},{"goals":"2.5","odds":"2.20","header":"Under"}],"both_teams_to_score":[{"opp":"Yes","odds":"1.73"},{"opp":"No","odds":"2.00"}],"asian_handicap":[{"opp":"-1.0","odds":"1.875","header":"Home"},{"opp":"+1.0","odds":"1.975","header":"Away"}],"goal_line":[{"goals":"2.5, 3.0","odds":"1.850","header":"Over"},{"goals":"2.5, 3.0","odds":"2.000","header":"Under"}],"alternative_asian_handicap":[{"opp":"-2.5, -3.0","odds":"5.750","header":"Home"},{"opp":"+2.5, +3.0","odds":"1.140","header":"Away"},{"opp":"-2.5","odds":"4.250","header":"Home"},{"opp":"+2.5","odds":"1.210","header":"Away"},{"opp":"-2.0, -2.5","odds":"3.900","header":"Home"},{"opp":"+2.0, +2.5","odds":"1.240","header":"Away"},{"opp":"-2.0","odds":"3.550","header":"Home"},{"opp":"+2.0","odds":"1.275","header":"Away"},{"opp":"-1.5, -2.0","odds":"2.850","header":"Home"},{"opp":"+1.5, +2.0","odds":"1.400","header":"Away"},{"opp":"-1.5","odds":"2.375","header":"Home"},{"opp":"+1.5","odds":"1.550","header":"Away"},{"opp":"-1.0, -1.5","odds":"2.100","header":"Home"},{"opp":"+1.0, +1.5","odds":"1.700","header":"Away"},{"opp":"-0.5, -1.0","odds":"1.650","header":"Home"},{"opp":"+0.5, +1.0","odds":"2.200","header":"Away"},{"opp":"-0.5","odds":"1.500","header":"Home"},{"opp":"+0.5","odds":"2.500","header":"Away"},{"opp":"0.0, -0.5","odds":"1.350","header":"Home"},{"opp":"0.0, +0.5","odds":"3.100","header":"Away"},{"opp":"0.0","odds":"1.180","header":"Home"},{"opp":"0.0","odds":"4.650","header":"Away"},{"opp":"0.0, +0.5","odds":"1.150","header":"Home"},{"opp":"0.0, -0.5","odds":"5.500","header":"Away"},{"opp":"+0.5","odds":"1.130","header":"Home"},{"opp":"-0.5","odds":"5.900","header":"Away"}],"alternative_goal_line":[{"goals":"1.0, 1.5","odds":"1.125","header":"Over"},{"goals":"1.0, 1.5","odds":"6.000","header":"Under"},{"goals":"1.5","odds":"1.210","header":"Over"},{"goals":"1.5","odds":"4.250","header":"Under"},{"goals":"1.5, 2.0","odds":"1.250","header":"Over"},{"goals":"1.5, 2.0","odds":"3.800","header":"Under"},{"goals":"2.0","odds":"1.300","header":"Over"},{"goals":"2.0","odds":"3.450","header":"Under"},{"goals":"2.0, 2.5","odds":"1.475","header":"Over"},{"goals":"2.0, 2.5","odds":"2.600","header":"Under"},{"goals":"2.5","odds":"1.675","header":"Over"},{"goals":"2.5","odds":"2.150","header":"Under"},{"goals":"3.0","odds":"2.075","header":"Over"},{"goals":"3.0","odds":"1.725","header":"Under"},{"goals":"3.0, 3.5","odds":"2.350","header":"Over"},{"goals":"3.0, 3.5","odds":"1.575","header":"Under"},{"goals":"3.5","odds":"2.600","header":"Over"},{"goals":"3.5","odds":"1.475","header":"Under"},{"goals":"3.5, 4.0","odds":"3.100","header":"Over"},{"goals":"3.5, 4.0","odds":"1.350","header":"Under"},{"goals":"4.0","odds":"3.900","header":"Over"},{"goals":"4.0","odds":"1.240","header":"Under"},{"goals":"4.0, 4.5","odds":"4.250","header":"Over"},{"goals":"4.0, 4.5","odds":"1.210","header":"Under"},{"goals":"4.5","odds":"4.500","header":"Over"},{"goals":"4.5","odds":"1.190","header":"Under"},{"goals":"4.5, 5.0","odds":"5.900","header":"Over"},{"goals":"4.5, 5.0","odds":"1.130","header":"Under"}],"draw_no_bet":[{"opp":"FH Hafnarfjordur","odds":"1.17"},{"opp":"Fjolnir","odds":"4.50"}],"result_both_teams_to_score":[{"name":"FH Hafnarfjordur","odds":"3.10","header":"Yes"},{"name":"FH Hafnarfjordur","odds":"2.62","header":"No"},{"name":"Fjolnir","odds":"11.00","header":"Yes"},{"name":"Fjolnir","odds":"12.00","header":"No"},{"name":"Draw","odds":"5.00","header":"Yes"},{"name":"Draw","odds":"13.00","header":"No"}],"handicap_result":[{"opp":"FH Hafnarfjordur (-1)","odds":"2.38"},{"opp":"Tie - (Fjolnir +1)","odds":"3.60"},{"opp":"Fjolnir (+1)","odds":"2.50"}],"alternative_handicap_result":[{"opp":"-3.0","odds":"8.50","header":"Home"},{"opp":"+3.0","odds":"7.00","header":"Tie"},{"opp":"+3.0","odds":"1.18","header":"Away"},{"opp":"-2.0","odds":"4.33","header":"Home"},{"opp":"+2.0","odds":"4.50","header":"Tie"},{"opp":"+2.0","odds":"1.53","header":"Away"},{"opp":"+1.0","odds":"1.08","header":"Home"},{"opp":"-1.0","odds":"8.00","header":"Tie"},{"opp":"-1.0","odds":"13.00","header":"Away"},{"opp":"+2.0","odds":"1.03","header":"Home"},{"opp":"-2.0","odds":"15.00","header":"Tie"},{"opp":"-2.0","odds":"19.00","header":"Away"}],"winning_margin":[{"goals":" 1","odds":"3.60","header":"Home"},{"goals":" 1","odds":"8.00","header":"Away"},{"goals":" 2","odds":"4.50","header":"Home"},{"goals":" 2","odds":"15.00","header":"Away"},{"goals":" 3","odds":"7.00","header":"Home"},{"goals":" 3","odds":"51.00","header":"Away"},{"goals":" 4+","odds":"8.50","header":"Home"},{"goals":" 4+","odds":"126.00","header":"Away"},{"goals":"Score Draw","odds":"5.00","header":"Home"},{"goals":"No Goal","odds":"13.00","header":"Home"}]}},"schedule":{"updated_at":"1532569771","sp":{"main":[{"odds":"1.50"},{"odds":"4.00"},{"odds":"7.00"}]}},"specials":{"updated_at":"1532569910","sp":{"specials":[{"name":"To Win From Behind","odds":"8.00","header":"Home"},{"name":"To Win From Behind","odds":"21.00","header":"Away"},{"name":"To Win to Nil","odds":"2.62","header":"Home"},{"name":"To Win to Nil","odds":"12.00","header":"Away"},{"name":"To Win Either Half","odds":"1.29","header":"Home"},{"name":"To Win Either Half","odds":"3.00","header":"Away"},{"name":"To Win Both Halves","odds":"3.75","header":"Home"},{"name":"To Win Both Halves","odds":"29.00","header":"Away"},{"name":"To Score in Both Halves","odds":"2.25","header":"Home"},{"name":"To Score in Both Halves","odds":"6.50","header":"Away"}],"to_score_in_half":[{"name":"1st Half","odds":"1.62","header":"Yes"},{"name":"1st Half","odds":"2.20","header":"No"},{"name":"2nd Half","odds":"1.40","header":"Yes"},{"name":"2nd Half","odds":"2.75","header":"No"},{"name":"1st Half","odds":"2.62","header":"Yes"},{"name":"1st Half","odds":"1.44","header":"No"},{"name":"2nd Half","odds":"2.25","header":"Yes"},{"name":"2nd Half","odds":"1.57","header":"No"}]}}}]}}