{"odd":{"success":1,"results":[{"FI":"75227028","event_id":"801300","asian_lines":{"updated_at":"1532571169","sp":{"asian_handicap":[{"opp":"-2.0","odds":"2.050","header":"Home"},{"opp":"+2.0","odds":"1.750","header":"Away"}],"goal_line":[{"goals":"3.0","odds":"2.050","header":"Over"},{"goals":"3.0","odds":"1.750","header":"Under"}],"alternative_asian_handicap":[{"opp":"-3.5, -4.0","odds":"5.900","header":"Home"},{"opp":"+3.5, +4.0","odds":"1.130","header":"Away"},{"opp":"-3.5","odds":"4.500","header":"Home"},{"opp":"+3.5","odds":"1.190","header":"Away"},{"opp":"-3.0, -3.5","odds":"4.150","header":"Home"},{"opp":"+3.0, +3.5","odds":"1.220","header":"Away"},{"opp":"-3.0","odds":"3.800","header":"Home"},{"opp":"+3.0","odds":"1.250","header":"Away"},{"opp":"-2.5, -3.0","odds":"3.000","header":"Home"},{"opp":"+2.5, +3.0","odds":"1.375","header":"Away"},{"opp":"-2.5","odds":"2.500","header":"Home"},{"opp":"+2.5","odds":"1.500","header":"Away"},{"opp":"-2.0, -2.5","odds":"2.300","header":"Home"},{"opp":"+2.0, +2.5","odds":"1.600","header":"Away"},{"opp":"-1.5, -2.0","odds":"1.800","header":"Home"},{"opp":"+1.5, +2.0","odds":"2.000","header":"Away"},{"opp":"-1.5","odds":"1.650","header":"Home"},{"opp":"+1.5","odds":"2.200","header":"Away"},{"opp":"-1.0, -1.5","odds":"1.425","header":"Home"},{"opp":"+1.0, +1.5","odds":"2.750","header":"Away"},{"opp":"-1.0","odds":"1.225","header":"Home"},{"opp":"+1.0","odds":"4.100","header":"Away"},{"opp":"-0.5, -1.0","odds":"1.175","header":"Home"},{"opp":"+0.5, +1.0","odds":"4.800","header":"Away"},{"opp":"-0.5","odds":"1.150","header":"Home"},{"opp":"+0.5","odds":"5.500","header":"Away"}],"alternative_goal_line":[{"goals":"1.0, 1.5","odds":"1.125","header":"Over"},{"goals":"1.0, 1.5","odds":"6.000","header":"Under"},{"goals":"1.5","odds":"1.225","header":"Over"},{"goals":"1.5","odds":"4.100","header":"Under"},{"goals":"1.5, 2.0","odds":"1.260","header":"Over"},{"goals":"1.5, 2.0","odds":"3.700","header":"Under"},{"goals":"2.0","odds":"1.300","header":"Over"},{"goals":"2.0","odds":"3.450","header":"Under"},{"goals":"2.0, 2.5","odds":"1.475","header":"Over"},{"goals":"2.0, 2.5","odds":"2.600","header":"Under"},{"goals":"2.5","odds":"1.625","header":"Over"},{"goals":"2.5","odds":"2.250","header":"Under"},{"goals":"2.5, 3.0","odds":"1.775","header":"Over"},{"goals":"2.5, 3.0","odds":"2.025","header":"Under"},{"goals":"3.0, 3.5","odds":"2.350","header":"Over"},{"goals":"3.0, 3.5","odds":"1.575","header":"Under"},{"goals":"3.5","odds":"2.600","header":"Over"},{"goals":"3.5","odds":"1.475","header":"Under"},{"goals":"3.5, 4.0","odds":"3.100","header":"Over"},{"goals":"3.5, 4.0","odds":"1.350","header":"Under"},{"goals":"4.0","odds":"3.900","header":"Over"},{"goals":"4.0","odds":"1.240","header":"Under"},{"goals":"4.0, 4.5","odds":"4.150","header":"Over"},{"goals":"4.0, 4.5","odds":"1.220","header":"Under"},{"goals":"4.5","odds":"4.500","header":"Over"},{"goals":"4.5","odds":"1.190","header":"Under"},{"goals":"4.5, 5.0","odds":"5.900","header":"Over"},{"goals":"4.5, 5.0","odds":"1.130","header":"Under"}],"1st_half_asian_handicap":[{"opp":"-0.5, -1.0","odds":"1.775","header":"Home"},{"opp":"+0.5, +1.0","odds":"2.025","header":"Away"}],"1st_half_goal_line":[{"goals":"1.0, 1.5","odds":"2.000","header":"Over"},{"goals":"1.0, 1.5","odds":"1.800","header":"Under"}],"alternative_1st_half_asian_handicap":[{"opp":"-1.5, -2.0","odds":"4.250","header":"Home"},{"opp":"+1.5, +2.0","odds":"1.210","header":"Away"},{"opp":"-1.5","odds":"3.300","header":"Home"},{"opp":"+1.5","odds":"1.325","header":"Away"},{"opp":"-1.0, -1.5","odds":"2.750","header":"Home"},{"opp":"+1.0, +1.5","odds":"1.425","header":"Away"},{"opp":"-1.0","odds":"2.250","header":"Home"},{"opp":"+1.0","odds":"1.625","header":"Away"},{"opp":"-0.5","odds":"1.550","header":"Home"},{"opp":"+0.5","odds":"2.375","header":"Away"},{"opp":"0.0, -0.5","odds":"1.325","header":"Home"},{"opp":"0.0, +0.5","odds":"3.300","header":"Away"}],"alternative_1st_half_goal_line":[{"goals":"0.5, 1.0","odds":"1.400","header":"Over"},{"goals":"0.5, 1.0","odds":"2.850","header":"Under"},{"goals":"1.0","odds":"1.575","header":"Over"},{"goals":"1.0","odds":"2.350","header":"Under"},{"goals":"1.5","odds":"2.375","header":"Over"},{"goals":"1.5","odds":"1.550","header":"Under"},{"goals":"1.5, 2.0","odds":"3.000","header":"Over"},{"goals":"1.5, 2.0","odds":"1.375","header":"Under"},{"goals":"2.0","odds":"4.250","header":"Over"},{"goals":"2.0","odds":"1.210","header":"Under"},{"goals":"2.0, 2.5","odds":"5.000","header":"Over"},{"goals":"2.0, 2.5","odds":"1.170","header":"Under"},{"goals":"2.5","odds":"5.750","header":"Over"},{"goals":"2.5","odds":"1.140","header":"Under"}],"asian_total_corners":[{"goals":"10.5","odds":"1.950","header":"Over"},{"goals":"10.5","odds":"1.850","header":"Under"}],"1st_half_asian_corners":[{"goals":"5.0","odds":"2.000","header":"Over"},{"goals":"5.0","odds":"1.800","header":"Under"}]}},"corners":{"updated_at":"1532569521","sp":{"corners":[{"opp":"Over 10","odds":"1.83"},{"opp":"Exactly 10","odds":"7.50"},{"opp":"Under 10","odds":"2.30"}],"total_corners":[{"opp":"Under 6","odds":"13.00"},{"opp":"6 - 8","odds":"3.75"},{"opp":"9 - 11","odds":"2.62"},{"opp":"12 - 14","odds":"3.60"},{"opp":"Over 14","odds":"6.50"}],"alternative_corners":[{"goals":"4","odds":"1.02","header":"Over"},{"goals":"4","odds":"26.00","header":"Exactly"},{"goals":"4","odds":"34.00","header":"Under"},{"goals":"5","odds":"1.04","header":"Over"},{"goals":"5","odds":"17.00","header":"Exactly"},{"goals":"5","odds":"21.00","header":"Under"},{"goals":"6","odds":"1.08","header":"Over"},{"goals":"6","odds":"13.00","header":"Exactly"},{"goals":"6","odds":"13.00","header":"Under"},{"goals":"7","odds":"1.18","header":"Over"},{"goals":"7","odds":"10.00","header":"Exactly"},{"goals":"7","odds":"7.50","header":"Under"},{"goals":"8","odds":"1.33","header":"Over"},{"goals":"8","odds":"8.50","header":"Exactly"},{"goals":"8","odds":"4.50","header":"Under"},{"goals":"9","odds":"1.57","header":"Over"},{"goals":"9","odds":"8.00","header":"Exactly"},{"goals":"9","odds":"3.10","header":"Under"},{"goals":"11","odds":"2.50","header":"Over"},{"goals":"11","odds":"8.00","header":"Exactly"},{"goals":"11","odds":"1.83","header":"Under"},{"goals":"12","odds":"3.25","header":"Over"},{"goals":"12","odds":"9.00","header":"Exactly"},{"goals":"12","odds":"1.50","header":"Under"},{"goals":"13","odds":"4.50","header":"Over"},{"goals":"13","odds":"10.00","header":"Exactly"},{"goals":"13","odds":"1.30","header":"Under"},{"goals":"14","odds":"6.50","header":"Over"},{"goals":"14","odds":"12.00","header":"Exactly"},{"goals":"14","odds":"1.18","header":"Under"},{"goals":"15","odds":"9.50","header":"Over"},{"goals":"15","odds":"15.00","header":"Exactly"},{"goals":"15","odds":"1.10","header":"Under"},{"goals":"16","odds":"13.00","header":"Over"},{"goals":"16","odds":"19.00","header":"Exactly"},{"goals":"16","odds":"1.06","header":"Under"},{"goals":"17","odds":"19.00","header":"Over"},{"goals":"17","odds":"23.00","header":"Exactly"},{"goals":"17","odds":"1.03","header":"Under"},{"goals":"18","odds":"26.00","header":"Over"},{"goals":"18","odds":"29.00","header":"Exactly"},{"goals":"18","odds":"1.02","header":"Under"},{"goals":"19","odds":"34.00","header":"Over"},{"goals":"19","odds":"41.00","header":"Exactly"},{"goals":"19","odds":"1.01","header":"Under"}],"corners_2_way":[{"opp":"Over 10.5","odds":"1.83"},{"opp":"Under 10.5","odds":"1.83"}],"first_half_corners":[{"opp":"5","odds":"2.38","header":"Over"},{"opp":"5","odds":"5.50","header":"Exactly"},{"opp":"5","odds":"2.10","header":"Under"}],"asian_total_corners":[{"goals":"10.5","odds":"1.950","header":"Over"},{"goals":"10.5","odds":"1.850","header":"Under"}],"1st_half_asian_corners":[{"goals":"5.0","odds":"2.000","header":"Over"},{"goals":"5.0","odds":"1.800","header":"Under"}]}},"goals":{"updated_at":"1532571186","sp":{"goals_over_under":[{"goals":"2.5","odds":"1.65","header":"Over"},{"goals":"2.5","odds":"2.20","header":"Under"}],"alternative_total_goals":[{"goals":"0.5","odds":"1.03","header":"Over "},{"goals":"0.5","odds":"15.00","header":"Under"},{"goals":"1.5","odds":"1.22","header":"Over "},{"goals":"1.5","odds":"4.00","header":"Under"},{"goals":"3.5","odds":"2.62","header":"Over "},{"goals":"3.5","odds":"1.44","header":"Under"},{"goals":"4.5","odds":"4.33","header":"Over "},{"goals":"4.5","odds":"1.20","header":"Under"},{"goals":"5.5","odds":"10.00","header":"Over "},{"goals":"5.5","odds":"1.06","header":"Under"},{"goals":"6.5","odds":"19.00","header":"Over "},{"goals":"6.5","odds":"1.02","header":"Under"}],"result_total_goals":[{"opp":"Slavia Prague & Over 2.5","odds":"1.67"},{"opp":"Slavia Prague & Under 2.5","odds":"3.00"},{"opp":"Draw & Over 2.5","odds":"34.00"},{"opp":"Draw & Under  2.5","odds":"8.50"},{"opp":"MFK Karvina & Over 2.5","odds":"29.00"},{"opp":"MFK Karvina & Under 2.5","odds":"26.00"}],"total_goals_both_teams_to_score":[{"opp":"Over 2.5 & Yes","odds":"2.75"},{"opp":"Over 2.5 & No","odds":"3.25"},{"opp":"Under 2.5 & Yes","odds":"15.00"},{"opp":"Under 2.5 & No","odds":"2.50"}],"exact_total_goals":[{"opp":"0 Goals","odds":"15.00"},{"opp":"1 Goal","odds":"5.00"},{"opp":"2 Goals","odds":"4.50"},{"opp":"3 Goals","odds":"3.75"},{"opp":"4 Goals","odds":"5.50"},{"opp":"5 Goals","odds":"8.00"},{"opp":"6 Goals","odds":"15.00"},{"opp":"7+ Goals","odds":"19.00"}],"number_of_goals_in_match":[{"opp":"Under 2 goals","odds":"4.00"},{"opp":"2 or 3 goals","odds":"2.10"},{"opp":"Over 3 goals","odds":"2.62"}],"both_teams_to_score":[{"opp":"Yes","odds":"2.38"},{"opp":"No","odds":"1.53"}],"teams_to_score":[{"opp":"Both Teams","odds":"2.38"},{"opp":"Slavia Prague Only","odds":"1.67"},{"opp":"No Goal","odds":"15.00"},{"opp":"MFK Karvina Only","odds":"26.00"}],"both_teams_to_score_in_1st_half":[{"opp":"Yes","odds":"6.50"},{"opp":"No","odds":"1.11"}],"both_teams_to_score_in_2nd_half":[{"opp":"Yes","odds":"4.50"},{"opp":"No","odds":"1.18"}],"both_teams_to_score_1st_half_2nd_half":[{"opp":"Yes \/ Yes","odds":"26.00"},{"opp":"Yes \/ No","odds":"7.00"},{"opp":"No \/ Yes","odds":"4.75"},{"opp":"No \/ No","odds":"1.36"}],"first_half_goals":[{"goals":"0.5","odds":"1.29","header":"Over"},{"goals":"0.5","odds":"3.50","header":"Under"},{"goals":"1.5","odds":"2.25","header":"Over"},{"goals":"1.5","odds":"1.57","header":"Under"},{"goals":"2.5","odds":"5.50","header":"Over"},{"goals":"2.5","odds":"1.14","header":"Under"},{"goals":"3.5","odds":"15.00","header":"Over"},{"goals":"3.5","odds":"1.03","header":"Under"}],"exact_1st_half_goals":[{"opp":"0 Goals","odds":"3.50"},{"opp":"1 Goal","odds":"2.60"},{"opp":"2 Goals","odds":"3.75"},{"opp":"3 Goals","odds":"7.50"},{"opp":"4 Goals","odds":"21.00"},{"opp":"5+ Goals","odds":"41.00"}],"total_goal_minutes":[{"opp":"Over 160 minutes","odds":"2.20"},{"opp":"140 To 160 minutes inc.","odds":"8.50"},{"opp":"Under 140 minutes","odds":"1.83"}],"first_team_to_score":[{"opp":"Slavia Prague","odds":"1.12"},{"opp":"No Goals","odds":"15.00"},{"opp":"MFK Karvina","odds":"6.00"}],"early_goal":[{"opp":"Goal before 25:00","odds":"1.83"},{"opp":"No Goal before 25:00","odds":"1.83"}],"late_goal":[{"opp":"Goal after 74:59","odds":"1.83"},{"opp":"No Goal after 74:59","odds":"1.83"}],"time_of_first_goal_brackets":[{"opp":"1-10","odds":"3.75"},{"opp":"11-20","odds":"4.50"},{"opp":"21-30","odds":"5.50"},{"opp":"31-40","odds":"7.00"},{"opp":"41-50","odds":"8.00"},{"opp":"51-60","odds":"13.00"},{"opp":"61-70","odds":"19.00"},{"opp":"71-80","odds":"21.00"},{"opp":"81 - Full Time","odds":"23.00"},{"opp":"No Goal","odds":"15.00"}],"2nd_half_goals":[{"goals":"0.5","odds":"1.14","header":"Over"},{"goals":"0.5","odds":"5.50","header":"Under"},{"goals":"1.5","odds":"1.83","header":"Over"},{"goals":"1.5","odds":"1.83","header":"Under"},{"goals":"2.5","odds":"3.50","header":"Over"},{"goals":"2.5","odds":"1.29","header":"Under"},{"goals":"3.5","odds":"9.00","header":"Over"},{"goals":"3.5","odds":"1.07","header":"Under"},{"goals":"4.5","odds":"21.00","header":"Over"},{"goals":"4.5","odds":"1.02","header":"Under"}],"exact_2nd_half_goals":[{"opp":"0 Goals","odds":"5.50"},{"opp":"1 Goal","odds":"2.88"},{"opp":"2 Goals","odds":"3.50"},{"opp":"3 Goals","odds":"5.50"},{"opp":"4 Goals","odds":"13.00"},{"opp":"5+ Goals","odds":"21.00"}],"half_with_most_goals":[{"opp":"1st Half","odds":"3.00"},{"opp":"2nd Half","odds":"2.00"},{"opp":"Tie","odds":"3.75"}],"home_team_highest_scoring_half":[{"opp":"Slavia Prague - 1st Half","odds":"3.00"},{"opp":"Slavia Prague - 2nd Half","odds":"2.05"},{"opp":"Slavia Prague - Tie","odds":"3.40"}],"away_team_highest_scoring_half":[{"opp":"MFK Karvina - 1st Half","odds":"5.00"},{"opp":"MFK Karvina - 2nd Half","odds":"4.33"},{"opp":"MFK Karvina - Tie","odds":"1.44"}],"home_team_exact_goals":[{"opp":"Slavia Prague - 0 Goals","odds":"13.00"},{"opp":"Slavia Prague - 1 Goal","odds":"4.00"},{"opp":"Slavia Prague - 2 Goals","odds":"3.40"},{"opp":"Slavia Prague - 3+ Goals","odds":"2.00"}],"away_team_exact_goals":[{"opp":"MFK Karvina - 0 Goals","odds":"1.57"},{"opp":"MFK Karvina - 1 Goal","odds":"2.75"},{"opp":"MFK Karvina - 2 Goals","odds":"10.00"},{"opp":"MFK Karvina - 3+ Goals","odds":"34.00"}],"time_of_1st_team_goal":[{"opp":"Slavia Prague - Goal before 29:00","odds":"1.83"},{"opp":"Slavia Prague - No Goal before 29:00","odds":"1.83"},{"opp":"MFK Karvina - Goal before 79:00","odds":"2.75"},{"opp":"MFK Karvina - No Goal before 79:00","odds":"1.40"}],"goals_odd_even":[{"opp":"Even","odds":"1.90"},{"opp":"Odd","odds":"1.95"}],"home_team_odd_even_goals":[{"opp":"Slavia Prague - Even","odds":"1.83"},{"opp":"Slavia Prague - Odd","odds":"1.83"}],"away_team_odd_even_goals":[{"opp":"MFK Karvina - Even","odds":"1.40"},{"opp":"MFK Karvina - Odd","odds":"2.75"}],"1st_half_goals_odd_even":[{"opp":"Odd","odds":"2.00"},{"opp":"Even","odds":"1.80"}],"last_team_to_score":[{"opp":"Slavia Prague","odds":"1.12"},{"opp":"No Goal","odds":"15.00"},{"opp":"MFK Karvina","odds":"6.00"}],"first_10_minutes_(00:00_09:59)":[{"name":"Goals","handicap":"0.5","odds":"3.75","header":"Over"},{"name":"Goals","handicap":"0.5","odds":"1.25","header":"Under"}]}},"half":{"updated_at":"1532571201","sp":{"half_time_result":[{"opp":"1","odds":"1.57"},{"opp":"X","odds":"2.75"},{"opp":"2","odds":"11.00"}],"half_time_double_chance":[{"opp":"1X","odds":"1.05"},{"opp":"X2","odds":"2.25"},{"opp":"12","odds":"1.40"}],"half_time_result_both_teams_to_score":[{"opp":"Slavia Prague & Yes","odds":"13.00"},{"opp":"Slavia Prague & No","odds":"1.73"},{"opp":"Draw & Yes","odds":"11.00"},{"opp":"Draw & No","odds":"3.40"},{"opp":"MFK Karvina & Yes","odds":"51.00"},{"opp":"MFK Karvina & No","odds":"12.00"}],"half_time_result_total_goals":[{"opp":"Slavia Prague & Over 1.5","odds":"2.88"},{"opp":"Slavia Prague & Under 1.5","odds":"3.00"},{"opp":"Draw & Over 1.5","odds":"12.00"},{"opp":"Draw & Under 1.5","odds":"3.50"},{"opp":"MFK Karvina & Over 1.5","odds":"41.00"},{"opp":"MFK Karvina & Under 1.5","odds":"13.00"}],"half_time_correct_score":[{"opp":"1-0","odds":"3.00","header":"Home"},{"opp":"0-0","odds":"3.50","header":"X"},{"opp":"1-0","odds":"13.00","header":"Away"},{"opp":"2-0","odds":"5.00","header":"Home"},{"opp":"1-1","odds":"12.00","header":"X"},{"opp":"2-0","odds":"67.00","header":"Away"},{"opp":"2-1","odds":"19.00","header":"Home"},{"opp":"2-2","odds":"81.00","header":"X"},{"opp":"2-1","odds":"51.00","header":"Away"},{"opp":"3-0","odds":"12.00","header":"Home"},{"opp":"3-1","odds":"501.00","header":"Away"},{"opp":"3-1","odds":"41.00","header":"Home"},{"opp":"3-2","odds":"201.00","header":"Home"},{"opp":"4-0","odds":"34.00","header":"Home"},{"opp":"4-1","odds":"81.00","header":"Home"},{"opp":"5-0","odds":"81.00","header":"Home"},{"opp":"6-0","odds":"401.00","header":"Home"},{"opp":"5-1","odds":"301.00","header":"Home"}],"both_teams_to_score_in_1st_half":[{"opp":"Yes","odds":"6.50"},{"opp":"No","odds":"1.11"}],"both_teams_to_score_in_2nd_half":[{"opp":"Yes","odds":"4.50"},{"opp":"No","odds":"1.18"}],"both_teams_to_score_1st_half_2nd_half":[{"opp":"Yes \/ Yes","odds":"26.00"},{"opp":"Yes \/ No","odds":"7.00"},{"opp":"No \/ Yes","odds":"4.75"},{"opp":"No \/ No","odds":"1.36"}],"1st_half_asian_handicap":[{"opp":"-0.5, -1.0","odds":"1.775","header":"Home"},{"opp":"+0.5, +1.0","odds":"2.025","header":"Away"}],"1st_half_goal_line":[{"goals":"1.0, 1.5","odds":"2.000","header":"Over"},{"goals":"1.0, 1.5","odds":"1.800","header":"Under"}],"alternative_1st_half_asian_handicap":[{"opp":"-1.5, -2.0","odds":"4.250","header":"Home"},{"opp":"+1.5, +2.0","odds":"1.210","header":"Away"},{"opp":"-1.5","odds":"3.300","header":"Home"},{"opp":"+1.5","odds":"1.325","header":"Away"},{"opp":"-1.0, -1.5","odds":"2.750","header":"Home"},{"opp":"+1.0, +1.5","odds":"1.425","header":"Away"},{"opp":"-1.0","odds":"2.250","header":"Home"},{"opp":"+1.0","odds":"1.625","header":"Away"},{"opp":"-0.5","odds":"1.550","header":"Home"},{"opp":"+0.5","odds":"2.375","header":"Away"},{"opp":"0.0, -0.5","odds":"1.325","header":"Home"},{"opp":"0.0, +0.5","odds":"3.300","header":"Away"}],"alternative_1st_half_goal_line":[{"goals":"0.5, 1.0","odds":"1.400","header":"Over"},{"goals":"0.5, 1.0","odds":"2.850","header":"Under"},{"goals":"1.0","odds":"1.575","header":"Over"},{"goals":"1.0","odds":"2.350","header":"Under"},{"goals":"1.5","odds":"2.375","header":"Over"},{"goals":"1.5","odds":"1.550","header":"Under"},{"goals":"1.5, 2.0","odds":"3.000","header":"Over"},{"goals":"1.5, 2.0","odds":"1.375","header":"Under"},{"goals":"2.0","odds":"4.250","header":"Over"},{"goals":"2.0","odds":"1.210","header":"Under"},{"goals":"2.0, 2.5","odds":"5.000","header":"Over"},{"goals":"2.0, 2.5","odds":"1.170","header":"Under"},{"goals":"2.5","odds":"5.750","header":"Over"},{"goals":"2.5","odds":"1.140","header":"Under"}],"1st_half_handicap":[{"opp":"Slavia Prague  -1.0","odds":"3.25"},{"opp":"Tie - MFK Karvina +1.0","odds":"2.75"},{"opp":"MFK Karvina  +1.0","odds":"2.25"}],"alternative_1st_half_handicap_result":[{"opp":"-2.0","odds":"8.50","header":"Home"},{"opp":"+2.0","odds":"4.50","header":"Tie"},{"opp":"+2.0","odds":"1.29","header":"Away"},{"opp":"+1.0","odds":"1.05","header":"Home"},{"opp":"-1.0","odds":"11.00","header":"Tie"},{"opp":"-1.0","odds":"34.00","header":"Away"}],"first_half_goals":[{"goals":"0.5","odds":"1.29","header":"Over"},{"goals":"0.5","odds":"3.50","header":"Under"},{"goals":"1.5","odds":"2.25","header":"Over"},{"goals":"1.5","odds":"1.57","header":"Under"},{"goals":"2.5","odds":"5.50","header":"Over"},{"goals":"2.5","odds":"1.14","header":"Under"},{"goals":"3.5","odds":"15.00","header":"Over"},{"goals":"3.5","odds":"1.03","header":"Under"}],"exact_1st_half_goals":[{"opp":"0 Goals","odds":"3.50"},{"opp":"1 Goal","odds":"2.60"},{"opp":"2 Goals","odds":"3.75"},{"opp":"3 Goals","odds":"7.50"},{"opp":"4 Goals","odds":"21.00"},{"opp":"5+ Goals","odds":"41.00"}],"first_half_corners":[{"opp":"5","odds":"2.38","header":"Over"},{"opp":"5","odds":"5.50","header":"Exactly"},{"opp":"5","odds":"2.10","header":"Under"}],"1st_half_asian_corners":[{"goals":"5.0","odds":"2.000","header":"Over"},{"goals":"5.0","odds":"1.800","header":"Under"}],"1st_half_goals_odd_even":[{"opp":"Odd","odds":"2.00"},{"opp":"Even","odds":"1.80"}],"to_score_in_half":[{"name":"1st Half","odds":"1.40","header":"Yes"},{"name":"1st Half","odds":"2.75","header":"No"},{"name":"2nd Half","odds":"1.22","header":"Yes"},{"name":"2nd Half","odds":"4.00","header":"No"},{"name":"1st Half","odds":"4.33","header":"Yes"},{"name":"1st Half","odds":"1.20","header":"No"},{"name":"2nd Half","odds":"3.75","header":"Yes"},{"name":"2nd Half","odds":"1.25","header":"No"}],"half_with_most_goals":[{"opp":"1st Half","odds":"3.00"},{"opp":"2nd Half","odds":"2.00"},{"opp":"Tie","odds":"3.75"}],"home_team_highest_scoring_half":[{"opp":"Slavia Prague - 1st Half","odds":"3.00"},{"opp":"Slavia Prague - 2nd Half","odds":"2.05"},{"opp":"Slavia Prague - Tie","odds":"3.40"}],"away_team_highest_scoring_half":[{"opp":"MFK Karvina - 1st Half","odds":"5.00"},{"opp":"MFK Karvina - 2nd Half","odds":"4.33"},{"opp":"MFK Karvina - Tie","odds":"1.44"}],"2nd_half_result":[{"opp":"1","odds":"1.36"},{"opp":"X","odds":"3.40"},{"opp":"2","odds":"12.00"}],"2nd_half_goals":[{"goals":"0.5","odds":"1.14","header":"Over"},{"goals":"0.5","odds":"5.50","header":"Under"},{"goals":"1.5","odds":"1.83","header":"Over"},{"goals":"1.5","odds":"1.83","header":"Under"},{"goals":"2.5","odds":"3.50","header":"Over"},{"goals":"2.5","odds":"1.29","header":"Under"},{"goals":"3.5","odds":"9.00","header":"Over"},{"goals":"3.5","odds":"1.07","header":"Under"},{"goals":"4.5","odds":"21.00","header":"Over"},{"goals":"4.5","odds":"1.02","header":"Under"}],"exact_2nd_half_goals":[{"opp":"0 Goals","odds":"5.50"},{"opp":"1 Goal","odds":"2.88"},{"opp":"2 Goals","odds":"3.50"},{"opp":"3 Goals","odds":"5.50"},{"opp":"4 Goals","odds":"13.00"},{"opp":"5+ Goals","odds":"21.00"}],"2nd_half_goals_odd_even":[{"opp":"Even","odds":"1.83"},{"opp":"Odd","odds":"1.83"}]}},"main":{"updated_at":"1532570343","sp":{"full_time_result":[{"opp":"1","odds":"1.17"},{"opp":"X","odds":"7.00"},{"opp":"2","odds":"15.00"}],"double_chance":[{"opp":"1X","odds":"1.04"},{"opp":"X2","odds":"5.50"},{"opp":"12","odds":"1.11"}],"correct_score":[{"opp":"1-0","odds":"5.50","header":"Home"},{"opp":"0-0","odds":"15.00","header":"X"},{"opp":"1-0","odds":"34.00","header":"Away"},{"opp":"2-0","odds":"6.00","header":"Home"},{"opp":"1-1","odds":"15.00","header":"X"},{"opp":"2-0","odds":"81.00","header":"Away"},{"opp":"2-1","odds":"8.00","header":"Home"},{"opp":"2-2","odds":"41.00","header":"X"},{"opp":"2-1","odds":"41.00","header":"Away"},{"opp":"3-0","odds":"6.50","header":"Home"},{"opp":"3-3","odds":"126.00","header":"X"},{"opp":"3-0","odds":"351.00","header":"Away"},{"opp":"3-1","odds":"12.00","header":"Home"},{"opp":"3-1","odds":"151.00","header":"Away"},{"opp":"3-2","odds":"29.00","header":"Home"},{"opp":"3-2","odds":"101.00","header":"Away"},{"opp":"4-0","odds":"10.00","header":"Home"},{"opp":"4-1","odds":"19.00","header":"Home"},{"opp":"4-2","odds":"51.00","header":"Home"},{"opp":"4-3","odds":"151.00","header":"Home"},{"opp":"5-0","odds":"19.00","header":"Home"},{"opp":"5-1","odds":"34.00","header":"Home"},{"opp":"5-2","odds":"81.00","header":"Home"},{"opp":"5-3","odds":"351.00","header":"Home"},{"opp":"6-1","odds":"51.00","header":"Home"},{"opp":"6-0","odds":"34.00","header":"Home"},{"opp":"6-2","odds":"151.00","header":"Home"},{"opp":"7-0","odds":"67.00","header":"Home"},{"opp":"7-1","odds":"101.00","header":"Home"},{"opp":"8-0","odds":"151.00","header":"Home"},{"opp":"8-1","odds":"301.00","header":"Home"},{"opp":"7-2","odds":"351.00","header":"Home"},{"opp":"9-0","odds":"501.00","header":"Home"}],"half_time_full_time":[{"opp":"Slavia Prague - Slavia Prague","odds":"1.62"},{"opp":"Slavia Prague - Draw","odds":"26.00"},{"opp":"Slavia Prague - MFK Karvina","odds":"101.00"},{"opp":"Draw - Slavia Prague","odds":"3.50"},{"opp":"Draw - Draw","odds":"9.50"},{"opp":"Draw - MFK Karvina","odds":"34.00"},{"opp":"MFK Karvina - Slavia Prague","odds":"21.00"},{"opp":"MFK Karvina - Draw","odds":"29.00"},{"opp":"MFK Karvina - MFK Karvina","odds":"26.00"}],"goals_over_under":[{"goals":"2.5","odds":"1.65","header":"Over"},{"goals":"2.5","odds":"2.20","header":"Under"}],"both_teams_to_score":[{"opp":"Yes","odds":"2.38"},{"opp":"No","odds":"1.53"}],"asian_handicap":[{"opp":"-2.0","odds":"2.050","header":"Home"},{"opp":"+2.0","odds":"1.750","header":"Away"}],"goal_line":[{"goals":"3.0","odds":"2.050","header":"Over"},{"goals":"3.0","odds":"1.750","header":"Under"}],"alternative_asian_handicap":[{"opp":"-3.5, -4.0","odds":"5.900","header":"Home"},{"opp":"+3.5, +4.0","odds":"1.130","header":"Away"},{"opp":"-3.5","odds":"4.500","header":"Home"},{"opp":"+3.5","odds":"1.190","header":"Away"},{"opp":"-3.0, -3.5","odds":"4.150","header":"Home"},{"opp":"+3.0, +3.5","odds":"1.220","header":"Away"},{"opp":"-3.0","odds":"3.800","header":"Home"},{"opp":"+3.0","odds":"1.250","header":"Away"},{"opp":"-2.5, -3.0","odds":"3.000","header":"Home"},{"opp":"+2.5, +3.0","odds":"1.375","header":"Away"},{"opp":"-2.5","odds":"2.500","header":"Home"},{"opp":"+2.5","odds":"1.500","header":"Away"},{"opp":"-2.0, -2.5","odds":"2.300","header":"Home"},{"opp":"+2.0, +2.5","odds":"1.600","header":"Away"},{"opp":"-1.5, -2.0","odds":"1.800","header":"Home"},{"opp":"+1.5, +2.0","odds":"2.000","header":"Away"},{"opp":"-1.5","odds":"1.650","header":"Home"},{"opp":"+1.5","odds":"2.200","header":"Away"},{"opp":"-1.0, -1.5","odds":"1.425","header":"Home"},{"opp":"+1.0, +1.5","odds":"2.750","header":"Away"},{"opp":"-1.0","odds":"1.225","header":"Home"},{"opp":"+1.0","odds":"4.100","header":"Away"},{"opp":"-0.5, -1.0","odds":"1.175","header":"Home"},{"opp":"+0.5, +1.0","odds":"4.800","header":"Away"},{"opp":"-0.5","odds":"1.150","header":"Home"},{"opp":"+0.5","odds":"5.500","header":"Away"}],"alternative_goal_line":[{"goals":"1.0, 1.5","odds":"1.125","header":"Over"},{"goals":"1.0, 1.5","odds":"6.000","header":"Under"},{"goals":"1.5","odds":"1.225","header":"Over"},{"goals":"1.5","odds":"4.100","header":"Under"},{"goals":"1.5, 2.0","odds":"1.260","header":"Over"},{"goals":"1.5, 2.0","odds":"3.700","header":"Under"},{"goals":"2.0","odds":"1.300","header":"Over"},{"goals":"2.0","odds":"3.450","header":"Under"},{"goals":"2.0, 2.5","odds":"1.475","header":"Over"},{"goals":"2.0, 2.5","odds":"2.600","header":"Under"},{"goals":"2.5","odds":"1.625","header":"Over"},{"goals":"2.5","odds":"2.250","header":"Under"},{"goals":"2.5, 3.0","odds":"1.775","header":"Over"},{"goals":"2.5, 3.0","odds":"2.025","header":"Under"},{"goals":"3.0, 3.5","odds":"2.350","header":"Over"},{"goals":"3.0, 3.5","odds":"1.575","header":"Under"},{"goals":"3.5","odds":"2.600","header":"Over"},{"goals":"3.5","odds":"1.475","header":"Under"},{"goals":"3.5, 4.0","odds":"3.100","header":"Over"},{"goals":"3.5, 4.0","odds":"1.350","header":"Under"},{"goals":"4.0","odds":"3.900","header":"Over"},{"goals":"4.0","odds":"1.240","header":"Under"},{"goals":"4.0, 4.5","odds":"4.150","header":"Over"},{"goals":"4.0, 4.5","odds":"1.220","header":"Under"},{"goals":"4.5","odds":"4.500","header":"Over"},{"goals":"4.5","odds":"1.190","header":"Under"},{"goals":"4.5, 5.0","odds":"5.900","header":"Over"},{"goals":"4.5, 5.0","odds":"1.130","header":"Under"}],"draw_no_bet":[{"opp":"Slavia Prague","odds":"1.04"},{"opp":"MFK Karvina","odds":"13.00"}],"result_both_teams_to_score":[{"name":"Slavia Prague","odds":"3.10","header":"Yes"},{"name":"Slavia Prague","odds":"1.67","header":"No"},{"name":"MFK Karvina","odds":"34.00","header":"Yes"},{"name":"MFK Karvina","odds":"26.00","header":"No"},{"name":"Draw","odds":"11.00","header":"Yes"},{"name":"Draw","odds":"15.00","header":"No"}],"handicap_result":[{"opp":"Slavia Prague (-2)","odds":"2.50"},{"opp":"Tie - (MFK Karvina +2)","odds":"4.00"},{"opp":"MFK Karvina (+2)","odds":"2.10"}],"alternative_handicap_result":[{"opp":"-4.0","odds":"8.50","header":"Home"},{"opp":"+4.0","odds":"7.50","header":"Tie"},{"opp":"+4.0","odds":"1.17","header":"Away"},{"opp":"-3.0","odds":"4.50","header":"Home"},{"opp":"+3.0","odds":"5.00","header":"Tie"},{"opp":"+3.0","odds":"1.44","header":"Away"},{"opp":"-1.0","odds":"1.62","header":"Home"},{"opp":"+1.0","odds":"3.20","header":"Tie"},{"opp":"+1.0","odds":"5.50","header":"Away"},{"opp":"+1.0","odds":"1.04","header":"Home"},{"opp":"-1.0","odds":"17.00","header":"Tie"},{"opp":"-1.0","odds":"23.00","header":"Away"}],"winning_margin":[{"goals":" 1","odds":"3.20","header":"Home"},{"goals":" 1","odds":"17.00","header":"Away"},{"goals":" 2","odds":"4.00","header":"Home"},{"goals":" 2","odds":"51.00","header":"Away"},{"goals":" 3","odds":"5.00","header":"Home"},{"goals":" 3","odds":"251.00","header":"Away"},{"goals":" 4+","odds":"4.50","header":"Home"},{"goals":" 4+","odds":"251.00","header":"Away"},{"goals":"Score Draw","odds":"11.00","header":"Home"},{"goals":"No Goal","odds":"15.00","header":"Home"}]}},"schedule":{"updated_at":"1532571087","sp":{"main":[{"odds":"1.17"},{"odds":"7.00"},{"odds":"15.00"}]}},"specials":{"updated_at":"1532571210","sp":{"specials":[{"name":"To Win From Behind","odds":"8.00","header":"Home"},{"name":"To Win From Behind","odds":"51.00","header":"Away"},{"name":"To Win to Nil","odds":"1.67","header":"Home"},{"name":"To Win to Nil","odds":"26.00","header":"Away"},{"name":"To Win Either Half","odds":"1.10","header":"Home"},{"name":"To Win Either Half","odds":"6.50","header":"Away"},{"name":"To Win Both Halves","odds":"2.20","header":"Home"},{"name":"To Win Both Halves","odds":"101.00","header":"Away"},{"name":"To Score in Both Halves","odds":"1.73","header":"Home"},{"name":"To Score in Both Halves","odds":"17.00","header":"Away"}],"to_score_in_half":[{"name":"1st Half","odds":"1.40","header":"Yes"},{"name":"1st Half","odds":"2.75","header":"No"},{"name":"2nd Half","odds":"1.22","header":"Yes"},{"name":"2nd Half","odds":"4.00","header":"No"},{"name":"1st Half","odds":"4.33","header":"Yes"},{"name":"1st Half","odds":"1.20","header":"No"},{"name":"2nd Half","odds":"3.75","header":"Yes"},{"name":"2nd Half","odds":"1.25","header":"No"}]}}}]}}