{"odd":{"success":1,"results":[{"FI":"75095311","event_id":"839346","asian_lines":{"updated_at":"1532570251","sp":{"asian_handicap":[{"opp":"-0.5","odds":"1.825","header":"Home"},{"opp":"+0.5","odds":"2.025","header":"Away"}],"goal_line":[{"goals":"2.0, 2.5","odds":"1.750","header":"Over"},{"goals":"2.0, 2.5","odds":"2.125","header":"Under"}],"alternative_asian_handicap":[{"opp":"-2.5","odds":"6.800","header":"Home"},{"opp":"+2.5","odds":"1.105","header":"Away"},{"opp":"-2.0, -2.5","odds":"6.250","header":"Home"},{"opp":"+2.0, +2.5","odds":"1.120","header":"Away"},{"opp":"-2.0","odds":"5.900","header":"Home"},{"opp":"+2.0","odds":"1.130","header":"Away"},{"opp":"-1.5, -2.0","odds":"4.000","header":"Home"},{"opp":"+1.5, +2.0","odds":"1.230","header":"Away"},{"opp":"-1.5","odds":"3.300","header":"Home"},{"opp":"+1.5","odds":"1.325","header":"Away"},{"opp":"-1.0, -1.5","odds":"2.850","header":"Home"},{"opp":"+1.0, +1.5","odds":"1.400","header":"Away"},{"opp":"-1.0","odds":"2.425","header":"Home"},{"opp":"+1.0","odds":"1.525","header":"Away"},{"opp":"-0.5, -1.0","odds":"2.050","header":"Home"},{"opp":"+0.5, +1.0","odds":"1.750","header":"Away"},{"opp":"0.0, -0.5","odds":"1.575","header":"Home"},{"opp":"0.0, +0.5","odds":"2.350","header":"Away"},{"opp":"0.0","odds":"1.325","header":"Home"},{"opp":"0.0","odds":"3.300","header":"Away"},{"opp":"0.0, +0.5","odds":"1.260","header":"Home"},{"opp":"0.0, -0.5","odds":"3.700","header":"Away"},{"opp":"+0.5","odds":"1.210","header":"Home"},{"opp":"-0.5","odds":"4.250","header":"Away"},{"opp":"+0.5, +1.0","odds":"1.130","header":"Home"},{"opp":"-0.5, -1.0","odds":"5.900","header":"Away"}],"alternative_goal_line":[{"goals":"1.0, 1.5","odds":"1.190","header":"Over"},{"goals":"1.0, 1.5","odds":"4.500","header":"Under"},{"goals":"1.5","odds":"1.300","header":"Over"},{"goals":"1.5","odds":"3.450","header":"Under"},{"goals":"1.5, 2.0","odds":"1.375","header":"Over"},{"goals":"1.5, 2.0","odds":"3.000","header":"Under"},{"goals":"2.0","odds":"1.475","header":"Over"},{"goals":"2.0","odds":"2.600","header":"Under"},{"goals":"2.5","odds":"2.000","header":"Over"},{"goals":"2.5","odds":"1.800","header":"Under"},{"goals":"2.5, 3.0","odds":"2.250","header":"Over"},{"goals":"2.5, 3.0","odds":"1.625","header":"Under"},{"goals":"3.0","odds":"2.675","header":"Over"},{"goals":"3.0","odds":"1.450","header":"Under"},{"goals":"3.0, 3.5","odds":"3.000","header":"Over"},{"goals":"3.0, 3.5","odds":"1.375","header":"Under"},{"goals":"3.5","odds":"3.450","header":"Over"},{"goals":"3.5","odds":"1.300","header":"Under"},{"goals":"3.5, 4.0","odds":"4.150","header":"Over"},{"goals":"3.5, 4.0","odds":"1.220","header":"Under"},{"goals":"4.0","odds":"5.900","header":"Over"},{"goals":"4.0","odds":"1.130","header":"Under"},{"goals":"4.0, 4.5","odds":"6.250","header":"Over"},{"goals":"4.0, 4.5","odds":"1.120","header":"Under"}],"1st_half_asian_handicap":[{"opp":"0.0, -0.5","odds":"1.975","header":"Home"},{"opp":"0.0, +0.5","odds":"1.825","header":"Away"}],"1st_half_goal_line":[{"goals":"1.0","odds":"1.950","header":"Over"},{"goals":"1.0","odds":"1.850","header":"Under"}],"alternative_1st_half_asian_handicap":[{"opp":"-1.5","odds":"7.000","header":"Home"},{"opp":"+1.5","odds":"1.100","header":"Away"},{"opp":"-1.0, -1.5","odds":"6.250","header":"Home"},{"opp":"+1.0, +1.5","odds":"1.120","header":"Away"},{"opp":"-1.0","odds":"5.500","header":"Home"},{"opp":"+1.0","odds":"1.150","header":"Away"},{"opp":"-0.5, -1.0","odds":"3.300","header":"Home"},{"opp":"+0.5, +1.0","odds":"1.325","header":"Away"},{"opp":"-0.5","odds":"2.425","header":"Home"},{"opp":"+0.5","odds":"1.525","header":"Away"},{"opp":"0.0","odds":"1.425","header":"Home"},{"opp":"0.0","odds":"2.750","header":"Away"},{"opp":"0.0, +0.5","odds":"1.260","header":"Home"},{"opp":"0.0, -0.5","odds":"3.700","header":"Away"},{"opp":"+0.5","odds":"1.190","header":"Home"},{"opp":"-0.5","odds":"4.500","header":"Away"},{"opp":"+0.5, +1.0","odds":"1.105","header":"Home"},{"opp":"-0.5, -1.0","odds":"6.800","header":"Away"}],"alternative_1st_half_goal_line":[{"goals":"0.5, 1.0","odds":"1.575","header":"Over"},{"goals":"0.5, 1.0","odds":"2.350","header":"Under"},{"goals":"1.0, 1.5","odds":"2.375","header":"Over"},{"goals":"1.0, 1.5","odds":"1.550","header":"Under"},{"goals":"1.5","odds":"2.850","header":"Over"},{"goals":"1.5","odds":"1.400","header":"Under"},{"goals":"1.5, 2.0","odds":"3.700","header":"Over"},{"goals":"1.5, 2.0","odds":"1.260","header":"Under"},{"goals":"2.0","odds":"6.250","header":"Over"},{"goals":"2.0","odds":"1.120","header":"Under"},{"goals":"2.0, 2.5","odds":"7.000","header":"Over"},{"goals":"2.0, 2.5","odds":"1.100","header":"Under"}]}},"goals":{"updated_at":"1532570250","sp":{"goals_over_under":[{"goals":"2.5","odds":"2.00","header":"Over"},{"goals":"2.5","odds":"1.80","header":"Under"}],"alternative_total_goals":[{"goals":"0.5","odds":"1.07","header":"Over "},{"goals":"0.5","odds":"9.00","header":"Under"},{"goals":"1.5","odds":"1.33","header":"Over "},{"goals":"1.5","odds":"3.25","header":"Under"},{"goals":"3.5","odds":"3.50","header":"Over "},{"goals":"3.5","odds":"1.29","header":"Under"},{"goals":"4.5","odds":"8.00","header":"Over "},{"goals":"4.5","odds":"1.08","header":"Under"},{"goals":"5.5","odds":"17.00","header":"Over "},{"goals":"5.5","odds":"1.02","header":"Under"}],"result_total_goals":[{"opp":"KFC Uerdingen 05 & Over 2.5","odds":"3.00"},{"opp":"KFC Uerdingen 05 & Under 2.5","odds":"3.75"},{"opp":"Draw & Over 2.5","odds":"15.00"},{"opp":"Draw & Under  2.5","odds":"4.00"},{"opp":"Unterhaching & Over 2.5","odds":"8.50"},{"opp":"Unterhaching & Under 2.5","odds":"8.50"}],"total_goals_both_teams_to_score":[{"opp":"Over 2.5 & Yes","odds":"2.50"},{"opp":"Over 2.5 & No","odds":"8.50"},{"opp":"Under 2.5 & Yes","odds":"6.50"},{"opp":"Under 2.5 & No","odds":"2.20"}],"exact_total_goals":[{"opp":"0 Goals","odds":"9.00"},{"opp":"1 Goal","odds":"4.50"},{"opp":"2 Goals","odds":"3.40"},{"opp":"3 Goals","odds":"4.33"},{"opp":"4 Goals","odds":"6.00"},{"opp":"5 Goals","odds":"12.00"},{"opp":"6 Goals","odds":"26.00"},{"opp":"7+ Goals","odds":"34.00"}],"number_of_goals_in_match":[{"opp":"Under 2 goals","odds":"3.25"},{"opp":"2 or 3 goals","odds":"1.95"},{"opp":"Over 3 goals","odds":"3.50"}],"both_teams_to_score":[{"opp":"Yes","odds":"1.91"},{"opp":"No","odds":"1.80"}],"teams_to_score":[{"opp":"Both Teams","odds":"1.91"},{"opp":"KFC Uerdingen 05 Only","odds":"2.75"},{"opp":"No Goal","odds":"9.00"},{"opp":"Unterhaching Only","odds":"7.50"}],"both_teams_to_score_in_1st_half":[{"opp":"Yes","odds":"5.50"},{"opp":"No","odds":"1.14"}],"both_teams_to_score_in_2nd_half":[{"opp":"Yes","odds":"3.75"},{"opp":"No","odds":"1.25"}],"both_teams_to_score_1st_half_2nd_half":[{"opp":"Yes \/ Yes","odds":"19.00"},{"opp":"Yes \/ No","odds":"6.50"},{"opp":"No \/ Yes","odds":"4.00"},{"opp":"No \/ No","odds":"1.50"}],"first_half_goals":[{"goals":"0.5","odds":"1.44","header":"Over"},{"goals":"0.5","odds":"2.62","header":"Under"},{"goals":"1.5","odds":"3.00","header":"Over"},{"goals":"1.5","odds":"1.36","header":"Under"},{"goals":"2.5","odds":"9.00","header":"Over"},{"goals":"2.5","odds":"1.07","header":"Under"},{"goals":"3.5","odds":"23.00","header":"Over"},{"goals":"3.5","odds":"1.01","header":"Under"}],"exact_1st_half_goals":[{"opp":"0 Goals","odds":"2.62"},{"opp":"1 Goal","odds":"2.50"},{"opp":"2 Goals","odds":"4.33"},{"opp":"3 Goals","odds":"11.00"},{"opp":"4 Goals","odds":"34.00"},{"opp":"5+ Goals","odds":"81.00"}],"total_goal_minutes":[{"opp":"Over 135 minutes","odds":"2.20"},{"opp":"115 To 135 minutes inc.","odds":"8.50"},{"opp":"Under 115 minutes","odds":"1.83"}],"first_team_to_score":[{"opp":"KFC Uerdingen 05","odds":"1.53"},{"opp":"No Goals","odds":"9.00"},{"opp":"Unterhaching","odds":"2.88"}],"early_goal":[{"opp":"Goal before 31:00","odds":"1.83"},{"opp":"No Goal before 31:00","odds":"1.83"}],"late_goal":[{"opp":"Goal after 71:59","odds":"1.83"},{"opp":"No Goal after 71:59","odds":"1.83"}],"time_of_first_goal_brackets":[{"opp":"1-10","odds":"4.50"},{"opp":"11-20","odds":"5.00"},{"opp":"21-30","odds":"6.00"},{"opp":"31-40","odds":"7.00"},{"opp":"41-50","odds":"8.00"},{"opp":"51-60","odds":"13.00"},{"opp":"61-70","odds":"15.00"},{"opp":"71-80","odds":"19.00"},{"opp":"81 - Full Time","odds":"19.00"},{"opp":"No Goal","odds":"9.00"}],"2nd_half_goals":[{"goals":"0.5","odds":"1.25","header":"Over"},{"goals":"0.5","odds":"3.75","header":"Under"},{"goals":"1.5","odds":"2.20","header":"Over"},{"goals":"1.5","odds":"1.62","header":"Under"},{"goals":"2.5","odds":"5.00","header":"Over"},{"goals":"2.5","odds":"1.17","header":"Under"},{"goals":"3.5","odds":"13.00","header":"Over"},{"goals":"3.5","odds":"1.04","header":"Under"}],"exact_2nd_half_goals":[{"opp":"0 Goals","odds":"3.75"},{"opp":"1 Goal","odds":"2.75"},{"opp":"2 Goals","odds":"3.60"},{"opp":"3 Goals","odds":"7.00"},{"opp":"4 Goals","odds":"19.00"},{"opp":"5+ Goals","odds":"29.00"}],"half_with_most_goals":[{"opp":"1st Half","odds":"3.20"},{"opp":"2nd Half","odds":"2.05"},{"opp":"Tie","odds":"3.40"}],"home_team_highest_scoring_half":[{"opp":"KFC Uerdingen 05 - 1st Half","odds":"3.40"},{"opp":"KFC Uerdingen 05 - 2nd Half","odds":"2.30"},{"opp":"KFC Uerdingen 05 - Tie","odds":"2.60"}],"away_team_highest_scoring_half":[{"opp":"Unterhaching - 1st Half","odds":"4.00"},{"opp":"Unterhaching - 2nd Half","odds":"2.88"},{"opp":"Unterhaching - Tie","odds":"1.91"}],"home_team_exact_goals":[{"opp":"KFC Uerdingen 05 - 0 Goals","odds":"4.33"},{"opp":"KFC Uerdingen 05 - 1 Goal","odds":"2.75"},{"opp":"KFC Uerdingen 05 - 2 Goals","odds":"3.40"},{"opp":"KFC Uerdingen 05 - 3+ Goals","odds":"4.00"}],"away_team_exact_goals":[{"opp":"Unterhaching - 0 Goals","odds":"2.25"},{"opp":"Unterhaching - 1 Goal","odds":"2.40"},{"opp":"Unterhaching - 2 Goals","odds":"5.00"},{"opp":"Unterhaching - 3+ Goals","odds":"13.00"}],"time_of_1st_team_goal":[{"opp":"KFC Uerdingen 05 - Goal before 45:00","odds":"1.83"},{"opp":"KFC Uerdingen 05 - No Goal before 45:00","odds":"1.83"},{"opp":"Unterhaching - Goal before 77:00","odds":"1.83"},{"opp":"Unterhaching - No Goal before 77:00","odds":"1.83"}],"goals_odd_even":[{"opp":"Even","odds":"1.90"},{"opp":"Odd","odds":"1.95"}],"home_team_odd_even_goals":[{"opp":"KFC Uerdingen 05 - Even","odds":"1.80"},{"opp":"KFC Uerdingen 05 - Odd","odds":"1.91"}],"away_team_odd_even_goals":[{"opp":"Unterhaching - Even","odds":"1.62"},{"opp":"Unterhaching - Odd","odds":"2.20"}],"1st_half_goals_odd_even":[{"opp":"Odd","odds":"2.10"},{"opp":"Even","odds":"1.73"}],"last_team_to_score":[{"opp":"KFC Uerdingen 05","odds":"1.53"},{"opp":"No Goal","odds":"9.00"},{"opp":"Unterhaching","odds":"2.88"}],"first_10_minutes_(00:00_09:59)":[{"name":"Goals","handicap":"0.5","odds":"4.50","header":"Over"},{"name":"Goals","handicap":"0.5","odds":"1.18","header":"Under"}]}},"half":{"updated_at":"1532570259","sp":{"half_time_result":[{"opp":"1","odds":"2.40"},{"opp":"X","odds":"2.10"},{"opp":"2","odds":"5.00"}],"half_time_double_chance":[{"opp":"1X","odds":"1.17"},{"opp":"X2","odds":"1.53"},{"opp":"12","odds":"1.67"}],"half_time_result_both_teams_to_score":[{"opp":"KFC Uerdingen 05 & Yes","odds":"19.00"},{"opp":"KFC Uerdingen 05 & No","odds":"2.62"},{"opp":"Draw & Yes","odds":"8.50"},{"opp":"Draw & No","odds":"2.62"},{"opp":"Unterhaching & Yes","odds":"34.00"},{"opp":"Unterhaching & No","odds":"5.50"}],"half_time_result_total_goals":[{"opp":"KFC Uerdingen 05 & Over 1.5","odds":"6.00"},{"opp":"KFC Uerdingen 05 & Under 1.5","odds":"3.60"},{"opp":"Draw & Over 1.5","odds":"8.50"},{"opp":"Draw & Under 1.5","odds":"2.62"},{"opp":"Unterhaching & Over 1.5","odds":"17.00"},{"opp":"Unterhaching & Under 1.5","odds":"6.50"}],"half_time_correct_score":[{"opp":"1-0","odds":"3.60","header":"Home"},{"opp":"0-0","odds":"2.62","header":"X"},{"opp":"1-0","odds":"6.50","header":"Away"},{"opp":"2-0","odds":"9.50","header":"Home"},{"opp":"1-1","odds":"8.50","header":"X"},{"opp":"2-0","odds":"26.00","header":"Away"},{"opp":"2-1","odds":"21.00","header":"Home"},{"opp":"2-2","odds":"67.00","header":"X"},{"opp":"2-1","odds":"34.00","header":"Away"},{"opp":"3-0","odds":"34.00","header":"Home"},{"opp":"3-0","odds":"101.00","header":"Away"},{"opp":"3-1","odds":"51.00","header":"Home"},{"opp":"3-1","odds":"126.00","header":"Away"},{"opp":"3-2","odds":"201.00","header":"Home"},{"opp":"3-2","odds":"351.00","header":"Away"},{"opp":"4-0","odds":"101.00","header":"Home"},{"opp":"4-1","odds":"201.00","header":"Home"}],"both_teams_to_score_in_1st_half":[{"opp":"Yes","odds":"5.50"},{"opp":"No","odds":"1.14"}],"both_teams_to_score_in_2nd_half":[{"opp":"Yes","odds":"3.75"},{"opp":"No","odds":"1.25"}],"both_teams_to_score_1st_half_2nd_half":[{"opp":"Yes \/ Yes","odds":"19.00"},{"opp":"Yes \/ No","odds":"6.50"},{"opp":"No \/ Yes","odds":"4.00"},{"opp":"No \/ No","odds":"1.50"}],"1st_half_asian_handicap":[{"opp":"0.0, -0.5","odds":"1.975","header":"Home"},{"opp":"0.0, +0.5","odds":"1.825","header":"Away"}],"1st_half_goal_line":[{"goals":"1.0","odds":"1.950","header":"Over"},{"goals":"1.0","odds":"1.850","header":"Under"}],"alternative_1st_half_asian_handicap":[{"opp":"-1.5","odds":"7.000","header":"Home"},{"opp":"+1.5","odds":"1.100","header":"Away"},{"opp":"-1.0, -1.5","odds":"6.250","header":"Home"},{"opp":"+1.0, +1.5","odds":"1.120","header":"Away"},{"opp":"-1.0","odds":"5.500","header":"Home"},{"opp":"+1.0","odds":"1.150","header":"Away"},{"opp":"-0.5, -1.0","odds":"3.300","header":"Home"},{"opp":"+0.5, +1.0","odds":"1.325","header":"Away"},{"opp":"-0.5","odds":"2.425","header":"Home"},{"opp":"+0.5","odds":"1.525","header":"Away"},{"opp":"0.0","odds":"1.425","header":"Home"},{"opp":"0.0","odds":"2.750","header":"Away"},{"opp":"0.0, +0.5","odds":"1.260","header":"Home"},{"opp":"0.0, -0.5","odds":"3.700","header":"Away"},{"opp":"+0.5","odds":"1.190","header":"Home"},{"opp":"-0.5","odds":"4.500","header":"Away"},{"opp":"+0.5, +1.0","odds":"1.105","header":"Home"},{"opp":"-0.5, -1.0","odds":"6.800","header":"Away"}],"alternative_1st_half_goal_line":[{"goals":"0.5, 1.0","odds":"1.575","header":"Over"},{"goals":"0.5, 1.0","odds":"2.350","header":"Under"},{"goals":"1.0, 1.5","odds":"2.375","header":"Over"},{"goals":"1.0, 1.5","odds":"1.550","header":"Under"},{"goals":"1.5","odds":"2.850","header":"Over"},{"goals":"1.5","odds":"1.400","header":"Under"},{"goals":"1.5, 2.0","odds":"3.700","header":"Over"},{"goals":"1.5, 2.0","odds":"1.260","header":"Under"},{"goals":"2.0","odds":"6.250","header":"Over"},{"goals":"2.0","odds":"1.120","header":"Under"},{"goals":"2.0, 2.5","odds":"7.000","header":"Over"},{"goals":"2.0, 2.5","odds":"1.100","header":"Under"}],"1st_half_handicap":[{"opp":"KFC Uerdingen 05  -1.0","odds":"7.00"},{"opp":"Tie - Unterhaching +1.0","odds":"3.20"},{"opp":"Unterhaching  +1.0","odds":"1.53"}],"alternative_1st_half_handicap_result":[{"opp":"-2.0","odds":"19.00","header":"Home"},{"opp":"+2.0","odds":"8.00","header":"Tie"},{"opp":"+2.0","odds":"1.08","header":"Away"},{"opp":"+1.0","odds":"1.17","header":"Home"},{"opp":"-1.0","odds":"5.50","header":"Tie"},{"opp":"-1.0","odds":"19.00","header":"Away"}],"first_half_goals":[{"goals":"0.5","odds":"1.44","header":"Over"},{"goals":"0.5","odds":"2.62","header":"Under"},{"goals":"1.5","odds":"3.00","header":"Over"},{"goals":"1.5","odds":"1.36","header":"Under"},{"goals":"2.5","odds":"9.00","header":"Over"},{"goals":"2.5","odds":"1.07","header":"Under"},{"goals":"3.5","odds":"23.00","header":"Over"},{"goals":"3.5","odds":"1.01","header":"Under"}],"exact_1st_half_goals":[{"opp":"0 Goals","odds":"2.62"},{"opp":"1 Goal","odds":"2.50"},{"opp":"2 Goals","odds":"4.33"},{"opp":"3 Goals","odds":"11.00"},{"opp":"4 Goals","odds":"34.00"},{"opp":"5+ Goals","odds":"81.00"}],"1st_half_goals_odd_even":[{"opp":"Odd","odds":"2.10"},{"opp":"Even","odds":"1.73"}],"to_score_in_half":[{"name":"1st Half","odds":"1.83","header":"Yes"},{"name":"1st Half","odds":"1.83","header":"No"},{"name":"2nd Half","odds":"1.57","header":"Yes"},{"name":"2nd Half","odds":"2.25","header":"No"},{"name":"1st Half","odds":"2.75","header":"Yes"},{"name":"1st Half","odds":"1.40","header":"No"},{"name":"2nd Half","odds":"2.25","header":"Yes"},{"name":"2nd Half","odds":"1.57","header":"No"}],"half_with_most_goals":[{"opp":"1st Half","odds":"3.20"},{"opp":"2nd Half","odds":"2.05"},{"opp":"Tie","odds":"3.40"}],"home_team_highest_scoring_half":[{"opp":"KFC Uerdingen 05 - 1st Half","odds":"3.40"},{"opp":"KFC Uerdingen 05 - 2nd Half","odds":"2.30"},{"opp":"KFC Uerdingen 05 - Tie","odds":"2.60"}],"away_team_highest_scoring_half":[{"opp":"Unterhaching - 1st Half","odds":"4.00"},{"opp":"Unterhaching - 2nd Half","odds":"2.88"},{"opp":"Unterhaching - Tie","odds":"1.91"}],"2nd_half_result":[{"opp":"1","odds":"2.10"},{"opp":"X","odds":"2.40"},{"opp":"2","odds":"4.33"}],"2nd_half_goals":[{"goals":"0.5","odds":"1.25","header":"Over"},{"goals":"0.5","odds":"3.75","header":"Under"},{"goals":"1.5","odds":"2.20","header":"Over"},{"goals":"1.5","odds":"1.62","header":"Under"},{"goals":"2.5","odds":"5.00","header":"Over"},{"goals":"2.5","odds":"1.17","header":"Under"},{"goals":"3.5","odds":"13.00","header":"Over"},{"goals":"3.5","odds":"1.04","header":"Under"}],"exact_2nd_half_goals":[{"opp":"0 Goals","odds":"3.75"},{"opp":"1 Goal","odds":"2.75"},{"opp":"2 Goals","odds":"3.60"},{"opp":"3 Goals","odds":"7.00"},{"opp":"4 Goals","odds":"19.00"},{"opp":"5+ Goals","odds":"29.00"}],"2nd_half_goals_odd_even":[{"opp":"Even","odds":"1.73"},{"opp":"Odd","odds":"2.00"}]}},"main":{"updated_at":"1532570227","sp":{"full_time_result":[{"opp":"1","odds":"1.75"},{"opp":"X","odds":"3.40"},{"opp":"2","odds":"5.00"}],"double_chance":[{"opp":"1X","odds":"1.18"},{"opp":"X2","odds":"2.10"},{"opp":"12","odds":"1.33"}],"correct_score":[{"opp":"1-0","odds":"6.50","header":"Home"},{"opp":"0-0","odds":"9.00","header":"X"},{"opp":"1-0","odds":"12.00","header":"Away"},{"opp":"2-0","odds":"8.00","header":"Home"},{"opp":"1-1","odds":"6.50","header":"X"},{"opp":"2-0","odds":"23.00","header":"Away"},{"opp":"2-1","odds":"8.50","header":"Home"},{"opp":"2-2","odds":"17.00","header":"X"},{"opp":"2-1","odds":"15.00","header":"Away"},{"opp":"3-0","odds":"13.00","header":"Home"},{"opp":"3-3","odds":"51.00","header":"X"},{"opp":"3-0","odds":"51.00","header":"Away"},{"opp":"3-1","odds":"15.00","header":"Home"},{"opp":"3-1","odds":"41.00","header":"Away"},{"opp":"3-2","odds":"29.00","header":"Home"},{"opp":"3-2","odds":"41.00","header":"Away"},{"opp":"4-0","odds":"29.00","header":"Home"},{"opp":"4-0","odds":"151.00","header":"Away"},{"opp":"4-1","odds":"34.00","header":"Home"},{"opp":"4-1","odds":"101.00","header":"Away"},{"opp":"4-2","odds":"51.00","header":"Home"},{"opp":"4-2","odds":"126.00","header":"Away"},{"opp":"4-3","odds":"126.00","header":"Home"},{"opp":"4-3","odds":"201.00","header":"Away"},{"opp":"5-0","odds":"51.00","header":"Home"},{"opp":"5-1","odds":"67.00","header":"Home"},{"opp":"5-2","odds":"126.00","header":"Home"},{"opp":"5-3","odds":"351.00","header":"Home"},{"opp":"6-1","odds":"151.00","header":"Home"},{"opp":"6-0","odds":"151.00","header":"Home"},{"opp":"6-2","odds":"351.00","header":"Home"}],"half_time_full_time":[{"opp":"KFC Uerdingen 05 - KFC Uerdingen 05","odds":"2.75"},{"opp":"KFC Uerdingen 05 - Draw","odds":"15.00"},{"opp":"KFC Uerdingen 05 - Unterhaching","odds":"41.00"},{"opp":"Draw - KFC Uerdingen 05","odds":"4.33"},{"opp":"Draw - Draw","odds":"5.00"},{"opp":"Draw - Unterhaching","odds":"9.50"},{"opp":"Unterhaching - KFC Uerdingen 05","odds":"23.00"},{"opp":"Unterhaching - Draw","odds":"17.00"},{"opp":"Unterhaching - Unterhaching","odds":"8.00"}],"goals_over_under":[{"goals":"2.5","odds":"2.00","header":"Over"},{"goals":"2.5","odds":"1.80","header":"Under"}],"both_teams_to_score":[{"opp":"Yes","odds":"1.91"},{"opp":"No","odds":"1.80"}],"asian_handicap":[{"opp":"-0.5","odds":"1.825","header":"Home"},{"opp":"+0.5","odds":"2.025","header":"Away"}],"goal_line":[{"goals":"2.0, 2.5","odds":"1.750","header":"Over"},{"goals":"2.0, 2.5","odds":"2.125","header":"Under"}],"alternative_asian_handicap":[{"opp":"-2.5","odds":"6.800","header":"Home"},{"opp":"+2.5","odds":"1.105","header":"Away"},{"opp":"-2.0, -2.5","odds":"6.250","header":"Home"},{"opp":"+2.0, +2.5","odds":"1.120","header":"Away"},{"opp":"-2.0","odds":"5.900","header":"Home"},{"opp":"+2.0","odds":"1.130","header":"Away"},{"opp":"-1.5, -2.0","odds":"4.000","header":"Home"},{"opp":"+1.5, +2.0","odds":"1.230","header":"Away"},{"opp":"-1.5","odds":"3.300","header":"Home"},{"opp":"+1.5","odds":"1.325","header":"Away"},{"opp":"-1.0, -1.5","odds":"2.850","header":"Home"},{"opp":"+1.0, +1.5","odds":"1.400","header":"Away"},{"opp":"-1.0","odds":"2.425","header":"Home"},{"opp":"+1.0","odds":"1.525","header":"Away"},{"opp":"-0.5, -1.0","odds":"2.050","header":"Home"},{"opp":"+0.5, +1.0","odds":"1.750","header":"Away"},{"opp":"0.0, -0.5","odds":"1.575","header":"Home"},{"opp":"0.0, +0.5","odds":"2.350","header":"Away"},{"opp":"0.0","odds":"1.325","header":"Home"},{"opp":"0.0","odds":"3.300","header":"Away"},{"opp":"0.0, +0.5","odds":"1.260","header":"Home"},{"opp":"0.0, -0.5","odds":"3.700","header":"Away"},{"opp":"+0.5","odds":"1.210","header":"Home"},{"opp":"-0.5","odds":"4.250","header":"Away"},{"opp":"+0.5, +1.0","odds":"1.130","header":"Home"},{"opp":"-0.5, -1.0","odds":"5.900","header":"Away"}],"alternative_goal_line":[{"goals":"1.0, 1.5","odds":"1.190","header":"Over"},{"goals":"1.0, 1.5","odds":"4.500","header":"Under"},{"goals":"1.5","odds":"1.300","header":"Over"},{"goals":"1.5","odds":"3.450","header":"Under"},{"goals":"1.5, 2.0","odds":"1.375","header":"Over"},{"goals":"1.5, 2.0","odds":"3.000","header":"Under"},{"goals":"2.0","odds":"1.475","header":"Over"},{"goals":"2.0","odds":"2.600","header":"Under"},{"goals":"2.5","odds":"2.000","header":"Over"},{"goals":"2.5","odds":"1.800","header":"Under"},{"goals":"2.5, 3.0","odds":"2.250","header":"Over"},{"goals":"2.5, 3.0","odds":"1.625","header":"Under"},{"goals":"3.0","odds":"2.675","header":"Over"},{"goals":"3.0","odds":"1.450","header":"Under"},{"goals":"3.0, 3.5","odds":"3.000","header":"Over"},{"goals":"3.0, 3.5","odds":"1.375","header":"Under"},{"goals":"3.5","odds":"3.450","header":"Over"},{"goals":"3.5","odds":"1.300","header":"Under"},{"goals":"3.5, 4.0","odds":"4.150","header":"Over"},{"goals":"3.5, 4.0","odds":"1.220","header":"Under"},{"goals":"4.0","odds":"5.900","header":"Over"},{"goals":"4.0","odds":"1.130","header":"Under"},{"goals":"4.0, 4.5","odds":"6.250","header":"Over"},{"goals":"4.0, 4.5","odds":"1.120","header":"Under"}],"draw_no_bet":[{"opp":"KFC Uerdingen 05","odds":"1.30"},{"opp":"Unterhaching","odds":"3.40"}],"result_both_teams_to_score":[{"name":"KFC Uerdingen 05","odds":"4.00","header":"Yes"},{"name":"KFC Uerdingen 05","odds":"2.88","header":"No"},{"name":"Unterhaching","odds":"10.00","header":"Yes"},{"name":"Unterhaching","odds":"8.00","header":"No"},{"name":"Draw","odds":"4.75","header":"Yes"},{"name":"Draw","odds":"9.00","header":"No"}],"handicap_result":[{"opp":"KFC Uerdingen 05 (-1)","odds":"3.10"},{"opp":"Tie - (Unterhaching +1)","odds":"3.50"},{"opp":"Unterhaching (+1)","odds":"2.10"}],"alternative_handicap_result":[{"opp":"-3.0","odds":"13.00","header":"Home"},{"opp":"+3.0","odds":"8.50","header":"Tie"},{"opp":"+3.0","odds":"1.08","header":"Away"},{"opp":"-2.0","odds":"6.50","header":"Home"},{"opp":"+2.0","odds":"5.00","header":"Tie"},{"opp":"+2.0","odds":"1.33","header":"Away"},{"opp":"+1.0","odds":"1.18","header":"Home"},{"opp":"-1.0","odds":"6.00","header":"Tie"},{"opp":"-1.0","odds":"10.00","header":"Away"},{"opp":"+2.0","odds":"1.04","header":"Home"},{"opp":"-2.0","odds":"13.00","header":"Tie"},{"opp":"-2.0","odds":"19.00","header":"Away"}],"winning_margin":[{"goals":" 1","odds":"3.50","header":"Home"},{"goals":" 1","odds":"6.00","header":"Away"},{"goals":" 2","odds":"5.00","header":"Home"},{"goals":" 2","odds":"13.00","header":"Away"},{"goals":" 3","odds":"8.50","header":"Home"},{"goals":" 3","odds":"41.00","header":"Away"},{"goals":" 4+","odds":"13.00","header":"Home"},{"goals":" 4+","odds":"101.00","header":"Away"},{"goals":"Score Draw","odds":"4.75","header":"Home"},{"goals":"No Goal","odds":"9.00","header":"Home"}]}},"schedule":{"updated_at":"1532571026","sp":{"main":[{"odds":"1.75"},{"odds":"3.40"},{"odds":"5.00"}]}},"specials":{"updated_at":"1532570274","sp":{"specials":[{"name":"To Win From Behind","odds":"8.00","header":"Home"},{"name":"To Win From Behind","odds":"17.00","header":"Away"},{"name":"To Win to Nil","odds":"2.88","header":"Home"},{"name":"To Win to Nil","odds":"8.00","header":"Away"},{"name":"To Win Either Half","odds":"1.44","header":"Home"},{"name":"To Win Either Half","odds":"2.62","header":"Away"},{"name":"To Win Both Halves","odds":"5.50","header":"Home"},{"name":"To Win Both Halves","odds":"23.00","header":"Away"},{"name":"To Score in Both Halves","odds":"3.00","header":"Home"},{"name":"To Score in Both Halves","odds":"6.50","header":"Away"}],"to_score_in_half":[{"name":"1st Half","odds":"1.83","header":"Yes"},{"name":"1st Half","odds":"1.83","header":"No"},{"name":"2nd Half","odds":"1.57","header":"Yes"},{"name":"2nd Half","odds":"2.25","header":"No"},{"name":"1st Half","odds":"2.75","header":"Yes"},{"name":"1st Half","odds":"1.40","header":"No"},{"name":"2nd Half","odds":"2.25","header":"Yes"},{"name":"2nd Half","odds":"1.57","header":"No"}]}}}]}}