{"odd":{"success":1,"results":[{"FI":"75393448","event_id":"847110","goals":{"updated_at":"1532569751","sp":{"goals_over_under":[{"goals":"2.5","odds":"1.32","header":"Over"},{"goals":"2.5","odds":"3.30","header":"Under"}],"first_team_to_score":[{"opp":"Wilpas","odds":"1.40"},{"opp":"No Goals","odds":"26.00"},{"opp":"Inter Turku II","odds":"2.75"}],"home_team_highest_scoring_half":[{"opp":"Wilpas - 1st Half","odds":"3.00"},{"opp":"Wilpas - 2nd Half","odds":"2.05"},{"opp":"Wilpas - Tie","odds":"3.40"}],"away_team_highest_scoring_half":[{"opp":"Inter Turku II - 1st Half","odds":"3.50"},{"opp":"Inter Turku II - 2nd Half","odds":"2.50"},{"opp":"Inter Turku II - Tie","odds":"2.30"}],"goals_odd_even":[{"opp":"Even","odds":"1.90"},{"opp":"Odd","odds":"1.95"}],"home_team_odd_even_goals":[{"opp":"Wilpas - Even","odds":"1.83"},{"opp":"Wilpas - Odd","odds":"1.83"}],"away_team_odd_even_goals":[{"opp":"Inter Turku II - Even","odds":"1.73"},{"opp":"Inter Turku II - Odd","odds":"2.00"}],"1st_half_goals_odd_even":[{"opp":"Odd","odds":"2.00"},{"opp":"Even","odds":"1.80"}]}},"half":{"updated_at":"1532569760","sp":{"half_time_result":[{"opp":"1","odds":"1.95"},{"opp":"X","odds":"2.75"},{"opp":"2","odds":"4.00"}],"half_time_double_chance":[{"opp":"1X","odds":"1.22"},{"opp":"X2","odds":"1.80"},{"opp":"12","odds":"1.40"}],"half_time_correct_score":[{"opp":"1-0","odds":"4.33","header":"Home"},{"opp":"0-0","odds":"4.33","header":"X"},{"opp":"1-0","odds":"7.50","header":"Away"},{"opp":"2-0","odds":"7.50","header":"Home"},{"opp":"1-1","odds":"8.00","header":"X"},{"opp":"2-0","odds":"21.00","header":"Away"},{"opp":"2-1","odds":"15.00","header":"Home"},{"opp":"2-2","odds":"41.00","header":"X"},{"opp":"2-1","odds":"23.00","header":"Away"},{"opp":"3-0","odds":"17.00","header":"Home"},{"opp":"3-0","odds":"51.00","header":"Away"},{"opp":"3-1","odds":"34.00","header":"Home"},{"opp":"3-1","odds":"51.00","header":"Away"},{"opp":"3-2","odds":"81.00","header":"Home"},{"opp":"4-0","odds":"41.00","header":"Home"},{"opp":"4-1","odds":"67.00","header":"Home"},{"opp":"5-0","odds":"81.00","header":"Home"}],"1st_half_goals_odd_even":[{"opp":"Odd","odds":"2.00"},{"opp":"Even","odds":"1.80"}],"home_team_highest_scoring_half":[{"opp":"Wilpas - 1st Half","odds":"3.00"},{"opp":"Wilpas - 2nd Half","odds":"2.05"},{"opp":"Wilpas - Tie","odds":"3.40"}],"away_team_highest_scoring_half":[{"opp":"Inter Turku II - 1st Half","odds":"3.50"},{"opp":"Inter Turku II - 2nd Half","odds":"2.50"},{"opp":"Inter Turku II - Tie","odds":"2.30"}],"2nd_half_goals_odd_even":[{"opp":"Even","odds":"1.83"},{"opp":"Odd","odds":"1.83"}]}},"main":{"updated_at":"1532569619","sp":{"full_time_result":[{"opp":"1","odds":"1.53"},{"opp":"X","odds":"4.50"},{"opp":"2","odds":"4.20"}],"double_chance":[{"opp":"1X","odds":"1.22"},{"opp":"X2","odds":"2.38"},{"opp":"12","odds":"1.17"}],"correct_score":[{"opp":"1-0","odds":"13.00","header":"Home"},{"opp":"0-0","odds":"26.00","header":"X"},{"opp":"1-0","odds":"23.00","header":"Away"},{"opp":"2-0","odds":"11.00","header":"Home"},{"opp":"1-1","odds":"10.00","header":"X"},{"opp":"2-0","odds":"29.00","header":"Away"},{"opp":"2-1","odds":"10.00","header":"Home"},{"opp":"2-2","odds":"13.00","header":"X"},{"opp":"2-1","odds":"17.00","header":"Away"},{"opp":"3-0","odds":"13.00","header":"Home"},{"opp":"3-3","odds":"34.00","header":"X"},{"opp":"3-0","odds":"51.00","header":"Away"},{"opp":"3-1","odds":"12.00","header":"Home"},{"opp":"4-4","odds":"81.00","header":"X"},{"opp":"3-1","odds":"29.00","header":"Away"},{"opp":"3-2","odds":"19.00","header":"Home"},{"opp":"3-2","odds":"29.00","header":"Away"},{"opp":"4-0","odds":"19.00","header":"Home"},{"opp":"4-0","odds":"81.00","header":"Away"},{"opp":"4-1","odds":"19.00","header":"Home"},{"opp":"4-1","odds":"51.00","header":"Away"},{"opp":"4-2","odds":"29.00","header":"Home"},{"opp":"4-2","odds":"51.00","header":"Away"},{"opp":"5-0","odds":"34.00","header":"Home"},{"opp":"4-3","odds":"67.00","header":"Away"},{"opp":"5-1","odds":"29.00","header":"Home"},{"opp":"4-3","odds":"51.00","header":"Home"},{"opp":"5-2","odds":"41.00","header":"Home"},{"opp":"5-3","odds":"67.00","header":"Home"},{"opp":"6-0","odds":"51.00","header":"Home"},{"opp":"6-1","odds":"51.00","header":"Home"},{"opp":"6-2","odds":"67.00","header":"Home"},{"opp":"7-0","odds":"81.00","header":"Home"},{"opp":"7-1","odds":"81.00","header":"Home"}],"half_time_full_time":[{"opp":"Wilpas - Wilpas","odds":"2.30"},{"opp":"Wilpas - Draw","odds":"15.00"},{"opp":"Wilpas - Inter Turku II","odds":"26.00"},{"opp":"Draw - Wilpas","odds":"5.00"},{"opp":"Draw - Draw","odds":"9.00"},{"opp":"Draw - Inter Turku II","odds":"11.00"},{"opp":"Inter Turku II - Wilpas","odds":"15.00"},{"opp":"Inter Turku II - Draw","odds":"17.00"},{"opp":"Inter Turku II - Inter Turku II","odds":"7.00"}],"goals_over_under":[{"goals":"2.5","odds":"1.32","header":"Over"},{"goals":"2.5","odds":"3.30","header":"Under"}],"draw_no_bet":[{"opp":"Wilpas","odds":"1.29"},{"opp":"Inter Turku II","odds":"3.50"}]}},"schedule":{"updated_at":"1532569735","sp":{"main":[{"odds":"1.53"},{"odds":"4.50"},{"odds":"4.20"}]}}}]}}