{"odd":{"success":1,"results":[{"FI":"75245135","event_id":"833112","goals":{"updated_at":"1532570458","sp":{"goals_over_under":[{"goals":"2.5","odds":"1.48","header":"Over"},{"goals":"2.5","odds":"2.60","header":"Under"}],"first_team_to_score":[{"opp":"Sydney Olympic","odds":"1.22"},{"opp":"No Goals","odds":"17.00"},{"opp":"Sutherland Sharks","odds":"4.00"}],"home_team_highest_scoring_half":[{"opp":"Sydney Olympic - 1st Half","odds":"3.00"},{"opp":"Sydney Olympic - 2nd Half","odds":"2.05"},{"opp":"Sydney Olympic - Tie","odds":"3.40"}],"away_team_highest_scoring_half":[{"opp":"Sutherland Sharks - 1st Half","odds":"4.33"},{"opp":"Sutherland Sharks - 2nd Half","odds":"3.20"},{"opp":"Sutherland Sharks - Tie","odds":"1.80"}],"goals_odd_even":[{"opp":"Even","odds":"1.90"},{"opp":"Odd","odds":"1.95"}],"home_team_odd_even_goals":[{"opp":"Sydney Olympic - Even","odds":"1.83"},{"opp":"Sydney Olympic - Odd","odds":"1.83"}],"away_team_odd_even_goals":[{"opp":"Sutherland Sharks - Even","odds":"1.53"},{"opp":"Sutherland Sharks - Odd","odds":"2.38"}],"1st_half_goals_odd_even":[{"opp":"Odd","odds":"2.00"},{"opp":"Even","odds":"1.80"}]}},"half":{"updated_at":"1532570478","sp":{"half_time_result":[{"opp":"1","odds":"1.73"},{"opp":"X","odds":"2.75"},{"opp":"2","odds":"6.50"}],"half_time_double_chance":[{"opp":"1X","odds":"1.11"},{"opp":"X2","odds":"2.00"},{"opp":"12","odds":"1.40"}],"half_time_correct_score":[{"opp":"1-0","odds":"3.60","header":"Home"},{"opp":"0-0","odds":"3.75","header":"X"},{"opp":"1-0","odds":"9.50","header":"Away"},{"opp":"2-0","odds":"6.00","header":"Home"},{"opp":"1-1","odds":"10.00","header":"X"},{"opp":"2-0","odds":"34.00","header":"Away"},{"opp":"2-1","odds":"19.00","header":"Home"},{"opp":"2-2","odds":"51.00","header":"X"},{"opp":"2-1","odds":"41.00","header":"Away"},{"opp":"3-0","odds":"13.00","header":"Home"},{"opp":"3-0","odds":"81.00","header":"Away"},{"opp":"3-1","odds":"41.00","header":"Home"},{"opp":"4-0","odds":"34.00","header":"Home"},{"opp":"4-1","odds":"81.00","header":"Home"},{"opp":"5-0","odds":"67.00","header":"Home"}],"1st_half_goals_odd_even":[{"opp":"Odd","odds":"2.00"},{"opp":"Even","odds":"1.80"}],"home_team_highest_scoring_half":[{"opp":"Sydney Olympic - 1st Half","odds":"3.00"},{"opp":"Sydney Olympic - 2nd Half","odds":"2.05"},{"opp":"Sydney Olympic - Tie","odds":"3.40"}],"away_team_highest_scoring_half":[{"opp":"Sutherland Sharks - 1st Half","odds":"4.33"},{"opp":"Sutherland Sharks - 2nd Half","odds":"3.20"},{"opp":"Sutherland Sharks - Tie","odds":"1.80"}],"2nd_half_goals_odd_even":[{"opp":"Even","odds":"1.80"},{"opp":"Odd","odds":"1.91"}]}},"main":{"updated_at":"1532570163","sp":{"full_time_result":[{"opp":"1","odds":"1.30"},{"opp":"X","odds":"5.00"},{"opp":"2","odds":"7.00"}],"double_chance":[{"opp":"1X","odds":"1.08"},{"opp":"X2","odds":"3.40"},{"opp":"12","odds":"1.14"}],"correct_score":[{"opp":"1-0","odds":"9.00","header":"Home"},{"opp":"0-0","odds":"17.00","header":"X"},{"opp":"1-0","odds":"23.00","header":"Away"},{"opp":"2-0","odds":"7.50","header":"Home"},{"opp":"1-1","odds":"11.00","header":"X"},{"opp":"2-0","odds":"41.00","header":"Away"},{"opp":"2-1","odds":"10.00","header":"Home"},{"opp":"2-2","odds":"21.00","header":"X"},{"opp":"2-1","odds":"23.00","header":"Away"},{"opp":"3-0","odds":"8.50","header":"Home"},{"opp":"3-3","odds":"51.00","header":"X"},{"opp":"3-0","odds":"81.00","header":"Away"},{"opp":"3-1","odds":"12.00","header":"Home"},{"opp":"3-1","odds":"51.00","header":"Away"},{"opp":"3-2","odds":"26.00","header":"Home"},{"opp":"3-2","odds":"51.00","header":"Away"},{"opp":"4-0","odds":"12.00","header":"Home"},{"opp":"4-1","odds":"17.00","header":"Home"},{"opp":"4-2","odds":"41.00","header":"Home"},{"opp":"5-0","odds":"21.00","header":"Home"},{"opp":"5-1","odds":"29.00","header":"Home"},{"opp":"4-3","odds":"81.00","header":"Home"},{"opp":"5-2","odds":"51.00","header":"Home"},{"opp":"6-0","odds":"34.00","header":"Home"},{"opp":"6-1","odds":"51.00","header":"Home"},{"opp":"7-0","odds":"51.00","header":"Home"},{"opp":"7-1","odds":"81.00","header":"Home"}],"half_time_full_time":[{"opp":"Sydney Olympic - Sydney Olympic","odds":"1.91"},{"opp":"Sydney Olympic - Draw","odds":"17.00"},{"opp":"Sydney Olympic - Sutherland Sharks","odds":"41.00"},{"opp":"Draw - Sydney Olympic","odds":"4.33"},{"opp":"Draw - Draw","odds":"9.00"},{"opp":"Draw - Sutherland Sharks","odds":"15.00"},{"opp":"Sutherland Sharks - Sydney Olympic","odds":"17.00"},{"opp":"Sutherland Sharks - Draw","odds":"21.00"},{"opp":"Sutherland Sharks - Sutherland Sharks","odds":"12.00"}],"goals_over_under":[{"goals":"2.5","odds":"1.48","header":"Over"},{"goals":"2.5","odds":"2.60","header":"Under"}],"draw_no_bet":[{"opp":"Sydney Olympic","odds":"1.12"},{"opp":"Sutherland Sharks","odds":"5.50"}]}},"schedule":{"updated_at":"1532571239","sp":{"main":[{"odds":"1.30"},{"odds":"5.00"},{"odds":"7.00"}]}}}]}}