{"odd":{"success":1,"results":[{"FI":"75288809","event_id":"830744","goals":{"updated_at":"1532569598","sp":{"goals_over_under":[{"goals":"2.5","odds":"1.52","header":"Over"},{"goals":"2.5","odds":"2.42","header":"Under"}],"alternative_total_goals":[{"goals":"1.5","odds":"1.17","header":"Over "},{"goals":"1.5","odds":"4.50","header":"Under"},{"goals":"3.5","odds":"2.25","header":"Over "},{"goals":"3.5","odds":"1.57","header":"Under"},{"goals":"4.5","odds":"4.00","header":"Over "},{"goals":"4.5","odds":"1.22","header":"Under"},{"goals":"5.5","odds":"7.00","header":"Over "},{"goals":"5.5","odds":"1.08","header":"Under"},{"goals":"6.5","odds":"10.50","header":"Over "},{"goals":"6.5","odds":"1.02","header":"Under"}],"result_total_goals":[{"opp":"Bentleigh Greens & Over 3.5","odds":"3.10"},{"opp":"Bentleigh Greens & Under 3.5","odds":"2.50"},{"opp":"Draw & Over 3.5","odds":"13.00"},{"opp":"Draw & Under  3.5","odds":"6.50"},{"opp":"Green Gully & Over 3.5","odds":"17.00"},{"opp":"Green Gully & Under 3.5","odds":"8.00"}],"total_goals_both_teams_to_score":[{"opp":"Over 2.5 & Yes","odds":"2.00"},{"opp":"Over 2.5 & No","odds":"5.50"},{"opp":"Under 2.5 & Yes","odds":"8.50"},{"opp":"Under 2.5 & No","odds":"3.00"}],"exact_total_goals":[{"opp":"0 Goals","odds":"17.00"},{"opp":"1 Goal","odds":"7.00"},{"opp":"2 Goals","odds":"4.33"},{"opp":"3 Goals","odds":"4.00"},{"opp":"4 Goals","odds":"5.00"},{"opp":"5 Goals","odds":"7.50"},{"opp":"6 Goals","odds":"13.00"},{"opp":"7+ Goals","odds":"10.50"}],"number_of_goals_in_match":[{"opp":"Under 2 goals","odds":"4.50"},{"opp":"2 or 3 goals","odds":"2.10"},{"opp":"Over 3 goals","odds":"2.25"}],"both_teams_to_score":[{"opp":"Yes","odds":"1.67"},{"opp":"No","odds":"2.10"}],"teams_to_score":[{"opp":"Both Teams","odds":"1.67"},{"opp":"Bentleigh Greens Only","odds":"2.60"},{"opp":"No Goal","odds":"17.00"},{"opp":"Green Gully Only","odds":"12.00"}],"both_teams_to_score_in_1st_half":[{"opp":"Yes","odds":"4.33"},{"opp":"No","odds":"1.20"}],"both_teams_to_score_in_2nd_half":[{"opp":"Yes","odds":"3.00"},{"opp":"No","odds":"1.36"}],"both_teams_to_score_1st_half_2nd_half":[{"opp":"Yes \/ Yes","odds":"13.00"},{"opp":"Yes \/ No","odds":"5.50"},{"opp":"No \/ Yes","odds":"3.60"},{"opp":"No \/ No","odds":"1.67"}],"first_half_goals":[{"goals":"0.5","odds":"1.29","header":"Over"},{"goals":"0.5","odds":"3.50","header":"Under"},{"goals":"1.5","odds":"2.25","header":"Over"},{"goals":"1.5","odds":"1.57","header":"Under"},{"goals":"2.5","odds":"5.50","header":"Over"},{"goals":"2.5","odds":"1.14","header":"Under"},{"goals":"3.5","odds":"15.00","header":"Over"},{"goals":"3.5","odds":"1.03","header":"Under"}],"exact_1st_half_goals":[{"opp":"0 Goals","odds":"3.50"},{"opp":"1 Goal","odds":"2.62"},{"opp":"2 Goals","odds":"3.75"},{"opp":"3 Goals","odds":"7.50"},{"opp":"4 Goals","odds":"21.00"},{"opp":"5+ Goals","odds":"34.00"}],"first_team_to_score":[{"opp":"Bentleigh Greens","odds":"1.33"},{"opp":"No Goals","odds":"17.00"},{"opp":"Green Gully","odds":"3.25"}],"2nd_half_goals":[{"goals":"0.5","odds":"1.14","header":"Over"},{"goals":"0.5","odds":"5.50","header":"Under"},{"goals":"1.5","odds":"1.73","header":"Over"},{"goals":"1.5","odds":"2.00","header":"Under"},{"goals":"2.5","odds":"3.40","header":"Over"},{"goals":"2.5","odds":"1.30","header":"Under"},{"goals":"3.5","odds":"7.00","header":"Over"},{"goals":"3.5","odds":"1.10","header":"Under"},{"goals":"4.5","odds":"19.00","header":"Over"},{"goals":"4.5","odds":"1.02","header":"Under"}],"exact_2nd_half_goals":[{"opp":"0 Goals","odds":"5.50"},{"opp":"1 Goal","odds":"3.10"},{"opp":"2 Goals","odds":"3.40"},{"opp":"3 Goals","odds":"5.50"},{"opp":"4 Goals","odds":"11.00"},{"opp":"5+ Goals","odds":"19.00"}],"half_with_most_goals":[{"opp":"1st Half","odds":"3.00"},{"opp":"2nd Half","odds":"1.95"},{"opp":"Tie","odds":"4.00"}],"home_team_highest_scoring_half":[{"opp":"Bentleigh Greens - 1st Half","odds":"3.10"},{"opp":"Bentleigh Greens - 2nd Half","odds":"2.10"},{"opp":"Bentleigh Greens - Tie","odds":"3.10"}],"away_team_highest_scoring_half":[{"opp":"Green Gully - 1st Half","odds":"4.00"},{"opp":"Green Gully - 2nd Half","odds":"2.88"},{"opp":"Green Gully - Tie","odds":"1.95"}],"home_team_exact_goals":[{"opp":"Bentleigh Greens - 0 Goals","odds":"7.00"},{"opp":"Bentleigh Greens - 1 Goal","odds":"3.60"},{"opp":"Bentleigh Greens - 2 Goals","odds":"3.40"},{"opp":"Bentleigh Greens - 3+ Goals","odds":"2.38"}],"away_team_exact_goals":[{"opp":"Green Gully - 0 Goals","odds":"2.38"},{"opp":"Green Gully - 1 Goal","odds":"2.50"},{"opp":"Green Gully - 2 Goals","odds":"4.75"},{"opp":"Green Gully - 3+ Goals","odds":"8.50"}],"goals_odd_even":[{"opp":"Even","odds":"1.90"},{"opp":"Odd","odds":"1.95"}],"home_team_odd_even_goals":[{"opp":"Bentleigh Greens - Even","odds":"1.83"},{"opp":"Bentleigh Greens - Odd","odds":"1.83"}],"away_team_odd_even_goals":[{"opp":"Green Gully - Even","odds":"1.62"},{"opp":"Green Gully - Odd","odds":"2.20"}],"1st_half_goals_odd_even":[{"opp":"Odd","odds":"2.00"},{"opp":"Even","odds":"1.80"}],"last_team_to_score":[{"opp":"Bentleigh Greens","odds":"1.33"},{"opp":"No Goal","odds":"17.00"},{"opp":"Green Gully","odds":"3.25"}]}},"half":{"updated_at":"1532569624","sp":{"half_time_result":[{"opp":"1","odds":"1.91"},{"opp":"X","odds":"2.50"},{"opp":"2","odds":"5.50"}],"half_time_double_chance":[{"opp":"1X","odds":"1.14"},{"opp":"X2","odds":"1.80"},{"opp":"12","odds":"1.50"}],"half_time_result_both_teams_to_score":[{"opp":"Bentleigh Greens & Yes","odds":"11.00"},{"opp":"Bentleigh Greens & No","odds":"2.25"},{"opp":"Draw & Yes","odds":"7.50"},{"opp":"Draw & No","odds":"3.50"},{"opp":"Green Gully & Yes","odds":"26.00"},{"opp":"Green Gully & No","odds":"6.50"}],"half_time_result_total_goals":[{"opp":"Bentleigh Greens & Over 1.5","odds":"3.75"},{"opp":"Bentleigh Greens & Under 1.5","odds":"3.60"},{"opp":"Draw & Over 1.5","odds":"8.00"},{"opp":"Draw & Under 1.5","odds":"3.50"},{"opp":"Green Gully & Over 1.5","odds":"15.00"},{"opp":"Green Gully & Under 1.5","odds":"7.50"}],"half_time_correct_score":[{"opp":"1-0","odds":"3.60","header":"Home"},{"opp":"0-0","odds":"3.50","header":"X"},{"opp":"1-0","odds":"7.50","header":"Away"},{"opp":"2-0","odds":"7.00","header":"Home"},{"opp":"1-1","odds":"8.00","header":"X"},{"opp":"2-0","odds":"29.00","header":"Away"},{"opp":"2-1","odds":"17.00","header":"Home"},{"opp":"2-2","odds":"51.00","header":"X"},{"opp":"2-1","odds":"34.00","header":"Away"},{"opp":"3-0","odds":"19.00","header":"Home"},{"opp":"3-0","odds":"101.00","header":"Away"},{"opp":"3-1","odds":"41.00","header":"Home"},{"opp":"3-1","odds":"101.00","header":"Away"},{"opp":"3-2","odds":"101.00","header":"Home"},{"opp":"4-0","odds":"51.00","header":"Home"},{"opp":"4-1","odds":"101.00","header":"Home"},{"opp":"5-0","odds":"151.00","header":"Home"}],"both_teams_to_score_in_1st_half":[{"opp":"Yes","odds":"4.33"},{"opp":"No","odds":"1.20"}],"both_teams_to_score_in_2nd_half":[{"opp":"Yes","odds":"3.00"},{"opp":"No","odds":"1.36"}],"both_teams_to_score_1st_half_2nd_half":[{"opp":"Yes \/ Yes","odds":"13.00"},{"opp":"Yes \/ No","odds":"5.50"},{"opp":"No \/ Yes","odds":"3.60"},{"opp":"No \/ No","odds":"1.67"}],"1st_half_handicap":[{"opp":"Bentleigh Greens  -1.0","odds":"4.50"},{"opp":"Tie - Green Gully +1.0","odds":"3.10"},{"opp":"Green Gully  +1.0","odds":"1.80"}],"alternative_1st_half_handicap_result":[{"opp":"-2.0","odds":"12.00","header":"Home"},{"opp":"+2.0","odds":"6.00","header":"Tie"},{"opp":"+2.0","odds":"1.17","header":"Away"},{"opp":"+1.0","odds":"1.14","header":"Home"},{"opp":"-1.0","odds":"6.00","header":"Tie"},{"opp":"-1.0","odds":"19.00","header":"Away"}],"first_half_goals":[{"goals":"0.5","odds":"1.29","header":"Over"},{"goals":"0.5","odds":"3.50","header":"Under"},{"goals":"1.5","odds":"2.25","header":"Over"},{"goals":"1.5","odds":"1.57","header":"Under"},{"goals":"2.5","odds":"5.50","header":"Over"},{"goals":"2.5","odds":"1.14","header":"Under"},{"goals":"3.5","odds":"15.00","header":"Over"},{"goals":"3.5","odds":"1.03","header":"Under"}],"exact_1st_half_goals":[{"opp":"0 Goals","odds":"3.50"},{"opp":"1 Goal","odds":"2.62"},{"opp":"2 Goals","odds":"3.75"},{"opp":"3 Goals","odds":"7.50"},{"opp":"4 Goals","odds":"21.00"},{"opp":"5+ Goals","odds":"34.00"}],"1st_half_goals_odd_even":[{"opp":"Odd","odds":"2.00"},{"opp":"Even","odds":"1.80"}],"to_score_in_half":[{"name":"1st Half","odds":"1.53","header":"Yes"},{"name":"1st Half","odds":"2.38","header":"No"},{"name":"2nd Half","odds":"1.33","header":"Yes"},{"name":"2nd Half","odds":"3.25","header":"No"},{"name":"1st Half","odds":"2.62","header":"Yes"},{"name":"1st Half","odds":"1.44","header":"No"},{"name":"2nd Half","odds":"2.20","header":"Yes"},{"name":"2nd Half","odds":"1.62","header":"No"}],"half_with_most_goals":[{"opp":"1st Half","odds":"3.00"},{"opp":"2nd Half","odds":"1.95"},{"opp":"Tie","odds":"4.00"}],"home_team_highest_scoring_half":[{"opp":"Bentleigh Greens - 1st Half","odds":"3.10"},{"opp":"Bentleigh Greens - 2nd Half","odds":"2.10"},{"opp":"Bentleigh Greens - Tie","odds":"3.10"}],"away_team_highest_scoring_half":[{"opp":"Green Gully - 1st Half","odds":"4.00"},{"opp":"Green Gully - 2nd Half","odds":"2.88"},{"opp":"Green Gully - Tie","odds":"1.95"}],"2nd_half_result":[{"opp":"1","odds":"1.73"},{"opp":"X","odds":"3.00"},{"opp":"2","odds":"5.00"}],"2nd_half_goals":[{"goals":"0.5","odds":"1.14","header":"Over"},{"goals":"0.5","odds":"5.50","header":"Under"},{"goals":"1.5","odds":"1.73","header":"Over"},{"goals":"1.5","odds":"2.00","header":"Under"},{"goals":"2.5","odds":"3.40","header":"Over"},{"goals":"2.5","odds":"1.30","header":"Under"},{"goals":"3.5","odds":"7.00","header":"Over"},{"goals":"3.5","odds":"1.10","header":"Under"},{"goals":"4.5","odds":"19.00","header":"Over"},{"goals":"4.5","odds":"1.02","header":"Under"}],"exact_2nd_half_goals":[{"opp":"0 Goals","odds":"5.50"},{"opp":"1 Goal","odds":"3.10"},{"opp":"2 Goals","odds":"3.40"},{"opp":"3 Goals","odds":"5.50"},{"opp":"4 Goals","odds":"11.00"},{"opp":"5+ Goals","odds":"19.00"}],"2nd_half_goals_odd_even":[{"opp":"Even","odds":"1.80"},{"opp":"Odd","odds":"1.91"}]}},"main":{"updated_at":"1532569585","sp":{"full_time_result":[{"opp":"1","odds":"1.44"},{"opp":"X","odds":"4.20"},{"opp":"2","odds":"5.50"}],"double_chance":[{"opp":"1X","odds":"1.12"},{"opp":"X2","odds":"2.62"},{"opp":"12","odds":"1.22"}],"correct_score":[{"opp":"1-0","odds":"9.00","header":"Home"},{"opp":"0-0","odds":"17.00","header":"X"},{"opp":"1-0","odds":"21.00","header":"Away"},{"opp":"2-0","odds":"8.00","header":"Home"},{"opp":"1-1","odds":"8.50","header":"X"},{"opp":"2-0","odds":"34.00","header":"Away"},{"opp":"2-1","odds":"8.50","header":"Home"},{"opp":"2-2","odds":"15.00","header":"X"},{"opp":"2-1","odds":"19.00","header":"Away"},{"opp":"3-0","odds":"11.00","header":"Home"},{"opp":"3-3","odds":"41.00","header":"X"},{"opp":"3-0","odds":"67.00","header":"Away"},{"opp":"3-1","odds":"11.00","header":"Home"},{"opp":"3-1","odds":"41.00","header":"Away"},{"opp":"3-2","odds":"21.00","header":"Home"},{"opp":"3-2","odds":"41.00","header":"Away"},{"opp":"4-0","odds":"19.00","header":"Home"},{"opp":"4-0","odds":"151.00","header":"Away"},{"opp":"4-1","odds":"19.00","header":"Home"},{"opp":"4-1","odds":"101.00","header":"Away"},{"opp":"4-2","odds":"34.00","header":"Home"},{"opp":"4-2","odds":"101.00","header":"Away"},{"opp":"4-3","odds":"67.00","header":"Home"},{"opp":"4-3","odds":"126.00","header":"Away"},{"opp":"5-0","odds":"34.00","header":"Home"},{"opp":"5-1","odds":"34.00","header":"Home"},{"opp":"5-2","odds":"51.00","header":"Home"},{"opp":"5-3","odds":"126.00","header":"Home"},{"opp":"6-0","odds":"51.00","header":"Home"},{"opp":"6-1","odds":"67.00","header":"Home"},{"opp":"6-2","odds":"101.00","header":"Home"},{"opp":"7-0","odds":"126.00","header":"Home"},{"opp":"7-1","odds":"151.00","header":"Home"}],"half_time_full_time":[{"opp":"Bentleigh Greens - Bentleigh Greens","odds":"2.20"},{"opp":"Bentleigh Greens - Draw","odds":"15.00"},{"opp":"Bentleigh Greens - Green Gully","odds":"41.00"},{"opp":"Draw - Bentleigh Greens","odds":"4.33"},{"opp":"Draw - Draw","odds":"7.50"},{"opp":"Draw - Green Gully","odds":"13.00"},{"opp":"Green Gully - Bentleigh Greens","odds":"19.00"},{"opp":"Green Gully - Draw","odds":"17.00"},{"opp":"Green Gully - Green Gully","odds":"10.00"}],"goals_over_under":[{"goals":"2.5","odds":"1.52","header":"Over"},{"goals":"2.5","odds":"2.42","header":"Under"}],"both_teams_to_score":[{"opp":"Yes","odds":"1.67"},{"opp":"No","odds":"2.10"}],"draw_no_bet":[{"opp":"Bentleigh Greens","odds":"1.17"},{"opp":"Green Gully","odds":"4.50"}],"result_both_teams_to_score":[{"name":"Bentleigh Greens","odds":"2.88","header":"Yes"},{"name":"Bentleigh Greens","odds":"2.62","header":"No"},{"name":"Green Gully","odds":"10.00","header":"Yes"},{"name":"Green Gully","odds":"12.00","header":"No"},{"name":"Draw","odds":"5.50","header":"Yes"},{"name":"Draw","odds":"17.00","header":"No"}],"handicap_result":[{"opp":"Bentleigh Greens (-1)","odds":"2.20"},{"opp":"Tie - (Green Gully +1)","odds":"3.75"},{"opp":"Green Gully (+1)","odds":"2.62"}],"alternative_handicap_result":[{"opp":"-3.0","odds":"7.00","header":"Home"},{"opp":"+3.0","odds":"6.50","header":"Tie"},{"opp":"+3.0","odds":"1.22","header":"Away"},{"opp":"-2.0","odds":"3.75","header":"Home"},{"opp":"+2.0","odds":"4.50","header":"Tie"},{"opp":"+2.0","odds":"1.62","header":"Away"},{"opp":"+1.0","odds":"1.12","header":"Home"},{"opp":"-1.0","odds":"8.00","header":"Tie"},{"opp":"-1.0","odds":"12.00","header":"Away"},{"opp":"+2.0","odds":"1.04","header":"Home"},{"opp":"-2.0","odds":"13.00","header":"Tie"},{"opp":"-2.0","odds":"19.00","header":"Away"}],"winning_margin":[{"goals":" 1","odds":"3.75","header":"Home"},{"goals":" 1","odds":"8.00","header":"Away"},{"goals":" 2","odds":"4.50","header":"Home"},{"goals":" 2","odds":"13.00","header":"Away"},{"goals":" 3","odds":"6.50","header":"Home"},{"goals":" 3","odds":"51.00","header":"Away"},{"goals":" 4+","odds":"7.00","header":"Home"},{"goals":" 4+","odds":"101.00","header":"Away"},{"goals":"Score Draw","odds":"5.50","header":"Home"},{"goals":"No Goal","odds":"17.00","header":"Home"}]}},"schedule":{"updated_at":"1532569974","sp":{"main":[{"odds":"1.44"},{"odds":"4.20"},{"odds":"5.50"}]}},"specials":{"updated_at":"1532569616","sp":{"specials":[{"name":"To Win From Behind","odds":"8.00","header":"Home"},{"name":"To Win From Behind","odds":"21.00","header":"Away"},{"name":"To Win to Nil","odds":"2.62","header":"Home"},{"name":"To Win to Nil","odds":"12.00","header":"Away"},{"name":"To Win Either Half","odds":"1.25","header":"Home"},{"name":"To Win Either Half","odds":"3.00","header":"Away"},{"name":"To Win Both Halves","odds":"3.40","header":"Home"},{"name":"To Win Both Halves","odds":"29.00","header":"Away"},{"name":"To Score in Both Halves","odds":"2.10","header":"Home"},{"name":"To Score in Both Halves","odds":"6.00","header":"Away"}],"to_score_in_half":[{"name":"1st Half","odds":"1.53","header":"Yes"},{"name":"1st Half","odds":"2.38","header":"No"},{"name":"2nd Half","odds":"1.33","header":"Yes"},{"name":"2nd Half","odds":"3.25","header":"No"},{"name":"1st Half","odds":"2.62","header":"Yes"},{"name":"1st Half","odds":"1.44","header":"No"},{"name":"2nd Half","odds":"2.20","header":"Yes"},{"name":"2nd Half","odds":"1.62","header":"No"}]}}}]}}