{"odd":{"success":1,"results":[{"FI":"75244249","event_id":"795717","asian_lines":{"updated_at":"1532571061","sp":{"asian_handicap":[{"opp":"0.0","odds":"1.850","header":"Home"},{"opp":"0.0","odds":"1.950","header":"Away"}],"goal_line":[{"goals":"2.5","odds":"1.975","header":"Over"},{"goals":"2.5","odds":"1.825","header":"Under"}],"alternative_asian_handicap":[{"opp":"-1.5, -2.0","odds":"7.000","header":"Home"},{"opp":"+1.5, +2.0","odds":"1.100","header":"Away"},{"opp":"-1.5","odds":"5.250","header":"Home"},{"opp":"+1.5","odds":"1.160","header":"Away"},{"opp":"-1.0, -1.5","odds":"4.650","header":"Home"},{"opp":"+1.0, +1.5","odds":"1.180","header":"Away"},{"opp":"-1.0","odds":"4.150","header":"Home"},{"opp":"+1.0","odds":"1.220","header":"Away"},{"opp":"-0.5, -1.0","odds":"3.100","header":"Home"},{"opp":"+0.5, +1.0","odds":"1.350","header":"Away"},{"opp":"-0.5","odds":"2.500","header":"Home"},{"opp":"+0.5","odds":"1.500","header":"Away"},{"opp":"0.0, -0.5","odds":"2.200","header":"Home"},{"opp":"0.0, +0.5","odds":"1.650","header":"Away"},{"opp":"0.0, +0.5","odds":"1.600","header":"Home"},{"opp":"0.0, -0.5","odds":"2.300","header":"Away"},{"opp":"+0.5","odds":"1.475","header":"Home"},{"opp":"-0.5","odds":"2.600","header":"Away"},{"opp":"+0.5, +1.0","odds":"1.325","header":"Home"},{"opp":"-0.5, -1.0","odds":"3.300","header":"Away"},{"opp":"+1.0","odds":"1.200","header":"Home"},{"opp":"-1.0","odds":"4.400","header":"Away"},{"opp":"+1.0, +1.5","odds":"1.170","header":"Home"},{"opp":"-1.0, -1.5","odds":"5.000","header":"Away"},{"opp":"+1.5","odds":"1.150","header":"Home"},{"opp":"-1.5","odds":"5.500","header":"Away"}],"alternative_goal_line":[{"goals":"1.0, 1.5","odds":"1.190","header":"Over"},{"goals":"1.0, 1.5","odds":"4.500","header":"Under"},{"goals":"1.5","odds":"1.300","header":"Over"},{"goals":"1.5","odds":"3.450","header":"Under"},{"goals":"1.5, 2.0","odds":"1.375","header":"Over"},{"goals":"1.5, 2.0","odds":"3.000","header":"Under"},{"goals":"2.0","odds":"1.475","header":"Over"},{"goals":"2.0","odds":"2.600","header":"Under"},{"goals":"2.0, 2.5","odds":"1.725","header":"Over"},{"goals":"2.0, 2.5","odds":"2.075","header":"Under"},{"goals":"2.5, 3.0","odds":"2.200","header":"Over"},{"goals":"2.5, 3.0","odds":"1.650","header":"Under"},{"goals":"3.0","odds":"2.675","header":"Over"},{"goals":"3.0","odds":"1.450","header":"Under"},{"goals":"3.0, 3.5","odds":"3.000","header":"Over"},{"goals":"3.0, 3.5","odds":"1.375","header":"Under"},{"goals":"3.5","odds":"3.300","header":"Over"},{"goals":"3.5","odds":"1.325","header":"Under"},{"goals":"3.5, 4.0","odds":"4.100","header":"Over"},{"goals":"3.5, 4.0","odds":"1.225","header":"Under"},{"goals":"4.0","odds":"5.750","header":"Over"},{"goals":"4.0","odds":"1.140","header":"Under"},{"goals":"4.0, 4.5","odds":"6.250","header":"Over"},{"goals":"4.0, 4.5","odds":"1.120","header":"Under"},{"goals":"4.5","odds":"6.600","header":"Over"},{"goals":"4.5","odds":"1.110","header":"Under"}],"1st_half_asian_handicap":[{"opp":"0.0","odds":"1.875","header":"Home"},{"opp":"0.0","odds":"1.925","header":"Away"}],"1st_half_goal_line":[{"goals":"1.0","odds":"1.950","header":"Over"},{"goals":"1.0","odds":"1.850","header":"Under"}],"alternative_1st_half_asian_handicap":[{"opp":"-0.5, -1.0","odds":"4.400","header":"Home"},{"opp":"+0.5, +1.0","odds":"1.200","header":"Away"},{"opp":"-0.5","odds":"3.300","header":"Home"},{"opp":"+0.5","odds":"1.325","header":"Away"},{"opp":"0.0, -0.5","odds":"2.500","header":"Home"},{"opp":"0.0, +0.5","odds":"1.500","header":"Away"},{"opp":"0.0, +0.5","odds":"1.475","header":"Home"},{"opp":"0.0, -0.5","odds":"2.600","header":"Away"},{"opp":"+0.5","odds":"1.325","header":"Home"},{"opp":"-0.5","odds":"3.300","header":"Away"},{"opp":"+0.5, +1.0","odds":"1.200","header":"Home"},{"opp":"-0.5, -1.0","odds":"4.400","header":"Away"}],"alternative_1st_half_goal_line":[{"goals":"0.5, 1.0","odds":"1.575","header":"Over"},{"goals":"0.5, 1.0","odds":"2.350","header":"Under"},{"goals":"1.0, 1.5","odds":"2.375","header":"Over"},{"goals":"1.0, 1.5","odds":"1.550","header":"Under"},{"goals":"1.5","odds":"2.850","header":"Over"},{"goals":"1.5","odds":"1.400","header":"Under"},{"goals":"1.5, 2.0","odds":"3.800","header":"Over"},{"goals":"1.5, 2.0","odds":"1.250","header":"Under"},{"goals":"2.0","odds":"6.250","header":"Over"},{"goals":"2.0","odds":"1.120","header":"Under"},{"goals":"2.0, 2.5","odds":"7.000","header":"Over"},{"goals":"2.0, 2.5","odds":"1.100","header":"Under"}]}},"goals":{"updated_at":"1532571089","sp":{"goals_over_under":[{"goals":"2.5","odds":"2.00","header":"Over"},{"goals":"2.5","odds":"1.80","header":"Under"}],"alternative_total_goals":[{"goals":"0.5","odds":"1.06","header":"Over "},{"goals":"0.5","odds":"10.00","header":"Under"},{"goals":"1.5","odds":"1.29","header":"Over "},{"goals":"1.5","odds":"3.50","header":"Under"},{"goals":"3.5","odds":"3.25","header":"Over "},{"goals":"3.5","odds":"1.33","header":"Under"},{"goals":"4.5","odds":"6.50","header":"Over "},{"goals":"4.5","odds":"1.11","header":"Under"},{"goals":"5.5","odds":"15.00","header":"Over "},{"goals":"5.5","odds":"1.03","header":"Under"}],"result_total_goals":[{"opp":"CD Antofagasta & Over 2.5","odds":"4.00"},{"opp":"CD Antofagasta & Under 2.5","odds":"5.50"},{"opp":"Draw & Over 2.5","odds":"12.00"},{"opp":"Draw & Under  2.5","odds":"4.33"},{"opp":"Universidad de Chile & Over 2.5","odds":"4.33"},{"opp":"Universidad de Chile & Under 2.5","odds":"6.00"}],"total_goals_both_teams_to_score":[{"opp":"Over 2.5 & Yes","odds":"2.20"},{"opp":"Over 2.5 & No","odds":"11.00"},{"opp":"Under 2.5 & Yes","odds":"6.00"},{"opp":"Under 2.5 & No","odds":"2.40"}],"exact_total_goals":[{"opp":"0 Goals","odds":"10.00"},{"opp":"1 Goal","odds":"5.00"},{"opp":"2 Goals","odds":"3.50"},{"opp":"3 Goals","odds":"4.33"},{"opp":"4 Goals","odds":"6.00"},{"opp":"5 Goals","odds":"11.00"},{"opp":"6 Goals","odds":"23.00"},{"opp":"7+ Goals","odds":"29.00"}],"number_of_goals_in_match":[{"opp":"Under 2 goals","odds":"3.50"},{"opp":"2 or 3 goals","odds":"2.00"},{"opp":"Over 3 goals","odds":"3.25"}],"both_teams_to_score":[{"opp":"Yes","odds":"1.73"},{"opp":"No","odds":"2.00"}],"teams_to_score":[{"opp":"Both Teams","odds":"1.73"},{"opp":"CD Antofagasta Only","odds":"4.33"},{"opp":"No Goal","odds":"10.00"},{"opp":"Universidad de Chile Only","odds":"4.50"}],"both_teams_to_score_in_1st_half":[{"opp":"Yes","odds":"4.50"},{"opp":"No","odds":"1.18"}],"both_teams_to_score_in_2nd_half":[{"opp":"Yes","odds":"3.25"},{"opp":"No","odds":"1.33"}],"both_teams_to_score_1st_half_2nd_half":[{"opp":"Yes \/ Yes","odds":"15.00"},{"opp":"Yes \/ No","odds":"6.00"},{"opp":"No \/ Yes","odds":"3.75"},{"opp":"No \/ No","odds":"1.62"}],"first_half_goals":[{"goals":"0.5","odds":"1.40","header":"Over"},{"goals":"0.5","odds":"2.75","header":"Under"},{"goals":"1.5","odds":"2.75","header":"Over"},{"goals":"1.5","odds":"1.40","header":"Under"},{"goals":"2.5","odds":"8.00","header":"Over"},{"goals":"2.5","odds":"1.08","header":"Under"},{"goals":"3.5","odds":"21.00","header":"Over"},{"goals":"3.5","odds":"1.02","header":"Under"}],"exact_1st_half_goals":[{"opp":"0 Goals","odds":"2.75"},{"opp":"1 Goal","odds":"2.50"},{"opp":"2 Goals","odds":"4.00"},{"opp":"3 Goals","odds":"10.00"},{"opp":"4 Goals","odds":"29.00"},{"opp":"5+ Goals","odds":"51.00"}],"total_goal_minutes":[{"opp":"Over 140 minutes","odds":"2.10"},{"opp":"120 To 140 minutes inc.","odds":"8.50"},{"opp":"Under 120 minutes","odds":"1.91"}],"first_team_to_score":[{"opp":"CD Antofagasta","odds":"1.83"},{"opp":"No Goals","odds":"10.00"},{"opp":"Universidad de Chile","odds":"2.10"}],"early_goal":[{"opp":"Goal before 29:00","odds":"1.83"},{"opp":"No Goal before 29:00","odds":"1.83"}],"late_goal":[{"opp":"Goal after 72:59","odds":"1.83"},{"opp":"No Goal after 72:59","odds":"1.83"}],"time_of_first_goal_brackets":[{"opp":"1-10","odds":"4.33"},{"opp":"11-20","odds":"5.00"},{"opp":"21-30","odds":"6.00"},{"opp":"31-40","odds":"7.00"},{"opp":"41-50","odds":"8.00"},{"opp":"51-60","odds":"13.00"},{"opp":"61-70","odds":"17.00"},{"opp":"71-80","odds":"19.00"},{"opp":"81 - Full Time","odds":"19.00"},{"opp":"No Goal","odds":"10.00"}],"2nd_half_goals":[{"goals":"0.5","odds":"1.22","header":"Over"},{"goals":"0.5","odds":"4.00","header":"Under"},{"goals":"1.5","odds":"2.10","header":"Over"},{"goals":"1.5","odds":"1.67","header":"Under"},{"goals":"2.5","odds":"4.50","header":"Over"},{"goals":"2.5","odds":"1.18","header":"Under"},{"goals":"3.5","odds":"11.00","header":"Over"},{"goals":"3.5","odds":"1.05","header":"Under"}],"exact_2nd_half_goals":[{"opp":"0 Goals","odds":"4.00"},{"opp":"1 Goal","odds":"2.75"},{"opp":"2 Goals","odds":"3.50"},{"opp":"3 Goals","odds":"6.50"},{"opp":"4 Goals","odds":"17.00"},{"opp":"5+ Goals","odds":"29.00"}],"half_with_most_goals":[{"opp":"1st Half","odds":"3.10"},{"opp":"2nd Half","odds":"2.05"},{"opp":"Tie","odds":"3.50"}],"home_team_highest_scoring_half":[{"opp":"CD Antofagasta - 1st Half","odds":"3.50"},{"opp":"CD Antofagasta - 2nd Half","odds":"2.50"},{"opp":"CD Antofagasta - Tie","odds":"2.30"}],"away_team_highest_scoring_half":[{"opp":"Universidad de Chile - 1st Half","odds":"3.60"},{"opp":"Universidad de Chile - 2nd Half","odds":"2.50"},{"opp":"Universidad de Chile - Tie","odds":"2.30"}],"home_team_exact_goals":[{"opp":"CD Antofagasta - 0 Goals","odds":"3.50"},{"opp":"CD Antofagasta - 1 Goal","odds":"2.60"},{"opp":"CD Antofagasta - 2 Goals","odds":"3.75"},{"opp":"CD Antofagasta - 3+ Goals","odds":"5.50"}],"away_team_exact_goals":[{"opp":"Universidad de Chile - 0 Goals","odds":"3.40"},{"opp":"Universidad de Chile - 1 Goal","odds":"2.60"},{"opp":"Universidad de Chile - 2 Goals","odds":"3.75"},{"opp":"Universidad de Chile - 3+ Goals","odds":"6.00"}],"time_of_1st_team_goal":[{"opp":"CD Antofagasta - Goal before 54:00","odds":"1.83"},{"opp":"CD Antofagasta - No Goal before 54:00","odds":"1.83"},{"opp":"Universidad de Chile - Goal before 55:00","odds":"1.83"},{"opp":"Universidad de Chile - No Goal before 55:00","odds":"1.83"}],"goals_odd_even":[{"opp":"Even","odds":"1.90"},{"opp":"Odd","odds":"1.95"}],"home_team_odd_even_goals":[{"opp":"CD Antofagasta - Even","odds":"1.73"},{"opp":"CD Antofagasta - Odd","odds":"2.00"}],"away_team_odd_even_goals":[{"opp":"Universidad de Chile - Even","odds":"1.73"},{"opp":"Universidad de Chile - Odd","odds":"2.00"}],"1st_half_goals_odd_even":[{"opp":"Odd","odds":"2.10"},{"opp":"Even","odds":"1.73"}],"last_team_to_score":[{"opp":"CD Antofagasta","odds":"1.83"},{"opp":"No Goal","odds":"10.00"},{"opp":"Universidad de Chile","odds":"2.10"}],"first_10_minutes_(00:00_09:59)":[{"name":"Goals","handicap":"0.5","odds":"4.33","header":"Over"},{"name":"Goals","handicap":"0.5","odds":"1.20","header":"Under"}]}},"half":{"updated_at":"1532571103","sp":{"half_time_result":[{"opp":"1","odds":"3.20"},{"opp":"X","odds":"2.20"},{"opp":"2","odds":"3.25"}],"half_time_double_chance":[{"opp":"1X","odds":"1.33"},{"opp":"X2","odds":"1.36"},{"opp":"12","odds":"1.62"}],"half_time_result_both_teams_to_score":[{"opp":"CD Antofagasta & Yes","odds":"21.00"},{"opp":"CD Antofagasta & No","odds":"3.60"},{"opp":"Draw & Yes","odds":"7.50"},{"opp":"Draw & No","odds":"2.88"},{"opp":"Universidad de Chile & Yes","odds":"21.00"},{"opp":"Universidad de Chile & No","odds":"3.60"}],"half_time_result_total_goals":[{"opp":"CD Antofagasta & Over 1.5","odds":"8.00"},{"opp":"CD Antofagasta & Under 1.5","odds":"4.50"},{"opp":"Draw & Over 1.5","odds":"7.50"},{"opp":"Draw & Under 1.5","odds":"2.75"},{"opp":"Universidad de Chile & Over 1.5","odds":"8.50"},{"opp":"Universidad de Chile & Under 1.5","odds":"4.75"}],"half_time_correct_score":[{"opp":"1-0","odds":"4.50","header":"Home"},{"opp":"0-0","odds":"2.75","header":"X"},{"opp":"1-0","odds":"4.75","header":"Away"},{"opp":"2-0","odds":"15.00","header":"Home"},{"opp":"1-1","odds":"7.50","header":"X"},{"opp":"2-0","odds":"15.00","header":"Away"},{"opp":"2-1","odds":"23.00","header":"Home"},{"opp":"2-2","odds":"51.00","header":"X"},{"opp":"2-1","odds":"23.00","header":"Away"},{"opp":"3-0","odds":"51.00","header":"Home"},{"opp":"3-0","odds":"51.00","header":"Away"},{"opp":"3-1","odds":"67.00","header":"Home"},{"opp":"3-1","odds":"67.00","header":"Away"},{"opp":"3-2","odds":"201.00","header":"Home"},{"opp":"3-2","odds":"201.00","header":"Away"},{"opp":"4-0","odds":"201.00","header":"Home"},{"opp":"4-0","odds":"201.00","header":"Away"},{"opp":"4-1","odds":"351.00","header":"Home"},{"opp":"4-1","odds":"351.00","header":"Away"}],"both_teams_to_score_in_1st_half":[{"opp":"Yes","odds":"4.50"},{"opp":"No","odds":"1.18"}],"both_teams_to_score_in_2nd_half":[{"opp":"Yes","odds":"3.25"},{"opp":"No","odds":"1.33"}],"both_teams_to_score_1st_half_2nd_half":[{"opp":"Yes \/ Yes","odds":"15.00"},{"opp":"Yes \/ No","odds":"6.00"},{"opp":"No \/ Yes","odds":"3.75"},{"opp":"No \/ No","odds":"1.62"}],"1st_half_asian_handicap":[{"opp":"0.0","odds":"1.875","header":"Home"},{"opp":"0.0","odds":"1.925","header":"Away"}],"1st_half_goal_line":[{"goals":"1.0","odds":"1.950","header":"Over"},{"goals":"1.0","odds":"1.850","header":"Under"}],"alternative_1st_half_asian_handicap":[{"opp":"-0.5, -1.0","odds":"4.400","header":"Home"},{"opp":"+0.5, +1.0","odds":"1.200","header":"Away"},{"opp":"-0.5","odds":"3.300","header":"Home"},{"opp":"+0.5","odds":"1.325","header":"Away"},{"opp":"0.0, -0.5","odds":"2.500","header":"Home"},{"opp":"0.0, +0.5","odds":"1.500","header":"Away"},{"opp":"0.0, +0.5","odds":"1.475","header":"Home"},{"opp":"0.0, -0.5","odds":"2.600","header":"Away"},{"opp":"+0.5","odds":"1.325","header":"Home"},{"opp":"-0.5","odds":"3.300","header":"Away"},{"opp":"+0.5, +1.0","odds":"1.200","header":"Home"},{"opp":"-0.5, -1.0","odds":"4.400","header":"Away"}],"alternative_1st_half_goal_line":[{"goals":"0.5, 1.0","odds":"1.575","header":"Over"},{"goals":"0.5, 1.0","odds":"2.350","header":"Under"},{"goals":"1.0, 1.5","odds":"2.375","header":"Over"},{"goals":"1.0, 1.5","odds":"1.550","header":"Under"},{"goals":"1.5","odds":"2.850","header":"Over"},{"goals":"1.5","odds":"1.400","header":"Under"},{"goals":"1.5, 2.0","odds":"3.800","header":"Over"},{"goals":"1.5, 2.0","odds":"1.250","header":"Under"},{"goals":"2.0","odds":"6.250","header":"Over"},{"goals":"2.0","odds":"1.120","header":"Under"},{"goals":"2.0, 2.5","odds":"7.000","header":"Over"},{"goals":"2.0, 2.5","odds":"1.100","header":"Under"}],"1st_half_handicap":[{"opp":"CD Antofagasta  -1.0","odds":"10.00"},{"opp":"Tie - Universidad de Chile +1.0","odds":"4.00"},{"opp":"Universidad de Chile  +1.0","odds":"1.36"}],"alternative_1st_half_handicap_result":[{"opp":"-2.0","odds":"23.00","header":"Home"},{"opp":"+2.0","odds":"11.00","header":"Tie"},{"opp":"+2.0","odds":"1.05","header":"Away"},{"opp":"+1.0","odds":"1.33","header":"Home"},{"opp":"-1.0","odds":"4.00","header":"Tie"},{"opp":"-1.0","odds":"11.00","header":"Away"}],"first_half_goals":[{"goals":"0.5","odds":"1.40","header":"Over"},{"goals":"0.5","odds":"2.75","header":"Under"},{"goals":"1.5","odds":"2.75","header":"Over"},{"goals":"1.5","odds":"1.40","header":"Under"},{"goals":"2.5","odds":"8.00","header":"Over"},{"goals":"2.5","odds":"1.08","header":"Under"},{"goals":"3.5","odds":"21.00","header":"Over"},{"goals":"3.5","odds":"1.02","header":"Under"}],"exact_1st_half_goals":[{"opp":"0 Goals","odds":"2.75"},{"opp":"1 Goal","odds":"2.50"},{"opp":"2 Goals","odds":"4.00"},{"opp":"3 Goals","odds":"10.00"},{"opp":"4 Goals","odds":"29.00"},{"opp":"5+ Goals","odds":"51.00"}],"1st_half_goals_odd_even":[{"opp":"Odd","odds":"2.10"},{"opp":"Even","odds":"1.73"}],"to_score_in_half":[{"name":"1st Half","odds":"2.10","header":"Yes"},{"name":"1st Half","odds":"1.67","header":"No"},{"name":"2nd Half","odds":"1.73","header":"Yes"},{"name":"2nd Half","odds":"2.00","header":"No"},{"name":"1st Half","odds":"2.10","header":"Yes"},{"name":"1st Half","odds":"1.67","header":"No"},{"name":"2nd Half","odds":"1.80","header":"Yes"},{"name":"2nd Half","odds":"1.91","header":"No"}],"half_with_most_goals":[{"opp":"1st Half","odds":"3.10"},{"opp":"2nd Half","odds":"2.05"},{"opp":"Tie","odds":"3.50"}],"home_team_highest_scoring_half":[{"opp":"CD Antofagasta - 1st Half","odds":"3.50"},{"opp":"CD Antofagasta - 2nd Half","odds":"2.50"},{"opp":"CD Antofagasta - Tie","odds":"2.30"}],"away_team_highest_scoring_half":[{"opp":"Universidad de Chile - 1st Half","odds":"3.60"},{"opp":"Universidad de Chile - 2nd Half","odds":"2.50"},{"opp":"Universidad de Chile - Tie","odds":"2.30"}],"2nd_half_result":[{"opp":"1","odds":"2.75"},{"opp":"X","odds":"2.50"},{"opp":"2","odds":"2.88"}],"2nd_half_goals":[{"goals":"0.5","odds":"1.22","header":"Over"},{"goals":"0.5","odds":"4.00","header":"Under"},{"goals":"1.5","odds":"2.10","header":"Over"},{"goals":"1.5","odds":"1.67","header":"Under"},{"goals":"2.5","odds":"4.50","header":"Over"},{"goals":"2.5","odds":"1.18","header":"Under"},{"goals":"3.5","odds":"11.00","header":"Over"},{"goals":"3.5","odds":"1.05","header":"Under"}],"exact_2nd_half_goals":[{"opp":"0 Goals","odds":"4.00"},{"opp":"1 Goal","odds":"2.75"},{"opp":"2 Goals","odds":"3.50"},{"opp":"3 Goals","odds":"6.50"},{"opp":"4 Goals","odds":"17.00"},{"opp":"5+ Goals","odds":"29.00"}],"2nd_half_goals_odd_even":[{"opp":"Even","odds":"1.80"},{"opp":"Odd","odds":"1.91"}]}},"main":{"updated_at":"1532571042","sp":{"full_time_result":[{"opp":"1","odds":"2.50"},{"opp":"X","odds":"3.20"},{"opp":"2","odds":"2.62"}],"double_chance":[{"opp":"1X","odds":"1.44"},{"opp":"X2","odds":"1.50"},{"opp":"12","odds":"1.36"}],"correct_score":[{"opp":"1-0","odds":"9.00","header":"Home"},{"opp":"0-0","odds":"10.00","header":"X"},{"opp":"1-0","odds":"9.00","header":"Away"},{"opp":"2-0","odds":"13.00","header":"Home"},{"opp":"1-1","odds":"6.00","header":"X"},{"opp":"2-0","odds":"13.00","header":"Away"},{"opp":"2-1","odds":"10.00","header":"Home"},{"opp":"2-2","odds":"13.00","header":"X"},{"opp":"2-1","odds":"10.00","header":"Away"},{"opp":"3-0","odds":"26.00","header":"Home"},{"opp":"3-3","odds":"41.00","header":"X"},{"opp":"3-0","odds":"26.00","header":"Away"},{"opp":"3-1","odds":"21.00","header":"Home"},{"opp":"4-4","odds":"251.00","header":"X"},{"opp":"3-1","odds":"21.00","header":"Away"},{"opp":"3-2","odds":"29.00","header":"Home"},{"opp":"3-2","odds":"29.00","header":"Away"},{"opp":"4-0","odds":"51.00","header":"Home"},{"opp":"4-0","odds":"51.00","header":"Away"},{"opp":"4-1","odds":"41.00","header":"Home"},{"opp":"4-1","odds":"41.00","header":"Away"},{"opp":"4-2","odds":"51.00","header":"Home"},{"opp":"4-2","odds":"51.00","header":"Away"},{"opp":"4-3","odds":"101.00","header":"Home"},{"opp":"4-3","odds":"101.00","header":"Away"},{"opp":"5-0","odds":"126.00","header":"Home"},{"opp":"5-0","odds":"151.00","header":"Away"},{"opp":"5-1","odds":"101.00","header":"Home"},{"opp":"5-1","odds":"126.00","header":"Away"},{"opp":"5-2","odds":"151.00","header":"Home"},{"opp":"5-2","odds":"151.00","header":"Away"},{"opp":"5-3","odds":"351.00","header":"Home"},{"opp":"5-3","odds":"351.00","header":"Away"}],"half_time_full_time":[{"opp":"CD Antofagasta - CD Antofagasta","odds":"4.33"},{"opp":"CD Antofagasta - Draw","odds":"15.00"},{"opp":"CD Antofagasta - Universidad de Chile","odds":"29.00"},{"opp":"Draw - CD Antofagasta","odds":"6.00"},{"opp":"Draw - Draw","odds":"5.00"},{"opp":"Draw - Universidad de Chile","odds":"6.00"},{"opp":"Universidad de Chile - CD Antofagasta","odds":"29.00"},{"opp":"Universidad de Chile - Draw","odds":"15.00"},{"opp":"Universidad de Chile - Universidad de Chile","odds":"4.33"}],"goals_over_under":[{"goals":"2.5","odds":"2.00","header":"Over"},{"goals":"2.5","odds":"1.80","header":"Under"}],"both_teams_to_score":[{"opp":"Yes","odds":"1.73"},{"opp":"No","odds":"2.00"}],"asian_handicap":[{"opp":"0.0","odds":"1.850","header":"Home"},{"opp":"0.0","odds":"1.950","header":"Away"}],"goal_line":[{"goals":"2.5","odds":"1.975","header":"Over"},{"goals":"2.5","odds":"1.825","header":"Under"}],"alternative_asian_handicap":[{"opp":"-1.5, -2.0","odds":"7.000","header":"Home"},{"opp":"+1.5, +2.0","odds":"1.100","header":"Away"},{"opp":"-1.5","odds":"5.250","header":"Home"},{"opp":"+1.5","odds":"1.160","header":"Away"},{"opp":"-1.0, -1.5","odds":"4.650","header":"Home"},{"opp":"+1.0, +1.5","odds":"1.180","header":"Away"},{"opp":"-1.0","odds":"4.150","header":"Home"},{"opp":"+1.0","odds":"1.220","header":"Away"},{"opp":"-0.5, -1.0","odds":"3.100","header":"Home"},{"opp":"+0.5, +1.0","odds":"1.350","header":"Away"},{"opp":"-0.5","odds":"2.500","header":"Home"},{"opp":"+0.5","odds":"1.500","header":"Away"},{"opp":"0.0, -0.5","odds":"2.200","header":"Home"},{"opp":"0.0, +0.5","odds":"1.650","header":"Away"},{"opp":"0.0, +0.5","odds":"1.600","header":"Home"},{"opp":"0.0, -0.5","odds":"2.300","header":"Away"},{"opp":"+0.5","odds":"1.475","header":"Home"},{"opp":"-0.5","odds":"2.600","header":"Away"},{"opp":"+0.5, +1.0","odds":"1.325","header":"Home"},{"opp":"-0.5, -1.0","odds":"3.300","header":"Away"},{"opp":"+1.0","odds":"1.200","header":"Home"},{"opp":"-1.0","odds":"4.400","header":"Away"},{"opp":"+1.0, +1.5","odds":"1.170","header":"Home"},{"opp":"-1.0, -1.5","odds":"5.000","header":"Away"},{"opp":"+1.5","odds":"1.150","header":"Home"},{"opp":"-1.5","odds":"5.500","header":"Away"}],"alternative_goal_line":[{"goals":"1.0, 1.5","odds":"1.190","header":"Over"},{"goals":"1.0, 1.5","odds":"4.500","header":"Under"},{"goals":"1.5","odds":"1.300","header":"Over"},{"goals":"1.5","odds":"3.450","header":"Under"},{"goals":"1.5, 2.0","odds":"1.375","header":"Over"},{"goals":"1.5, 2.0","odds":"3.000","header":"Under"},{"goals":"2.0","odds":"1.475","header":"Over"},{"goals":"2.0","odds":"2.600","header":"Under"},{"goals":"2.0, 2.5","odds":"1.725","header":"Over"},{"goals":"2.0, 2.5","odds":"2.075","header":"Under"},{"goals":"2.5, 3.0","odds":"2.200","header":"Over"},{"goals":"2.5, 3.0","odds":"1.650","header":"Under"},{"goals":"3.0","odds":"2.675","header":"Over"},{"goals":"3.0","odds":"1.450","header":"Under"},{"goals":"3.0, 3.5","odds":"3.000","header":"Over"},{"goals":"3.0, 3.5","odds":"1.375","header":"Under"},{"goals":"3.5","odds":"3.300","header":"Over"},{"goals":"3.5","odds":"1.325","header":"Under"},{"goals":"3.5, 4.0","odds":"4.100","header":"Over"},{"goals":"3.5, 4.0","odds":"1.225","header":"Under"},{"goals":"4.0","odds":"5.750","header":"Over"},{"goals":"4.0","odds":"1.140","header":"Under"},{"goals":"4.0, 4.5","odds":"6.250","header":"Over"},{"goals":"4.0, 4.5","odds":"1.120","header":"Under"},{"goals":"4.5","odds":"6.600","header":"Over"},{"goals":"4.5","odds":"1.110","header":"Under"}],"draw_no_bet":[{"opp":"CD Antofagasta","odds":"1.83"},{"opp":"Universidad de Chile","odds":"1.83"}],"result_both_teams_to_score":[{"name":"CD Antofagasta","odds":"5.00","header":"Yes"},{"name":"CD Antofagasta","odds":"4.50","header":"No"},{"name":"Universidad de Chile","odds":"5.50","header":"Yes"},{"name":"Universidad de Chile","odds":"4.75","header":"No"},{"name":"Draw","odds":"4.33","header":"Yes"},{"name":"Draw","odds":"10.00","header":"No"}],"handicap_result":[{"opp":"CD Antofagasta (-1)","odds":"5.00"},{"opp":"Tie - (Universidad de Chile +1)","odds":"4.33"},{"opp":"Universidad de Chile (+1)","odds":"1.50"}],"alternative_handicap_result":[{"opp":"-3.0","odds":"19.00","header":"Home"},{"opp":"+3.0","odds":"13.00","header":"Tie"},{"opp":"+3.0","odds":"1.04","header":"Away"},{"opp":"-2.0","odds":"11.00","header":"Home"},{"opp":"+2.0","odds":"7.00","header":"Tie"},{"opp":"+2.0","odds":"1.12","header":"Away"},{"opp":"+1.0","odds":"1.44","header":"Home"},{"opp":"-1.0","odds":"4.33","header":"Tie"},{"opp":"-1.0","odds":"5.00","header":"Away"},{"opp":"+2.0","odds":"1.11","header":"Home"},{"opp":"-2.0","odds":"7.50","header":"Tie"},{"opp":"-2.0","odds":"12.00","header":"Away"}],"winning_margin":[{"goals":" 1","odds":"4.33","header":"Home"},{"goals":" 1","odds":"4.33","header":"Away"},{"goals":" 2","odds":"7.00","header":"Home"},{"goals":" 2","odds":"7.50","header":"Away"},{"goals":" 3","odds":"13.00","header":"Home"},{"goals":" 3","odds":"21.00","header":"Away"},{"goals":" 4+","odds":"19.00","header":"Home"},{"goals":" 4+","odds":"41.00","header":"Away"},{"goals":"Score Draw","odds":"4.33","header":"Home"},{"goals":"No Goal","odds":"10.00","header":"Home"}]}},"schedule":{"updated_at":"1532571231","sp":{"main":[{"odds":"1.975"},{"odds":"1.825"}]}},"specials":{"updated_at":"1532571119","sp":{"specials":[{"name":"To Win From Behind","odds":"10.00","header":"Home"},{"name":"To Win From Behind","odds":"11.00","header":"Away"},{"name":"To Win to Nil","odds":"4.50","header":"Home"},{"name":"To Win to Nil","odds":"4.75","header":"Away"},{"name":"To Win Either Half","odds":"1.80","header":"Home"},{"name":"To Win Either Half","odds":"1.80","header":"Away"},{"name":"To Win Both Halves","odds":"9.00","header":"Home"},{"name":"To Win Both Halves","odds":"10.00","header":"Away"},{"name":"To Score in Both Halves","odds":"3.75","header":"Home"},{"name":"To Score in Both Halves","odds":"3.75","header":"Away"}],"to_score_in_half":[{"name":"1st Half","odds":"2.10","header":"Yes"},{"name":"1st Half","odds":"1.67","header":"No"},{"name":"2nd Half","odds":"1.73","header":"Yes"},{"name":"2nd Half","odds":"2.00","header":"No"},{"name":"1st Half","odds":"2.10","header":"Yes"},{"name":"1st Half","odds":"1.67","header":"No"},{"name":"2nd Half","odds":"1.80","header":"Yes"},{"name":"2nd Half","odds":"1.91","header":"No"}]}}}]}}