{"odd":{"success":1,"results":[{"FI":"75378822","event_id":"817728","goals":{"updated_at":"1532570347","sp":{"goals_over_under":[{"goals":"2.5","odds":"2.15","header":"Over"},{"goals":"2.5","odds":"1.68","header":"Under"}],"first_team_to_score":[{"opp":"Padideh Khorasan","odds":"2.50"},{"opp":"No Goals","odds":"7.50"},{"opp":"Persepolis","odds":"1.73"}],"home_team_highest_scoring_half":[{"opp":"Padideh Khorasan - 1st Half","odds":"4.50"},{"opp":"Padideh Khorasan - 2nd Half","odds":"2.88"},{"opp":"Padideh Khorasan - Tie","odds":"1.83"}],"away_team_highest_scoring_half":[{"opp":"Persepolis - 1st Half","odds":"3.50"},{"opp":"Persepolis - 2nd Half","odds":"2.30"},{"opp":"Persepolis - Tie","odds":"2.50"}],"goals_odd_even":[{"opp":"Even","odds":"1.90"},{"opp":"Odd","odds":"1.95"}],"home_team_odd_even_goals":[{"opp":"Padideh Khorasan - Even","odds":"1.57"},{"opp":"Padideh Khorasan - Odd","odds":"2.25"}],"away_team_odd_even_goals":[{"opp":"Persepolis - Even","odds":"1.80"},{"opp":"Persepolis - Odd","odds":"1.91"}],"1st_half_goals_odd_even":[{"opp":"Odd","odds":"2.30"},{"opp":"Even","odds":"1.62"}]}},"half":{"updated_at":"1532570601","sp":{"half_time_result":[{"opp":"1","odds":"4.75"},{"opp":"X","odds":"2.00"},{"opp":"2","odds":"2.50"}],"half_time_double_chance":[{"opp":"1X","odds":"1.50"},{"opp":"X2","odds":"1.18"},{"opp":"12","odds":"1.73"}],"half_time_correct_score":[{"opp":"1-0","odds":"6.50","header":"Home"},{"opp":"0-0","odds":"2.38","header":"X"},{"opp":"1-0","odds":"3.75","header":"Away"},{"opp":"2-0","odds":"23.00","header":"Home"},{"opp":"1-1","odds":"10.00","header":"X"},{"opp":"2-0","odds":"9.50","header":"Away"},{"opp":"2-1","odds":"41.00","header":"Home"},{"opp":"2-2","odds":"81.00","header":"X"},{"opp":"2-1","odds":"29.00","header":"Away"},{"opp":"3-0","odds":"67.00","header":"Home"},{"opp":"3-0","odds":"29.00","header":"Away"},{"opp":"3-1","odds":"67.00","header":"Away"},{"opp":"4-0","odds":"67.00","header":"Away"}],"1st_half_goals_odd_even":[{"opp":"Odd","odds":"2.30"},{"opp":"Even","odds":"1.62"}],"home_team_highest_scoring_half":[{"opp":"Padideh Khorasan - 1st Half","odds":"4.50"},{"opp":"Padideh Khorasan - 2nd Half","odds":"2.88"},{"opp":"Padideh Khorasan - Tie","odds":"1.83"}],"away_team_highest_scoring_half":[{"opp":"Persepolis - 1st Half","odds":"3.50"},{"opp":"Persepolis - 2nd Half","odds":"2.30"},{"opp":"Persepolis - Tie","odds":"2.50"}],"2nd_half_goals_odd_even":[{"opp":"Even","odds":"1.73"},{"opp":"Odd","odds":"2.00"}]}},"main":{"updated_at":"1532570288","sp":{"full_time_result":[{"opp":"1","odds":"4.20"},{"opp":"X","odds":"2.88"},{"opp":"2","odds":"1.91"}],"double_chance":[{"opp":"1X","odds":"1.80"},{"opp":"X2","odds":"1.22"},{"opp":"12","odds":"1.40"}],"correct_score":[{"opp":"1-0","odds":"11.00","header":"Home"},{"opp":"0-0","odds":"7.50","header":"X"},{"opp":"1-0","odds":"7.00","header":"Away"},{"opp":"2-0","odds":"21.00","header":"Home"},{"opp":"1-1","odds":"6.00","header":"X"},{"opp":"2-0","odds":"8.50","header":"Away"},{"opp":"2-1","odds":"17.00","header":"Home"},{"opp":"2-2","odds":"17.00","header":"X"},{"opp":"2-1","odds":"10.00","header":"Away"},{"opp":"3-0","odds":"41.00","header":"Home"},{"opp":"3-3","odds":"51.00","header":"X"},{"opp":"3-0","odds":"15.00","header":"Away"},{"opp":"3-1","odds":"41.00","header":"Home"},{"opp":"3-1","odds":"19.00","header":"Away"},{"opp":"3-2","odds":"41.00","header":"Home"},{"opp":"3-2","odds":"34.00","header":"Away"},{"opp":"4-0","odds":"81.00","header":"Home"},{"opp":"4-0","odds":"29.00","header":"Away"},{"opp":"4-1","odds":"81.00","header":"Home"},{"opp":"4-1","odds":"34.00","header":"Away"},{"opp":"4-2","odds":"51.00","header":"Away"},{"opp":"5-0","odds":"51.00","header":"Away"},{"opp":"5-1","odds":"67.00","header":"Away"}],"half_time_full_time":[{"opp":"Padideh Khorasan - Padideh Khorasan","odds":"7.50"},{"opp":"Padideh Khorasan - Draw","odds":"15.00"},{"opp":"Padideh Khorasan - Persepolis","odds":"26.00"},{"opp":"Draw - Padideh Khorasan","odds":"8.50"},{"opp":"Draw - Draw","odds":"4.75"},{"opp":"Draw - Persepolis","odds":"4.50"},{"opp":"Persepolis - Padideh Khorasan","odds":"34.00"},{"opp":"Persepolis - Draw","odds":"13.00"},{"opp":"Persepolis - Persepolis","odds":"3.00"}],"goals_over_under":[{"goals":"2.5","odds":"2.15","header":"Over"},{"goals":"2.5","odds":"1.68","header":"Under"}],"draw_no_bet":[{"opp":"Padideh Khorasan","odds":"3.00"},{"opp":"Persepolis","odds":"1.36"}]}},"schedule":{"updated_at":"1532570700","sp":{"main":[{"odds":"4.20"},{"odds":"2.88"},{"odds":"1.91"}]}}}]}}