{"odd":{"success":1,"results":[{"FI":"75382723","event_id":"847522","asian_lines":{"updated_at":"1532570372","sp":[]},"goals":{"updated_at":"1532570395","sp":{"goals_over_under":[{"goals":"2.5","odds":"1.68","header":"Over"},{"goals":"2.5","odds":"2.15","header":"Under"}],"first_team_to_score":[{"opp":"Rieti","odds":"2.60"},{"opp":"No Goals","odds":"13.00"},{"opp":"Lecce","odds":"1.53"}],"home_team_highest_scoring_half":[{"opp":"Rieti - 1st Half","odds":"4.00"},{"opp":"Rieti - 2nd Half","odds":"2.75"},{"opp":"Rieti - Tie","odds":"2.00"}],"away_team_highest_scoring_half":[{"opp":"Lecce - 1st Half","odds":"3.25"},{"opp":"Lecce - 2nd Half","odds":"2.20"},{"opp":"Lecce - Tie","odds":"2.88"}],"goals_odd_even":[{"opp":"Even","odds":"1.90"},{"opp":"Odd","odds":"1.95"}],"home_team_odd_even_goals":[{"opp":"Rieti - Even","odds":"1.67"},{"opp":"Rieti - Odd","odds":"2.10"}],"away_team_odd_even_goals":[{"opp":"Lecce - Even","odds":"1.83"},{"opp":"Lecce - Odd","odds":"1.83"}],"1st_half_goals_odd_even":[{"opp":"Odd","odds":"2.10"},{"opp":"Even","odds":"1.73"}]}},"half":{"updated_at":"1532570409","sp":{"half_time_result":[{"opp":"1","odds":"5.00"},{"opp":"X","odds":"2.25"},{"opp":"2","odds":"2.10"}],"half_time_double_chance":[{"opp":"1X","odds":"1.67"},{"opp":"X2","odds":"1.17"},{"opp":"12","odds":"1.57"}],"half_time_correct_score":[{"opp":"1-0","odds":"7.00","header":"Home"},{"opp":"0-0","odds":"3.25","header":"X"},{"opp":"1-0","odds":"3.75","header":"Away"},{"opp":"2-0","odds":"26.00","header":"Home"},{"opp":"1-1","odds":"8.00","header":"X"},{"opp":"2-0","odds":"8.00","header":"Away"},{"opp":"2-1","odds":"34.00","header":"Home"},{"opp":"2-2","odds":"51.00","header":"X"},{"opp":"2-1","odds":"19.00","header":"Away"},{"opp":"3-0","odds":"81.00","header":"Home"},{"opp":"3-0","odds":"23.00","header":"Away"},{"opp":"3-1","odds":"101.00","header":"Home"},{"opp":"3-1","odds":"41.00","header":"Away"},{"opp":"3-2","odds":"126.00","header":"Away"},{"opp":"4-0","odds":"67.00","header":"Away"},{"opp":"4-1","odds":"126.00","header":"Away"}],"1st_half_goals_odd_even":[{"opp":"Odd","odds":"2.10"},{"opp":"Even","odds":"1.73"}],"home_team_highest_scoring_half":[{"opp":"Rieti - 1st Half","odds":"4.00"},{"opp":"Rieti - 2nd Half","odds":"2.75"},{"opp":"Rieti - Tie","odds":"2.00"}],"away_team_highest_scoring_half":[{"opp":"Lecce - 1st Half","odds":"3.25"},{"opp":"Lecce - 2nd Half","odds":"2.20"},{"opp":"Lecce - Tie","odds":"2.88"}],"2nd_half_goals_odd_even":[{"opp":"Even","odds":"1.80"},{"opp":"Odd","odds":"1.91"}]}},"main":{"updated_at":"1532570913","sp":{"full_time_result":[{"opp":"1","odds":"5.00"},{"opp":"X","odds":"3.40"},{"opp":"2","odds":"1.62"}],"double_chance":[{"opp":"1X","odds":"2.20"},{"opp":"X2","odds":"1.14"},{"opp":"12","odds":"1.30"}],"correct_score":[{"opp":"1-0","odds":"17.00","header":"Home"},{"opp":"0-0","odds":"13.00","header":"X"},{"opp":"1-0","odds":"8.50","header":"Away"},{"opp":"2-0","odds":"29.00","header":"Home"},{"opp":"1-1","odds":"7.00","header":"X"},{"opp":"2-0","odds":"8.50","header":"Away"},{"opp":"2-1","odds":"17.00","header":"Home"},{"opp":"2-2","odds":"13.00","header":"X"},{"opp":"2-1","odds":"8.50","header":"Away"},{"opp":"3-0","odds":"51.00","header":"Home"},{"opp":"3-3","odds":"41.00","header":"X"},{"opp":"3-0","odds":"12.00","header":"Away"},{"opp":"3-1","odds":"41.00","header":"Home"},{"opp":"3-1","odds":"13.00","header":"Away"},{"opp":"3-2","odds":"41.00","header":"Home"},{"opp":"3-2","odds":"23.00","header":"Away"},{"opp":"4-0","odds":"151.00","header":"Home"},{"opp":"4-0","odds":"23.00","header":"Away"},{"opp":"4-1","odds":"81.00","header":"Home"},{"opp":"4-1","odds":"23.00","header":"Away"},{"opp":"4-2","odds":"81.00","header":"Home"},{"opp":"4-2","odds":"41.00","header":"Away"},{"opp":"4-3","odds":"126.00","header":"Home"},{"opp":"4-3","odds":"81.00","header":"Away"},{"opp":"5-0","odds":"41.00","header":"Away"},{"opp":"5-1","odds":"41.00","header":"Away"},{"opp":"5-2","odds":"67.00","header":"Away"},{"opp":"5-3","odds":"151.00","header":"Away"},{"opp":"6-0","odds":"81.00","header":"Away"},{"opp":"6-1","odds":"81.00","header":"Away"},{"opp":"6-2","odds":"151.00","header":"Away"}],"half_time_full_time":[{"opp":"Rieti - Rieti","odds":"8.50"},{"opp":"Rieti - Draw","odds":"15.00"},{"opp":"Rieti - Lecce","odds":"21.00"},{"opp":"Draw - Rieti","odds":"10.00"},{"opp":"Draw - Draw","odds":"6.00"},{"opp":"Draw - Lecce","odds":"4.33"},{"opp":"Lecce - Rieti","odds":"34.00"},{"opp":"Lecce - Draw","odds":"15.00"},{"opp":"Lecce - Lecce","odds":"2.50"}],"goals_over_under":[{"goals":"2.5","odds":"1.68","header":"Over"},{"goals":"2.5","odds":"2.15","header":"Under"}],"draw_no_bet":[{"opp":"Rieti","odds":"3.75"},{"opp":"Lecce","odds":"1.25"}]}},"schedule":{"updated_at":"1532570845","sp":{"main":[{"odds":"5.00"},{"odds":"3.40"},{"odds":"1.62"}]}}}]}}