{"odd":{"success":1,"results":[{"FI":"75227379","event_id":"802585","asian_lines":{"updated_at":"1532569276","sp":{"asian_handicap":[{"opp":"0.0, -0.5","odds":"1.875","header":"Home"},{"opp":"0.0, +0.5","odds":"1.975","header":"Away"}],"goal_line":[{"goals":"2.0, 2.5","odds":"1.975","header":"Over"},{"goals":"2.0, 2.5","odds":"1.875","header":"Under"}],"alternative_asian_handicap":[{"opp":"-1.5, -2.0","odds":"5.750","header":"Home"},{"opp":"+1.5, +2.0","odds":"1.140","header":"Away"},{"opp":"-1.5","odds":"4.250","header":"Home"},{"opp":"+1.5","odds":"1.210","header":"Away"},{"opp":"-1.0, -1.5","odds":"3.800","header":"Home"},{"opp":"+1.0, +1.5","odds":"1.250","header":"Away"},{"opp":"-1.0","odds":"3.450","header":"Home"},{"opp":"+1.0","odds":"1.300","header":"Away"},{"opp":"-0.5, -1.0","odds":"2.500","header":"Home"},{"opp":"+0.5, +1.0","odds":"1.500","header":"Away"},{"opp":"-0.5","odds":"2.100","header":"Home"},{"opp":"+0.5","odds":"1.700","header":"Away"},{"opp":"0.0","odds":"1.550","header":"Home"},{"opp":"0.0","odds":"2.375","header":"Away"},{"opp":"0.0, +0.5","odds":"1.425","header":"Home"},{"opp":"0.0, -0.5","odds":"2.750","header":"Away"},{"opp":"+0.5","odds":"1.325","header":"Home"},{"opp":"-0.5","odds":"3.300","header":"Away"},{"opp":"+0.5, +1.0","odds":"1.220","header":"Home"},{"opp":"-0.5, -1.0","odds":"4.150","header":"Away"},{"opp":"+1.0","odds":"1.115","header":"Home"},{"opp":"-1.0","odds":"6.400","header":"Away"},{"opp":"+1.0, +1.5","odds":"1.100","header":"Home"},{"opp":"-1.0, -1.5","odds":"7.000","header":"Away"}],"alternative_goal_line":[{"goals":"1.0","odds":"1.110","header":"Over"},{"goals":"1.0","odds":"6.600","header":"Under"},{"goals":"1.0, 1.5","odds":"1.250","header":"Over"},{"goals":"1.0, 1.5","odds":"3.800","header":"Under"},{"goals":"1.5","odds":"1.400","header":"Over"},{"goals":"1.5","odds":"2.850","header":"Under"},{"goals":"1.5, 2.0","odds":"1.500","header":"Over"},{"goals":"1.5, 2.0","odds":"2.500","header":"Under"},{"goals":"2.0","odds":"1.650","header":"Over"},{"goals":"2.0","odds":"2.200","header":"Under"},{"goals":"2.5","odds":"2.200","header":"Over"},{"goals":"2.5","odds":"1.650","header":"Under"},{"goals":"2.5, 3.0","odds":"2.600","header":"Over"},{"goals":"2.5, 3.0","odds":"1.475","header":"Under"},{"goals":"3.0","odds":"3.300","header":"Over"},{"goals":"3.0","odds":"1.325","header":"Under"},{"goals":"3.0, 3.5","odds":"3.550","header":"Over"},{"goals":"3.0, 3.5","odds":"1.275","header":"Under"},{"goals":"3.5","odds":"4.000","header":"Over"},{"goals":"3.5","odds":"1.230","header":"Under"},{"goals":"3.5, 4.0","odds":"5.250","header":"Over"},{"goals":"3.5, 4.0","odds":"1.160","header":"Under"}],"1st_half_asian_handicap":[{"opp":"0.0","odds":"1.625","header":"Home"},{"opp":"0.0","odds":"2.250","header":"Away"}],"1st_half_goal_line":[{"goals":"1.0","odds":"2.100","header":"Over"},{"goals":"1.0","odds":"1.700","header":"Under"}],"alternative_1st_half_asian_handicap":[{"opp":"-0.5, -1.0","odds":"3.900","header":"Home"},{"opp":"+0.5, +1.0","odds":"1.240","header":"Away"},{"opp":"-0.5","odds":"2.850","header":"Home"},{"opp":"+0.5","odds":"1.400","header":"Away"},{"opp":"0.0, -0.5","odds":"2.300","header":"Home"},{"opp":"0.0, +0.5","odds":"1.600","header":"Away"},{"opp":"0.0, +0.5","odds":"1.350","header":"Home"},{"opp":"0.0, -0.5","odds":"3.100","header":"Away"},{"opp":"+0.5","odds":"1.240","header":"Home"},{"opp":"-0.5","odds":"3.900","header":"Away"},{"opp":"+0.5, +1.0","odds":"1.140","header":"Home"},{"opp":"-0.5, -1.0","odds":"5.750","header":"Away"}],"alternative_1st_half_goal_line":[{"goals":"0.5, 1.0","odds":"1.700","header":"Over"},{"goals":"0.5, 1.0","odds":"2.100","header":"Under"},{"goals":"1.0, 1.5","odds":"2.750","header":"Over"},{"goals":"1.0, 1.5","odds":"1.425","header":"Under"},{"goals":"1.5","odds":"3.300","header":"Over"},{"goals":"1.5","odds":"1.325","header":"Under"},{"goals":"1.5, 2.0","odds":"4.400","header":"Over"},{"goals":"1.5, 2.0","odds":"1.200","header":"Under"}]}},"goals":{"updated_at":"1532569291","sp":{"goals_over_under":[{"goals":"2.5","odds":"2.20","header":"Over"},{"goals":"2.5","odds":"1.65","header":"Under"}],"alternative_total_goals":[{"goals":"0.5","odds":"1.08","header":"Over "},{"goals":"0.5","odds":"8.50","header":"Under"},{"goals":"1.5","odds":"1.36","header":"Over "},{"goals":"1.5","odds":"3.00","header":"Under"},{"goals":"3.5","odds":"4.00","header":"Over "},{"goals":"3.5","odds":"1.22","header":"Under"},{"goals":"4.5","odds":"9.00","header":"Over "},{"goals":"4.5","odds":"1.07","header":"Under"},{"goals":"5.5","odds":"19.00","header":"Over "},{"goals":"5.5","odds":"1.02","header":"Under"}],"result_total_goals":[{"opp":"Warta Poznan & Over 2.5","odds":"3.75"},{"opp":"Warta Poznan & Under 2.5","odds":"4.33"},{"opp":"Draw & Over 2.5","odds":"15.00"},{"opp":"Draw & Under  2.5","odds":"4.00"},{"opp":"Garbarnia Krakow & Over 2.5","odds":"6.00"},{"opp":"Garbarnia Krakow & Under 2.5","odds":"6.00"}],"total_goals_both_teams_to_score":[{"opp":"Over 2.5 & Yes","odds":"2.60"},{"opp":"Over 2.5 & No","odds":"11.00"},{"opp":"Under 2.5 & Yes","odds":"6.00"},{"opp":"Under 2.5 & No","odds":"2.05"}],"exact_total_goals":[{"opp":"0 Goals","odds":"8.50"},{"opp":"1 Goal","odds":"4.00"},{"opp":"2 Goals","odds":"3.40"},{"opp":"3 Goals","odds":"4.33"},{"opp":"4 Goals","odds":"7.00"},{"opp":"5 Goals","odds":"13.00"},{"opp":"6 Goals","odds":"29.00"},{"opp":"7+ Goals","odds":"41.00"}],"number_of_goals_in_match":[{"opp":"Under 2 goals","odds":"3.00"},{"opp":"2 or 3 goals","odds":"1.95"},{"opp":"Over 3 goals","odds":"4.00"}],"both_teams_to_score":[{"opp":"Yes","odds":"1.91"},{"opp":"No","odds":"1.80"}],"teams_to_score":[{"opp":"Both Teams","odds":"1.91"},{"opp":"Warta Poznan Only","odds":"3.40"},{"opp":"No Goal","odds":"8.50"},{"opp":"Garbarnia Krakow Only","odds":"5.50"}],"both_teams_to_score_in_1st_half":[{"opp":"Yes","odds":"5.50"},{"opp":"No","odds":"1.14"}],"both_teams_to_score_in_2nd_half":[{"opp":"Yes","odds":"3.75"},{"opp":"No","odds":"1.25"}],"both_teams_to_score_1st_half_2nd_half":[{"opp":"Yes \/ Yes","odds":"21.00"},{"opp":"Yes \/ No","odds":"6.50"},{"opp":"No \/ Yes","odds":"4.00"},{"opp":"No \/ No","odds":"1.44"}],"first_half_goals":[{"goals":"0.5","odds":"1.50","header":"Over"},{"goals":"0.5","odds":"2.50","header":"Under"},{"goals":"1.5","odds":"3.40","header":"Over"},{"goals":"1.5","odds":"1.30","header":"Under"},{"goals":"2.5","odds":"10.00","header":"Over"},{"goals":"2.5","odds":"1.06","header":"Under"},{"goals":"3.5","odds":"26.00","header":"Over"},{"goals":"3.5","odds":"1.01","header":"Under"}],"exact_1st_half_goals":[{"opp":"0 Goals","odds":"2.50"},{"opp":"1 Goal","odds":"2.50"},{"opp":"2 Goals","odds":"4.50"},{"opp":"3 Goals","odds":"12.00"},{"opp":"4 Goals","odds":"41.00"},{"opp":"5+ Goals","odds":"101.00"}],"first_team_to_score":[{"opp":"Warta Poznan","odds":"1.73"},{"opp":"No Goals","odds":"8.50"},{"opp":"Garbarnia Krakow","odds":"2.40"}],"2nd_half_goals":[{"goals":"0.5","odds":"1.29","header":"Over"},{"goals":"0.5","odds":"3.50","header":"Under"},{"goals":"1.5","odds":"2.25","header":"Over"},{"goals":"1.5","odds":"1.57","header":"Under"},{"goals":"2.5","odds":"5.50","header":"Over"},{"goals":"2.5","odds":"1.14","header":"Under"},{"goals":"3.5","odds":"15.00","header":"Over"},{"goals":"3.5","odds":"1.03","header":"Under"}],"exact_2nd_half_goals":[{"opp":"0 Goals","odds":"3.50"},{"opp":"1 Goal","odds":"2.62"},{"opp":"2 Goals","odds":"3.75"},{"opp":"3 Goals","odds":"7.50"},{"opp":"4 Goals","odds":"21.00"},{"opp":"5+ Goals","odds":"34.00"}],"half_with_most_goals":[{"opp":"1st Half","odds":"3.25"},{"opp":"2nd Half","odds":"2.05"},{"opp":"Tie","odds":"3.40"}],"home_team_highest_scoring_half":[{"opp":"Warta Poznan - 1st Half","odds":"3.60"},{"opp":"Warta Poznan - 2nd Half","odds":"2.50"},{"opp":"Warta Poznan - Tie","odds":"2.30"}],"away_team_highest_scoring_half":[{"opp":"Garbarnia Krakow - 1st Half","odds":"4.00"},{"opp":"Garbarnia Krakow - 2nd Half","odds":"2.75"},{"opp":"Garbarnia Krakow - Tie","odds":"2.00"}],"home_team_exact_goals":[{"opp":"Warta Poznan - 0 Goals","odds":"3.50"},{"opp":"Warta Poznan - 1 Goal","odds":"2.60"},{"opp":"Warta Poznan - 2 Goals","odds":"3.75"},{"opp":"Warta Poznan - 3+ Goals","odds":"5.50"}],"away_team_exact_goals":[{"opp":"Garbarnia Krakow - 0 Goals","odds":"2.62"},{"opp":"Garbarnia Krakow - 1 Goal","odds":"2.50"},{"opp":"Garbarnia Krakow - 2 Goals","odds":"4.50"},{"opp":"Garbarnia Krakow - 3+ Goals","odds":"10.00"}],"goals_odd_even":[{"opp":"Even","odds":"1.90"},{"opp":"Odd","odds":"1.95"}],"home_team_odd_even_goals":[{"opp":"Warta Poznan - Even","odds":"1.73"},{"opp":"Warta Poznan - Odd","odds":"2.00"}],"away_team_odd_even_goals":[{"opp":"Garbarnia Krakow - Even","odds":"1.67"},{"opp":"Garbarnia Krakow - Odd","odds":"2.10"}],"1st_half_goals_odd_even":[{"opp":"Odd","odds":"2.20"},{"opp":"Even","odds":"1.67"}],"last_team_to_score":[{"opp":"Warta Poznan","odds":"1.73"},{"opp":"No Goal","odds":"8.50"},{"opp":"Garbarnia Krakow","odds":"2.40"}]}},"half":{"updated_at":"1532569304","sp":{"half_time_result":[{"opp":"1","odds":"2.88"},{"opp":"X","odds":"2.05"},{"opp":"2","odds":"4.00"}],"half_time_double_chance":[{"opp":"1X","odds":"1.22"},{"opp":"X2","odds":"1.40"},{"opp":"12","odds":"1.73"}],"half_time_result_both_teams_to_score":[{"opp":"Warta Poznan & Yes","odds":"23.00"},{"opp":"Warta Poznan & No","odds":"3.20"},{"opp":"Draw & Yes","odds":"8.50"},{"opp":"Draw & No","odds":"2.50"},{"opp":"Garbarnia Krakow & Yes","odds":"29.00"},{"opp":"Garbarnia Krakow & No","odds":"4.33"}],"half_time_result_total_goals":[{"opp":"Warta Poznan & Over 1.5","odds":"8.00"},{"opp":"Warta Poznan & Under 1.5","odds":"4.00"},{"opp":"Draw & Over 1.5","odds":"8.50"},{"opp":"Draw & Under 1.5","odds":"2.50"},{"opp":"Garbarnia Krakow & Over 1.5","odds":"12.00"},{"opp":"Garbarnia Krakow & Under 1.5","odds":"5.00"}],"half_time_correct_score":[{"opp":"1-0","odds":"4.00","header":"Home"},{"opp":"0-0","odds":"2.50","header":"X"},{"opp":"1-0","odds":"5.00","header":"Away"},{"opp":"2-0","odds":"12.00","header":"Home"},{"opp":"1-1","odds":"8.50","header":"X"},{"opp":"2-0","odds":"21.00","header":"Away"},{"opp":"2-1","odds":"26.00","header":"Home"},{"opp":"2-2","odds":"67.00","header":"X"},{"opp":"2-1","odds":"34.00","header":"Away"},{"opp":"3-0","odds":"41.00","header":"Home"},{"opp":"3-0","odds":"67.00","header":"Away"},{"opp":"3-1","odds":"81.00","header":"Home"},{"opp":"3-1","odds":"101.00","header":"Away"},{"opp":"3-2","odds":"251.00","header":"Home"},{"opp":"3-2","odds":"351.00","header":"Away"},{"opp":"4-0","odds":"151.00","header":"Home"}],"both_teams_to_score_in_1st_half":[{"opp":"Yes","odds":"5.50"},{"opp":"No","odds":"1.14"}],"both_teams_to_score_in_2nd_half":[{"opp":"Yes","odds":"3.75"},{"opp":"No","odds":"1.25"}],"both_teams_to_score_1st_half_2nd_half":[{"opp":"Yes \/ Yes","odds":"21.00"},{"opp":"Yes \/ No","odds":"6.50"},{"opp":"No \/ Yes","odds":"4.00"},{"opp":"No \/ No","odds":"1.44"}],"1st_half_asian_handicap":[{"opp":"0.0","odds":"1.625","header":"Home"},{"opp":"0.0","odds":"2.250","header":"Away"}],"1st_half_goal_line":[{"goals":"1.0","odds":"2.100","header":"Over"},{"goals":"1.0","odds":"1.700","header":"Under"}],"alternative_1st_half_asian_handicap":[{"opp":"-0.5, -1.0","odds":"3.900","header":"Home"},{"opp":"+0.5, +1.0","odds":"1.240","header":"Away"},{"opp":"-0.5","odds":"2.850","header":"Home"},{"opp":"+0.5","odds":"1.400","header":"Away"},{"opp":"0.0, -0.5","odds":"2.300","header":"Home"},{"opp":"0.0, +0.5","odds":"1.600","header":"Away"},{"opp":"0.0, +0.5","odds":"1.350","header":"Home"},{"opp":"0.0, -0.5","odds":"3.100","header":"Away"},{"opp":"+0.5","odds":"1.240","header":"Home"},{"opp":"-0.5","odds":"3.900","header":"Away"},{"opp":"+0.5, +1.0","odds":"1.140","header":"Home"},{"opp":"-0.5, -1.0","odds":"5.750","header":"Away"}],"alternative_1st_half_goal_line":[{"goals":"0.5, 1.0","odds":"1.700","header":"Over"},{"goals":"0.5, 1.0","odds":"2.100","header":"Under"},{"goals":"1.0, 1.5","odds":"2.750","header":"Over"},{"goals":"1.0, 1.5","odds":"1.425","header":"Under"},{"goals":"1.5","odds":"3.300","header":"Over"},{"goals":"1.5","odds":"1.325","header":"Under"},{"goals":"1.5, 2.0","odds":"4.400","header":"Over"},{"goals":"1.5, 2.0","odds":"1.200","header":"Under"}],"1st_half_handicap":[{"opp":"Warta Poznan  -1.0","odds":"9.50"},{"opp":"Tie - Garbarnia Krakow +1.0","odds":"3.60"},{"opp":"Garbarnia Krakow  +1.0","odds":"1.40"}],"alternative_1st_half_handicap_result":[{"opp":"-2.0","odds":"23.00","header":"Home"},{"opp":"+2.0","odds":"11.00","header":"Tie"},{"opp":"+2.0","odds":"1.05","header":"Away"},{"opp":"+1.0","odds":"1.22","header":"Home"},{"opp":"-1.0","odds":"4.50","header":"Tie"},{"opp":"-1.0","odds":"15.00","header":"Away"}],"first_half_goals":[{"goals":"0.5","odds":"1.50","header":"Over"},{"goals":"0.5","odds":"2.50","header":"Under"},{"goals":"1.5","odds":"3.40","header":"Over"},{"goals":"1.5","odds":"1.30","header":"Under"},{"goals":"2.5","odds":"10.00","header":"Over"},{"goals":"2.5","odds":"1.06","header":"Under"},{"goals":"3.5","odds":"26.00","header":"Over"},{"goals":"3.5","odds":"1.01","header":"Under"}],"exact_1st_half_goals":[{"opp":"0 Goals","odds":"2.50"},{"opp":"1 Goal","odds":"2.50"},{"opp":"2 Goals","odds":"4.50"},{"opp":"3 Goals","odds":"12.00"},{"opp":"4 Goals","odds":"41.00"},{"opp":"5+ Goals","odds":"101.00"}],"1st_half_goals_odd_even":[{"opp":"Odd","odds":"2.20"},{"opp":"Even","odds":"1.67"}],"to_score_in_half":[{"name":"1st Half","odds":"2.10","header":"Yes"},{"name":"1st Half","odds":"1.67","header":"No"},{"name":"2nd Half","odds":"1.73","header":"Yes"},{"name":"2nd Half","odds":"2.00","header":"No"},{"name":"1st Half","odds":"2.62","header":"Yes"},{"name":"1st Half","odds":"1.44","header":"No"},{"name":"2nd Half","odds":"2.10","header":"Yes"},{"name":"2nd Half","odds":"1.67","header":"No"}],"half_with_most_goals":[{"opp":"1st Half","odds":"3.25"},{"opp":"2nd Half","odds":"2.05"},{"opp":"Tie","odds":"3.40"}],"home_team_highest_scoring_half":[{"opp":"Warta Poznan - 1st Half","odds":"3.60"},{"opp":"Warta Poznan - 2nd Half","odds":"2.50"},{"opp":"Warta Poznan - Tie","odds":"2.30"}],"away_team_highest_scoring_half":[{"opp":"Garbarnia Krakow - 1st Half","odds":"4.00"},{"opp":"Garbarnia Krakow - 2nd Half","odds":"2.75"},{"opp":"Garbarnia Krakow - Tie","odds":"2.00"}],"2nd_half_result":[{"opp":"1","odds":"2.50"},{"opp":"X","odds":"2.38"},{"opp":"2","odds":"3.50"}],"2nd_half_goals":[{"goals":"0.5","odds":"1.29","header":"Over"},{"goals":"0.5","odds":"3.50","header":"Under"},{"goals":"1.5","odds":"2.25","header":"Over"},{"goals":"1.5","odds":"1.57","header":"Under"},{"goals":"2.5","odds":"5.50","header":"Over"},{"goals":"2.5","odds":"1.14","header":"Under"},{"goals":"3.5","odds":"15.00","header":"Over"},{"goals":"3.5","odds":"1.03","header":"Under"}],"exact_2nd_half_goals":[{"opp":"0 Goals","odds":"3.50"},{"opp":"1 Goal","odds":"2.62"},{"opp":"2 Goals","odds":"3.75"},{"opp":"3 Goals","odds":"7.50"},{"opp":"4 Goals","odds":"21.00"},{"opp":"5+ Goals","odds":"34.00"}],"2nd_half_goals_odd_even":[{"opp":"Even","odds":"1.73"},{"opp":"Odd","odds":"2.00"}]}},"main":{"updated_at":"1532569257","sp":{"full_time_result":[{"opp":"1","odds":"2.10"},{"opp":"X","odds":"3.25"},{"opp":"2","odds":"3.50"}],"double_chance":[{"opp":"1X","odds":"1.30"},{"opp":"X2","odds":"1.75"},{"opp":"12","odds":"1.35"}],"correct_score":[{"opp":"1-0","odds":"6.50","header":"Home"},{"opp":"0-0","odds":"8.50","header":"X"},{"opp":"1-0","odds":"8.50","header":"Away"},{"opp":"2-0","odds":"9.50","header":"Home"},{"opp":"1-1","odds":"6.00","header":"X"},{"opp":"2-0","odds":"15.00","header":"Away"},{"opp":"2-1","odds":"9.00","header":"Home"},{"opp":"2-2","odds":"17.00","header":"X"},{"opp":"2-1","odds":"12.00","header":"Away"},{"opp":"3-0","odds":"19.00","header":"Home"},{"opp":"3-3","odds":"51.00","header":"X"},{"opp":"3-0","odds":"41.00","header":"Away"},{"opp":"3-1","odds":"19.00","header":"Home"},{"opp":"3-1","odds":"29.00","header":"Away"},{"opp":"3-2","odds":"34.00","header":"Home"},{"opp":"3-2","odds":"41.00","header":"Away"},{"opp":"4-0","odds":"41.00","header":"Home"},{"opp":"4-0","odds":"81.00","header":"Away"},{"opp":"4-1","odds":"41.00","header":"Home"},{"opp":"4-1","odds":"67.00","header":"Away"},{"opp":"4-2","odds":"67.00","header":"Home"},{"opp":"4-2","odds":"101.00","header":"Away"},{"opp":"4-3","odds":"151.00","header":"Home"},{"opp":"4-3","odds":"151.00","header":"Away"},{"opp":"5-0","odds":"101.00","header":"Home"},{"opp":"5-0","odds":"301.00","header":"Away"},{"opp":"5-1","odds":"101.00","header":"Home"},{"opp":"5-1","odds":"251.00","header":"Away"},{"opp":"5-2","odds":"151.00","header":"Home"},{"opp":"5-2","odds":"351.00","header":"Away"},{"opp":"6-0","odds":"351.00","header":"Home"},{"opp":"6-1","odds":"351.00","header":"Home"}],"half_time_full_time":[{"opp":"Warta Poznan - Warta Poznan","odds":"3.60"},{"opp":"Warta Poznan - Draw","odds":"15.00"},{"opp":"Warta Poznan - Garbarnia Krakow","odds":"34.00"},{"opp":"Draw - Warta Poznan","odds":"5.00"},{"opp":"Draw - Draw","odds":"4.75"},{"opp":"Draw - Garbarnia Krakow","odds":"7.00"},{"opp":"Garbarnia Krakow - Warta Poznan","odds":"29.00"},{"opp":"Garbarnia Krakow - Draw","odds":"15.00"},{"opp":"Garbarnia Krakow - Garbarnia Krakow","odds":"5.50"}],"goals_over_under":[{"goals":"2.5","odds":"2.20","header":"Over"},{"goals":"2.5","odds":"1.65","header":"Under"}],"both_teams_to_score":[{"opp":"Yes","odds":"1.91"},{"opp":"No","odds":"1.80"}],"asian_handicap":[{"opp":"0.0, -0.5","odds":"1.875","header":"Home"},{"opp":"0.0, +0.5","odds":"1.975","header":"Away"}],"goal_line":[{"goals":"2.0, 2.5","odds":"1.975","header":"Over"},{"goals":"2.0, 2.5","odds":"1.875","header":"Under"}],"alternative_asian_handicap":[{"opp":"-1.5, -2.0","odds":"5.750","header":"Home"},{"opp":"+1.5, +2.0","odds":"1.140","header":"Away"},{"opp":"-1.5","odds":"4.250","header":"Home"},{"opp":"+1.5","odds":"1.210","header":"Away"},{"opp":"-1.0, -1.5","odds":"3.800","header":"Home"},{"opp":"+1.0, +1.5","odds":"1.250","header":"Away"},{"opp":"-1.0","odds":"3.450","header":"Home"},{"opp":"+1.0","odds":"1.300","header":"Away"},{"opp":"-0.5, -1.0","odds":"2.500","header":"Home"},{"opp":"+0.5, +1.0","odds":"1.500","header":"Away"},{"opp":"-0.5","odds":"2.100","header":"Home"},{"opp":"+0.5","odds":"1.700","header":"Away"},{"opp":"0.0","odds":"1.550","header":"Home"},{"opp":"0.0","odds":"2.375","header":"Away"},{"opp":"0.0, +0.5","odds":"1.425","header":"Home"},{"opp":"0.0, -0.5","odds":"2.750","header":"Away"},{"opp":"+0.5","odds":"1.325","header":"Home"},{"opp":"-0.5","odds":"3.300","header":"Away"},{"opp":"+0.5, +1.0","odds":"1.220","header":"Home"},{"opp":"-0.5, -1.0","odds":"4.150","header":"Away"},{"opp":"+1.0","odds":"1.115","header":"Home"},{"opp":"-1.0","odds":"6.400","header":"Away"},{"opp":"+1.0, +1.5","odds":"1.100","header":"Home"},{"opp":"-1.0, -1.5","odds":"7.000","header":"Away"}],"alternative_goal_line":[{"goals":"1.0","odds":"1.110","header":"Over"},{"goals":"1.0","odds":"6.600","header":"Under"},{"goals":"1.0, 1.5","odds":"1.250","header":"Over"},{"goals":"1.0, 1.5","odds":"3.800","header":"Under"},{"goals":"1.5","odds":"1.400","header":"Over"},{"goals":"1.5","odds":"2.850","header":"Under"},{"goals":"1.5, 2.0","odds":"1.500","header":"Over"},{"goals":"1.5, 2.0","odds":"2.500","header":"Under"},{"goals":"2.0","odds":"1.650","header":"Over"},{"goals":"2.0","odds":"2.200","header":"Under"},{"goals":"2.5","odds":"2.200","header":"Over"},{"goals":"2.5","odds":"1.650","header":"Under"},{"goals":"2.5, 3.0","odds":"2.600","header":"Over"},{"goals":"2.5, 3.0","odds":"1.475","header":"Under"},{"goals":"3.0","odds":"3.300","header":"Over"},{"goals":"3.0","odds":"1.325","header":"Under"},{"goals":"3.0, 3.5","odds":"3.550","header":"Over"},{"goals":"3.0, 3.5","odds":"1.275","header":"Under"},{"goals":"3.5","odds":"4.000","header":"Over"},{"goals":"3.5","odds":"1.230","header":"Under"},{"goals":"3.5, 4.0","odds":"5.250","header":"Over"},{"goals":"3.5, 4.0","odds":"1.160","header":"Under"}],"draw_no_bet":[{"opp":"Warta Poznan","odds":"1.53"},{"opp":"Garbarnia Krakow","odds":"2.38"}],"result_both_teams_to_score":[{"name":"Warta Poznan","odds":"5.00","header":"Yes"},{"name":"Warta Poznan","odds":"3.40","header":"No"},{"name":"Garbarnia Krakow","odds":"7.50","header":"Yes"},{"name":"Garbarnia Krakow","odds":"5.50","header":"No"},{"name":"Draw","odds":"4.75","header":"Yes"},{"name":"Draw","odds":"8.50","header":"No"}],"handicap_result":[{"opp":"Warta Poznan (-1)","odds":"4.00"},{"opp":"Tie - (Garbarnia Krakow +1)","odds":"3.75"},{"opp":"Garbarnia Krakow (+1)","odds":"1.75"}],"alternative_handicap_result":[{"opp":"-3.0","odds":"17.00","header":"Home"},{"opp":"+3.0","odds":"11.00","header":"Tie"},{"opp":"+3.0","odds":"1.05","header":"Away"},{"opp":"-2.0","odds":"9.50","header":"Home"},{"opp":"+2.0","odds":"6.00","header":"Tie"},{"opp":"+2.0","odds":"1.18","header":"Away"},{"opp":"+1.0","odds":"1.30","header":"Home"},{"opp":"-1.0","odds":"4.75","header":"Tie"},{"opp":"-1.0","odds":"7.50","header":"Away"},{"opp":"+2.0","odds":"1.07","header":"Home"},{"opp":"-2.0","odds":"9.00","header":"Tie"},{"opp":"-2.0","odds":"15.00","header":"Away"}],"winning_margin":[{"goals":" 1","odds":"3.75","header":"Home"},{"goals":" 1","odds":"4.75","header":"Away"},{"goals":" 2","odds":"6.00","header":"Home"},{"goals":" 2","odds":"9.00","header":"Away"},{"goals":" 3","odds":"11.00","header":"Home"},{"goals":" 3","odds":"29.00","header":"Away"},{"goals":" 4+","odds":"17.00","header":"Home"},{"goals":" 4+","odds":"67.00","header":"Away"},{"goals":"Score Draw","odds":"4.75","header":"Home"},{"goals":"No Goal","odds":"8.50","header":"Home"}]}},"schedule":{"updated_at":"1532570852","sp":{"main":[{"odds":"1.975"},{"odds":"1.875"}]}},"specials":{"updated_at":"1532569323","sp":{"specials":[{"name":"To Win From Behind","odds":"9.00","header":"Home"},{"name":"To Win From Behind","odds":"13.00","header":"Away"},{"name":"To Win to Nil","odds":"3.40","header":"Home"},{"name":"To Win to Nil","odds":"5.50","header":"Away"},{"name":"To Win Either Half","odds":"1.62","header":"Home"},{"name":"To Win Either Half","odds":"2.10","header":"Away"},{"name":"To Win Both Halves","odds":"8.00","header":"Home"},{"name":"To Win Both Halves","odds":"15.00","header":"Away"},{"name":"To Score in Both Halves","odds":"3.75","header":"Home"},{"name":"To Score in Both Halves","odds":"5.50","header":"Away"}],"to_score_in_half":[{"name":"1st Half","odds":"2.10","header":"Yes"},{"name":"1st Half","odds":"1.67","header":"No"},{"name":"2nd Half","odds":"1.73","header":"Yes"},{"name":"2nd Half","odds":"2.00","header":"No"},{"name":"1st Half","odds":"2.62","header":"Yes"},{"name":"1st Half","odds":"1.44","header":"No"},{"name":"2nd Half","odds":"2.10","header":"Yes"},{"name":"2nd Half","odds":"1.67","header":"No"}]}}}]}}