{"odd":{"success":1,"results":[{"FI":"75096577","event_id":"793901","asian_lines":{"updated_at":"1532569947","sp":{"asian_handicap":[{"opp":"0.0","odds":"1.900","header":"Home"},{"opp":"0.0","odds":"1.950","header":"Away"}],"goal_line":[{"goals":"2.0","odds":"1.850","header":"Over"},{"goals":"2.0","odds":"2.000","header":"Under"}],"alternative_asian_handicap":[{"opp":"-1.5","odds":"6.000","header":"Home"},{"opp":"+1.5","odds":"1.125","header":"Away"},{"opp":"-1.0, -1.5","odds":"5.500","header":"Home"},{"opp":"+1.0, +1.5","odds":"1.150","header":"Away"},{"opp":"-1.0","odds":"4.800","header":"Home"},{"opp":"+1.0","odds":"1.175","header":"Away"},{"opp":"-0.5, -1.0","odds":"3.450","header":"Home"},{"opp":"+0.5, +1.0","odds":"1.300","header":"Away"},{"opp":"-0.5","odds":"2.675","header":"Home"},{"opp":"+0.5","odds":"1.450","header":"Away"},{"opp":"0.0, -0.5","odds":"2.300","header":"Home"},{"opp":"0.0, +0.5","odds":"1.600","header":"Away"},{"opp":"0.0, +0.5","odds":"1.600","header":"Home"},{"opp":"0.0, -0.5","odds":"2.300","header":"Away"},{"opp":"+0.5","odds":"1.450","header":"Home"},{"opp":"-0.5","odds":"2.675","header":"Away"},{"opp":"+0.5, +1.0","odds":"1.300","header":"Home"},{"opp":"-0.5, -1.0","odds":"3.450","header":"Away"},{"opp":"+1.0","odds":"1.170","header":"Home"},{"opp":"-1.0","odds":"5.000","header":"Away"},{"opp":"+1.0, +1.5","odds":"1.140","header":"Home"},{"opp":"-1.0, -1.5","odds":"5.750","header":"Away"},{"opp":"+1.5","odds":"1.125","header":"Home"},{"opp":"-1.5","odds":"6.000","header":"Away"}],"alternative_goal_line":[{"goals":"0.5, 1.0","odds":"1.125","header":"Over"},{"goals":"0.5, 1.0","odds":"6.000","header":"Under"},{"goals":"1.0","odds":"1.150","header":"Over"},{"goals":"1.0","odds":"5.500","header":"Under"},{"goals":"1.0, 1.5","odds":"1.300","header":"Over"},{"goals":"1.0, 1.5","odds":"3.450","header":"Under"},{"goals":"1.5","odds":"1.475","header":"Over"},{"goals":"1.5","odds":"2.600","header":"Under"},{"goals":"1.5, 2.0","odds":"1.600","header":"Over"},{"goals":"1.5, 2.0","odds":"2.300","header":"Under"},{"goals":"2.0, 2.5","odds":"2.150","header":"Over"},{"goals":"2.0, 2.5","odds":"1.675","header":"Under"},{"goals":"2.5","odds":"2.425","header":"Over"},{"goals":"2.5","odds":"1.525","header":"Under"},{"goals":"2.5, 3.0","odds":"3.000","header":"Over"},{"goals":"2.5, 3.0","odds":"1.375","header":"Under"},{"goals":"3.0","odds":"3.800","header":"Over"},{"goals":"3.0","odds":"1.250","header":"Under"},{"goals":"3.0, 3.5","odds":"4.250","header":"Over"},{"goals":"3.0, 3.5","odds":"1.210","header":"Under"},{"goals":"3.5","odds":"4.500","header":"Over"},{"goals":"3.5","odds":"1.190","header":"Under"},{"goals":"3.5, 4.0","odds":"6.000","header":"Over"},{"goals":"3.5, 4.0","odds":"1.125","header":"Under"}],"1st_half_asian_handicap":[{"opp":"0.0","odds":"1.900","header":"Home"},{"opp":"0.0","odds":"1.900","header":"Away"}],"1st_half_goal_line":[{"goals":"0.5, 1.0","odds":"1.800","header":"Over"},{"goals":"0.5, 1.0","odds":"2.000","header":"Under"}],"alternative_1st_half_asian_handicap":[{"opp":"-0.5, -1.0","odds":"5.000","header":"Home"},{"opp":"+0.5, +1.0","odds":"1.170","header":"Away"},{"opp":"-0.5","odds":"3.450","header":"Home"},{"opp":"+0.5","odds":"1.300","header":"Away"},{"opp":"0.0, -0.5","odds":"2.675","header":"Home"},{"opp":"0.0, +0.5","odds":"1.450","header":"Away"},{"opp":"0.0, +0.5","odds":"1.450","header":"Home"},{"opp":"0.0, -0.5","odds":"2.675","header":"Away"},{"opp":"+0.5","odds":"1.300","header":"Home"},{"opp":"-0.5","odds":"3.450","header":"Away"},{"opp":"+0.5, +1.0","odds":"1.170","header":"Home"},{"opp":"-0.5, -1.0","odds":"5.000","header":"Away"}],"alternative_1st_half_goal_line":[{"goals":"1.0","odds":"2.350","header":"Over"},{"goals":"1.0","odds":"1.575","header":"Under"},{"goals":"1.0, 1.5","odds":"3.000","header":"Over"},{"goals":"1.0, 1.5","odds":"1.375","header":"Under"},{"goals":"1.5","odds":"3.550","header":"Over"},{"goals":"1.5","odds":"1.275","header":"Under"},{"goals":"1.5, 2.0","odds":"4.800","header":"Over"},{"goals":"1.5, 2.0","odds":"1.175","header":"Under"}],"asian_total_corners":[{"goals":"9.5","odds":"1.925","header":"Over"},{"goals":"9.5","odds":"1.875","header":"Under"}],"1st_half_asian_corners":[{"goals":"4.5","odds":"1.950","header":"Over"},{"goals":"4.5","odds":"1.850","header":"Under"}]}},"corners":{"updated_at":"1532569962","sp":{"corners":[{"opp":"Over 9","odds":"1.83"},{"opp":"Exactly 9","odds":"7.00"},{"opp":"Under 9","odds":"2.40"}],"total_corners":[{"opp":"Under 6","odds":"9.50"},{"opp":"6 - 8","odds":"3.00"},{"opp":"9 - 11","odds":"2.50"},{"opp":"12 - 14","odds":"4.50"},{"opp":"Over 14","odds":"12.00"}],"alternative_corners":[{"goals":"4","odds":"1.02","header":"Over"},{"goals":"4","odds":"21.00","header":"Exactly"},{"goals":"4","odds":"29.00","header":"Under"},{"goals":"5","odds":"1.06","header":"Over"},{"goals":"5","odds":"15.00","header":"Exactly"},{"goals":"5","odds":"17.00","header":"Under"},{"goals":"6","odds":"1.14","header":"Over"},{"goals":"6","odds":"11.00","header":"Exactly"},{"goals":"6","odds":"9.50","header":"Under"},{"goals":"7","odds":"1.29","header":"Over"},{"goals":"7","odds":"8.50","header":"Exactly"},{"goals":"7","odds":"5.50","header":"Under"},{"goals":"8","odds":"1.53","header":"Over"},{"goals":"8","odds":"7.50","header":"Exactly"},{"goals":"8","odds":"3.40","header":"Under"},{"goals":"10","odds":"2.50","header":"Over"},{"goals":"10","odds":"7.50","header":"Exactly"},{"goals":"10","odds":"1.83","header":"Under"},{"goals":"11","odds":"3.40","header":"Over"},{"goals":"11","odds":"8.00","header":"Exactly"},{"goals":"11","odds":"1.50","header":"Under"},{"goals":"12","odds":"5.00","header":"Over"},{"goals":"12","odds":"9.50","header":"Exactly"},{"goals":"12","odds":"1.29","header":"Under"},{"goals":"13","odds":"7.50","header":"Over"},{"goals":"13","odds":"12.00","header":"Exactly"},{"goals":"13","odds":"1.17","header":"Under"},{"goals":"14","odds":"12.00","header":"Over"},{"goals":"14","odds":"15.00","header":"Exactly"},{"goals":"14","odds":"1.07","header":"Under"},{"goals":"15","odds":"17.00","header":"Over"},{"goals":"15","odds":"19.00","header":"Exactly"},{"goals":"15","odds":"1.04","header":"Under"},{"goals":"16","odds":"23.00","header":"Over"},{"goals":"16","odds":"26.00","header":"Exactly"},{"goals":"16","odds":"1.02","header":"Under"},{"goals":"17","odds":"34.00","header":"Over"},{"goals":"17","odds":"34.00","header":"Exactly"},{"goals":"17","odds":"1.01","header":"Under"}],"corners_2_way":[{"opp":"Over 9.5","odds":"1.83"},{"opp":"Under 9.5","odds":"1.83"}],"first_half_corners":[{"opp":"4","odds":"1.91","header":"Over"},{"opp":"4","odds":"4.75","header":"Exactly"},{"opp":"4","odds":"2.88","header":"Under"}],"asian_total_corners":[{"goals":"9.5","odds":"1.925","header":"Over"},{"goals":"9.5","odds":"1.875","header":"Under"}],"1st_half_asian_corners":[{"goals":"4.5","odds":"1.950","header":"Over"},{"goals":"4.5","odds":"1.850","header":"Under"}]}},"goals":{"updated_at":"1532570955","sp":{"goals_over_under":[{"goals":"2.5","odds":"2.40","header":"Over"},{"goals":"2.5","odds":"1.53","header":"Under"}],"alternative_total_goals":[{"goals":"0.5","odds":"1.10","header":"Over "},{"goals":"0.5","odds":"7.00","header":"Under"},{"goals":"1.5","odds":"1.44","header":"Over "},{"goals":"1.5","odds":"2.62","header":"Under"},{"goals":"3.5","odds":"4.50","header":"Over "},{"goals":"3.5","odds":"1.18","header":"Under"},{"goals":"4.5","odds":"11.00","header":"Over "},{"goals":"4.5","odds":"1.05","header":"Under"},{"goals":"5.5","odds":"23.00","header":"Over "},{"goals":"5.5","odds":"1.01","header":"Under"}],"result_total_goals":[{"opp":"Valenciennes & Over 2.5","odds":"5.50"},{"opp":"Valenciennes & Under 2.5","odds":"4.75"},{"opp":"Draw & Over 2.5","odds":"15.00"},{"opp":"Draw & Under  2.5","odds":"3.40"},{"opp":"Auxerre & Over 2.5","odds":"5.50"},{"opp":"Auxerre & Under 2.5","odds":"5.00"}],"total_goals_both_teams_to_score":[{"opp":"Over 2.5 & Yes","odds":"2.88"},{"opp":"Over 2.5 & No","odds":"12.00"},{"opp":"Under 2.5 & Yes","odds":"5.50"},{"opp":"Under 2.5 & No","odds":"1.95"}],"exact_total_goals":[{"opp":"0 Goals","odds":"7.00"},{"opp":"1 Goal","odds":"4.00"},{"opp":"2 Goals","odds":"3.25"},{"opp":"3 Goals","odds":"4.50"},{"opp":"4 Goals","odds":"7.50"},{"opp":"5 Goals","odds":"17.00"},{"opp":"6 Goals","odds":"41.00"},{"opp":"7+ Goals","odds":"51.00"}],"number_of_goals_in_match":[{"opp":"Under 2 goals","odds":"2.62"},{"opp":"2 or 3 goals","odds":"2.00"},{"opp":"Over 3 goals","odds":"4.50"}],"both_teams_to_score":[{"opp":"Yes","odds":"2.00"},{"opp":"No","odds":"1.73"}],"teams_to_score":[{"opp":"Both Teams","odds":"2.00"},{"opp":"Valenciennes Only","odds":"4.00"},{"opp":"No Goal","odds":"7.00"},{"opp":"Auxerre Only","odds":"4.33"}],"both_teams_to_score_in_1st_half":[{"opp":"Yes","odds":"6.00"},{"opp":"No","odds":"1.12"}],"both_teams_to_score_in_2nd_half":[{"opp":"Yes","odds":"4.00"},{"opp":"No","odds":"1.22"}],"both_teams_to_score_1st_half_2nd_half":[{"opp":"Yes \/ Yes","odds":"23.00"},{"opp":"Yes \/ No","odds":"7.00"},{"opp":"No \/ Yes","odds":"4.33"},{"opp":"No \/ No","odds":"1.40"}],"first_half_goals":[{"goals":"0.5","odds":"1.53","header":"Over"},{"goals":"0.5","odds":"2.38","header":"Under"},{"goals":"1.5","odds":"3.50","header":"Over"},{"goals":"1.5","odds":"1.29","header":"Under"},{"goals":"2.5","odds":"11.00","header":"Over"},{"goals":"2.5","odds":"1.05","header":"Under"}],"exact_1st_half_goals":[{"opp":"0 Goals","odds":"2.38"},{"opp":"1 Goal","odds":"2.50"},{"opp":"2 Goals","odds":"4.75"},{"opp":"3 Goals","odds":"15.00"},{"opp":"4 Goals","odds":"41.00"},{"opp":"5+ Goals","odds":"126.00"}],"total_goal_minutes":[{"opp":"Over 120 minutes","odds":"2.10"},{"opp":"100 To 120 minutes inc.","odds":"8.50"},{"opp":"Under 100 minutes","odds":"1.91"}],"first_team_to_score":[{"opp":"Valenciennes","odds":"1.95"},{"opp":"No Goals","odds":"7.00"},{"opp":"Auxerre","odds":"2.20"}],"early_goal":[{"opp":"Goal before 34:00","odds":"1.83"},{"opp":"No Goal before 34:00","odds":"1.83"}],"late_goal":[{"opp":"Goal after 68:59","odds":"1.83"},{"opp":"No Goal after 68:59","odds":"1.83"}],"time_of_first_goal_brackets":[{"opp":"1-10","odds":"5.00"},{"opp":"11-20","odds":"5.50"},{"opp":"21-30","odds":"6.50"},{"opp":"31-40","odds":"7.50"},{"opp":"41-50","odds":"8.00"},{"opp":"51-60","odds":"12.00"},{"opp":"61-70","odds":"15.00"},{"opp":"71-80","odds":"17.00"},{"opp":"81 - Full Time","odds":"17.00"},{"opp":"No Goal","odds":"7.00"}],"2nd_half_goals":[{"goals":"0.5","odds":"1.33","header":"Over"},{"goals":"0.5","odds":"3.25","header":"Under"},{"goals":"1.5","odds":"2.50","header":"Over"},{"goals":"1.5","odds":"1.50","header":"Under"},{"goals":"2.5","odds":"6.50","header":"Over"},{"goals":"2.5","odds":"1.11","header":"Under"},{"goals":"3.5","odds":"17.00","header":"Over"},{"goals":"3.5","odds":"1.02","header":"Under"}],"exact_2nd_half_goals":[{"opp":"0 Goals","odds":"3.25"},{"opp":"1 Goal","odds":"2.60"},{"opp":"2 Goals","odds":"4.00"},{"opp":"3 Goals","odds":"8.50"},{"opp":"4 Goals","odds":"23.00"},{"opp":"5+ Goals","odds":"51.00"}],"half_with_most_goals":[{"opp":"1st Half","odds":"3.20"},{"opp":"2nd Half","odds":"2.10"},{"opp":"Tie","odds":"3.20"}],"home_team_highest_scoring_half":[{"opp":"Valenciennes - 1st Half","odds":"3.75"},{"opp":"Valenciennes - 2nd Half","odds":"2.62"},{"opp":"Valenciennes - Tie","odds":"2.10"}],"away_team_highest_scoring_half":[{"opp":"Auxerre - 1st Half","odds":"3.75"},{"opp":"Auxerre - 2nd Half","odds":"2.75"},{"opp":"Auxerre - Tie","odds":"2.10"}],"home_team_exact_goals":[{"opp":"Valenciennes - 0 Goals","odds":"2.75"},{"opp":"Valenciennes - 1 Goal","odds":"2.50"},{"opp":"Valenciennes - 2 Goals","odds":"4.33"},{"opp":"Valenciennes - 3+ Goals","odds":"8.00"}],"away_team_exact_goals":[{"opp":"Auxerre - 0 Goals","odds":"2.75"},{"opp":"Auxerre - 1 Goal","odds":"2.50"},{"opp":"Auxerre - 2 Goals","odds":"4.33"},{"opp":"Auxerre - 3+ Goals","odds":"9.00"}],"time_of_1st_team_goal":[{"opp":"Valenciennes - Goal before 63:00","odds":"1.83"},{"opp":"Valenciennes - No Goal before 63:00","odds":"1.83"},{"opp":"Auxerre - Goal before 65:00","odds":"1.83"},{"opp":"Auxerre - No Goal before 65:00","odds":"1.83"}],"goals_odd_even":[{"opp":"Even","odds":"1.80"},{"opp":"Odd","odds":"2.05"}],"home_team_odd_even_goals":[{"opp":"Valenciennes - Even","odds":"1.73"},{"opp":"Valenciennes - Odd","odds":"2.00"}],"away_team_odd_even_goals":[{"opp":"Auxerre - Even","odds":"1.67"},{"opp":"Auxerre - Odd","odds":"2.10"}],"1st_half_goals_odd_even":[{"opp":"Odd","odds":"2.20"},{"opp":"Even","odds":"1.67"}],"last_team_to_score":[{"opp":"Valenciennes","odds":"1.95"},{"opp":"No Goal","odds":"7.00"},{"opp":"Auxerre","odds":"2.20"}],"first_10_minutes_(00:00_09:59)":[{"name":"Goals","handicap":"0.5","odds":"5.50","header":"Over"},{"name":"Goals","handicap":"0.5","odds":"1.14","header":"Under"}]}},"half":{"updated_at":"1532569981","sp":{"half_time_result":[{"opp":"1","odds":"3.50"},{"opp":"X","odds":"1.95"},{"opp":"2","odds":"3.50"}],"half_time_double_chance":[{"opp":"1X","odds":"1.29"},{"opp":"X2","odds":"1.29"},{"opp":"12","odds":"1.80"}],"half_time_result_both_teams_to_score":[{"opp":"Valenciennes & Yes","odds":"29.00"},{"opp":"Valenciennes & No","odds":"3.75"},{"opp":"Draw & Yes","odds":"8.50"},{"opp":"Draw & No","odds":"2.38"},{"opp":"Auxerre & Yes","odds":"29.00"},{"opp":"Auxerre & No","odds":"3.75"}],"half_time_result_total_goals":[{"opp":"Valenciennes & Over 1.5","odds":"10.00"},{"opp":"Valenciennes & Under 1.5","odds":"4.50"},{"opp":"Draw & Over 1.5","odds":"9.00"},{"opp":"Draw & Under 1.5","odds":"2.38"},{"opp":"Auxerre & Over 1.5","odds":"11.00"},{"opp":"Auxerre & Under 1.5","odds":"4.50"}],"half_time_correct_score":[{"opp":"1-0","odds":"4.50","header":"Home"},{"opp":"0-0","odds":"2.38","header":"X"},{"opp":"1-0","odds":"4.50","header":"Away"},{"opp":"2-0","odds":"17.00","header":"Home"},{"opp":"1-1","odds":"8.50","header":"X"},{"opp":"2-0","odds":"17.00","header":"Away"},{"opp":"2-1","odds":"29.00","header":"Home"},{"opp":"2-2","odds":"67.00","header":"X"},{"opp":"2-1","odds":"29.00","header":"Away"},{"opp":"3-0","odds":"51.00","header":"Home"},{"opp":"3-0","odds":"51.00","header":"Away"},{"opp":"3-1","odds":"101.00","header":"Home"},{"opp":"3-1","odds":"101.00","header":"Away"},{"opp":"3-2","odds":"351.00","header":"Home"},{"opp":"3-2","odds":"351.00","header":"Away"},{"opp":"4-0","odds":"301.00","header":"Home"},{"opp":"4-0","odds":"301.00","header":"Away"}],"both_teams_to_score_in_1st_half":[{"opp":"Yes","odds":"6.00"},{"opp":"No","odds":"1.12"}],"both_teams_to_score_in_2nd_half":[{"opp":"Yes","odds":"4.00"},{"opp":"No","odds":"1.22"}],"both_teams_to_score_1st_half_2nd_half":[{"opp":"Yes \/ Yes","odds":"23.00"},{"opp":"Yes \/ No","odds":"7.00"},{"opp":"No \/ Yes","odds":"4.33"},{"opp":"No \/ No","odds":"1.40"}],"1st_half_asian_handicap":[{"opp":"0.0","odds":"1.900","header":"Home"},{"opp":"0.0","odds":"1.900","header":"Away"}],"1st_half_goal_line":[{"goals":"0.5, 1.0","odds":"1.800","header":"Over"},{"goals":"0.5, 1.0","odds":"2.000","header":"Under"}],"alternative_1st_half_asian_handicap":[{"opp":"-0.5, -1.0","odds":"5.000","header":"Home"},{"opp":"+0.5, +1.0","odds":"1.170","header":"Away"},{"opp":"-0.5","odds":"3.450","header":"Home"},{"opp":"+0.5","odds":"1.300","header":"Away"},{"opp":"0.0, -0.5","odds":"2.675","header":"Home"},{"opp":"0.0, +0.5","odds":"1.450","header":"Away"},{"opp":"0.0, +0.5","odds":"1.450","header":"Home"},{"opp":"0.0, -0.5","odds":"2.675","header":"Away"},{"opp":"+0.5","odds":"1.300","header":"Home"},{"opp":"-0.5","odds":"3.450","header":"Away"},{"opp":"+0.5, +1.0","odds":"1.170","header":"Home"},{"opp":"-0.5, -1.0","odds":"5.000","header":"Away"}],"alternative_1st_half_goal_line":[{"goals":"1.0","odds":"2.350","header":"Over"},{"goals":"1.0","odds":"1.575","header":"Under"},{"goals":"1.0, 1.5","odds":"3.000","header":"Over"},{"goals":"1.0, 1.5","odds":"1.375","header":"Under"},{"goals":"1.5","odds":"3.550","header":"Over"},{"goals":"1.5","odds":"1.275","header":"Under"},{"goals":"1.5, 2.0","odds":"4.800","header":"Over"},{"goals":"1.5, 2.0","odds":"1.175","header":"Under"}],"1st_half_handicap":[{"opp":"Valenciennes  +1.0","odds":"1.29"},{"opp":"Tie - Auxerre -1.0","odds":"4.00"},{"opp":"Auxerre  -1.0","odds":"13.00"}],"alternative_1st_half_handicap_result":[{"opp":"-1.0","odds":"13.00","header":"Home"},{"opp":"+1.0","odds":"4.00","header":"Tie"},{"opp":"+1.0","odds":"1.29","header":"Away"},{"opp":"+2.0","odds":"1.04","header":"Home"},{"opp":"-2.0","odds":"13.00","header":"Tie"},{"opp":"-2.0","odds":"26.00","header":"Away"}],"first_half_goals":[{"goals":"0.5","odds":"1.53","header":"Over"},{"goals":"0.5","odds":"2.38","header":"Under"},{"goals":"1.5","odds":"3.50","header":"Over"},{"goals":"1.5","odds":"1.29","header":"Under"},{"goals":"2.5","odds":"11.00","header":"Over"},{"goals":"2.5","odds":"1.05","header":"Under"}],"exact_1st_half_goals":[{"opp":"0 Goals","odds":"2.38"},{"opp":"1 Goal","odds":"2.50"},{"opp":"2 Goals","odds":"4.75"},{"opp":"3 Goals","odds":"15.00"},{"opp":"4 Goals","odds":"41.00"},{"opp":"5+ Goals","odds":"126.00"}],"first_half_corners":[{"opp":"4","odds":"1.91","header":"Over"},{"opp":"4","odds":"4.75","header":"Exactly"},{"opp":"4","odds":"2.88","header":"Under"}],"1st_half_asian_corners":[{"goals":"4.5","odds":"1.950","header":"Over"},{"goals":"4.5","odds":"1.850","header":"Under"}],"1st_half_goals_odd_even":[{"opp":"Odd","odds":"2.20"},{"opp":"Even","odds":"1.67"}],"to_score_in_half":[{"name":"1st Half","odds":"2.38","header":"Yes"},{"name":"1st Half","odds":"1.53","header":"No"},{"name":"2nd Half","odds":"1.91","header":"Yes"},{"name":"2nd Half","odds":"1.80","header":"No"},{"name":"1st Half","odds":"2.50","header":"Yes"},{"name":"1st Half","odds":"1.50","header":"No"},{"name":"2nd Half","odds":"2.00","header":"Yes"},{"name":"2nd Half","odds":"1.73","header":"No"}],"half_with_most_goals":[{"opp":"1st Half","odds":"3.20"},{"opp":"2nd Half","odds":"2.10"},{"opp":"Tie","odds":"3.20"}],"home_team_highest_scoring_half":[{"opp":"Valenciennes - 1st Half","odds":"3.75"},{"opp":"Valenciennes - 2nd Half","odds":"2.62"},{"opp":"Valenciennes - Tie","odds":"2.10"}],"away_team_highest_scoring_half":[{"opp":"Auxerre - 1st Half","odds":"3.75"},{"opp":"Auxerre - 2nd Half","odds":"2.75"},{"opp":"Auxerre - Tie","odds":"2.10"}],"2nd_half_result":[{"opp":"1","odds":"3.00"},{"opp":"X","odds":"2.20"},{"opp":"2","odds":"3.00"}],"2nd_half_goals":[{"goals":"0.5","odds":"1.33","header":"Over"},{"goals":"0.5","odds":"3.25","header":"Under"},{"goals":"1.5","odds":"2.50","header":"Over"},{"goals":"1.5","odds":"1.50","header":"Under"},{"goals":"2.5","odds":"6.50","header":"Over"},{"goals":"2.5","odds":"1.11","header":"Under"},{"goals":"3.5","odds":"17.00","header":"Over"},{"goals":"3.5","odds":"1.02","header":"Under"}],"exact_2nd_half_goals":[{"opp":"0 Goals","odds":"3.25"},{"opp":"1 Goal","odds":"2.60"},{"opp":"2 Goals","odds":"4.00"},{"opp":"3 Goals","odds":"8.50"},{"opp":"4 Goals","odds":"23.00"},{"opp":"5+ Goals","odds":"51.00"}],"2nd_half_goals_odd_even":[{"opp":"Even","odds":"1.73"},{"opp":"Odd","odds":"2.00"}]}},"main":{"updated_at":"1532569930","sp":{"full_time_result":[{"opp":"1","odds":"2.70"},{"opp":"X","odds":"2.90"},{"opp":"2","odds":"2.88"}],"double_chance":[{"opp":"1X","odds":"1.42"},{"opp":"X2","odds":"1.48"},{"opp":"12","odds":"1.42"}],"correct_score":[{"opp":"1-0","odds":"7.00","header":"Home"},{"opp":"0-0","odds":"7.00","header":"X"},{"opp":"1-0","odds":"7.00","header":"Away"},{"opp":"2-0","odds":"12.00","header":"Home"},{"opp":"1-1","odds":"5.50","header":"X"},{"opp":"2-0","odds":"12.00","header":"Away"},{"opp":"2-1","odds":"11.00","header":"Home"},{"opp":"2-2","odds":"17.00","header":"X"},{"opp":"2-1","odds":"11.00","header":"Away"},{"opp":"3-0","odds":"29.00","header":"Home"},{"opp":"3-3","odds":"67.00","header":"X"},{"opp":"3-0","odds":"29.00","header":"Away"},{"opp":"3-1","odds":"26.00","header":"Home"},{"opp":"3-1","odds":"26.00","header":"Away"},{"opp":"3-2","odds":"41.00","header":"Home"},{"opp":"3-2","odds":"41.00","header":"Away"},{"opp":"4-0","odds":"51.00","header":"Home"},{"opp":"4-0","odds":"67.00","header":"Away"},{"opp":"4-1","odds":"51.00","header":"Home"},{"opp":"4-1","odds":"51.00","header":"Away"},{"opp":"4-2","odds":"81.00","header":"Home"},{"opp":"4-2","odds":"81.00","header":"Away"},{"opp":"4-3","odds":"201.00","header":"Home"},{"opp":"4-3","odds":"201.00","header":"Away"},{"opp":"5-0","odds":"201.00","header":"Home"},{"opp":"5-0","odds":"201.00","header":"Away"},{"opp":"5-1","odds":"151.00","header":"Home"},{"opp":"5-1","odds":"201.00","header":"Away"},{"opp":"5-2","odds":"301.00","header":"Home"},{"opp":"5-2","odds":"351.00","header":"Away"}],"half_time_full_time":[{"opp":"Valenciennes - Valenciennes","odds":"4.50"},{"opp":"Valenciennes - Draw","odds":"15.00"},{"opp":"Valenciennes - Auxerre","odds":"34.00"},{"opp":"Draw - Valenciennes","odds":"6.00"},{"opp":"Draw - Draw","odds":"4.33"},{"opp":"Draw - Auxerre","odds":"6.00"},{"opp":"Auxerre - Valenciennes","odds":"34.00"},{"opp":"Auxerre - Draw","odds":"15.00"},{"opp":"Auxerre - Auxerre","odds":"4.50"}],"goals_over_under":[{"goals":"2.5","odds":"2.40","header":"Over"},{"goals":"2.5","odds":"1.53","header":"Under"}],"both_teams_to_score":[{"opp":"Yes","odds":"2.00"},{"opp":"No","odds":"1.73"}],"asian_handicap":[{"opp":"0.0","odds":"1.900","header":"Home"},{"opp":"0.0","odds":"1.950","header":"Away"}],"goal_line":[{"goals":"2.0","odds":"1.850","header":"Over"},{"goals":"2.0","odds":"2.000","header":"Under"}],"alternative_asian_handicap":[{"opp":"-1.5","odds":"6.000","header":"Home"},{"opp":"+1.5","odds":"1.125","header":"Away"},{"opp":"-1.0, -1.5","odds":"5.500","header":"Home"},{"opp":"+1.0, +1.5","odds":"1.150","header":"Away"},{"opp":"-1.0","odds":"4.800","header":"Home"},{"opp":"+1.0","odds":"1.175","header":"Away"},{"opp":"-0.5, -1.0","odds":"3.450","header":"Home"},{"opp":"+0.5, +1.0","odds":"1.300","header":"Away"},{"opp":"-0.5","odds":"2.675","header":"Home"},{"opp":"+0.5","odds":"1.450","header":"Away"},{"opp":"0.0, -0.5","odds":"2.300","header":"Home"},{"opp":"0.0, +0.5","odds":"1.600","header":"Away"},{"opp":"0.0, +0.5","odds":"1.600","header":"Home"},{"opp":"0.0, -0.5","odds":"2.300","header":"Away"},{"opp":"+0.5","odds":"1.450","header":"Home"},{"opp":"-0.5","odds":"2.675","header":"Away"},{"opp":"+0.5, +1.0","odds":"1.300","header":"Home"},{"opp":"-0.5, -1.0","odds":"3.450","header":"Away"},{"opp":"+1.0","odds":"1.170","header":"Home"},{"opp":"-1.0","odds":"5.000","header":"Away"},{"opp":"+1.0, +1.5","odds":"1.140","header":"Home"},{"opp":"-1.0, -1.5","odds":"5.750","header":"Away"},{"opp":"+1.5","odds":"1.125","header":"Home"},{"opp":"-1.5","odds":"6.000","header":"Away"}],"alternative_goal_line":[{"goals":"0.5, 1.0","odds":"1.125","header":"Over"},{"goals":"0.5, 1.0","odds":"6.000","header":"Under"},{"goals":"1.0","odds":"1.150","header":"Over"},{"goals":"1.0","odds":"5.500","header":"Under"},{"goals":"1.0, 1.5","odds":"1.300","header":"Over"},{"goals":"1.0, 1.5","odds":"3.450","header":"Under"},{"goals":"1.5","odds":"1.475","header":"Over"},{"goals":"1.5","odds":"2.600","header":"Under"},{"goals":"1.5, 2.0","odds":"1.600","header":"Over"},{"goals":"1.5, 2.0","odds":"2.300","header":"Under"},{"goals":"2.0, 2.5","odds":"2.150","header":"Over"},{"goals":"2.0, 2.5","odds":"1.675","header":"Under"},{"goals":"2.5","odds":"2.425","header":"Over"},{"goals":"2.5","odds":"1.525","header":"Under"},{"goals":"2.5, 3.0","odds":"3.000","header":"Over"},{"goals":"2.5, 3.0","odds":"1.375","header":"Under"},{"goals":"3.0","odds":"3.800","header":"Over"},{"goals":"3.0","odds":"1.250","header":"Under"},{"goals":"3.0, 3.5","odds":"4.250","header":"Over"},{"goals":"3.0, 3.5","odds":"1.210","header":"Under"},{"goals":"3.5","odds":"4.500","header":"Over"},{"goals":"3.5","odds":"1.190","header":"Under"},{"goals":"3.5, 4.0","odds":"6.000","header":"Over"},{"goals":"3.5, 4.0","odds":"1.125","header":"Under"}],"draw_no_bet":[{"opp":"Valenciennes","odds":"1.83"},{"opp":"Auxerre","odds":"1.83"}],"result_both_teams_to_score":[{"name":"Valenciennes","odds":"6.50","header":"Yes"},{"name":"Valenciennes","odds":"4.00","header":"No"},{"name":"Auxerre","odds":"7.00","header":"Yes"},{"name":"Auxerre","odds":"4.33","header":"No"},{"name":"Draw","odds":"4.50","header":"Yes"},{"name":"Draw","odds":"7.00","header":"No"}],"handicap_result":[{"opp":"Valenciennes (-1)","odds":"5.50"},{"opp":"Tie - (Auxerre +1)","odds":"4.00"},{"opp":"Auxerre (+1)","odds":"1.48"}],"alternative_handicap_result":[{"opp":"-3.0","odds":"21.00","header":"Home"},{"opp":"+3.0","odds":"15.00","header":"Tie"},{"opp":"+3.0","odds":"1.03","header":"Away"},{"opp":"-2.0","odds":"13.00","header":"Home"},{"opp":"+2.0","odds":"7.50","header":"Tie"},{"opp":"+2.0","odds":"1.10","header":"Away"},{"opp":"+1.0","odds":"1.42","header":"Home"},{"opp":"-1.0","odds":"4.33","header":"Tie"},{"opp":"-1.0","odds":"6.00","header":"Away"},{"opp":"+2.0","odds":"1.09","header":"Home"},{"opp":"-2.0","odds":"8.00","header":"Tie"},{"opp":"-2.0","odds":"15.00","header":"Away"}],"winning_margin":[{"goals":" 1","odds":"4.00","header":"Home"},{"goals":" 1","odds":"4.33","header":"Away"},{"goals":" 2","odds":"7.50","header":"Home"},{"goals":" 2","odds":"8.00","header":"Away"},{"goals":" 3","odds":"15.00","header":"Home"},{"goals":" 3","odds":"23.00","header":"Away"},{"goals":" 4+","odds":"21.00","header":"Home"},{"goals":" 4+","odds":"51.00","header":"Away"},{"goals":"Score Draw","odds":"4.50","header":"Home"},{"goals":"No Goal","odds":"7.00","header":"Home"}]}},"schedule":{"updated_at":"1532571052","sp":{"main":[{"odds":"2.70"},{"odds":"2.90"},{"odds":"2.88"}]}},"specials":{"updated_at":"1532570948","sp":{"specials":[{"name":"To Win From Behind","odds":"11.00","header":"Home"},{"name":"To Win From Behind","odds":"11.00","header":"Away"},{"name":"To Win to Nil","odds":"4.00","header":"Home"},{"name":"To Win to Nil","odds":"4.33","header":"Away"},{"name":"To Win Either Half","odds":"1.91","header":"Home"},{"name":"To Win Either Half","odds":"1.91","header":"Away"},{"name":"To Win Both Halves","odds":"11.00","header":"Home"},{"name":"To Win Both Halves","odds":"11.00","header":"Away"},{"name":"To Score in Both Halves","odds":"5.00","header":"Home"},{"name":"To Score in Both Halves","odds":"5.00","header":"Away"}],"to_score_in_half":[{"name":"1st Half","odds":"2.38","header":"Yes"},{"name":"1st Half","odds":"1.53","header":"No"},{"name":"2nd Half","odds":"1.91","header":"Yes"},{"name":"2nd Half","odds":"1.80","header":"No"},{"name":"1st Half","odds":"2.50","header":"Yes"},{"name":"1st Half","odds":"1.50","header":"No"},{"name":"2nd Half","odds":"2.00","header":"Yes"},{"name":"2nd Half","odds":"1.73","header":"No"}]}}}]}}