{"odd":{"success":1,"results":[{"FI":"75288820","event_id":"832589","goals":{"updated_at":"1532569407","sp":{"goals_over_under":[{"goals":"2.5","odds":"1.65","header":"Over"},{"goals":"2.5","odds":"2.20","header":"Under"}],"alternative_total_goals":[{"goals":"0.5","odds":"1.01","header":"Over "},{"goals":"0.5","odds":"15.00","header":"Under"},{"goals":"1.5","odds":"1.20","header":"Over "},{"goals":"1.5","odds":"4.33","header":"Under"},{"goals":"3.5","odds":"2.50","header":"Over "},{"goals":"3.5","odds":"1.50","header":"Under"},{"goals":"4.5","odds":"4.50","header":"Over "},{"goals":"4.5","odds":"1.17","header":"Under"},{"goals":"5.5","odds":"8.00","header":"Over "},{"goals":"5.5","odds":"1.06","header":"Under"},{"goals":"6.5","odds":"11.00","header":"Over "},{"goals":"6.5","odds":"1.02","header":"Under"}],"result_total_goals":[{"opp":"Hume City & Over 2.5","odds":"3.20"},{"opp":"Hume City & Under 2.5","odds":"6.00"},{"opp":"Draw & Over 2.5","odds":"10.00"},{"opp":"Draw & Under  2.5","odds":"5.00"},{"opp":"Dandenong Thunder & Over 2.5","odds":"4.00"},{"opp":"Dandenong Thunder & Under 2.5","odds":"7.50"}],"total_goals_both_teams_to_score":[{"opp":"Over 2.5 & Yes","odds":"1.91"},{"opp":"Over 2.5 & No","odds":"9.00"},{"opp":"Under 2.5 & Yes","odds":"7.00"},{"opp":"Under 2.5 & No","odds":"2.88"}],"exact_total_goals":[{"opp":"0 Goals","odds":"15.00"},{"opp":"1 Goal","odds":"6.00"},{"opp":"2 Goals","odds":"4.00"},{"opp":"3 Goals","odds":"4.00"},{"opp":"4 Goals","odds":"5.00"},{"opp":"5 Goals","odds":"8.50"},{"opp":"6 Goals","odds":"15.00"},{"opp":"7+ Goals","odds":"11.00"}],"number_of_goals_in_match":[{"opp":"Under 2 goals","odds":"4.33"},{"opp":"2 or 3 goals","odds":"2.05"},{"opp":"Over 3 goals","odds":"2.50"}],"both_teams_to_score":[{"opp":"Yes","odds":"1.57"},{"opp":"No","odds":"2.25"}],"teams_to_score":[{"opp":"Both Teams","odds":"1.57"},{"opp":"Hume City Only","odds":"4.33"},{"opp":"No Goal","odds":"15.00"},{"opp":"Dandenong Thunder Only","odds":"5.50"}],"both_teams_to_score_in_1st_half":[{"opp":"Yes","odds":"4.00"},{"opp":"No","odds":"1.22"}],"both_teams_to_score_in_2nd_half":[{"opp":"Yes","odds":"2.75"},{"opp":"No","odds":"1.40"}],"both_teams_to_score_1st_half_2nd_half":[{"opp":"Yes \/ Yes","odds":"12.00"},{"opp":"Yes \/ No","odds":"5.50"},{"opp":"No \/ Yes","odds":"3.40"},{"opp":"No \/ No","odds":"1.73"}],"first_half_goals":[{"goals":"0.5","odds":"1.33","header":"Over"},{"goals":"0.5","odds":"3.25","header":"Under"},{"goals":"1.5","odds":"2.50","header":"Over"},{"goals":"1.5","odds":"1.50","header":"Under"},{"goals":"2.5","odds":"6.00","header":"Over"},{"goals":"2.5","odds":"1.12","header":"Under"},{"goals":"3.5","odds":"17.00","header":"Over"},{"goals":"3.5","odds":"1.02","header":"Under"}],"exact_1st_half_goals":[{"opp":"0 Goals","odds":"3.25"},{"opp":"1 Goal","odds":"2.60"},{"opp":"2 Goals","odds":"4.00"},{"opp":"3 Goals","odds":"8.50"},{"opp":"4 Goals","odds":"23.00"},{"opp":"5+ Goals","odds":"41.00"}],"first_team_to_score":[{"opp":"Hume City","odds":"1.73"},{"opp":"No Goals","odds":"15.00"},{"opp":"Dandenong Thunder","odds":"2.10"}],"2nd_half_goals":[{"goals":"0.5","odds":"1.17","header":"Over"},{"goals":"0.5","odds":"5.00","header":"Under"},{"goals":"1.5","odds":"1.80","header":"Over"},{"goals":"1.5","odds":"1.91","header":"Under"},{"goals":"2.5","odds":"3.50","header":"Over"},{"goals":"2.5","odds":"1.29","header":"Under"},{"goals":"3.5","odds":"8.00","header":"Over"},{"goals":"3.5","odds":"1.08","header":"Under"},{"goals":"4.5","odds":"21.00","header":"Over"},{"goals":"4.5","odds":"1.02","header":"Under"}],"exact_2nd_half_goals":[{"opp":"0 Goals","odds":"5.00"},{"opp":"1 Goal","odds":"3.00"},{"opp":"2 Goals","odds":"3.40"},{"opp":"3 Goals","odds":"5.50"},{"opp":"4 Goals","odds":"12.00"},{"opp":"5+ Goals","odds":"21.00"}],"half_with_most_goals":[{"opp":"1st Half","odds":"3.10"},{"opp":"2nd Half","odds":"1.95"},{"opp":"Tie","odds":"3.75"}],"home_team_highest_scoring_half":[{"opp":"Hume City - 1st Half","odds":"3.40"},{"opp":"Hume City - 2nd Half","odds":"2.30"},{"opp":"Hume City - Tie","odds":"2.60"}],"away_team_highest_scoring_half":[{"opp":"Dandenong Thunder - 1st Half","odds":"3.50"},{"opp":"Dandenong Thunder - 2nd Half","odds":"2.40"},{"opp":"Dandenong Thunder - Tie","odds":"2.40"}],"home_team_exact_goals":[{"opp":"Hume City - 0 Goals","odds":"4.33"},{"opp":"Hume City - 1 Goal","odds":"2.88"},{"opp":"Hume City - 2 Goals","odds":"3.50"},{"opp":"Hume City - 3+ Goals","odds":"4.00"}],"away_team_exact_goals":[{"opp":"Dandenong Thunder - 0 Goals","odds":"3.50"},{"opp":"Dandenong Thunder - 1 Goal","odds":"2.62"},{"opp":"Dandenong Thunder - 2 Goals","odds":"3.75"},{"opp":"Dandenong Thunder - 3+ Goals","odds":"4.50"}],"goals_odd_even":[{"opp":"Even","odds":"1.90"},{"opp":"Odd","odds":"1.95"}],"home_team_odd_even_goals":[{"opp":"Hume City - Even","odds":"1.80"},{"opp":"Hume City - Odd","odds":"1.91"}],"away_team_odd_even_goals":[{"opp":"Dandenong Thunder - Even","odds":"1.73"},{"opp":"Dandenong Thunder - Odd","odds":"2.00"}],"1st_half_goals_odd_even":[{"opp":"Odd","odds":"2.10"},{"opp":"Even","odds":"1.73"}],"last_team_to_score":[{"opp":"Hume City","odds":"1.73"},{"opp":"No Goal","odds":"15.00"},{"opp":"Dandenong Thunder","odds":"2.10"}]}},"half":{"updated_at":"1532569436","sp":{"half_time_result":[{"opp":"1","odds":"2.75"},{"opp":"X","odds":"2.25"},{"opp":"2","odds":"3.25"}],"half_time_double_chance":[{"opp":"1X","odds":"1.33"},{"opp":"X2","odds":"1.40"},{"opp":"12","odds":"1.57"}],"half_time_result_both_teams_to_score":[{"opp":"Hume City & Yes","odds":"15.00"},{"opp":"Hume City & No","odds":"3.25"},{"opp":"Draw & Yes","odds":"7.00"},{"opp":"Draw & No","odds":"3.20"},{"opp":"Dandenong Thunder & Yes","odds":"19.00"},{"opp":"Dandenong Thunder & No","odds":"3.75"}],"half_time_result_total_goals":[{"opp":"Hume City & Over 1.5","odds":"6.00"},{"opp":"Hume City & Under 1.5","odds":"4.50"},{"opp":"Draw & Over 1.5","odds":"7.00"},{"opp":"Draw & Under 1.5","odds":"3.25"},{"opp":"Dandenong Thunder & Over 1.5","odds":"7.50"},{"opp":"Dandenong Thunder & Under 1.5","odds":"5.00"}],"half_time_correct_score":[{"opp":"1-0","odds":"4.50","header":"Home"},{"opp":"0-0","odds":"3.25","header":"X"},{"opp":"1-0","odds":"5.00","header":"Away"},{"opp":"2-0","odds":"12.00","header":"Home"},{"opp":"1-1","odds":"7.50","header":"X"},{"opp":"2-0","odds":"15.00","header":"Away"},{"opp":"2-1","odds":"21.00","header":"Home"},{"opp":"2-2","odds":"51.00","header":"X"},{"opp":"2-1","odds":"21.00","header":"Away"},{"opp":"3-0","odds":"41.00","header":"Home"},{"opp":"3-0","odds":"41.00","header":"Away"},{"opp":"3-1","odds":"51.00","header":"Home"},{"opp":"3-1","odds":"67.00","header":"Away"},{"opp":"3-2","odds":"126.00","header":"Home"},{"opp":"3-2","odds":"151.00","header":"Away"},{"opp":"4-0","odds":"101.00","header":"Home"},{"opp":"4-0","odds":"151.00","header":"Away"}],"both_teams_to_score_in_1st_half":[{"opp":"Yes","odds":"4.00"},{"opp":"No","odds":"1.22"}],"both_teams_to_score_in_2nd_half":[{"opp":"Yes","odds":"2.75"},{"opp":"No","odds":"1.40"}],"both_teams_to_score_1st_half_2nd_half":[{"opp":"Yes \/ Yes","odds":"12.00"},{"opp":"Yes \/ No","odds":"5.50"},{"opp":"No \/ Yes","odds":"3.40"},{"opp":"No \/ No","odds":"1.73"}],"1st_half_handicap":[{"opp":"Hume City  -1.0","odds":"8.00"},{"opp":"Tie - Dandenong Thunder +1.0","odds":"3.75"},{"opp":"Dandenong Thunder  +1.0","odds":"1.40"}],"alternative_1st_half_handicap_result":[{"opp":"-2.0","odds":"19.00","header":"Home"},{"opp":"+2.0","odds":"10.00","header":"Tie"},{"opp":"+2.0","odds":"1.06","header":"Away"},{"opp":"+1.0","odds":"1.33","header":"Home"},{"opp":"-1.0","odds":"4.33","header":"Tie"},{"opp":"-1.0","odds":"10.00","header":"Away"}],"first_half_goals":[{"goals":"0.5","odds":"1.33","header":"Over"},{"goals":"0.5","odds":"3.25","header":"Under"},{"goals":"1.5","odds":"2.50","header":"Over"},{"goals":"1.5","odds":"1.50","header":"Under"},{"goals":"2.5","odds":"6.00","header":"Over"},{"goals":"2.5","odds":"1.12","header":"Under"},{"goals":"3.5","odds":"17.00","header":"Over"},{"goals":"3.5","odds":"1.02","header":"Under"}],"exact_1st_half_goals":[{"opp":"0 Goals","odds":"3.25"},{"opp":"1 Goal","odds":"2.60"},{"opp":"2 Goals","odds":"4.00"},{"opp":"3 Goals","odds":"8.50"},{"opp":"4 Goals","odds":"23.00"},{"opp":"5+ Goals","odds":"41.00"}],"1st_half_goals_odd_even":[{"opp":"Odd","odds":"2.10"},{"opp":"Even","odds":"1.73"}],"to_score_in_half":[{"name":"1st Half","odds":"1.83","header":"Yes"},{"name":"1st Half","odds":"1.83","header":"No"},{"name":"2nd Half","odds":"1.57","header":"Yes"},{"name":"2nd Half","odds":"2.25","header":"No"},{"name":"1st Half","odds":"2.10","header":"Yes"},{"name":"1st Half","odds":"1.67","header":"No"},{"name":"2nd Half","odds":"1.73","header":"Yes"},{"name":"2nd Half","odds":"2.00","header":"No"}],"half_with_most_goals":[{"opp":"1st Half","odds":"3.10"},{"opp":"2nd Half","odds":"1.95"},{"opp":"Tie","odds":"3.75"}],"home_team_highest_scoring_half":[{"opp":"Hume City - 1st Half","odds":"3.40"},{"opp":"Hume City - 2nd Half","odds":"2.30"},{"opp":"Hume City - Tie","odds":"2.60"}],"away_team_highest_scoring_half":[{"opp":"Dandenong Thunder - 1st Half","odds":"3.50"},{"opp":"Dandenong Thunder - 2nd Half","odds":"2.40"},{"opp":"Dandenong Thunder - Tie","odds":"2.40"}],"2nd_half_result":[{"opp":"1","odds":"2.50"},{"opp":"X","odds":"2.75"},{"opp":"2","odds":"3.00"}],"2nd_half_goals":[{"goals":"0.5","odds":"1.17","header":"Over"},{"goals":"0.5","odds":"5.00","header":"Under"},{"goals":"1.5","odds":"1.80","header":"Over"},{"goals":"1.5","odds":"1.91","header":"Under"},{"goals":"2.5","odds":"3.50","header":"Over"},{"goals":"2.5","odds":"1.29","header":"Under"},{"goals":"3.5","odds":"8.00","header":"Over"},{"goals":"3.5","odds":"1.08","header":"Under"},{"goals":"4.5","odds":"21.00","header":"Over"},{"goals":"4.5","odds":"1.02","header":"Under"}],"exact_2nd_half_goals":[{"opp":"0 Goals","odds":"5.00"},{"opp":"1 Goal","odds":"3.00"},{"opp":"2 Goals","odds":"3.40"},{"opp":"3 Goals","odds":"5.50"},{"opp":"4 Goals","odds":"12.00"},{"opp":"5+ Goals","odds":"21.00"}],"2nd_half_goals_odd_even":[{"opp":"Even","odds":"1.80"},{"opp":"Odd","odds":"1.91"}]}},"main":{"updated_at":"1532569392","sp":{"full_time_result":[{"opp":"1","odds":"2.15"},{"opp":"X","odds":"3.50"},{"opp":"2","odds":"2.75"}],"double_chance":[{"opp":"1X","odds":"1.40"},{"opp":"X2","odds":"1.67"},{"opp":"12","odds":"1.29"}],"correct_score":[{"opp":"1-0","odds":"10.00","header":"Home"},{"opp":"0-0","odds":"15.00","header":"X"},{"opp":"1-0","odds":"12.00","header":"Away"},{"opp":"2-0","odds":"12.00","header":"Home"},{"opp":"1-1","odds":"7.00","header":"X"},{"opp":"2-0","odds":"17.00","header":"Away"},{"opp":"2-1","odds":"9.50","header":"Home"},{"opp":"2-2","odds":"12.00","header":"X"},{"opp":"2-1","odds":"11.00","header":"Away"},{"opp":"3-0","odds":"21.00","header":"Home"},{"opp":"3-3","odds":"41.00","header":"X"},{"opp":"3-0","odds":"29.00","header":"Away"},{"opp":"3-1","odds":"17.00","header":"Home"},{"opp":"4-4","odds":"151.00","header":"X"},{"opp":"3-1","odds":"21.00","header":"Away"},{"opp":"3-2","odds":"23.00","header":"Home"},{"opp":"3-2","odds":"26.00","header":"Away"},{"opp":"4-0","odds":"41.00","header":"Home"},{"opp":"4-0","odds":"51.00","header":"Away"},{"opp":"4-1","odds":"34.00","header":"Home"},{"opp":"4-1","odds":"41.00","header":"Away"},{"opp":"4-2","odds":"41.00","header":"Home"},{"opp":"4-2","odds":"51.00","header":"Away"},{"opp":"4-3","odds":"67.00","header":"Home"},{"opp":"4-3","odds":"81.00","header":"Away"},{"opp":"5-0","odds":"81.00","header":"Home"},{"opp":"5-0","odds":"126.00","header":"Away"},{"opp":"5-1","odds":"67.00","header":"Home"},{"opp":"5-1","odds":"101.00","header":"Away"},{"opp":"5-2","odds":"81.00","header":"Home"},{"opp":"5-2","odds":"126.00","header":"Away"},{"opp":"5-3","odds":"151.00","header":"Home"},{"opp":"6-1","odds":"151.00","header":"Home"}],"half_time_full_time":[{"opp":"Hume City - Hume City","odds":"3.60"},{"opp":"Hume City - Draw","odds":"13.00"},{"opp":"Hume City - Dandenong Thunder","odds":"26.00"},{"opp":"Draw - Hume City","odds":"6.00"},{"opp":"Draw - Draw","odds":"6.00"},{"opp":"Draw - Dandenong Thunder","odds":"7.00"},{"opp":"Dandenong Thunder - Hume City","odds":"23.00"},{"opp":"Dandenong Thunder - Draw","odds":"15.00"},{"opp":"Dandenong Thunder - Dandenong Thunder","odds":"4.50"}],"goals_over_under":[{"goals":"2.5","odds":"1.65","header":"Over"},{"goals":"2.5","odds":"2.20","header":"Under"}],"both_teams_to_score":[{"opp":"Yes","odds":"1.57"},{"opp":"No","odds":"2.25"}],"draw_no_bet":[{"opp":"Hume City","odds":"1.67"},{"opp":"Dandenong Thunder","odds":"2.10"}],"result_both_teams_to_score":[{"name":"Hume City","odds":"4.00","header":"Yes"},{"name":"Hume City","odds":"4.50","header":"No"},{"name":"Dandenong Thunder","odds":"5.00","header":"Yes"},{"name":"Dandenong Thunder","odds":"6.00","header":"No"},{"name":"Draw","odds":"4.50","header":"Yes"},{"name":"Draw","odds":"15.00","header":"No"}],"handicap_result":[{"opp":"Hume City (-1)","odds":"4.00"},{"opp":"Tie - (Dandenong Thunder +1)","odds":"4.33"},{"opp":"Dandenong Thunder (+1)","odds":"1.67"}],"alternative_handicap_result":[{"opp":"-3.0","odds":"15.00","header":"Home"},{"opp":"+3.0","odds":"10.00","header":"Tie"},{"opp":"+3.0","odds":"1.06","header":"Away"},{"opp":"-2.0","odds":"8.00","header":"Home"},{"opp":"+2.0","odds":"6.00","header":"Tie"},{"opp":"+2.0","odds":"1.20","header":"Away"},{"opp":"+1.0","odds":"1.40","header":"Home"},{"opp":"-1.0","odds":"4.75","header":"Tie"},{"opp":"-1.0","odds":"5.50","header":"Away"},{"opp":"+2.0","odds":"1.11","header":"Home"},{"opp":"-2.0","odds":"8.00","header":"Tie"},{"opp":"-2.0","odds":"11.00","header":"Away"}],"winning_margin":[{"goals":" 1","odds":"4.33","header":"Home"},{"goals":" 1","odds":"4.75","header":"Away"},{"goals":" 2","odds":"6.00","header":"Home"},{"goals":" 2","odds":"8.00","header":"Away"},{"goals":" 3","odds":"10.00","header":"Home"},{"goals":" 3","odds":"21.00","header":"Away"},{"goals":" 4+","odds":"15.00","header":"Home"},{"goals":" 4+","odds":"41.00","header":"Away"},{"goals":"Score Draw","odds":"4.50","header":"Home"},{"goals":"No Goal","odds":"15.00","header":"Home"}]}},"schedule":{"updated_at":"1532569974","sp":{"main":[{"odds":"2.15"},{"odds":"3.50"},{"odds":"2.75"}]}},"specials":{"updated_at":"1532569437","sp":{"specials":[{"name":"To Win From Behind","odds":"9.00","header":"Home"},{"name":"To Win From Behind","odds":"11.00","header":"Away"},{"name":"To Win to Nil","odds":"4.50","header":"Home"},{"name":"To Win to Nil","odds":"6.00","header":"Away"},{"name":"To Win Either Half","odds":"1.62","header":"Home"},{"name":"To Win Either Half","odds":"1.83","header":"Away"},{"name":"To Win Both Halves","odds":"7.00","header":"Home"},{"name":"To Win Both Halves","odds":"10.00","header":"Away"},{"name":"To Score in Both Halves","odds":"3.00","header":"Home"},{"name":"To Score in Both Halves","odds":"3.50","header":"Away"}],"to_score_in_half":[{"name":"1st Half","odds":"1.83","header":"Yes"},{"name":"1st Half","odds":"1.83","header":"No"},{"name":"2nd Half","odds":"1.57","header":"Yes"},{"name":"2nd Half","odds":"2.25","header":"No"},{"name":"1st Half","odds":"2.10","header":"Yes"},{"name":"1st Half","odds":"1.67","header":"No"},{"name":"2nd Half","odds":"1.73","header":"Yes"},{"name":"2nd Half","odds":"2.00","header":"No"}]}}}]}}