{"odd":{"success":1,"results":[{"FI":"75382783","event_id":"847746","goals":{"updated_at":"1532570625","sp":{"goals_over_under":[{"goals":"2.5","odds":"1.25","header":"Over"},{"goals":"2.5","odds":"3.80","header":"Under"}],"first_team_to_score":[{"opp":"FC Ilbirs","odds":"3.25"},{"opp":"No Goals","odds":"34.00"},{"opp":"FC Dordoi Bishkek","odds":"1.33"}],"home_team_highest_scoring_half":[{"opp":"FC Ilbirs - 1st Half","odds":"3.75"},{"opp":"FC Ilbirs - 2nd Half","odds":"2.75"},{"opp":"FC Ilbirs - Tie","odds":"2.05"}],"away_team_highest_scoring_half":[{"opp":"FC Dordoi Bishkek - 1st Half","odds":"2.88"},{"opp":"FC Dordoi Bishkek - 2nd Half","odds":"1.95"},{"opp":"FC Dordoi Bishkek - Tie","odds":"3.75"}],"goals_odd_even":[{"opp":"Even","odds":"1.90"},{"opp":"Odd","odds":"1.95"}],"home_team_odd_even_goals":[{"opp":"FC Ilbirs - Even","odds":"1.62"},{"opp":"FC Ilbirs - Odd","odds":"2.20"}],"away_team_odd_even_goals":[{"opp":"FC Dordoi Bishkek - Even","odds":"1.83"},{"opp":"FC Dordoi Bishkek - Odd","odds":"1.83"}],"1st_half_goals_odd_even":[{"opp":"Odd","odds":"2.00"},{"opp":"Even","odds":"1.80"}]}},"half":{"updated_at":"1532570643","sp":{"half_time_result":[{"opp":"1","odds":"5.50"},{"opp":"X","odds":"3.10"},{"opp":"2","odds":"1.62"}],"half_time_double_chance":[{"opp":"1X","odds":"2.20"},{"opp":"X2","odds":"1.14"},{"opp":"12","odds":"1.36"}],"half_time_correct_score":[{"opp":"1-0","odds":"10.00","header":"Home"},{"opp":"0-0","odds":"5.00","header":"X"},{"opp":"1-0","odds":"4.00","header":"Away"},{"opp":"2-0","odds":"29.00","header":"Home"},{"opp":"1-1","odds":"9.00","header":"X"},{"opp":"2-0","odds":"6.00","header":"Away"},{"opp":"2-1","odds":"29.00","header":"Home"},{"opp":"2-2","odds":"41.00","header":"X"},{"opp":"2-1","odds":"15.00","header":"Away"},{"opp":"3-0","odds":"67.00","header":"Home"},{"opp":"3-0","odds":"11.00","header":"Away"},{"opp":"3-1","odds":"81.00","header":"Home"},{"opp":"3-1","odds":"29.00","header":"Away"},{"opp":"3-2","odds":"67.00","header":"Away"},{"opp":"4-0","odds":"26.00","header":"Away"},{"opp":"4-1","odds":"51.00","header":"Away"},{"opp":"5-0","odds":"51.00","header":"Away"}],"1st_half_goals_odd_even":[{"opp":"Odd","odds":"2.00"},{"opp":"Even","odds":"1.80"}],"home_team_highest_scoring_half":[{"opp":"FC Ilbirs - 1st Half","odds":"3.75"},{"opp":"FC Ilbirs - 2nd Half","odds":"2.75"},{"opp":"FC Ilbirs - Tie","odds":"2.05"}],"away_team_highest_scoring_half":[{"opp":"FC Dordoi Bishkek - 1st Half","odds":"2.88"},{"opp":"FC Dordoi Bishkek - 2nd Half","odds":"1.95"},{"opp":"FC Dordoi Bishkek - Tie","odds":"3.75"}],"2nd_half_goals_odd_even":[{"opp":"Even","odds":"1.83"},{"opp":"Odd","odds":"1.83"}]}},"main":{"updated_at":"1532570616","sp":{"full_time_result":[{"opp":"1","odds":"6.50"},{"opp":"X","odds":"5.50"},{"opp":"2","odds":"1.29"}],"double_chance":[{"opp":"1X","odds":"3.50"},{"opp":"X2","odds":"1.10"},{"opp":"12","odds":"1.12"}],"correct_score":[{"opp":"1-0","odds":"34.00","header":"Home"},{"opp":"0-0","odds":"34.00","header":"X"},{"opp":"1-0","odds":"15.00","header":"Away"},{"opp":"2-0","odds":"51.00","header":"Home"},{"opp":"1-1","odds":"13.00","header":"X"},{"opp":"2-0","odds":"11.00","header":"Away"},{"opp":"2-1","odds":"26.00","header":"Home"},{"opp":"2-2","odds":"17.00","header":"X"},{"opp":"2-1","odds":"11.00","header":"Away"},{"opp":"3-0","odds":"81.00","header":"Home"},{"opp":"3-3","odds":"41.00","header":"X"},{"opp":"3-0","odds":"11.00","header":"Away"},{"opp":"3-1","odds":"41.00","header":"Home"},{"opp":"3-1","odds":"11.00","header":"Away"},{"opp":"3-2","odds":"41.00","header":"Home"},{"opp":"3-2","odds":"19.00","header":"Away"},{"opp":"4-1","odds":"81.00","header":"Home"},{"opp":"4-0","odds":"13.00","header":"Away"},{"opp":"4-2","odds":"81.00","header":"Home"},{"opp":"4-1","odds":"15.00","header":"Away"},{"opp":"4-3","odds":"81.00","header":"Home"},{"opp":"4-2","odds":"26.00","header":"Away"},{"opp":"5-0","odds":"19.00","header":"Away"},{"opp":"5-1","odds":"21.00","header":"Away"},{"opp":"5-2","odds":"41.00","header":"Away"},{"opp":"4-3","odds":"51.00","header":"Away"},{"opp":"5-3","odds":"67.00","header":"Away"},{"opp":"6-0","odds":"29.00","header":"Away"},{"opp":"6-1","odds":"34.00","header":"Away"},{"opp":"6-2","odds":"51.00","header":"Away"},{"opp":"7-0","odds":"51.00","header":"Away"},{"opp":"7-1","odds":"51.00","header":"Away"},{"opp":"7-2","odds":"81.00","header":"Away"},{"opp":"8-0","odds":"81.00","header":"Away"},{"opp":"8-1","odds":"81.00","header":"Away"}],"half_time_full_time":[{"opp":"FC Ilbirs - FC Ilbirs","odds":"12.00"},{"opp":"FC Ilbirs - Draw","odds":"21.00"},{"opp":"FC Ilbirs - FC Dordoi Bishkek","odds":"15.00"},{"opp":"Draw - FC Ilbirs","odds":"17.00"},{"opp":"Draw - Draw","odds":"12.00"},{"opp":"Draw - FC Dordoi Bishkek","odds":"4.75"},{"opp":"FC Dordoi Bishkek - FC Ilbirs","odds":"34.00"},{"opp":"FC Dordoi Bishkek - Draw","odds":"17.00"},{"opp":"FC Dordoi Bishkek - FC Dordoi Bishkek","odds":"1.80"}],"goals_over_under":[{"goals":"2.5","odds":"1.25","header":"Over"},{"goals":"2.5","odds":"3.80","header":"Under"}],"draw_no_bet":[{"opp":"FC Ilbirs","odds":"6.00"},{"opp":"FC Dordoi Bishkek","odds":"1.11"}]}},"schedule":{"updated_at":"1532569170","sp":{"main":[{"odds":"6.50"},{"odds":"5.50"},{"odds":"1.29"}]}}}]}}