{"odd":{"success":1,"results":[{"FI":"75367807","event_id":"845006","asian_lines":{"updated_at":"1532570889","sp":{"asian_handicap":[{"opp":"0.0","odds":"1.950","header":"Home"},{"opp":"0.0","odds":"1.850","header":"Away"}],"goal_line":[{"goals":"2.0, 2.5","odds":"2.000","header":"Over"},{"goals":"2.0, 2.5","odds":"1.800","header":"Under"}],"alternative_asian_handicap":[{"opp":"-1.5","odds":"5.900","header":"Home"},{"opp":"+1.5","odds":"1.130","header":"Away"},{"opp":"-1.0, -1.5","odds":"5.500","header":"Home"},{"opp":"+1.0, +1.5","odds":"1.150","header":"Away"},{"opp":"-1.0","odds":"4.650","header":"Home"},{"opp":"+1.0","odds":"1.180","header":"Away"},{"opp":"-0.5, -1.0","odds":"3.300","header":"Home"},{"opp":"+0.5, +1.0","odds":"1.325","header":"Away"},{"opp":"-0.5","odds":"2.675","header":"Home"},{"opp":"+0.5","odds":"1.450","header":"Away"},{"opp":"0.0, -0.5","odds":"2.300","header":"Home"},{"opp":"0.0, +0.5","odds":"1.600","header":"Away"},{"opp":"0.0, +0.5","odds":"1.625","header":"Home"},{"opp":"0.0, -0.5","odds":"2.250","header":"Away"},{"opp":"+0.5","odds":"1.475","header":"Home"},{"opp":"-0.5","odds":"2.600","header":"Away"},{"opp":"+0.5, +1.0","odds":"1.325","header":"Home"},{"opp":"-0.5, -1.0","odds":"3.300","header":"Away"},{"opp":"+1.0","odds":"1.200","header":"Home"},{"opp":"-1.0","odds":"4.400","header":"Away"},{"opp":"+1.0, +1.5","odds":"1.170","header":"Home"},{"opp":"-1.0, -1.5","odds":"5.000","header":"Away"},{"opp":"+1.5","odds":"1.140","header":"Home"},{"opp":"-1.5","odds":"5.750","header":"Away"}],"alternative_goal_line":[{"goals":"0.5, 1.0","odds":"1.105","header":"Over"},{"goals":"0.5, 1.0","odds":"6.800","header":"Under"},{"goals":"1.0","odds":"1.125","header":"Over"},{"goals":"1.0","odds":"6.000","header":"Under"},{"goals":"1.0, 1.5","odds":"1.260","header":"Over"},{"goals":"1.0, 1.5","odds":"3.700","header":"Under"},{"goals":"1.5","odds":"1.400","header":"Over"},{"goals":"1.5","odds":"2.850","header":"Under"},{"goals":"1.5, 2.0","odds":"1.525","header":"Over"},{"goals":"1.5, 2.0","odds":"2.425","header":"Under"},{"goals":"2.0","odds":"1.700","header":"Over"},{"goals":"2.0","odds":"2.100","header":"Under"},{"goals":"2.5","odds":"2.250","header":"Over"},{"goals":"2.5","odds":"1.625","header":"Under"},{"goals":"2.5, 3.0","odds":"2.675","header":"Over"},{"goals":"2.5, 3.0","odds":"1.450","header":"Under"},{"goals":"3.0","odds":"3.450","header":"Over"},{"goals":"3.0","odds":"1.300","header":"Under"},{"goals":"3.0, 3.5","odds":"3.700","header":"Over"},{"goals":"3.0, 3.5","odds":"1.260","header":"Under"},{"goals":"3.5","odds":"4.100","header":"Over"},{"goals":"3.5","odds":"1.225","header":"Under"},{"goals":"3.5, 4.0","odds":"5.250","header":"Over"},{"goals":"3.5, 4.0","odds":"1.160","header":"Under"}],"1st_half_asian_handicap":[{"opp":"0.0","odds":"1.925","header":"Home"},{"opp":"0.0","odds":"1.875","header":"Away"}],"1st_half_goal_line":[{"goals":"0.5, 1.0","odds":"1.725","header":"Over"},{"goals":"0.5, 1.0","odds":"2.075","header":"Under"}],"alternative_1st_half_asian_handicap":[{"opp":"-0.5, -1.0","odds":"4.650","header":"Home"},{"opp":"+0.5, +1.0","odds":"1.180","header":"Away"},{"opp":"-0.5","odds":"3.450","header":"Home"},{"opp":"+0.5","odds":"1.300","header":"Away"},{"opp":"0.0, -0.5","odds":"2.675","header":"Home"},{"opp":"0.0, +0.5","odds":"1.450","header":"Away"},{"opp":"0.0, +0.5","odds":"1.475","header":"Home"},{"opp":"0.0, -0.5","odds":"2.600","header":"Away"},{"opp":"+0.5","odds":"1.325","header":"Home"},{"opp":"-0.5","odds":"3.300","header":"Away"},{"opp":"+0.5, +1.0","odds":"1.190","header":"Home"},{"opp":"-0.5, -1.0","odds":"4.500","header":"Away"}],"alternative_1st_half_goal_line":[{"goals":"1.0","odds":"2.200","header":"Over"},{"goals":"1.0","odds":"1.650","header":"Under"},{"goals":"1.0, 1.5","odds":"2.750","header":"Over"},{"goals":"1.0, 1.5","odds":"1.425","header":"Under"},{"goals":"1.5","odds":"3.300","header":"Over"},{"goals":"1.5","odds":"1.325","header":"Under"},{"goals":"1.5, 2.0","odds":"4.400","header":"Over"},{"goals":"1.5, 2.0","odds":"1.200","header":"Under"}],"asian_total_corners":[{"goals":"9.0","odds":"1.825","header":"Over"},{"goals":"9.0","odds":"1.975","header":"Under"}],"1st_half_asian_corners":[{"goals":"4.5","odds":"2.050","header":"Over"},{"goals":"4.5","odds":"1.750","header":"Under"}]}},"corners":{"updated_at":"1532570905","sp":{"corners":[{"opp":"Over 9","odds":"2.00"},{"opp":"Exactly 9","odds":"7.00"},{"opp":"Under 9","odds":"2.20"}],"total_corners":[{"opp":"Under 6","odds":"8.00"},{"opp":"6 - 8","odds":"2.88"},{"opp":"9 - 11","odds":"2.60"},{"opp":"12 - 14","odds":"5.00"},{"opp":"Over 14","odds":"15.00"}],"alternative_corners":[{"goals":"3","odds":"1.01","header":"Over"},{"goals":"3","odds":"29.00","header":"Exactly"},{"goals":"3","odds":"41.00","header":"Under"},{"goals":"4","odds":"1.03","header":"Over"},{"goals":"4","odds":"19.00","header":"Exactly"},{"goals":"4","odds":"26.00","header":"Under"},{"goals":"5","odds":"1.06","header":"Over"},{"goals":"5","odds":"13.00","header":"Exactly"},{"goals":"5","odds":"15.00","header":"Under"},{"goals":"6","odds":"1.18","header":"Over"},{"goals":"6","odds":"9.50","header":"Exactly"},{"goals":"6","odds":"8.00","header":"Under"},{"goals":"7","odds":"1.36","header":"Over"},{"goals":"7","odds":"8.00","header":"Exactly"},{"goals":"7","odds":"4.75","header":"Under"},{"goals":"8","odds":"1.62","header":"Over"},{"goals":"8","odds":"7.00","header":"Exactly"},{"goals":"8","odds":"3.10","header":"Under"},{"goals":"10","odds":"2.75","header":"Over"},{"goals":"10","odds":"7.50","header":"Exactly"},{"goals":"10","odds":"1.73","header":"Under"},{"goals":"11","odds":"4.00","header":"Over"},{"goals":"11","odds":"8.50","header":"Exactly"},{"goals":"11","odds":"1.40","header":"Under"},{"goals":"12","odds":"6.00","header":"Over"},{"goals":"12","odds":"10.00","header":"Exactly"},{"goals":"12","odds":"1.25","header":"Under"},{"goals":"13","odds":"9.00","header":"Over"},{"goals":"13","odds":"13.00","header":"Exactly"},{"goals":"13","odds":"1.12","header":"Under"},{"goals":"14","odds":"13.00","header":"Over"},{"goals":"14","odds":"17.00","header":"Exactly"},{"goals":"14","odds":"1.06","header":"Under"},{"goals":"15","odds":"19.00","header":"Over"},{"goals":"15","odds":"21.00","header":"Exactly"},{"goals":"15","odds":"1.04","header":"Under"},{"goals":"16","odds":"26.00","header":"Over"},{"goals":"16","odds":"29.00","header":"Exactly"},{"goals":"16","odds":"1.02","header":"Under"},{"goals":"17","odds":"41.00","header":"Over"},{"goals":"17","odds":"41.00","header":"Exactly"},{"goals":"17","odds":"1.01","header":"Under"}],"corners_2_way":[{"opp":"Over 9.5","odds":"2.00"},{"opp":"Under 9.5","odds":"1.73"}],"first_half_corners":[{"opp":"4","odds":"2.05","header":"Over"},{"opp":"4","odds":"4.75","header":"Exactly"},{"opp":"4","odds":"2.62","header":"Under"}],"asian_total_corners":[{"goals":"9.0","odds":"1.825","header":"Over"},{"goals":"9.0","odds":"1.975","header":"Under"}],"1st_half_asian_corners":[{"goals":"4.5","odds":"2.050","header":"Over"},{"goals":"4.5","odds":"1.750","header":"Under"}]}},"goals":{"updated_at":"1532570332","sp":{"goals_over_under":[{"goals":"2.5","odds":"2.25","header":"Over"},{"goals":"2.5","odds":"1.62","header":"Under"}],"alternative_total_goals":[{"goals":"0.5","odds":"1.07","header":"Over "},{"goals":"0.5","odds":"7.50","header":"Under"},{"goals":"1.5","odds":"1.40","header":"Over "},{"goals":"1.5","odds":"2.75","header":"Under"},{"goals":"3.5","odds":"4.00","header":"Over "},{"goals":"3.5","odds":"1.22","header":"Under"},{"goals":"4.5","odds":"7.50","header":"Over "},{"goals":"4.5","odds":"1.07","header":"Under"},{"goals":"5.5","odds":"11.00","header":"Over "},{"goals":"5.5","odds":"1.02","header":"Under"}],"result_total_goals":[{"opp":"Dinamo Brest & Over 2.5","odds":"5.00"},{"opp":"Dinamo Brest & Under 2.5","odds":"5.00"},{"opp":"Draw & Over 2.5","odds":"15.00"},{"opp":"Draw & Under  2.5","odds":"3.60"},{"opp":"Atromitos Athinon & Over 2.5","odds":"4.75"},{"opp":"Atromitos Athinon & Under 2.5","odds":"5.00"}],"total_goals_both_teams_to_score":[{"opp":"Over 2.5 & Yes","odds":"2.62"},{"opp":"Over 2.5 & No","odds":"11.00"},{"opp":"Under 2.5 & Yes","odds":"6.00"},{"opp":"Under 2.5 & No","odds":"2.05"}],"exact_total_goals":[{"opp":"0 Goals","odds":"7.50"},{"opp":"1 Goal","odds":"4.33"},{"opp":"2 Goals","odds":"3.40"},{"opp":"3 Goals","odds":"4.50"},{"opp":"4 Goals","odds":"7.00"},{"opp":"5 Goals","odds":"15.00"},{"opp":"6 Goals","odds":"29.00"},{"opp":"7+ Goals","odds":"21.00"}],"number_of_goals_in_match":[{"opp":"Under 2 goals","odds":"2.75"},{"opp":"2 or 3 goals","odds":"2.00"},{"opp":"Over 3 goals","odds":"4.00"}],"both_teams_to_score":[{"opp":"Yes","odds":"1.91"},{"opp":"No","odds":"1.80"}],"teams_to_score":[{"opp":"Both Teams","odds":"1.91"},{"opp":"Dinamo Brest Only","odds":"4.33"},{"opp":"No Goal","odds":"7.50"},{"opp":"Atromitos Athinon Only","odds":"4.00"}],"both_teams_to_score_in_1st_half":[{"opp":"Yes","odds":"5.00"},{"opp":"No","odds":"1.14"}],"both_teams_to_score_in_2nd_half":[{"opp":"Yes","odds":"3.75"},{"opp":"No","odds":"1.25"}],"both_teams_to_score_1st_half_2nd_half":[{"opp":"Yes \/ Yes","odds":"21.00"},{"opp":"Yes \/ No","odds":"6.50"},{"opp":"No \/ Yes","odds":"4.33"},{"opp":"No \/ No","odds":"1.44"}],"first_half_goals":[{"goals":"0.5","odds":"1.50","header":"Over"},{"goals":"0.5","odds":"2.50","header":"Under"},{"goals":"1.5","odds":"3.40","header":"Over"},{"goals":"1.5","odds":"1.30","header":"Under"},{"goals":"2.5","odds":"10.00","header":"Over"},{"goals":"2.5","odds":"1.06","header":"Under"},{"goals":"3.5","odds":"26.00","header":"Over"},{"goals":"3.5","odds":"1.01","header":"Under"}],"exact_1st_half_goals":[{"opp":"0 Goals","odds":"2.50"},{"opp":"1 Goal","odds":"2.50"},{"opp":"2 Goals","odds":"4.50"},{"opp":"3 Goals","odds":"13.00"},{"opp":"4 Goals","odds":"41.00"},{"opp":"5+ Goals","odds":"81.00"}],"first_team_to_score":[{"opp":"Dinamo Brest","odds":"2.20"},{"opp":"No Goals","odds":"7.50"},{"opp":"Atromitos Athinon","odds":"1.91"}],"2nd_half_goals":[{"goals":"0.5","odds":"1.30","header":"Over"},{"goals":"0.5","odds":"3.40","header":"Under"},{"goals":"1.5","odds":"2.38","header":"Over"},{"goals":"1.5","odds":"1.53","header":"Under"},{"goals":"2.5","odds":"5.50","header":"Over"},{"goals":"2.5","odds":"1.14","header":"Under"},{"goals":"3.5","odds":"15.00","header":"Over"},{"goals":"3.5","odds":"1.03","header":"Under"}],"exact_2nd_half_goals":[{"opp":"0 Goals","odds":"3.40"},{"opp":"1 Goal","odds":"2.62"},{"opp":"2 Goals","odds":"3.75"},{"opp":"3 Goals","odds":"8.00"},{"opp":"4 Goals","odds":"21.00"},{"opp":"5+ Goals","odds":"41.00"}],"half_with_most_goals":[{"opp":"1st Half","odds":"3.20"},{"opp":"2nd Half","odds":"2.10"},{"opp":"Tie","odds":"3.25"}],"home_team_highest_scoring_half":[{"opp":"Dinamo Brest - 1st Half","odds":"3.75"},{"opp":"Dinamo Brest - 2nd Half","odds":"2.62"},{"opp":"Dinamo Brest - Tie","odds":"2.20"}],"away_team_highest_scoring_half":[{"opp":"Atromitos Athinon - 1st Half","odds":"3.75"},{"opp":"Atromitos Athinon - 2nd Half","odds":"2.62"},{"opp":"Atromitos Athinon - Tie","odds":"2.20"}],"home_team_exact_goals":[{"opp":"Dinamo Brest - 0 Goals","odds":"2.75"},{"opp":"Dinamo Brest - 1 Goal","odds":"2.50"},{"opp":"Dinamo Brest - 2 Goals","odds":"4.33"},{"opp":"Dinamo Brest - 3+ Goals","odds":"6.50"}],"away_team_exact_goals":[{"opp":"Atromitos Athinon - 0 Goals","odds":"3.00"},{"opp":"Atromitos Athinon - 1 Goal","odds":"2.50"},{"opp":"Atromitos Athinon - 2 Goals","odds":"4.33"},{"opp":"Atromitos Athinon - 3+ Goals","odds":"6.50"}],"goals_odd_even":[{"opp":"Even","odds":"1.90"},{"opp":"Odd","odds":"1.95"}],"home_team_odd_even_goals":[{"opp":"Dinamo Brest - Even","odds":"1.73"},{"opp":"Dinamo Brest - Odd","odds":"2.00"}],"away_team_odd_even_goals":[{"opp":"Atromitos Athinon - Even","odds":"1.73"},{"opp":"Atromitos Athinon - Odd","odds":"2.00"}],"1st_half_goals_odd_even":[{"opp":"Odd","odds":"2.20"},{"opp":"Even","odds":"1.67"}],"last_team_to_score":[{"opp":"Dinamo Brest","odds":"2.20"},{"opp":"No Goal","odds":"7.50"},{"opp":"Atromitos Athinon","odds":"1.91"}]}},"half":{"updated_at":"1532570353","sp":{"half_time_result":[{"opp":"1","odds":"3.25"},{"opp":"X","odds":"2.00"},{"opp":"2","odds":"3.25"}],"half_time_double_chance":[{"opp":"1X","odds":"1.33"},{"opp":"X2","odds":"1.33"},{"opp":"12","odds":"1.73"}],"half_time_result_both_teams_to_score":[{"opp":"Dinamo Brest & Yes","odds":"23.00"},{"opp":"Dinamo Brest & No","odds":"3.75"},{"opp":"Draw & Yes","odds":"8.50"},{"opp":"Draw & No","odds":"2.50"},{"opp":"Atromitos Athinon & Yes","odds":"23.00"},{"opp":"Atromitos Athinon & No","odds":"3.75"}],"half_time_result_total_goals":[{"opp":"Dinamo Brest & Over 1.5","odds":"9.50"},{"opp":"Dinamo Brest & Under 1.5","odds":"4.50"},{"opp":"Draw & Over 1.5","odds":"9.00"},{"opp":"Draw & Under 1.5","odds":"2.50"},{"opp":"Atromitos Athinon & Over 1.5","odds":"9.50"},{"opp":"Atromitos Athinon & Under 1.5","odds":"4.50"}],"half_time_correct_score":[{"opp":"1-0","odds":"4.50","header":"Home"},{"opp":"0-0","odds":"2.50","header":"X"},{"opp":"1-0","odds":"4.50","header":"Away"},{"opp":"2-0","odds":"15.00","header":"Home"},{"opp":"1-1","odds":"8.50","header":"X"},{"opp":"2-0","odds":"15.00","header":"Away"},{"opp":"2-1","odds":"29.00","header":"Home"},{"opp":"2-2","odds":"67.00","header":"X"},{"opp":"2-1","odds":"29.00","header":"Away"},{"opp":"3-0","odds":"51.00","header":"Home"},{"opp":"3-0","odds":"51.00","header":"Away"},{"opp":"3-1","odds":"81.00","header":"Home"},{"opp":"3-1","odds":"81.00","header":"Away"}],"both_teams_to_score_in_1st_half":[{"opp":"Yes","odds":"5.00"},{"opp":"No","odds":"1.14"}],"both_teams_to_score_in_2nd_half":[{"opp":"Yes","odds":"3.75"},{"opp":"No","odds":"1.25"}],"both_teams_to_score_1st_half_2nd_half":[{"opp":"Yes \/ Yes","odds":"21.00"},{"opp":"Yes \/ No","odds":"6.50"},{"opp":"No \/ Yes","odds":"4.33"},{"opp":"No \/ No","odds":"1.44"}],"1st_half_asian_handicap":[{"opp":"0.0","odds":"1.925","header":"Home"},{"opp":"0.0","odds":"1.875","header":"Away"}],"1st_half_goal_line":[{"goals":"0.5, 1.0","odds":"1.725","header":"Over"},{"goals":"0.5, 1.0","odds":"2.075","header":"Under"}],"alternative_1st_half_asian_handicap":[{"opp":"-0.5, -1.0","odds":"4.650","header":"Home"},{"opp":"+0.5, +1.0","odds":"1.180","header":"Away"},{"opp":"-0.5","odds":"3.450","header":"Home"},{"opp":"+0.5","odds":"1.300","header":"Away"},{"opp":"0.0, -0.5","odds":"2.675","header":"Home"},{"opp":"0.0, +0.5","odds":"1.450","header":"Away"},{"opp":"0.0, +0.5","odds":"1.475","header":"Home"},{"opp":"0.0, -0.5","odds":"2.600","header":"Away"},{"opp":"+0.5","odds":"1.325","header":"Home"},{"opp":"-0.5","odds":"3.300","header":"Away"},{"opp":"+0.5, +1.0","odds":"1.190","header":"Home"},{"opp":"-0.5, -1.0","odds":"4.500","header":"Away"}],"alternative_1st_half_goal_line":[{"goals":"1.0","odds":"2.200","header":"Over"},{"goals":"1.0","odds":"1.650","header":"Under"},{"goals":"1.0, 1.5","odds":"2.750","header":"Over"},{"goals":"1.0, 1.5","odds":"1.425","header":"Under"},{"goals":"1.5","odds":"3.300","header":"Over"},{"goals":"1.5","odds":"1.325","header":"Under"},{"goals":"1.5, 2.0","odds":"4.400","header":"Over"},{"goals":"1.5, 2.0","odds":"1.200","header":"Under"}],"1st_half_handicap":[{"opp":"Dinamo Brest  +1.0","odds":"1.33"},{"opp":"Tie - Atromitos Athinon -1.0","odds":"4.00"},{"opp":"Atromitos Athinon  -1.0","odds":"11.00"}],"alternative_1st_half_handicap_result":[{"opp":"-1.0","odds":"11.00","header":"Home"},{"opp":"+1.0","odds":"4.00","header":"Tie"},{"opp":"+1.0","odds":"1.33","header":"Away"},{"opp":"+2.0","odds":"1.04","header":"Home"},{"opp":"-2.0","odds":"13.00","header":"Tie"},{"opp":"-2.0","odds":"23.00","header":"Away"}],"first_half_goals":[{"goals":"0.5","odds":"1.50","header":"Over"},{"goals":"0.5","odds":"2.50","header":"Under"},{"goals":"1.5","odds":"3.40","header":"Over"},{"goals":"1.5","odds":"1.30","header":"Under"},{"goals":"2.5","odds":"10.00","header":"Over"},{"goals":"2.5","odds":"1.06","header":"Under"},{"goals":"3.5","odds":"26.00","header":"Over"},{"goals":"3.5","odds":"1.01","header":"Under"}],"exact_1st_half_goals":[{"opp":"0 Goals","odds":"2.50"},{"opp":"1 Goal","odds":"2.50"},{"opp":"2 Goals","odds":"4.50"},{"opp":"3 Goals","odds":"13.00"},{"opp":"4 Goals","odds":"41.00"},{"opp":"5+ Goals","odds":"81.00"}],"first_half_corners":[{"opp":"4","odds":"2.05","header":"Over"},{"opp":"4","odds":"4.75","header":"Exactly"},{"opp":"4","odds":"2.62","header":"Under"}],"1st_half_asian_corners":[{"goals":"4.5","odds":"2.050","header":"Over"},{"goals":"4.5","odds":"1.750","header":"Under"}],"1st_half_goals_odd_even":[{"opp":"Odd","odds":"2.20"},{"opp":"Even","odds":"1.67"}],"to_score_in_half":[{"name":"1st Half","odds":"2.38","header":"Yes"},{"name":"1st Half","odds":"1.53","header":"No"},{"name":"2nd Half","odds":"1.91","header":"Yes"},{"name":"2nd Half","odds":"1.80","header":"No"},{"name":"1st Half","odds":"2.38","header":"Yes"},{"name":"1st Half","odds":"1.53","header":"No"},{"name":"2nd Half","odds":"1.91","header":"Yes"},{"name":"2nd Half","odds":"1.80","header":"No"}],"half_with_most_goals":[{"opp":"1st Half","odds":"3.20"},{"opp":"2nd Half","odds":"2.10"},{"opp":"Tie","odds":"3.25"}],"home_team_highest_scoring_half":[{"opp":"Dinamo Brest - 1st Half","odds":"3.75"},{"opp":"Dinamo Brest - 2nd Half","odds":"2.62"},{"opp":"Dinamo Brest - Tie","odds":"2.20"}],"away_team_highest_scoring_half":[{"opp":"Atromitos Athinon - 1st Half","odds":"3.75"},{"opp":"Atromitos Athinon - 2nd Half","odds":"2.62"},{"opp":"Atromitos Athinon - Tie","odds":"2.20"}],"2nd_half_result":[{"opp":"1","odds":"3.00"},{"opp":"X","odds":"2.30"},{"opp":"2","odds":"2.88"}],"2nd_half_goals":[{"goals":"0.5","odds":"1.30","header":"Over"},{"goals":"0.5","odds":"3.40","header":"Under"},{"goals":"1.5","odds":"2.38","header":"Over"},{"goals":"1.5","odds":"1.53","header":"Under"},{"goals":"2.5","odds":"5.50","header":"Over"},{"goals":"2.5","odds":"1.14","header":"Under"},{"goals":"3.5","odds":"15.00","header":"Over"},{"goals":"3.5","odds":"1.03","header":"Under"}],"exact_2nd_half_goals":[{"opp":"0 Goals","odds":"3.40"},{"opp":"1 Goal","odds":"2.62"},{"opp":"2 Goals","odds":"3.75"},{"opp":"3 Goals","odds":"8.00"},{"opp":"4 Goals","odds":"21.00"},{"opp":"5+ Goals","odds":"41.00"}],"2nd_half_goals_odd_even":[{"opp":"Even","odds":"1.73"},{"opp":"Odd","odds":"2.00"}]}},"main":{"updated_at":"1532570869","sp":{"full_time_result":[{"opp":"1","odds":"2.70"},{"opp":"X","odds":"3.00"},{"opp":"2","odds":"2.60"}],"double_chance":[{"opp":"1X","odds":"1.50"},{"opp":"X2","odds":"1.44"},{"opp":"12","odds":"1.36"}],"correct_score":[{"opp":"1-0","odds":"7.50","header":"Home"},{"opp":"0-0","odds":"7.50","header":"X"},{"opp":"1-0","odds":"7.50","header":"Away"},{"opp":"2-0","odds":"12.00","header":"Home"},{"opp":"1-1","odds":"6.00","header":"X"},{"opp":"2-0","odds":"12.00","header":"Away"},{"opp":"2-1","odds":"11.00","header":"Home"},{"opp":"2-2","odds":"15.00","header":"X"},{"opp":"2-1","odds":"11.00","header":"Away"},{"opp":"3-0","odds":"26.00","header":"Home"},{"opp":"3-3","odds":"51.00","header":"X"},{"opp":"3-0","odds":"26.00","header":"Away"},{"opp":"3-1","odds":"23.00","header":"Home"},{"opp":"3-1","odds":"23.00","header":"Away"},{"opp":"3-2","odds":"41.00","header":"Home"},{"opp":"3-2","odds":"41.00","header":"Away"},{"opp":"4-0","odds":"51.00","header":"Home"},{"opp":"4-0","odds":"51.00","header":"Away"},{"opp":"4-1","odds":"51.00","header":"Home"},{"opp":"4-1","odds":"51.00","header":"Away"},{"opp":"4-2","odds":"81.00","header":"Home"},{"opp":"4-2","odds":"81.00","header":"Away"},{"opp":"4-3","odds":"151.00","header":"Home"},{"opp":"4-3","odds":"151.00","header":"Away"},{"opp":"5-0","odds":"151.00","header":"Home"},{"opp":"5-0","odds":"151.00","header":"Away"},{"opp":"5-1","odds":"151.00","header":"Home"},{"opp":"5-1","odds":"151.00","header":"Away"}],"half_time_full_time":[{"opp":"Dinamo Brest - Dinamo Brest","odds":"4.33"},{"opp":"Dinamo Brest - Draw","odds":"15.00"},{"opp":"Dinamo Brest - Atromitos Athinon","odds":"29.00"},{"opp":"Draw - Dinamo Brest","odds":"6.00"},{"opp":"Draw - Draw","odds":"4.50"},{"opp":"Draw - Atromitos Athinon","odds":"6.00"},{"opp":"Atromitos Athinon - Dinamo Brest","odds":"34.00"},{"opp":"Atromitos Athinon - Draw","odds":"15.00"},{"opp":"Atromitos Athinon - Atromitos Athinon","odds":"4.33"}],"goals_over_under":[{"goals":"2.5","odds":"2.25","header":"Over"},{"goals":"2.5","odds":"1.62","header":"Under"}],"both_teams_to_score":[{"opp":"Yes","odds":"1.91"},{"opp":"No","odds":"1.80"}],"asian_handicap":[{"opp":"0.0","odds":"1.950","header":"Home"},{"opp":"0.0","odds":"1.850","header":"Away"}],"goal_line":[{"goals":"2.0, 2.5","odds":"2.000","header":"Over"},{"goals":"2.0, 2.5","odds":"1.800","header":"Under"}],"alternative_asian_handicap":[{"opp":"-1.5","odds":"5.900","header":"Home"},{"opp":"+1.5","odds":"1.130","header":"Away"},{"opp":"-1.0, -1.5","odds":"5.500","header":"Home"},{"opp":"+1.0, +1.5","odds":"1.150","header":"Away"},{"opp":"-1.0","odds":"4.650","header":"Home"},{"opp":"+1.0","odds":"1.180","header":"Away"},{"opp":"-0.5, -1.0","odds":"3.300","header":"Home"},{"opp":"+0.5, +1.0","odds":"1.325","header":"Away"},{"opp":"-0.5","odds":"2.675","header":"Home"},{"opp":"+0.5","odds":"1.450","header":"Away"},{"opp":"0.0, -0.5","odds":"2.300","header":"Home"},{"opp":"0.0, +0.5","odds":"1.600","header":"Away"},{"opp":"0.0, +0.5","odds":"1.625","header":"Home"},{"opp":"0.0, -0.5","odds":"2.250","header":"Away"},{"opp":"+0.5","odds":"1.475","header":"Home"},{"opp":"-0.5","odds":"2.600","header":"Away"},{"opp":"+0.5, +1.0","odds":"1.325","header":"Home"},{"opp":"-0.5, -1.0","odds":"3.300","header":"Away"},{"opp":"+1.0","odds":"1.200","header":"Home"},{"opp":"-1.0","odds":"4.400","header":"Away"},{"opp":"+1.0, +1.5","odds":"1.170","header":"Home"},{"opp":"-1.0, -1.5","odds":"5.000","header":"Away"},{"opp":"+1.5","odds":"1.140","header":"Home"},{"opp":"-1.5","odds":"5.750","header":"Away"}],"alternative_goal_line":[{"goals":"0.5, 1.0","odds":"1.105","header":"Over"},{"goals":"0.5, 1.0","odds":"6.800","header":"Under"},{"goals":"1.0","odds":"1.125","header":"Over"},{"goals":"1.0","odds":"6.000","header":"Under"},{"goals":"1.0, 1.5","odds":"1.260","header":"Over"},{"goals":"1.0, 1.5","odds":"3.700","header":"Under"},{"goals":"1.5","odds":"1.400","header":"Over"},{"goals":"1.5","odds":"2.850","header":"Under"},{"goals":"1.5, 2.0","odds":"1.525","header":"Over"},{"goals":"1.5, 2.0","odds":"2.425","header":"Under"},{"goals":"2.0","odds":"1.700","header":"Over"},{"goals":"2.0","odds":"2.100","header":"Under"},{"goals":"2.5","odds":"2.250","header":"Over"},{"goals":"2.5","odds":"1.625","header":"Under"},{"goals":"2.5, 3.0","odds":"2.675","header":"Over"},{"goals":"2.5, 3.0","odds":"1.450","header":"Under"},{"goals":"3.0","odds":"3.450","header":"Over"},{"goals":"3.0","odds":"1.300","header":"Under"},{"goals":"3.0, 3.5","odds":"3.700","header":"Over"},{"goals":"3.0, 3.5","odds":"1.260","header":"Under"},{"goals":"3.5","odds":"4.100","header":"Over"},{"goals":"3.5","odds":"1.225","header":"Under"},{"goals":"3.5, 4.0","odds":"5.250","header":"Over"},{"goals":"3.5, 4.0","odds":"1.160","header":"Under"}],"draw_no_bet":[{"opp":"Dinamo Brest","odds":"1.83"},{"opp":"Atromitos Athinon","odds":"1.83"}],"result_both_teams_to_score":[{"name":"Dinamo Brest","odds":"6.00","header":"Yes"},{"name":"Dinamo Brest","odds":"4.33","header":"No"},{"name":"Atromitos Athinon","odds":"6.00","header":"Yes"},{"name":"Atromitos Athinon","odds":"4.33","header":"No"},{"name":"Draw","odds":"4.50","header":"Yes"},{"name":"Draw","odds":"7.50","header":"No"}],"handicap_result":[{"opp":"Dinamo Brest (+1)","odds":"1.50"},{"opp":"Tie - (Atromitos Athinon -1)","odds":"4.33"},{"opp":"Atromitos Athinon (-1)","odds":"5.50"}],"alternative_handicap_result":[{"opp":"-2.0","odds":"12.00","header":"Home"},{"opp":"+2.0","odds":"7.50","header":"Tie"},{"opp":"+2.0","odds":"1.11","header":"Away"},{"opp":"-1.0","odds":"5.50","header":"Home"},{"opp":"+1.0","odds":"4.33","header":"Tie"},{"opp":"+1.0","odds":"1.44","header":"Away"},{"opp":"+2.0","odds":"1.11","header":"Home"},{"opp":"-2.0","odds":"7.50","header":"Tie"},{"opp":"-2.0","odds":"12.00","header":"Away"},{"opp":"+3.0","odds":"1.03","header":"Home"},{"opp":"-3.0","odds":"15.00","header":"Tie"},{"opp":"-3.0","odds":"19.00","header":"Away"}],"winning_margin":[{"goals":" 1","odds":"4.33","header":"Home"},{"goals":" 1","odds":"4.33","header":"Away"},{"goals":" 2","odds":"7.50","header":"Home"},{"goals":" 2","odds":"7.50","header":"Away"},{"goals":" 3","odds":"21.00","header":"Home"},{"goals":" 3","odds":"15.00","header":"Away"},{"goals":" 4+","odds":"41.00","header":"Home"},{"goals":" 4+","odds":"19.00","header":"Away"},{"goals":"Score Draw","odds":"4.50","header":"Home"},{"goals":"No Goal","odds":"7.50","header":"Home"}]}},"schedule":{"updated_at":"1532570513","sp":{"main":[{"odds":"2.000"},{"odds":"1.800"}]}},"specials":{"updated_at":"1532570368","sp":{"specials":[{"name":"To Win From Behind","odds":"11.00","header":"Home"},{"name":"To Win From Behind","odds":"11.00","header":"Away"},{"name":"To Win to Nil","odds":"4.33","header":"Home"},{"name":"To Win to Nil","odds":"4.33","header":"Away"},{"name":"To Win Either Half","odds":"1.83","header":"Home"},{"name":"To Win Either Half","odds":"1.83","header":"Away"},{"name":"To Win Both Halves","odds":"11.00","header":"Home"},{"name":"To Win Both Halves","odds":"11.00","header":"Away"},{"name":"To Score in Both Halves","odds":"4.50","header":"Home"},{"name":"To Score in Both Halves","odds":"4.50","header":"Away"}],"to_score_in_half":[{"name":"1st Half","odds":"2.38","header":"Yes"},{"name":"1st Half","odds":"1.53","header":"No"},{"name":"2nd Half","odds":"1.91","header":"Yes"},{"name":"2nd Half","odds":"1.80","header":"No"},{"name":"1st Half","odds":"2.38","header":"Yes"},{"name":"1st Half","odds":"1.53","header":"No"},{"name":"2nd Half","odds":"1.91","header":"Yes"},{"name":"2nd Half","odds":"1.80","header":"No"}]}}}]}}