{"odd":{"success":1,"results":[{"FI":"75382760","event_id":"847098","goals":{"updated_at":"1532570329","sp":{"goals_over_under":[{"goals":"2.5","odds":"1.40","header":"Over"},{"goals":"2.5","odds":"2.85","header":"Under"}],"first_team_to_score":[{"opp":"Janpa","odds":"1.62"},{"opp":"No Goals","odds":"23.00"},{"opp":"TPV\/2","odds":"2.25"}],"home_team_highest_scoring_half":[{"opp":"Janpa - 1st Half","odds":"3.20"},{"opp":"Janpa - 2nd Half","odds":"2.20"},{"opp":"Janpa - Tie","odds":"3.00"}],"away_team_highest_scoring_half":[{"opp":"TPV\/2 - 1st Half","odds":"3.40"},{"opp":"TPV\/2 - 2nd Half","odds":"2.38"},{"opp":"TPV\/2 - Tie","odds":"2.50"}],"goals_odd_even":[{"opp":"Even","odds":"1.90"},{"opp":"Odd","odds":"1.95"}],"home_team_odd_even_goals":[{"opp":"Janpa - Even","odds":"1.80"},{"opp":"Janpa - Odd","odds":"1.91"}],"away_team_odd_even_goals":[{"opp":"TPV\/2 - Even","odds":"1.73"},{"opp":"TPV\/2 - Odd","odds":"2.00"}],"1st_half_goals_odd_even":[{"opp":"Odd","odds":"2.00"},{"opp":"Even","odds":"1.80"}]}},"half":{"updated_at":"1532570338","sp":{"half_time_result":[{"opp":"1","odds":"2.38"},{"opp":"X","odds":"2.60"},{"opp":"2","odds":"3.25"}],"half_time_double_chance":[{"opp":"1X","odds":"1.33"},{"opp":"X2","odds":"1.53"},{"opp":"12","odds":"1.50"}],"half_time_correct_score":[{"opp":"1-0","odds":"4.75","header":"Home"},{"opp":"0-0","odds":"4.00","header":"X"},{"opp":"1-0","odds":"6.00","header":"Away"},{"opp":"2-0","odds":"9.50","header":"Home"},{"opp":"1-1","odds":"8.00","header":"X"},{"opp":"2-0","odds":"15.00","header":"Away"},{"opp":"2-1","odds":"17.00","header":"Home"},{"opp":"2-2","odds":"41.00","header":"X"},{"opp":"2-1","odds":"21.00","header":"Away"},{"opp":"3-0","odds":"23.00","header":"Home"},{"opp":"3-0","odds":"41.00","header":"Away"},{"opp":"3-1","odds":"41.00","header":"Home"},{"opp":"3-1","odds":"51.00","header":"Away"},{"opp":"3-2","odds":"81.00","header":"Home"},{"opp":"4-0","odds":"51.00","header":"Home"}],"1st_half_goals_odd_even":[{"opp":"Odd","odds":"2.00"},{"opp":"Even","odds":"1.80"}],"home_team_highest_scoring_half":[{"opp":"Janpa - 1st Half","odds":"3.20"},{"opp":"Janpa - 2nd Half","odds":"2.20"},{"opp":"Janpa - Tie","odds":"3.00"}],"away_team_highest_scoring_half":[{"opp":"TPV\/2 - 1st Half","odds":"3.40"},{"opp":"TPV\/2 - 2nd Half","odds":"2.38"},{"opp":"TPV\/2 - Tie","odds":"2.50"}],"2nd_half_goals_odd_even":[{"opp":"Even","odds":"1.83"},{"opp":"Odd","odds":"1.83"}]}},"main":{"updated_at":"1532570310","sp":{"full_time_result":[{"opp":"1","odds":"1.91"},{"opp":"X","odds":"4.20"},{"opp":"2","odds":"2.88"}],"double_chance":[{"opp":"1X","odds":"1.40"},{"opp":"X2","odds":"1.80"},{"opp":"12","odds":"1.22"}],"correct_score":[{"opp":"1-0","odds":"13.00","header":"Home"},{"opp":"0-0","odds":"23.00","header":"X"},{"opp":"1-0","odds":"17.00","header":"Away"},{"opp":"2-0","odds":"13.00","header":"Home"},{"opp":"1-1","odds":"9.50","header":"X"},{"opp":"2-0","odds":"21.00","header":"Away"},{"opp":"2-1","odds":"10.00","header":"Home"},{"opp":"2-2","odds":"13.00","header":"X"},{"opp":"2-1","odds":"13.00","header":"Away"},{"opp":"3-0","odds":"19.00","header":"Home"},{"opp":"3-3","odds":"34.00","header":"X"},{"opp":"3-0","odds":"34.00","header":"Away"},{"opp":"3-1","odds":"15.00","header":"Home"},{"opp":"4-4","odds":"81.00","header":"X"},{"opp":"3-1","odds":"21.00","header":"Away"},{"opp":"3-2","odds":"19.00","header":"Home"},{"opp":"3-2","odds":"23.00","header":"Away"},{"opp":"4-0","odds":"29.00","header":"Home"},{"opp":"4-0","odds":"51.00","header":"Away"},{"opp":"4-1","odds":"23.00","header":"Home"},{"opp":"4-1","odds":"41.00","header":"Away"},{"opp":"4-2","odds":"34.00","header":"Home"},{"opp":"4-2","odds":"41.00","header":"Away"},{"opp":"5-0","odds":"51.00","header":"Home"},{"opp":"5-1","odds":"67.00","header":"Away"},{"opp":"5-1","odds":"41.00","header":"Home"},{"opp":"5-2","odds":"81.00","header":"Away"},{"opp":"4-3","odds":"51.00","header":"Home"},{"opp":"4-3","odds":"51.00","header":"Away"},{"opp":"5-2","odds":"51.00","header":"Home"},{"opp":"5-3","odds":"81.00","header":"Home"},{"opp":"6-0","odds":"81.00","header":"Home"},{"opp":"6-1","odds":"67.00","header":"Home"}],"half_time_full_time":[{"opp":"Janpa - Janpa","odds":"3.00"},{"opp":"Janpa - Draw","odds":"15.00"},{"opp":"Janpa - TPV\/2","odds":"21.00"},{"opp":"Draw - Janpa","odds":"6.00"},{"opp":"Draw - Draw","odds":"8.00"},{"opp":"Draw - TPV\/2","odds":"8.00"},{"opp":"TPV\/2 - Janpa","odds":"17.00"},{"opp":"TPV\/2 - Draw","odds":"15.00"},{"opp":"TPV\/2 - TPV\/2","odds":"4.75"}],"goals_over_under":[{"goals":"2.5","odds":"1.40","header":"Over"},{"goals":"2.5","odds":"2.85","header":"Under"}],"draw_no_bet":[{"opp":"Janpa","odds":"1.53"},{"opp":"TPV\/2","odds":"2.38"}]}},"schedule":{"updated_at":"1532570184","sp":{"main":[{"odds":"1.91"},{"odds":"4.20"},{"odds":"2.88"}]}}}]}}