{"odd":{"success":1,"results":[{"FI":"75227077","event_id":"843677","asian_lines":{"updated_at":"1532571279","sp":{"asian_handicap":[{"opp":"+1.0, +1.5","odds":"1.925","header":"Home"},{"opp":"-1.0, -1.5","odds":"1.925","header":"Away"}],"goal_line":[{"goals":"2.5, 3.0","odds":"1.950","header":"Over"},{"goals":"2.5, 3.0","odds":"1.900","header":"Under"}],"alternative_asian_handicap":[{"opp":"0.0, -0.5","odds":"7.000","header":"Home"},{"opp":"0.0, +0.5","odds":"1.100","header":"Away"},{"opp":"0.0","odds":"6.400","header":"Home"},{"opp":"0.0","odds":"1.115","header":"Away"},{"opp":"0.0, +0.5","odds":"3.900","header":"Home"},{"opp":"0.0, -0.5","odds":"1.240","header":"Away"},{"opp":"+0.5","odds":"3.000","header":"Home"},{"opp":"-0.5","odds":"1.375","header":"Away"},{"opp":"+0.5, +1.0","odds":"2.675","header":"Home"},{"opp":"-0.5, -1.0","odds":"1.450","header":"Away"},{"opp":"+1.0","odds":"2.300","header":"Home"},{"opp":"-1.0","odds":"1.600","header":"Away"},{"opp":"+1.5","odds":"1.675","header":"Home"},{"opp":"-1.5","odds":"2.150","header":"Away"},{"opp":"+1.5, +2.0","odds":"1.500","header":"Home"},{"opp":"-1.5, -2.0","odds":"2.500","header":"Away"},{"opp":"+2.0","odds":"1.350","header":"Home"},{"opp":"-2.0","odds":"3.100","header":"Away"},{"opp":"+2.0, +2.5","odds":"1.300","header":"Home"},{"opp":"-2.0, -2.5","odds":"3.450","header":"Away"},{"opp":"+2.5","odds":"1.250","header":"Home"},{"opp":"-2.5","odds":"3.800","header":"Away"},{"opp":"+2.5, +3.0","odds":"1.170","header":"Home"},{"opp":"-2.5, -3.0","odds":"5.000","header":"Away"},{"opp":"+3.0","odds":"1.100","header":"Home"},{"opp":"-3.0","odds":"7.000","header":"Away"}],"alternative_goal_line":[{"goals":"1.0, 1.5","odds":"1.140","header":"Over"},{"goals":"1.0, 1.5","odds":"5.750","header":"Under"},{"goals":"1.5","odds":"1.240","header":"Over"},{"goals":"1.5","odds":"3.900","header":"Under"},{"goals":"1.5, 2.0","odds":"1.275","header":"Over"},{"goals":"1.5, 2.0","odds":"3.550","header":"Under"},{"goals":"2.0","odds":"1.350","header":"Over"},{"goals":"2.0","odds":"3.100","header":"Under"},{"goals":"2.0, 2.5","odds":"1.525","header":"Over"},{"goals":"2.0, 2.5","odds":"2.425","header":"Under"},{"goals":"2.5","odds":"1.725","header":"Over"},{"goals":"2.5","odds":"2.075","header":"Under"},{"goals":"3.0","odds":"2.200","header":"Over"},{"goals":"3.0","odds":"1.650","header":"Under"},{"goals":"3.0, 3.5","odds":"2.500","header":"Over"},{"goals":"3.0, 3.5","odds":"1.500","header":"Under"},{"goals":"3.5","odds":"2.750","header":"Over"},{"goals":"3.5","odds":"1.425","header":"Under"},{"goals":"3.5, 4.0","odds":"3.450","header":"Over"},{"goals":"3.5, 4.0","odds":"1.300","header":"Under"},{"goals":"4.0","odds":"4.400","header":"Over"},{"goals":"4.0","odds":"1.200","header":"Under"},{"goals":"4.0, 4.5","odds":"4.650","header":"Over"},{"goals":"4.0, 4.5","odds":"1.180","header":"Under"},{"goals":"4.5","odds":"5.250","header":"Over"},{"goals":"4.5","odds":"1.160","header":"Under"},{"goals":"4.5, 5.0","odds":"6.600","header":"Over"},{"goals":"4.5, 5.0","odds":"1.110","header":"Under"}],"1st_half_asian_handicap":[{"opp":"+0.5","odds":"1.850","header":"Home"},{"opp":"-0.5","odds":"1.950","header":"Away"}],"1st_half_goal_line":[{"goals":"1.0, 1.5","odds":"2.100","header":"Over"},{"goals":"1.0, 1.5","odds":"1.700","header":"Under"}],"alternative_1st_half_asian_handicap":[{"opp":"-0.5","odds":"6.400","header":"Home"},{"opp":"+0.5","odds":"1.115","header":"Away"},{"opp":"0.0, -0.5","odds":"5.500","header":"Home"},{"opp":"0.0, +0.5","odds":"1.150","header":"Away"},{"opp":"0.0","odds":"4.150","header":"Home"},{"opp":"0.0","odds":"1.220","header":"Away"},{"opp":"0.0, +0.5","odds":"2.350","header":"Home"},{"opp":"0.0, -0.5","odds":"1.575","header":"Away"},{"opp":"+0.5, +1.0","odds":"1.575","header":"Home"},{"opp":"-0.5, -1.0","odds":"2.350","header":"Away"},{"opp":"+1.0","odds":"1.300","header":"Home"},{"opp":"-1.0","odds":"3.450","header":"Away"},{"opp":"+1.0, +1.5","odds":"1.230","header":"Home"},{"opp":"-1.0, -1.5","odds":"4.000","header":"Away"},{"opp":"+1.5","odds":"1.190","header":"Home"},{"opp":"-1.5","odds":"4.500","header":"Away"},{"opp":"+1.5, +2.0","odds":"1.110","header":"Home"},{"opp":"-1.5, -2.0","odds":"6.600","header":"Away"}],"alternative_1st_half_goal_line":[{"goals":"0.5, 1.0","odds":"1.450","header":"Over"},{"goals":"0.5, 1.0","odds":"2.675","header":"Under"},{"goals":"1.0","odds":"1.675","header":"Over"},{"goals":"1.0","odds":"2.150","header":"Under"},{"goals":"1.5","odds":"2.500","header":"Over"},{"goals":"1.5","odds":"1.500","header":"Under"},{"goals":"1.5, 2.0","odds":"3.300","header":"Over"},{"goals":"1.5, 2.0","odds":"1.325","header":"Under"},{"goals":"2.0","odds":"4.800","header":"Over"},{"goals":"2.0","odds":"1.175","header":"Under"},{"goals":"2.0, 2.5","odds":"5.750","header":"Over"},{"goals":"2.0, 2.5","odds":"1.140","header":"Under"},{"goals":"2.5","odds":"6.250","header":"Over"},{"goals":"2.5","odds":"1.120","header":"Under"}]}},"goals":{"updated_at":"1532571281","sp":{"goals_over_under":[{"goals":"2.5","odds":"1.73","header":"Over"},{"goals":"2.5","odds":"2.08","header":"Under"}],"alternative_total_goals":[{"goals":"0.5","odds":"1.04","header":"Over "},{"goals":"0.5","odds":"13.00","header":"Under"},{"goals":"1.5","odds":"1.22","header":"Over "},{"goals":"1.5","odds":"4.00","header":"Under"},{"goals":"3.5","odds":"2.75","header":"Over "},{"goals":"3.5","odds":"1.40","header":"Under"},{"goals":"4.5","odds":"5.50","header":"Over "},{"goals":"4.5","odds":"1.14","header":"Under"},{"goals":"5.5","odds":"11.00","header":"Over "},{"goals":"5.5","odds":"1.05","header":"Under"},{"goals":"6.5","odds":"23.00","header":"Over "},{"goals":"6.5","odds":"1.01","header":"Under"}],"result_total_goals":[{"opp":"PS Kemi & Over 2.5","odds":"15.00"},{"opp":"PS Kemi & Under 2.5","odds":"15.00"},{"opp":"Draw & Over 2.5","odds":"17.00"},{"opp":"Draw & Under  2.5","odds":"5.50"},{"opp":"KuPS Kuopio & Over 2.5","odds":"2.05"},{"opp":"KuPS Kuopio & Under 2.5","odds":"3.50"}],"total_goals_both_teams_to_score":[{"opp":"Over 2.5 & Yes","odds":"2.38"},{"opp":"Over 2.5 & No","odds":"5.00"},{"opp":"Under 2.5 & Yes","odds":"8.50"},{"opp":"Under 2.5 & No","odds":"2.50"}],"exact_total_goals":[{"opp":"0 Goals","odds":"13.00"},{"opp":"1 Goal","odds":"5.50"},{"opp":"2 Goals","odds":"4.00"},{"opp":"3 Goals","odds":"4.00"},{"opp":"4 Goals","odds":"5.50"},{"opp":"5 Goals","odds":"9.00"},{"opp":"6 Goals","odds":"19.00"},{"opp":"7+ Goals","odds":"23.00"}],"number_of_goals_in_match":[{"opp":"Under 2 goals","odds":"4.00"},{"opp":"2 or 3 goals","odds":"2.00"},{"opp":"Over 3 goals","odds":"2.75"}],"both_teams_to_score":[{"opp":"Yes","odds":"1.95"},{"opp":"No","odds":"1.80"}],"teams_to_score":[{"opp":"Both Teams","odds":"1.95"},{"opp":"PS Kemi Only","odds":"15.00"},{"opp":"No Goal","odds":"13.00"},{"opp":"KuPS Kuopio Only","odds":"2.20"}],"both_teams_to_score_in_1st_half":[{"opp":"Yes","odds":"5.00"},{"opp":"No","odds":"1.17"}],"both_teams_to_score_in_2nd_half":[{"opp":"Yes","odds":"3.75"},{"opp":"No","odds":"1.25"}],"both_teams_to_score_1st_half_2nd_half":[{"opp":"Yes \/ Yes","odds":"17.00"},{"opp":"Yes \/ No","odds":"6.00"},{"opp":"No \/ Yes","odds":"4.00"},{"opp":"No \/ No","odds":"1.50"}],"first_half_goals":[{"goals":"0.5","odds":"1.33","header":"Over"},{"goals":"0.5","odds":"3.25","header":"Under"},{"goals":"1.5","odds":"2.50","header":"Over"},{"goals":"1.5","odds":"1.50","header":"Under"},{"goals":"2.5","odds":"6.50","header":"Over"},{"goals":"2.5","odds":"1.11","header":"Under"},{"goals":"3.5","odds":"17.00","header":"Over"},{"goals":"3.5","odds":"1.02","header":"Under"}],"exact_1st_half_goals":[{"opp":"0 Goals","odds":"3.25"},{"opp":"1 Goal","odds":"2.60"},{"opp":"2 Goals","odds":"3.75"},{"opp":"3 Goals","odds":"8.50"},{"opp":"4 Goals","odds":"23.00"},{"opp":"5+ Goals","odds":"51.00"}],"total_goal_minutes":[{"opp":"Over 150 minutes","odds":"2.10"},{"opp":"130 To 150 minutes inc.","odds":"8.50"},{"opp":"Under 130 minutes","odds":"1.91"}],"first_team_to_score":[{"opp":"PS Kemi","odds":"3.75"},{"opp":"No Goals","odds":"13.00"},{"opp":"KuPS Kuopio","odds":"1.29"}],"early_goal":[{"opp":"Goal before 27:00","odds":"1.83"},{"opp":"No Goal before 27:00","odds":"1.83"}],"late_goal":[{"opp":"Goal after 74:59","odds":"1.83"},{"opp":"No Goal after 74:59","odds":"1.83"}],"time_of_first_goal_brackets":[{"opp":"1-10","odds":"4.00"},{"opp":"11-20","odds":"4.75"},{"opp":"21-30","odds":"6.00"},{"opp":"31-40","odds":"7.00"},{"opp":"41-50","odds":"8.00"},{"opp":"51-60","odds":"13.00"},{"opp":"61-70","odds":"17.00"},{"opp":"71-80","odds":"21.00"},{"opp":"81 - Full Time","odds":"21.00"},{"opp":"No Goal","odds":"13.00"}],"2nd_half_goals":[{"goals":"0.5","odds":"1.20","header":"Over"},{"goals":"0.5","odds":"4.33","header":"Under"},{"goals":"1.5","odds":"1.91","header":"Over"},{"goals":"1.5","odds":"1.80","header":"Under"},{"goals":"2.5","odds":"4.00","header":"Over"},{"goals":"2.5","odds":"1.22","header":"Under"},{"goals":"3.5","odds":"10.00","header":"Over"},{"goals":"3.5","odds":"1.06","header":"Under"},{"goals":"4.5","odds":"23.00","header":"Over"},{"goals":"4.5","odds":"1.01","header":"Under"}],"exact_2nd_half_goals":[{"opp":"0 Goals","odds":"4.33"},{"opp":"1 Goal","odds":"2.88"},{"opp":"2 Goals","odds":"3.50"},{"opp":"3 Goals","odds":"6.00"},{"opp":"4 Goals","odds":"15.00"},{"opp":"5+ Goals","odds":"23.00"}],"half_with_most_goals":[{"opp":"1st Half","odds":"3.00"},{"opp":"2nd Half","odds":"2.05"},{"opp":"Tie","odds":"3.75"}],"home_team_highest_scoring_half":[{"opp":"PS Kemi - 1st Half","odds":"4.33"},{"opp":"PS Kemi - 2nd Half","odds":"3.40"},{"opp":"PS Kemi - Tie","odds":"1.73"}],"away_team_highest_scoring_half":[{"opp":"KuPS Kuopio - 1st Half","odds":"3.10"},{"opp":"KuPS Kuopio - 2nd Half","odds":"2.10"},{"opp":"KuPS Kuopio - Tie","odds":"3.00"}],"home_team_exact_goals":[{"opp":"PS Kemi - 0 Goals","odds":"2.00"},{"opp":"PS Kemi - 1 Goal","odds":"2.50"},{"opp":"PS Kemi - 2 Goals","odds":"6.00"},{"opp":"PS Kemi - 3+ Goals","odds":"19.00"}],"away_team_exact_goals":[{"opp":"KuPS Kuopio - 0 Goals","odds":"8.00"},{"opp":"KuPS Kuopio - 1 Goal","odds":"3.40"},{"opp":"KuPS Kuopio - 2 Goals","odds":"3.20"},{"opp":"KuPS Kuopio - 3+ Goals","odds":"2.62"}],"time_of_1st_team_goal":[{"opp":"PS Kemi - Goal before 79:00","odds":"2.00"},{"opp":"PS Kemi - No Goal before 79:00","odds":"1.73"},{"opp":"KuPS Kuopio - Goal before 35:00","odds":"1.83"},{"opp":"KuPS Kuopio - No Goal before 35:00","odds":"1.83"}],"goals_odd_even":[{"opp":"Even","odds":"1.90"},{"opp":"Odd","odds":"1.95"}],"home_team_odd_even_goals":[{"opp":"PS Kemi - Even","odds":"1.53"},{"opp":"PS Kemi - Odd","odds":"2.38"}],"away_team_odd_even_goals":[{"opp":"KuPS Kuopio - Even","odds":"1.83"},{"opp":"KuPS Kuopio - Odd","odds":"1.83"}],"1st_half_goals_odd_even":[{"opp":"Odd","odds":"2.00"},{"opp":"Even","odds":"1.80"}],"last_team_to_score":[{"opp":"PS Kemi","odds":"3.75"},{"opp":"No Goal","odds":"13.00"},{"opp":"KuPS Kuopio","odds":"1.29"}],"first_10_minutes_(00:00_09:59)":[{"name":"Goals","handicap":"0.5","odds":"4.00","header":"Over"},{"name":"Goals","handicap":"0.5","odds":"1.22","header":"Under"}]}},"half":{"updated_at":"1532571298","sp":{"half_time_result":[{"opp":"1","odds":"6.50"},{"opp":"X","odds":"2.40"},{"opp":"2","odds":"1.91"}],"half_time_double_chance":[{"opp":"1X","odds":"1.80"},{"opp":"X2","odds":"1.10"},{"opp":"12","odds":"1.53"}],"half_time_result_both_teams_to_score":[{"opp":"PS Kemi & Yes","odds":"41.00"},{"opp":"PS Kemi & No","odds":"7.50"},{"opp":"Draw & Yes","odds":"8.50"},{"opp":"Draw & No","odds":"3.20"},{"opp":"KuPS Kuopio & Yes","odds":"13.00"},{"opp":"KuPS Kuopio & No","odds":"2.10"}],"half_time_result_total_goals":[{"opp":"PS Kemi & Over 1.5","odds":"21.00"},{"opp":"PS Kemi & Under 1.5","odds":"8.50"},{"opp":"Draw & Over 1.5","odds":"8.50"},{"opp":"Draw & Under 1.5","odds":"3.25"},{"opp":"KuPS Kuopio & Over 1.5","odds":"3.75"},{"opp":"KuPS Kuopio & Under 1.5","odds":"3.25"}],"half_time_correct_score":[{"opp":"1-0","odds":"8.50","header":"Home"},{"opp":"0-0","odds":"3.25","header":"X"},{"opp":"1-0","odds":"3.25","header":"Away"},{"opp":"2-0","odds":"41.00","header":"Home"},{"opp":"1-1","odds":"9.00","header":"X"},{"opp":"2-0","odds":"6.50","header":"Away"},{"opp":"2-1","odds":"41.00","header":"Home"},{"opp":"2-2","odds":"51.00","header":"X"},{"opp":"2-1","odds":"19.00","header":"Away"},{"opp":"3-0","odds":"151.00","header":"Home"},{"opp":"3-0","odds":"19.00","header":"Away"},{"opp":"3-1","odds":"201.00","header":"Home"},{"opp":"3-1","odds":"41.00","header":"Away"},{"opp":"3-2","odds":"351.00","header":"Home"},{"opp":"3-2","odds":"151.00","header":"Away"},{"opp":"4-0","odds":"51.00","header":"Away"},{"opp":"4-1","odds":"126.00","header":"Away"},{"opp":"5-0","odds":"201.00","header":"Away"},{"opp":"5-1","odds":"501.00","header":"Away"}],"both_teams_to_score_in_1st_half":[{"opp":"Yes","odds":"5.00"},{"opp":"No","odds":"1.17"}],"both_teams_to_score_in_2nd_half":[{"opp":"Yes","odds":"3.75"},{"opp":"No","odds":"1.25"}],"both_teams_to_score_1st_half_2nd_half":[{"opp":"Yes \/ Yes","odds":"17.00"},{"opp":"Yes \/ No","odds":"6.00"},{"opp":"No \/ Yes","odds":"4.00"},{"opp":"No \/ No","odds":"1.50"}],"1st_half_asian_handicap":[{"opp":"+0.5","odds":"1.850","header":"Home"},{"opp":"-0.5","odds":"1.950","header":"Away"}],"1st_half_goal_line":[{"goals":"1.0, 1.5","odds":"2.100","header":"Over"},{"goals":"1.0, 1.5","odds":"1.700","header":"Under"}],"alternative_1st_half_asian_handicap":[{"opp":"-0.5","odds":"6.400","header":"Home"},{"opp":"+0.5","odds":"1.115","header":"Away"},{"opp":"0.0, -0.5","odds":"5.500","header":"Home"},{"opp":"0.0, +0.5","odds":"1.150","header":"Away"},{"opp":"0.0","odds":"4.150","header":"Home"},{"opp":"0.0","odds":"1.220","header":"Away"},{"opp":"0.0, +0.5","odds":"2.350","header":"Home"},{"opp":"0.0, -0.5","odds":"1.575","header":"Away"},{"opp":"+0.5, +1.0","odds":"1.575","header":"Home"},{"opp":"-0.5, -1.0","odds":"2.350","header":"Away"},{"opp":"+1.0","odds":"1.300","header":"Home"},{"opp":"-1.0","odds":"3.450","header":"Away"},{"opp":"+1.0, +1.5","odds":"1.230","header":"Home"},{"opp":"-1.0, -1.5","odds":"4.000","header":"Away"},{"opp":"+1.5","odds":"1.190","header":"Home"},{"opp":"-1.5","odds":"4.500","header":"Away"},{"opp":"+1.5, +2.0","odds":"1.110","header":"Home"},{"opp":"-1.5, -2.0","odds":"6.600","header":"Away"}],"alternative_1st_half_goal_line":[{"goals":"0.5, 1.0","odds":"1.450","header":"Over"},{"goals":"0.5, 1.0","odds":"2.675","header":"Under"},{"goals":"1.0","odds":"1.675","header":"Over"},{"goals":"1.0","odds":"2.150","header":"Under"},{"goals":"1.5","odds":"2.500","header":"Over"},{"goals":"1.5","odds":"1.500","header":"Under"},{"goals":"1.5, 2.0","odds":"3.300","header":"Over"},{"goals":"1.5, 2.0","odds":"1.325","header":"Under"},{"goals":"2.0","odds":"4.800","header":"Over"},{"goals":"2.0","odds":"1.175","header":"Under"},{"goals":"2.0, 2.5","odds":"5.750","header":"Over"},{"goals":"2.0, 2.5","odds":"1.140","header":"Under"},{"goals":"2.5","odds":"6.250","header":"Over"},{"goals":"2.5","odds":"1.120","header":"Under"}],"1st_half_handicap":[{"opp":"PS Kemi  +1.0","odds":"1.80"},{"opp":"Tie - KuPS Kuopio -1.0","odds":"2.88"},{"opp":"KuPS Kuopio  -1.0","odds":"4.50"}],"alternative_1st_half_handicap_result":[{"opp":"-1.0","odds":"23.00","header":"Home"},{"opp":"+1.0","odds":"7.00","header":"Tie"},{"opp":"+1.0","odds":"1.10","header":"Away"},{"opp":"+2.0","odds":"1.14","header":"Home"},{"opp":"-2.0","odds":"6.00","header":"Tie"},{"opp":"-2.0","odds":"13.00","header":"Away"}],"first_half_goals":[{"goals":"0.5","odds":"1.33","header":"Over"},{"goals":"0.5","odds":"3.25","header":"Under"},{"goals":"1.5","odds":"2.50","header":"Over"},{"goals":"1.5","odds":"1.50","header":"Under"},{"goals":"2.5","odds":"6.50","header":"Over"},{"goals":"2.5","odds":"1.11","header":"Under"},{"goals":"3.5","odds":"17.00","header":"Over"},{"goals":"3.5","odds":"1.02","header":"Under"}],"exact_1st_half_goals":[{"opp":"0 Goals","odds":"3.25"},{"opp":"1 Goal","odds":"2.60"},{"opp":"2 Goals","odds":"3.75"},{"opp":"3 Goals","odds":"8.50"},{"opp":"4 Goals","odds":"23.00"},{"opp":"5+ Goals","odds":"51.00"}],"1st_half_goals_odd_even":[{"opp":"Odd","odds":"2.00"},{"opp":"Even","odds":"1.80"}],"to_score_in_half":[{"name":"1st Half","odds":"3.25","header":"Yes"},{"name":"1st Half","odds":"1.33","header":"No"},{"name":"2nd Half","odds":"2.62","header":"Yes"},{"name":"2nd Half","odds":"1.44","header":"No"},{"name":"1st Half","odds":"1.57","header":"Yes"},{"name":"1st Half","odds":"2.25","header":"No"},{"name":"2nd Half","odds":"1.33","header":"Yes"},{"name":"2nd Half","odds":"3.25","header":"No"}],"half_with_most_goals":[{"opp":"1st Half","odds":"3.00"},{"opp":"2nd Half","odds":"2.05"},{"opp":"Tie","odds":"3.75"}],"home_team_highest_scoring_half":[{"opp":"PS Kemi - 1st Half","odds":"4.33"},{"opp":"PS Kemi - 2nd Half","odds":"3.40"},{"opp":"PS Kemi - Tie","odds":"1.73"}],"away_team_highest_scoring_half":[{"opp":"KuPS Kuopio - 1st Half","odds":"3.10"},{"opp":"KuPS Kuopio - 2nd Half","odds":"2.10"},{"opp":"KuPS Kuopio - Tie","odds":"3.00"}],"2nd_half_result":[{"opp":"1","odds":"7.00"},{"opp":"X","odds":"2.75"},{"opp":"2","odds":"1.62"}],"2nd_half_goals":[{"goals":"0.5","odds":"1.20","header":"Over"},{"goals":"0.5","odds":"4.33","header":"Under"},{"goals":"1.5","odds":"1.91","header":"Over"},{"goals":"1.5","odds":"1.80","header":"Under"},{"goals":"2.5","odds":"4.00","header":"Over"},{"goals":"2.5","odds":"1.22","header":"Under"},{"goals":"3.5","odds":"10.00","header":"Over"},{"goals":"3.5","odds":"1.06","header":"Under"},{"goals":"4.5","odds":"23.00","header":"Over"},{"goals":"4.5","odds":"1.01","header":"Under"}],"exact_2nd_half_goals":[{"opp":"0 Goals","odds":"4.33"},{"opp":"1 Goal","odds":"2.88"},{"opp":"2 Goals","odds":"3.50"},{"opp":"3 Goals","odds":"6.00"},{"opp":"4 Goals","odds":"15.00"},{"opp":"5+ Goals","odds":"23.00"}],"2nd_half_goals_odd_even":[{"opp":"Even","odds":"1.80"},{"opp":"Odd","odds":"1.91"}]}},"main":{"updated_at":"1532571259","sp":{"full_time_result":[{"opp":"1","odds":"8.50"},{"opp":"X","odds":"4.50"},{"opp":"2","odds":"1.36"}],"double_chance":[{"opp":"1X","odds":"3.00"},{"opp":"X2","odds":"1.08"},{"opp":"12","odds":"1.18"}],"correct_score":[{"opp":"1-0","odds":"21.00","header":"Home"},{"opp":"0-0","odds":"13.00","header":"X"},{"opp":"1-0","odds":"6.50","header":"Away"},{"opp":"2-0","odds":"41.00","header":"Home"},{"opp":"1-1","odds":"8.50","header":"X"},{"opp":"2-0","odds":"6.50","header":"Away"},{"opp":"2-1","odds":"23.00","header":"Home"},{"opp":"2-2","odds":"19.00","header":"X"},{"opp":"2-1","odds":"7.50","header":"Away"},{"opp":"3-0","odds":"101.00","header":"Home"},{"opp":"3-3","odds":"67.00","header":"X"},{"opp":"3-0","odds":"9.00","header":"Away"},{"opp":"3-1","odds":"51.00","header":"Home"},{"opp":"4-4","odds":"451.00","header":"X"},{"opp":"3-1","odds":"12.00","header":"Away"},{"opp":"3-2","odds":"51.00","header":"Home"},{"opp":"3-2","odds":"23.00","header":"Away"},{"opp":"4-0","odds":"451.00","header":"Home"},{"opp":"4-0","odds":"17.00","header":"Away"},{"opp":"4-1","odds":"201.00","header":"Home"},{"opp":"4-1","odds":"21.00","header":"Away"},{"opp":"4-2","odds":"201.00","header":"Home"},{"opp":"4-2","odds":"41.00","header":"Away"},{"opp":"4-3","odds":"301.00","header":"Home"},{"opp":"4-3","odds":"101.00","header":"Away"},{"opp":"5-0","odds":"34.00","header":"Away"},{"opp":"5-1","odds":"41.00","header":"Away"},{"opp":"5-2","odds":"67.00","header":"Away"},{"opp":"5-3","odds":"201.00","header":"Away"},{"opp":"6-1","odds":"81.00","header":"Away"},{"opp":"6-0","odds":"67.00","header":"Away"},{"opp":"6-2","odds":"151.00","header":"Away"},{"opp":"6-3","odds":"501.00","header":"Away"},{"opp":"7-0","odds":"151.00","header":"Away"},{"opp":"7-1","odds":"201.00","header":"Away"},{"opp":"7-2","odds":"501.00","header":"Away"},{"opp":"8-0","odds":"501.00","header":"Away"}],"half_time_full_time":[{"opp":"PS Kemi - PS Kemi","odds":"13.00"},{"opp":"PS Kemi - Draw","odds":"19.00"},{"opp":"PS Kemi - KuPS Kuopio","odds":"21.00"},{"opp":"Draw - PS Kemi","odds":"19.00"},{"opp":"Draw - Draw","odds":"7.00"},{"opp":"Draw - KuPS Kuopio","odds":"3.75"},{"opp":"KuPS Kuopio - PS Kemi","odds":"51.00"},{"opp":"KuPS Kuopio - Draw","odds":"19.00"},{"opp":"KuPS Kuopio - KuPS Kuopio","odds":"2.05"}],"goals_over_under":[{"goals":"2.5","odds":"1.73","header":"Over"},{"goals":"2.5","odds":"2.08","header":"Under"}],"both_teams_to_score":[{"opp":"Yes","odds":"1.95"},{"opp":"No","odds":"1.80"}],"asian_handicap":[{"opp":"+1.0, +1.5","odds":"1.925","header":"Home"},{"opp":"-1.0, -1.5","odds":"1.925","header":"Away"}],"goal_line":[{"goals":"2.5, 3.0","odds":"1.950","header":"Over"},{"goals":"2.5, 3.0","odds":"1.900","header":"Under"}],"alternative_asian_handicap":[{"opp":"0.0, -0.5","odds":"7.000","header":"Home"},{"opp":"0.0, +0.5","odds":"1.100","header":"Away"},{"opp":"0.0","odds":"6.400","header":"Home"},{"opp":"0.0","odds":"1.115","header":"Away"},{"opp":"0.0, +0.5","odds":"3.900","header":"Home"},{"opp":"0.0, -0.5","odds":"1.240","header":"Away"},{"opp":"+0.5","odds":"3.000","header":"Home"},{"opp":"-0.5","odds":"1.375","header":"Away"},{"opp":"+0.5, +1.0","odds":"2.675","header":"Home"},{"opp":"-0.5, -1.0","odds":"1.450","header":"Away"},{"opp":"+1.0","odds":"2.300","header":"Home"},{"opp":"-1.0","odds":"1.600","header":"Away"},{"opp":"+1.5","odds":"1.675","header":"Home"},{"opp":"-1.5","odds":"2.150","header":"Away"},{"opp":"+1.5, +2.0","odds":"1.500","header":"Home"},{"opp":"-1.5, -2.0","odds":"2.500","header":"Away"},{"opp":"+2.0","odds":"1.350","header":"Home"},{"opp":"-2.0","odds":"3.100","header":"Away"},{"opp":"+2.0, +2.5","odds":"1.300","header":"Home"},{"opp":"-2.0, -2.5","odds":"3.450","header":"Away"},{"opp":"+2.5","odds":"1.250","header":"Home"},{"opp":"-2.5","odds":"3.800","header":"Away"},{"opp":"+2.5, +3.0","odds":"1.170","header":"Home"},{"opp":"-2.5, -3.0","odds":"5.000","header":"Away"},{"opp":"+3.0","odds":"1.100","header":"Home"},{"opp":"-3.0","odds":"7.000","header":"Away"}],"alternative_goal_line":[{"goals":"1.0, 1.5","odds":"1.140","header":"Over"},{"goals":"1.0, 1.5","odds":"5.750","header":"Under"},{"goals":"1.5","odds":"1.240","header":"Over"},{"goals":"1.5","odds":"3.900","header":"Under"},{"goals":"1.5, 2.0","odds":"1.275","header":"Over"},{"goals":"1.5, 2.0","odds":"3.550","header":"Under"},{"goals":"2.0","odds":"1.350","header":"Over"},{"goals":"2.0","odds":"3.100","header":"Under"},{"goals":"2.0, 2.5","odds":"1.525","header":"Over"},{"goals":"2.0, 2.5","odds":"2.425","header":"Under"},{"goals":"2.5","odds":"1.725","header":"Over"},{"goals":"2.5","odds":"2.075","header":"Under"},{"goals":"3.0","odds":"2.200","header":"Over"},{"goals":"3.0","odds":"1.650","header":"Under"},{"goals":"3.0, 3.5","odds":"2.500","header":"Over"},{"goals":"3.0, 3.5","odds":"1.500","header":"Under"},{"goals":"3.5","odds":"2.750","header":"Over"},{"goals":"3.5","odds":"1.425","header":"Under"},{"goals":"3.5, 4.0","odds":"3.450","header":"Over"},{"goals":"3.5, 4.0","odds":"1.300","header":"Under"},{"goals":"4.0","odds":"4.400","header":"Over"},{"goals":"4.0","odds":"1.200","header":"Under"},{"goals":"4.0, 4.5","odds":"4.650","header":"Over"},{"goals":"4.0, 4.5","odds":"1.180","header":"Under"},{"goals":"4.5","odds":"5.250","header":"Over"},{"goals":"4.5","odds":"1.160","header":"Under"},{"goals":"4.5, 5.0","odds":"6.600","header":"Over"},{"goals":"4.5, 5.0","odds":"1.110","header":"Under"}],"draw_no_bet":[{"opp":"PS Kemi","odds":"6.50"},{"opp":"KuPS Kuopio","odds":"1.11"}],"result_both_teams_to_score":[{"name":"PS Kemi","odds":"15.00","header":"Yes"},{"name":"PS Kemi","odds":"15.00","header":"No"},{"name":"KuPS Kuopio","odds":"3.10","header":"Yes"},{"name":"KuPS Kuopio","odds":"2.25","header":"No"},{"name":"Draw","odds":"6.00","header":"Yes"},{"name":"Draw","odds":"13.00","header":"No"}],"handicap_result":[{"opp":"PS Kemi (+1)","odds":"3.00"},{"opp":"Tie - (KuPS Kuopio -1)","odds":"3.25"},{"opp":"KuPS Kuopio (-1)","odds":"2.10"}],"alternative_handicap_result":[{"opp":"-2.0","odds":"23.00","header":"Home"},{"opp":"+2.0","odds":"19.00","header":"Tie"},{"opp":"+2.0","odds":"1.02","header":"Away"},{"opp":"-1.0","odds":"17.00","header":"Home"},{"opp":"+1.0","odds":"9.00","header":"Tie"},{"opp":"+1.0","odds":"1.08","header":"Away"},{"opp":"+2.0","odds":"1.62","header":"Home"},{"opp":"-2.0","odds":"4.33","header":"Tie"},{"opp":"-2.0","odds":"3.75","header":"Away"},{"opp":"+3.0","odds":"1.22","header":"Home"},{"opp":"-3.0","odds":"6.00","header":"Tie"},{"opp":"-3.0","odds":"7.50","header":"Away"}],"winning_margin":[{"goals":" 1","odds":"9.00","header":"Home"},{"goals":" 1","odds":"3.25","header":"Away"},{"goals":" 2","odds":"19.00","header":"Home"},{"goals":" 2","odds":"4.33","header":"Away"},{"goals":" 3","odds":"81.00","header":"Home"},{"goals":" 3","odds":"6.00","header":"Away"},{"goals":" 4+","odds":"301.00","header":"Home"},{"goals":" 4+","odds":"7.50","header":"Away"},{"goals":"Score Draw","odds":"6.00","header":"Home"},{"goals":"No Goal","odds":"13.00","header":"Home"}]}},"schedule":{"updated_at":"1532571114","sp":{"main":[{"odds":"8.50"},{"odds":"4.50"},{"odds":"1.36"}]}},"specials":{"updated_at":"1532571309","sp":{"specials":[{"name":"To Win From Behind","odds":"26.00","header":"Home"},{"name":"To Win From Behind","odds":"8.00","header":"Away"},{"name":"To Win to Nil","odds":"15.00","header":"Home"},{"name":"To Win to Nil","odds":"2.25","header":"Away"},{"name":"To Win Either Half","odds":"3.75","header":"Home"},{"name":"To Win Either Half","odds":"1.22","header":"Away"},{"name":"To Win Both Halves","odds":"51.00","header":"Home"},{"name":"To Win Both Halves","odds":"3.25","header":"Away"},{"name":"To Score in Both Halves","odds":"9.00","header":"Home"},{"name":"To Score in Both Halves","odds":"2.10","header":"Away"}],"to_score_in_half":[{"name":"1st Half","odds":"3.25","header":"Yes"},{"name":"1st Half","odds":"1.33","header":"No"},{"name":"2nd Half","odds":"2.62","header":"Yes"},{"name":"2nd Half","odds":"1.44","header":"No"},{"name":"1st Half","odds":"1.57","header":"Yes"},{"name":"1st Half","odds":"2.25","header":"No"},{"name":"2nd Half","odds":"1.33","header":"Yes"},{"name":"2nd Half","odds":"3.25","header":"No"}]}}}]}}