{"odd":{"success":1,"results":[{"FI":"75226815","event_id":"799666","asian_lines":{"updated_at":"1532570301","sp":{"asian_handicap":[{"opp":"0.0, +0.5","odds":"1.900","header":"Home"},{"opp":"0.0, -0.5","odds":"1.950","header":"Away"}],"goal_line":[{"goals":"2.5, 3.0","odds":"2.025","header":"Over"},{"goals":"2.5, 3.0","odds":"1.825","header":"Under"}],"alternative_asian_handicap":[{"opp":"-1.5","odds":"6.250","header":"Home"},{"opp":"+1.5","odds":"1.120","header":"Away"},{"opp":"-1.0, -1.5","odds":"5.900","header":"Home"},{"opp":"+1.0, +1.5","odds":"1.130","header":"Away"},{"opp":"-1.0","odds":"5.500","header":"Home"},{"opp":"+1.0","odds":"1.150","header":"Away"},{"opp":"-0.5, -1.0","odds":"3.700","header":"Home"},{"opp":"+0.5, +1.0","odds":"1.260","header":"Away"},{"opp":"-0.5","odds":"3.000","header":"Home"},{"opp":"+0.5","odds":"1.375","header":"Away"},{"opp":"0.0, -0.5","odds":"2.600","header":"Home"},{"opp":"0.0, +0.5","odds":"1.475","header":"Away"},{"opp":"0.0","odds":"2.250","header":"Home"},{"opp":"0.0","odds":"1.625","header":"Away"},{"opp":"+0.5","odds":"1.650","header":"Home"},{"opp":"-0.5","odds":"2.200","header":"Away"},{"opp":"+0.5, +1.0","odds":"1.500","header":"Home"},{"opp":"-0.5, -1.0","odds":"2.500","header":"Away"},{"opp":"+1.0","odds":"1.325","header":"Home"},{"opp":"-1.0","odds":"3.300","header":"Away"},{"opp":"+1.0, +1.5","odds":"1.260","header":"Home"},{"opp":"-1.0, -1.5","odds":"3.700","header":"Away"},{"opp":"+1.5","odds":"1.225","header":"Home"},{"opp":"-1.5","odds":"4.100","header":"Away"},{"opp":"+1.5, +2.0","odds":"1.150","header":"Home"},{"opp":"-1.5, -2.0","odds":"5.500","header":"Away"}],"alternative_goal_line":[{"goals":"1.0, 1.5","odds":"1.150","header":"Over"},{"goals":"1.0, 1.5","odds":"5.500","header":"Under"},{"goals":"1.5","odds":"1.240","header":"Over"},{"goals":"1.5","odds":"3.900","header":"Under"},{"goals":"1.5, 2.0","odds":"1.300","header":"Over"},{"goals":"1.5, 2.0","odds":"3.450","header":"Under"},{"goals":"2.0","odds":"1.375","header":"Over"},{"goals":"2.0","odds":"3.000","header":"Under"},{"goals":"2.0, 2.5","odds":"1.575","header":"Over"},{"goals":"2.0, 2.5","odds":"2.350","header":"Under"},{"goals":"2.5","odds":"1.775","header":"Over"},{"goals":"2.5","odds":"2.025","header":"Under"},{"goals":"3.0","odds":"2.300","header":"Over"},{"goals":"3.0","odds":"1.600","header":"Under"},{"goals":"3.0, 3.5","odds":"2.600","header":"Over"},{"goals":"3.0, 3.5","odds":"1.475","header":"Under"},{"goals":"3.5","odds":"2.850","header":"Over"},{"goals":"3.5","odds":"1.400","header":"Under"},{"goals":"3.5, 4.0","odds":"3.450","header":"Over"},{"goals":"3.5, 4.0","odds":"1.300","header":"Under"},{"goals":"4.0","odds":"4.500","header":"Over"},{"goals":"4.0","odds":"1.190","header":"Under"},{"goals":"4.0, 4.5","odds":"5.250","header":"Over"},{"goals":"4.0, 4.5","odds":"1.160","header":"Under"},{"goals":"4.5","odds":"5.500","header":"Over"},{"goals":"4.5","odds":"1.150","header":"Under"},{"goals":"4.5, 5.0","odds":"7.000","header":"Over"},{"goals":"4.5, 5.0","odds":"1.100","header":"Under"}],"1st_half_asian_handicap":[{"opp":"0.0","odds":"2.100","header":"Home"},{"opp":"0.0","odds":"1.700","header":"Away"}],"1st_half_goal_line":[{"goals":"1.0","odds":"1.750","header":"Over"},{"goals":"1.0","odds":"2.050","header":"Under"}],"alternative_1st_half_asian_handicap":[{"opp":"-0.5, -1.0","odds":"4.800","header":"Home"},{"opp":"+0.5, +1.0","odds":"1.175","header":"Away"},{"opp":"-0.5","odds":"3.450","header":"Home"},{"opp":"+0.5","odds":"1.300","header":"Away"},{"opp":"0.0, -0.5","odds":"2.750","header":"Home"},{"opp":"0.0, +0.5","odds":"1.425","header":"Away"},{"opp":"0.0, +0.5","odds":"1.625","header":"Home"},{"opp":"0.0, -0.5","odds":"2.250","header":"Away"},{"opp":"+0.5","odds":"1.425","header":"Home"},{"opp":"-0.5","odds":"2.750","header":"Away"},{"opp":"+0.5, +1.0","odds":"1.260","header":"Home"},{"opp":"-0.5, -1.0","odds":"3.700","header":"Away"},{"opp":"+1.0","odds":"1.105","header":"Home"},{"opp":"-1.0","odds":"6.800","header":"Away"}],"alternative_1st_half_goal_line":[{"goals":"0.5, 1.0","odds":"1.475","header":"Over"},{"goals":"0.5, 1.0","odds":"2.600","header":"Under"},{"goals":"1.0, 1.5","odds":"2.200","header":"Over"},{"goals":"1.0, 1.5","odds":"1.650","header":"Under"},{"goals":"1.5","odds":"2.600","header":"Over"},{"goals":"1.5","odds":"1.475","header":"Under"},{"goals":"1.5, 2.0","odds":"3.450","header":"Over"},{"goals":"1.5, 2.0","odds":"1.300","header":"Under"},{"goals":"2.0","odds":"5.250","header":"Over"},{"goals":"2.0","odds":"1.160","header":"Under"},{"goals":"2.0, 2.5","odds":"5.900","header":"Over"},{"goals":"2.0, 2.5","odds":"1.130","header":"Under"},{"goals":"2.5","odds":"6.600","header":"Over"},{"goals":"2.5","odds":"1.110","header":"Under"}],"asian_total_corners":[{"goals":"9.5","odds":"1.925","header":"Over"},{"goals":"9.5","odds":"1.875","header":"Under"}],"1st_half_asian_corners":[{"goals":"4.5","odds":"1.950","header":"Over"},{"goals":"4.5","odds":"1.850","header":"Under"}]}},"corners":{"updated_at":"1532570318","sp":{"corners":[{"opp":"Over 9","odds":"1.83"},{"opp":"Exactly 9","odds":"7.00"},{"opp":"Under 9","odds":"2.40"}],"total_corners":[{"opp":"Under 6","odds":"9.50"},{"opp":"6 - 8","odds":"3.00"},{"opp":"9 - 11","odds":"2.50"},{"opp":"12 - 14","odds":"4.50"},{"opp":"Over 14","odds":"12.00"}],"alternative_corners":[{"goals":"4","odds":"1.02","header":"Over"},{"goals":"4","odds":"21.00","header":"Exactly"},{"goals":"4","odds":"29.00","header":"Under"},{"goals":"5","odds":"1.06","header":"Over"},{"goals":"5","odds":"15.00","header":"Exactly"},{"goals":"5","odds":"17.00","header":"Under"},{"goals":"6","odds":"1.14","header":"Over"},{"goals":"6","odds":"11.00","header":"Exactly"},{"goals":"6","odds":"9.50","header":"Under"},{"goals":"7","odds":"1.29","header":"Over"},{"goals":"7","odds":"8.50","header":"Exactly"},{"goals":"7","odds":"5.50","header":"Under"},{"goals":"8","odds":"1.53","header":"Over"},{"goals":"8","odds":"7.50","header":"Exactly"},{"goals":"8","odds":"3.40","header":"Under"},{"goals":"10","odds":"2.50","header":"Over"},{"goals":"10","odds":"7.50","header":"Exactly"},{"goals":"10","odds":"1.83","header":"Under"},{"goals":"11","odds":"3.40","header":"Over"},{"goals":"11","odds":"8.00","header":"Exactly"},{"goals":"11","odds":"1.50","header":"Under"},{"goals":"12","odds":"5.00","header":"Over"},{"goals":"12","odds":"9.50","header":"Exactly"},{"goals":"12","odds":"1.29","header":"Under"},{"goals":"13","odds":"7.50","header":"Over"},{"goals":"13","odds":"12.00","header":"Exactly"},{"goals":"13","odds":"1.17","header":"Under"},{"goals":"14","odds":"12.00","header":"Over"},{"goals":"14","odds":"15.00","header":"Exactly"},{"goals":"14","odds":"1.07","header":"Under"},{"goals":"15","odds":"17.00","header":"Over"},{"goals":"15","odds":"19.00","header":"Exactly"},{"goals":"15","odds":"1.04","header":"Under"},{"goals":"16","odds":"23.00","header":"Over"},{"goals":"16","odds":"26.00","header":"Exactly"},{"goals":"16","odds":"1.02","header":"Under"},{"goals":"17","odds":"34.00","header":"Over"},{"goals":"17","odds":"34.00","header":"Exactly"},{"goals":"17","odds":"1.01","header":"Under"}],"corners_2_way":[{"opp":"Over 9.5","odds":"1.83"},{"opp":"Under 9.5","odds":"1.83"}],"first_half_corners":[{"opp":"4","odds":"1.91","header":"Over"},{"opp":"4","odds":"4.75","header":"Exactly"},{"opp":"4","odds":"2.88","header":"Under"}],"asian_total_corners":[{"goals":"9.5","odds":"1.925","header":"Over"},{"goals":"9.5","odds":"1.875","header":"Under"}],"1st_half_asian_corners":[{"goals":"4.5","odds":"1.950","header":"Over"},{"goals":"4.5","odds":"1.850","header":"Under"}]}},"goals":{"updated_at":"1532570317","sp":{"goals_over_under":[{"goals":"2.5","odds":"1.80","header":"Over"},{"goals":"2.5","odds":"2.00","header":"Under"}],"alternative_total_goals":[{"goals":"0.5","odds":"1.04","header":"Over "},{"goals":"0.5","odds":"13.00","header":"Under"},{"goals":"1.5","odds":"1.22","header":"Over "},{"goals":"1.5","odds":"4.00","header":"Under"},{"goals":"3.5","odds":"2.75","header":"Over "},{"goals":"3.5","odds":"1.40","header":"Under"},{"goals":"4.5","odds":"5.50","header":"Over "},{"goals":"4.5","odds":"1.14","header":"Under"},{"goals":"5.5","odds":"11.00","header":"Over "},{"goals":"5.5","odds":"1.05","header":"Under"},{"goals":"6.5","odds":"23.00","header":"Over "},{"goals":"6.5","odds":"1.01","header":"Under"}],"result_total_goals":[{"opp":"Grasshoppers & Over 2.5","odds":"4.75"},{"opp":"Grasshoppers & Under 2.5","odds":"7.50"},{"opp":"Draw & Over 2.5","odds":"11.00"},{"opp":"Draw & Under  2.5","odds":"4.75"},{"opp":"FC Zurich & Over 2.5","odds":"3.25"},{"opp":"FC Zurich & Under 2.5","odds":"5.50"}],"total_goals_both_teams_to_score":[{"opp":"Over 2.5 & Yes","odds":"2.00"},{"opp":"Over 2.5 & No","odds":"9.50"},{"opp":"Under 2.5 & Yes","odds":"6.50"},{"opp":"Under 2.5 & No","odds":"2.62"}],"exact_total_goals":[{"opp":"0 Goals","odds":"13.00"},{"opp":"1 Goal","odds":"5.50"},{"opp":"2 Goals","odds":"3.75"},{"opp":"3 Goals","odds":"4.00"},{"opp":"4 Goals","odds":"5.50"},{"opp":"5 Goals","odds":"9.50"},{"opp":"6 Goals","odds":"19.00"},{"opp":"7+ Goals","odds":"23.00"}],"number_of_goals_in_match":[{"opp":"Under 2 goals","odds":"4.00"},{"opp":"2 or 3 goals","odds":"2.00"},{"opp":"Over 3 goals","odds":"2.75"}],"both_teams_to_score":[{"opp":"Yes","odds":"1.62"},{"opp":"No","odds":"2.20"}],"teams_to_score":[{"opp":"Both Teams","odds":"1.62"},{"opp":"Grasshoppers Only","odds":"5.50"},{"opp":"No Goal","odds":"13.00"},{"opp":"FC Zurich Only","odds":"4.00"}],"both_teams_to_score_in_1st_half":[{"opp":"Yes","odds":"4.33"},{"opp":"No","odds":"1.20"}],"both_teams_to_score_in_2nd_half":[{"opp":"Yes","odds":"3.00"},{"opp":"No","odds":"1.36"}],"both_teams_to_score_1st_half_2nd_half":[{"opp":"Yes \/ Yes","odds":"13.00"},{"opp":"Yes \/ No","odds":"6.00"},{"opp":"No \/ Yes","odds":"3.50"},{"opp":"No \/ No","odds":"1.73"}],"first_half_goals":[{"goals":"0.5","odds":"1.33","header":"Over"},{"goals":"0.5","odds":"3.25","header":"Under"},{"goals":"1.5","odds":"2.62","header":"Over"},{"goals":"1.5","odds":"1.44","header":"Under"},{"goals":"2.5","odds":"6.50","header":"Over"},{"goals":"2.5","odds":"1.11","header":"Under"},{"goals":"3.5","odds":"19.00","header":"Over"},{"goals":"3.5","odds":"1.02","header":"Under"}],"exact_1st_half_goals":[{"opp":"0 Goals","odds":"3.25"},{"opp":"1 Goal","odds":"2.60"},{"opp":"2 Goals","odds":"4.00"},{"opp":"3 Goals","odds":"9.00"},{"opp":"4 Goals","odds":"26.00"},{"opp":"5+ Goals","odds":"51.00"}],"total_goal_minutes":[{"opp":"Over 150 minutes","odds":"2.20"},{"opp":"130 To 150 minutes inc.","odds":"8.50"},{"opp":"Under 130 minutes","odds":"1.83"}],"first_team_to_score":[{"opp":"Grasshoppers","odds":"2.20"},{"opp":"No Goals","odds":"13.00"},{"opp":"FC Zurich","odds":"1.73"}],"early_goal":[{"opp":"Goal before 27:00","odds":"1.83"},{"opp":"No Goal before 27:00","odds":"1.83"}],"late_goal":[{"opp":"Goal after 74:59","odds":"1.83"},{"opp":"No Goal after 74:59","odds":"1.83"}],"time_of_first_goal_brackets":[{"opp":"1-10","odds":"4.00"},{"opp":"11-20","odds":"4.75"},{"opp":"21-30","odds":"6.00"},{"opp":"31-40","odds":"7.00"},{"opp":"41-50","odds":"8.00"},{"opp":"51-60","odds":"13.00"},{"opp":"61-70","odds":"17.00"},{"opp":"71-80","odds":"21.00"},{"opp":"81 - Full Time","odds":"21.00"},{"opp":"No Goal","odds":"13.00"}],"2nd_half_goals":[{"goals":"0.5","odds":"1.20","header":"Over"},{"goals":"0.5","odds":"4.33","header":"Under"},{"goals":"1.5","odds":"1.91","header":"Over"},{"goals":"1.5","odds":"1.80","header":"Under"},{"goals":"2.5","odds":"4.00","header":"Over"},{"goals":"2.5","odds":"1.22","header":"Under"},{"goals":"3.5","odds":"10.00","header":"Over"},{"goals":"3.5","odds":"1.06","header":"Under"},{"goals":"4.5","odds":"23.00","header":"Over"},{"goals":"4.5","odds":"1.01","header":"Under"}],"exact_2nd_half_goals":[{"opp":"0 Goals","odds":"4.33"},{"opp":"1 Goal","odds":"2.88"},{"opp":"2 Goals","odds":"3.40"},{"opp":"3 Goals","odds":"6.00"},{"opp":"4 Goals","odds":"15.00"},{"opp":"5+ Goals","odds":"23.00"}],"half_with_most_goals":[{"opp":"1st Half","odds":"3.10"},{"opp":"2nd Half","odds":"2.00"},{"opp":"Tie","odds":"3.75"}],"home_team_highest_scoring_half":[{"opp":"Grasshoppers - 1st Half","odds":"3.60"},{"opp":"Grasshoppers - 2nd Half","odds":"2.50"},{"opp":"Grasshoppers - Tie","odds":"2.30"}],"away_team_highest_scoring_half":[{"opp":"FC Zurich - 1st Half","odds":"3.40"},{"opp":"FC Zurich - 2nd Half","odds":"2.38"},{"opp":"FC Zurich - Tie","odds":"2.50"}],"home_team_exact_goals":[{"opp":"Grasshoppers - 0 Goals","odds":"3.40"},{"opp":"Grasshoppers - 1 Goal","odds":"2.50"},{"opp":"Grasshoppers - 2 Goals","odds":"3.75"},{"opp":"Grasshoppers - 3+ Goals","odds":"6.00"}],"away_team_exact_goals":[{"opp":"FC Zurich - 0 Goals","odds":"4.33"},{"opp":"FC Zurich - 1 Goal","odds":"2.75"},{"opp":"FC Zurich - 2 Goals","odds":"3.50"},{"opp":"FC Zurich - 3+ Goals","odds":"4.33"}],"time_of_1st_team_goal":[{"opp":"Grasshoppers - Goal before 55:00","odds":"1.83"},{"opp":"Grasshoppers - No Goal before 55:00","odds":"1.83"},{"opp":"FC Zurich - Goal before 47:00","odds":"1.83"},{"opp":"FC Zurich - No Goal before 47:00","odds":"1.83"}],"goals_odd_even":[{"opp":"Even","odds":"1.90"},{"opp":"Odd","odds":"1.95"}],"home_team_odd_even_goals":[{"opp":"Grasshoppers - Even","odds":"1.73"},{"opp":"Grasshoppers - Odd","odds":"2.00"}],"away_team_odd_even_goals":[{"opp":"FC Zurich - Even","odds":"1.80"},{"opp":"FC Zurich - Odd","odds":"1.91"}],"1st_half_goals_odd_even":[{"opp":"Odd","odds":"2.10"},{"opp":"Even","odds":"1.73"}],"last_team_to_score":[{"opp":"Grasshoppers","odds":"2.20"},{"opp":"No Goal","odds":"13.00"},{"opp":"FC Zurich","odds":"1.73"}],"first_10_minutes_(00:00_09:59)":[{"name":"Goals","handicap":"0.5","odds":"4.33","header":"Over"},{"name":"Goals","handicap":"0.5","odds":"1.20","header":"Under"}]}},"half":{"updated_at":"1532570355","sp":{"half_time_result":[{"opp":"1","odds":"3.50"},{"opp":"X","odds":"2.25"},{"opp":"2","odds":"2.88"}],"half_time_double_chance":[{"opp":"1X","odds":"1.40"},{"opp":"X2","odds":"1.29"},{"opp":"12","odds":"1.57"}],"half_time_result_both_teams_to_score":[{"opp":"Grasshoppers & Yes","odds":"21.00"},{"opp":"Grasshoppers & No","odds":"4.00"},{"opp":"Draw & Yes","odds":"7.00"},{"opp":"Draw & No","odds":"3.00"},{"opp":"FC Zurich & Yes","odds":"17.00"},{"opp":"FC Zurich & No","odds":"3.25"}],"half_time_result_total_goals":[{"opp":"Grasshoppers & Over 1.5","odds":"9.00"},{"opp":"Grasshoppers & Under 1.5","odds":"5.00"},{"opp":"Draw & Over 1.5","odds":"7.00"},{"opp":"Draw & Under 1.5","odds":"3.25"},{"opp":"FC Zurich & Over 1.5","odds":"6.50"},{"opp":"FC Zurich & Under 1.5","odds":"4.33"}],"half_time_correct_score":[{"opp":"1-0","odds":"5.00","header":"Home"},{"opp":"0-0","odds":"3.25","header":"X"},{"opp":"1-0","odds":"4.33","header":"Away"},{"opp":"2-0","odds":"17.00","header":"Home"},{"opp":"1-1","odds":"7.50","header":"X"},{"opp":"2-0","odds":"12.00","header":"Away"},{"opp":"2-1","odds":"23.00","header":"Home"},{"opp":"2-2","odds":"51.00","header":"X"},{"opp":"2-1","odds":"21.00","header":"Away"},{"opp":"3-0","odds":"51.00","header":"Home"},{"opp":"3-0","odds":"41.00","header":"Away"},{"opp":"3-1","odds":"67.00","header":"Home"},{"opp":"3-1","odds":"51.00","header":"Away"},{"opp":"3-2","odds":"151.00","header":"Home"},{"opp":"3-2","odds":"151.00","header":"Away"},{"opp":"4-0","odds":"251.00","header":"Home"},{"opp":"4-0","odds":"126.00","header":"Away"},{"opp":"4-1","odds":"351.00","header":"Home"},{"opp":"4-1","odds":"201.00","header":"Away"}],"both_teams_to_score_in_1st_half":[{"opp":"Yes","odds":"4.33"},{"opp":"No","odds":"1.20"}],"both_teams_to_score_in_2nd_half":[{"opp":"Yes","odds":"3.00"},{"opp":"No","odds":"1.36"}],"both_teams_to_score_1st_half_2nd_half":[{"opp":"Yes \/ Yes","odds":"13.00"},{"opp":"Yes \/ No","odds":"6.00"},{"opp":"No \/ Yes","odds":"3.50"},{"opp":"No \/ No","odds":"1.73"}],"1st_half_asian_handicap":[{"opp":"0.0","odds":"2.100","header":"Home"},{"opp":"0.0","odds":"1.700","header":"Away"}],"1st_half_goal_line":[{"goals":"1.0","odds":"1.750","header":"Over"},{"goals":"1.0","odds":"2.050","header":"Under"}],"alternative_1st_half_asian_handicap":[{"opp":"-0.5, -1.0","odds":"4.800","header":"Home"},{"opp":"+0.5, +1.0","odds":"1.175","header":"Away"},{"opp":"-0.5","odds":"3.450","header":"Home"},{"opp":"+0.5","odds":"1.300","header":"Away"},{"opp":"0.0, -0.5","odds":"2.750","header":"Home"},{"opp":"0.0, +0.5","odds":"1.425","header":"Away"},{"opp":"0.0, +0.5","odds":"1.625","header":"Home"},{"opp":"0.0, -0.5","odds":"2.250","header":"Away"},{"opp":"+0.5","odds":"1.425","header":"Home"},{"opp":"-0.5","odds":"2.750","header":"Away"},{"opp":"+0.5, +1.0","odds":"1.260","header":"Home"},{"opp":"-0.5, -1.0","odds":"3.700","header":"Away"},{"opp":"+1.0","odds":"1.105","header":"Home"},{"opp":"-1.0","odds":"6.800","header":"Away"}],"alternative_1st_half_goal_line":[{"goals":"0.5, 1.0","odds":"1.475","header":"Over"},{"goals":"0.5, 1.0","odds":"2.600","header":"Under"},{"goals":"1.0, 1.5","odds":"2.200","header":"Over"},{"goals":"1.0, 1.5","odds":"1.650","header":"Under"},{"goals":"1.5","odds":"2.600","header":"Over"},{"goals":"1.5","odds":"1.475","header":"Under"},{"goals":"1.5, 2.0","odds":"3.450","header":"Over"},{"goals":"1.5, 2.0","odds":"1.300","header":"Under"},{"goals":"2.0","odds":"5.250","header":"Over"},{"goals":"2.0","odds":"1.160","header":"Under"},{"goals":"2.0, 2.5","odds":"5.900","header":"Over"},{"goals":"2.0, 2.5","odds":"1.130","header":"Under"},{"goals":"2.5","odds":"6.600","header":"Over"},{"goals":"2.5","odds":"1.110","header":"Under"}],"1st_half_handicap":[{"opp":"Grasshoppers  +1.0","odds":"1.40"},{"opp":"Tie - FC Zurich -1.0","odds":"3.60"},{"opp":"FC Zurich  -1.0","odds":"8.50"}],"alternative_1st_half_handicap_result":[{"opp":"-1.0","odds":"12.00","header":"Home"},{"opp":"+1.0","odds":"4.33","header":"Tie"},{"opp":"+1.0","odds":"1.29","header":"Away"},{"opp":"+2.0","odds":"1.06","header":"Home"},{"opp":"-2.0","odds":"10.00","header":"Tie"},{"opp":"-2.0","odds":"21.00","header":"Away"}],"first_half_goals":[{"goals":"0.5","odds":"1.33","header":"Over"},{"goals":"0.5","odds":"3.25","header":"Under"},{"goals":"1.5","odds":"2.62","header":"Over"},{"goals":"1.5","odds":"1.44","header":"Under"},{"goals":"2.5","odds":"6.50","header":"Over"},{"goals":"2.5","odds":"1.11","header":"Under"},{"goals":"3.5","odds":"19.00","header":"Over"},{"goals":"3.5","odds":"1.02","header":"Under"}],"exact_1st_half_goals":[{"opp":"0 Goals","odds":"3.25"},{"opp":"1 Goal","odds":"2.60"},{"opp":"2 Goals","odds":"4.00"},{"opp":"3 Goals","odds":"9.00"},{"opp":"4 Goals","odds":"26.00"},{"opp":"5+ Goals","odds":"51.00"}],"first_half_corners":[{"opp":"4","odds":"1.91","header":"Over"},{"opp":"4","odds":"4.75","header":"Exactly"},{"opp":"4","odds":"2.88","header":"Under"}],"1st_half_asian_corners":[{"goals":"4.5","odds":"1.950","header":"Over"},{"goals":"4.5","odds":"1.850","header":"Under"}],"1st_half_goals_odd_even":[{"opp":"Odd","odds":"2.10"},{"opp":"Even","odds":"1.73"}],"to_score_in_half":[{"name":"1st Half","odds":"2.20","header":"Yes"},{"name":"1st Half","odds":"1.62","header":"No"},{"name":"2nd Half","odds":"1.80","header":"Yes"},{"name":"2nd Half","odds":"1.91","header":"No"},{"name":"1st Half","odds":"1.91","header":"Yes"},{"name":"1st Half","odds":"1.80","header":"No"},{"name":"2nd Half","odds":"1.62","header":"Yes"},{"name":"2nd Half","odds":"2.20","header":"No"}],"half_with_most_goals":[{"opp":"1st Half","odds":"3.10"},{"opp":"2nd Half","odds":"2.00"},{"opp":"Tie","odds":"3.75"}],"home_team_highest_scoring_half":[{"opp":"Grasshoppers - 1st Half","odds":"3.60"},{"opp":"Grasshoppers - 2nd Half","odds":"2.50"},{"opp":"Grasshoppers - Tie","odds":"2.30"}],"away_team_highest_scoring_half":[{"opp":"FC Zurich - 1st Half","odds":"3.40"},{"opp":"FC Zurich - 2nd Half","odds":"2.38"},{"opp":"FC Zurich - Tie","odds":"2.50"}],"2nd_half_result":[{"opp":"1","odds":"3.10"},{"opp":"X","odds":"2.60"},{"opp":"2","odds":"2.50"}],"2nd_half_goals":[{"goals":"0.5","odds":"1.20","header":"Over"},{"goals":"0.5","odds":"4.33","header":"Under"},{"goals":"1.5","odds":"1.91","header":"Over"},{"goals":"1.5","odds":"1.80","header":"Under"},{"goals":"2.5","odds":"4.00","header":"Over"},{"goals":"2.5","odds":"1.22","header":"Under"},{"goals":"3.5","odds":"10.00","header":"Over"},{"goals":"3.5","odds":"1.06","header":"Under"},{"goals":"4.5","odds":"23.00","header":"Over"},{"goals":"4.5","odds":"1.01","header":"Under"}],"exact_2nd_half_goals":[{"opp":"0 Goals","odds":"4.33"},{"opp":"1 Goal","odds":"2.88"},{"opp":"2 Goals","odds":"3.40"},{"opp":"3 Goals","odds":"6.00"},{"opp":"4 Goals","odds":"15.00"},{"opp":"5+ Goals","odds":"23.00"}],"2nd_half_goals_odd_even":[{"opp":"Even","odds":"1.80"},{"opp":"Odd","odds":"1.91"}]}},"main":{"updated_at":"1532570253","sp":{"full_time_result":[{"opp":"1","odds":"3.20"},{"opp":"X","odds":"3.50"},{"opp":"2","odds":"2.15"}],"double_chance":[{"opp":"1X","odds":"1.73"},{"opp":"X2","odds":"1.36"},{"opp":"12","odds":"1.30"}],"correct_score":[{"opp":"1-0","odds":"11.00","header":"Home"},{"opp":"0-0","odds":"13.00","header":"X"},{"opp":"1-0","odds":"9.00","header":"Away"},{"opp":"2-0","odds":"17.00","header":"Home"},{"opp":"1-1","odds":"6.50","header":"X"},{"opp":"2-0","odds":"12.00","header":"Away"},{"opp":"2-1","odds":"11.00","header":"Home"},{"opp":"2-2","odds":"12.00","header":"X"},{"opp":"2-1","odds":"9.00","header":"Away"},{"opp":"3-0","odds":"34.00","header":"Home"},{"opp":"3-3","odds":"41.00","header":"X"},{"opp":"3-0","odds":"21.00","header":"Away"},{"opp":"3-1","odds":"23.00","header":"Home"},{"opp":"4-4","odds":"151.00","header":"X"},{"opp":"3-1","odds":"17.00","header":"Away"},{"opp":"3-2","odds":"29.00","header":"Home"},{"opp":"3-2","odds":"23.00","header":"Away"},{"opp":"4-0","odds":"67.00","header":"Home"},{"opp":"4-0","odds":"41.00","header":"Away"},{"opp":"4-1","odds":"51.00","header":"Home"},{"opp":"4-1","odds":"34.00","header":"Away"},{"opp":"4-2","odds":"51.00","header":"Home"},{"opp":"4-2","odds":"41.00","header":"Away"},{"opp":"4-3","odds":"101.00","header":"Home"},{"opp":"4-3","odds":"81.00","header":"Away"},{"opp":"5-0","odds":"151.00","header":"Home"},{"opp":"5-0","odds":"81.00","header":"Away"},{"opp":"5-1","odds":"126.00","header":"Home"},{"opp":"5-1","odds":"67.00","header":"Away"},{"opp":"5-2","odds":"151.00","header":"Home"},{"opp":"5-2","odds":"101.00","header":"Away"},{"opp":"5-3","odds":"301.00","header":"Home"},{"opp":"5-3","odds":"201.00","header":"Away"},{"opp":"6-0","odds":"251.00","header":"Away"},{"opp":"6-1","odds":"201.00","header":"Away"},{"opp":"6-2","odds":"351.00","header":"Away"}],"half_time_full_time":[{"opp":"Grasshoppers - Grasshoppers","odds":"5.00"},{"opp":"Grasshoppers - Draw","odds":"15.00"},{"opp":"Grasshoppers - FC Zurich","odds":"23.00"},{"opp":"Draw - Grasshoppers","odds":"7.00"},{"opp":"Draw - Draw","odds":"5.50"},{"opp":"Draw - FC Zurich","odds":"5.50"},{"opp":"FC Zurich - Grasshoppers","odds":"29.00"},{"opp":"FC Zurich - Draw","odds":"13.00"},{"opp":"FC Zurich - FC Zurich","odds":"3.60"}],"goals_over_under":[{"goals":"2.5","odds":"1.80","header":"Over"},{"goals":"2.5","odds":"2.00","header":"Under"}],"both_teams_to_score":[{"opp":"Yes","odds":"1.62"},{"opp":"No","odds":"2.20"}],"asian_handicap":[{"opp":"0.0, +0.5","odds":"1.900","header":"Home"},{"opp":"0.0, -0.5","odds":"1.950","header":"Away"}],"goal_line":[{"goals":"2.5, 3.0","odds":"2.025","header":"Over"},{"goals":"2.5, 3.0","odds":"1.825","header":"Under"}],"alternative_asian_handicap":[{"opp":"-1.5","odds":"6.250","header":"Home"},{"opp":"+1.5","odds":"1.120","header":"Away"},{"opp":"-1.0, -1.5","odds":"5.900","header":"Home"},{"opp":"+1.0, +1.5","odds":"1.130","header":"Away"},{"opp":"-1.0","odds":"5.500","header":"Home"},{"opp":"+1.0","odds":"1.150","header":"Away"},{"opp":"-0.5, -1.0","odds":"3.700","header":"Home"},{"opp":"+0.5, +1.0","odds":"1.260","header":"Away"},{"opp":"-0.5","odds":"3.000","header":"Home"},{"opp":"+0.5","odds":"1.375","header":"Away"},{"opp":"0.0, -0.5","odds":"2.600","header":"Home"},{"opp":"0.0, +0.5","odds":"1.475","header":"Away"},{"opp":"0.0","odds":"2.250","header":"Home"},{"opp":"0.0","odds":"1.625","header":"Away"},{"opp":"+0.5","odds":"1.650","header":"Home"},{"opp":"-0.5","odds":"2.200","header":"Away"},{"opp":"+0.5, +1.0","odds":"1.500","header":"Home"},{"opp":"-0.5, -1.0","odds":"2.500","header":"Away"},{"opp":"+1.0","odds":"1.325","header":"Home"},{"opp":"-1.0","odds":"3.300","header":"Away"},{"opp":"+1.0, +1.5","odds":"1.260","header":"Home"},{"opp":"-1.0, -1.5","odds":"3.700","header":"Away"},{"opp":"+1.5","odds":"1.225","header":"Home"},{"opp":"-1.5","odds":"4.100","header":"Away"},{"opp":"+1.5, +2.0","odds":"1.150","header":"Home"},{"opp":"-1.5, -2.0","odds":"5.500","header":"Away"}],"alternative_goal_line":[{"goals":"1.0, 1.5","odds":"1.150","header":"Over"},{"goals":"1.0, 1.5","odds":"5.500","header":"Under"},{"goals":"1.5","odds":"1.240","header":"Over"},{"goals":"1.5","odds":"3.900","header":"Under"},{"goals":"1.5, 2.0","odds":"1.300","header":"Over"},{"goals":"1.5, 2.0","odds":"3.450","header":"Under"},{"goals":"2.0","odds":"1.375","header":"Over"},{"goals":"2.0","odds":"3.000","header":"Under"},{"goals":"2.0, 2.5","odds":"1.575","header":"Over"},{"goals":"2.0, 2.5","odds":"2.350","header":"Under"},{"goals":"2.5","odds":"1.775","header":"Over"},{"goals":"2.5","odds":"2.025","header":"Under"},{"goals":"3.0","odds":"2.300","header":"Over"},{"goals":"3.0","odds":"1.600","header":"Under"},{"goals":"3.0, 3.5","odds":"2.600","header":"Over"},{"goals":"3.0, 3.5","odds":"1.475","header":"Under"},{"goals":"3.5","odds":"2.850","header":"Over"},{"goals":"3.5","odds":"1.400","header":"Under"},{"goals":"3.5, 4.0","odds":"3.450","header":"Over"},{"goals":"3.5, 4.0","odds":"1.300","header":"Under"},{"goals":"4.0","odds":"4.500","header":"Over"},{"goals":"4.0","odds":"1.190","header":"Under"},{"goals":"4.0, 4.5","odds":"5.250","header":"Over"},{"goals":"4.0, 4.5","odds":"1.160","header":"Under"},{"goals":"4.5","odds":"5.500","header":"Over"},{"goals":"4.5","odds":"1.150","header":"Under"},{"goals":"4.5, 5.0","odds":"7.000","header":"Over"},{"goals":"4.5, 5.0","odds":"1.100","header":"Under"}],"draw_no_bet":[{"opp":"Grasshoppers","odds":"2.20"},{"opp":"FC Zurich","odds":"1.62"}],"result_both_teams_to_score":[{"name":"Grasshoppers","odds":"5.50","header":"Yes"},{"name":"Grasshoppers","odds":"6.00","header":"No"},{"name":"FC Zurich","odds":"4.00","header":"Yes"},{"name":"FC Zurich","odds":"4.33","header":"No"},{"name":"Draw","odds":"4.33","header":"Yes"},{"name":"Draw","odds":"13.00","header":"No"}],"handicap_result":[{"opp":"Grasshoppers (+1)","odds":"1.73"},{"opp":"Tie - (FC Zurich -1)","odds":"4.00"},{"opp":"FC Zurich (-1)","odds":"4.00"}],"alternative_handicap_result":[{"opp":"-2.0","odds":"13.00","header":"Home"},{"opp":"+2.0","odds":"8.50","header":"Tie"},{"opp":"+2.0","odds":"1.09","header":"Away"},{"opp":"-1.0","odds":"6.00","header":"Home"},{"opp":"+1.0","odds":"4.75","header":"Tie"},{"opp":"+1.0","odds":"1.36","header":"Away"},{"opp":"+2.0","odds":"1.20","header":"Home"},{"opp":"-2.0","odds":"6.00","header":"Tie"},{"opp":"-2.0","odds":"8.50","header":"Away"},{"opp":"+3.0","odds":"1.06","header":"Home"},{"opp":"-3.0","odds":"10.00","header":"Tie"},{"opp":"-3.0","odds":"15.00","header":"Away"}],"winning_margin":[{"goals":" 1","odds":"4.75","header":"Home"},{"goals":" 1","odds":"4.00","header":"Away"},{"goals":" 2","odds":"8.50","header":"Home"},{"goals":" 2","odds":"6.00","header":"Away"},{"goals":" 3","odds":"23.00","header":"Home"},{"goals":" 3","odds":"10.00","header":"Away"},{"goals":" 4+","odds":"41.00","header":"Home"},{"goals":" 4+","odds":"15.00","header":"Away"},{"goals":"Score Draw","odds":"4.33","header":"Home"},{"goals":"No Goal","odds":"13.00","header":"Home"}]}},"schedule":{"updated_at":"1532571206","sp":{"main":[{"odds":"3.20"},{"odds":"3.50"},{"odds":"2.15"}]}},"specials":{"updated_at":"1532570366","sp":{"specials":[{"name":"To Win From Behind","odds":"11.00","header":"Home"},{"name":"To Win From Behind","odds":"9.00","header":"Away"},{"name":"To Win to Nil","odds":"6.00","header":"Home"},{"name":"To Win to Nil","odds":"4.33","header":"Away"},{"name":"To Win Either Half","odds":"1.91","header":"Home"},{"name":"To Win Either Half","odds":"1.62","header":"Away"},{"name":"To Win Both Halves","odds":"11.00","header":"Home"},{"name":"To Win Both Halves","odds":"7.00","header":"Away"},{"name":"To Score in Both Halves","odds":"4.00","header":"Home"},{"name":"To Score in Both Halves","odds":"3.00","header":"Away"}],"to_score_in_half":[{"name":"1st Half","odds":"2.20","header":"Yes"},{"name":"1st Half","odds":"1.62","header":"No"},{"name":"2nd Half","odds":"1.80","header":"Yes"},{"name":"2nd Half","odds":"1.91","header":"No"},{"name":"1st Half","odds":"1.91","header":"Yes"},{"name":"1st Half","odds":"1.80","header":"No"},{"name":"2nd Half","odds":"1.62","header":"Yes"},{"name":"2nd Half","odds":"2.20","header":"No"}]}}}]}}