{"odd":{"success":1,"results":[{"FI":"75367824","event_id":"845010","asian_lines":{"updated_at":"1532570479","sp":{"asian_handicap":[{"opp":"-2.5","odds":"1.825","header":"Home"},{"opp":"+2.5","odds":"1.975","header":"Away"}],"goal_line":[{"goals":"3.5","odds":"1.900","header":"Over"},{"goals":"3.5","odds":"1.900","header":"Under"}],"alternative_asian_handicap":[{"opp":"-4.5","odds":"4.650","header":"Home"},{"opp":"+4.5","odds":"1.180","header":"Away"},{"opp":"-4.0, -4.5","odds":"4.400","header":"Home"},{"opp":"+4.0, +4.5","odds":"1.200","header":"Away"},{"opp":"-4.0","odds":"4.100","header":"Home"},{"opp":"+4.0","odds":"1.225","header":"Away"},{"opp":"-3.5, -4.0","odds":"3.300","header":"Home"},{"opp":"+3.5, +4.0","odds":"1.325","header":"Away"},{"opp":"-3.5","odds":"2.750","header":"Home"},{"opp":"+3.5","odds":"1.425","header":"Away"},{"opp":"-3.0, -3.5","odds":"2.500","header":"Home"},{"opp":"+3.0, +3.5","odds":"1.500","header":"Away"},{"opp":"-3.0","odds":"2.300","header":"Home"},{"opp":"+3.0","odds":"1.600","header":"Away"},{"opp":"-2.5, -3.0","odds":"2.025","header":"Home"},{"opp":"+2.5, +3.0","odds":"1.775","header":"Away"},{"opp":"-2.0, -2.5","odds":"1.625","header":"Home"},{"opp":"+2.0, +2.5","odds":"2.250","header":"Away"},{"opp":"-2.0","odds":"1.450","header":"Home"},{"opp":"+2.0","odds":"2.675","header":"Away"},{"opp":"-1.5, -2.0","odds":"1.350","header":"Home"},{"opp":"+1.5, +2.0","odds":"3.100","header":"Away"},{"opp":"-1.5","odds":"1.300","header":"Home"},{"opp":"+1.5","odds":"3.450","header":"Away"},{"opp":"-1.0, -1.5","odds":"1.200","header":"Home"},{"opp":"+1.0, +1.5","odds":"4.400","header":"Away"},{"opp":"-1.0","odds":"1.100","header":"Home"},{"opp":"+1.0","odds":"7.000","header":"Away"}],"alternative_goal_line":[{"goals":"1.5","odds":"1.105","header":"Over"},{"goals":"1.5","odds":"6.800","header":"Under"},{"goals":"1.5, 2.0","odds":"1.115","header":"Over"},{"goals":"1.5, 2.0","odds":"6.400","header":"Under"},{"goals":"2.0","odds":"1.130","header":"Over"},{"goals":"2.0","odds":"5.900","header":"Under"},{"goals":"2.0, 2.5","odds":"1.250","header":"Over"},{"goals":"2.0, 2.5","odds":"3.800","header":"Under"},{"goals":"2.5","odds":"1.350","header":"Over"},{"goals":"2.5","odds":"3.100","header":"Under"},{"goals":"2.5, 3.0","odds":"1.425","header":"Over"},{"goals":"2.5, 3.0","odds":"2.750","header":"Under"},{"goals":"3.0","odds":"1.525","header":"Over"},{"goals":"3.0","odds":"2.425","header":"Under"},{"goals":"3.0, 3.5","odds":"1.700","header":"Over"},{"goals":"3.0, 3.5","odds":"2.100","header":"Under"},{"goals":"3.5, 4.0","odds":"2.075","header":"Over"},{"goals":"3.5, 4.0","odds":"1.725","header":"Under"},{"goals":"4.0","odds":"2.375","header":"Over"},{"goals":"4.0","odds":"1.550","header":"Under"},{"goals":"4.0, 4.5","odds":"2.675","header":"Over"},{"goals":"4.0, 4.5","odds":"1.450","header":"Under"},{"goals":"4.5","odds":"3.000","header":"Over"},{"goals":"4.5","odds":"1.375","header":"Under"},{"goals":"4.5, 5.0","odds":"3.450","header":"Over"},{"goals":"4.5, 5.0","odds":"1.300","header":"Under"},{"goals":"5.0","odds":"4.400","header":"Over"},{"goals":"5.0","odds":"1.200","header":"Under"},{"goals":"5.0, 5.5","odds":"4.650","header":"Over"},{"goals":"5.0, 5.5","odds":"1.180","header":"Under"},{"goals":"5.5","odds":"5.250","header":"Over"},{"goals":"5.5","odds":"1.160","header":"Under"}],"1st_half_asian_handicap":[{"opp":"-1.0, -1.5","odds":"2.075","header":"Home"},{"opp":"+1.0, +1.5","odds":"1.725","header":"Away"}],"1st_half_goal_line":[{"goals":"1.5","odds":"1.950","header":"Over"},{"goals":"1.5","odds":"1.850","header":"Under"}],"alternative_1st_half_asian_handicap":[{"opp":"-2.5, -3.0","odds":"7.000","header":"Home"},{"opp":"+2.5, +3.0","odds":"1.100","header":"Away"},{"opp":"-2.5","odds":"5.500","header":"Home"},{"opp":"+2.5","odds":"1.150","header":"Away"},{"opp":"-2.0, -2.5","odds":"4.650","header":"Home"},{"opp":"+2.0, +2.5","odds":"1.180","header":"Away"},{"opp":"-2.0","odds":"4.150","header":"Home"},{"opp":"+2.0","odds":"1.220","header":"Away"},{"opp":"-1.5, -2.0","odds":"3.000","header":"Home"},{"opp":"+1.5, +2.0","odds":"1.375","header":"Away"},{"opp":"-1.5","odds":"2.425","header":"Home"},{"opp":"+1.5","odds":"1.525","header":"Away"},{"opp":"-1.0","odds":"1.700","header":"Home"},{"opp":"+1.0","odds":"2.100","header":"Away"},{"opp":"-0.5, -1.0","odds":"1.500","header":"Home"},{"opp":"+0.5, +1.0","odds":"2.500","header":"Away"},{"opp":"-0.5","odds":"1.375","header":"Home"},{"opp":"+0.5","odds":"3.000","header":"Away"},{"opp":"0.0, -0.5","odds":"1.210","header":"Home"},{"opp":"0.0, +0.5","odds":"4.250","header":"Away"}],"alternative_1st_half_goal_line":[{"goals":"0.5, 1.0","odds":"1.250","header":"Over"},{"goals":"0.5, 1.0","odds":"3.800","header":"Under"},{"goals":"1.0","odds":"1.350","header":"Over"},{"goals":"1.0","odds":"3.100","header":"Under"},{"goals":"1.0, 1.5","odds":"1.625","header":"Over"},{"goals":"1.0, 1.5","odds":"2.250","header":"Under"},{"goals":"1.5, 2.0","odds":"2.250","header":"Over"},{"goals":"1.5, 2.0","odds":"1.625","header":"Under"},{"goals":"2.0","odds":"2.850","header":"Over"},{"goals":"2.0","odds":"1.400","header":"Under"},{"goals":"2.0, 2.5","odds":"3.450","header":"Over"},{"goals":"2.0, 2.5","odds":"1.300","header":"Under"},{"goals":"2.5","odds":"3.800","header":"Over"},{"goals":"2.5","odds":"1.250","header":"Under"},{"goals":"2.5, 3.0","odds":"5.000","header":"Over"},{"goals":"2.5, 3.0","odds":"1.170","header":"Under"}],"asian_total_corners":[{"goals":"10.0","odds":"1.875","header":"Over"},{"goals":"10.0","odds":"1.925","header":"Under"}],"1st_half_asian_corners":[{"goals":"4.5","odds":"1.775","header":"Over"},{"goals":"4.5","odds":"2.025","header":"Under"}]}},"corners":{"updated_at":"1532570813","sp":{"corners":[{"opp":"Over 10","odds":"2.10"},{"opp":"Exactly 10","odds":"7.50"},{"opp":"Under 10","odds":"2.10"}],"total_corners":[{"opp":"Under 6","odds":"13.00"},{"opp":"6 - 8","odds":"3.50"},{"opp":"9 - 11","odds":"2.50"},{"opp":"12 - 14","odds":"3.75"},{"opp":"Over 14","odds":"8.50"}],"alternative_corners":[{"goals":"4","odds":"1.02","header":"Over"},{"goals":"4","odds":"26.00","header":"Exactly"},{"goals":"4","odds":"34.00","header":"Under"},{"goals":"5","odds":"1.04","header":"Over"},{"goals":"5","odds":"17.00","header":"Exactly"},{"goals":"5","odds":"21.00","header":"Under"},{"goals":"6","odds":"1.08","header":"Over"},{"goals":"6","odds":"13.00","header":"Exactly"},{"goals":"6","odds":"12.00","header":"Under"},{"goals":"7","odds":"1.20","header":"Over"},{"goals":"7","odds":"9.50","header":"Exactly"},{"goals":"7","odds":"7.00","header":"Under"},{"goals":"8","odds":"1.40","header":"Over"},{"goals":"8","odds":"8.00","header":"Exactly"},{"goals":"8","odds":"4.33","header":"Under"},{"goals":"9","odds":"1.67","header":"Over"},{"goals":"9","odds":"7.50","header":"Exactly"},{"goals":"9","odds":"2.88","header":"Under"},{"goals":"11","odds":"2.75","header":"Over"},{"goals":"11","odds":"8.00","header":"Exactly"},{"goals":"11","odds":"1.67","header":"Under"},{"goals":"12","odds":"3.75","header":"Over"},{"goals":"12","odds":"9.00","header":"Exactly"},{"goals":"12","odds":"1.40","header":"Under"},{"goals":"13","odds":"5.50","header":"Over"},{"goals":"13","odds":"11.00","header":"Exactly"},{"goals":"13","odds":"1.25","header":"Under"},{"goals":"14","odds":"8.50","header":"Over"},{"goals":"14","odds":"13.00","header":"Exactly"},{"goals":"14","odds":"1.12","header":"Under"},{"goals":"15","odds":"13.00","header":"Over"},{"goals":"15","odds":"17.00","header":"Exactly"},{"goals":"15","odds":"1.06","header":"Under"},{"goals":"16","odds":"17.00","header":"Over"},{"goals":"16","odds":"21.00","header":"Exactly"},{"goals":"16","odds":"1.04","header":"Under"},{"goals":"17","odds":"23.00","header":"Over"},{"goals":"17","odds":"29.00","header":"Exactly"},{"goals":"17","odds":"1.02","header":"Under"},{"goals":"18","odds":"34.00","header":"Over"},{"goals":"18","odds":"34.00","header":"Exactly"},{"goals":"18","odds":"1.01","header":"Under"}],"corners_2_way":[{"opp":"Over 10.5","odds":"2.10"},{"opp":"Under 10.5","odds":"1.67"}],"first_half_corners":[{"opp":"5","odds":"2.50","header":"Over"},{"opp":"5","odds":"5.00","header":"Exactly"},{"opp":"5","odds":"2.00","header":"Under"}],"asian_total_corners":[{"goals":"10.0","odds":"1.875","header":"Over"},{"goals":"10.0","odds":"1.925","header":"Under"}],"1st_half_asian_corners":[{"goals":"4.5","odds":"1.775","header":"Over"},{"goals":"4.5","odds":"2.025","header":"Under"}]}},"goals":{"updated_at":"1532570825","sp":{"goals_over_under":[{"goals":"2.5","odds":"1.36","header":"Over"},{"goals":"2.5","odds":"3.10","header":"Under"}],"alternative_total_goals":[{"goals":"1.5","odds":"1.10","header":"Over "},{"goals":"1.5","odds":"6.50","header":"Under"},{"goals":"3.5","odds":"1.83","header":"Over "},{"goals":"3.5","odds":"1.83","header":"Under"},{"goals":"4.5","odds":"3.00","header":"Over "},{"goals":"4.5","odds":"1.36","header":"Under"},{"goals":"5.5","odds":"4.50","header":"Over "},{"goals":"5.5","odds":"1.17","header":"Under"},{"goals":"6.5","odds":"8.00","header":"Over "},{"goals":"6.5","odds":"1.06","header":"Under"},{"goals":"7.5","odds":"11.00","header":"Over "},{"goals":"7.5","odds":"1.02","header":"Under"}],"result_total_goals":[{"opp":"FK Spartaks Jurmala & Over 3.5","odds":"1.91"},{"opp":"FK Spartaks Jurmala & Under 3.5","odds":"2.10"},{"opp":"Draw & Over 3.5","odds":"34.00"},{"opp":"Draw & Under  3.5","odds":"13.00"},{"opp":"Fiorita & Over 3.5","odds":"81.00"},{"opp":"Fiorita & Under 3.5","odds":"34.00"}],"total_goals_both_teams_to_score":[{"opp":"Over 2.5 & Yes","odds":"2.75"},{"opp":"Over 2.5 & No","odds":"2.38"},{"opp":"Under 2.5 & Yes","odds":"21.00"},{"opp":"Under 2.5 & No","odds":"3.40"}],"exact_total_goals":[{"opp":"0 Goals","odds":"23.00"},{"opp":"1 Goal","odds":"9.00"},{"opp":"2 Goals","odds":"5.00"},{"opp":"3 Goals","odds":"4.50"},{"opp":"4 Goals","odds":"4.50"},{"opp":"5 Goals","odds":"6.50"},{"opp":"6 Goals","odds":"9.50"},{"opp":"7+ Goals","odds":"8.00"}],"number_of_goals_in_match":[{"opp":"Under 2 goals","odds":"6.50"},{"opp":"2 or 3 goals","odds":"2.38"},{"opp":"Over 3 goals","odds":"1.83"}],"both_teams_to_score":[{"opp":"Yes","odds":"2.62"},{"opp":"No","odds":"1.44"}],"teams_to_score":[{"opp":"Both Teams","odds":"2.62"},{"opp":"FK Spartaks Jurmala Only","odds":"1.50"},{"opp":"No Goal","odds":"23.00"},{"opp":"Fiorita Only","odds":"41.00"}],"both_teams_to_score_in_1st_half":[{"opp":"Yes","odds":"6.00"},{"opp":"No","odds":"1.11"}],"both_teams_to_score_in_2nd_half":[{"opp":"Yes","odds":"4.50"},{"opp":"No","odds":"1.17"}],"both_teams_to_score_1st_half_2nd_half":[{"opp":"Yes \/ Yes","odds":"29.00"},{"opp":"Yes \/ No","odds":"7.00"},{"opp":"No \/ Yes","odds":"5.00"},{"opp":"No \/ No","odds":"1.33"}],"first_half_goals":[{"goals":"0.5","odds":"1.18","header":"Over"},{"goals":"0.5","odds":"4.50","header":"Under"},{"goals":"1.5","odds":"1.83","header":"Over"},{"goals":"1.5","odds":"1.83","header":"Under"},{"goals":"2.5","odds":"3.75","header":"Over"},{"goals":"2.5","odds":"1.25","header":"Under"},{"goals":"3.5","odds":"9.00","header":"Over"},{"goals":"3.5","odds":"1.07","header":"Under"},{"goals":"4.5","odds":"21.00","header":"Over"},{"goals":"4.5","odds":"1.02","header":"Under"}],"exact_1st_half_goals":[{"opp":"0 Goals","odds":"4.50"},{"opp":"1 Goal","odds":"2.88"},{"opp":"2 Goals","odds":"3.40"},{"opp":"3 Goals","odds":"6.00"},{"opp":"4 Goals","odds":"13.00"},{"opp":"5+ Goals","odds":"21.00"}],"first_team_to_score":[{"opp":"FK Spartaks Jurmala","odds":"1.11"},{"opp":"No Goals","odds":"23.00"},{"opp":"Fiorita","odds":"6.50"}],"2nd_half_goals":[{"goals":"0.5","odds":"1.10","header":"Over"},{"goals":"0.5","odds":"7.00","header":"Under"},{"goals":"1.5","odds":"1.53","header":"Over"},{"goals":"1.5","odds":"2.38","header":"Under"},{"goals":"2.5","odds":"2.62","header":"Over"},{"goals":"2.5","odds":"1.44","header":"Under"},{"goals":"3.5","odds":"5.50","header":"Over"},{"goals":"3.5","odds":"1.14","header":"Under"},{"goals":"4.5","odds":"13.00","header":"Over"},{"goals":"4.5","odds":"1.04","header":"Under"},{"goals":"5.5","odds":"26.00","header":"Over"},{"goals":"5.5","odds":"1.01","header":"Under"}],"exact_2nd_half_goals":[{"opp":"0 Goals","odds":"7.00"},{"opp":"1 Goal","odds":"3.50"},{"opp":"2 Goals","odds":"3.25"},{"opp":"3 Goals","odds":"4.75"},{"opp":"4 Goals","odds":"8.50"},{"opp":"5+ Goals","odds":"13.00"}],"half_with_most_goals":[{"opp":"1st Half","odds":"2.88"},{"opp":"2nd Half","odds":"1.95"},{"opp":"Tie","odds":"4.33"}],"home_team_highest_scoring_half":[{"opp":"FK Spartaks Jurmala - 1st Half","odds":"2.88"},{"opp":"FK Spartaks Jurmala - 2nd Half","odds":"1.95"},{"opp":"FK Spartaks Jurmala - Tie","odds":"4.00"}],"away_team_highest_scoring_half":[{"opp":"Fiorita - 1st Half","odds":"5.50"},{"opp":"Fiorita - 2nd Half","odds":"4.50"},{"opp":"Fiorita - Tie","odds":"1.40"}],"home_team_exact_goals":[{"opp":"FK Spartaks Jurmala - 0 Goals","odds":"11.00"},{"opp":"FK Spartaks Jurmala - 1 Goal","odds":"6.50"},{"opp":"FK Spartaks Jurmala - 2 Goals","odds":"3.75"},{"opp":"FK Spartaks Jurmala - 3+ Goals","odds":"1.53"}],"away_team_exact_goals":[{"opp":"Fiorita - 0 Goals","odds":"1.50"},{"opp":"Fiorita - 1 Goal","odds":"3.00"},{"opp":"Fiorita - 2 Goals","odds":"11.00"},{"opp":"Fiorita - 3+ Goals","odds":"17.00"}],"goals_odd_even":[{"opp":"Even","odds":"1.90"},{"opp":"Odd","odds":"1.95"}],"home_team_odd_even_goals":[{"opp":"FK Spartaks Jurmala - Even","odds":"1.83"},{"opp":"FK Spartaks Jurmala - Odd","odds":"1.83"}],"away_team_odd_even_goals":[{"opp":"Fiorita - Even","odds":"1.36"},{"opp":"Fiorita - Odd","odds":"3.00"}],"1st_half_goals_odd_even":[{"opp":"Odd","odds":"2.00"},{"opp":"Even","odds":"1.80"}],"last_team_to_score":[{"opp":"FK Spartaks Jurmala","odds":"1.11"},{"opp":"No Goal","odds":"23.00"},{"opp":"Fiorita","odds":"6.50"}]}},"half":{"updated_at":"1532570834","sp":{"half_time_result":[{"opp":"1","odds":"1.33"},{"opp":"X","odds":"3.40"},{"opp":"2","odds":"15.00"}],"half_time_double_chance":[{"opp":"1X","odds":"1.03"},{"opp":"X2","odds":"3.25"},{"opp":"12","odds":"1.30"}],"half_time_result_both_teams_to_score":[{"opp":"FK Spartaks Jurmala & Yes","odds":"11.00"},{"opp":"FK Spartaks Jurmala & No","odds":"1.50"},{"opp":"Draw & Yes","odds":"13.00"},{"opp":"Draw & No","odds":"4.33"},{"opp":"Fiorita & Yes","odds":"51.00"},{"opp":"Fiorita & No","odds":"17.00"}],"half_time_result_total_goals":[{"opp":"FK Spartaks Jurmala & Over 1.5","odds":"2.10"},{"opp":"FK Spartaks Jurmala & Under 1.5","odds":"3.20"},{"opp":"Draw & Over 1.5","odds":"13.00"},{"opp":"Draw & Under 1.5","odds":"4.50"},{"opp":"Fiorita & Over 1.5","odds":"41.00"},{"opp":"Fiorita & Under 1.5","odds":"19.00"}],"half_time_correct_score":[{"opp":"1-0","odds":"3.20","header":"Home"},{"opp":"0-0","odds":"4.50","header":"X"},{"opp":"1-0","odds":"19.00","header":"Away"},{"opp":"2-0","odds":"4.33","header":"Home"},{"opp":"1-1","odds":"15.00","header":"X"},{"opp":"2-0","odds":"81.00","header":"Away"},{"opp":"2-1","odds":"19.00","header":"Home"},{"opp":"2-2","odds":"81.00","header":"X"},{"opp":"2-1","odds":"67.00","header":"Away"},{"opp":"3-0","odds":"8.00","header":"Home"},{"opp":"3-1","odds":"34.00","header":"Home"},{"opp":"3-2","odds":"151.00","header":"Home"},{"opp":"4-0","odds":"19.00","header":"Home"},{"opp":"4-1","odds":"67.00","header":"Home"},{"opp":"5-0","odds":"41.00","header":"Home"},{"opp":"5-1","odds":"151.00","header":"Home"},{"opp":"6-0","odds":"101.00","header":"Home"}],"both_teams_to_score_in_1st_half":[{"opp":"Yes","odds":"6.00"},{"opp":"No","odds":"1.11"}],"both_teams_to_score_in_2nd_half":[{"opp":"Yes","odds":"4.50"},{"opp":"No","odds":"1.17"}],"both_teams_to_score_1st_half_2nd_half":[{"opp":"Yes \/ Yes","odds":"29.00"},{"opp":"Yes \/ No","odds":"7.00"},{"opp":"No \/ Yes","odds":"5.00"},{"opp":"No \/ No","odds":"1.33"}],"1st_half_asian_handicap":[{"opp":"-1.0, -1.5","odds":"2.075","header":"Home"},{"opp":"+1.0, +1.5","odds":"1.725","header":"Away"}],"1st_half_goal_line":[{"goals":"1.5","odds":"1.950","header":"Over"},{"goals":"1.5","odds":"1.850","header":"Under"}],"alternative_1st_half_asian_handicap":[{"opp":"-2.5, -3.0","odds":"7.000","header":"Home"},{"opp":"+2.5, +3.0","odds":"1.100","header":"Away"},{"opp":"-2.5","odds":"5.500","header":"Home"},{"opp":"+2.5","odds":"1.150","header":"Away"},{"opp":"-2.0, -2.5","odds":"4.650","header":"Home"},{"opp":"+2.0, +2.5","odds":"1.180","header":"Away"},{"opp":"-2.0","odds":"4.150","header":"Home"},{"opp":"+2.0","odds":"1.220","header":"Away"},{"opp":"-1.5, -2.0","odds":"3.000","header":"Home"},{"opp":"+1.5, +2.0","odds":"1.375","header":"Away"},{"opp":"-1.5","odds":"2.425","header":"Home"},{"opp":"+1.5","odds":"1.525","header":"Away"},{"opp":"-1.0","odds":"1.700","header":"Home"},{"opp":"+1.0","odds":"2.100","header":"Away"},{"opp":"-0.5, -1.0","odds":"1.500","header":"Home"},{"opp":"+0.5, +1.0","odds":"2.500","header":"Away"},{"opp":"-0.5","odds":"1.375","header":"Home"},{"opp":"+0.5","odds":"3.000","header":"Away"},{"opp":"0.0, -0.5","odds":"1.210","header":"Home"},{"opp":"0.0, +0.5","odds":"4.250","header":"Away"}],"alternative_1st_half_goal_line":[{"goals":"0.5, 1.0","odds":"1.250","header":"Over"},{"goals":"0.5, 1.0","odds":"3.800","header":"Under"},{"goals":"1.0","odds":"1.350","header":"Over"},{"goals":"1.0","odds":"3.100","header":"Under"},{"goals":"1.0, 1.5","odds":"1.625","header":"Over"},{"goals":"1.0, 1.5","odds":"2.250","header":"Under"},{"goals":"1.5, 2.0","odds":"2.250","header":"Over"},{"goals":"1.5, 2.0","odds":"1.625","header":"Under"},{"goals":"2.0","odds":"2.850","header":"Over"},{"goals":"2.0","odds":"1.400","header":"Under"},{"goals":"2.0, 2.5","odds":"3.450","header":"Over"},{"goals":"2.0, 2.5","odds":"1.300","header":"Under"},{"goals":"2.5","odds":"3.800","header":"Over"},{"goals":"2.5","odds":"1.250","header":"Under"},{"goals":"2.5, 3.0","odds":"5.000","header":"Over"},{"goals":"2.5, 3.0","odds":"1.170","header":"Under"}],"1st_half_handicap":[{"opp":"FK Spartaks Jurmala  -1.0","odds":"2.38"},{"opp":"Tie - Fiorita +1.0","odds":"2.88"},{"opp":"Fiorita  +1.0","odds":"3.25"}],"alternative_1st_half_handicap_result":[{"opp":"-2.0","odds":"5.00","header":"Home"},{"opp":"+2.0","odds":"3.75","header":"Tie"},{"opp":"+2.0","odds":"1.53","header":"Away"},{"opp":"+1.0","odds":"1.03","header":"Home"},{"opp":"-1.0","odds":"15.00","header":"Tie"},{"opp":"-1.0","odds":"34.00","header":"Away"}],"first_half_goals":[{"goals":"0.5","odds":"1.18","header":"Over"},{"goals":"0.5","odds":"4.50","header":"Under"},{"goals":"1.5","odds":"1.83","header":"Over"},{"goals":"1.5","odds":"1.83","header":"Under"},{"goals":"2.5","odds":"3.75","header":"Over"},{"goals":"2.5","odds":"1.25","header":"Under"},{"goals":"3.5","odds":"9.00","header":"Over"},{"goals":"3.5","odds":"1.07","header":"Under"},{"goals":"4.5","odds":"21.00","header":"Over"},{"goals":"4.5","odds":"1.02","header":"Under"}],"exact_1st_half_goals":[{"opp":"0 Goals","odds":"4.50"},{"opp":"1 Goal","odds":"2.88"},{"opp":"2 Goals","odds":"3.40"},{"opp":"3 Goals","odds":"6.00"},{"opp":"4 Goals","odds":"13.00"},{"opp":"5+ Goals","odds":"21.00"}],"first_half_corners":[{"opp":"5","odds":"2.50","header":"Over"},{"opp":"5","odds":"5.00","header":"Exactly"},{"opp":"5","odds":"2.00","header":"Under"}],"1st_half_asian_corners":[{"goals":"4.5","odds":"1.775","header":"Over"},{"goals":"4.5","odds":"2.025","header":"Under"}],"1st_half_goals_odd_even":[{"opp":"Odd","odds":"2.00"},{"opp":"Even","odds":"1.80"}],"to_score_in_half":[{"name":"1st Half","odds":"1.25","header":"Yes"},{"name":"1st Half","odds":"3.75","header":"No"},{"name":"2nd Half","odds":"1.14","header":"Yes"},{"name":"2nd Half","odds":"5.50","header":"No"},{"name":"1st Half","odds":"5.00","header":"Yes"},{"name":"1st Half","odds":"1.17","header":"No"},{"name":"2nd Half","odds":"4.00","header":"Yes"},{"name":"2nd Half","odds":"1.22","header":"No"}],"half_with_most_goals":[{"opp":"1st Half","odds":"2.88"},{"opp":"2nd Half","odds":"1.95"},{"opp":"Tie","odds":"4.33"}],"home_team_highest_scoring_half":[{"opp":"FK Spartaks Jurmala - 1st Half","odds":"2.88"},{"opp":"FK Spartaks Jurmala - 2nd Half","odds":"1.95"},{"opp":"FK Spartaks Jurmala - Tie","odds":"4.00"}],"away_team_highest_scoring_half":[{"opp":"Fiorita - 1st Half","odds":"5.50"},{"opp":"Fiorita - 2nd Half","odds":"4.50"},{"opp":"Fiorita - Tie","odds":"1.40"}],"2nd_half_result":[{"opp":"1","odds":"1.20"},{"opp":"X","odds":"4.50"},{"opp":"2","odds":"17.00"}],"2nd_half_goals":[{"goals":"0.5","odds":"1.10","header":"Over"},{"goals":"0.5","odds":"7.00","header":"Under"},{"goals":"1.5","odds":"1.53","header":"Over"},{"goals":"1.5","odds":"2.38","header":"Under"},{"goals":"2.5","odds":"2.62","header":"Over"},{"goals":"2.5","odds":"1.44","header":"Under"},{"goals":"3.5","odds":"5.50","header":"Over"},{"goals":"3.5","odds":"1.14","header":"Under"},{"goals":"4.5","odds":"13.00","header":"Over"},{"goals":"4.5","odds":"1.04","header":"Under"},{"goals":"5.5","odds":"26.00","header":"Over"},{"goals":"5.5","odds":"1.01","header":"Under"}],"exact_2nd_half_goals":[{"opp":"0 Goals","odds":"7.00"},{"opp":"1 Goal","odds":"3.50"},{"opp":"2 Goals","odds":"3.25"},{"opp":"3 Goals","odds":"4.75"},{"opp":"4 Goals","odds":"8.50"},{"opp":"5+ Goals","odds":"13.00"}],"2nd_half_goals_odd_even":[{"opp":"Even","odds":"1.83"},{"opp":"Odd","odds":"1.83"}]}},"main":{"updated_at":"1532570467","sp":{"full_time_result":[{"opp":"1","odds":"1.07"},{"opp":"X","odds":"9.00"},{"opp":"2","odds":"19.00"}],"double_chance":[{"opp":"1X","odds":"1.00"},{"opp":"X2","odds":"7.50"},{"opp":"12","odds":"1.04"}],"correct_score":[{"opp":"1-0","odds":"9.00","header":"Home"},{"opp":"0-0","odds":"23.00","header":"X"},{"opp":"1-0","odds":"51.00","header":"Away"},{"opp":"2-0","odds":"6.00","header":"Home"},{"opp":"1-1","odds":"21.00","header":"X"},{"opp":"2-0","odds":"151.00","header":"Away"},{"opp":"2-1","odds":"12.00","header":"Home"},{"opp":"2-2","odds":"41.00","header":"X"},{"opp":"2-1","odds":"51.00","header":"Away"},{"opp":"3-0","odds":"6.50","header":"Home"},{"opp":"3-3","odds":"151.00","header":"X"},{"opp":"3-2","odds":"151.00","header":"Away"},{"opp":"3-1","odds":"11.00","header":"Home"},{"opp":"3-2","odds":"41.00","header":"Home"},{"opp":"4-0","odds":"7.50","header":"Home"},{"opp":"4-1","odds":"17.00","header":"Home"},{"opp":"4-2","odds":"41.00","header":"Home"},{"opp":"4-3","odds":"151.00","header":"Home"},{"opp":"5-0","odds":"11.00","header":"Home"},{"opp":"5-1","odds":"23.00","header":"Home"},{"opp":"5-2","odds":"67.00","header":"Home"},{"opp":"6-0","odds":"19.00","header":"Home"},{"opp":"6-1","odds":"41.00","header":"Home"},{"opp":"6-2","odds":"101.00","header":"Home"},{"opp":"7-0","odds":"34.00","header":"Home"},{"opp":"7-1","odds":"51.00","header":"Home"},{"opp":"7-2","odds":"151.00","header":"Home"},{"opp":"8-0","odds":"51.00","header":"Home"},{"opp":"8-1","odds":"101.00","header":"Home"},{"opp":"9-0","odds":"101.00","header":"Home"}],"half_time_full_time":[{"opp":"FK Spartaks Jurmala - FK Spartaks Jurmala","odds":"1.36"},{"opp":"FK Spartaks Jurmala - Draw","odds":"29.00"},{"opp":"FK Spartaks Jurmala - Fiorita","odds":"81.00"},{"opp":"Draw - FK Spartaks Jurmala","odds":"4.00"},{"opp":"Draw - Draw","odds":"15.00"},{"opp":"Draw - Fiorita","odds":"34.00"},{"opp":"Fiorita - FK Spartaks Jurmala","odds":"23.00"},{"opp":"Fiorita - Draw","odds":"41.00"},{"opp":"Fiorita - Fiorita","odds":"34.00"}],"goals_over_under":[{"goals":"2.5","odds":"1.36","header":"Over"},{"goals":"2.5","odds":"3.10","header":"Under"}],"both_teams_to_score":[{"opp":"Yes","odds":"2.62"},{"opp":"No","odds":"1.44"}],"asian_handicap":[{"opp":"-2.5","odds":"1.825","header":"Home"},{"opp":"+2.5","odds":"1.975","header":"Away"}],"goal_line":[{"goals":"3.5","odds":"1.900","header":"Over"},{"goals":"3.5","odds":"1.900","header":"Under"}],"alternative_asian_handicap":[{"opp":"-4.5","odds":"4.650","header":"Home"},{"opp":"+4.5","odds":"1.180","header":"Away"},{"opp":"-4.0, -4.5","odds":"4.400","header":"Home"},{"opp":"+4.0, +4.5","odds":"1.200","header":"Away"},{"opp":"-4.0","odds":"4.100","header":"Home"},{"opp":"+4.0","odds":"1.225","header":"Away"},{"opp":"-3.5, -4.0","odds":"3.300","header":"Home"},{"opp":"+3.5, +4.0","odds":"1.325","header":"Away"},{"opp":"-3.5","odds":"2.750","header":"Home"},{"opp":"+3.5","odds":"1.425","header":"Away"},{"opp":"-3.0, -3.5","odds":"2.500","header":"Home"},{"opp":"+3.0, +3.5","odds":"1.500","header":"Away"},{"opp":"-3.0","odds":"2.300","header":"Home"},{"opp":"+3.0","odds":"1.600","header":"Away"},{"opp":"-2.5, -3.0","odds":"2.025","header":"Home"},{"opp":"+2.5, +3.0","odds":"1.775","header":"Away"},{"opp":"-2.0, -2.5","odds":"1.625","header":"Home"},{"opp":"+2.0, +2.5","odds":"2.250","header":"Away"},{"opp":"-2.0","odds":"1.450","header":"Home"},{"opp":"+2.0","odds":"2.675","header":"Away"},{"opp":"-1.5, -2.0","odds":"1.350","header":"Home"},{"opp":"+1.5, +2.0","odds":"3.100","header":"Away"},{"opp":"-1.5","odds":"1.300","header":"Home"},{"opp":"+1.5","odds":"3.450","header":"Away"},{"opp":"-1.0, -1.5","odds":"1.200","header":"Home"},{"opp":"+1.0, +1.5","odds":"4.400","header":"Away"},{"opp":"-1.0","odds":"1.100","header":"Home"},{"opp":"+1.0","odds":"7.000","header":"Away"}],"alternative_goal_line":[{"goals":"1.5","odds":"1.105","header":"Over"},{"goals":"1.5","odds":"6.800","header":"Under"},{"goals":"1.5, 2.0","odds":"1.115","header":"Over"},{"goals":"1.5, 2.0","odds":"6.400","header":"Under"},{"goals":"2.0","odds":"1.130","header":"Over"},{"goals":"2.0","odds":"5.900","header":"Under"},{"goals":"2.0, 2.5","odds":"1.250","header":"Over"},{"goals":"2.0, 2.5","odds":"3.800","header":"Under"},{"goals":"2.5","odds":"1.350","header":"Over"},{"goals":"2.5","odds":"3.100","header":"Under"},{"goals":"2.5, 3.0","odds":"1.425","header":"Over"},{"goals":"2.5, 3.0","odds":"2.750","header":"Under"},{"goals":"3.0","odds":"1.525","header":"Over"},{"goals":"3.0","odds":"2.425","header":"Under"},{"goals":"3.0, 3.5","odds":"1.700","header":"Over"},{"goals":"3.0, 3.5","odds":"2.100","header":"Under"},{"goals":"3.5, 4.0","odds":"2.075","header":"Over"},{"goals":"3.5, 4.0","odds":"1.725","header":"Under"},{"goals":"4.0","odds":"2.375","header":"Over"},{"goals":"4.0","odds":"1.550","header":"Under"},{"goals":"4.0, 4.5","odds":"2.675","header":"Over"},{"goals":"4.0, 4.5","odds":"1.450","header":"Under"},{"goals":"4.5","odds":"3.000","header":"Over"},{"goals":"4.5","odds":"1.375","header":"Under"},{"goals":"4.5, 5.0","odds":"3.450","header":"Over"},{"goals":"4.5, 5.0","odds":"1.300","header":"Under"},{"goals":"5.0","odds":"4.400","header":"Over"},{"goals":"5.0","odds":"1.200","header":"Under"},{"goals":"5.0, 5.5","odds":"4.650","header":"Over"},{"goals":"5.0, 5.5","odds":"1.180","header":"Under"},{"goals":"5.5","odds":"5.250","header":"Over"},{"goals":"5.5","odds":"1.160","header":"Under"}],"draw_no_bet":[{"opp":"FK Spartaks Jurmala","odds":"1.01"},{"opp":"Fiorita","odds":"13.00"}],"result_both_teams_to_score":[{"name":"FK Spartaks Jurmala","odds":"2.88","header":"Yes"},{"name":"FK Spartaks Jurmala","odds":"1.53","header":"No"},{"name":"Fiorita","odds":"34.00","header":"Yes"},{"name":"Fiorita","odds":"41.00","header":"No"},{"name":"Draw","odds":"13.00","header":"Yes"},{"name":"Draw","odds":"23.00","header":"No"}],"handicap_result":[{"opp":"FK Spartaks Jurmala (-3)","odds":"2.75"},{"opp":"Tie - (Fiorita +3)","odds":"4.75"},{"opp":"Fiorita (+3)","odds":"1.91"}],"alternative_handicap_result":[{"opp":"-5.0","odds":"8.00","header":"Home"},{"opp":"+5.0","odds":"8.00","header":"Tie"},{"opp":"+5.0","odds":"1.14","header":"Away"},{"opp":"-4.0","odds":"4.50","header":"Home"},{"opp":"+4.0","odds":"5.50","header":"Tie"},{"opp":"+4.0","odds":"1.40","header":"Away"},{"opp":"-2.0","odds":"1.80","header":"Home"},{"opp":"+2.0","odds":"3.75","header":"Tie"},{"opp":"+2.0","odds":"3.25","header":"Away"},{"opp":"-1.0","odds":"1.29","header":"Home"},{"opp":"+1.0","odds":"4.75","header":"Tie"},{"opp":"+1.0","odds":"7.50","header":"Away"}],"winning_margin":[{"goals":" 1","odds":"4.75","header":"Home"},{"goals":" 1","odds":"34.00","header":"Away"},{"goals":" 2","odds":"3.75","header":"Home"},{"goals":" 2","odds":"101.00","header":"Away"},{"goals":" 3","odds":"4.75","header":"Home"},{"goals":" 3","odds":"251.00","header":"Away"},{"goals":" 4+","odds":"2.75","header":"Home"},{"goals":" 4+","odds":"251.00","header":"Away"},{"goals":"Score Draw","odds":"15.00","header":"Home"},{"goals":"No Goal","odds":"23.00","header":"Home"}]}},"schedule":{"updated_at":"1532570513","sp":{"main":[{"odds":"1.900"},{"odds":"1.900"}]}},"specials":{"updated_at":"1532570495","sp":{"specials":[{"name":"To Win From Behind","odds":"8.00","header":"Home"},{"name":"To Win From Behind","odds":"101.00","header":"Away"},{"name":"To Win to Nil","odds":"1.53","header":"Home"},{"name":"To Win to Nil","odds":"41.00","header":"Away"},{"name":"To Win Either Half","odds":"1.04","header":"Home"},{"name":"To Win Either Half","odds":"9.00","header":"Away"},{"name":"To Win Both Halves","odds":"1.67","header":"Home"},{"name":"To Win Both Halves","odds":"101.00","header":"Away"},{"name":"To Score in Both Halves","odds":"1.44","header":"Home"},{"name":"To Score in Both Halves","odds":"21.00","header":"Away"}],"to_score_in_half":[{"name":"1st Half","odds":"1.25","header":"Yes"},{"name":"1st Half","odds":"3.75","header":"No"},{"name":"2nd Half","odds":"1.14","header":"Yes"},{"name":"2nd Half","odds":"5.50","header":"No"},{"name":"1st Half","odds":"5.00","header":"Yes"},{"name":"1st Half","odds":"1.17","header":"No"},{"name":"2nd Half","odds":"4.00","header":"Yes"},{"name":"2nd Half","odds":"1.22","header":"No"}]}}}]}}