{"odd":{"success":1,"results":[{"FI":"75226821","event_id":"799640","asian_lines":{"updated_at":"1532570151","sp":{"asian_handicap":[{"opp":"0.0, -0.5","odds":"1.950","header":"Home"},{"opp":"0.0, +0.5","odds":"1.900","header":"Away"}],"goal_line":[{"goals":"3.0","odds":"2.050","header":"Over"},{"goals":"3.0","odds":"1.800","header":"Under"}],"alternative_asian_handicap":[{"opp":"-1.5, -2.0","odds":"5.250","header":"Home"},{"opp":"+1.5, +2.0","odds":"1.160","header":"Away"},{"opp":"-1.5","odds":"3.900","header":"Home"},{"opp":"+1.5","odds":"1.240","header":"Away"},{"opp":"-1.0, -1.5","odds":"3.550","header":"Home"},{"opp":"+1.0, +1.5","odds":"1.275","header":"Away"},{"opp":"-1.0","odds":"3.300","header":"Home"},{"opp":"+1.0","odds":"1.325","header":"Away"},{"opp":"-0.5, -1.0","odds":"2.500","header":"Home"},{"opp":"+0.5, +1.0","odds":"1.500","header":"Away"},{"opp":"-0.5","odds":"2.200","header":"Home"},{"opp":"+0.5","odds":"1.650","header":"Away"},{"opp":"0.0","odds":"1.625","header":"Home"},{"opp":"0.0","odds":"2.250","header":"Away"},{"opp":"0.0, +0.5","odds":"1.475","header":"Home"},{"opp":"0.0, -0.5","odds":"2.600","header":"Away"},{"opp":"+0.5","odds":"1.375","header":"Home"},{"opp":"-0.5","odds":"3.000","header":"Away"},{"opp":"+0.5, +1.0","odds":"1.260","header":"Home"},{"opp":"-0.5, -1.0","odds":"3.700","header":"Away"},{"opp":"+1.0","odds":"1.160","header":"Home"},{"opp":"-1.0","odds":"5.250","header":"Away"},{"opp":"+1.0, +1.5","odds":"1.140","header":"Home"},{"opp":"-1.0, -1.5","odds":"5.750","header":"Away"},{"opp":"+1.5","odds":"1.125","header":"Home"},{"opp":"-1.5","odds":"6.000","header":"Away"}],"alternative_goal_line":[{"goals":"1.0, 1.5","odds":"1.115","header":"Over"},{"goals":"1.0, 1.5","odds":"6.400","header":"Under"},{"goals":"1.5","odds":"1.190","header":"Over"},{"goals":"1.5","odds":"4.500","header":"Under"},{"goals":"1.5, 2.0","odds":"1.225","header":"Over"},{"goals":"1.5, 2.0","odds":"4.100","header":"Under"},{"goals":"2.0","odds":"1.275","header":"Over"},{"goals":"2.0","odds":"3.550","header":"Under"},{"goals":"2.0, 2.5","odds":"1.450","header":"Over"},{"goals":"2.0, 2.5","odds":"2.675","header":"Under"},{"goals":"2.5","odds":"1.625","header":"Over"},{"goals":"2.5","odds":"2.250","header":"Under"},{"goals":"2.5, 3.0","odds":"1.775","header":"Over"},{"goals":"2.5, 3.0","odds":"2.025","header":"Under"},{"goals":"3.0, 3.5","odds":"2.250","header":"Over"},{"goals":"3.0, 3.5","odds":"1.625","header":"Under"},{"goals":"3.5","odds":"2.500","header":"Over"},{"goals":"3.5","odds":"1.500","header":"Under"},{"goals":"3.5, 4.0","odds":"3.000","header":"Over"},{"goals":"3.5, 4.0","odds":"1.375","header":"Under"},{"goals":"4.0","odds":"3.800","header":"Over"},{"goals":"4.0","odds":"1.250","header":"Under"},{"goals":"4.0, 4.5","odds":"4.150","header":"Over"},{"goals":"4.0, 4.5","odds":"1.220","header":"Under"},{"goals":"4.5","odds":"4.500","header":"Over"},{"goals":"4.5","odds":"1.190","header":"Under"},{"goals":"4.5, 5.0","odds":"5.750","header":"Over"},{"goals":"4.5, 5.0","odds":"1.140","header":"Under"}],"1st_half_asian_handicap":[{"opp":"0.0","odds":"1.725","header":"Home"},{"opp":"0.0","odds":"2.075","header":"Away"}],"1st_half_goal_line":[{"goals":"1.0, 1.5","odds":"2.050","header":"Over"},{"goals":"1.0, 1.5","odds":"1.750","header":"Under"}],"alternative_1st_half_asian_handicap":[{"opp":"-1.0","odds":"6.600","header":"Home"},{"opp":"+1.0","odds":"1.110","header":"Away"},{"opp":"-0.5, -1.0","odds":"3.700","header":"Home"},{"opp":"+0.5, +1.0","odds":"1.260","header":"Away"},{"opp":"-0.5","odds":"2.750","header":"Home"},{"opp":"+0.5","odds":"1.425","header":"Away"},{"opp":"0.0, -0.5","odds":"2.250","header":"Home"},{"opp":"0.0, +0.5","odds":"1.625","header":"Away"},{"opp":"0.0, +0.5","odds":"1.450","header":"Home"},{"opp":"0.0, -0.5","odds":"2.675","header":"Away"},{"opp":"+0.5","odds":"1.300","header":"Home"},{"opp":"-0.5","odds":"3.450","header":"Away"},{"opp":"+0.5, +1.0","odds":"1.190","header":"Home"},{"opp":"-0.5, -1.0","odds":"4.500","header":"Away"}],"alternative_1st_half_goal_line":[{"goals":"0.5, 1.0","odds":"1.425","header":"Over"},{"goals":"0.5, 1.0","odds":"2.750","header":"Under"},{"goals":"1.0","odds":"1.625","header":"Over"},{"goals":"1.0","odds":"2.250","header":"Under"},{"goals":"1.5","odds":"2.425","header":"Over"},{"goals":"1.5","odds":"1.525","header":"Under"},{"goals":"1.5, 2.0","odds":"3.000","header":"Over"},{"goals":"1.5, 2.0","odds":"1.375","header":"Under"},{"goals":"2.0","odds":"4.500","header":"Over"},{"goals":"2.0","odds":"1.190","header":"Under"},{"goals":"2.0, 2.5","odds":"5.250","header":"Over"},{"goals":"2.0, 2.5","odds":"1.160","header":"Under"},{"goals":"2.5","odds":"5.900","header":"Over"},{"goals":"2.5","odds":"1.130","header":"Under"}],"asian_total_corners":[{"goals":"9.5","odds":"1.950","header":"Over"},{"goals":"9.5","odds":"1.850","header":"Under"}],"1st_half_asian_corners":[{"goals":"4.5","odds":"1.950","header":"Over"},{"goals":"4.5","odds":"1.850","header":"Under"}]}},"corners":{"updated_at":"1532570181","sp":{"corners":[{"opp":"Over 9","odds":"1.83"},{"opp":"Exactly 9","odds":"7.00"},{"opp":"Under 9","odds":"2.40"}],"total_corners":[{"opp":"Under 6","odds":"9.50"},{"opp":"6 - 8","odds":"3.00"},{"opp":"9 - 11","odds":"2.50"},{"opp":"12 - 14","odds":"4.50"},{"opp":"Over 14","odds":"13.00"}],"alternative_corners":[{"goals":"4","odds":"1.02","header":"Over"},{"goals":"4","odds":"21.00","header":"Exactly"},{"goals":"4","odds":"29.00","header":"Under"},{"goals":"5","odds":"1.06","header":"Over"},{"goals":"5","odds":"15.00","header":"Exactly"},{"goals":"5","odds":"17.00","header":"Under"},{"goals":"6","odds":"1.14","header":"Over"},{"goals":"6","odds":"10.00","header":"Exactly"},{"goals":"6","odds":"9.50","header":"Under"},{"goals":"7","odds":"1.30","header":"Over"},{"goals":"7","odds":"8.00","header":"Exactly"},{"goals":"7","odds":"5.50","header":"Under"},{"goals":"8","odds":"1.53","header":"Over"},{"goals":"8","odds":"7.50","header":"Exactly"},{"goals":"8","odds":"3.40","header":"Under"},{"goals":"10","odds":"2.50","header":"Over"},{"goals":"10","odds":"7.50","header":"Exactly"},{"goals":"10","odds":"1.83","header":"Under"},{"goals":"11","odds":"3.50","header":"Over"},{"goals":"11","odds":"8.00","header":"Exactly"},{"goals":"11","odds":"1.50","header":"Under"},{"goals":"12","odds":"5.00","header":"Over"},{"goals":"12","odds":"9.50","header":"Exactly"},{"goals":"12","odds":"1.29","header":"Under"},{"goals":"13","odds":"8.00","header":"Over"},{"goals":"13","odds":"12.00","header":"Exactly"},{"goals":"13","odds":"1.14","header":"Under"},{"goals":"14","odds":"12.00","header":"Over"},{"goals":"14","odds":"17.00","header":"Exactly"},{"goals":"14","odds":"1.07","header":"Under"},{"goals":"15","odds":"17.00","header":"Over"},{"goals":"15","odds":"21.00","header":"Exactly"},{"goals":"15","odds":"1.04","header":"Under"},{"goals":"16","odds":"23.00","header":"Over"},{"goals":"16","odds":"26.00","header":"Exactly"},{"goals":"16","odds":"1.02","header":"Under"},{"goals":"17","odds":"34.00","header":"Over"},{"goals":"17","odds":"34.00","header":"Exactly"},{"goals":"17","odds":"1.01","header":"Under"}],"corners_2_way":[{"opp":"Over 9.5","odds":"1.83"},{"opp":"Under 9.5","odds":"1.83"}],"first_half_corners":[{"opp":"4","odds":"1.91","header":"Over"},{"opp":"4","odds":"4.75","header":"Exactly"},{"opp":"4","odds":"2.75","header":"Under"}],"asian_total_corners":[{"goals":"9.5","odds":"1.950","header":"Over"},{"goals":"9.5","odds":"1.850","header":"Under"}],"1st_half_asian_corners":[{"goals":"4.5","odds":"1.950","header":"Over"},{"goals":"4.5","odds":"1.850","header":"Under"}]}},"goals":{"updated_at":"1532570205","sp":{"goals_over_under":[{"goals":"2.5","odds":"1.62","header":"Over"},{"goals":"2.5","odds":"2.25","header":"Under"}],"alternative_total_goals":[{"goals":"0.5","odds":"1.03","header":"Over "},{"goals":"0.5","odds":"15.00","header":"Under"},{"goals":"1.5","odds":"1.18","header":"Over "},{"goals":"1.5","odds":"4.50","header":"Under"},{"goals":"3.5","odds":"2.50","header":"Over "},{"goals":"3.5","odds":"1.50","header":"Under"},{"goals":"4.5","odds":"4.50","header":"Over "},{"goals":"4.5","odds":"1.18","header":"Under"},{"goals":"5.5","odds":"9.00","header":"Over "},{"goals":"5.5","odds":"1.07","header":"Under"},{"goals":"6.5","odds":"19.00","header":"Over "},{"goals":"6.5","odds":"1.02","header":"Under"}],"result_total_goals":[{"opp":"St Gallen & Over 2.5","odds":"3.10"},{"opp":"St Gallen & Under 2.5","odds":"6.00"},{"opp":"Draw & Over 2.5","odds":"9.00"},{"opp":"Draw & Under  2.5","odds":"5.00"},{"opp":"FC Sion & Over 2.5","odds":"4.33"},{"opp":"FC Sion & Under 2.5","odds":"8.00"}],"total_goals_both_teams_to_score":[{"opp":"Over 2.5 & Yes","odds":"1.83"},{"opp":"Over 2.5 & No","odds":"9.50"},{"opp":"Under 2.5 & Yes","odds":"7.00"},{"opp":"Under 2.5 & No","odds":"3.00"}],"exact_total_goals":[{"opp":"0 Goals","odds":"15.00"},{"opp":"1 Goal","odds":"6.50"},{"opp":"2 Goals","odds":"4.00"},{"opp":"3 Goals","odds":"4.00"},{"opp":"4 Goals","odds":"5.00"},{"opp":"5 Goals","odds":"8.50"},{"opp":"6 Goals","odds":"15.00"},{"opp":"7+ Goals","odds":"19.00"}],"number_of_goals_in_match":[{"opp":"Under 2 goals","odds":"4.50"},{"opp":"2 or 3 goals","odds":"2.05"},{"opp":"Over 3 goals","odds":"2.50"}],"both_teams_to_score":[{"opp":"Yes","odds":"1.53"},{"opp":"No","odds":"2.38"}],"teams_to_score":[{"opp":"Both Teams","odds":"1.53"},{"opp":"St Gallen Only","odds":"4.33"},{"opp":"No Goal","odds":"15.00"},{"opp":"FC Sion Only","odds":"6.00"}],"both_teams_to_score_in_1st_half":[{"opp":"Yes","odds":"3.75"},{"opp":"No","odds":"1.25"}],"both_teams_to_score_in_2nd_half":[{"opp":"Yes","odds":"2.62"},{"opp":"No","odds":"1.44"}],"both_teams_to_score_1st_half_2nd_half":[{"opp":"Yes \/ Yes","odds":"11.00"},{"opp":"Yes \/ No","odds":"5.50"},{"opp":"No \/ Yes","odds":"3.40"},{"opp":"No \/ No","odds":"1.80"}],"first_half_goals":[{"goals":"0.5","odds":"1.30","header":"Over"},{"goals":"0.5","odds":"3.40","header":"Under"},{"goals":"1.5","odds":"2.38","header":"Over"},{"goals":"1.5","odds":"1.53","header":"Under"},{"goals":"2.5","odds":"6.00","header":"Over"},{"goals":"2.5","odds":"1.12","header":"Under"},{"goals":"3.5","odds":"17.00","header":"Over"},{"goals":"3.5","odds":"1.02","header":"Under"}],"exact_1st_half_goals":[{"opp":"0 Goals","odds":"3.40"},{"opp":"1 Goal","odds":"2.62"},{"opp":"2 Goals","odds":"3.75"},{"opp":"3 Goals","odds":"8.50"},{"opp":"4 Goals","odds":"23.00"},{"opp":"5+ Goals","odds":"41.00"}],"total_goal_minutes":[{"opp":"Over 160 minutes","odds":"2.20"},{"opp":"140 To 160 minutes inc.","odds":"8.50"},{"opp":"Under 140 minutes","odds":"1.83"}],"first_team_to_score":[{"opp":"St Gallen","odds":"1.73"},{"opp":"No Goals","odds":"15.00"},{"opp":"FC Sion","odds":"2.20"}],"early_goal":[{"opp":"Goal before 26:00","odds":"1.83"},{"opp":"No Goal before 26:00","odds":"1.83"}],"late_goal":[{"opp":"Goal after 75:59","odds":"1.83"},{"opp":"No Goal after 75:59","odds":"1.83"}],"time_of_first_goal_brackets":[{"opp":"1-10","odds":"4.00"},{"opp":"11-20","odds":"4.50"},{"opp":"21-30","odds":"6.00"},{"opp":"31-40","odds":"7.00"},{"opp":"41-50","odds":"8.00"},{"opp":"51-60","odds":"13.00"},{"opp":"61-70","odds":"19.00"},{"opp":"71-80","odds":"21.00"},{"opp":"81 - Full Time","odds":"23.00"},{"opp":"No Goal","odds":"15.00"}],"2nd_half_goals":[{"goals":"0.5","odds":"1.17","header":"Over"},{"goals":"0.5","odds":"5.00","header":"Under"},{"goals":"1.5","odds":"1.80","header":"Over"},{"goals":"1.5","odds":"1.91","header":"Under"},{"goals":"2.5","odds":"3.50","header":"Over"},{"goals":"2.5","odds":"1.29","header":"Under"},{"goals":"3.5","odds":"8.00","header":"Over"},{"goals":"3.5","odds":"1.08","header":"Under"},{"goals":"4.5","odds":"21.00","header":"Over"},{"goals":"4.5","odds":"1.02","header":"Under"}],"exact_2nd_half_goals":[{"opp":"0 Goals","odds":"5.00"},{"opp":"1 Goal","odds":"3.00"},{"opp":"2 Goals","odds":"3.40"},{"opp":"3 Goals","odds":"5.50"},{"opp":"4 Goals","odds":"12.00"},{"opp":"5+ Goals","odds":"21.00"}],"half_with_most_goals":[{"opp":"1st Half","odds":"3.10"},{"opp":"2nd Half","odds":"1.95"},{"opp":"Tie","odds":"3.75"}],"home_team_highest_scoring_half":[{"opp":"St Gallen - 1st Half","odds":"3.40"},{"opp":"St Gallen - 2nd Half","odds":"2.30"},{"opp":"St Gallen - Tie","odds":"2.60"}],"away_team_highest_scoring_half":[{"opp":"FC Sion - 1st Half","odds":"3.50"},{"opp":"FC Sion - 2nd Half","odds":"2.40"},{"opp":"FC Sion - Tie","odds":"2.40"}],"home_team_exact_goals":[{"opp":"St Gallen - 0 Goals","odds":"4.50"},{"opp":"St Gallen - 1 Goal","odds":"2.88"},{"opp":"St Gallen - 2 Goals","odds":"3.40"},{"opp":"St Gallen - 3+ Goals","odds":"3.75"}],"away_team_exact_goals":[{"opp":"FC Sion - 0 Goals","odds":"3.75"},{"opp":"FC Sion - 1 Goal","odds":"2.60"},{"opp":"FC Sion - 2 Goals","odds":"3.75"},{"opp":"FC Sion - 3+ Goals","odds":"5.50"}],"time_of_1st_team_goal":[{"opp":"St Gallen - Goal before 44:00","odds":"1.83"},{"opp":"St Gallen - No Goal before 44:00","odds":"1.83"},{"opp":"FC Sion - Goal before 51:00","odds":"1.83"},{"opp":"FC Sion - No Goal before 51:00","odds":"1.83"}],"goals_odd_even":[{"opp":"Even","odds":"1.90"},{"opp":"Odd","odds":"1.95"}],"home_team_odd_even_goals":[{"opp":"St Gallen - Even","odds":"1.80"},{"opp":"St Gallen - Odd","odds":"1.91"}],"away_team_odd_even_goals":[{"opp":"FC Sion - Even","odds":"1.80"},{"opp":"FC Sion - Odd","odds":"1.91"}],"1st_half_goals_odd_even":[{"opp":"Odd","odds":"2.00"},{"opp":"Even","odds":"1.80"}],"last_team_to_score":[{"opp":"St Gallen","odds":"1.73"},{"opp":"No Goal","odds":"15.00"},{"opp":"FC Sion","odds":"2.20"}],"first_10_minutes_(00:00_09:59)":[{"name":"Goals","handicap":"0.5","odds":"4.00","header":"Over"},{"name":"Goals","handicap":"0.5","odds":"1.22","header":"Under"}]}},"half":{"updated_at":"1532570203","sp":{"half_time_result":[{"opp":"1","odds":"2.75"},{"opp":"X","odds":"2.30"},{"opp":"2","odds":"3.40"}],"half_time_double_chance":[{"opp":"1X","odds":"1.30"},{"opp":"X2","odds":"1.40"},{"opp":"12","odds":"1.57"}],"half_time_result_both_teams_to_score":[{"opp":"St Gallen & Yes","odds":"15.00"},{"opp":"St Gallen & No","odds":"3.25"},{"opp":"Draw & Yes","odds":"6.50"},{"opp":"Draw & No","odds":"3.25"},{"opp":"FC Sion & Yes","odds":"17.00"},{"opp":"FC Sion & No","odds":"4.00"}],"half_time_result_total_goals":[{"opp":"St Gallen & Over 1.5","odds":"6.00"},{"opp":"St Gallen & Under 1.5","odds":"4.50"},{"opp":"Draw & Over 1.5","odds":"6.50"},{"opp":"Draw & Under 1.5","odds":"3.40"},{"opp":"FC Sion & Over 1.5","odds":"8.00"},{"opp":"FC Sion & Under 1.5","odds":"5.00"}],"half_time_correct_score":[{"opp":"1-0","odds":"4.50","header":"Home"},{"opp":"0-0","odds":"3.40","header":"X"},{"opp":"1-0","odds":"5.00","header":"Away"},{"opp":"2-0","odds":"12.00","header":"Home"},{"opp":"1-1","odds":"7.00","header":"X"},{"opp":"2-0","odds":"15.00","header":"Away"},{"opp":"2-1","odds":"19.00","header":"Home"},{"opp":"2-2","odds":"41.00","header":"X"},{"opp":"2-1","odds":"21.00","header":"Away"},{"opp":"3-0","odds":"41.00","header":"Home"},{"opp":"3-0","odds":"51.00","header":"Away"},{"opp":"3-1","odds":"51.00","header":"Home"},{"opp":"3-1","odds":"67.00","header":"Away"},{"opp":"3-2","odds":"126.00","header":"Home"},{"opp":"3-2","odds":"126.00","header":"Away"},{"opp":"4-0","odds":"126.00","header":"Home"},{"opp":"4-0","odds":"201.00","header":"Away"},{"opp":"4-1","odds":"201.00","header":"Home"},{"opp":"4-1","odds":"251.00","header":"Away"}],"both_teams_to_score_in_1st_half":[{"opp":"Yes","odds":"3.75"},{"opp":"No","odds":"1.25"}],"both_teams_to_score_in_2nd_half":[{"opp":"Yes","odds":"2.62"},{"opp":"No","odds":"1.44"}],"both_teams_to_score_1st_half_2nd_half":[{"opp":"Yes \/ Yes","odds":"11.00"},{"opp":"Yes \/ No","odds":"5.50"},{"opp":"No \/ Yes","odds":"3.40"},{"opp":"No \/ No","odds":"1.80"}],"1st_half_asian_handicap":[{"opp":"0.0","odds":"1.725","header":"Home"},{"opp":"0.0","odds":"2.075","header":"Away"}],"1st_half_goal_line":[{"goals":"1.0, 1.5","odds":"2.050","header":"Over"},{"goals":"1.0, 1.5","odds":"1.750","header":"Under"}],"alternative_1st_half_asian_handicap":[{"opp":"-1.0","odds":"6.600","header":"Home"},{"opp":"+1.0","odds":"1.110","header":"Away"},{"opp":"-0.5, -1.0","odds":"3.700","header":"Home"},{"opp":"+0.5, +1.0","odds":"1.260","header":"Away"},{"opp":"-0.5","odds":"2.750","header":"Home"},{"opp":"+0.5","odds":"1.425","header":"Away"},{"opp":"0.0, -0.5","odds":"2.250","header":"Home"},{"opp":"0.0, +0.5","odds":"1.625","header":"Away"},{"opp":"0.0, +0.5","odds":"1.450","header":"Home"},{"opp":"0.0, -0.5","odds":"2.675","header":"Away"},{"opp":"+0.5","odds":"1.300","header":"Home"},{"opp":"-0.5","odds":"3.450","header":"Away"},{"opp":"+0.5, +1.0","odds":"1.190","header":"Home"},{"opp":"-0.5, -1.0","odds":"4.500","header":"Away"}],"alternative_1st_half_goal_line":[{"goals":"0.5, 1.0","odds":"1.425","header":"Over"},{"goals":"0.5, 1.0","odds":"2.750","header":"Under"},{"goals":"1.0","odds":"1.625","header":"Over"},{"goals":"1.0","odds":"2.250","header":"Under"},{"goals":"1.5","odds":"2.425","header":"Over"},{"goals":"1.5","odds":"1.525","header":"Under"},{"goals":"1.5, 2.0","odds":"3.000","header":"Over"},{"goals":"1.5, 2.0","odds":"1.375","header":"Under"},{"goals":"2.0","odds":"4.500","header":"Over"},{"goals":"2.0","odds":"1.190","header":"Under"},{"goals":"2.0, 2.5","odds":"5.250","header":"Over"},{"goals":"2.0, 2.5","odds":"1.160","header":"Under"},{"goals":"2.5","odds":"5.900","header":"Over"},{"goals":"2.5","odds":"1.130","header":"Under"}],"1st_half_handicap":[{"opp":"St Gallen  -1.0","odds":"8.00"},{"opp":"Tie - FC Sion +1.0","odds":"3.60"},{"opp":"FC Sion  +1.0","odds":"1.40"}],"alternative_1st_half_handicap_result":[{"opp":"-2.0","odds":"19.00","header":"Home"},{"opp":"+2.0","odds":"9.00","header":"Tie"},{"opp":"+2.0","odds":"1.07","header":"Away"},{"opp":"+1.0","odds":"1.30","header":"Home"},{"opp":"-1.0","odds":"4.33","header":"Tie"},{"opp":"-1.0","odds":"10.00","header":"Away"}],"first_half_goals":[{"goals":"0.5","odds":"1.30","header":"Over"},{"goals":"0.5","odds":"3.40","header":"Under"},{"goals":"1.5","odds":"2.38","header":"Over"},{"goals":"1.5","odds":"1.53","header":"Under"},{"goals":"2.5","odds":"6.00","header":"Over"},{"goals":"2.5","odds":"1.12","header":"Under"},{"goals":"3.5","odds":"17.00","header":"Over"},{"goals":"3.5","odds":"1.02","header":"Under"}],"exact_1st_half_goals":[{"opp":"0 Goals","odds":"3.40"},{"opp":"1 Goal","odds":"2.62"},{"opp":"2 Goals","odds":"3.75"},{"opp":"3 Goals","odds":"8.50"},{"opp":"4 Goals","odds":"23.00"},{"opp":"5+ Goals","odds":"41.00"}],"first_half_corners":[{"opp":"4","odds":"1.91","header":"Over"},{"opp":"4","odds":"4.75","header":"Exactly"},{"opp":"4","odds":"2.75","header":"Under"}],"1st_half_asian_corners":[{"goals":"4.5","odds":"1.950","header":"Over"},{"goals":"4.5","odds":"1.850","header":"Under"}],"1st_half_goals_odd_even":[{"opp":"Odd","odds":"2.00"},{"opp":"Even","odds":"1.80"}],"to_score_in_half":[{"name":"1st Half","odds":"1.83","header":"Yes"},{"name":"1st Half","odds":"1.83","header":"No"},{"name":"2nd Half","odds":"1.53","header":"Yes"},{"name":"2nd Half","odds":"2.38","header":"No"},{"name":"1st Half","odds":"2.00","header":"Yes"},{"name":"1st Half","odds":"1.73","header":"No"},{"name":"2nd Half","odds":"1.67","header":"Yes"},{"name":"2nd Half","odds":"2.10","header":"No"}],"half_with_most_goals":[{"opp":"1st Half","odds":"3.10"},{"opp":"2nd Half","odds":"1.95"},{"opp":"Tie","odds":"3.75"}],"home_team_highest_scoring_half":[{"opp":"St Gallen - 1st Half","odds":"3.40"},{"opp":"St Gallen - 2nd Half","odds":"2.30"},{"opp":"St Gallen - Tie","odds":"2.60"}],"away_team_highest_scoring_half":[{"opp":"FC Sion - 1st Half","odds":"3.50"},{"opp":"FC Sion - 2nd Half","odds":"2.40"},{"opp":"FC Sion - Tie","odds":"2.40"}],"2nd_half_result":[{"opp":"1","odds":"2.50"},{"opp":"X","odds":"2.62"},{"opp":"2","odds":"3.00"}],"2nd_half_goals":[{"goals":"0.5","odds":"1.17","header":"Over"},{"goals":"0.5","odds":"5.00","header":"Under"},{"goals":"1.5","odds":"1.80","header":"Over"},{"goals":"1.5","odds":"1.91","header":"Under"},{"goals":"2.5","odds":"3.50","header":"Over"},{"goals":"2.5","odds":"1.29","header":"Under"},{"goals":"3.5","odds":"8.00","header":"Over"},{"goals":"3.5","odds":"1.08","header":"Under"},{"goals":"4.5","odds":"21.00","header":"Over"},{"goals":"4.5","odds":"1.02","header":"Under"}],"exact_2nd_half_goals":[{"opp":"0 Goals","odds":"5.00"},{"opp":"1 Goal","odds":"3.00"},{"opp":"2 Goals","odds":"3.40"},{"opp":"3 Goals","odds":"5.50"},{"opp":"4 Goals","odds":"12.00"},{"opp":"5+ Goals","odds":"21.00"}],"2nd_half_goals_odd_even":[{"opp":"Even","odds":"1.80"},{"opp":"Odd","odds":"1.91"}]}},"main":{"updated_at":"1532569714","sp":{"full_time_result":[{"opp":"1","odds":"2.15"},{"opp":"X","odds":"3.50"},{"opp":"2","odds":"3.20"}],"double_chance":[{"opp":"1X","odds":"1.36"},{"opp":"X2","odds":"1.73"},{"opp":"12","odds":"1.30"}],"correct_score":[{"opp":"1-0","odds":"10.00","header":"Home"},{"opp":"0-0","odds":"15.00","header":"X"},{"opp":"1-0","odds":"13.00","header":"Away"},{"opp":"2-0","odds":"12.00","header":"Home"},{"opp":"1-1","odds":"7.00","header":"X"},{"opp":"2-0","odds":"17.00","header":"Away"},{"opp":"2-1","odds":"9.00","header":"Home"},{"opp":"2-2","odds":"11.00","header":"X"},{"opp":"2-1","odds":"11.00","header":"Away"},{"opp":"3-0","odds":"21.00","header":"Home"},{"opp":"3-3","odds":"34.00","header":"X"},{"opp":"3-0","odds":"34.00","header":"Away"},{"opp":"3-1","odds":"15.00","header":"Home"},{"opp":"4-4","odds":"126.00","header":"X"},{"opp":"3-1","odds":"21.00","header":"Away"},{"opp":"3-2","odds":"21.00","header":"Home"},{"opp":"3-2","odds":"26.00","header":"Away"},{"opp":"4-0","odds":"41.00","header":"Home"},{"opp":"4-0","odds":"51.00","header":"Away"},{"opp":"4-1","odds":"34.00","header":"Home"},{"opp":"4-1","odds":"41.00","header":"Away"},{"opp":"4-2","odds":"41.00","header":"Home"},{"opp":"4-2","odds":"51.00","header":"Away"},{"opp":"4-3","odds":"67.00","header":"Home"},{"opp":"4-3","odds":"81.00","header":"Away"},{"opp":"5-0","odds":"81.00","header":"Home"},{"opp":"5-0","odds":"151.00","header":"Away"},{"opp":"5-1","odds":"67.00","header":"Home"},{"opp":"5-1","odds":"101.00","header":"Away"},{"opp":"5-2","odds":"81.00","header":"Home"},{"opp":"5-2","odds":"126.00","header":"Away"},{"opp":"5-3","odds":"151.00","header":"Home"},{"opp":"5-3","odds":"201.00","header":"Away"},{"opp":"6-0","odds":"251.00","header":"Home"},{"opp":"6-1","odds":"351.00","header":"Away"},{"opp":"6-1","odds":"151.00","header":"Home"},{"opp":"6-2","odds":"251.00","header":"Home"}],"half_time_full_time":[{"opp":"St Gallen - St Gallen","odds":"3.60"},{"opp":"St Gallen - Draw","odds":"13.00"},{"opp":"St Gallen - FC Sion","odds":"26.00"},{"opp":"Draw - St Gallen","odds":"5.50"},{"opp":"Draw - Draw","odds":"6.00"},{"opp":"Draw - FC Sion","odds":"7.00"},{"opp":"FC Sion - St Gallen","odds":"23.00"},{"opp":"FC Sion - Draw","odds":"13.00"},{"opp":"FC Sion - FC Sion","odds":"4.75"}],"goals_over_under":[{"goals":"2.5","odds":"1.62","header":"Over"},{"goals":"2.5","odds":"2.25","header":"Under"}],"both_teams_to_score":[{"opp":"Yes","odds":"1.53"},{"opp":"No","odds":"2.38"}],"asian_handicap":[{"opp":"0.0, -0.5","odds":"1.950","header":"Home"},{"opp":"0.0, +0.5","odds":"1.900","header":"Away"}],"goal_line":[{"goals":"3.0","odds":"2.050","header":"Over"},{"goals":"3.0","odds":"1.800","header":"Under"}],"alternative_asian_handicap":[{"opp":"-1.5, -2.0","odds":"5.250","header":"Home"},{"opp":"+1.5, +2.0","odds":"1.160","header":"Away"},{"opp":"-1.5","odds":"3.900","header":"Home"},{"opp":"+1.5","odds":"1.240","header":"Away"},{"opp":"-1.0, -1.5","odds":"3.550","header":"Home"},{"opp":"+1.0, +1.5","odds":"1.275","header":"Away"},{"opp":"-1.0","odds":"3.300","header":"Home"},{"opp":"+1.0","odds":"1.325","header":"Away"},{"opp":"-0.5, -1.0","odds":"2.500","header":"Home"},{"opp":"+0.5, +1.0","odds":"1.500","header":"Away"},{"opp":"-0.5","odds":"2.200","header":"Home"},{"opp":"+0.5","odds":"1.650","header":"Away"},{"opp":"0.0","odds":"1.625","header":"Home"},{"opp":"0.0","odds":"2.250","header":"Away"},{"opp":"0.0, +0.5","odds":"1.475","header":"Home"},{"opp":"0.0, -0.5","odds":"2.600","header":"Away"},{"opp":"+0.5","odds":"1.375","header":"Home"},{"opp":"-0.5","odds":"3.000","header":"Away"},{"opp":"+0.5, +1.0","odds":"1.260","header":"Home"},{"opp":"-0.5, -1.0","odds":"3.700","header":"Away"},{"opp":"+1.0","odds":"1.160","header":"Home"},{"opp":"-1.0","odds":"5.250","header":"Away"},{"opp":"+1.0, +1.5","odds":"1.140","header":"Home"},{"opp":"-1.0, -1.5","odds":"5.750","header":"Away"},{"opp":"+1.5","odds":"1.125","header":"Home"},{"opp":"-1.5","odds":"6.000","header":"Away"}],"alternative_goal_line":[{"goals":"1.0, 1.5","odds":"1.115","header":"Over"},{"goals":"1.0, 1.5","odds":"6.400","header":"Under"},{"goals":"1.5","odds":"1.190","header":"Over"},{"goals":"1.5","odds":"4.500","header":"Under"},{"goals":"1.5, 2.0","odds":"1.225","header":"Over"},{"goals":"1.5, 2.0","odds":"4.100","header":"Under"},{"goals":"2.0","odds":"1.275","header":"Over"},{"goals":"2.0","odds":"3.550","header":"Under"},{"goals":"2.0, 2.5","odds":"1.450","header":"Over"},{"goals":"2.0, 2.5","odds":"2.675","header":"Under"},{"goals":"2.5","odds":"1.625","header":"Over"},{"goals":"2.5","odds":"2.250","header":"Under"},{"goals":"2.5, 3.0","odds":"1.775","header":"Over"},{"goals":"2.5, 3.0","odds":"2.025","header":"Under"},{"goals":"3.0, 3.5","odds":"2.250","header":"Over"},{"goals":"3.0, 3.5","odds":"1.625","header":"Under"},{"goals":"3.5","odds":"2.500","header":"Over"},{"goals":"3.5","odds":"1.500","header":"Under"},{"goals":"3.5, 4.0","odds":"3.000","header":"Over"},{"goals":"3.5, 4.0","odds":"1.375","header":"Under"},{"goals":"4.0","odds":"3.800","header":"Over"},{"goals":"4.0","odds":"1.250","header":"Under"},{"goals":"4.0, 4.5","odds":"4.150","header":"Over"},{"goals":"4.0, 4.5","odds":"1.220","header":"Under"},{"goals":"4.5","odds":"4.500","header":"Over"},{"goals":"4.5","odds":"1.190","header":"Under"},{"goals":"4.5, 5.0","odds":"5.750","header":"Over"},{"goals":"4.5, 5.0","odds":"1.140","header":"Under"}],"draw_no_bet":[{"opp":"St Gallen","odds":"1.62"},{"opp":"FC Sion","odds":"2.20"}],"result_both_teams_to_score":[{"name":"St Gallen","odds":"3.75","header":"Yes"},{"name":"St Gallen","odds":"4.50","header":"No"},{"name":"FC Sion","odds":"5.00","header":"Yes"},{"name":"FC Sion","odds":"6.50","header":"No"},{"name":"Draw","odds":"4.00","header":"Yes"},{"name":"Draw","odds":"15.00","header":"No"}],"handicap_result":[{"opp":"St Gallen (-1)","odds":"4.00"},{"opp":"Tie - (FC Sion +1)","odds":"4.00"},{"opp":"FC Sion (+1)","odds":"1.73"}],"alternative_handicap_result":[{"opp":"-3.0","odds":"15.00","header":"Home"},{"opp":"+3.0","odds":"10.00","header":"Tie"},{"opp":"+3.0","odds":"1.06","header":"Away"},{"opp":"-2.0","odds":"8.00","header":"Home"},{"opp":"+2.0","odds":"6.00","header":"Tie"},{"opp":"+2.0","odds":"1.20","header":"Away"},{"opp":"+1.0","odds":"1.36","header":"Home"},{"opp":"-1.0","odds":"5.00","header":"Tie"},{"opp":"-1.0","odds":"5.50","header":"Away"},{"opp":"+2.0","odds":"1.09","header":"Home"},{"opp":"-2.0","odds":"8.50","header":"Tie"},{"opp":"-2.0","odds":"12.00","header":"Away"}],"winning_margin":[{"goals":" 1","odds":"4.00","header":"Home"},{"goals":" 1","odds":"5.00","header":"Away"},{"goals":" 2","odds":"6.00","header":"Home"},{"goals":" 2","odds":"8.50","header":"Away"},{"goals":" 3","odds":"10.00","header":"Home"},{"goals":" 3","odds":"21.00","header":"Away"},{"goals":" 4+","odds":"15.00","header":"Home"},{"goals":" 4+","odds":"41.00","header":"Away"},{"goals":"Score Draw","odds":"4.00","header":"Home"},{"goals":"No Goal","odds":"15.00","header":"Home"}]}},"schedule":{"updated_at":"1532571206","sp":{"main":[{"odds":"2.15"},{"odds":"3.50"},{"odds":"3.20"}]}},"specials":{"updated_at":"1532570209","sp":{"specials":[{"name":"To Win From Behind","odds":"9.00","header":"Home"},{"name":"To Win From Behind","odds":"11.00","header":"Away"},{"name":"To Win to Nil","odds":"4.50","header":"Home"},{"name":"To Win to Nil","odds":"6.50","header":"Away"},{"name":"To Win Either Half","odds":"1.62","header":"Home"},{"name":"To Win Either Half","odds":"1.83","header":"Away"},{"name":"To Win Both Halves","odds":"7.00","header":"Home"},{"name":"To Win Both Halves","odds":"11.00","header":"Away"},{"name":"To Score in Both Halves","odds":"3.00","header":"Home"},{"name":"To Score in Both Halves","odds":"3.50","header":"Away"}],"to_score_in_half":[{"name":"1st Half","odds":"1.83","header":"Yes"},{"name":"1st Half","odds":"1.83","header":"No"},{"name":"2nd Half","odds":"1.53","header":"Yes"},{"name":"2nd Half","odds":"2.38","header":"No"},{"name":"1st Half","odds":"2.00","header":"Yes"},{"name":"1st Half","odds":"1.73","header":"No"},{"name":"2nd Half","odds":"1.67","header":"Yes"},{"name":"2nd Half","odds":"2.10","header":"No"}]}}}]}}