{"odd":{"success":1,"results":[{"FI":"75367815","event_id":"845008","asian_lines":{"updated_at":"1532570479","sp":{"asian_handicap":[{"opp":"-0.5, -1.0","odds":"1.800","header":"Home"},{"opp":"+0.5, +1.0","odds":"2.000","header":"Away"}],"goal_line":[{"goals":"2.5","odds":"2.025","header":"Over"},{"goals":"2.5","odds":"1.775","header":"Under"}],"alternative_asian_handicap":[{"opp":"-2.5","odds":"5.750","header":"Home"},{"opp":"+2.5","odds":"1.140","header":"Away"},{"opp":"-2.0, -2.5","odds":"5.250","header":"Home"},{"opp":"+2.0, +2.5","odds":"1.160","header":"Away"},{"opp":"-2.0","odds":"4.500","header":"Home"},{"opp":"+2.0","odds":"1.190","header":"Away"},{"opp":"-1.5, -2.0","odds":"3.450","header":"Home"},{"opp":"+1.5, +2.0","odds":"1.300","header":"Away"},{"opp":"-1.5","odds":"2.750","header":"Home"},{"opp":"+1.5","odds":"1.425","header":"Away"},{"opp":"-1.0, -1.5","odds":"2.375","header":"Home"},{"opp":"+1.0, +1.5","odds":"1.550","header":"Away"},{"opp":"-1.0","odds":"2.100","header":"Home"},{"opp":"+1.0","odds":"1.700","header":"Away"},{"opp":"-0.5","odds":"1.625","header":"Home"},{"opp":"+0.5","odds":"2.250","header":"Away"},{"opp":"0.0, -0.5","odds":"1.450","header":"Home"},{"opp":"0.0, +0.5","odds":"2.675","header":"Away"},{"opp":"0.0","odds":"1.300","header":"Home"},{"opp":"0.0","odds":"3.450","header":"Away"},{"opp":"0.0, +0.5","odds":"1.250","header":"Home"},{"opp":"0.0, -0.5","odds":"3.800","header":"Away"},{"opp":"+0.5","odds":"1.210","header":"Home"},{"opp":"-0.5","odds":"4.250","header":"Away"},{"opp":"+0.5, +1.0","odds":"1.130","header":"Home"},{"opp":"-0.5, -1.0","odds":"5.900","header":"Away"}],"alternative_goal_line":[{"goals":"1.0, 1.5","odds":"1.210","header":"Over"},{"goals":"1.0, 1.5","odds":"4.250","header":"Under"},{"goals":"1.5","odds":"1.350","header":"Over"},{"goals":"1.5","odds":"3.100","header":"Under"},{"goals":"1.5, 2.0","odds":"1.425","header":"Over"},{"goals":"1.5, 2.0","odds":"2.750","header":"Under"},{"goals":"2.0","odds":"1.525","header":"Over"},{"goals":"2.0","odds":"2.425","header":"Under"},{"goals":"2.0, 2.5","odds":"1.775","header":"Over"},{"goals":"2.0, 2.5","odds":"2.025","header":"Under"},{"goals":"2.5, 3.0","odds":"2.300","header":"Over"},{"goals":"2.5, 3.0","odds":"1.600","header":"Under"},{"goals":"3.0","odds":"2.850","header":"Over"},{"goals":"3.0","odds":"1.400","header":"Under"},{"goals":"3.0, 3.5","odds":"3.300","header":"Over"},{"goals":"3.0, 3.5","odds":"1.325","header":"Under"},{"goals":"3.5","odds":"3.550","header":"Over"},{"goals":"3.5","odds":"1.275","header":"Under"},{"goals":"3.5, 4.0","odds":"4.400","header":"Over"},{"goals":"3.5, 4.0","odds":"1.200","header":"Under"},{"goals":"4.0","odds":"6.250","header":"Over"},{"goals":"4.0","odds":"1.120","header":"Under"},{"goals":"4.0, 4.5","odds":"6.600","header":"Over"},{"goals":"4.0, 4.5","odds":"1.110","header":"Under"},{"goals":"4.5","odds":"7.000","header":"Over"},{"goals":"4.5","odds":"1.100","header":"Under"}],"1st_half_asian_handicap":[{"opp":"0.0, -0.5","odds":"1.825","header":"Home"},{"opp":"0.0, +0.5","odds":"1.975","header":"Away"}],"1st_half_goal_line":[{"goals":"1.0","odds":"2.000","header":"Over"},{"goals":"1.0","odds":"1.800","header":"Under"}],"alternative_1st_half_asian_handicap":[{"opp":"-1.5","odds":"6.250","header":"Home"},{"opp":"+1.5","odds":"1.120","header":"Away"},{"opp":"-1.0, -1.5","odds":"5.750","header":"Home"},{"opp":"+1.0, +1.5","odds":"1.140","header":"Away"},{"opp":"-1.0","odds":"4.650","header":"Home"},{"opp":"+1.0","odds":"1.180","header":"Away"},{"opp":"-0.5, -1.0","odds":"2.850","header":"Home"},{"opp":"+0.5, +1.0","odds":"1.400","header":"Away"},{"opp":"-0.5","odds":"2.300","header":"Home"},{"opp":"+0.5","odds":"1.600","header":"Away"},{"opp":"0.0","odds":"1.350","header":"Home"},{"opp":"0.0","odds":"3.100","header":"Away"},{"opp":"0.0, +0.5","odds":"1.230","header":"Home"},{"opp":"0.0, -0.5","odds":"4.000","header":"Away"},{"opp":"+0.5","odds":"1.170","header":"Home"},{"opp":"-0.5","odds":"5.000","header":"Away"}],"alternative_1st_half_goal_line":[{"goals":"0.5, 1.0","odds":"1.600","header":"Over"},{"goals":"0.5, 1.0","odds":"2.300","header":"Under"},{"goals":"1.0, 1.5","odds":"2.500","header":"Over"},{"goals":"1.0, 1.5","odds":"1.500","header":"Under"},{"goals":"1.5","odds":"3.000","header":"Over"},{"goals":"1.5","odds":"1.375","header":"Under"},{"goals":"1.5, 2.0","odds":"3.900","header":"Over"},{"goals":"1.5, 2.0","odds":"1.240","header":"Under"},{"goals":"2.0","odds":"6.600","header":"Over"},{"goals":"2.0","odds":"1.110","header":"Under"}]}},"corners":{"updated_at":"1532552497","sp":{"corners":[{"opp":"Over 10","odds":"2.00"},{"opp":"Exactly 10","odds":"7.50"},{"opp":"Under 10","odds":"2.25"}],"total_corners":[{"opp":"Under 6","odds":"15.00"},{"opp":"6 - 8","odds":"3.60"},{"opp":"9 - 11","odds":"2.50"},{"opp":"12 - 14","odds":"3.60"},{"opp":"Over 14","odds":"8.00"}],"alternative_corners":[{"goals":"4","odds":"1.02","header":"Over"},{"goals":"4","odds":"26.00","header":"Exactly"},{"goals":"4","odds":"41.00","header":"Under"},{"goals":"5","odds":"1.04","header":"Over"},{"goals":"5","odds":"17.00","header":"Exactly"},{"goals":"5","odds":"21.00","header":"Under"},{"goals":"6","odds":"1.07","header":"Over"},{"goals":"6","odds":"13.00","header":"Exactly"},{"goals":"6","odds":"13.00","header":"Under"},{"goals":"7","odds":"1.18","header":"Over"},{"goals":"7","odds":"9.50","header":"Exactly"},{"goals":"7","odds":"7.50","header":"Under"},{"goals":"8","odds":"1.36","header":"Over"},{"goals":"8","odds":"8.00","header":"Exactly"},{"goals":"8","odds":"4.50","header":"Under"},{"goals":"9","odds":"1.62","header":"Over"},{"goals":"9","odds":"7.50","header":"Exactly"},{"goals":"9","odds":"3.00","header":"Under"},{"goals":"11","odds":"2.62","header":"Over"},{"goals":"11","odds":"7.50","header":"Exactly"},{"goals":"11","odds":"1.73","header":"Under"},{"goals":"12","odds":"3.60","header":"Over"},{"goals":"12","odds":"8.50","header":"Exactly"},{"goals":"12","odds":"1.44","header":"Under"},{"goals":"13","odds":"5.00","header":"Over"},{"goals":"13","odds":"10.00","header":"Exactly"},{"goals":"13","odds":"1.25","header":"Under"},{"goals":"14","odds":"8.00","header":"Over"},{"goals":"14","odds":"13.00","header":"Exactly"},{"goals":"14","odds":"1.14","header":"Under"},{"goals":"15","odds":"12.00","header":"Over"},{"goals":"15","odds":"17.00","header":"Exactly"},{"goals":"15","odds":"1.07","header":"Under"},{"goals":"16","odds":"17.00","header":"Over"},{"goals":"16","odds":"21.00","header":"Exactly"},{"goals":"16","odds":"1.04","header":"Under"},{"goals":"17","odds":"23.00","header":"Over"},{"goals":"17","odds":"26.00","header":"Exactly"},{"goals":"17","odds":"1.02","header":"Under"},{"goals":"18","odds":"34.00","header":"Over"},{"goals":"18","odds":"34.00","header":"Exactly"},{"goals":"18","odds":"1.01","header":"Under"}],"corners_2_way":[{"opp":"Over 10.5","odds":"2.00"},{"opp":"Under 10.5","odds":"1.73"}],"first_half_corners":[{"opp":"5","odds":"2.50","header":"Over"},{"opp":"5","odds":"5.00","header":"Exactly"},{"opp":"5","odds":"2.10","header":"Under"}],"asian_total_corners":[{"goals":"10.0","odds":"1.800","header":"Over"},{"goals":"10.0","odds":"2.000","header":"Under"}],"1st_half_asian_corners":[{"goals":"5.0","odds":"2.050","header":"Over"},{"goals":"5.0","odds":"1.750","header":"Under"}]}},"goals":{"updated_at":"1532570585","sp":{"goals_over_under":[{"goals":"2.5","odds":"2.05","header":"Over"},{"goals":"2.5","odds":"1.75","header":"Under"}],"alternative_total_goals":[{"goals":"0.5","odds":"1.03","header":"Over "},{"goals":"0.5","odds":"10.00","header":"Under"},{"goals":"1.5","odds":"1.33","header":"Over "},{"goals":"1.5","odds":"3.25","header":"Under"},{"goals":"3.5","odds":"3.50","header":"Over "},{"goals":"3.5","odds":"1.29","header":"Under"},{"goals":"4.5","odds":"6.50","header":"Over "},{"goals":"4.5","odds":"1.10","header":"Under"},{"goals":"5.5","odds":"10.50","header":"Over "},{"goals":"5.5","odds":"1.02","header":"Under"}],"result_total_goals":[{"opp":"F91 Dudelange & Over 2.5","odds":"2.62"},{"opp":"F91 Dudelange & Under 2.5","odds":"3.40"},{"opp":"Draw & Over 2.5","odds":"21.00"},{"opp":"Draw & Under  2.5","odds":"5.00"},{"opp":"FC Drita & Over 2.5","odds":"9.00"},{"opp":"FC Drita & Under 2.5","odds":"8.50"}],"total_goals_both_teams_to_score":[{"opp":"Over 2.5 & Yes","odds":"2.62"},{"opp":"Over 2.5 & No","odds":"6.50"},{"opp":"Under 2.5 & Yes","odds":"8.50"},{"opp":"Under 2.5 & No","odds":"2.10"}],"exact_total_goals":[{"opp":"0 Goals","odds":"10.00"},{"opp":"1 Goal","odds":"4.33"},{"opp":"2 Goals","odds":"3.60"},{"opp":"3 Goals","odds":"4.00"},{"opp":"4 Goals","odds":"6.50"},{"opp":"5 Goals","odds":"12.00"},{"opp":"6 Goals","odds":"26.00"},{"opp":"7+ Goals","odds":"17.00"}],"number_of_goals_in_match":[{"opp":"Under 2 goals","odds":"3.25"},{"opp":"2 or 3 goals","odds":"2.00"},{"opp":"Over 3 goals","odds":"3.50"}],"both_teams_to_score":[{"opp":"Yes","odds":"2.10"},{"opp":"No","odds":"1.67"}],"teams_to_score":[{"opp":"Both Teams","odds":"2.10"},{"opp":"F91 Dudelange Only","odds":"2.38"},{"opp":"No Goal","odds":"10.00"},{"opp":"FC Drita Only","odds":"7.50"}],"both_teams_to_score_in_1st_half":[{"opp":"Yes","odds":"5.50"},{"opp":"No","odds":"1.12"}],"both_teams_to_score_in_2nd_half":[{"opp":"Yes","odds":"4.00"},{"opp":"No","odds":"1.22"}],"both_teams_to_score_1st_half_2nd_half":[{"opp":"Yes \/ Yes","odds":"23.00"},{"opp":"Yes \/ No","odds":"7.00"},{"opp":"No \/ Yes","odds":"4.33"},{"opp":"No \/ No","odds":"1.40"}],"first_half_goals":[{"goals":"0.5","odds":"1.40","header":"Over"},{"goals":"0.5","odds":"2.75","header":"Under"},{"goals":"1.5","odds":"3.00","header":"Over"},{"goals":"1.5","odds":"1.36","header":"Under"},{"goals":"2.5","odds":"8.00","header":"Over"},{"goals":"2.5","odds":"1.08","header":"Under"},{"goals":"3.5","odds":"23.00","header":"Over"},{"goals":"3.5","odds":"1.01","header":"Under"}],"exact_1st_half_goals":[{"opp":"0 Goals","odds":"2.75"},{"opp":"1 Goal","odds":"2.50"},{"opp":"2 Goals","odds":"4.33"},{"opp":"3 Goals","odds":"11.00"},{"opp":"4 Goals","odds":"34.00"},{"opp":"5+ Goals","odds":"67.00"}],"first_team_to_score":[{"opp":"F91 Dudelange","odds":"1.40"},{"opp":"No Goals","odds":"10.00"},{"opp":"FC Drita","odds":"3.40"}],"2nd_half_goals":[{"goals":"0.5","odds":"1.25","header":"Over"},{"goals":"0.5","odds":"3.75","header":"Under"},{"goals":"1.5","odds":"2.20","header":"Over"},{"goals":"1.5","odds":"1.62","header":"Under"},{"goals":"2.5","odds":"5.00","header":"Over"},{"goals":"2.5","odds":"1.17","header":"Under"},{"goals":"3.5","odds":"13.00","header":"Over"},{"goals":"3.5","odds":"1.04","header":"Under"}],"exact_2nd_half_goals":[{"opp":"0 Goals","odds":"3.75"},{"opp":"1 Goal","odds":"2.62"},{"opp":"2 Goals","odds":"3.60"},{"opp":"3 Goals","odds":"7.00"},{"opp":"4 Goals","odds":"19.00"},{"opp":"5+ Goals","odds":"29.00"}],"half_with_most_goals":[{"opp":"1st Half","odds":"3.10"},{"opp":"2nd Half","odds":"2.05"},{"opp":"Tie","odds":"3.40"}],"home_team_highest_scoring_half":[{"opp":"F91 Dudelange - 1st Half","odds":"3.25"},{"opp":"F91 Dudelange - 2nd Half","odds":"2.30"},{"opp":"F91 Dudelange - Tie","odds":"2.75"}],"away_team_highest_scoring_half":[{"opp":"FC Drita - 1st Half","odds":"4.33"},{"opp":"FC Drita - 2nd Half","odds":"3.20"},{"opp":"FC Drita - Tie","odds":"1.73"}],"home_team_exact_goals":[{"opp":"F91 Dudelange - 0 Goals","odds":"4.50"},{"opp":"F91 Dudelange - 1 Goal","odds":"3.00"},{"opp":"F91 Dudelange - 2 Goals","odds":"3.40"},{"opp":"F91 Dudelange - 3+ Goals","odds":"3.50"}],"away_team_exact_goals":[{"opp":"FC Drita - 0 Goals","odds":"2.00"},{"opp":"FC Drita - 1 Goal","odds":"2.60"},{"opp":"FC Drita - 2 Goals","odds":"6.00"},{"opp":"FC Drita - 3+ Goals","odds":"10.00"}],"goals_odd_even":[{"opp":"Even","odds":"1.90"},{"opp":"Odd","odds":"1.95"}],"home_team_odd_even_goals":[{"opp":"F91 Dudelange - Even","odds":"1.80"},{"opp":"F91 Dudelange - Odd","odds":"1.91"}],"away_team_odd_even_goals":[{"opp":"FC Drita - Even","odds":"1.53"},{"opp":"FC Drita - Odd","odds":"2.38"}],"1st_half_goals_odd_even":[{"opp":"Odd","odds":"2.10"},{"opp":"Even","odds":"1.73"}],"last_team_to_score":[{"opp":"F91 Dudelange","odds":"1.40"},{"opp":"No Goal","odds":"10.00"},{"opp":"FC Drita","odds":"3.40"}]}},"half":{"updated_at":"1532570595","sp":{"half_time_result":[{"opp":"1","odds":"2.20"},{"opp":"X","odds":"2.20"},{"opp":"2","odds":"5.50"}],"half_time_double_chance":[{"opp":"1X","odds":"1.14"},{"opp":"X2","odds":"1.62"},{"opp":"12","odds":"1.62"}],"half_time_result_both_teams_to_score":[{"opp":"F91 Dudelange & Yes","odds":"19.00"},{"opp":"F91 Dudelange & No","odds":"2.40"},{"opp":"Draw & Yes","odds":"9.50"},{"opp":"Draw & No","odds":"2.75"},{"opp":"FC Drita & Yes","odds":"41.00"},{"opp":"FC Drita & No","odds":"6.00"}],"half_time_result_total_goals":[{"opp":"F91 Dudelange & Over 1.5","odds":"5.00"},{"opp":"F91 Dudelange & Under 1.5","odds":"3.40"},{"opp":"Draw & Over 1.5","odds":"10.00"},{"opp":"Draw & Under 1.5","odds":"2.75"},{"opp":"FC Drita & Over 1.5","odds":"19.00"},{"opp":"FC Drita & Under 1.5","odds":"6.50"}],"half_time_correct_score":[{"opp":"1-0","odds":"3.40","header":"Home"},{"opp":"0-0","odds":"2.75","header":"X"},{"opp":"1-0","odds":"6.50","header":"Away"},{"opp":"2-0","odds":"8.00","header":"Home"},{"opp":"1-1","odds":"10.00","header":"X"},{"opp":"2-0","odds":"29.00","header":"Away"},{"opp":"2-1","odds":"23.00","header":"Home"},{"opp":"2-2","odds":"81.00","header":"X"},{"opp":"2-1","odds":"41.00","header":"Away"},{"opp":"3-0","odds":"26.00","header":"Home"},{"opp":"3-0","odds":"101.00","header":"Away"},{"opp":"3-1","odds":"51.00","header":"Home"},{"opp":"3-1","odds":"151.00","header":"Away"},{"opp":"4-0","odds":"67.00","header":"Home"}],"both_teams_to_score_in_1st_half":[{"opp":"Yes","odds":"5.50"},{"opp":"No","odds":"1.12"}],"both_teams_to_score_in_2nd_half":[{"opp":"Yes","odds":"4.00"},{"opp":"No","odds":"1.22"}],"both_teams_to_score_1st_half_2nd_half":[{"opp":"Yes \/ Yes","odds":"23.00"},{"opp":"Yes \/ No","odds":"7.00"},{"opp":"No \/ Yes","odds":"4.33"},{"opp":"No \/ No","odds":"1.40"}],"1st_half_asian_handicap":[{"opp":"0.0, -0.5","odds":"1.825","header":"Home"},{"opp":"0.0, +0.5","odds":"1.975","header":"Away"}],"1st_half_goal_line":[{"goals":"1.0","odds":"2.000","header":"Over"},{"goals":"1.0","odds":"1.800","header":"Under"}],"alternative_1st_half_asian_handicap":[{"opp":"-1.5","odds":"6.250","header":"Home"},{"opp":"+1.5","odds":"1.120","header":"Away"},{"opp":"-1.0, -1.5","odds":"5.750","header":"Home"},{"opp":"+1.0, +1.5","odds":"1.140","header":"Away"},{"opp":"-1.0","odds":"4.650","header":"Home"},{"opp":"+1.0","odds":"1.180","header":"Away"},{"opp":"-0.5, -1.0","odds":"2.850","header":"Home"},{"opp":"+0.5, +1.0","odds":"1.400","header":"Away"},{"opp":"-0.5","odds":"2.300","header":"Home"},{"opp":"+0.5","odds":"1.600","header":"Away"},{"opp":"0.0","odds":"1.350","header":"Home"},{"opp":"0.0","odds":"3.100","header":"Away"},{"opp":"0.0, +0.5","odds":"1.230","header":"Home"},{"opp":"0.0, -0.5","odds":"4.000","header":"Away"},{"opp":"+0.5","odds":"1.170","header":"Home"},{"opp":"-0.5","odds":"5.000","header":"Away"}],"alternative_1st_half_goal_line":[{"goals":"0.5, 1.0","odds":"1.600","header":"Over"},{"goals":"0.5, 1.0","odds":"2.300","header":"Under"},{"goals":"1.0, 1.5","odds":"2.500","header":"Over"},{"goals":"1.0, 1.5","odds":"1.500","header":"Under"},{"goals":"1.5","odds":"3.000","header":"Over"},{"goals":"1.5","odds":"1.375","header":"Under"},{"goals":"1.5, 2.0","odds":"3.900","header":"Over"},{"goals":"1.5, 2.0","odds":"1.240","header":"Under"},{"goals":"2.0","odds":"6.600","header":"Over"},{"goals":"2.0","odds":"1.110","header":"Under"}],"1st_half_handicap":[{"opp":"F91 Dudelange  -1.0","odds":"6.00"},{"opp":"Tie - FC Drita +1.0","odds":"3.10"},{"opp":"FC Drita  +1.0","odds":"1.62"}],"alternative_1st_half_handicap_result":[{"opp":"-2.0","odds":"17.00","header":"Home"},{"opp":"+2.0","odds":"7.00","header":"Tie"},{"opp":"+2.0","odds":"1.10","header":"Away"},{"opp":"+1.0","odds":"1.14","header":"Home"},{"opp":"-1.0","odds":"6.00","header":"Tie"},{"opp":"-1.0","odds":"21.00","header":"Away"}],"first_half_goals":[{"goals":"0.5","odds":"1.40","header":"Over"},{"goals":"0.5","odds":"2.75","header":"Under"},{"goals":"1.5","odds":"3.00","header":"Over"},{"goals":"1.5","odds":"1.36","header":"Under"},{"goals":"2.5","odds":"8.00","header":"Over"},{"goals":"2.5","odds":"1.08","header":"Under"},{"goals":"3.5","odds":"23.00","header":"Over"},{"goals":"3.5","odds":"1.01","header":"Under"}],"exact_1st_half_goals":[{"opp":"0 Goals","odds":"2.75"},{"opp":"1 Goal","odds":"2.50"},{"opp":"2 Goals","odds":"4.33"},{"opp":"3 Goals","odds":"11.00"},{"opp":"4 Goals","odds":"34.00"},{"opp":"5+ Goals","odds":"67.00"}],"1st_half_goals_odd_even":[{"opp":"Odd","odds":"2.10"},{"opp":"Even","odds":"1.73"}],"to_score_in_half":[{"name":"1st Half","odds":"1.80","header":"Yes"},{"name":"1st Half","odds":"1.91","header":"No"},{"name":"2nd Half","odds":"1.53","header":"Yes"},{"name":"2nd Half","odds":"2.38","header":"No"},{"name":"1st Half","odds":"3.25","header":"Yes"},{"name":"1st Half","odds":"1.33","header":"No"},{"name":"2nd Half","odds":"2.62","header":"Yes"},{"name":"2nd Half","odds":"1.44","header":"No"}],"half_with_most_goals":[{"opp":"1st Half","odds":"3.10"},{"opp":"2nd Half","odds":"2.05"},{"opp":"Tie","odds":"3.40"}],"home_team_highest_scoring_half":[{"opp":"F91 Dudelange - 1st Half","odds":"3.25"},{"opp":"F91 Dudelange - 2nd Half","odds":"2.30"},{"opp":"F91 Dudelange - Tie","odds":"2.75"}],"away_team_highest_scoring_half":[{"opp":"FC Drita - 1st Half","odds":"4.33"},{"opp":"FC Drita - 2nd Half","odds":"3.20"},{"opp":"FC Drita - Tie","odds":"1.73"}],"2nd_half_result":[{"opp":"1","odds":"1.91"},{"opp":"X","odds":"2.60"},{"opp":"2","odds":"5.00"}],"2nd_half_goals":[{"goals":"0.5","odds":"1.25","header":"Over"},{"goals":"0.5","odds":"3.75","header":"Under"},{"goals":"1.5","odds":"2.20","header":"Over"},{"goals":"1.5","odds":"1.62","header":"Under"},{"goals":"2.5","odds":"5.00","header":"Over"},{"goals":"2.5","odds":"1.17","header":"Under"},{"goals":"3.5","odds":"13.00","header":"Over"},{"goals":"3.5","odds":"1.04","header":"Under"}],"exact_2nd_half_goals":[{"opp":"0 Goals","odds":"3.75"},{"opp":"1 Goal","odds":"2.62"},{"opp":"2 Goals","odds":"3.60"},{"opp":"3 Goals","odds":"7.00"},{"opp":"4 Goals","odds":"19.00"},{"opp":"5+ Goals","odds":"29.00"}],"2nd_half_goals_odd_even":[{"opp":"Even","odds":"1.80"},{"opp":"Odd","odds":"1.91"}]}},"main":{"updated_at":"1532570471","sp":{"full_time_result":[{"opp":"1","odds":"1.50"},{"opp":"X","odds":"4.20"},{"opp":"2","odds":"5.25"}],"double_chance":[{"opp":"1X","odds":"1.14"},{"opp":"X2","odds":"2.50"},{"opp":"12","odds":"1.22"}],"correct_score":[{"opp":"1-0","odds":"6.00","header":"Home"},{"opp":"0-0","odds":"10.00","header":"X"},{"opp":"1-0","odds":"11.00","header":"Away"},{"opp":"2-0","odds":"6.50","header":"Home"},{"opp":"1-1","odds":"8.50","header":"X"},{"opp":"2-0","odds":"23.00","header":"Away"},{"opp":"2-1","odds":"9.00","header":"Home"},{"opp":"2-2","odds":"21.00","header":"X"},{"opp":"2-1","odds":"17.00","header":"Away"},{"opp":"3-0","odds":"11.00","header":"Home"},{"opp":"3-3","odds":"81.00","header":"X"},{"opp":"3-0","odds":"51.00","header":"Away"},{"opp":"3-1","odds":"15.00","header":"Home"},{"opp":"3-1","odds":"41.00","header":"Away"},{"opp":"3-2","odds":"34.00","header":"Home"},{"opp":"3-2","odds":"51.00","header":"Away"},{"opp":"4-0","odds":"21.00","header":"Home"},{"opp":"4-0","odds":"151.00","header":"Away"},{"opp":"4-1","odds":"29.00","header":"Home"},{"opp":"4-1","odds":"126.00","header":"Away"},{"opp":"4-2","odds":"51.00","header":"Home"},{"opp":"4-2","odds":"151.00","header":"Away"},{"opp":"4-3","odds":"151.00","header":"Home"},{"opp":"5-0","odds":"41.00","header":"Home"},{"opp":"5-1","odds":"51.00","header":"Home"},{"opp":"5-2","odds":"101.00","header":"Home"},{"opp":"6-1","odds":"126.00","header":"Home"},{"opp":"6-0","odds":"101.00","header":"Home"}],"half_time_full_time":[{"opp":"F91 Dudelange - F91 Dudelange","odds":"2.50"},{"opp":"F91 Dudelange - Draw","odds":"17.00"},{"opp":"F91 Dudelange - FC Drita","odds":"41.00"},{"opp":"Draw - F91 Dudelange","odds":"4.33"},{"opp":"Draw - Draw","odds":"5.50"},{"opp":"Draw - FC Drita","odds":"11.00"},{"opp":"FC Drita - F91 Dudelange","odds":"23.00"},{"opp":"FC Drita - Draw","odds":"17.00"},{"opp":"FC Drita - FC Drita","odds":"9.00"}],"goals_over_under":[{"goals":"2.5","odds":"2.05","header":"Over"},{"goals":"2.5","odds":"1.75","header":"Under"}],"both_teams_to_score":[{"opp":"Yes","odds":"2.10"},{"opp":"No","odds":"1.67"}],"asian_handicap":[{"opp":"-0.5, -1.0","odds":"1.800","header":"Home"},{"opp":"+0.5, +1.0","odds":"2.000","header":"Away"}],"goal_line":[{"goals":"2.5","odds":"2.025","header":"Over"},{"goals":"2.5","odds":"1.775","header":"Under"}],"alternative_asian_handicap":[{"opp":"-2.5","odds":"5.750","header":"Home"},{"opp":"+2.5","odds":"1.140","header":"Away"},{"opp":"-2.0, -2.5","odds":"5.250","header":"Home"},{"opp":"+2.0, +2.5","odds":"1.160","header":"Away"},{"opp":"-2.0","odds":"4.500","header":"Home"},{"opp":"+2.0","odds":"1.190","header":"Away"},{"opp":"-1.5, -2.0","odds":"3.450","header":"Home"},{"opp":"+1.5, +2.0","odds":"1.300","header":"Away"},{"opp":"-1.5","odds":"2.750","header":"Home"},{"opp":"+1.5","odds":"1.425","header":"Away"},{"opp":"-1.0, -1.5","odds":"2.375","header":"Home"},{"opp":"+1.0, +1.5","odds":"1.550","header":"Away"},{"opp":"-1.0","odds":"2.100","header":"Home"},{"opp":"+1.0","odds":"1.700","header":"Away"},{"opp":"-0.5","odds":"1.625","header":"Home"},{"opp":"+0.5","odds":"2.250","header":"Away"},{"opp":"0.0, -0.5","odds":"1.450","header":"Home"},{"opp":"0.0, +0.5","odds":"2.675","header":"Away"},{"opp":"0.0","odds":"1.300","header":"Home"},{"opp":"0.0","odds":"3.450","header":"Away"},{"opp":"0.0, +0.5","odds":"1.250","header":"Home"},{"opp":"0.0, -0.5","odds":"3.800","header":"Away"},{"opp":"+0.5","odds":"1.210","header":"Home"},{"opp":"-0.5","odds":"4.250","header":"Away"},{"opp":"+0.5, +1.0","odds":"1.130","header":"Home"},{"opp":"-0.5, -1.0","odds":"5.900","header":"Away"}],"alternative_goal_line":[{"goals":"1.0, 1.5","odds":"1.210","header":"Over"},{"goals":"1.0, 1.5","odds":"4.250","header":"Under"},{"goals":"1.5","odds":"1.350","header":"Over"},{"goals":"1.5","odds":"3.100","header":"Under"},{"goals":"1.5, 2.0","odds":"1.425","header":"Over"},{"goals":"1.5, 2.0","odds":"2.750","header":"Under"},{"goals":"2.0","odds":"1.525","header":"Over"},{"goals":"2.0","odds":"2.425","header":"Under"},{"goals":"2.0, 2.5","odds":"1.775","header":"Over"},{"goals":"2.0, 2.5","odds":"2.025","header":"Under"},{"goals":"2.5, 3.0","odds":"2.300","header":"Over"},{"goals":"2.5, 3.0","odds":"1.600","header":"Under"},{"goals":"3.0","odds":"2.850","header":"Over"},{"goals":"3.0","odds":"1.400","header":"Under"},{"goals":"3.0, 3.5","odds":"3.300","header":"Over"},{"goals":"3.0, 3.5","odds":"1.325","header":"Under"},{"goals":"3.5","odds":"3.550","header":"Over"},{"goals":"3.5","odds":"1.275","header":"Under"},{"goals":"3.5, 4.0","odds":"4.400","header":"Over"},{"goals":"3.5, 4.0","odds":"1.200","header":"Under"},{"goals":"4.0","odds":"6.250","header":"Over"},{"goals":"4.0","odds":"1.120","header":"Under"},{"goals":"4.0, 4.5","odds":"6.600","header":"Over"},{"goals":"4.0, 4.5","odds":"1.110","header":"Under"},{"goals":"4.5","odds":"7.000","header":"Over"},{"goals":"4.5","odds":"1.100","header":"Under"}],"draw_no_bet":[{"opp":"F91 Dudelange","odds":"1.25"},{"opp":"FC Drita","odds":"3.75"}],"result_both_teams_to_score":[{"name":"F91 Dudelange","odds":"3.75","header":"Yes"},{"name":"F91 Dudelange","odds":"2.40","header":"No"},{"name":"FC Drita","odds":"10.00","header":"Yes"},{"name":"FC Drita","odds":"7.50","header":"No"},{"name":"Draw","odds":"6.50","header":"Yes"},{"name":"Draw","odds":"10.00","header":"No"}],"handicap_result":[{"opp":"F91 Dudelange (-1)","odds":"2.60"},{"opp":"Tie - (FC Drita +1)","odds":"3.50"},{"opp":"FC Drita (+1)","odds":"2.50"}],"alternative_handicap_result":[{"opp":"-3.0","odds":"11.00","header":"Home"},{"opp":"+3.0","odds":"7.50","header":"Tie"},{"opp":"+3.0","odds":"1.12","header":"Away"},{"opp":"-2.0","odds":"5.00","header":"Home"},{"opp":"+2.0","odds":"4.50","header":"Tie"},{"opp":"+2.0","odds":"1.44","header":"Away"},{"opp":"+1.0","odds":"1.14","header":"Home"},{"opp":"-1.0","odds":"6.50","header":"Tie"},{"opp":"-1.0","odds":"11.00","header":"Away"},{"opp":"+2.0","odds":"1.04","header":"Home"},{"opp":"-2.0","odds":"13.00","header":"Tie"},{"opp":"-2.0","odds":"21.00","header":"Away"}],"winning_margin":[{"goals":" 1","odds":"3.50","header":"Home"},{"goals":" 1","odds":"6.50","header":"Away"},{"goals":" 2","odds":"4.50","header":"Home"},{"goals":" 2","odds":"13.00","header":"Away"},{"goals":" 3","odds":"7.50","header":"Home"},{"goals":" 3","odds":"51.00","header":"Away"},{"goals":" 4+","odds":"11.00","header":"Home"},{"goals":" 4+","odds":"126.00","header":"Away"},{"goals":"Score Draw","odds":"6.50","header":"Home"},{"goals":"No Goal","odds":"10.00","header":"Home"}]}},"schedule":{"updated_at":"1532570513","sp":{"main":[{"odds":"2.025"},{"odds":"1.775"}]}},"specials":{"updated_at":"1532570613","sp":{"specials":[{"name":"To Win From Behind","odds":"8.00","header":"Home"},{"name":"To Win From Behind","odds":"17.00","header":"Away"},{"name":"To Win to Nil","odds":"2.40","header":"Home"},{"name":"To Win to Nil","odds":"7.50","header":"Away"},{"name":"To Win Either Half","odds":"1.33","header":"Home"},{"name":"To Win Either Half","odds":"3.00","header":"Away"},{"name":"To Win Both Halves","odds":"4.33","header":"Home"},{"name":"To Win Both Halves","odds":"29.00","header":"Away"},{"name":"To Score in Both Halves","odds":"2.75","header":"Home"},{"name":"To Score in Both Halves","odds":"8.00","header":"Away"}],"to_score_in_half":[{"name":"1st Half","odds":"1.80","header":"Yes"},{"name":"1st Half","odds":"1.91","header":"No"},{"name":"2nd Half","odds":"1.53","header":"Yes"},{"name":"2nd Half","odds":"2.38","header":"No"},{"name":"1st Half","odds":"3.25","header":"Yes"},{"name":"1st Half","odds":"1.33","header":"No"},{"name":"2nd Half","odds":"2.62","header":"Yes"},{"name":"2nd Half","odds":"1.44","header":"No"}]}}}]}}