{"odd":{"success":1,"results":[{"FI":"75226828","event_id":"797767","asian_lines":{"updated_at":"1532569579","sp":{"asian_handicap":[{"opp":"0.0","odds":"2.025","header":"Home"},{"opp":"0.0","odds":"1.775","header":"Away"}],"goal_line":[{"goals":"3.0","odds":"1.925","header":"Over"},{"goals":"3.0","odds":"1.875","header":"Under"}],"alternative_asian_handicap":[{"opp":"-1.5, -2.0","odds":"6.600","header":"Home"},{"opp":"+1.5, +2.0","odds":"1.110","header":"Away"},{"opp":"-1.5","odds":"5.000","header":"Home"},{"opp":"+1.5","odds":"1.170","header":"Away"},{"opp":"-1.0, -1.5","odds":"4.500","header":"Home"},{"opp":"+1.0, +1.5","odds":"1.190","header":"Away"},{"opp":"-1.0","odds":"4.250","header":"Home"},{"opp":"+1.0","odds":"1.210","header":"Away"},{"opp":"-0.5, -1.0","odds":"3.300","header":"Home"},{"opp":"+0.5, +1.0","odds":"1.325","header":"Away"},{"opp":"-0.5","odds":"2.675","header":"Home"},{"opp":"+0.5","odds":"1.450","header":"Away"},{"opp":"0.0, -0.5","odds":"2.350","header":"Home"},{"opp":"0.0, +0.5","odds":"1.575","header":"Away"},{"opp":"0.0, +0.5","odds":"1.725","header":"Home"},{"opp":"0.0, -0.5","odds":"2.075","header":"Away"},{"opp":"+0.5","odds":"1.575","header":"Home"},{"opp":"-0.5","odds":"2.350","header":"Away"},{"opp":"+0.5, +1.0","odds":"1.425","header":"Home"},{"opp":"-0.5, -1.0","odds":"2.750","header":"Away"},{"opp":"+1.0","odds":"1.275","header":"Home"},{"opp":"-1.0","odds":"3.550","header":"Away"},{"opp":"+1.0, +1.5","odds":"1.240","header":"Home"},{"opp":"-1.0, -1.5","odds":"3.900","header":"Away"},{"opp":"+1.5","odds":"1.210","header":"Home"},{"opp":"-1.5","odds":"4.250","header":"Away"},{"opp":"+1.5, +2.0","odds":"1.140","header":"Home"},{"opp":"-1.5, -2.0","odds":"5.750","header":"Away"}],"alternative_goal_line":[{"goals":"1.0, 1.5","odds":"1.105","header":"Over"},{"goals":"1.0, 1.5","odds":"6.800","header":"Under"},{"goals":"1.5","odds":"1.175","header":"Over"},{"goals":"1.5","odds":"4.800","header":"Under"},{"goals":"1.5, 2.0","odds":"1.210","header":"Over"},{"goals":"1.5, 2.0","odds":"4.250","header":"Under"},{"goals":"2.0","odds":"1.250","header":"Over"},{"goals":"2.0","odds":"3.800","header":"Under"},{"goals":"2.0, 2.5","odds":"1.425","header":"Over"},{"goals":"2.0, 2.5","odds":"2.750","header":"Under"},{"goals":"2.5","odds":"1.575","header":"Over"},{"goals":"2.5","odds":"2.350","header":"Under"},{"goals":"2.5, 3.0","odds":"1.700","header":"Over"},{"goals":"2.5, 3.0","odds":"2.100","header":"Under"},{"goals":"3.0, 3.5","odds":"2.150","header":"Over"},{"goals":"3.0, 3.5","odds":"1.675","header":"Under"},{"goals":"3.5","odds":"2.375","header":"Over"},{"goals":"3.5","odds":"1.550","header":"Under"},{"goals":"3.5, 4.0","odds":"2.750","header":"Over"},{"goals":"3.5, 4.0","odds":"1.425","header":"Under"},{"goals":"4.0","odds":"3.450","header":"Over"},{"goals":"4.0","odds":"1.300","header":"Under"},{"goals":"4.0, 4.5","odds":"3.800","header":"Over"},{"goals":"4.0, 4.5","odds":"1.250","header":"Under"},{"goals":"4.5","odds":"4.150","header":"Over"},{"goals":"4.5","odds":"1.220","header":"Under"},{"goals":"4.5, 5.0","odds":"5.250","header":"Over"},{"goals":"4.5, 5.0","odds":"1.160","header":"Under"},{"goals":"5.0","odds":"7.000","header":"Over"},{"goals":"5.0","odds":"1.100","header":"Under"}],"1st_half_asian_handicap":[{"opp":"0.0","odds":"1.975","header":"Home"},{"opp":"0.0","odds":"1.825","header":"Away"}],"1st_half_goal_line":[{"goals":"1.0, 1.5","odds":"2.000","header":"Over"},{"goals":"1.0, 1.5","odds":"1.800","header":"Under"}],"alternative_1st_half_asian_handicap":[{"opp":"-0.5, -1.0","odds":"4.150","header":"Home"},{"opp":"+0.5, +1.0","odds":"1.220","header":"Away"},{"opp":"-0.5","odds":"3.100","header":"Home"},{"opp":"+0.5","odds":"1.350","header":"Away"},{"opp":"0.0, -0.5","odds":"2.500","header":"Home"},{"opp":"0.0, +0.5","odds":"1.500","header":"Away"},{"opp":"0.0, +0.5","odds":"1.550","header":"Home"},{"opp":"0.0, -0.5","odds":"2.375","header":"Away"},{"opp":"+0.5","odds":"1.400","header":"Home"},{"opp":"-0.5","odds":"2.850","header":"Away"},{"opp":"+0.5, +1.0","odds":"1.250","header":"Home"},{"opp":"-0.5, -1.0","odds":"3.800","header":"Away"},{"opp":"+1.0","odds":"1.105","header":"Home"},{"opp":"-1.0","odds":"6.800","header":"Away"}],"alternative_1st_half_goal_line":[{"goals":"0.5, 1.0","odds":"1.400","header":"Over"},{"goals":"0.5, 1.0","odds":"2.850","header":"Under"},{"goals":"1.0","odds":"1.600","header":"Over"},{"goals":"1.0","odds":"2.300","header":"Under"},{"goals":"1.5","odds":"2.350","header":"Over"},{"goals":"1.5","odds":"1.575","header":"Under"},{"goals":"1.5, 2.0","odds":"3.000","header":"Over"},{"goals":"1.5, 2.0","odds":"1.375","header":"Under"},{"goals":"2.0","odds":"4.250","header":"Over"},{"goals":"2.0","odds":"1.210","header":"Under"},{"goals":"2.0, 2.5","odds":"4.800","header":"Over"},{"goals":"2.0, 2.5","odds":"1.175","header":"Under"},{"goals":"2.5","odds":"5.500","header":"Over"},{"goals":"2.5","odds":"1.150","header":"Under"}]}},"goals":{"updated_at":"1532569595","sp":{"goals_over_under":[{"goals":"2.5","odds":"1.57","header":"Over"},{"goals":"2.5","odds":"2.35","header":"Under"}],"alternative_total_goals":[{"goals":"0.5","odds":"1.01","header":"Over "},{"goals":"0.5","odds":"15.00","header":"Under"},{"goals":"1.5","odds":"1.17","header":"Over "},{"goals":"1.5","odds":"4.50","header":"Under"},{"goals":"3.5","odds":"2.38","header":"Over "},{"goals":"3.5","odds":"1.53","header":"Under"},{"goals":"4.5","odds":"4.33","header":"Over "},{"goals":"4.5","odds":"1.20","header":"Under"},{"goals":"5.5","odds":"7.50","header":"Over "},{"goals":"5.5","odds":"1.07","header":"Under"},{"goals":"6.5","odds":"10.50","header":"Over "},{"goals":"6.5","odds":"1.02","header":"Under"}],"result_total_goals":[{"opp":"Winterthur & Over 2.5","odds":"3.75"},{"opp":"Winterthur & Under 2.5","odds":"7.50"},{"opp":"Draw & Over 2.5","odds":"9.00"},{"opp":"Draw & Under  2.5","odds":"5.00"},{"opp":"Aarau & Over 2.5","odds":"3.40"},{"opp":"Aarau & Under 2.5","odds":"7.00"}],"total_goals_both_teams_to_score":[{"opp":"Over 2.5 & Yes","odds":"1.83"},{"opp":"Over 2.5 & No","odds":"9.00"},{"opp":"Under 2.5 & Yes","odds":"7.00"},{"opp":"Under 2.5 & No","odds":"3.00"}],"exact_total_goals":[{"opp":"0 Goals","odds":"15.00"},{"opp":"1 Goal","odds":"6.50"},{"opp":"2 Goals","odds":"4.00"},{"opp":"3 Goals","odds":"4.33"},{"opp":"4 Goals","odds":"5.00"},{"opp":"5 Goals","odds":"8.00"},{"opp":"6 Goals","odds":"15.00"},{"opp":"7+ Goals","odds":"10.50"}],"number_of_goals_in_match":[{"opp":"Under 2 goals","odds":"4.50"},{"opp":"2 or 3 goals","odds":"2.10"},{"opp":"Over 3 goals","odds":"2.38"}],"both_teams_to_score":[{"opp":"Yes","odds":"1.53"},{"opp":"No","odds":"2.38"}],"teams_to_score":[{"opp":"Both Teams","odds":"1.53"},{"opp":"Winterthur Only","odds":"5.50"},{"opp":"No Goal","odds":"15.00"},{"opp":"Aarau Only","odds":"4.75"}],"both_teams_to_score_in_1st_half":[{"opp":"Yes","odds":"3.75"},{"opp":"No","odds":"1.25"}],"both_teams_to_score_in_2nd_half":[{"opp":"Yes","odds":"2.62"},{"opp":"No","odds":"1.44"}],"both_teams_to_score_1st_half_2nd_half":[{"opp":"Yes \/ Yes","odds":"11.00"},{"opp":"Yes \/ No","odds":"5.50"},{"opp":"No \/ Yes","odds":"3.40"},{"opp":"No \/ No","odds":"1.80"}],"first_half_goals":[{"goals":"0.5","odds":"1.30","header":"Over"},{"goals":"0.5","odds":"3.40","header":"Under"},{"goals":"1.5","odds":"2.38","header":"Over"},{"goals":"1.5","odds":"1.53","header":"Under"},{"goals":"2.5","odds":"5.50","header":"Over"},{"goals":"2.5","odds":"1.14","header":"Under"},{"goals":"3.5","odds":"15.00","header":"Over"},{"goals":"3.5","odds":"1.03","header":"Under"}],"exact_1st_half_goals":[{"opp":"0 Goals","odds":"3.40"},{"opp":"1 Goal","odds":"2.62"},{"opp":"2 Goals","odds":"3.75"},{"opp":"3 Goals","odds":"8.00"},{"opp":"4 Goals","odds":"21.00"},{"opp":"5+ Goals","odds":"41.00"}],"total_goal_minutes":[{"opp":"Over 160 minutes","odds":"2.10"},{"opp":"140 To 160 minutes inc.","odds":"8.50"},{"opp":"Under 140 minutes","odds":"1.91"}],"first_team_to_score":[{"opp":"Winterthur","odds":"2.05"},{"opp":"No Goals","odds":"15.00"},{"opp":"Aarau","odds":"1.80"}],"early_goal":[{"opp":"Goal before 25:00","odds":"1.83"},{"opp":"No Goal before 25:00","odds":"1.83"}],"late_goal":[{"opp":"Goal after 75:59","odds":"1.83"},{"opp":"No Goal after 75:59","odds":"1.83"}],"time_of_first_goal_brackets":[{"opp":"1-10","odds":"3.75"},{"opp":"11-20","odds":"4.50"},{"opp":"21-30","odds":"5.50"},{"opp":"31-40","odds":"7.00"},{"opp":"41-50","odds":"8.50"},{"opp":"51-60","odds":"13.00"},{"opp":"61-70","odds":"19.00"},{"opp":"71-80","odds":"23.00"},{"opp":"81 - Full Time","odds":"23.00"},{"opp":"No Goal","odds":"15.00"}],"2nd_half_goals":[{"goals":"0.5","odds":"1.17","header":"Over"},{"goals":"0.5","odds":"5.00","header":"Under"},{"goals":"1.5","odds":"1.73","header":"Over"},{"goals":"1.5","odds":"2.00","header":"Under"},{"goals":"2.5","odds":"3.40","header":"Over"},{"goals":"2.5","odds":"1.30","header":"Under"},{"goals":"3.5","odds":"8.00","header":"Over"},{"goals":"3.5","odds":"1.08","header":"Under"},{"goals":"4.5","odds":"19.00","header":"Over"},{"goals":"4.5","odds":"1.02","header":"Under"}],"exact_2nd_half_goals":[{"opp":"0 Goals","odds":"5.00"},{"opp":"1 Goal","odds":"3.10"},{"opp":"2 Goals","odds":"3.40"},{"opp":"3 Goals","odds":"5.50"},{"opp":"4 Goals","odds":"12.00"},{"opp":"5+ Goals","odds":"19.00"}],"half_with_most_goals":[{"opp":"1st Half","odds":"3.10"},{"opp":"2nd Half","odds":"1.95"},{"opp":"Tie","odds":"4.00"}],"home_team_highest_scoring_half":[{"opp":"Winterthur - 1st Half","odds":"3.40"},{"opp":"Winterthur - 2nd Half","odds":"2.38"},{"opp":"Winterthur - Tie","odds":"2.50"}],"away_team_highest_scoring_half":[{"opp":"Aarau - 1st Half","odds":"3.40"},{"opp":"Aarau - 2nd Half","odds":"2.30"},{"opp":"Aarau - Tie","odds":"2.60"}],"home_team_exact_goals":[{"opp":"Winterthur - 0 Goals","odds":"3.75"},{"opp":"Winterthur - 1 Goal","odds":"2.75"},{"opp":"Winterthur - 2 Goals","odds":"3.60"},{"opp":"Winterthur - 3+ Goals","odds":"4.33"}],"away_team_exact_goals":[{"opp":"Aarau - 0 Goals","odds":"4.33"},{"opp":"Aarau - 1 Goal","odds":"2.75"},{"opp":"Aarau - 2 Goals","odds":"3.50"},{"opp":"Aarau - 3+ Goals","odds":"4.00"}],"time_of_1st_team_goal":[{"opp":"Winterthur - Goal before 49:00","odds":"1.83"},{"opp":"Winterthur - No Goal before 49:00","odds":"1.83"},{"opp":"Aarau - Goal before 46:00","odds":"1.83"},{"opp":"Aarau - No Goal before 46:00","odds":"1.83"}],"goals_odd_even":[{"opp":"Even","odds":"1.90"},{"opp":"Odd","odds":"1.95"}],"home_team_odd_even_goals":[{"opp":"Winterthur - Even","odds":"1.80"},{"opp":"Winterthur - Odd","odds":"1.91"}],"away_team_odd_even_goals":[{"opp":"Aarau - Even","odds":"1.80"},{"opp":"Aarau - Odd","odds":"1.91"}],"1st_half_goals_odd_even":[{"opp":"Odd","odds":"2.00"},{"opp":"Even","odds":"1.80"}],"last_team_to_score":[{"opp":"Winterthur","odds":"2.05"},{"opp":"No Goal","odds":"15.00"},{"opp":"Aarau","odds":"1.80"}],"first_10_minutes_(00:00_09:59)":[{"name":"Goals","handicap":"0.5","odds":"4.00","header":"Over"},{"name":"Goals","handicap":"0.5","odds":"1.22","header":"Under"}]}},"half":{"updated_at":"1532569616","sp":{"half_time_result":[{"opp":"1","odds":"3.10"},{"opp":"X","odds":"2.30"},{"opp":"2","odds":"2.88"}],"half_time_double_chance":[{"opp":"1X","odds":"1.40"},{"opp":"X2","odds":"1.36"},{"opp":"12","odds":"1.57"}],"half_time_result_both_teams_to_score":[{"opp":"Winterthur & Yes","odds":"17.00"},{"opp":"Winterthur & No","odds":"3.75"},{"opp":"Draw & Yes","odds":"7.00"},{"opp":"Draw & No","odds":"3.25"},{"opp":"Aarau & Yes","odds":"15.00"},{"opp":"Aarau & No","odds":"3.40"}],"half_time_result_total_goals":[{"opp":"Winterthur & Over 1.5","odds":"7.00"},{"opp":"Winterthur & Under 1.5","odds":"5.00"},{"opp":"Draw & Over 1.5","odds":"7.00"},{"opp":"Draw & Under 1.5","odds":"3.40"},{"opp":"Aarau & Over 1.5","odds":"6.50"},{"opp":"Aarau & Under 1.5","odds":"4.75"}],"half_time_correct_score":[{"opp":"1-0","odds":"5.00","header":"Home"},{"opp":"0-0","odds":"3.40","header":"X"},{"opp":"1-0","odds":"4.75","header":"Away"},{"opp":"2-0","odds":"13.00","header":"Home"},{"opp":"1-1","odds":"7.00","header":"X"},{"opp":"2-0","odds":"12.00","header":"Away"},{"opp":"2-1","odds":"21.00","header":"Home"},{"opp":"2-2","odds":"41.00","header":"X"},{"opp":"2-1","odds":"19.00","header":"Away"},{"opp":"3-0","odds":"41.00","header":"Home"},{"opp":"3-0","odds":"41.00","header":"Away"},{"opp":"3-1","odds":"51.00","header":"Home"},{"opp":"3-1","odds":"51.00","header":"Away"},{"opp":"3-2","odds":"126.00","header":"Home"},{"opp":"3-2","odds":"126.00","header":"Away"},{"opp":"4-0","odds":"126.00","header":"Home"},{"opp":"4-0","odds":"126.00","header":"Away"}],"both_teams_to_score_in_1st_half":[{"opp":"Yes","odds":"3.75"},{"opp":"No","odds":"1.25"}],"both_teams_to_score_in_2nd_half":[{"opp":"Yes","odds":"2.62"},{"opp":"No","odds":"1.44"}],"both_teams_to_score_1st_half_2nd_half":[{"opp":"Yes \/ Yes","odds":"11.00"},{"opp":"Yes \/ No","odds":"5.50"},{"opp":"No \/ Yes","odds":"3.40"},{"opp":"No \/ No","odds":"1.80"}],"1st_half_asian_handicap":[{"opp":"0.0","odds":"1.975","header":"Home"},{"opp":"0.0","odds":"1.825","header":"Away"}],"1st_half_goal_line":[{"goals":"1.0, 1.5","odds":"2.000","header":"Over"},{"goals":"1.0, 1.5","odds":"1.800","header":"Under"}],"alternative_1st_half_asian_handicap":[{"opp":"-0.5, -1.0","odds":"4.150","header":"Home"},{"opp":"+0.5, +1.0","odds":"1.220","header":"Away"},{"opp":"-0.5","odds":"3.100","header":"Home"},{"opp":"+0.5","odds":"1.350","header":"Away"},{"opp":"0.0, -0.5","odds":"2.500","header":"Home"},{"opp":"0.0, +0.5","odds":"1.500","header":"Away"},{"opp":"0.0, +0.5","odds":"1.550","header":"Home"},{"opp":"0.0, -0.5","odds":"2.375","header":"Away"},{"opp":"+0.5","odds":"1.400","header":"Home"},{"opp":"-0.5","odds":"2.850","header":"Away"},{"opp":"+0.5, +1.0","odds":"1.250","header":"Home"},{"opp":"-0.5, -1.0","odds":"3.800","header":"Away"},{"opp":"+1.0","odds":"1.105","header":"Home"},{"opp":"-1.0","odds":"6.800","header":"Away"}],"alternative_1st_half_goal_line":[{"goals":"0.5, 1.0","odds":"1.400","header":"Over"},{"goals":"0.5, 1.0","odds":"2.850","header":"Under"},{"goals":"1.0","odds":"1.600","header":"Over"},{"goals":"1.0","odds":"2.300","header":"Under"},{"goals":"1.5","odds":"2.350","header":"Over"},{"goals":"1.5","odds":"1.575","header":"Under"},{"goals":"1.5, 2.0","odds":"3.000","header":"Over"},{"goals":"1.5, 2.0","odds":"1.375","header":"Under"},{"goals":"2.0","odds":"4.250","header":"Over"},{"goals":"2.0","odds":"1.210","header":"Under"},{"goals":"2.0, 2.5","odds":"4.800","header":"Over"},{"goals":"2.0, 2.5","odds":"1.175","header":"Under"},{"goals":"2.5","odds":"5.500","header":"Over"},{"goals":"2.5","odds":"1.150","header":"Under"}],"1st_half_handicap":[{"opp":"Winterthur  +1.0","odds":"1.40"},{"opp":"Tie - Aarau -1.0","odds":"3.75"},{"opp":"Aarau  -1.0","odds":"8.50"}],"alternative_1st_half_handicap_result":[{"opp":"-1.0","odds":"9.00","header":"Home"},{"opp":"+1.0","odds":"4.00","header":"Tie"},{"opp":"+1.0","odds":"1.36","header":"Away"},{"opp":"+2.0","odds":"1.06","header":"Home"},{"opp":"-2.0","odds":"10.00","header":"Tie"},{"opp":"-2.0","odds":"19.00","header":"Away"}],"first_half_goals":[{"goals":"0.5","odds":"1.30","header":"Over"},{"goals":"0.5","odds":"3.40","header":"Under"},{"goals":"1.5","odds":"2.38","header":"Over"},{"goals":"1.5","odds":"1.53","header":"Under"},{"goals":"2.5","odds":"5.50","header":"Over"},{"goals":"2.5","odds":"1.14","header":"Under"},{"goals":"3.5","odds":"15.00","header":"Over"},{"goals":"3.5","odds":"1.03","header":"Under"}],"exact_1st_half_goals":[{"opp":"0 Goals","odds":"3.40"},{"opp":"1 Goal","odds":"2.62"},{"opp":"2 Goals","odds":"3.75"},{"opp":"3 Goals","odds":"8.00"},{"opp":"4 Goals","odds":"21.00"},{"opp":"5+ Goals","odds":"41.00"}],"1st_half_goals_odd_even":[{"opp":"Odd","odds":"2.00"},{"opp":"Even","odds":"1.80"}],"to_score_in_half":[{"name":"1st Half","odds":"1.91","header":"Yes"},{"name":"1st Half","odds":"1.80","header":"No"},{"name":"2nd Half","odds":"1.62","header":"Yes"},{"name":"2nd Half","odds":"2.20","header":"No"},{"name":"1st Half","odds":"1.83","header":"Yes"},{"name":"1st Half","odds":"1.83","header":"No"},{"name":"2nd Half","odds":"1.57","header":"Yes"},{"name":"2nd Half","odds":"2.25","header":"No"}],"half_with_most_goals":[{"opp":"1st Half","odds":"3.10"},{"opp":"2nd Half","odds":"1.95"},{"opp":"Tie","odds":"4.00"}],"home_team_highest_scoring_half":[{"opp":"Winterthur - 1st Half","odds":"3.40"},{"opp":"Winterthur - 2nd Half","odds":"2.38"},{"opp":"Winterthur - Tie","odds":"2.50"}],"away_team_highest_scoring_half":[{"opp":"Aarau - 1st Half","odds":"3.40"},{"opp":"Aarau - 2nd Half","odds":"2.30"},{"opp":"Aarau - Tie","odds":"2.60"}],"2nd_half_result":[{"opp":"1","odds":"2.75"},{"opp":"X","odds":"2.75"},{"opp":"2","odds":"2.60"}],"2nd_half_goals":[{"goals":"0.5","odds":"1.17","header":"Over"},{"goals":"0.5","odds":"5.00","header":"Under"},{"goals":"1.5","odds":"1.73","header":"Over"},{"goals":"1.5","odds":"2.00","header":"Under"},{"goals":"2.5","odds":"3.40","header":"Over"},{"goals":"2.5","odds":"1.30","header":"Under"},{"goals":"3.5","odds":"8.00","header":"Over"},{"goals":"3.5","odds":"1.08","header":"Under"},{"goals":"4.5","odds":"19.00","header":"Over"},{"goals":"4.5","odds":"1.02","header":"Under"}],"exact_2nd_half_goals":[{"opp":"0 Goals","odds":"5.00"},{"opp":"1 Goal","odds":"3.10"},{"opp":"2 Goals","odds":"3.40"},{"opp":"3 Goals","odds":"5.50"},{"opp":"4 Goals","odds":"12.00"},{"opp":"5+ Goals","odds":"19.00"}],"2nd_half_goals_odd_even":[{"opp":"Even","odds":"1.80"},{"opp":"Odd","odds":"1.91"}]}},"main":{"updated_at":"1532570745","sp":{"full_time_result":[{"opp":"1","odds":"2.80"},{"opp":"X","odds":"3.50"},{"opp":"2","odds":"2.25"}],"double_chance":[{"opp":"1X","odds":"1.57"},{"opp":"X2","odds":"1.40"},{"opp":"12","odds":"1.29"}],"correct_score":[{"opp":"1-0","odds":"12.00","header":"Home"},{"opp":"0-0","odds":"15.00","header":"X"},{"opp":"1-0","odds":"11.00","header":"Away"},{"opp":"2-0","odds":"15.00","header":"Home"},{"opp":"1-1","odds":"7.00","header":"X"},{"opp":"2-0","odds":"13.00","header":"Away"},{"opp":"2-1","odds":"11.00","header":"Home"},{"opp":"2-2","odds":"11.00","header":"X"},{"opp":"2-1","odds":"9.50","header":"Away"},{"opp":"3-0","odds":"29.00","header":"Home"},{"opp":"3-3","odds":"34.00","header":"X"},{"opp":"3-0","odds":"23.00","header":"Away"},{"opp":"3-1","odds":"19.00","header":"Home"},{"opp":"4-4","odds":"126.00","header":"X"},{"opp":"3-1","odds":"17.00","header":"Away"},{"opp":"3-2","odds":"23.00","header":"Home"},{"opp":"3-2","odds":"23.00","header":"Away"},{"opp":"4-0","odds":"51.00","header":"Home"},{"opp":"4-0","odds":"41.00","header":"Away"},{"opp":"4-1","odds":"41.00","header":"Home"},{"opp":"4-1","odds":"34.00","header":"Away"},{"opp":"4-2","odds":"41.00","header":"Home"},{"opp":"4-2","odds":"41.00","header":"Away"},{"opp":"4-3","odds":"67.00","header":"Home"},{"opp":"4-3","odds":"67.00","header":"Away"},{"opp":"5-0","odds":"101.00","header":"Home"},{"opp":"5-0","odds":"81.00","header":"Away"},{"opp":"5-1","odds":"81.00","header":"Home"},{"opp":"5-1","odds":"67.00","header":"Away"},{"opp":"5-2","odds":"101.00","header":"Home"},{"opp":"5-2","odds":"81.00","header":"Away"},{"opp":"5-3","odds":"151.00","header":"Home"},{"opp":"5-3","odds":"151.00","header":"Away"},{"opp":"6-1","odds":"151.00","header":"Away"}],"half_time_full_time":[{"opp":"Winterthur - Winterthur","odds":"4.33"},{"opp":"Winterthur - Draw","odds":"15.00"},{"opp":"Winterthur - Aarau","odds":"23.00"},{"opp":"Draw - Winterthur","odds":"6.50"},{"opp":"Draw - Draw","odds":"6.00"},{"opp":"Draw - Aarau","odds":"6.00"},{"opp":"Aarau - Winterthur","odds":"23.00"},{"opp":"Aarau - Draw","odds":"13.00"},{"opp":"Aarau - Aarau","odds":"3.75"}],"goals_over_under":[{"goals":"2.5","odds":"1.57","header":"Over"},{"goals":"2.5","odds":"2.35","header":"Under"}],"both_teams_to_score":[{"opp":"Yes","odds":"1.53"},{"opp":"No","odds":"2.38"}],"asian_handicap":[{"opp":"0.0","odds":"2.025","header":"Home"},{"opp":"0.0","odds":"1.775","header":"Away"}],"goal_line":[{"goals":"3.0","odds":"1.925","header":"Over"},{"goals":"3.0","odds":"1.875","header":"Under"}],"alternative_asian_handicap":[{"opp":"-1.5, -2.0","odds":"6.600","header":"Home"},{"opp":"+1.5, +2.0","odds":"1.110","header":"Away"},{"opp":"-1.5","odds":"5.000","header":"Home"},{"opp":"+1.5","odds":"1.170","header":"Away"},{"opp":"-1.0, -1.5","odds":"4.500","header":"Home"},{"opp":"+1.0, +1.5","odds":"1.190","header":"Away"},{"opp":"-1.0","odds":"4.250","header":"Home"},{"opp":"+1.0","odds":"1.210","header":"Away"},{"opp":"-0.5, -1.0","odds":"3.300","header":"Home"},{"opp":"+0.5, +1.0","odds":"1.325","header":"Away"},{"opp":"-0.5","odds":"2.675","header":"Home"},{"opp":"+0.5","odds":"1.450","header":"Away"},{"opp":"0.0, -0.5","odds":"2.350","header":"Home"},{"opp":"0.0, +0.5","odds":"1.575","header":"Away"},{"opp":"0.0, +0.5","odds":"1.725","header":"Home"},{"opp":"0.0, -0.5","odds":"2.075","header":"Away"},{"opp":"+0.5","odds":"1.575","header":"Home"},{"opp":"-0.5","odds":"2.350","header":"Away"},{"opp":"+0.5, +1.0","odds":"1.425","header":"Home"},{"opp":"-0.5, -1.0","odds":"2.750","header":"Away"},{"opp":"+1.0","odds":"1.275","header":"Home"},{"opp":"-1.0","odds":"3.550","header":"Away"},{"opp":"+1.0, +1.5","odds":"1.240","header":"Home"},{"opp":"-1.0, -1.5","odds":"3.900","header":"Away"},{"opp":"+1.5","odds":"1.210","header":"Home"},{"opp":"-1.5","odds":"4.250","header":"Away"},{"opp":"+1.5, +2.0","odds":"1.140","header":"Home"},{"opp":"-1.5, -2.0","odds":"5.750","header":"Away"}],"alternative_goal_line":[{"goals":"1.0, 1.5","odds":"1.105","header":"Over"},{"goals":"1.0, 1.5","odds":"6.800","header":"Under"},{"goals":"1.5","odds":"1.175","header":"Over"},{"goals":"1.5","odds":"4.800","header":"Under"},{"goals":"1.5, 2.0","odds":"1.210","header":"Over"},{"goals":"1.5, 2.0","odds":"4.250","header":"Under"},{"goals":"2.0","odds":"1.250","header":"Over"},{"goals":"2.0","odds":"3.800","header":"Under"},{"goals":"2.0, 2.5","odds":"1.425","header":"Over"},{"goals":"2.0, 2.5","odds":"2.750","header":"Under"},{"goals":"2.5","odds":"1.575","header":"Over"},{"goals":"2.5","odds":"2.350","header":"Under"},{"goals":"2.5, 3.0","odds":"1.700","header":"Over"},{"goals":"2.5, 3.0","odds":"2.100","header":"Under"},{"goals":"3.0, 3.5","odds":"2.150","header":"Over"},{"goals":"3.0, 3.5","odds":"1.675","header":"Under"},{"goals":"3.5","odds":"2.375","header":"Over"},{"goals":"3.5","odds":"1.550","header":"Under"},{"goals":"3.5, 4.0","odds":"2.750","header":"Over"},{"goals":"3.5, 4.0","odds":"1.425","header":"Under"},{"goals":"4.0","odds":"3.450","header":"Over"},{"goals":"4.0","odds":"1.300","header":"Under"},{"goals":"4.0, 4.5","odds":"3.800","header":"Over"},{"goals":"4.0, 4.5","odds":"1.250","header":"Under"},{"goals":"4.5","odds":"4.150","header":"Over"},{"goals":"4.5","odds":"1.220","header":"Under"},{"goals":"4.5, 5.0","odds":"5.250","header":"Over"},{"goals":"4.5, 5.0","odds":"1.160","header":"Under"},{"goals":"5.0","odds":"7.000","header":"Over"},{"goals":"5.0","odds":"1.100","header":"Under"}],"draw_no_bet":[{"opp":"Winterthur","odds":"2.00"},{"opp":"Aarau","odds":"1.73"}],"result_both_teams_to_score":[{"name":"Winterthur","odds":"4.50","header":"Yes"},{"name":"Winterthur","odds":"5.50","header":"No"},{"name":"Aarau","odds":"4.00","header":"Yes"},{"name":"Aarau","odds":"5.00","header":"No"},{"name":"Draw","odds":"4.33","header":"Yes"},{"name":"Draw","odds":"15.00","header":"No"}],"handicap_result":[{"opp":"Winterthur (+1)","odds":"1.57"},{"opp":"Tie - (Aarau -1)","odds":"4.33"},{"opp":"Aarau (-1)","odds":"4.33"}],"alternative_handicap_result":[{"opp":"-2.0","odds":"10.00","header":"Home"},{"opp":"+2.0","odds":"7.50","header":"Tie"},{"opp":"+2.0","odds":"1.12","header":"Away"},{"opp":"-1.0","odds":"4.75","header":"Home"},{"opp":"+1.0","odds":"5.00","header":"Tie"},{"opp":"+1.0","odds":"1.40","header":"Away"},{"opp":"+2.0","odds":"1.18","header":"Home"},{"opp":"-2.0","odds":"6.50","header":"Tie"},{"opp":"-2.0","odds":"8.50","header":"Away"},{"opp":"+3.0","odds":"1.06","header":"Home"},{"opp":"-3.0","odds":"10.00","header":"Tie"},{"opp":"-3.0","odds":"15.00","header":"Away"}],"winning_margin":[{"goals":" 1","odds":"5.00","header":"Home"},{"goals":" 1","odds":"4.33","header":"Away"},{"goals":" 2","odds":"7.50","header":"Home"},{"goals":" 2","odds":"6.50","header":"Away"},{"goals":" 3","odds":"19.00","header":"Home"},{"goals":" 3","odds":"10.00","header":"Away"},{"goals":" 4+","odds":"34.00","header":"Home"},{"goals":" 4+","odds":"15.00","header":"Away"},{"goals":"Score Draw","odds":"4.33","header":"Home"},{"goals":"No Goal","odds":"15.00","header":"Home"}]}},"schedule":{"updated_at":"1532570426","sp":{"main":[{"odds":"1.925"},{"odds":"1.875"}]}},"specials":{"updated_at":"1532569631","sp":{"specials":[{"name":"To Win From Behind","odds":"11.00","header":"Home"},{"name":"To Win From Behind","odds":"10.00","header":"Away"},{"name":"To Win to Nil","odds":"5.50","header":"Home"},{"name":"To Win to Nil","odds":"5.00","header":"Away"},{"name":"To Win Either Half","odds":"1.73","header":"Home"},{"name":"To Win Either Half","odds":"1.67","header":"Away"},{"name":"To Win Both Halves","odds":"9.00","header":"Home"},{"name":"To Win Both Halves","odds":"8.00","header":"Away"},{"name":"To Score in Both Halves","odds":"3.25","header":"Home"},{"name":"To Score in Both Halves","odds":"3.00","header":"Away"}],"to_score_in_half":[{"name":"1st Half","odds":"1.91","header":"Yes"},{"name":"1st Half","odds":"1.80","header":"No"},{"name":"2nd Half","odds":"1.62","header":"Yes"},{"name":"2nd Half","odds":"2.20","header":"No"},{"name":"1st Half","odds":"1.83","header":"Yes"},{"name":"1st Half","odds":"1.83","header":"No"},{"name":"2nd Half","odds":"1.57","header":"Yes"},{"name":"2nd Half","odds":"2.25","header":"No"}]}}}]}}