{"odd":{"success":1,"results":[{"FI":"75245141","event_id":"833115","goals":{"updated_at":"1532570111","sp":{"goals_over_under":[{"goals":"2.5","odds":"1.50","header":"Over"},{"goals":"2.5","odds":"2.50","header":"Under"}],"first_team_to_score":[{"opp":"Apia L Tigers","odds":"1.53"},{"opp":"No Goals","odds":"17.00"},{"opp":"Sydney United 58","odds":"2.50"}],"home_team_highest_scoring_half":[{"opp":"Apia L Tigers - 1st Half","odds":"3.20"},{"opp":"Apia L Tigers - 2nd Half","odds":"2.20"},{"opp":"Apia L Tigers - Tie","odds":"3.00"}],"away_team_highest_scoring_half":[{"opp":"Sydney United 58 - 1st Half","odds":"3.60"},{"opp":"Sydney United 58 - 2nd Half","odds":"2.50"},{"opp":"Sydney United 58 - Tie","odds":"2.30"}],"goals_odd_even":[{"opp":"Even","odds":"1.90"},{"opp":"Odd","odds":"1.95"}],"home_team_odd_even_goals":[{"opp":"Apia L Tigers - Even","odds":"1.83"},{"opp":"Apia L Tigers - Odd","odds":"1.83"}],"away_team_odd_even_goals":[{"opp":"Sydney United 58 - Even","odds":"1.73"},{"opp":"Sydney United 58 - Odd","odds":"2.00"}],"1st_half_goals_odd_even":[{"opp":"Odd","odds":"2.00"},{"opp":"Even","odds":"1.80"}]}},"half":{"updated_at":"1532570485","sp":{"half_time_result":[{"opp":"1","odds":"2.30"},{"opp":"X","odds":"2.50"},{"opp":"2","odds":"3.75"}],"half_time_double_chance":[{"opp":"1X","odds":"1.25"},{"opp":"X2","odds":"1.57"},{"opp":"12","odds":"1.50"}],"half_time_correct_score":[{"opp":"1-0","odds":"4.33","header":"Home"},{"opp":"0-0","odds":"3.50","header":"X"},{"opp":"1-0","odds":"6.00","header":"Away"},{"opp":"2-0","odds":"8.50","header":"Home"},{"opp":"1-1","odds":"8.50","header":"X"},{"opp":"2-0","odds":"17.00","header":"Away"},{"opp":"2-1","odds":"19.00","header":"Home"},{"opp":"2-2","odds":"51.00","header":"X"},{"opp":"2-1","odds":"26.00","header":"Away"},{"opp":"3-0","odds":"23.00","header":"Home"},{"opp":"3-0","odds":"41.00","header":"Away"},{"opp":"3-1","odds":"41.00","header":"Home"},{"opp":"3-1","odds":"67.00","header":"Away"},{"opp":"4-0","odds":"51.00","header":"Home"}],"1st_half_goals_odd_even":[{"opp":"Odd","odds":"2.00"},{"opp":"Even","odds":"1.80"}],"home_team_highest_scoring_half":[{"opp":"Apia L Tigers - 1st Half","odds":"3.20"},{"opp":"Apia L Tigers - 2nd Half","odds":"2.20"},{"opp":"Apia L Tigers - Tie","odds":"3.00"}],"away_team_highest_scoring_half":[{"opp":"Sydney United 58 - 1st Half","odds":"3.60"},{"opp":"Sydney United 58 - 2nd Half","odds":"2.50"},{"opp":"Sydney United 58 - Tie","odds":"2.30"}],"2nd_half_goals_odd_even":[{"opp":"Even","odds":"1.80"},{"opp":"Odd","odds":"1.91"}]}},"main":{"updated_at":"1532570479","sp":{"full_time_result":[{"opp":"1","odds":"1.75"},{"opp":"X","odds":"3.75"},{"opp":"2","odds":"3.60"}],"double_chance":[{"opp":"1X","odds":"1.29"},{"opp":"X2","odds":"2.00"},{"opp":"12","odds":"1.25"}],"correct_score":[{"opp":"1-0","odds":"11.00","header":"Home"},{"opp":"0-0","odds":"17.00","header":"X"},{"opp":"1-0","odds":"17.00","header":"Away"},{"opp":"2-0","odds":"11.00","header":"Home"},{"opp":"1-1","odds":"8.00","header":"X"},{"opp":"2-0","odds":"23.00","header":"Away"},{"opp":"2-1","odds":"9.50","header":"Home"},{"opp":"2-2","odds":"13.00","header":"X"},{"opp":"2-1","odds":"15.00","header":"Away"},{"opp":"3-0","odds":"15.00","header":"Home"},{"opp":"3-3","odds":"34.00","header":"X"},{"opp":"3-0","odds":"41.00","header":"Away"},{"opp":"3-1","odds":"13.00","header":"Home"},{"opp":"3-1","odds":"26.00","header":"Away"},{"opp":"3-2","odds":"21.00","header":"Home"},{"opp":"3-2","odds":"29.00","header":"Away"},{"opp":"4-0","odds":"26.00","header":"Home"},{"opp":"4-0","odds":"67.00","header":"Away"},{"opp":"4-1","odds":"23.00","header":"Home"},{"opp":"4-1","odds":"51.00","header":"Away"},{"opp":"4-2","odds":"34.00","header":"Home"},{"opp":"4-2","odds":"51.00","header":"Away"},{"opp":"5-0","odds":"41.00","header":"Home"},{"opp":"4-3","odds":"81.00","header":"Away"},{"opp":"5-1","odds":"41.00","header":"Home"},{"opp":"4-3","odds":"51.00","header":"Home"},{"opp":"5-2","odds":"51.00","header":"Home"},{"opp":"6-0","odds":"67.00","header":"Home"},{"opp":"6-1","odds":"67.00","header":"Home"}],"half_time_full_time":[{"opp":"Apia L Tigers - Apia L Tigers","odds":"2.75"},{"opp":"Apia L Tigers - Draw","odds":"15.00"},{"opp":"Apia L Tigers - Sydney United 58","odds":"26.00"},{"opp":"Draw - Apia L Tigers","odds":"5.00"},{"opp":"Draw - Draw","odds":"7.00"},{"opp":"Draw - Sydney United 58","odds":"8.50"},{"opp":"Sydney United 58 - Apia L Tigers","odds":"19.00"},{"opp":"Sydney United 58 - Draw","odds":"15.00"},{"opp":"Sydney United 58 - Sydney United 58","odds":"6.00"}],"goals_over_under":[{"goals":"2.5","odds":"1.50","header":"Over"},{"goals":"2.5","odds":"2.50","header":"Under"}],"draw_no_bet":[{"opp":"Apia L Tigers","odds":"1.40"},{"opp":"Sydney United 58","odds":"2.75"}]}},"schedule":{"updated_at":"1532571239","sp":{"main":[{"odds":"1.75"},{"odds":"3.75"},{"odds":"3.60"}]}}}]}}