{"odd":{"success":1,"results":[{"FI":"75382907","event_id":"845369","goals":{"updated_at":"1532570276","sp":{"goals_over_under":[{"goals":"2.5","odds":"1.57","header":"Over"},{"goals":"2.5","odds":"2.35","header":"Under"}],"first_team_to_score":[{"opp":"Al Wahda Mecca","odds":"1.33"},{"opp":"No Goals","odds":"17.00"},{"opp":"NK Krka","odds":"3.40"}],"home_team_highest_scoring_half":[{"opp":"Al Wahda Mecca - 1st Half","odds":"3.10"},{"opp":"Al Wahda Mecca - 2nd Half","odds":"2.20"},{"opp":"Al Wahda Mecca - Tie","odds":"3.00"}],"away_team_highest_scoring_half":[{"opp":"NK Krka - 1st Half","odds":"4.00"},{"opp":"NK Krka - 2nd Half","odds":"3.00"},{"opp":"NK Krka - Tie","odds":"1.91"}],"goals_odd_even":[{"opp":"Even","odds":"1.90"},{"opp":"Odd","odds":"1.95"}],"home_team_odd_even_goals":[{"opp":"Al Wahda Mecca - Even","odds":"1.83"},{"opp":"Al Wahda Mecca - Odd","odds":"1.83"}],"away_team_odd_even_goals":[{"opp":"NK Krka - Even","odds":"1.62"},{"opp":"NK Krka - Odd","odds":"2.20"}],"1st_half_goals_odd_even":[{"opp":"Odd","odds":"2.00"},{"opp":"Even","odds":"1.80"}]}},"half":{"updated_at":"1532570296","sp":{"half_time_result":[{"opp":"1","odds":"1.95"},{"opp":"X","odds":"2.50"},{"opp":"2","odds":"5.00"}],"half_time_double_chance":[{"opp":"1X","odds":"1.17"},{"opp":"X2","odds":"1.80"},{"opp":"12","odds":"1.50"}],"half_time_correct_score":[{"opp":"1-0","odds":"3.60","header":"Home"},{"opp":"0-0","odds":"3.50","header":"X"},{"opp":"1-0","odds":"7.00","header":"Away"},{"opp":"2-0","odds":"7.00","header":"Home"},{"opp":"1-1","odds":"8.50","header":"X"},{"opp":"2-0","odds":"29.00","header":"Away"},{"opp":"2-1","odds":"17.00","header":"Home"},{"opp":"2-2","odds":"51.00","header":"X"},{"opp":"2-1","odds":"34.00","header":"Away"},{"opp":"3-0","odds":"19.00","header":"Home"},{"opp":"3-0","odds":"101.00","header":"Away"},{"opp":"3-1","odds":"41.00","header":"Home"},{"opp":"3-1","odds":"101.00","header":"Away"},{"opp":"3-2","odds":"126.00","header":"Home"},{"opp":"4-0","odds":"51.00","header":"Home"},{"opp":"4-1","odds":"101.00","header":"Home"},{"opp":"5-0","odds":"151.00","header":"Home"}],"1st_half_goals_odd_even":[{"opp":"Odd","odds":"2.00"},{"opp":"Even","odds":"1.80"}],"home_team_highest_scoring_half":[{"opp":"Al Wahda Mecca - 1st Half","odds":"3.10"},{"opp":"Al Wahda Mecca - 2nd Half","odds":"2.20"},{"opp":"Al Wahda Mecca - Tie","odds":"3.00"}],"away_team_highest_scoring_half":[{"opp":"NK Krka - 1st Half","odds":"4.00"},{"opp":"NK Krka - 2nd Half","odds":"3.00"},{"opp":"NK Krka - Tie","odds":"1.91"}],"2nd_half_goals_odd_even":[{"opp":"Even","odds":"1.83"},{"opp":"Odd","odds":"1.83"}]}},"main":{"updated_at":"1532570265","sp":{"full_time_result":[{"opp":"1","odds":"1.44"},{"opp":"X","odds":"5.00"},{"opp":"2","odds":"4.50"}],"double_chance":[{"opp":"1X","odds":"1.17"},{"opp":"X2","odds":"2.62"},{"opp":"12","odds":"1.14"}],"correct_score":[{"opp":"1-0","odds":"8.00","header":"Home"},{"opp":"0-0","odds":"17.00","header":"X"},{"opp":"1-0","odds":"15.00","header":"Away"},{"opp":"2-0","odds":"7.50","header":"Home"},{"opp":"1-1","odds":"10.00","header":"X"},{"opp":"2-0","odds":"29.00","header":"Away"},{"opp":"2-1","odds":"8.50","header":"Home"},{"opp":"2-2","odds":"21.00","header":"X"},{"opp":"2-1","odds":"15.00","header":"Away"},{"opp":"3-0","odds":"10.00","header":"Home"},{"opp":"3-3","odds":"51.00","header":"X"},{"opp":"3-0","odds":"51.00","header":"Away"},{"opp":"3-1","odds":"12.00","header":"Home"},{"opp":"3-1","odds":"41.00","header":"Away"},{"opp":"3-2","odds":"23.00","header":"Home"},{"opp":"3-2","odds":"41.00","header":"Away"},{"opp":"4-0","odds":"19.00","header":"Home"},{"opp":"4-0","odds":"151.00","header":"Away"},{"opp":"4-1","odds":"21.00","header":"Home"},{"opp":"4-1","odds":"101.00","header":"Away"},{"opp":"4-2","odds":"41.00","header":"Home"},{"opp":"4-2","odds":"81.00","header":"Away"},{"opp":"4-3","odds":"81.00","header":"Home"},{"opp":"4-3","odds":"126.00","header":"Away"},{"opp":"5-0","odds":"34.00","header":"Home"},{"opp":"5-1","odds":"41.00","header":"Home"},{"opp":"5-2","odds":"67.00","header":"Home"},{"opp":"5-3","odds":"151.00","header":"Home"},{"opp":"6-0","odds":"67.00","header":"Home"},{"opp":"6-1","odds":"67.00","header":"Home"},{"opp":"6-2","odds":"126.00","header":"Home"},{"opp":"7-0","odds":"151.00","header":"Home"},{"opp":"7-1","odds":"151.00","header":"Home"}],"half_time_full_time":[{"opp":"Al Wahda Mecca - Al Wahda Mecca","odds":"2.20"},{"opp":"Al Wahda Mecca - Draw","odds":"17.00"},{"opp":"Al Wahda Mecca - NK Krka","odds":"34.00"},{"opp":"Draw - Al Wahda Mecca","odds":"4.50"},{"opp":"Draw - Draw","odds":"7.50"},{"opp":"Draw - NK Krka","odds":"12.00"},{"opp":"NK Krka - Al Wahda Mecca","odds":"19.00"},{"opp":"NK Krka - Draw","odds":"17.00"},{"opp":"NK Krka - NK Krka","odds":"9.00"}],"goals_over_under":[{"goals":"2.5","odds":"1.57","header":"Over"},{"goals":"2.5","odds":"2.35","header":"Under"}],"draw_no_bet":[{"opp":"Al Wahda Mecca","odds":"1.22"},{"opp":"NK Krka","odds":"4.00"}]}},"schedule":{"updated_at":"1532570716","sp":{"main":[{"odds":"1.44"},{"odds":"5.00"},{"odds":"4.50"}]}}}]}}