{"odd":{"success":1,"results":[{"FI":"75095324","event_id":"818662","asian_lines":{"updated_at":"1532570992","sp":{"asian_handicap":[{"opp":"0.0, -0.5","odds":"2.000","header":"Home"},{"opp":"0.0, +0.5","odds":"1.850","header":"Away"}],"goal_line":[{"goals":"2.0, 2.5","odds":"1.925","header":"Over"},{"goals":"2.0, 2.5","odds":"1.925","header":"Under"}],"alternative_asian_handicap":[{"opp":"-1.5, -2.0","odds":"6.000","header":"Home"},{"opp":"+1.5, +2.0","odds":"1.125","header":"Away"},{"opp":"-1.5","odds":"4.500","header":"Home"},{"opp":"+1.5","odds":"1.190","header":"Away"},{"opp":"-1.0, -1.5","odds":"4.100","header":"Home"},{"opp":"+1.0, +1.5","odds":"1.225","header":"Away"},{"opp":"-1.0","odds":"3.550","header":"Home"},{"opp":"+1.0","odds":"1.275","header":"Away"},{"opp":"-0.5, -1.0","odds":"2.675","header":"Home"},{"opp":"+0.5, +1.0","odds":"1.450","header":"Away"},{"opp":"-0.5","odds":"2.250","header":"Home"},{"opp":"+0.5","odds":"1.625","header":"Away"},{"opp":"0.0","odds":"1.650","header":"Home"},{"opp":"0.0","odds":"2.200","header":"Away"},{"opp":"0.0, +0.5","odds":"1.475","header":"Home"},{"opp":"0.0, -0.5","odds":"2.600","header":"Away"},{"opp":"+0.5","odds":"1.375","header":"Home"},{"opp":"-0.5","odds":"3.000","header":"Away"},{"opp":"+0.5, +1.0","odds":"1.260","header":"Home"},{"opp":"-0.5, -1.0","odds":"3.700","header":"Away"},{"opp":"+1.0","odds":"1.140","header":"Home"},{"opp":"-1.0","odds":"5.750","header":"Away"},{"opp":"+1.0, +1.5","odds":"1.120","header":"Home"},{"opp":"-1.0, -1.5","odds":"6.250","header":"Away"},{"opp":"+1.5","odds":"1.105","header":"Home"},{"opp":"-1.5","odds":"6.800","header":"Away"}],"alternative_goal_line":[{"goals":"1.0","odds":"1.100","header":"Over"},{"goals":"1.0","odds":"7.000","header":"Under"},{"goals":"1.0, 1.5","odds":"1.240","header":"Over"},{"goals":"1.0, 1.5","odds":"3.900","header":"Under"},{"goals":"1.5","odds":"1.375","header":"Over"},{"goals":"1.5","odds":"3.000","header":"Under"},{"goals":"1.5, 2.0","odds":"1.475","header":"Over"},{"goals":"1.5, 2.0","odds":"2.600","header":"Under"},{"goals":"2.0","odds":"1.625","header":"Over"},{"goals":"2.0","odds":"2.250","header":"Under"},{"goals":"2.5","odds":"2.150","header":"Over"},{"goals":"2.5","odds":"1.675","header":"Under"},{"goals":"2.5, 3.0","odds":"2.500","header":"Over"},{"goals":"2.5, 3.0","odds":"1.500","header":"Under"},{"goals":"3.0","odds":"3.100","header":"Over"},{"goals":"3.0","odds":"1.350","header":"Under"},{"goals":"3.0, 3.5","odds":"3.550","header":"Over"},{"goals":"3.0, 3.5","odds":"1.275","header":"Under"},{"goals":"3.5","odds":"3.900","header":"Over"},{"goals":"3.5","odds":"1.240","header":"Under"},{"goals":"3.5, 4.0","odds":"5.000","header":"Over"},{"goals":"3.5, 4.0","odds":"1.170","header":"Under"}],"1st_half_asian_handicap":[{"opp":"0.0","odds":"1.700","header":"Home"},{"opp":"0.0","odds":"2.100","header":"Away"}],"1st_half_goal_line":[{"goals":"1.0","odds":"2.100","header":"Over"},{"goals":"1.0","odds":"1.700","header":"Under"}],"alternative_1st_half_asian_handicap":[{"opp":"-0.5, -1.0","odds":"4.100","header":"Home"},{"opp":"+0.5, +1.0","odds":"1.225","header":"Away"},{"opp":"-0.5","odds":"3.000","header":"Home"},{"opp":"+0.5","odds":"1.375","header":"Away"},{"opp":"0.0, -0.5","odds":"2.350","header":"Home"},{"opp":"0.0, +0.5","odds":"1.575","header":"Away"},{"opp":"0.0, +0.5","odds":"1.400","header":"Home"},{"opp":"0.0, -0.5","odds":"2.850","header":"Away"},{"opp":"+0.5","odds":"1.260","header":"Home"},{"opp":"-0.5","odds":"3.700","header":"Away"},{"opp":"+0.5, +1.0","odds":"1.150","header":"Home"},{"opp":"-0.5, -1.0","odds":"5.500","header":"Away"}],"alternative_1st_half_goal_line":[{"goals":"0.5, 1.0","odds":"1.675","header":"Over"},{"goals":"0.5, 1.0","odds":"2.150","header":"Under"},{"goals":"1.0, 1.5","odds":"2.675","header":"Over"},{"goals":"1.0, 1.5","odds":"1.450","header":"Under"},{"goals":"1.5","odds":"3.300","header":"Over"},{"goals":"1.5","odds":"1.325","header":"Under"},{"goals":"1.5, 2.0","odds":"4.250","header":"Over"},{"goals":"1.5, 2.0","odds":"1.210","header":"Under"}]}},"goals":{"updated_at":"1532569420","sp":{"goals_over_under":[{"goals":"2.5","odds":"2.15","header":"Over"},{"goals":"2.5","odds":"1.67","header":"Under"}],"alternative_total_goals":[{"goals":"0.5","odds":"1.08","header":"Over "},{"goals":"0.5","odds":"8.50","header":"Under"},{"goals":"1.5","odds":"1.36","header":"Over "},{"goals":"1.5","odds":"3.00","header":"Under"},{"goals":"3.5","odds":"3.75","header":"Over "},{"goals":"3.5","odds":"1.25","header":"Under"},{"goals":"4.5","odds":"9.00","header":"Over "},{"goals":"4.5","odds":"1.07","header":"Under"},{"goals":"5.5","odds":"19.00","header":"Over "},{"goals":"5.5","odds":"1.02","header":"Under"}],"result_total_goals":[{"opp":"Zwickau & Over 2.5","odds":"4.00"},{"opp":"Zwickau & Under 2.5","odds":"4.50"},{"opp":"Draw & Over 2.5","odds":"15.00"},{"opp":"Draw & Under  2.5","odds":"4.00"},{"opp":"Hallescher FC & Over 2.5","odds":"5.50"},{"opp":"Hallescher FC & Under 2.5","odds":"6.00"}],"total_goals_both_teams_to_score":[{"opp":"Over 2.5 & Yes","odds":"2.50"},{"opp":"Over 2.5 & No","odds":"11.00"},{"opp":"Under 2.5 & Yes","odds":"6.50"},{"opp":"Under 2.5 & No","odds":"2.10"}],"exact_total_goals":[{"opp":"0 Goals","odds":"8.50"},{"opp":"1 Goal","odds":"4.33"},{"opp":"2 Goals","odds":"3.40"},{"opp":"3 Goals","odds":"4.33"},{"opp":"4 Goals","odds":"6.50"},{"opp":"5 Goals","odds":"13.00"},{"opp":"6 Goals","odds":"29.00"},{"opp":"7+ Goals","odds":"41.00"}],"number_of_goals_in_match":[{"opp":"Under 2 goals","odds":"3.00"},{"opp":"2 or 3 goals","odds":"1.95"},{"opp":"Over 3 goals","odds":"3.75"}],"both_teams_to_score":[{"opp":"Yes","odds":"1.83"},{"opp":"No","odds":"1.83"}],"teams_to_score":[{"opp":"Both Teams","odds":"1.83"},{"opp":"Zwickau Only","odds":"3.50"},{"opp":"No Goal","odds":"8.50"},{"opp":"Hallescher FC Only","odds":"5.00"}],"both_teams_to_score_in_1st_half":[{"opp":"Yes","odds":"5.50"},{"opp":"No","odds":"1.14"}],"both_teams_to_score_in_2nd_half":[{"opp":"Yes","odds":"3.75"},{"opp":"No","odds":"1.25"}],"both_teams_to_score_1st_half_2nd_half":[{"opp":"Yes \/ Yes","odds":"19.00"},{"opp":"Yes \/ No","odds":"6.50"},{"opp":"No \/ Yes","odds":"4.00"},{"opp":"No \/ No","odds":"1.50"}],"first_half_goals":[{"goals":"0.5","odds":"1.44","header":"Over"},{"goals":"0.5","odds":"2.62","header":"Under"},{"goals":"1.5","odds":"3.25","header":"Over"},{"goals":"1.5","odds":"1.33","header":"Under"},{"goals":"2.5","odds":"10.00","header":"Over"},{"goals":"2.5","odds":"1.06","header":"Under"},{"goals":"3.5","odds":"26.00","header":"Over"},{"goals":"3.5","odds":"1.01","header":"Under"}],"exact_1st_half_goals":[{"opp":"0 Goals","odds":"2.62"},{"opp":"1 Goal","odds":"2.50"},{"opp":"2 Goals","odds":"4.50"},{"opp":"3 Goals","odds":"12.00"},{"opp":"4 Goals","odds":"41.00"},{"opp":"5+ Goals","odds":"81.00"}],"total_goal_minutes":[{"opp":"Over 130 minutes","odds":"2.20"},{"opp":"110 To 130 minutes inc.","odds":"8.50"},{"opp":"Under 110 minutes","odds":"1.83"}],"first_team_to_score":[{"opp":"Zwickau","odds":"1.73"},{"opp":"No Goals","odds":"8.50"},{"opp":"Hallescher FC","odds":"2.30"}],"early_goal":[{"opp":"Goal before 32:00","odds":"1.83"},{"opp":"No Goal before 32:00","odds":"1.83"}],"late_goal":[{"opp":"Goal after 70:59","odds":"1.83"},{"opp":"No Goal after 70:59","odds":"1.83"}],"time_of_first_goal_brackets":[{"opp":"1-10","odds":"4.75"},{"opp":"11-20","odds":"5.50"},{"opp":"21-30","odds":"6.50"},{"opp":"31-40","odds":"7.00"},{"opp":"41-50","odds":"8.00"},{"opp":"51-60","odds":"12.00"},{"opp":"61-70","odds":"15.00"},{"opp":"71-80","odds":"19.00"},{"opp":"81 - Full Time","odds":"17.00"},{"opp":"No Goal","odds":"8.50"}],"2nd_half_goals":[{"goals":"0.5","odds":"1.29","header":"Over"},{"goals":"0.5","odds":"3.50","header":"Under"},{"goals":"1.5","odds":"2.25","header":"Over"},{"goals":"1.5","odds":"1.57","header":"Under"},{"goals":"2.5","odds":"5.50","header":"Over"},{"goals":"2.5","odds":"1.14","header":"Under"},{"goals":"3.5","odds":"15.00","header":"Over"},{"goals":"3.5","odds":"1.03","header":"Under"}],"exact_2nd_half_goals":[{"opp":"0 Goals","odds":"3.50"},{"opp":"1 Goal","odds":"2.62"},{"opp":"2 Goals","odds":"3.75"},{"opp":"3 Goals","odds":"7.50"},{"opp":"4 Goals","odds":"21.00"},{"opp":"5+ Goals","odds":"34.00"}],"half_with_most_goals":[{"opp":"1st Half","odds":"3.20"},{"opp":"2nd Half","odds":"2.05"},{"opp":"Tie","odds":"3.40"}],"home_team_highest_scoring_half":[{"opp":"Zwickau - 1st Half","odds":"3.60"},{"opp":"Zwickau - 2nd Half","odds":"2.50"},{"opp":"Zwickau - Tie","odds":"2.30"}],"away_team_highest_scoring_half":[{"opp":"Hallescher FC - 1st Half","odds":"3.75"},{"opp":"Hallescher FC - 2nd Half","odds":"2.75"},{"opp":"Hallescher FC - Tie","odds":"2.05"}],"home_team_exact_goals":[{"opp":"Zwickau - 0 Goals","odds":"3.50"},{"opp":"Zwickau - 1 Goal","odds":"2.60"},{"opp":"Zwickau - 2 Goals","odds":"3.75"},{"opp":"Zwickau - 3+ Goals","odds":"5.50"}],"away_team_exact_goals":[{"opp":"Hallescher FC - 0 Goals","odds":"2.62"},{"opp":"Hallescher FC - 1 Goal","odds":"2.50"},{"opp":"Hallescher FC - 2 Goals","odds":"4.33"},{"opp":"Hallescher FC - 3+ Goals","odds":"9.00"}],"time_of_1st_team_goal":[{"opp":"Zwickau - Goal before 54:00","odds":"1.83"},{"opp":"Zwickau - No Goal before 54:00","odds":"1.83"},{"opp":"Hallescher FC - Goal before 65:00","odds":"1.83"},{"opp":"Hallescher FC - No Goal before 65:00","odds":"1.83"}],"goals_odd_even":[{"opp":"Even","odds":"1.90"},{"opp":"Odd","odds":"1.95"}],"home_team_odd_even_goals":[{"opp":"Zwickau - Even","odds":"1.73"},{"opp":"Zwickau - Odd","odds":"2.00"}],"away_team_odd_even_goals":[{"opp":"Hallescher FC - Even","odds":"1.67"},{"opp":"Hallescher FC - Odd","odds":"2.10"}],"1st_half_goals_odd_even":[{"opp":"Odd","odds":"2.20"},{"opp":"Even","odds":"1.67"}],"last_team_to_score":[{"opp":"Zwickau","odds":"1.73"},{"opp":"No Goal","odds":"8.50"},{"opp":"Hallescher FC","odds":"2.30"}],"first_10_minutes_(00:00_09:59)":[{"name":"Goals","handicap":"0.5","odds":"5.00","header":"Over"},{"name":"Goals","handicap":"0.5","odds":"1.17","header":"Under"}]}},"half":{"updated_at":"1532569544","sp":{"half_time_result":[{"opp":"1","odds":"3.00"},{"opp":"X","odds":"2.05"},{"opp":"2","odds":"3.75"}],"half_time_double_chance":[{"opp":"1X","odds":"1.25"},{"opp":"X2","odds":"1.36"},{"opp":"12","odds":"1.73"}],"half_time_result_both_teams_to_score":[{"opp":"Zwickau & Yes","odds":"21.00"},{"opp":"Zwickau & No","odds":"3.25"},{"opp":"Draw & Yes","odds":"8.50"},{"opp":"Draw & No","odds":"2.60"},{"opp":"Hallescher FC & Yes","odds":"26.00"},{"opp":"Hallescher FC & No","odds":"4.00"}],"half_time_result_total_goals":[{"opp":"Zwickau & Over 1.5","odds":"8.00"},{"opp":"Zwickau & Under 1.5","odds":"4.00"},{"opp":"Draw & Over 1.5","odds":"8.50"},{"opp":"Draw & Under 1.5","odds":"2.62"},{"opp":"Hallescher FC & Over 1.5","odds":"11.00"},{"opp":"Hallescher FC & Under 1.5","odds":"5.00"}],"half_time_correct_score":[{"opp":"1-0","odds":"4.00","header":"Home"},{"opp":"0-0","odds":"2.62","header":"X"},{"opp":"1-0","odds":"5.00","header":"Away"},{"opp":"2-0","odds":"13.00","header":"Home"},{"opp":"1-1","odds":"8.50","header":"X"},{"opp":"2-0","odds":"19.00","header":"Away"},{"opp":"2-1","odds":"26.00","header":"Home"},{"opp":"2-2","odds":"67.00","header":"X"},{"opp":"2-1","odds":"29.00","header":"Away"},{"opp":"3-0","odds":"41.00","header":"Home"},{"opp":"3-0","odds":"67.00","header":"Away"},{"opp":"3-1","odds":"81.00","header":"Home"},{"opp":"3-1","odds":"101.00","header":"Away"},{"opp":"3-2","odds":"251.00","header":"Home"},{"opp":"3-2","odds":"301.00","header":"Away"},{"opp":"4-0","odds":"151.00","header":"Home"},{"opp":"4-1","odds":"351.00","header":"Home"}],"both_teams_to_score_in_1st_half":[{"opp":"Yes","odds":"5.50"},{"opp":"No","odds":"1.14"}],"both_teams_to_score_in_2nd_half":[{"opp":"Yes","odds":"3.75"},{"opp":"No","odds":"1.25"}],"both_teams_to_score_1st_half_2nd_half":[{"opp":"Yes \/ Yes","odds":"19.00"},{"opp":"Yes \/ No","odds":"6.50"},{"opp":"No \/ Yes","odds":"4.00"},{"opp":"No \/ No","odds":"1.50"}],"1st_half_asian_handicap":[{"opp":"0.0","odds":"1.700","header":"Home"},{"opp":"0.0","odds":"2.100","header":"Away"}],"1st_half_goal_line":[{"goals":"1.0","odds":"2.100","header":"Over"},{"goals":"1.0","odds":"1.700","header":"Under"}],"alternative_1st_half_asian_handicap":[{"opp":"-0.5, -1.0","odds":"4.100","header":"Home"},{"opp":"+0.5, +1.0","odds":"1.225","header":"Away"},{"opp":"-0.5","odds":"3.000","header":"Home"},{"opp":"+0.5","odds":"1.375","header":"Away"},{"opp":"0.0, -0.5","odds":"2.350","header":"Home"},{"opp":"0.0, +0.5","odds":"1.575","header":"Away"},{"opp":"0.0, +0.5","odds":"1.400","header":"Home"},{"opp":"0.0, -0.5","odds":"2.850","header":"Away"},{"opp":"+0.5","odds":"1.260","header":"Home"},{"opp":"-0.5","odds":"3.700","header":"Away"},{"opp":"+0.5, +1.0","odds":"1.150","header":"Home"},{"opp":"-0.5, -1.0","odds":"5.500","header":"Away"}],"alternative_1st_half_goal_line":[{"goals":"0.5, 1.0","odds":"1.675","header":"Over"},{"goals":"0.5, 1.0","odds":"2.150","header":"Under"},{"goals":"1.0, 1.5","odds":"2.675","header":"Over"},{"goals":"1.0, 1.5","odds":"1.450","header":"Under"},{"goals":"1.5","odds":"3.300","header":"Over"},{"goals":"1.5","odds":"1.325","header":"Under"},{"goals":"1.5, 2.0","odds":"4.250","header":"Over"},{"goals":"1.5, 2.0","odds":"1.210","header":"Under"}],"1st_half_handicap":[{"opp":"Zwickau  -1.0","odds":"10.00"},{"opp":"Tie - Hallescher FC +1.0","odds":"3.60"},{"opp":"Hallescher FC  +1.0","odds":"1.36"}],"alternative_1st_half_handicap_result":[{"opp":"-2.0","odds":"23.00","header":"Home"},{"opp":"+2.0","odds":"11.00","header":"Tie"},{"opp":"+2.0","odds":"1.05","header":"Away"},{"opp":"+1.0","odds":"1.25","header":"Home"},{"opp":"-1.0","odds":"4.50","header":"Tie"},{"opp":"-1.0","odds":"15.00","header":"Away"}],"first_half_goals":[{"goals":"0.5","odds":"1.44","header":"Over"},{"goals":"0.5","odds":"2.62","header":"Under"},{"goals":"1.5","odds":"3.25","header":"Over"},{"goals":"1.5","odds":"1.33","header":"Under"},{"goals":"2.5","odds":"10.00","header":"Over"},{"goals":"2.5","odds":"1.06","header":"Under"},{"goals":"3.5","odds":"26.00","header":"Over"},{"goals":"3.5","odds":"1.01","header":"Under"}],"exact_1st_half_goals":[{"opp":"0 Goals","odds":"2.62"},{"opp":"1 Goal","odds":"2.50"},{"opp":"2 Goals","odds":"4.50"},{"opp":"3 Goals","odds":"12.00"},{"opp":"4 Goals","odds":"41.00"},{"opp":"5+ Goals","odds":"81.00"}],"1st_half_goals_odd_even":[{"opp":"Odd","odds":"2.20"},{"opp":"Even","odds":"1.67"}],"to_score_in_half":[{"name":"1st Half","odds":"2.10","header":"Yes"},{"name":"1st Half","odds":"1.67","header":"No"},{"name":"2nd Half","odds":"1.73","header":"Yes"},{"name":"2nd Half","odds":"2.00","header":"No"},{"name":"1st Half","odds":"2.50","header":"Yes"},{"name":"1st Half","odds":"1.50","header":"No"},{"name":"2nd Half","odds":"2.00","header":"Yes"},{"name":"2nd Half","odds":"1.73","header":"No"}],"half_with_most_goals":[{"opp":"1st Half","odds":"3.20"},{"opp":"2nd Half","odds":"2.05"},{"opp":"Tie","odds":"3.40"}],"home_team_highest_scoring_half":[{"opp":"Zwickau - 1st Half","odds":"3.60"},{"opp":"Zwickau - 2nd Half","odds":"2.50"},{"opp":"Zwickau - Tie","odds":"2.30"}],"away_team_highest_scoring_half":[{"opp":"Hallescher FC - 1st Half","odds":"3.75"},{"opp":"Hallescher FC - 2nd Half","odds":"2.75"},{"opp":"Hallescher FC - Tie","odds":"2.05"}],"2nd_half_result":[{"opp":"1","odds":"2.60"},{"opp":"X","odds":"2.38"},{"opp":"2","odds":"3.25"}],"2nd_half_goals":[{"goals":"0.5","odds":"1.29","header":"Over"},{"goals":"0.5","odds":"3.50","header":"Under"},{"goals":"1.5","odds":"2.25","header":"Over"},{"goals":"1.5","odds":"1.57","header":"Under"},{"goals":"2.5","odds":"5.50","header":"Over"},{"goals":"2.5","odds":"1.14","header":"Under"},{"goals":"3.5","odds":"15.00","header":"Over"},{"goals":"3.5","odds":"1.03","header":"Under"}],"exact_2nd_half_goals":[{"opp":"0 Goals","odds":"3.50"},{"opp":"1 Goal","odds":"2.62"},{"opp":"2 Goals","odds":"3.75"},{"opp":"3 Goals","odds":"7.50"},{"opp":"4 Goals","odds":"21.00"},{"opp":"5+ Goals","odds":"34.00"}],"2nd_half_goals_odd_even":[{"opp":"Even","odds":"1.73"},{"opp":"Odd","odds":"2.00"}]}},"main":{"updated_at":"1532570979","sp":{"full_time_result":[{"opp":"1","odds":"2.25"},{"opp":"X","odds":"3.40"},{"opp":"2","odds":"3.10"}],"double_chance":[{"opp":"1X","odds":"1.38"},{"opp":"X2","odds":"1.67"},{"opp":"12","odds":"1.33"}],"correct_score":[{"opp":"1-0","odds":"7.00","header":"Home"},{"opp":"0-0","odds":"8.50","header":"X"},{"opp":"1-0","odds":"8.50","header":"Away"},{"opp":"2-0","odds":"10.00","header":"Home"},{"opp":"1-1","odds":"6.50","header":"X"},{"opp":"2-0","odds":"15.00","header":"Away"},{"opp":"2-1","odds":"9.50","header":"Home"},{"opp":"2-2","odds":"17.00","header":"X"},{"opp":"2-1","odds":"11.00","header":"Away"},{"opp":"3-0","odds":"21.00","header":"Home"},{"opp":"3-3","odds":"51.00","header":"X"},{"opp":"3-0","odds":"34.00","header":"Away"},{"opp":"3-1","odds":"19.00","header":"Home"},{"opp":"3-1","odds":"29.00","header":"Away"},{"opp":"3-2","odds":"34.00","header":"Home"},{"opp":"3-2","odds":"41.00","header":"Away"},{"opp":"4-0","odds":"41.00","header":"Home"},{"opp":"4-0","odds":"81.00","header":"Away"},{"opp":"4-1","odds":"41.00","header":"Home"},{"opp":"4-1","odds":"67.00","header":"Away"},{"opp":"4-2","odds":"67.00","header":"Home"},{"opp":"4-2","odds":"81.00","header":"Away"},{"opp":"4-3","odds":"126.00","header":"Home"},{"opp":"4-3","odds":"151.00","header":"Away"},{"opp":"5-0","odds":"101.00","header":"Home"},{"opp":"5-0","odds":"251.00","header":"Away"},{"opp":"5-1","odds":"101.00","header":"Home"},{"opp":"5-1","odds":"201.00","header":"Away"},{"opp":"5-2","odds":"151.00","header":"Home"},{"opp":"5-2","odds":"301.00","header":"Away"}],"half_time_full_time":[{"opp":"Zwickau - Zwickau","odds":"3.75"},{"opp":"Zwickau - Draw","odds":"15.00"},{"opp":"Zwickau - Hallescher FC","odds":"34.00"},{"opp":"Draw - Zwickau","odds":"5.50"},{"opp":"Draw - Draw","odds":"4.75"},{"opp":"Draw - Hallescher FC","odds":"7.00"},{"opp":"Hallescher FC - Zwickau","odds":"29.00"},{"opp":"Hallescher FC - Draw","odds":"15.00"},{"opp":"Hallescher FC - Hallescher FC","odds":"5.50"}],"goals_over_under":[{"goals":"2.5","odds":"2.15","header":"Over"},{"goals":"2.5","odds":"1.67","header":"Under"}],"both_teams_to_score":[{"opp":"Yes","odds":"1.83"},{"opp":"No","odds":"1.83"}],"asian_handicap":[{"opp":"0.0, -0.5","odds":"2.000","header":"Home"},{"opp":"0.0, +0.5","odds":"1.850","header":"Away"}],"goal_line":[{"goals":"2.0, 2.5","odds":"1.925","header":"Over"},{"goals":"2.0, 2.5","odds":"1.925","header":"Under"}],"alternative_asian_handicap":[{"opp":"-1.5, -2.0","odds":"6.000","header":"Home"},{"opp":"+1.5, +2.0","odds":"1.125","header":"Away"},{"opp":"-1.5","odds":"4.500","header":"Home"},{"opp":"+1.5","odds":"1.190","header":"Away"},{"opp":"-1.0, -1.5","odds":"4.100","header":"Home"},{"opp":"+1.0, +1.5","odds":"1.225","header":"Away"},{"opp":"-1.0","odds":"3.550","header":"Home"},{"opp":"+1.0","odds":"1.275","header":"Away"},{"opp":"-0.5, -1.0","odds":"2.675","header":"Home"},{"opp":"+0.5, +1.0","odds":"1.450","header":"Away"},{"opp":"-0.5","odds":"2.250","header":"Home"},{"opp":"+0.5","odds":"1.625","header":"Away"},{"opp":"0.0","odds":"1.650","header":"Home"},{"opp":"0.0","odds":"2.200","header":"Away"},{"opp":"0.0, +0.5","odds":"1.475","header":"Home"},{"opp":"0.0, -0.5","odds":"2.600","header":"Away"},{"opp":"+0.5","odds":"1.375","header":"Home"},{"opp":"-0.5","odds":"3.000","header":"Away"},{"opp":"+0.5, +1.0","odds":"1.260","header":"Home"},{"opp":"-0.5, -1.0","odds":"3.700","header":"Away"},{"opp":"+1.0","odds":"1.140","header":"Home"},{"opp":"-1.0","odds":"5.750","header":"Away"},{"opp":"+1.0, +1.5","odds":"1.120","header":"Home"},{"opp":"-1.0, -1.5","odds":"6.250","header":"Away"},{"opp":"+1.5","odds":"1.105","header":"Home"},{"opp":"-1.5","odds":"6.800","header":"Away"}],"alternative_goal_line":[{"goals":"1.0","odds":"1.100","header":"Over"},{"goals":"1.0","odds":"7.000","header":"Under"},{"goals":"1.0, 1.5","odds":"1.240","header":"Over"},{"goals":"1.0, 1.5","odds":"3.900","header":"Under"},{"goals":"1.5","odds":"1.375","header":"Over"},{"goals":"1.5","odds":"3.000","header":"Under"},{"goals":"1.5, 2.0","odds":"1.475","header":"Over"},{"goals":"1.5, 2.0","odds":"2.600","header":"Under"},{"goals":"2.0","odds":"1.625","header":"Over"},{"goals":"2.0","odds":"2.250","header":"Under"},{"goals":"2.5","odds":"2.150","header":"Over"},{"goals":"2.5","odds":"1.675","header":"Under"},{"goals":"2.5, 3.0","odds":"2.500","header":"Over"},{"goals":"2.5, 3.0","odds":"1.500","header":"Under"},{"goals":"3.0","odds":"3.100","header":"Over"},{"goals":"3.0","odds":"1.350","header":"Under"},{"goals":"3.0, 3.5","odds":"3.550","header":"Over"},{"goals":"3.0, 3.5","odds":"1.275","header":"Under"},{"goals":"3.5","odds":"3.900","header":"Over"},{"goals":"3.5","odds":"1.240","header":"Under"},{"goals":"3.5, 4.0","odds":"5.000","header":"Over"},{"goals":"3.5, 4.0","odds":"1.170","header":"Under"}],"draw_no_bet":[{"opp":"Zwickau","odds":"1.62"},{"opp":"Hallescher FC","odds":"2.20"}],"result_both_teams_to_score":[{"name":"Zwickau","odds":"5.00","header":"Yes"},{"name":"Zwickau","odds":"3.60","header":"No"},{"name":"Hallescher FC","odds":"6.50","header":"Yes"},{"name":"Hallescher FC","odds":"5.00","header":"No"},{"name":"Draw","odds":"4.75","header":"Yes"},{"name":"Draw","odds":"8.50","header":"No"}],"handicap_result":[{"opp":"Zwickau (-1)","odds":"4.33"},{"opp":"Tie - (Hallescher FC +1)","odds":"3.75"},{"opp":"Hallescher FC (+1)","odds":"1.67"}],"alternative_handicap_result":[{"opp":"-3.0","odds":"17.00","header":"Home"},{"opp":"+3.0","odds":"11.00","header":"Tie"},{"opp":"+3.0","odds":"1.05","header":"Away"},{"opp":"-2.0","odds":"10.00","header":"Home"},{"opp":"+2.0","odds":"6.50","header":"Tie"},{"opp":"+2.0","odds":"1.17","header":"Away"},{"opp":"+1.0","odds":"1.38","header":"Home"},{"opp":"-1.0","odds":"4.50","header":"Tie"},{"opp":"-1.0","odds":"6.50","header":"Away"},{"opp":"+2.0","odds":"1.07","header":"Home"},{"opp":"-2.0","odds":"8.50","header":"Tie"},{"opp":"-2.0","odds":"15.00","header":"Away"}],"winning_margin":[{"goals":" 1","odds":"3.75","header":"Home"},{"goals":" 1","odds":"4.50","header":"Away"},{"goals":" 2","odds":"6.50","header":"Home"},{"goals":" 2","odds":"8.50","header":"Away"},{"goals":" 3","odds":"11.00","header":"Home"},{"goals":" 3","odds":"29.00","header":"Away"},{"goals":" 4+","odds":"17.00","header":"Home"},{"goals":" 4+","odds":"51.00","header":"Away"},{"goals":"Score Draw","odds":"4.75","header":"Home"},{"goals":"No Goal","odds":"8.50","header":"Home"}]}},"schedule":{"updated_at":"1532571026","sp":{"main":[{"odds":"2.25"},{"odds":"3.40"},{"odds":"3.10"}]}},"specials":{"updated_at":"1532569550","sp":{"specials":[{"name":"To Win From Behind","odds":"9.00","header":"Home"},{"name":"To Win From Behind","odds":"11.00","header":"Away"},{"name":"To Win to Nil","odds":"3.60","header":"Home"},{"name":"To Win to Nil","odds":"5.00","header":"Away"},{"name":"To Win Either Half","odds":"1.67","header":"Home"},{"name":"To Win Either Half","odds":"2.00","header":"Away"},{"name":"To Win Both Halves","odds":"8.00","header":"Home"},{"name":"To Win Both Halves","odds":"13.00","header":"Away"},{"name":"To Score in Both Halves","odds":"3.75","header":"Home"},{"name":"To Score in Both Halves","odds":"5.00","header":"Away"}],"to_score_in_half":[{"name":"1st Half","odds":"2.10","header":"Yes"},{"name":"1st Half","odds":"1.67","header":"No"},{"name":"2nd Half","odds":"1.73","header":"Yes"},{"name":"2nd Half","odds":"2.00","header":"No"},{"name":"1st Half","odds":"2.50","header":"Yes"},{"name":"1st Half","odds":"1.50","header":"No"},{"name":"2nd Half","odds":"2.00","header":"Yes"},{"name":"2nd Half","odds":"1.73","header":"No"}]}}}]}}