{"odd":{"success":1,"results":[{"FI":"75379496","event_id":"845855","asian_lines":{"updated_at":"1532570695","sp":{"asian_total_corners":[{"goals":"9.0","odds":"1.850","header":"Over"},{"goals":"9.0","odds":"1.950","header":"Under"}],"1st_half_asian_corners":[{"goals":"4.5","odds":"2.050","header":"Over"},{"goals":"4.5","odds":"1.750","header":"Under"}]}},"corners":{"updated_at":"1532570710","sp":{"corners":[{"opp":"Over 9","odds":"2.10"},{"opp":"Exactly 9","odds":"7.00"},{"opp":"Under 9","odds":"2.20"}],"total_corners":[{"opp":"Under 6","odds":"8.00"},{"opp":"6 - 8","odds":"2.75"},{"opp":"9 - 11","odds":"2.60"},{"opp":"12 - 14","odds":"5.00"},{"opp":"Over 14","odds":"15.00"}],"alternative_corners":[{"goals":"3","odds":"1.01","header":"Over"},{"goals":"3","odds":"29.00","header":"Exactly"},{"goals":"3","odds":"41.00","header":"Under"},{"goals":"4","odds":"1.03","header":"Over"},{"goals":"4","odds":"19.00","header":"Exactly"},{"goals":"4","odds":"26.00","header":"Under"},{"goals":"5","odds":"1.06","header":"Over"},{"goals":"5","odds":"13.00","header":"Exactly"},{"goals":"5","odds":"15.00","header":"Under"},{"goals":"6","odds":"1.18","header":"Over"},{"goals":"6","odds":"9.50","header":"Exactly"},{"goals":"6","odds":"8.00","header":"Under"},{"goals":"7","odds":"1.36","header":"Over"},{"goals":"7","odds":"7.50","header":"Exactly"},{"goals":"7","odds":"4.75","header":"Under"},{"goals":"8","odds":"1.67","header":"Over"},{"goals":"8","odds":"7.00","header":"Exactly"},{"goals":"8","odds":"3.00","header":"Under"},{"goals":"10","odds":"2.88","header":"Over"},{"goals":"10","odds":"7.50","header":"Exactly"},{"goals":"10","odds":"1.67","header":"Under"},{"goals":"11","odds":"4.00","header":"Over"},{"goals":"11","odds":"8.50","header":"Exactly"},{"goals":"11","odds":"1.40","header":"Under"},{"goals":"12","odds":"6.00","header":"Over"},{"goals":"12","odds":"10.00","header":"Exactly"},{"goals":"12","odds":"1.22","header":"Under"},{"goals":"13","odds":"9.00","header":"Over"},{"goals":"13","odds":"13.00","header":"Exactly"},{"goals":"13","odds":"1.11","header":"Under"},{"goals":"14","odds":"13.00","header":"Over"},{"goals":"14","odds":"17.00","header":"Exactly"},{"goals":"14","odds":"1.06","header":"Under"},{"goals":"15","odds":"19.00","header":"Over"},{"goals":"15","odds":"21.00","header":"Exactly"},{"goals":"15","odds":"1.03","header":"Under"},{"goals":"16","odds":"29.00","header":"Over"},{"goals":"16","odds":"29.00","header":"Exactly"},{"goals":"16","odds":"1.02","header":"Under"}],"corners_2_way":[{"opp":"Over 9.5","odds":"2.10"},{"opp":"Under 9.5","odds":"1.67"}],"first_half_corners":[{"opp":"4","odds":"2.05","header":"Over"},{"opp":"4","odds":"4.75","header":"Exactly"},{"opp":"4","odds":"2.60","header":"Under"}],"asian_total_corners":[{"goals":"9.0","odds":"1.850","header":"Over"},{"goals":"9.0","odds":"1.950","header":"Under"}],"1st_half_asian_corners":[{"goals":"4.5","odds":"2.050","header":"Over"},{"goals":"4.5","odds":"1.750","header":"Under"}]}},"goals":{"updated_at":"1532570721","sp":{"goals_over_under":[{"goals":"2.5","odds":"1.55","header":"Over"},{"goals":"2.5","odds":"2.38","header":"Under"}],"alternative_total_goals":[{"goals":"0.5","odds":"1.03","header":"Over "},{"goals":"0.5","odds":"15.00","header":"Under"},{"goals":"1.5","odds":"1.17","header":"Over "},{"goals":"1.5","odds":"5.00","header":"Under"},{"goals":"3.5","odds":"2.25","header":"Over "},{"goals":"3.5","odds":"1.57","header":"Under"},{"goals":"4.5","odds":"4.00","header":"Over "},{"goals":"4.5","odds":"1.22","header":"Under"},{"goals":"5.5","odds":"8.00","header":"Over "},{"goals":"5.5","odds":"1.08","header":"Under"},{"goals":"6.5","odds":"17.00","header":"Over "},{"goals":"6.5","odds":"1.02","header":"Under"}],"result_total_goals":[{"opp":"Italy U19 & Over 3.5","odds":"11.00"},{"opp":"Italy U19 & Under 3.5","odds":"6.50"},{"opp":"Draw & Over 3.5","odds":"9.50"},{"opp":"Draw & Under  3.5","odds":"5.50"},{"opp":"France U19 & Over 3.5","odds":"3.75"},{"opp":"France U19 & Under 3.5","odds":"3.00"}],"total_goals_both_teams_to_score":[{"opp":"Over 2.5 & Yes","odds":"1.83"},{"opp":"Over 2.5 & No","odds":"7.50"},{"opp":"Under 2.5 & Yes","odds":"7.00"},{"opp":"Under 2.5 & No","odds":"3.20"}],"exact_total_goals":[{"opp":"0 Goals","odds":"15.00"},{"opp":"1 Goal","odds":"7.00"},{"opp":"2 Goals","odds":"4.00"},{"opp":"3 Goals","odds":"4.33"},{"opp":"4 Goals","odds":"4.75"},{"opp":"5 Goals","odds":"8.00"},{"opp":"6 Goals","odds":"13.00"},{"opp":"7+ Goals","odds":"17.00"}],"number_of_goals_in_match":[{"opp":"Under 2 goals","odds":"5.00"},{"opp":"2 or 3 goals","odds":"2.10"},{"opp":"Over 3 goals","odds":"2.25"}],"both_teams_to_score":[{"opp":"Yes","odds":"1.53"},{"opp":"No","odds":"2.38"}],"teams_to_score":[{"opp":"Both Teams","odds":"1.53"},{"opp":"Italy U19 Only","odds":"9.00"},{"opp":"No Goal","odds":"15.00"},{"opp":"France U19 Only","odds":"3.40"}],"both_teams_to_score_in_1st_half":[{"opp":"Yes","odds":"3.75"},{"opp":"No","odds":"1.25"}],"both_teams_to_score_in_2nd_half":[{"opp":"Yes","odds":"2.62"},{"opp":"No","odds":"1.44"}],"both_teams_to_score_1st_half_2nd_half":[{"opp":"Yes \/ Yes","odds":"10.00"},{"opp":"Yes \/ No","odds":"5.50"},{"opp":"No \/ Yes","odds":"3.25"},{"opp":"No \/ No","odds":"1.83"}],"first_half_goals":[{"goals":"0.5","odds":"1.29","header":"Over"},{"goals":"0.5","odds":"3.50","header":"Under"},{"goals":"1.5","odds":"2.38","header":"Over"},{"goals":"1.5","odds":"1.53","header":"Under"},{"goals":"2.5","odds":"5.50","header":"Over"},{"goals":"2.5","odds":"1.14","header":"Under"},{"goals":"3.5","odds":"15.00","header":"Over"},{"goals":"3.5","odds":"1.03","header":"Under"}],"exact_1st_half_goals":[{"opp":"0 Goals","odds":"3.50"},{"opp":"1 Goal","odds":"2.62"},{"opp":"2 Goals","odds":"3.75"},{"opp":"3 Goals","odds":"8.00"},{"opp":"4 Goals","odds":"21.00"},{"opp":"5+ Goals","odds":"41.00"}],"total_goal_minutes":[{"opp":"Over 165 minutes","odds":"2.20"},{"opp":"145 To 165 minutes inc.","odds":"8.50"},{"opp":"Under 145 minutes","odds":"1.83"}],"first_team_to_score":[{"opp":"Italy U19","odds":"2.30"},{"opp":"No Goals","odds":"15.00"},{"opp":"France U19","odds":"1.62"}],"early_goal":[{"opp":"Goal before 25:00","odds":"1.83"},{"opp":"No Goal before 25:00","odds":"1.83"}],"late_goal":[{"opp":"Goal after 76:59","odds":"1.83"},{"opp":"No Goal after 76:59","odds":"1.83"}],"time_of_first_goal_brackets":[{"opp":"1-10","odds":"3.75"},{"opp":"11-20","odds":"4.50"},{"opp":"21-30","odds":"5.50"},{"opp":"31-40","odds":"7.00"},{"opp":"41-50","odds":"8.50"},{"opp":"51-60","odds":"15.00"},{"opp":"61-70","odds":"19.00"},{"opp":"71-80","odds":"23.00"},{"opp":"81 - Full Time","odds":"26.00"},{"opp":"No Goal","odds":"15.00"}],"2nd_half_goals":[{"goals":"0.5","odds":"1.14","header":"Over"},{"goals":"0.5","odds":"5.50","header":"Under"},{"goals":"1.5","odds":"1.73","header":"Over"},{"goals":"1.5","odds":"2.00","header":"Under"},{"goals":"2.5","odds":"3.40","header":"Over"},{"goals":"2.5","odds":"1.30","header":"Under"},{"goals":"3.5","odds":"7.00","header":"Over"},{"goals":"3.5","odds":"1.10","header":"Under"},{"goals":"4.5","odds":"19.00","header":"Over"},{"goals":"4.5","odds":"1.02","header":"Under"}],"exact_2nd_half_goals":[{"opp":"0 Goals","odds":"5.50"},{"opp":"1 Goal","odds":"3.10"},{"opp":"2 Goals","odds":"3.40"},{"opp":"3 Goals","odds":"5.50"},{"opp":"4 Goals","odds":"11.00"},{"opp":"5+ Goals","odds":"19.00"}],"half_with_most_goals":[{"opp":"1st Half","odds":"3.20"},{"opp":"2nd Half","odds":"1.91"},{"opp":"Tie","odds":"4.00"}],"home_team_highest_scoring_half":[{"opp":"Italy U19 - 1st Half","odds":"3.75"},{"opp":"Italy U19 - 2nd Half","odds":"2.50"},{"opp":"Italy U19 - Tie","odds":"2.20"}],"away_team_highest_scoring_half":[{"opp":"France U19 - 1st Half","odds":"3.25"},{"opp":"France U19 - 2nd Half","odds":"2.20"},{"opp":"France U19 - Tie","odds":"2.88"}],"home_team_exact_goals":[{"opp":"Italy U19 - 0 Goals","odds":"3.00"},{"opp":"Italy U19 - 1 Goal","odds":"2.50"},{"opp":"Italy U19 - 2 Goals","odds":"4.00"},{"opp":"Italy U19 - 3+ Goals","odds":"7.00"}],"away_team_exact_goals":[{"opp":"France U19 - 0 Goals","odds":"6.50"},{"opp":"France U19 - 1 Goal","odds":"3.20"},{"opp":"France U19 - 2 Goals","odds":"3.25"},{"opp":"France U19 - 3+ Goals","odds":"3.00"}],"time_of_1st_team_goal":[{"opp":"Italy U19 - Goal before 59:00","odds":"1.83"},{"opp":"Italy U19 - No Goal before 59:00","odds":"1.83"},{"opp":"France U19 - Goal before 38:00","odds":"1.83"},{"opp":"France U19 - No Goal before 38:00","odds":"1.83"}],"goals_odd_even":[{"opp":"Even","odds":"1.90"},{"opp":"Odd","odds":"1.95"}],"home_team_odd_even_goals":[{"opp":"Italy U19 - Even","odds":"1.73"},{"opp":"Italy U19 - Odd","odds":"2.00"}],"away_team_odd_even_goals":[{"opp":"France U19 - Even","odds":"1.83"},{"opp":"France U19 - Odd","odds":"1.83"}],"1st_half_goals_odd_even":[{"opp":"Odd","odds":"2.00"},{"opp":"Even","odds":"1.80"}],"last_team_to_score":[{"opp":"Italy U19","odds":"2.30"},{"opp":"No Goal","odds":"15.00"},{"opp":"France U19","odds":"1.62"}],"first_10_minutes_(00:00_09:59)":[{"name":"Goals","handicap":"0.5","odds":"3.75","header":"Over"},{"name":"Goals","handicap":"0.5","odds":"1.25","header":"Under"}]}},"half":{"updated_at":"1532570798","sp":{"half_time_result":[{"opp":"1","odds":"4.50"},{"opp":"X","odds":"2.38"},{"opp":"2","odds":"2.30"}],"half_time_double_chance":[{"opp":"1X","odds":"1.57"},{"opp":"X2","odds":"1.18"},{"opp":"12","odds":"1.53"}],"half_time_result_both_teams_to_score":[{"opp":"Italy U19 & Yes","odds":"21.00"},{"opp":"Italy U19 & No","odds":"5.00"},{"opp":"Draw & Yes","odds":"6.50"},{"opp":"Draw & No","odds":"3.40"},{"opp":"France U19 & Yes","odds":"12.00"},{"opp":"France U19 & No","odds":"2.62"}],"half_time_result_total_goals":[{"opp":"Italy U19 & Over 1.5","odds":"11.00"},{"opp":"Italy U19 & Under 1.5","odds":"6.50"},{"opp":"Draw & Over 1.5","odds":"7.00"},{"opp":"Draw & Under 1.5","odds":"3.50"},{"opp":"France U19 & Over 1.5","odds":"4.50"},{"opp":"France U19 & Under 1.5","odds":"4.00"}],"half_time_correct_score":[{"opp":"1-0","odds":"6.50","header":"Home"},{"opp":"0-0","odds":"3.50","header":"X"},{"opp":"1-0","odds":"4.00","header":"Away"},{"opp":"2-0","odds":"21.00","header":"Home"},{"opp":"1-1","odds":"7.00","header":"X"},{"opp":"2-0","odds":"9.00","header":"Away"},{"opp":"2-1","odds":"26.00","header":"Home"},{"opp":"2-2","odds":"41.00","header":"X"},{"opp":"2-1","odds":"17.00","header":"Away"},{"opp":"3-0","odds":"67.00","header":"Home"},{"opp":"3-0","odds":"26.00","header":"Away"},{"opp":"3-1","odds":"81.00","header":"Home"},{"opp":"3-1","odds":"41.00","header":"Away"},{"opp":"3-2","odds":"151.00","header":"Home"},{"opp":"3-2","odds":"101.00","header":"Away"},{"opp":"4-0","odds":"67.00","header":"Away"},{"opp":"4-1","odds":"126.00","header":"Away"},{"opp":"5-0","odds":"301.00","header":"Away"}],"both_teams_to_score_in_1st_half":[{"opp":"Yes","odds":"3.75"},{"opp":"No","odds":"1.25"}],"both_teams_to_score_in_2nd_half":[{"opp":"Yes","odds":"2.62"},{"opp":"No","odds":"1.44"}],"both_teams_to_score_1st_half_2nd_half":[{"opp":"Yes \/ Yes","odds":"10.00"},{"opp":"Yes \/ No","odds":"5.50"},{"opp":"No \/ Yes","odds":"3.25"},{"opp":"No \/ No","odds":"1.83"}],"1st_half_handicap":[{"opp":"Italy U19  +1.0","odds":"1.57"},{"opp":"Tie - France U19 -1.0","odds":"3.25"},{"opp":"France U19  -1.0","odds":"6.00"}],"alternative_1st_half_handicap_result":[{"opp":"-1.0","odds":"15.00","header":"Home"},{"opp":"+1.0","odds":"5.00","header":"Tie"},{"opp":"+1.0","odds":"1.18","header":"Away"},{"opp":"+2.0","odds":"1.09","header":"Home"},{"opp":"-2.0","odds":"7.50","header":"Tie"},{"opp":"-2.0","odds":"17.00","header":"Away"}],"first_half_goals":[{"goals":"0.5","odds":"1.29","header":"Over"},{"goals":"0.5","odds":"3.50","header":"Under"},{"goals":"1.5","odds":"2.38","header":"Over"},{"goals":"1.5","odds":"1.53","header":"Under"},{"goals":"2.5","odds":"5.50","header":"Over"},{"goals":"2.5","odds":"1.14","header":"Under"},{"goals":"3.5","odds":"15.00","header":"Over"},{"goals":"3.5","odds":"1.03","header":"Under"}],"exact_1st_half_goals":[{"opp":"0 Goals","odds":"3.50"},{"opp":"1 Goal","odds":"2.62"},{"opp":"2 Goals","odds":"3.75"},{"opp":"3 Goals","odds":"8.00"},{"opp":"4 Goals","odds":"21.00"},{"opp":"5+ Goals","odds":"41.00"}],"first_half_corners":[{"opp":"4","odds":"2.05","header":"Over"},{"opp":"4","odds":"4.75","header":"Exactly"},{"opp":"4","odds":"2.60","header":"Under"}],"1st_half_asian_corners":[{"goals":"4.5","odds":"2.050","header":"Over"},{"goals":"4.5","odds":"1.750","header":"Under"}],"1st_half_goals_odd_even":[{"opp":"Odd","odds":"2.00"},{"opp":"Even","odds":"1.80"}],"to_score_in_half":[{"name":"1st Half","odds":"2.25","header":"Yes"},{"name":"1st Half","odds":"1.57","header":"No"},{"name":"2nd Half","odds":"1.83","header":"Yes"},{"name":"2nd Half","odds":"1.83","header":"No"},{"name":"1st Half","odds":"1.67","header":"Yes"},{"name":"1st Half","odds":"2.10","header":"No"},{"name":"2nd Half","odds":"1.40","header":"Yes"},{"name":"2nd Half","odds":"2.75","header":"No"}],"half_with_most_goals":[{"opp":"1st Half","odds":"3.20"},{"opp":"2nd Half","odds":"1.91"},{"opp":"Tie","odds":"4.00"}],"home_team_highest_scoring_half":[{"opp":"Italy U19 - 1st Half","odds":"3.75"},{"opp":"Italy U19 - 2nd Half","odds":"2.50"},{"opp":"Italy U19 - Tie","odds":"2.20"}],"away_team_highest_scoring_half":[{"opp":"France U19 - 1st Half","odds":"3.25"},{"opp":"France U19 - 2nd Half","odds":"2.20"},{"opp":"France U19 - Tie","odds":"2.88"}],"2nd_half_result":[{"opp":"1","odds":"4.00"},{"opp":"X","odds":"2.75"},{"opp":"2","odds":"2.00"}],"2nd_half_goals":[{"goals":"0.5","odds":"1.14","header":"Over"},{"goals":"0.5","odds":"5.50","header":"Under"},{"goals":"1.5","odds":"1.73","header":"Over"},{"goals":"1.5","odds":"2.00","header":"Under"},{"goals":"2.5","odds":"3.40","header":"Over"},{"goals":"2.5","odds":"1.30","header":"Under"},{"goals":"3.5","odds":"7.00","header":"Over"},{"goals":"3.5","odds":"1.10","header":"Under"},{"goals":"4.5","odds":"19.00","header":"Over"},{"goals":"4.5","odds":"1.02","header":"Under"}],"exact_2nd_half_goals":[{"opp":"0 Goals","odds":"5.50"},{"opp":"1 Goal","odds":"3.10"},{"opp":"2 Goals","odds":"3.40"},{"opp":"3 Goals","odds":"5.50"},{"opp":"4 Goals","odds":"11.00"},{"opp":"5+ Goals","odds":"19.00"}],"2nd_half_goals_odd_even":[{"opp":"Even","odds":"1.80"},{"opp":"Odd","odds":"1.91"}]}},"main":{"updated_at":"1532570403","sp":{"full_time_result":[{"opp":"1","odds":"4.20"},{"opp":"X","odds":"3.40"},{"opp":"2","odds":"1.73"}],"double_chance":[{"opp":"1X","odds":"2.00"},{"opp":"X2","odds":"1.22"},{"opp":"12","odds":"1.30"}],"correct_score":[{"opp":"1-0","odds":"17.00","header":"Home"},{"opp":"0-0","odds":"15.00","header":"X"},{"opp":"1-0","odds":"10.00","header":"Away"},{"opp":"2-0","odds":"26.00","header":"Home"},{"opp":"1-1","odds":"7.00","header":"X"},{"opp":"2-0","odds":"10.00","header":"Away"},{"opp":"2-1","odds":"15.00","header":"Home"},{"opp":"2-2","odds":"11.00","header":"X"},{"opp":"2-1","odds":"8.50","header":"Away"},{"opp":"3-0","odds":"51.00","header":"Home"},{"opp":"3-3","odds":"34.00","header":"X"},{"opp":"3-0","odds":"15.00","header":"Away"},{"opp":"3-1","odds":"29.00","header":"Home"},{"opp":"4-4","odds":"126.00","header":"X"},{"opp":"3-1","odds":"13.00","header":"Away"},{"opp":"3-2","odds":"34.00","header":"Home"},{"opp":"3-2","odds":"21.00","header":"Away"},{"opp":"4-0","odds":"101.00","header":"Home"},{"opp":"4-0","odds":"29.00","header":"Away"},{"opp":"4-1","odds":"67.00","header":"Home"},{"opp":"4-1","odds":"23.00","header":"Away"},{"opp":"4-2","odds":"67.00","header":"Home"},{"opp":"4-2","odds":"34.00","header":"Away"},{"opp":"4-3","odds":"81.00","header":"Home"},{"opp":"4-3","odds":"51.00","header":"Away"},{"opp":"5-0","odds":"351.00","header":"Home"},{"opp":"5-0","odds":"51.00","header":"Away"},{"opp":"5-1","odds":"201.00","header":"Home"},{"opp":"5-1","odds":"41.00","header":"Away"},{"opp":"5-2","odds":"201.00","header":"Home"},{"opp":"5-2","odds":"51.00","header":"Away"},{"opp":"5-3","odds":"301.00","header":"Home"},{"opp":"5-3","odds":"126.00","header":"Away"},{"opp":"5-4","odds":"351.00","header":"Away"},{"opp":"6-0","odds":"101.00","header":"Away"},{"opp":"6-1","odds":"101.00","header":"Away"},{"opp":"6-2","odds":"151.00","header":"Away"},{"opp":"6-3","odds":"301.00","header":"Away"},{"opp":"7-0","odds":"351.00","header":"Away"},{"opp":"7-1","odds":"251.00","header":"Away"}],"half_time_full_time":[{"opp":"Italy U19 - Italy U19","odds":"7.00"},{"opp":"Italy U19 - Draw","odds":"13.00"},{"opp":"Italy U19 - France U19","odds":"19.00"},{"opp":"Draw - Italy U19","odds":"10.00"},{"opp":"Draw - Draw","odds":"6.50"},{"opp":"Draw - France U19","odds":"4.75"},{"opp":"France U19 - Italy U19","odds":"34.00"},{"opp":"France U19 - Draw","odds":"15.00"},{"opp":"France U19 - France U19","odds":"2.62"}],"goals_over_under":[{"goals":"2.5","odds":"1.55","header":"Over"},{"goals":"2.5","odds":"2.38","header":"Under"}],"both_teams_to_score":[{"opp":"Yes","odds":"1.53"},{"opp":"No","odds":"2.38"}],"draw_no_bet":[{"opp":"Italy U19","odds":"3.25"},{"opp":"France U19","odds":"1.33"}],"result_both_teams_to_score":[{"name":"Italy U19","odds":"7.00","header":"Yes"},{"name":"Italy U19","odds":"9.50","header":"No"},{"name":"France U19","odds":"3.10","header":"Yes"},{"name":"France U19","odds":"3.60","header":"No"},{"name":"Draw","odds":"4.33","header":"Yes"},{"name":"Draw","odds":"15.00","header":"No"}],"handicap_result":[{"opp":"Italy U19 (+1)","odds":"2.00"},{"opp":"Tie - (France U19 -1)","odds":"4.00"},{"opp":"France U19 (-1)","odds":"2.88"}],"alternative_handicap_result":[{"opp":"-2.0","odds":"17.00","header":"Home"},{"opp":"+2.0","odds":"10.00","header":"Tie"},{"opp":"+2.0","odds":"1.06","header":"Away"},{"opp":"-1.0","odds":"8.50","header":"Home"},{"opp":"+1.0","odds":"6.50","header":"Tie"},{"opp":"+1.0","odds":"1.22","header":"Away"},{"opp":"+2.0","odds":"1.36","header":"Home"},{"opp":"-2.0","odds":"5.00","header":"Tie"},{"opp":"-2.0","odds":"5.50","header":"Away"},{"opp":"+3.0","odds":"1.11","header":"Home"},{"opp":"-3.0","odds":"8.00","header":"Tie"},{"opp":"-3.0","odds":"11.00","header":"Away"}],"winning_margin":[{"goals":" 1","odds":"6.50","header":"Home"},{"goals":" 1","odds":"4.00","header":"Away"},{"goals":" 2","odds":"10.00","header":"Home"},{"goals":" 2","odds":"5.00","header":"Away"},{"goals":" 3","odds":"34.00","header":"Home"},{"goals":" 3","odds":"8.00","header":"Away"},{"goals":" 4+","odds":"67.00","header":"Home"},{"goals":" 4+","odds":"11.00","header":"Away"},{"goals":"Score Draw","odds":"4.33","header":"Home"},{"goals":"No Goal","odds":"15.00","header":"Home"}]}},"schedule":{"updated_at":"1532570194","sp":{"main":[{"odds":"4.20"},{"odds":"3.40"},{"odds":"1.73"}]}},"specials":{"updated_at":"1532570732","sp":{"specials":[{"name":"To Win From Behind","odds":"15.00","header":"Home"},{"name":"To Win From Behind","odds":"8.00","header":"Away"},{"name":"To Win to Nil","odds":"9.50","header":"Home"},{"name":"To Win to Nil","odds":"3.60","header":"Away"},{"name":"To Win Either Half","odds":"2.38","header":"Home"},{"name":"To Win Either Half","odds":"1.36","header":"Away"},{"name":"To Win Both Halves","odds":"19.00","header":"Home"},{"name":"To Win Both Halves","odds":"4.50","header":"Away"},{"name":"To Score in Both Halves","odds":"4.33","header":"Home"},{"name":"To Score in Both Halves","odds":"2.38","header":"Away"}],"to_score_in_half":[{"name":"1st Half","odds":"2.25","header":"Yes"},{"name":"1st Half","odds":"1.57","header":"No"},{"name":"2nd Half","odds":"1.83","header":"Yes"},{"name":"2nd Half","odds":"1.83","header":"No"},{"name":"1st Half","odds":"1.67","header":"Yes"},{"name":"1st Half","odds":"2.10","header":"No"},{"name":"2nd Half","odds":"1.40","header":"Yes"},{"name":"2nd Half","odds":"2.75","header":"No"}]}}}]}}