{"odd":{"success":1,"results":[{"FI":"75367851","event_id":"840277","asian_lines":{"updated_at":"1532570551","sp":{"asian_handicap":[{"opp":"-1.0, -1.5","odds":"1.900","header":"Home"},{"opp":"+1.0, +1.5","odds":"1.900","header":"Away"}],"goal_line":[{"goals":"2.5","odds":"1.975","header":"Over"},{"goals":"2.5","odds":"1.825","header":"Under"}],"alternative_asian_handicap":[{"opp":"-2.5, -3.0","odds":"5.000","header":"Home"},{"opp":"+2.5, +3.0","odds":"1.170","header":"Away"},{"opp":"-2.5","odds":"3.900","header":"Home"},{"opp":"+2.5","odds":"1.240","header":"Away"},{"opp":"-2.0, -2.5","odds":"3.550","header":"Home"},{"opp":"+2.0, +2.5","odds":"1.275","header":"Away"},{"opp":"-2.0","odds":"3.300","header":"Home"},{"opp":"+2.0","odds":"1.325","header":"Away"},{"opp":"-1.5, -2.0","odds":"2.500","header":"Home"},{"opp":"+1.5, +2.0","odds":"1.500","header":"Away"},{"opp":"-1.5","odds":"2.200","header":"Home"},{"opp":"+1.5","odds":"1.650","header":"Away"},{"opp":"-1.0","odds":"1.575","header":"Home"},{"opp":"+1.0","odds":"2.350","header":"Away"},{"opp":"-0.5, -1.0","odds":"1.425","header":"Home"},{"opp":"+0.5, +1.0","odds":"2.750","header":"Away"},{"opp":"-0.5","odds":"1.325","header":"Home"},{"opp":"+0.5","odds":"3.300","header":"Away"},{"opp":"0.0, -0.5","odds":"1.220","header":"Home"},{"opp":"0.0, +0.5","odds":"4.150","header":"Away"},{"opp":"0.0","odds":"1.110","header":"Home"},{"opp":"0.0","odds":"6.600","header":"Away"}],"alternative_goal_line":[{"goals":"1.0, 1.5","odds":"1.200","header":"Over"},{"goals":"1.0, 1.5","odds":"4.400","header":"Under"},{"goals":"1.5","odds":"1.350","header":"Over"},{"goals":"1.5","odds":"3.100","header":"Under"},{"goals":"1.5, 2.0","odds":"1.400","header":"Over"},{"goals":"1.5, 2.0","odds":"2.850","header":"Under"},{"goals":"2.0","odds":"1.525","header":"Over"},{"goals":"2.0","odds":"2.425","header":"Under"},{"goals":"2.0, 2.5","odds":"1.725","header":"Over"},{"goals":"2.0, 2.5","odds":"2.075","header":"Under"},{"goals":"2.5, 3.0","odds":"2.250","header":"Over"},{"goals":"2.5, 3.0","odds":"1.625","header":"Under"},{"goals":"3.0","odds":"2.750","header":"Over"},{"goals":"3.0","odds":"1.425","header":"Under"},{"goals":"3.0, 3.5","odds":"3.100","header":"Over"},{"goals":"3.0, 3.5","odds":"1.350","header":"Under"},{"goals":"3.5","odds":"3.450","header":"Over"},{"goals":"3.5","odds":"1.300","header":"Under"},{"goals":"3.5, 4.0","odds":"4.250","header":"Over"},{"goals":"3.5, 4.0","odds":"1.210","header":"Under"},{"goals":"4.0","odds":"5.900","header":"Over"},{"goals":"4.0","odds":"1.130","header":"Under"},{"goals":"4.0, 4.5","odds":"6.250","header":"Over"},{"goals":"4.0, 4.5","odds":"1.120","header":"Under"},{"goals":"4.5","odds":"6.600","header":"Over"},{"goals":"4.5","odds":"1.110","header":"Under"}],"1st_half_asian_handicap":[{"opp":"-0.5","odds":"1.950","header":"Home"},{"opp":"+0.5","odds":"1.850","header":"Away"}],"1st_half_goal_line":[{"goals":"1.0","odds":"1.900","header":"Over"},{"goals":"1.0","odds":"1.900","header":"Under"}],"alternative_1st_half_asian_handicap":[{"opp":"-1.5, -2.0","odds":"6.600","header":"Home"},{"opp":"+1.5, +2.0","odds":"1.110","header":"Away"},{"opp":"-1.5","odds":"4.650","header":"Home"},{"opp":"+1.5","odds":"1.180","header":"Away"},{"opp":"-1.0, -1.5","odds":"4.000","header":"Home"},{"opp":"+1.0, +1.5","odds":"1.230","header":"Away"},{"opp":"-1.0","odds":"3.450","header":"Home"},{"opp":"+1.0","odds":"1.300","header":"Away"},{"opp":"-0.5, -1.0","odds":"2.350","header":"Home"},{"opp":"+0.5, +1.0","odds":"1.575","header":"Away"},{"opp":"0.0, -0.5","odds":"1.550","header":"Home"},{"opp":"0.0, +0.5","odds":"2.375","header":"Away"},{"opp":"0.0","odds":"1.200","header":"Home"},{"opp":"0.0","odds":"4.400","header":"Away"},{"opp":"0.0, +0.5","odds":"1.130","header":"Home"},{"opp":"0.0, -0.5","odds":"5.900","header":"Away"},{"opp":"+0.5","odds":"1.100","header":"Home"},{"opp":"-0.5","odds":"7.000","header":"Away"}],"alternative_1st_half_goal_line":[{"goals":"0.5, 1.0","odds":"1.550","header":"Over"},{"goals":"0.5, 1.0","odds":"2.375","header":"Under"},{"goals":"1.0, 1.5","odds":"2.375","header":"Over"},{"goals":"1.0, 1.5","odds":"1.550","header":"Under"},{"goals":"1.5","odds":"2.850","header":"Over"},{"goals":"1.5","odds":"1.400","header":"Under"},{"goals":"1.5, 2.0","odds":"3.700","header":"Over"},{"goals":"1.5, 2.0","odds":"1.260","header":"Under"},{"goals":"2.0","odds":"5.900","header":"Over"},{"goals":"2.0","odds":"1.130","header":"Under"},{"goals":"2.0, 2.5","odds":"6.600","header":"Over"},{"goals":"2.0, 2.5","odds":"1.110","header":"Under"}],"asian_total_corners":[{"goals":"9.0","odds":"1.975","header":"Over"},{"goals":"9.0","odds":"1.825","header":"Under"}],"1st_half_asian_corners":[{"goals":"4.0","odds":"1.750","header":"Over"},{"goals":"4.0","odds":"2.050","header":"Under"}]}},"corners":{"updated_at":"1532570559","sp":{"corners":[{"opp":"Over 9","odds":"2.20"},{"opp":"Exactly 9","odds":"7.00"},{"opp":"Under 9","odds":"2.00"}],"total_corners":[{"opp":"Under 6","odds":"7.00"},{"opp":"6 - 8","odds":"2.62"},{"opp":"9 - 11","odds":"2.60"},{"opp":"12 - 14","odds":"5.50"},{"opp":"Over 14","odds":"17.00"}],"alternative_corners":[{"goals":"3","odds":"1.01","header":"Over"},{"goals":"3","odds":"26.00","header":"Exactly"},{"goals":"3","odds":"41.00","header":"Under"},{"goals":"4","odds":"1.04","header":"Over"},{"goals":"4","odds":"17.00","header":"Exactly"},{"goals":"4","odds":"23.00","header":"Under"},{"goals":"5","odds":"1.08","header":"Over"},{"goals":"5","odds":"13.00","header":"Exactly"},{"goals":"5","odds":"13.00","header":"Under"},{"goals":"6","odds":"1.20","header":"Over"},{"goals":"6","odds":"9.00","header":"Exactly"},{"goals":"6","odds":"7.00","header":"Under"},{"goals":"7","odds":"1.40","header":"Over"},{"goals":"7","odds":"7.50","header":"Exactly"},{"goals":"7","odds":"4.33","header":"Under"},{"goals":"8","odds":"1.73","header":"Over"},{"goals":"8","odds":"7.00","header":"Exactly"},{"goals":"8","odds":"2.88","header":"Under"},{"goals":"10","odds":"3.00","header":"Over"},{"goals":"10","odds":"7.50","header":"Exactly"},{"goals":"10","odds":"1.62","header":"Under"},{"goals":"11","odds":"4.33","header":"Over"},{"goals":"11","odds":"9.00","header":"Exactly"},{"goals":"11","odds":"1.36","header":"Under"},{"goals":"12","odds":"6.50","header":"Over"},{"goals":"12","odds":"11.00","header":"Exactly"},{"goals":"12","odds":"1.20","header":"Under"},{"goals":"13","odds":"10.00","header":"Over"},{"goals":"13","odds":"15.00","header":"Exactly"},{"goals":"13","odds":"1.10","header":"Under"},{"goals":"14","odds":"15.00","header":"Over"},{"goals":"14","odds":"17.00","header":"Exactly"},{"goals":"14","odds":"1.05","header":"Under"},{"goals":"15","odds":"21.00","header":"Over"},{"goals":"15","odds":"23.00","header":"Exactly"},{"goals":"15","odds":"1.02","header":"Under"},{"goals":"16","odds":"29.00","header":"Over"},{"goals":"16","odds":"29.00","header":"Exactly"},{"goals":"16","odds":"1.02","header":"Under"}],"corners_2_way":[{"opp":"Over 8.5","odds":"1.73"},{"opp":"Under 8.5","odds":"2.00"}],"first_half_corners":[{"opp":"4","odds":"2.10","header":"Over"},{"opp":"4","odds":"4.75","header":"Exactly"},{"opp":"4","odds":"2.50","header":"Under"}],"asian_total_corners":[{"goals":"9.0","odds":"1.975","header":"Over"},{"goals":"9.0","odds":"1.825","header":"Under"}],"1st_half_asian_corners":[{"goals":"4.0","odds":"1.750","header":"Over"},{"goals":"4.0","odds":"2.050","header":"Under"}]}},"goals":{"updated_at":"1532570562","sp":{"goals_over_under":[{"goals":"2.5","odds":"2.00","header":"Over"},{"goals":"2.5","odds":"1.80","header":"Under"}],"alternative_total_goals":[{"goals":"0.5","odds":"1.02","header":"Over "},{"goals":"0.5","odds":"11.00","header":"Under"},{"goals":"1.5","odds":"1.30","header":"Over "},{"goals":"1.5","odds":"3.40","header":"Under"},{"goals":"3.5","odds":"3.40","header":"Over "},{"goals":"3.5","odds":"1.30","header":"Under"},{"goals":"4.5","odds":"6.00","header":"Over "},{"goals":"4.5","odds":"1.11","header":"Under"},{"goals":"5.5","odds":"10.00","header":"Over "},{"goals":"5.5","odds":"1.03","header":"Under"},{"goals":"6.5","odds":"15.00","header":"Over "},{"goals":"6.5","odds":"1.01","header":"Under"}],"result_total_goals":[{"opp":"Maccabi Tel Aviv & Over 2.5","odds":"2.20"},{"opp":"Maccabi Tel Aviv & Under 2.5","odds":"3.00"},{"opp":"Draw & Over 2.5","odds":"23.00"},{"opp":"Draw & Under  2.5","odds":"6.00"},{"opp":"Radnicki Nis & Over 2.5","odds":"17.00"},{"opp":"Radnicki Nis & Under 2.5","odds":"15.00"}],"total_goals_both_teams_to_score":[{"opp":"Over 2.5 & Yes","odds":"2.75"},{"opp":"Over 2.5 & No","odds":"5.00"},{"opp":"Under 2.5 & Yes","odds":"10.00"},{"opp":"Under 2.5 & No","odds":"2.20"}],"exact_total_goals":[{"opp":"0 Goals","odds":"11.00"},{"opp":"1 Goal","odds":"4.33"},{"opp":"2 Goals","odds":"4.00"},{"opp":"3 Goals","odds":"4.00"},{"opp":"4 Goals","odds":"6.50"},{"opp":"5 Goals","odds":"11.00"},{"opp":"6 Goals","odds":"23.00"},{"opp":"7+ Goals","odds":"15.00"}],"number_of_goals_in_match":[{"opp":"Under 2 goals","odds":"3.40"},{"opp":"2 or 3 goals","odds":"2.00"},{"opp":"Over 3 goals","odds":"3.40"}],"both_teams_to_score":[{"opp":"Yes","odds":"2.25"},{"opp":"No","odds":"1.57"}],"teams_to_score":[{"opp":"Both Teams","odds":"2.25"},{"opp":"Maccabi Tel Aviv Only","odds":"1.91"},{"opp":"No Goal","odds":"11.00"},{"opp":"Radnicki Nis Only","odds":"13.00"}],"both_teams_to_score_in_1st_half":[{"opp":"Yes","odds":"6.00"},{"opp":"No","odds":"1.11"}],"both_teams_to_score_in_2nd_half":[{"opp":"Yes","odds":"4.33"},{"opp":"No","odds":"1.20"}],"both_teams_to_score_1st_half_2nd_half":[{"opp":"Yes \/ Yes","odds":"26.00"},{"opp":"Yes \/ No","odds":"7.00"},{"opp":"No \/ Yes","odds":"4.75"},{"opp":"No \/ No","odds":"1.36"}],"first_half_goals":[{"goals":"0.5","odds":"1.36","header":"Over"},{"goals":"0.5","odds":"3.00","header":"Under"},{"goals":"1.5","odds":"2.75","header":"Over"},{"goals":"1.5","odds":"1.40","header":"Under"},{"goals":"2.5","odds":"7.00","header":"Over"},{"goals":"2.5","odds":"1.10","header":"Under"},{"goals":"3.5","odds":"21.00","header":"Over"},{"goals":"3.5","odds":"1.02","header":"Under"}],"exact_1st_half_goals":[{"opp":"0 Goals","odds":"3.00"},{"opp":"1 Goal","odds":"2.50"},{"opp":"2 Goals","odds":"4.00"},{"opp":"3 Goals","odds":"10.00"},{"opp":"4 Goals","odds":"29.00"},{"opp":"5+ Goals","odds":"51.00"}],"first_team_to_score":[{"opp":"Maccabi Tel Aviv","odds":"1.25"},{"opp":"No Goals","odds":"11.00"},{"opp":"Radnicki Nis","odds":"4.33"}],"2nd_half_goals":[{"goals":"0.5","odds":"1.22","header":"Over"},{"goals":"0.5","odds":"4.00","header":"Under"},{"goals":"1.5","odds":"2.10","header":"Over"},{"goals":"1.5","odds":"1.67","header":"Under"},{"goals":"2.5","odds":"4.50","header":"Over"},{"goals":"2.5","odds":"1.18","header":"Under"},{"goals":"3.5","odds":"13.00","header":"Over"},{"goals":"3.5","odds":"1.04","header":"Under"}],"exact_2nd_half_goals":[{"opp":"0 Goals","odds":"4.00"},{"opp":"1 Goal","odds":"2.62"},{"opp":"2 Goals","odds":"3.60"},{"opp":"3 Goals","odds":"7.00"},{"opp":"4 Goals","odds":"17.00"},{"opp":"5+ Goals","odds":"29.00"}],"half_with_most_goals":[{"opp":"1st Half","odds":"3.10"},{"opp":"2nd Half","odds":"2.05"},{"opp":"Tie","odds":"3.50"}],"home_team_highest_scoring_half":[{"opp":"Maccabi Tel Aviv - 1st Half","odds":"3.20"},{"opp":"Maccabi Tel Aviv - 2nd Half","odds":"2.20"},{"opp":"Maccabi Tel Aviv - Tie","odds":"3.00"}],"away_team_highest_scoring_half":[{"opp":"Radnicki Nis - 1st Half","odds":"4.50"},{"opp":"Radnicki Nis - 2nd Half","odds":"3.75"},{"opp":"Radnicki Nis - Tie","odds":"1.57"}],"home_team_exact_goals":[{"opp":"Maccabi Tel Aviv - 0 Goals","odds":"6.50"},{"opp":"Maccabi Tel Aviv - 1 Goal","odds":"3.10"},{"opp":"Maccabi Tel Aviv - 2 Goals","odds":"3.25"},{"opp":"Maccabi Tel Aviv - 3+ Goals","odds":"2.75"}],"away_team_exact_goals":[{"opp":"Radnicki Nis - 0 Goals","odds":"1.73"},{"opp":"Radnicki Nis - 1 Goal","odds":"2.62"},{"opp":"Radnicki Nis - 2 Goals","odds":"7.50"},{"opp":"Radnicki Nis - 3+ Goals","odds":"13.00"}],"goals_odd_even":[{"opp":"Even","odds":"1.90"},{"opp":"Odd","odds":"1.95"}],"home_team_odd_even_goals":[{"opp":"Maccabi Tel Aviv - Even","odds":"1.83"},{"opp":"Maccabi Tel Aviv - Odd","odds":"1.83"}],"away_team_odd_even_goals":[{"opp":"Radnicki Nis - Even","odds":"1.44"},{"opp":"Radnicki Nis - Odd","odds":"2.62"}],"1st_half_goals_odd_even":[{"opp":"Odd","odds":"2.10"},{"opp":"Even","odds":"1.73"}],"last_team_to_score":[{"opp":"Maccabi Tel Aviv","odds":"1.25"},{"opp":"No Goal","odds":"11.00"},{"opp":"Radnicki Nis","odds":"4.33"}]}},"half":{"updated_at":"1532570728","sp":{"half_time_result":[{"opp":"1","odds":"1.91"},{"opp":"X","odds":"2.30"},{"opp":"2","odds":"7.00"}],"half_time_double_chance":[{"opp":"1X","odds":"1.10"},{"opp":"X2","odds":"1.80"},{"opp":"12","odds":"1.57"}],"half_time_result_both_teams_to_score":[{"opp":"Maccabi Tel Aviv & Yes","odds":"17.00"},{"opp":"Maccabi Tel Aviv & No","odds":"2.05"},{"opp":"Draw & Yes","odds":"10.00"},{"opp":"Draw & No","odds":"2.88"},{"opp":"Radnicki Nis & Yes","odds":"41.00"},{"opp":"Radnicki Nis & No","odds":"7.50"}],"half_time_result_total_goals":[{"opp":"Maccabi Tel Aviv & Over 1.5","odds":"4.00"},{"opp":"Maccabi Tel Aviv & Under 1.5","odds":"3.20"},{"opp":"Draw & Over 1.5","odds":"11.00"},{"opp":"Draw & Under 1.5","odds":"3.00"},{"opp":"Radnicki Nis & Over 1.5","odds":"26.00"},{"opp":"Radnicki Nis & Under 1.5","odds":"8.50"}],"half_time_correct_score":[{"opp":"1-0","odds":"3.20","header":"Home"},{"opp":"0-0","odds":"3.00","header":"X"},{"opp":"1-0","odds":"8.50","header":"Away"},{"opp":"2-0","odds":"6.50","header":"Home"},{"opp":"1-1","odds":"11.00","header":"X"},{"opp":"2-0","odds":"41.00","header":"Away"},{"opp":"2-1","odds":"21.00","header":"Home"},{"opp":"2-2","odds":"81.00","header":"X"},{"opp":"2-1","odds":"41.00","header":"Away"},{"opp":"3-0","odds":"19.00","header":"Home"},{"opp":"3-0","odds":"151.00","header":"Away"},{"opp":"3-1","odds":"51.00","header":"Home"},{"opp":"4-0","odds":"51.00","header":"Home"},{"opp":"4-1","odds":"151.00","header":"Home"},{"opp":"5-0","odds":"151.00","header":"Home"}],"both_teams_to_score_in_1st_half":[{"opp":"Yes","odds":"6.00"},{"opp":"No","odds":"1.11"}],"both_teams_to_score_in_2nd_half":[{"opp":"Yes","odds":"4.33"},{"opp":"No","odds":"1.20"}],"both_teams_to_score_1st_half_2nd_half":[{"opp":"Yes \/ Yes","odds":"26.00"},{"opp":"Yes \/ No","odds":"7.00"},{"opp":"No \/ Yes","odds":"4.75"},{"opp":"No \/ No","odds":"1.36"}],"1st_half_asian_handicap":[{"opp":"-0.5","odds":"1.950","header":"Home"},{"opp":"+0.5","odds":"1.850","header":"Away"}],"1st_half_goal_line":[{"goals":"1.0","odds":"1.900","header":"Over"},{"goals":"1.0","odds":"1.900","header":"Under"}],"alternative_1st_half_asian_handicap":[{"opp":"-1.5, -2.0","odds":"6.600","header":"Home"},{"opp":"+1.5, +2.0","odds":"1.110","header":"Away"},{"opp":"-1.5","odds":"4.650","header":"Home"},{"opp":"+1.5","odds":"1.180","header":"Away"},{"opp":"-1.0, -1.5","odds":"4.000","header":"Home"},{"opp":"+1.0, +1.5","odds":"1.230","header":"Away"},{"opp":"-1.0","odds":"3.450","header":"Home"},{"opp":"+1.0","odds":"1.300","header":"Away"},{"opp":"-0.5, -1.0","odds":"2.350","header":"Home"},{"opp":"+0.5, +1.0","odds":"1.575","header":"Away"},{"opp":"0.0, -0.5","odds":"1.550","header":"Home"},{"opp":"0.0, +0.5","odds":"2.375","header":"Away"},{"opp":"0.0","odds":"1.200","header":"Home"},{"opp":"0.0","odds":"4.400","header":"Away"},{"opp":"0.0, +0.5","odds":"1.130","header":"Home"},{"opp":"0.0, -0.5","odds":"5.900","header":"Away"},{"opp":"+0.5","odds":"1.100","header":"Home"},{"opp":"-0.5","odds":"7.000","header":"Away"}],"alternative_1st_half_goal_line":[{"goals":"0.5, 1.0","odds":"1.550","header":"Over"},{"goals":"0.5, 1.0","odds":"2.375","header":"Under"},{"goals":"1.0, 1.5","odds":"2.375","header":"Over"},{"goals":"1.0, 1.5","odds":"1.550","header":"Under"},{"goals":"1.5","odds":"2.850","header":"Over"},{"goals":"1.5","odds":"1.400","header":"Under"},{"goals":"1.5, 2.0","odds":"3.700","header":"Over"},{"goals":"1.5, 2.0","odds":"1.260","header":"Under"},{"goals":"2.0","odds":"5.900","header":"Over"},{"goals":"2.0","odds":"1.130","header":"Under"},{"goals":"2.0, 2.5","odds":"6.600","header":"Over"},{"goals":"2.0, 2.5","odds":"1.110","header":"Under"}],"1st_half_handicap":[{"opp":"Maccabi Tel Aviv  -1.0","odds":"4.75"},{"opp":"Tie - Radnicki Nis +1.0","odds":"2.88"},{"opp":"Radnicki Nis  +1.0","odds":"1.80"}],"alternative_1st_half_handicap_result":[{"opp":"-2.0","odds":"13.00","header":"Home"},{"opp":"+2.0","odds":"6.00","header":"Tie"},{"opp":"+2.0","odds":"1.14","header":"Away"},{"opp":"+1.0","odds":"1.10","header":"Home"},{"opp":"-1.0","odds":"7.00","header":"Tie"},{"opp":"-1.0","odds":"26.00","header":"Away"}],"first_half_goals":[{"goals":"0.5","odds":"1.36","header":"Over"},{"goals":"0.5","odds":"3.00","header":"Under"},{"goals":"1.5","odds":"2.75","header":"Over"},{"goals":"1.5","odds":"1.40","header":"Under"},{"goals":"2.5","odds":"7.00","header":"Over"},{"goals":"2.5","odds":"1.10","header":"Under"},{"goals":"3.5","odds":"21.00","header":"Over"},{"goals":"3.5","odds":"1.02","header":"Under"}],"exact_1st_half_goals":[{"opp":"0 Goals","odds":"3.00"},{"opp":"1 Goal","odds":"2.50"},{"opp":"2 Goals","odds":"4.00"},{"opp":"3 Goals","odds":"10.00"},{"opp":"4 Goals","odds":"29.00"},{"opp":"5+ Goals","odds":"51.00"}],"first_half_corners":[{"opp":"4","odds":"2.10","header":"Over"},{"opp":"4","odds":"4.75","header":"Exactly"},{"opp":"4","odds":"2.50","header":"Under"}],"1st_half_asian_corners":[{"goals":"4.0","odds":"1.750","header":"Over"},{"goals":"4.0","odds":"2.050","header":"Under"}],"1st_half_goals_odd_even":[{"opp":"Odd","odds":"2.10"},{"opp":"Even","odds":"1.73"}],"to_score_in_half":[{"name":"1st Half","odds":"1.62","header":"Yes"},{"name":"1st Half","odds":"2.20","header":"No"},{"name":"2nd Half","odds":"1.36","header":"Yes"},{"name":"2nd Half","odds":"3.00","header":"No"},{"name":"1st Half","odds":"3.75","header":"Yes"},{"name":"1st Half","odds":"1.25","header":"No"},{"name":"2nd Half","odds":"3.25","header":"Yes"},{"name":"2nd Half","odds":"1.33","header":"No"}],"half_with_most_goals":[{"opp":"1st Half","odds":"3.10"},{"opp":"2nd Half","odds":"2.05"},{"opp":"Tie","odds":"3.50"}],"home_team_highest_scoring_half":[{"opp":"Maccabi Tel Aviv - 1st Half","odds":"3.20"},{"opp":"Maccabi Tel Aviv - 2nd Half","odds":"2.20"},{"opp":"Maccabi Tel Aviv - Tie","odds":"3.00"}],"away_team_highest_scoring_half":[{"opp":"Radnicki Nis - 1st Half","odds":"4.50"},{"opp":"Radnicki Nis - 2nd Half","odds":"3.75"},{"opp":"Radnicki Nis - Tie","odds":"1.57"}],"2nd_half_result":[{"opp":"1","odds":"1.62"},{"opp":"X","odds":"2.75"},{"opp":"2","odds":"7.50"}],"2nd_half_goals":[{"goals":"0.5","odds":"1.22","header":"Over"},{"goals":"0.5","odds":"4.00","header":"Under"},{"goals":"1.5","odds":"2.10","header":"Over"},{"goals":"1.5","odds":"1.67","header":"Under"},{"goals":"2.5","odds":"4.50","header":"Over"},{"goals":"2.5","odds":"1.18","header":"Under"},{"goals":"3.5","odds":"13.00","header":"Over"},{"goals":"3.5","odds":"1.04","header":"Under"}],"exact_2nd_half_goals":[{"opp":"0 Goals","odds":"4.00"},{"opp":"1 Goal","odds":"2.62"},{"opp":"2 Goals","odds":"3.60"},{"opp":"3 Goals","odds":"7.00"},{"opp":"4 Goals","odds":"17.00"},{"opp":"5+ Goals","odds":"29.00"}],"2nd_half_goals_odd_even":[{"opp":"Even","odds":"1.80"},{"opp":"Odd","odds":"1.91"}]}},"main":{"updated_at":"1532570537","sp":{"full_time_result":[{"opp":"1","odds":"1.30"},{"opp":"X","odds":"4.50"},{"opp":"2","odds":"7.50"}],"double_chance":[{"opp":"1X","odds":"1.07"},{"opp":"X2","odds":"3.40"},{"opp":"12","odds":"1.17"}],"correct_score":[{"opp":"1-0","odds":"5.00","header":"Home"},{"opp":"0-0","odds":"11.00","header":"X"},{"opp":"1-0","odds":"19.00","header":"Away"},{"opp":"2-0","odds":"6.00","header":"Home"},{"opp":"1-1","odds":"10.00","header":"X"},{"opp":"2-0","odds":"41.00","header":"Away"},{"opp":"2-1","odds":"7.50","header":"Home"},{"opp":"2-2","odds":"26.00","header":"X"},{"opp":"2-1","odds":"26.00","header":"Away"},{"opp":"3-0","odds":"8.50","header":"Home"},{"opp":"3-3","odds":"101.00","header":"X"},{"opp":"3-0","odds":"101.00","header":"Away"},{"opp":"3-1","odds":"13.00","header":"Home"},{"opp":"3-1","odds":"67.00","header":"Away"},{"opp":"3-2","odds":"29.00","header":"Home"},{"opp":"3-2","odds":"67.00","header":"Away"},{"opp":"4-0","odds":"15.00","header":"Home"},{"opp":"4-1","odds":"23.00","header":"Home"},{"opp":"4-2","odds":"51.00","header":"Home"},{"opp":"4-3","odds":"126.00","header":"Home"},{"opp":"5-0","odds":"34.00","header":"Home"},{"opp":"5-1","odds":"41.00","header":"Home"},{"opp":"5-2","odds":"101.00","header":"Home"},{"opp":"6-0","odds":"51.00","header":"Home"},{"opp":"6-1","odds":"81.00","header":"Home"},{"opp":"7-0","odds":"151.00","header":"Home"}],"half_time_full_time":[{"opp":"Maccabi Tel Aviv - Maccabi Tel Aviv","odds":"2.05"},{"opp":"Maccabi Tel Aviv - Draw","odds":"19.00"},{"opp":"Maccabi Tel Aviv - Radnicki Nis","odds":"51.00"},{"opp":"Draw - Maccabi Tel Aviv","odds":"3.75"},{"opp":"Draw - Draw","odds":"6.50"},{"opp":"Draw - Radnicki Nis","odds":"17.00"},{"opp":"Radnicki Nis - Maccabi Tel Aviv","odds":"23.00"},{"opp":"Radnicki Nis - Draw","odds":"21.00"},{"opp":"Radnicki Nis - Radnicki Nis","odds":"13.00"}],"goals_over_under":[{"goals":"2.5","odds":"2.00","header":"Over"},{"goals":"2.5","odds":"1.80","header":"Under"}],"both_teams_to_score":[{"opp":"Yes","odds":"2.25"},{"opp":"No","odds":"1.57"}],"asian_handicap":[{"opp":"-1.0, -1.5","odds":"1.900","header":"Home"},{"opp":"+1.0, +1.5","odds":"1.900","header":"Away"}],"goal_line":[{"goals":"2.5","odds":"1.975","header":"Over"},{"goals":"2.5","odds":"1.825","header":"Under"}],"alternative_asian_handicap":[{"opp":"-2.5, -3.0","odds":"5.000","header":"Home"},{"opp":"+2.5, +3.0","odds":"1.170","header":"Away"},{"opp":"-2.5","odds":"3.900","header":"Home"},{"opp":"+2.5","odds":"1.240","header":"Away"},{"opp":"-2.0, -2.5","odds":"3.550","header":"Home"},{"opp":"+2.0, +2.5","odds":"1.275","header":"Away"},{"opp":"-2.0","odds":"3.300","header":"Home"},{"opp":"+2.0","odds":"1.325","header":"Away"},{"opp":"-1.5, -2.0","odds":"2.500","header":"Home"},{"opp":"+1.5, +2.0","odds":"1.500","header":"Away"},{"opp":"-1.5","odds":"2.200","header":"Home"},{"opp":"+1.5","odds":"1.650","header":"Away"},{"opp":"-1.0","odds":"1.575","header":"Home"},{"opp":"+1.0","odds":"2.350","header":"Away"},{"opp":"-0.5, -1.0","odds":"1.425","header":"Home"},{"opp":"+0.5, +1.0","odds":"2.750","header":"Away"},{"opp":"-0.5","odds":"1.325","header":"Home"},{"opp":"+0.5","odds":"3.300","header":"Away"},{"opp":"0.0, -0.5","odds":"1.220","header":"Home"},{"opp":"0.0, +0.5","odds":"4.150","header":"Away"},{"opp":"0.0","odds":"1.110","header":"Home"},{"opp":"0.0","odds":"6.600","header":"Away"}],"alternative_goal_line":[{"goals":"1.0, 1.5","odds":"1.200","header":"Over"},{"goals":"1.0, 1.5","odds":"4.400","header":"Under"},{"goals":"1.5","odds":"1.350","header":"Over"},{"goals":"1.5","odds":"3.100","header":"Under"},{"goals":"1.5, 2.0","odds":"1.400","header":"Over"},{"goals":"1.5, 2.0","odds":"2.850","header":"Under"},{"goals":"2.0","odds":"1.525","header":"Over"},{"goals":"2.0","odds":"2.425","header":"Under"},{"goals":"2.0, 2.5","odds":"1.725","header":"Over"},{"goals":"2.0, 2.5","odds":"2.075","header":"Under"},{"goals":"2.5, 3.0","odds":"2.250","header":"Over"},{"goals":"2.5, 3.0","odds":"1.625","header":"Under"},{"goals":"3.0","odds":"2.750","header":"Over"},{"goals":"3.0","odds":"1.425","header":"Under"},{"goals":"3.0, 3.5","odds":"3.100","header":"Over"},{"goals":"3.0, 3.5","odds":"1.350","header":"Under"},{"goals":"3.5","odds":"3.450","header":"Over"},{"goals":"3.5","odds":"1.300","header":"Under"},{"goals":"3.5, 4.0","odds":"4.250","header":"Over"},{"goals":"3.5, 4.0","odds":"1.210","header":"Under"},{"goals":"4.0","odds":"5.900","header":"Over"},{"goals":"4.0","odds":"1.130","header":"Under"},{"goals":"4.0, 4.5","odds":"6.250","header":"Over"},{"goals":"4.0, 4.5","odds":"1.120","header":"Under"},{"goals":"4.5","odds":"6.600","header":"Over"},{"goals":"4.5","odds":"1.110","header":"Under"}],"draw_no_bet":[{"opp":"Maccabi Tel Aviv","odds":"1.10"},{"opp":"Radnicki Nis","odds":"6.50"}],"result_both_teams_to_score":[{"name":"Maccabi Tel Aviv","odds":"3.50","header":"Yes"},{"name":"Maccabi Tel Aviv","odds":"1.95","header":"No"},{"name":"Radnicki Nis","odds":"17.00","header":"Yes"},{"name":"Radnicki Nis","odds":"13.00","header":"No"},{"name":"Draw","odds":"7.50","header":"Yes"},{"name":"Draw","odds":"11.00","header":"No"}],"handicap_result":[{"opp":"Maccabi Tel Aviv (-1)","odds":"2.20"},{"opp":"Tie - (Radnicki Nis +1)","odds":"3.00"},{"opp":"Radnicki Nis (+1)","odds":"3.40"}],"alternative_handicap_result":[{"opp":"-3.0","odds":"7.50","header":"Home"},{"opp":"+3.0","odds":"6.50","header":"Tie"},{"opp":"+3.0","odds":"1.22","header":"Away"},{"opp":"-2.0","odds":"3.75","header":"Home"},{"opp":"+2.0","odds":"4.33","header":"Tie"},{"opp":"+2.0","odds":"1.62","header":"Away"},{"opp":"+1.0","odds":"1.07","header":"Home"},{"opp":"-1.0","odds":"9.00","header":"Tie"},{"opp":"-1.0","odds":"17.00","header":"Away"},{"opp":"+2.0","odds":"1.02","header":"Home"},{"opp":"-2.0","odds":"21.00","header":"Tie"},{"opp":"-2.0","odds":"23.00","header":"Away"}],"winning_margin":[{"goals":" 1","odds":"3.00","header":"Home"},{"goals":" 1","odds":"9.00","header":"Away"},{"goals":" 2","odds":"4.33","header":"Home"},{"goals":" 2","odds":"21.00","header":"Away"},{"goals":" 3","odds":"6.50","header":"Home"},{"goals":" 3","odds":"81.00","header":"Away"},{"goals":" 4+","odds":"7.50","header":"Home"},{"goals":" 4+","odds":"251.00","header":"Away"},{"goals":"Score Draw","odds":"7.50","header":"Home"},{"goals":"No Goal","odds":"11.00","header":"Home"}]}},"schedule":{"updated_at":"1532570513","sp":{"main":[{"odds":"1.975"},{"odds":"1.825"}]}},"specials":{"updated_at":"1532570754","sp":{"specials":[{"name":"To Win From Behind","odds":"8.00","header":"Home"},{"name":"To Win From Behind","odds":"29.00","header":"Away"},{"name":"To Win to Nil","odds":"1.95","header":"Home"},{"name":"To Win to Nil","odds":"13.00","header":"Away"},{"name":"To Win Either Half","odds":"1.20","header":"Home"},{"name":"To Win Either Half","odds":"4.00","header":"Away"},{"name":"To Win Both Halves","odds":"3.25","header":"Home"},{"name":"To Win Both Halves","odds":"51.00","header":"Away"},{"name":"To Score in Both Halves","odds":"2.25","header":"Home"},{"name":"To Score in Both Halves","odds":"13.00","header":"Away"}],"to_score_in_half":[{"name":"1st Half","odds":"1.62","header":"Yes"},{"name":"1st Half","odds":"2.20","header":"No"},{"name":"2nd Half","odds":"1.36","header":"Yes"},{"name":"2nd Half","odds":"3.00","header":"No"},{"name":"1st Half","odds":"3.75","header":"Yes"},{"name":"1st Half","odds":"1.25","header":"No"},{"name":"2nd Half","odds":"3.25","header":"Yes"},{"name":"2nd Half","odds":"1.33","header":"No"}]}}}]}}