{"odd":{"success":1,"results":[{"FI":"75226773","event_id":"605520","asian_lines":{"updated_at":"1532569779","sp":{"asian_handicap":[{"opp":"0.0, +0.5","odds":"1.900","header":"Home"},{"opp":"0.0, -0.5","odds":"1.950","header":"Away"}],"goal_line":[{"goals":"2.0, 2.5","odds":"2.050","header":"Over"},{"goals":"2.0, 2.5","odds":"1.800","header":"Under"}],"alternative_asian_handicap":[{"opp":"-1.0, -1.5","odds":"6.800","header":"Home"},{"opp":"+1.0, +1.5","odds":"1.105","header":"Away"},{"opp":"-1.0","odds":"6.250","header":"Home"},{"opp":"+1.0","odds":"1.120","header":"Away"},{"opp":"-0.5, -1.0","odds":"4.000","header":"Home"},{"opp":"+0.5, +1.0","odds":"1.230","header":"Away"},{"opp":"-0.5","odds":"3.100","header":"Home"},{"opp":"+0.5","odds":"1.350","header":"Away"},{"opp":"0.0, -0.5","odds":"2.750","header":"Home"},{"opp":"0.0, +0.5","odds":"1.425","header":"Away"},{"opp":"0.0","odds":"2.300","header":"Home"},{"opp":"0.0","odds":"1.600","header":"Away"},{"opp":"+0.5","odds":"1.650","header":"Home"},{"opp":"-0.5","odds":"2.200","header":"Away"},{"opp":"+0.5, +1.0","odds":"1.475","header":"Home"},{"opp":"-0.5, -1.0","odds":"2.600","header":"Away"},{"opp":"+1.0","odds":"1.275","header":"Home"},{"opp":"-1.0","odds":"3.550","header":"Away"},{"opp":"+1.0, +1.5","odds":"1.240","header":"Home"},{"opp":"-1.0, -1.5","odds":"3.900","header":"Away"},{"opp":"+1.5","odds":"1.200","header":"Home"},{"opp":"-1.5","odds":"4.400","header":"Away"},{"opp":"+1.5, +2.0","odds":"1.130","header":"Home"},{"opp":"-1.5, -2.0","odds":"5.900","header":"Away"}],"alternative_goal_line":[{"goals":"0.5, 1.0","odds":"1.110","header":"Over"},{"goals":"0.5, 1.0","odds":"6.600","header":"Under"},{"goals":"1.0","odds":"1.130","header":"Over"},{"goals":"1.0","odds":"5.900","header":"Under"},{"goals":"1.0, 1.5","odds":"1.275","header":"Over"},{"goals":"1.0, 1.5","odds":"3.550","header":"Under"},{"goals":"1.5","odds":"1.425","header":"Over"},{"goals":"1.5","odds":"2.750","header":"Under"},{"goals":"1.5, 2.0","odds":"1.525","header":"Over"},{"goals":"1.5, 2.0","odds":"2.425","header":"Under"},{"goals":"2.0","odds":"1.725","header":"Over"},{"goals":"2.0","odds":"2.075","header":"Under"},{"goals":"2.5","odds":"2.300","header":"Over"},{"goals":"2.5","odds":"1.600","header":"Under"},{"goals":"2.5, 3.0","odds":"2.675","header":"Over"},{"goals":"2.5, 3.0","odds":"1.450","header":"Under"},{"goals":"3.0","odds":"3.450","header":"Over"},{"goals":"3.0","odds":"1.300","header":"Under"},{"goals":"3.0, 3.5","odds":"3.800","header":"Over"},{"goals":"3.0, 3.5","odds":"1.250","header":"Under"},{"goals":"3.5","odds":"4.150","header":"Over"},{"goals":"3.5","odds":"1.220","header":"Under"},{"goals":"3.5, 4.0","odds":"5.500","header":"Over"},{"goals":"3.5, 4.0","odds":"1.150","header":"Under"}],"1st_half_asian_handicap":[{"opp":"0.0","odds":"2.150","header":"Home"},{"opp":"0.0","odds":"1.675","header":"Away"}],"1st_half_goal_line":[{"goals":"0.5, 1.0","odds":"1.750","header":"Over"},{"goals":"0.5, 1.0","odds":"2.050","header":"Under"}],"alternative_1st_half_asian_handicap":[{"opp":"-0.5, -1.0","odds":"5.750","header":"Home"},{"opp":"+0.5, +1.0","odds":"1.140","header":"Away"},{"opp":"-0.5","odds":"3.800","header":"Home"},{"opp":"+0.5","odds":"1.250","header":"Away"},{"opp":"0.0, -0.5","odds":"3.000","header":"Home"},{"opp":"0.0, +0.5","odds":"1.375","header":"Away"},{"opp":"0.0, +0.5","odds":"1.575","header":"Home"},{"opp":"0.0, -0.5","odds":"2.350","header":"Away"},{"opp":"+0.5","odds":"1.375","header":"Home"},{"opp":"-0.5","odds":"3.000","header":"Away"},{"opp":"+0.5, +1.0","odds":"1.225","header":"Home"},{"opp":"-0.5, -1.0","odds":"4.100","header":"Away"}],"alternative_1st_half_goal_line":[{"goals":"1.0","odds":"2.300","header":"Over"},{"goals":"1.0","odds":"1.600","header":"Under"},{"goals":"1.0, 1.5","odds":"2.850","header":"Over"},{"goals":"1.0, 1.5","odds":"1.400","header":"Under"},{"goals":"1.5","odds":"3.450","header":"Over"},{"goals":"1.5","odds":"1.300","header":"Under"},{"goals":"1.5, 2.0","odds":"4.500","header":"Over"},{"goals":"1.5, 2.0","odds":"1.190","header":"Under"}]}},"goals":{"updated_at":"1532569939","sp":{"goals_over_under":[{"goals":"2.5","odds":"2.30","header":"Over"},{"goals":"2.5","odds":"1.60","header":"Under"}],"alternative_total_goals":[{"goals":"0.5","odds":"1.07","header":"Over "},{"goals":"0.5","odds":"7.50","header":"Under"},{"goals":"1.5","odds":"1.40","header":"Over "},{"goals":"1.5","odds":"2.75","header":"Under"},{"goals":"3.5","odds":"4.33","header":"Over "},{"goals":"3.5","odds":"1.20","header":"Under"},{"goals":"4.5","odds":"8.00","header":"Over "},{"goals":"4.5","odds":"1.06","header":"Under"},{"goals":"5.5","odds":"12.00","header":"Over "},{"goals":"5.5","odds":"1.02","header":"Under"}],"result_total_goals":[{"opp":"Cobh Ramblers & Over 2.5","odds":"6.00"},{"opp":"Cobh Ramblers & Under 2.5","odds":"6.00"},{"opp":"Draw & Over 2.5","odds":"15.00"},{"opp":"Draw & Under  2.5","odds":"3.75"},{"opp":"Finn Harps & Over 2.5","odds":"4.00"},{"opp":"Finn Harps & Under 2.5","odds":"4.33"}],"total_goals_both_teams_to_score":[{"opp":"Over 2.5 & Yes","odds":"2.75"},{"opp":"Over 2.5 & No","odds":"10.00"},{"opp":"Under 2.5 & Yes","odds":"6.00"},{"opp":"Under 2.5 & No","odds":"2.00"}],"exact_total_goals":[{"opp":"0 Goals","odds":"7.50"},{"opp":"1 Goal","odds":"4.00"},{"opp":"2 Goals","odds":"3.40"},{"opp":"3 Goals","odds":"4.50"},{"opp":"4 Goals","odds":"7.00"},{"opp":"5 Goals","odds":"15.00"},{"opp":"6 Goals","odds":"34.00"},{"opp":"7+ Goals","odds":"21.00"}],"number_of_goals_in_match":[{"opp":"Under 2 goals","odds":"2.75"},{"opp":"2 or 3 goals","odds":"2.00"},{"opp":"Over 3 goals","odds":"4.33"}],"both_teams_to_score":[{"opp":"Yes","odds":"2.00"},{"opp":"No","odds":"1.73"}],"teams_to_score":[{"opp":"Both Teams","odds":"2.00"},{"opp":"Cobh Ramblers Only","odds":"5.00"},{"opp":"No Goal","odds":"7.50"},{"opp":"Finn Harps Only","odds":"3.40"}],"both_teams_to_score_in_1st_half":[{"opp":"Yes","odds":"5.50"},{"opp":"No","odds":"1.12"}],"both_teams_to_score_in_2nd_half":[{"opp":"Yes","odds":"4.00"},{"opp":"No","odds":"1.22"}],"both_teams_to_score_1st_half_2nd_half":[{"opp":"Yes \/ Yes","odds":"21.00"},{"opp":"Yes \/ No","odds":"7.00"},{"opp":"No \/ Yes","odds":"4.33"},{"opp":"No \/ No","odds":"1.44"}],"first_half_goals":[{"goals":"0.5","odds":"1.50","header":"Over"},{"goals":"0.5","odds":"2.50","header":"Under"},{"goals":"1.5","odds":"3.50","header":"Over"},{"goals":"1.5","odds":"1.29","header":"Under"},{"goals":"2.5","odds":"10.00","header":"Over"},{"goals":"2.5","odds":"1.06","header":"Under"}],"exact_1st_half_goals":[{"opp":"0 Goals","odds":"2.50"},{"opp":"1 Goal","odds":"2.50"},{"opp":"2 Goals","odds":"4.75"},{"opp":"3 Goals","odds":"13.00"},{"opp":"4 Goals","odds":"41.00"},{"opp":"5+ Goals","odds":"101.00"}],"first_team_to_score":[{"opp":"Cobh Ramblers","odds":"2.40"},{"opp":"No Goals","odds":"7.50"},{"opp":"Finn Harps","odds":"1.80"}],"2nd_half_goals":[{"goals":"0.5","odds":"1.30","header":"Over"},{"goals":"0.5","odds":"3.40","header":"Under"},{"goals":"1.5","odds":"2.38","header":"Over"},{"goals":"1.5","odds":"1.53","header":"Under"},{"goals":"2.5","odds":"5.50","header":"Over"},{"goals":"2.5","odds":"1.14","header":"Under"},{"goals":"3.5","odds":"15.00","header":"Over"},{"goals":"3.5","odds":"1.03","header":"Under"}],"exact_2nd_half_goals":[{"opp":"0 Goals","odds":"3.40"},{"opp":"1 Goal","odds":"2.62"},{"opp":"2 Goals","odds":"3.75"},{"opp":"3 Goals","odds":"8.00"},{"opp":"4 Goals","odds":"21.00"},{"opp":"5+ Goals","odds":"41.00"}],"half_with_most_goals":[{"opp":"1st Half","odds":"3.25"},{"opp":"2nd Half","odds":"2.10"},{"opp":"Tie","odds":"3.25"}],"home_team_highest_scoring_half":[{"opp":"Cobh Ramblers - 1st Half","odds":"4.00"},{"opp":"Cobh Ramblers - 2nd Half","odds":"2.75"},{"opp":"Cobh Ramblers - Tie","odds":"2.00"}],"away_team_highest_scoring_half":[{"opp":"Finn Harps - 1st Half","odds":"3.60"},{"opp":"Finn Harps - 2nd Half","odds":"2.50"},{"opp":"Finn Harps - Tie","odds":"2.25"}],"home_team_exact_goals":[{"opp":"Cobh Ramblers - 0 Goals","odds":"2.50"},{"opp":"Cobh Ramblers - 1 Goal","odds":"2.50"},{"opp":"Cobh Ramblers - 2 Goals","odds":"4.75"},{"opp":"Cobh Ramblers - 3+ Goals","odds":"8.00"}],"away_team_exact_goals":[{"opp":"Finn Harps - 0 Goals","odds":"3.40"},{"opp":"Finn Harps - 1 Goal","odds":"2.60"},{"opp":"Finn Harps - 2 Goals","odds":"4.00"},{"opp":"Finn Harps - 3+ Goals","odds":"5.50"}],"goals_odd_even":[{"opp":"Even","odds":"1.90"},{"opp":"Odd","odds":"1.95"}],"home_team_odd_even_goals":[{"opp":"Cobh Ramblers - Even","odds":"1.67"},{"opp":"Cobh Ramblers - Odd","odds":"2.10"}],"away_team_odd_even_goals":[{"opp":"Finn Harps - Even","odds":"1.73"},{"opp":"Finn Harps - Odd","odds":"2.00"}],"1st_half_goals_odd_even":[{"opp":"Odd","odds":"2.20"},{"opp":"Even","odds":"1.67"}],"last_team_to_score":[{"opp":"Cobh Ramblers","odds":"2.40"},{"opp":"No Goal","odds":"7.50"},{"opp":"Finn Harps","odds":"1.80"}]}},"half":{"updated_at":"1532569961","sp":{"half_time_result":[{"opp":"1","odds":"3.75"},{"opp":"X","odds":"1.95"},{"opp":"2","odds":"3.00"}],"half_time_double_chance":[{"opp":"1X","odds":"1.36"},{"opp":"X2","odds":"1.25"},{"opp":"12","odds":"1.80"}],"half_time_result_both_teams_to_score":[{"opp":"Cobh Ramblers & Yes","odds":"26.00"},{"opp":"Cobh Ramblers & No","odds":"4.33"},{"opp":"Draw & Yes","odds":"9.00"},{"opp":"Draw & No","odds":"2.40"},{"opp":"Finn Harps & Yes","odds":"23.00"},{"opp":"Finn Harps & No","odds":"3.25"}],"half_time_result_total_goals":[{"opp":"Cobh Ramblers & Over 1.5","odds":"11.00"},{"opp":"Cobh Ramblers & Under 1.5","odds":"5.00"},{"opp":"Draw & Over 1.5","odds":"9.00"},{"opp":"Draw & Under 1.5","odds":"2.50"},{"opp":"Finn Harps & Over 1.5","odds":"8.00"},{"opp":"Finn Harps & Under 1.5","odds":"4.33"}],"half_time_correct_score":[{"opp":"1-0","odds":"5.00","header":"Home"},{"opp":"0-0","odds":"2.50","header":"X"},{"opp":"1-0","odds":"4.33","header":"Away"},{"opp":"2-0","odds":"19.00","header":"Home"},{"opp":"1-1","odds":"9.00","header":"X"},{"opp":"2-0","odds":"13.00","header":"Away"},{"opp":"2-1","odds":"34.00","header":"Home"},{"opp":"2-2","odds":"67.00","header":"X"},{"opp":"2-1","odds":"29.00","header":"Away"},{"opp":"3-0","odds":"67.00","header":"Home"},{"opp":"3-0","odds":"41.00","header":"Away"},{"opp":"3-1","odds":"101.00","header":"Home"},{"opp":"3-1","odds":"81.00","header":"Away"},{"opp":"4-0","odds":"151.00","header":"Away"}],"both_teams_to_score_in_1st_half":[{"opp":"Yes","odds":"5.50"},{"opp":"No","odds":"1.12"}],"both_teams_to_score_in_2nd_half":[{"opp":"Yes","odds":"4.00"},{"opp":"No","odds":"1.22"}],"both_teams_to_score_1st_half_2nd_half":[{"opp":"Yes \/ Yes","odds":"21.00"},{"opp":"Yes \/ No","odds":"7.00"},{"opp":"No \/ Yes","odds":"4.33"},{"opp":"No \/ No","odds":"1.44"}],"1st_half_asian_handicap":[{"opp":"0.0","odds":"2.150","header":"Home"},{"opp":"0.0","odds":"1.675","header":"Away"}],"1st_half_goal_line":[{"goals":"0.5, 1.0","odds":"1.750","header":"Over"},{"goals":"0.5, 1.0","odds":"2.050","header":"Under"}],"alternative_1st_half_asian_handicap":[{"opp":"-0.5, -1.0","odds":"5.750","header":"Home"},{"opp":"+0.5, +1.0","odds":"1.140","header":"Away"},{"opp":"-0.5","odds":"3.800","header":"Home"},{"opp":"+0.5","odds":"1.250","header":"Away"},{"opp":"0.0, -0.5","odds":"3.000","header":"Home"},{"opp":"0.0, +0.5","odds":"1.375","header":"Away"},{"opp":"0.0, +0.5","odds":"1.575","header":"Home"},{"opp":"0.0, -0.5","odds":"2.350","header":"Away"},{"opp":"+0.5","odds":"1.375","header":"Home"},{"opp":"-0.5","odds":"3.000","header":"Away"},{"opp":"+0.5, +1.0","odds":"1.225","header":"Home"},{"opp":"-0.5, -1.0","odds":"4.100","header":"Away"}],"alternative_1st_half_goal_line":[{"goals":"1.0","odds":"2.300","header":"Over"},{"goals":"1.0","odds":"1.600","header":"Under"},{"goals":"1.0, 1.5","odds":"2.850","header":"Over"},{"goals":"1.0, 1.5","odds":"1.400","header":"Under"},{"goals":"1.5","odds":"3.450","header":"Over"},{"goals":"1.5","odds":"1.300","header":"Under"},{"goals":"1.5, 2.0","odds":"4.500","header":"Over"},{"goals":"1.5, 2.0","odds":"1.190","header":"Under"}],"1st_half_handicap":[{"opp":"Cobh Ramblers  +1.0","odds":"1.36"},{"opp":"Tie - Finn Harps -1.0","odds":"3.75"},{"opp":"Finn Harps  -1.0","odds":"10.00"}],"alternative_1st_half_handicap_result":[{"opp":"-1.0","odds":"15.00","header":"Home"},{"opp":"+1.0","odds":"4.50","header":"Tie"},{"opp":"+1.0","odds":"1.25","header":"Away"},{"opp":"+2.0","odds":"1.05","header":"Home"},{"opp":"-2.0","odds":"11.00","header":"Tie"},{"opp":"-2.0","odds":"21.00","header":"Away"}],"first_half_goals":[{"goals":"0.5","odds":"1.50","header":"Over"},{"goals":"0.5","odds":"2.50","header":"Under"},{"goals":"1.5","odds":"3.50","header":"Over"},{"goals":"1.5","odds":"1.29","header":"Under"},{"goals":"2.5","odds":"10.00","header":"Over"},{"goals":"2.5","odds":"1.06","header":"Under"}],"exact_1st_half_goals":[{"opp":"0 Goals","odds":"2.50"},{"opp":"1 Goal","odds":"2.50"},{"opp":"2 Goals","odds":"4.75"},{"opp":"3 Goals","odds":"13.00"},{"opp":"4 Goals","odds":"41.00"},{"opp":"5+ Goals","odds":"101.00"}],"1st_half_goals_odd_even":[{"opp":"Odd","odds":"2.20"},{"opp":"Even","odds":"1.67"}],"to_score_in_half":[{"name":"1st Half","odds":"2.62","header":"Yes"},{"name":"1st Half","odds":"1.44","header":"No"},{"name":"2nd Half","odds":"2.10","header":"Yes"},{"name":"2nd Half","odds":"1.67","header":"No"},{"name":"1st Half","odds":"2.20","header":"Yes"},{"name":"1st Half","odds":"1.62","header":"No"},{"name":"2nd Half","odds":"1.80","header":"Yes"},{"name":"2nd Half","odds":"1.91","header":"No"}],"half_with_most_goals":[{"opp":"1st Half","odds":"3.25"},{"opp":"2nd Half","odds":"2.10"},{"opp":"Tie","odds":"3.25"}],"home_team_highest_scoring_half":[{"opp":"Cobh Ramblers - 1st Half","odds":"4.00"},{"opp":"Cobh Ramblers - 2nd Half","odds":"2.75"},{"opp":"Cobh Ramblers - Tie","odds":"2.00"}],"away_team_highest_scoring_half":[{"opp":"Finn Harps - 1st Half","odds":"3.60"},{"opp":"Finn Harps - 2nd Half","odds":"2.50"},{"opp":"Finn Harps - Tie","odds":"2.25"}],"2nd_half_result":[{"opp":"1","odds":"3.40"},{"opp":"X","odds":"2.30"},{"opp":"2","odds":"2.60"}],"2nd_half_goals":[{"goals":"0.5","odds":"1.30","header":"Over"},{"goals":"0.5","odds":"3.40","header":"Under"},{"goals":"1.5","odds":"2.38","header":"Over"},{"goals":"1.5","odds":"1.53","header":"Under"},{"goals":"2.5","odds":"5.50","header":"Over"},{"goals":"2.5","odds":"1.14","header":"Under"},{"goals":"3.5","odds":"15.00","header":"Over"},{"goals":"3.5","odds":"1.03","header":"Under"}],"exact_2nd_half_goals":[{"opp":"0 Goals","odds":"3.40"},{"opp":"1 Goal","odds":"2.62"},{"opp":"2 Goals","odds":"3.75"},{"opp":"3 Goals","odds":"8.00"},{"opp":"4 Goals","odds":"21.00"},{"opp":"5+ Goals","odds":"41.00"}],"2nd_half_goals_odd_even":[{"opp":"Even","odds":"1.73"},{"opp":"Odd","odds":"2.00"}]}},"main":{"updated_at":"1532569759","sp":{"full_time_result":[{"opp":"1","odds":"3.40"},{"opp":"X","odds":"3.20"},{"opp":"2","odds":"2.20"}],"double_chance":[{"opp":"1X","odds":"1.62"},{"opp":"X2","odds":"1.30"},{"opp":"12","odds":"1.36"}],"correct_score":[{"opp":"1-0","odds":"8.50","header":"Home"},{"opp":"0-0","odds":"7.50","header":"X"},{"opp":"1-0","odds":"6.50","header":"Away"},{"opp":"2-0","odds":"15.00","header":"Home"},{"opp":"1-1","odds":"6.00","header":"X"},{"opp":"2-0","odds":"9.50","header":"Away"},{"opp":"2-1","odds":"13.00","header":"Home"},{"opp":"2-2","odds":"17.00","header":"X"},{"opp":"2-1","odds":"9.50","header":"Away"},{"opp":"3-0","odds":"34.00","header":"Home"},{"opp":"3-3","odds":"67.00","header":"X"},{"opp":"3-0","odds":"21.00","header":"Away"},{"opp":"3-1","odds":"29.00","header":"Home"},{"opp":"3-1","odds":"21.00","header":"Away"},{"opp":"3-2","odds":"41.00","header":"Home"},{"opp":"3-2","odds":"34.00","header":"Away"},{"opp":"4-0","odds":"81.00","header":"Home"},{"opp":"4-0","odds":"41.00","header":"Away"},{"opp":"4-1","odds":"67.00","header":"Home"},{"opp":"4-1","odds":"41.00","header":"Away"},{"opp":"4-2","odds":"101.00","header":"Home"},{"opp":"4-2","odds":"67.00","header":"Away"},{"opp":"4-3","odds":"151.00","header":"Away"},{"opp":"5-0","odds":"101.00","header":"Away"},{"opp":"5-1","odds":"101.00","header":"Away"}],"half_time_full_time":[{"opp":"Cobh Ramblers - Cobh Ramblers","odds":"5.50"},{"opp":"Cobh Ramblers - Draw","odds":"15.00"},{"opp":"Cobh Ramblers - Finn Harps","odds":"29.00"},{"opp":"Draw - Cobh Ramblers","odds":"7.00"},{"opp":"Draw - Draw","odds":"4.50"},{"opp":"Draw - Finn Harps","odds":"5.00"},{"opp":"Finn Harps - Cobh Ramblers","odds":"34.00"},{"opp":"Finn Harps - Draw","odds":"15.00"},{"opp":"Finn Harps - Finn Harps","odds":"3.75"}],"goals_over_under":[{"goals":"2.5","odds":"2.30","header":"Over"},{"goals":"2.5","odds":"1.60","header":"Under"}],"both_teams_to_score":[{"opp":"Yes","odds":"2.00"},{"opp":"No","odds":"1.73"}],"asian_handicap":[{"opp":"0.0, +0.5","odds":"1.900","header":"Home"},{"opp":"0.0, -0.5","odds":"1.950","header":"Away"}],"goal_line":[{"goals":"2.0, 2.5","odds":"2.050","header":"Over"},{"goals":"2.0, 2.5","odds":"1.800","header":"Under"}],"alternative_asian_handicap":[{"opp":"-1.0, -1.5","odds":"6.800","header":"Home"},{"opp":"+1.0, +1.5","odds":"1.105","header":"Away"},{"opp":"-1.0","odds":"6.250","header":"Home"},{"opp":"+1.0","odds":"1.120","header":"Away"},{"opp":"-0.5, -1.0","odds":"4.000","header":"Home"},{"opp":"+0.5, +1.0","odds":"1.230","header":"Away"},{"opp":"-0.5","odds":"3.100","header":"Home"},{"opp":"+0.5","odds":"1.350","header":"Away"},{"opp":"0.0, -0.5","odds":"2.750","header":"Home"},{"opp":"0.0, +0.5","odds":"1.425","header":"Away"},{"opp":"0.0","odds":"2.300","header":"Home"},{"opp":"0.0","odds":"1.600","header":"Away"},{"opp":"+0.5","odds":"1.650","header":"Home"},{"opp":"-0.5","odds":"2.200","header":"Away"},{"opp":"+0.5, +1.0","odds":"1.475","header":"Home"},{"opp":"-0.5, -1.0","odds":"2.600","header":"Away"},{"opp":"+1.0","odds":"1.275","header":"Home"},{"opp":"-1.0","odds":"3.550","header":"Away"},{"opp":"+1.0, +1.5","odds":"1.240","header":"Home"},{"opp":"-1.0, -1.5","odds":"3.900","header":"Away"},{"opp":"+1.5","odds":"1.200","header":"Home"},{"opp":"-1.5","odds":"4.400","header":"Away"},{"opp":"+1.5, +2.0","odds":"1.130","header":"Home"},{"opp":"-1.5, -2.0","odds":"5.900","header":"Away"}],"alternative_goal_line":[{"goals":"0.5, 1.0","odds":"1.110","header":"Over"},{"goals":"0.5, 1.0","odds":"6.600","header":"Under"},{"goals":"1.0","odds":"1.130","header":"Over"},{"goals":"1.0","odds":"5.900","header":"Under"},{"goals":"1.0, 1.5","odds":"1.275","header":"Over"},{"goals":"1.0, 1.5","odds":"3.550","header":"Under"},{"goals":"1.5","odds":"1.425","header":"Over"},{"goals":"1.5","odds":"2.750","header":"Under"},{"goals":"1.5, 2.0","odds":"1.525","header":"Over"},{"goals":"1.5, 2.0","odds":"2.425","header":"Under"},{"goals":"2.0","odds":"1.725","header":"Over"},{"goals":"2.0","odds":"2.075","header":"Under"},{"goals":"2.5","odds":"2.300","header":"Over"},{"goals":"2.5","odds":"1.600","header":"Under"},{"goals":"2.5, 3.0","odds":"2.675","header":"Over"},{"goals":"2.5, 3.0","odds":"1.450","header":"Under"},{"goals":"3.0","odds":"3.450","header":"Over"},{"goals":"3.0","odds":"1.300","header":"Under"},{"goals":"3.0, 3.5","odds":"3.800","header":"Over"},{"goals":"3.0, 3.5","odds":"1.250","header":"Under"},{"goals":"3.5","odds":"4.150","header":"Over"},{"goals":"3.5","odds":"1.220","header":"Under"},{"goals":"3.5, 4.0","odds":"5.500","header":"Over"},{"goals":"3.5, 4.0","odds":"1.150","header":"Under"}],"draw_no_bet":[{"opp":"Cobh Ramblers","odds":"2.25"},{"opp":"Finn Harps","odds":"1.57"}],"result_both_teams_to_score":[{"name":"Cobh Ramblers","odds":"7.50","header":"Yes"},{"name":"Cobh Ramblers","odds":"5.00","header":"No"},{"name":"Finn Harps","odds":"5.50","header":"Yes"},{"name":"Finn Harps","odds":"3.50","header":"No"},{"name":"Draw","odds":"4.75","header":"Yes"},{"name":"Draw","odds":"7.50","header":"No"}],"handicap_result":[{"opp":"Cobh Ramblers (+1)","odds":"1.62"},{"opp":"Tie - (Finn Harps -1)","odds":"3.75"},{"opp":"Finn Harps (-1)","odds":"4.33"}],"alternative_handicap_result":[{"opp":"-2.0","odds":"15.00","header":"Home"},{"opp":"+2.0","odds":"9.00","header":"Tie"},{"opp":"+2.0","odds":"1.07","header":"Away"},{"opp":"-1.0","odds":"7.00","header":"Home"},{"opp":"+1.0","odds":"4.75","header":"Tie"},{"opp":"+1.0","odds":"1.30","header":"Away"},{"opp":"+2.0","odds":"1.17","header":"Home"},{"opp":"-2.0","odds":"6.50","header":"Tie"},{"opp":"-2.0","odds":"9.50","header":"Away"},{"opp":"+3.0","odds":"1.05","header":"Home"},{"opp":"-3.0","odds":"11.00","header":"Tie"},{"opp":"-3.0","odds":"17.00","header":"Away"}],"winning_margin":[{"goals":" 1","odds":"4.75","header":"Home"},{"goals":" 1","odds":"3.75","header":"Away"},{"goals":" 2","odds":"9.00","header":"Home"},{"goals":" 2","odds":"6.50","header":"Away"},{"goals":" 3","odds":"29.00","header":"Home"},{"goals":" 3","odds":"11.00","header":"Away"},{"goals":" 4+","odds":"51.00","header":"Home"},{"goals":" 4+","odds":"17.00","header":"Away"},{"goals":"Score Draw","odds":"4.75","header":"Home"},{"goals":"No Goal","odds":"7.50","header":"Home"}]}},"schedule":{"updated_at":"1532570886","sp":{"main":[{"odds":"2.050"},{"odds":"1.800"}]}},"specials":{"updated_at":"1532571231","sp":{"specials":[{"name":"To Win From Behind","odds":"13.00","header":"Home"},{"name":"To Win From Behind","odds":"9.00","header":"Away"},{"name":"To Win to Nil","odds":"5.00","header":"Home"},{"name":"To Win to Nil","odds":"3.50","header":"Away"},{"name":"To Win Either Half","odds":"2.10","header":"Home"},{"name":"To Win Either Half","odds":"1.67","header":"Away"},{"name":"To Win Both Halves","odds":"15.00","header":"Home"},{"name":"To Win Both Halves","odds":"8.00","header":"Away"},{"name":"To Score in Both Halves","odds":"5.50","header":"Home"},{"name":"To Score in Both Halves","odds":"4.00","header":"Away"}],"to_score_in_half":[{"name":"1st Half","odds":"2.62","header":"Yes"},{"name":"1st Half","odds":"1.44","header":"No"},{"name":"2nd Half","odds":"2.10","header":"Yes"},{"name":"2nd Half","odds":"1.67","header":"No"},{"name":"1st Half","odds":"2.20","header":"Yes"},{"name":"1st Half","odds":"1.62","header":"No"},{"name":"2nd Half","odds":"1.80","header":"Yes"},{"name":"2nd Half","odds":"1.91","header":"No"}]}}}]}}