{"odd":{"success":1,"results":[{"FI":"75228340","event_id":"598052","asian_lines":{"updated_at":"1532570277","sp":{"asian_handicap":[{"opp":"-1.0","odds":"1.950","header":"Home"},{"opp":"+1.0","odds":"1.950","header":"Away"}],"goal_line":[{"goals":"2.5","odds":"2.025","header":"Over"},{"goals":"2.5","odds":"1.825","header":"Under"}],"alternative_asian_handicap":[{"opp":"-2.5, -3.0","odds":"6.600","header":"Home"},{"opp":"+2.5, +3.0","odds":"1.110","header":"Away"},{"opp":"-2.5","odds":"5.000","header":"Home"},{"opp":"+2.5","odds":"1.170","header":"Away"},{"opp":"-2.0, -2.5","odds":"4.500","header":"Home"},{"opp":"+2.0, +2.5","odds":"1.190","header":"Away"},{"opp":"-2.0","odds":"4.100","header":"Home"},{"opp":"+2.0","odds":"1.225","header":"Away"},{"opp":"-1.5, -2.0","odds":"3.000","header":"Home"},{"opp":"+1.5, +2.0","odds":"1.375","header":"Away"},{"opp":"-1.5","odds":"2.500","header":"Home"},{"opp":"+1.5","odds":"1.500","header":"Away"},{"opp":"-1.0, -1.5","odds":"2.200","header":"Home"},{"opp":"+1.0, +1.5","odds":"1.650","header":"Away"},{"opp":"-0.5, -1.0","odds":"1.650","header":"Home"},{"opp":"+0.5, +1.0","odds":"2.200","header":"Away"},{"opp":"-0.5","odds":"1.500","header":"Home"},{"opp":"+0.5","odds":"2.500","header":"Away"},{"opp":"0.0, -0.5","odds":"1.350","header":"Home"},{"opp":"0.0, +0.5","odds":"3.100","header":"Away"},{"opp":"0.0","odds":"1.190","header":"Home"},{"opp":"0.0","odds":"4.500","header":"Away"},{"opp":"0.0, +0.5","odds":"1.160","header":"Home"},{"opp":"0.0, -0.5","odds":"5.250","header":"Away"},{"opp":"+0.5","odds":"1.130","header":"Home"},{"opp":"-0.5","odds":"5.900","header":"Away"}],"alternative_goal_line":[{"goals":"1.0, 1.5","odds":"1.200","header":"Over"},{"goals":"1.0, 1.5","odds":"4.400","header":"Under"},{"goals":"1.5","odds":"1.325","header":"Over"},{"goals":"1.5","odds":"3.300","header":"Under"},{"goals":"1.5, 2.0","odds":"1.400","header":"Over"},{"goals":"1.5, 2.0","odds":"2.850","header":"Under"},{"goals":"2.0","odds":"1.500","header":"Over"},{"goals":"2.0","odds":"2.500","header":"Under"},{"goals":"2.0, 2.5","odds":"1.750","header":"Over"},{"goals":"2.0, 2.5","odds":"2.050","header":"Under"},{"goals":"2.5, 3.0","odds":"2.300","header":"Over"},{"goals":"2.5, 3.0","odds":"1.600","header":"Under"},{"goals":"3.0","odds":"2.750","header":"Over"},{"goals":"3.0","odds":"1.425","header":"Under"},{"goals":"3.0, 3.5","odds":"3.100","header":"Over"},{"goals":"3.0, 3.5","odds":"1.350","header":"Under"},{"goals":"3.5","odds":"3.450","header":"Over"},{"goals":"3.5","odds":"1.300","header":"Under"},{"goals":"3.5, 4.0","odds":"4.250","header":"Over"},{"goals":"3.5, 4.0","odds":"1.210","header":"Under"},{"goals":"4.0","odds":"6.000","header":"Over"},{"goals":"4.0","odds":"1.125","header":"Under"},{"goals":"4.0, 4.5","odds":"6.600","header":"Over"},{"goals":"4.0, 4.5","odds":"1.110","header":"Under"},{"goals":"4.5","odds":"7.000","header":"Over"},{"goals":"4.5","odds":"1.100","header":"Under"}],"1st_half_asian_handicap":[{"opp":"0.0, -0.5","odds":"1.700","header":"Home"},{"opp":"0.0, +0.5","odds":"2.100","header":"Away"}],"1st_half_goal_line":[{"goals":"1.0","odds":"1.950","header":"Over"},{"goals":"1.0","odds":"1.850","header":"Under"}],"alternative_1st_half_asian_handicap":[{"opp":"-1.5","odds":"5.750","header":"Home"},{"opp":"+1.5","odds":"1.140","header":"Away"},{"opp":"-1.0, -1.5","odds":"5.000","header":"Home"},{"opp":"+1.0, +1.5","odds":"1.170","header":"Away"},{"opp":"-1.0","odds":"4.150","header":"Home"},{"opp":"+1.0","odds":"1.220","header":"Away"},{"opp":"-0.5, -1.0","odds":"2.675","header":"Home"},{"opp":"+0.5, +1.0","odds":"1.450","header":"Away"},{"opp":"-0.5","odds":"2.100","header":"Home"},{"opp":"+0.5","odds":"1.700","header":"Away"},{"opp":"0.0","odds":"1.275","header":"Home"},{"opp":"0.0","odds":"3.550","header":"Away"},{"opp":"0.0, +0.5","odds":"1.180","header":"Home"},{"opp":"0.0, -0.5","odds":"4.650","header":"Away"},{"opp":"+0.5","odds":"1.130","header":"Home"},{"opp":"-0.5","odds":"5.900","header":"Away"}],"alternative_1st_half_goal_line":[{"goals":"0.5, 1.0","odds":"1.575","header":"Over"},{"goals":"0.5, 1.0","odds":"2.350","header":"Under"},{"goals":"1.0, 1.5","odds":"2.425","header":"Over"},{"goals":"1.0, 1.5","odds":"1.525","header":"Under"},{"goals":"1.5","odds":"3.000","header":"Over"},{"goals":"1.5","odds":"1.375","header":"Under"},{"goals":"1.5, 2.0","odds":"3.800","header":"Over"},{"goals":"1.5, 2.0","odds":"1.250","header":"Under"},{"goals":"2.0","odds":"6.400","header":"Over"},{"goals":"2.0","odds":"1.115","header":"Under"},{"goals":"2.0, 2.5","odds":"7.000","header":"Over"},{"goals":"2.0, 2.5","odds":"1.100","header":"Under"}],"asian_total_corners":[{"goals":"10.0","odds":"1.925","header":"Over"},{"goals":"10.0","odds":"1.875","header":"Under"}],"1st_half_asian_corners":[{"goals":"4.5","odds":"1.800","header":"Over"},{"goals":"4.5","odds":"2.000","header":"Under"}]}},"corners":{"updated_at":"1532570619","sp":{"corners":[{"opp":"Over 10","odds":"2.10"},{"opp":"Exactly 10","odds":"7.50"},{"opp":"Under 10","odds":"2.00"}],"total_corners":[{"opp":"Under 6","odds":"11.00"},{"opp":"6 - 8","odds":"3.40"},{"opp":"9 - 11","odds":"2.62"},{"opp":"12 - 14","odds":"4.00"},{"opp":"Over 14","odds":"8.00"}],"alternative_corners":[{"goals":"4","odds":"1.02","header":"Over"},{"goals":"4","odds":"23.00","header":"Exactly"},{"goals":"4","odds":"29.00","header":"Under"},{"goals":"5","odds":"1.05","header":"Over"},{"goals":"5","odds":"17.00","header":"Exactly"},{"goals":"5","odds":"19.00","header":"Under"},{"goals":"6","odds":"1.10","header":"Over"},{"goals":"6","odds":"12.00","header":"Exactly"},{"goals":"6","odds":"11.00","header":"Under"},{"goals":"7","odds":"1.22","header":"Over"},{"goals":"7","odds":"9.50","header":"Exactly"},{"goals":"7","odds":"6.50","header":"Under"},{"goals":"8","odds":"1.40","header":"Over"},{"goals":"8","odds":"8.00","header":"Exactly"},{"goals":"8","odds":"4.00","header":"Under"},{"goals":"9","odds":"1.73","header":"Over"},{"goals":"9","odds":"7.50","header":"Exactly"},{"goals":"9","odds":"2.75","header":"Under"},{"goals":"11","odds":"2.75","header":"Over"},{"goals":"11","odds":"8.00","header":"Exactly"},{"goals":"11","odds":"1.67","header":"Under"},{"goals":"12","odds":"3.75","header":"Over"},{"goals":"12","odds":"9.00","header":"Exactly"},{"goals":"12","odds":"1.40","header":"Under"},{"goals":"13","odds":"5.50","header":"Over"},{"goals":"13","odds":"11.00","header":"Exactly"},{"goals":"13","odds":"1.25","header":"Under"},{"goals":"14","odds":"8.00","header":"Over"},{"goals":"14","odds":"13.00","header":"Exactly"},{"goals":"14","odds":"1.14","header":"Under"},{"goals":"15","odds":"12.00","header":"Over"},{"goals":"15","odds":"17.00","header":"Exactly"},{"goals":"15","odds":"1.06","header":"Under"},{"goals":"16","odds":"15.00","header":"Over"},{"goals":"16","odds":"21.00","header":"Exactly"},{"goals":"16","odds":"1.04","header":"Under"},{"goals":"17","odds":"21.00","header":"Over"},{"goals":"17","odds":"26.00","header":"Exactly"},{"goals":"17","odds":"1.02","header":"Under"},{"goals":"18","odds":"29.00","header":"Over"},{"goals":"18","odds":"34.00","header":"Exactly"},{"goals":"18","odds":"1.01","header":"Under"}],"corners_2_way":[{"opp":"Over 9.5","odds":"1.73"},{"opp":"Under 9.5","odds":"2.00"}],"first_half_corners":[{"opp":"5","odds":"2.60","header":"Over"},{"opp":"5","odds":"5.50","header":"Exactly"},{"opp":"5","odds":"2.00","header":"Under"}],"asian_total_corners":[{"goals":"10.0","odds":"1.925","header":"Over"},{"goals":"10.0","odds":"1.875","header":"Under"}],"1st_half_asian_corners":[{"goals":"4.5","odds":"1.800","header":"Over"},{"goals":"4.5","odds":"2.000","header":"Under"}]}},"goals":{"updated_at":"1532569695","sp":{"goals_over_under":[{"goals":"2.5","odds":"2.00","header":"Over"},{"goals":"2.5","odds":"1.80","header":"Under"}],"alternative_total_goals":[{"goals":"0.5","odds":"1.06","header":"Over "},{"goals":"0.5","odds":"10.00","header":"Under"},{"goals":"1.5","odds":"1.30","header":"Over "},{"goals":"1.5","odds":"3.40","header":"Under"},{"goals":"3.5","odds":"3.50","header":"Over "},{"goals":"3.5","odds":"1.29","header":"Under"},{"goals":"4.5","odds":"7.00","header":"Over "},{"goals":"4.5","odds":"1.10","header":"Under"},{"goals":"5.5","odds":"15.00","header":"Over "},{"goals":"5.5","odds":"1.03","header":"Under"}],"result_total_goals":[{"opp":"AIK & Over 2.5","odds":"2.50"},{"opp":"AIK & Under 2.5","odds":"3.40"},{"opp":"Draw & Over 2.5","odds":"19.00"},{"opp":"Draw & Under  2.5","odds":"4.75"},{"opp":"Kalmar FF & Over 2.5","odds":"12.00"},{"opp":"Kalmar FF & Under 2.5","odds":"11.00"}],"total_goals_both_teams_to_score":[{"opp":"Over 2.5 & Yes","odds":"2.62"},{"opp":"Over 2.5 & No","odds":"6.50"},{"opp":"Under 2.5 & Yes","odds":"7.50"},{"opp":"Under 2.5 & No","odds":"2.20"}],"exact_total_goals":[{"opp":"0 Goals","odds":"10.00"},{"opp":"1 Goal","odds":"4.50"},{"opp":"2 Goals","odds":"3.60"},{"opp":"3 Goals","odds":"4.00"},{"opp":"4 Goals","odds":"6.00"},{"opp":"5 Goals","odds":"12.00"},{"opp":"6 Goals","odds":"26.00"},{"opp":"7+ Goals","odds":"29.00"}],"number_of_goals_in_match":[{"opp":"Under 2 goals","odds":"3.40"},{"opp":"2 or 3 goals","odds":"1.95"},{"opp":"Over 3 goals","odds":"3.50"}],"both_teams_to_score":[{"opp":"Yes","odds":"2.05"},{"opp":"No","odds":"1.70"}],"teams_to_score":[{"opp":"Both Teams","odds":"2.05"},{"opp":"AIK Only","odds":"2.30"},{"opp":"No Goal","odds":"10.00"},{"opp":"Kalmar FF Only","odds":"9.50"}],"both_teams_to_score_in_1st_half":[{"opp":"Yes","odds":"5.50"},{"opp":"No","odds":"1.14"}],"both_teams_to_score_in_2nd_half":[{"opp":"Yes","odds":"4.00"},{"opp":"No","odds":"1.22"}],"both_teams_to_score_1st_half_2nd_half":[{"opp":"Yes \/ Yes","odds":"21.00"},{"opp":"Yes \/ No","odds":"6.50"},{"opp":"No \/ Yes","odds":"4.33"},{"opp":"No \/ No","odds":"1.44"}],"first_half_goals":[{"goals":"0.5","odds":"1.40","header":"Over"},{"goals":"0.5","odds":"2.75","header":"Under"},{"goals":"1.5","odds":"3.00","header":"Over"},{"goals":"1.5","odds":"1.36","header":"Under"},{"goals":"2.5","odds":"8.00","header":"Over"},{"goals":"2.5","odds":"1.08","header":"Under"},{"goals":"3.5","odds":"23.00","header":"Over"},{"goals":"3.5","odds":"1.01","header":"Under"}],"exact_1st_half_goals":[{"opp":"0 Goals","odds":"2.75"},{"opp":"1 Goal","odds":"2.50"},{"opp":"2 Goals","odds":"4.33"},{"opp":"3 Goals","odds":"11.00"},{"opp":"4 Goals","odds":"34.00"},{"opp":"5+ Goals","odds":"67.00"}],"total_goal_minutes":[{"opp":"Over 135 minutes","odds":"2.10"},{"opp":"115 To 135 minutes inc.","odds":"8.50"},{"opp":"Under 115 minutes","odds":"1.91"}],"first_team_to_score":[{"opp":"AIK","odds":"1.36"},{"opp":"No Goals","odds":"10.00"},{"opp":"Kalmar FF","odds":"3.60"}],"early_goal":[{"opp":"Goal before 30:00","odds":"1.83"},{"opp":"No Goal before 30:00","odds":"1.83"}],"late_goal":[{"opp":"Goal after 72:59","odds":"1.83"},{"opp":"No Goal after 72:59","odds":"1.83"}],"time_of_first_goal_brackets":[{"opp":"1-10","odds":"4.50"},{"opp":"11-20","odds":"5.00"},{"opp":"21-30","odds":"6.00"},{"opp":"31-40","odds":"7.00"},{"opp":"41-50","odds":"8.00"},{"opp":"51-60","odds":"12.00"},{"opp":"61-70","odds":"15.00"},{"opp":"71-80","odds":"19.00"},{"opp":"81 - Full Time","odds":"19.00"},{"opp":"No Goal","odds":"10.00"}],"2nd_half_goals":[{"goals":"0.5","odds":"1.25","header":"Over"},{"goals":"0.5","odds":"3.75","header":"Under"},{"goals":"1.5","odds":"2.20","header":"Over"},{"goals":"1.5","odds":"1.62","header":"Under"},{"goals":"2.5","odds":"5.00","header":"Over"},{"goals":"2.5","odds":"1.17","header":"Under"},{"goals":"3.5","odds":"13.00","header":"Over"},{"goals":"3.5","odds":"1.04","header":"Under"}],"exact_2nd_half_goals":[{"opp":"0 Goals","odds":"3.75"},{"opp":"1 Goal","odds":"2.62"},{"opp":"2 Goals","odds":"3.60"},{"opp":"3 Goals","odds":"7.00"},{"opp":"4 Goals","odds":"19.00"},{"opp":"5+ Goals","odds":"29.00"}],"half_with_most_goals":[{"opp":"1st Half","odds":"3.10"},{"opp":"2nd Half","odds":"2.10"},{"opp":"Tie","odds":"3.40"}],"home_team_highest_scoring_half":[{"opp":"AIK - 1st Half","odds":"3.20"},{"opp":"AIK - 2nd Half","odds":"2.25"},{"opp":"AIK - Tie","odds":"2.75"}],"away_team_highest_scoring_half":[{"opp":"Kalmar FF - 1st Half","odds":"4.33"},{"opp":"Kalmar FF - 2nd Half","odds":"3.25"},{"opp":"Kalmar FF - Tie","odds":"1.73"}],"home_team_exact_goals":[{"opp":"AIK - 0 Goals","odds":"5.50"},{"opp":"AIK - 1 Goal","odds":"3.00"},{"opp":"AIK - 2 Goals","odds":"3.25"},{"opp":"AIK - 3+ Goals","odds":"3.40"}],"away_team_exact_goals":[{"opp":"Kalmar FF - 0 Goals","odds":"1.91"},{"opp":"Kalmar FF - 1 Goal","odds":"2.50"},{"opp":"Kalmar FF - 2 Goals","odds":"6.00"},{"opp":"Kalmar FF - 3+ Goals","odds":"17.00"}],"time_of_1st_team_goal":[{"opp":"AIK - Goal before 41:00","odds":"1.83"},{"opp":"AIK - No Goal before 41:00","odds":"1.83"},{"opp":"Kalmar FF - Goal before 79:00","odds":"2.00"},{"opp":"Kalmar FF - No Goal before 79:00","odds":"1.73"}],"goals_odd_even":[{"opp":"Even","odds":"1.90"},{"opp":"Odd","odds":"1.95"}],"home_team_odd_even_goals":[{"opp":"AIK - Even","odds":"1.83"},{"opp":"AIK - Odd","odds":"1.83"}],"away_team_odd_even_goals":[{"opp":"Kalmar FF - Even","odds":"1.53"},{"opp":"Kalmar FF - Odd","odds":"2.38"}],"1st_half_goals_odd_even":[{"opp":"Odd","odds":"2.10"},{"opp":"Even","odds":"1.73"}],"last_team_to_score":[{"opp":"AIK","odds":"1.36"},{"opp":"No Goal","odds":"10.00"},{"opp":"Kalmar FF","odds":"3.60"}],"first_10_minutes_(00:00_09:59)":[{"name":"Goals","handicap":"0.5","odds":"4.50","header":"Over"},{"name":"Goals","handicap":"0.5","odds":"1.18","header":"Under"}]}},"half":{"updated_at":"1532570625","sp":{"half_time_result":[{"opp":"1","odds":"2.10"},{"opp":"X","odds":"2.30"},{"opp":"2","odds":"6.00"}],"half_time_double_chance":[{"opp":"1X","odds":"1.11"},{"opp":"X2","odds":"1.67"},{"opp":"12","odds":"1.57"}],"half_time_result_both_teams_to_score":[{"opp":"AIK & Yes","odds":"17.00"},{"opp":"AIK & No","odds":"2.30"},{"opp":"Draw & Yes","odds":"9.00"},{"opp":"Draw & No","odds":"2.75"},{"opp":"Kalmar FF & Yes","odds":"41.00"},{"opp":"Kalmar FF & No","odds":"6.50"}],"half_time_result_total_goals":[{"opp":"AIK & Over 1.5","odds":"4.75"},{"opp":"AIK & Under 1.5","odds":"3.25"},{"opp":"Draw & Over 1.5","odds":"9.00"},{"opp":"Draw & Under 1.5","odds":"2.75"},{"opp":"Kalmar FF & Over 1.5","odds":"21.00"},{"opp":"Kalmar FF & Under 1.5","odds":"7.50"}],"half_time_correct_score":[{"opp":"1-0","odds":"3.25","header":"Home"},{"opp":"0-0","odds":"2.75","header":"X"},{"opp":"1-0","odds":"7.50","header":"Away"},{"opp":"2-0","odds":"7.50","header":"Home"},{"opp":"1-1","odds":"9.00","header":"X"},{"opp":"2-0","odds":"34.00","header":"Away"},{"opp":"2-1","odds":"21.00","header":"Home"},{"opp":"2-2","odds":"67.00","header":"X"},{"opp":"2-1","odds":"41.00","header":"Away"},{"opp":"3-0","odds":"26.00","header":"Home"},{"opp":"3-0","odds":"151.00","header":"Away"},{"opp":"3-1","odds":"51.00","header":"Home"},{"opp":"3-1","odds":"201.00","header":"Away"},{"opp":"3-2","odds":"201.00","header":"Home"},{"opp":"3-2","odds":"451.00","header":"Away"},{"opp":"4-0","odds":"67.00","header":"Home"},{"opp":"4-1","odds":"151.00","header":"Home"},{"opp":"5-0","odds":"351.00","header":"Home"}],"both_teams_to_score_in_1st_half":[{"opp":"Yes","odds":"5.50"},{"opp":"No","odds":"1.14"}],"both_teams_to_score_in_2nd_half":[{"opp":"Yes","odds":"4.00"},{"opp":"No","odds":"1.22"}],"both_teams_to_score_1st_half_2nd_half":[{"opp":"Yes \/ Yes","odds":"21.00"},{"opp":"Yes \/ No","odds":"6.50"},{"opp":"No \/ Yes","odds":"4.33"},{"opp":"No \/ No","odds":"1.44"}],"1st_half_asian_handicap":[{"opp":"0.0, -0.5","odds":"1.700","header":"Home"},{"opp":"0.0, +0.5","odds":"2.100","header":"Away"}],"1st_half_goal_line":[{"goals":"1.0","odds":"1.950","header":"Over"},{"goals":"1.0","odds":"1.850","header":"Under"}],"alternative_1st_half_asian_handicap":[{"opp":"-1.5","odds":"5.750","header":"Home"},{"opp":"+1.5","odds":"1.140","header":"Away"},{"opp":"-1.0, -1.5","odds":"5.000","header":"Home"},{"opp":"+1.0, +1.5","odds":"1.170","header":"Away"},{"opp":"-1.0","odds":"4.150","header":"Home"},{"opp":"+1.0","odds":"1.220","header":"Away"},{"opp":"-0.5, -1.0","odds":"2.675","header":"Home"},{"opp":"+0.5, +1.0","odds":"1.450","header":"Away"},{"opp":"-0.5","odds":"2.100","header":"Home"},{"opp":"+0.5","odds":"1.700","header":"Away"},{"opp":"0.0","odds":"1.275","header":"Home"},{"opp":"0.0","odds":"3.550","header":"Away"},{"opp":"0.0, +0.5","odds":"1.180","header":"Home"},{"opp":"0.0, -0.5","odds":"4.650","header":"Away"},{"opp":"+0.5","odds":"1.130","header":"Home"},{"opp":"-0.5","odds":"5.900","header":"Away"}],"alternative_1st_half_goal_line":[{"goals":"0.5, 1.0","odds":"1.575","header":"Over"},{"goals":"0.5, 1.0","odds":"2.350","header":"Under"},{"goals":"1.0, 1.5","odds":"2.425","header":"Over"},{"goals":"1.0, 1.5","odds":"1.525","header":"Under"},{"goals":"1.5","odds":"3.000","header":"Over"},{"goals":"1.5","odds":"1.375","header":"Under"},{"goals":"1.5, 2.0","odds":"3.800","header":"Over"},{"goals":"1.5, 2.0","odds":"1.250","header":"Under"},{"goals":"2.0","odds":"6.400","header":"Over"},{"goals":"2.0","odds":"1.115","header":"Under"},{"goals":"2.0, 2.5","odds":"7.000","header":"Over"},{"goals":"2.0, 2.5","odds":"1.100","header":"Under"}],"1st_half_handicap":[{"opp":"AIK  -1.0","odds":"5.50"},{"opp":"Tie - Kalmar FF +1.0","odds":"3.00"},{"opp":"Kalmar FF  +1.0","odds":"1.67"}],"alternative_1st_half_handicap_result":[{"opp":"-2.0","odds":"17.00","header":"Home"},{"opp":"+2.0","odds":"7.00","header":"Tie"},{"opp":"+2.0","odds":"1.10","header":"Away"},{"opp":"+1.0","odds":"1.11","header":"Home"},{"opp":"-1.0","odds":"6.50","header":"Tie"},{"opp":"-1.0","odds":"23.00","header":"Away"}],"first_half_goals":[{"goals":"0.5","odds":"1.40","header":"Over"},{"goals":"0.5","odds":"2.75","header":"Under"},{"goals":"1.5","odds":"3.00","header":"Over"},{"goals":"1.5","odds":"1.36","header":"Under"},{"goals":"2.5","odds":"8.00","header":"Over"},{"goals":"2.5","odds":"1.08","header":"Under"},{"goals":"3.5","odds":"23.00","header":"Over"},{"goals":"3.5","odds":"1.01","header":"Under"}],"exact_1st_half_goals":[{"opp":"0 Goals","odds":"2.75"},{"opp":"1 Goal","odds":"2.50"},{"opp":"2 Goals","odds":"4.33"},{"opp":"3 Goals","odds":"11.00"},{"opp":"4 Goals","odds":"34.00"},{"opp":"5+ Goals","odds":"67.00"}],"first_half_corners":[{"opp":"5","odds":"2.60","header":"Over"},{"opp":"5","odds":"5.50","header":"Exactly"},{"opp":"5","odds":"2.00","header":"Under"}],"1st_half_asian_corners":[{"goals":"4.5","odds":"1.800","header":"Over"},{"goals":"4.5","odds":"2.000","header":"Under"}],"1st_half_goals_odd_even":[{"opp":"Odd","odds":"2.10"},{"opp":"Even","odds":"1.73"}],"to_score_in_half":[{"name":"1st Half","odds":"1.73","header":"Yes"},{"name":"1st Half","odds":"2.00","header":"No"},{"name":"2nd Half","odds":"1.44","header":"Yes"},{"name":"2nd Half","odds":"2.62","header":"No"},{"name":"1st Half","odds":"3.25","header":"Yes"},{"name":"1st Half","odds":"1.33","header":"No"},{"name":"2nd Half","odds":"2.62","header":"Yes"},{"name":"2nd Half","odds":"1.44","header":"No"}],"half_with_most_goals":[{"opp":"1st Half","odds":"3.10"},{"opp":"2nd Half","odds":"2.10"},{"opp":"Tie","odds":"3.40"}],"home_team_highest_scoring_half":[{"opp":"AIK - 1st Half","odds":"3.20"},{"opp":"AIK - 2nd Half","odds":"2.25"},{"opp":"AIK - Tie","odds":"2.75"}],"away_team_highest_scoring_half":[{"opp":"Kalmar FF - 1st Half","odds":"4.33"},{"opp":"Kalmar FF - 2nd Half","odds":"3.25"},{"opp":"Kalmar FF - Tie","odds":"1.73"}],"2nd_half_result":[{"opp":"1","odds":"1.83"},{"opp":"X","odds":"2.60"},{"opp":"2","odds":"5.50"}],"2nd_half_goals":[{"goals":"0.5","odds":"1.25","header":"Over"},{"goals":"0.5","odds":"3.75","header":"Under"},{"goals":"1.5","odds":"2.20","header":"Over"},{"goals":"1.5","odds":"1.62","header":"Under"},{"goals":"2.5","odds":"5.00","header":"Over"},{"goals":"2.5","odds":"1.17","header":"Under"},{"goals":"3.5","odds":"13.00","header":"Over"},{"goals":"3.5","odds":"1.04","header":"Under"}],"exact_2nd_half_goals":[{"opp":"0 Goals","odds":"3.75"},{"opp":"1 Goal","odds":"2.62"},{"opp":"2 Goals","odds":"3.60"},{"opp":"3 Goals","odds":"7.00"},{"opp":"4 Goals","odds":"19.00"},{"opp":"5+ Goals","odds":"29.00"}],"2nd_half_goals_odd_even":[{"opp":"Even","odds":"1.80"},{"opp":"Odd","odds":"1.91"}]}},"main":{"updated_at":"1532570598","sp":{"full_time_result":[{"opp":"1","odds":"1.50"},{"opp":"X","odds":"4.20"},{"opp":"2","odds":"6.50"}],"double_chance":[{"opp":"1X","odds":"1.12"},{"opp":"X2","odds":"2.62"},{"opp":"12","odds":"1.25"}],"correct_score":[{"opp":"1-0","odds":"6.00","header":"Home"},{"opp":"0-0","odds":"10.00","header":"X"},{"opp":"1-0","odds":"13.00","header":"Away"},{"opp":"2-0","odds":"6.50","header":"Home"},{"opp":"1-1","odds":"7.50","header":"X"},{"opp":"2-0","odds":"34.00","header":"Away"},{"opp":"2-1","odds":"8.00","header":"Home"},{"opp":"2-2","odds":"21.00","header":"X"},{"opp":"2-1","odds":"19.00","header":"Away"},{"opp":"3-0","odds":"10.00","header":"Home"},{"opp":"3-3","odds":"81.00","header":"X"},{"opp":"3-0","odds":"81.00","header":"Away"},{"opp":"3-1","odds":"13.00","header":"Home"},{"opp":"3-1","odds":"51.00","header":"Away"},{"opp":"3-2","odds":"29.00","header":"Home"},{"opp":"3-2","odds":"51.00","header":"Away"},{"opp":"4-0","odds":"21.00","header":"Home"},{"opp":"4-0","odds":"301.00","header":"Away"},{"opp":"4-1","odds":"26.00","header":"Home"},{"opp":"4-1","odds":"151.00","header":"Away"},{"opp":"4-2","odds":"51.00","header":"Home"},{"opp":"4-2","odds":"201.00","header":"Away"},{"opp":"4-3","odds":"126.00","header":"Home"},{"opp":"4-3","odds":"301.00","header":"Away"},{"opp":"5-0","odds":"41.00","header":"Home"},{"opp":"5-1","odds":"51.00","header":"Home"},{"opp":"5-2","odds":"101.00","header":"Home"},{"opp":"5-3","odds":"351.00","header":"Home"},{"opp":"6-1","odds":"126.00","header":"Home"},{"opp":"6-0","odds":"101.00","header":"Home"},{"opp":"6-2","odds":"301.00","header":"Home"},{"opp":"7-0","odds":"301.00","header":"Home"},{"opp":"7-1","odds":"401.00","header":"Home"}],"half_time_full_time":[{"opp":"AIK - AIK","odds":"2.30"},{"opp":"AIK - Draw","odds":"17.00"},{"opp":"AIK - Kalmar FF","odds":"51.00"},{"opp":"Draw - AIK","odds":"3.75"},{"opp":"Draw - Draw","odds":"6.00"},{"opp":"Draw - Kalmar FF","odds":"15.00"},{"opp":"Kalmar FF - AIK","odds":"21.00"},{"opp":"Kalmar FF - Draw","odds":"17.00"},{"opp":"Kalmar FF - Kalmar FF","odds":"11.00"}],"goals_over_under":[{"goals":"2.5","odds":"2.00","header":"Over"},{"goals":"2.5","odds":"1.80","header":"Under"}],"both_teams_to_score":[{"opp":"Yes","odds":"2.05"},{"opp":"No","odds":"1.70"}],"goalscorers":[{"name":"Denni Avdic","odds":"4.50","header":"First"},{"name":"Denni Avdic","odds":"4.50","header":"Last"},{"name":"Denni Avdic","odds":"2.10","header":"Anytime"},{"name":"Nicolas Stefanelli","odds":"4.50","header":"First"},{"name":"Nicolas Stefanelli","odds":"4.50","header":"Last"},{"name":"Nicolas Stefanelli","odds":"2.10","header":"Anytime"},{"name":"Albin Linner","odds":"5.00","header":"First"},{"name":"Albin Linner","odds":"5.00","header":"Last"},{"name":"Albin Linner","odds":"2.30","header":"Anytime"},{"name":"Henok Goitom","odds":"5.50","header":"First"},{"name":"Henok Goitom","odds":"5.50","header":"Last"},{"name":"Henok Goitom","odds":"2.50","header":"Anytime"},{"name":"Stefan Silva Rojas","odds":"5.50","header":"First"},{"name":"Stefan Silva Rojas","odds":"5.50","header":"Last"},{"name":"Stefan Silva Rojas","odds":"2.50","header":"Anytime"},{"name":"Eero Markkanen","odds":"6.00","header":"First"},{"name":"Eero Markkanen","odds":"6.00","header":"Last"},{"name":"Eero Markkanen","odds":"2.62","header":"Anytime"},{"name":"Ahmed Yasin","odds":"7.50","header":"First"},{"name":"Ahmed Yasin","odds":"7.50","header":"Last"},{"name":"Ahmed Yasin","odds":"3.20","header":"Anytime"},{"name":"Tarik Elyounoussi","odds":"7.50","header":"First"},{"name":"Tarik Elyounoussi","odds":"7.50","header":"Last"},{"name":"Tarik Elyounoussi","odds":"3.20","header":"Anytime"},{"name":"Romario Pereira Sipiao","odds":"9.50","header":"First"},{"name":"Romario Pereira Sipiao","odds":"9.50","header":"Last"},{"name":"Romario Pereira Sipiao","odds":"4.00","header":"Anytime"},{"name":"Heradi Rashidi","odds":"10.00","header":"First"},{"name":"Heradi Rashidi","odds":"10.00","header":"Last"},{"name":"Heradi Rashidi","odds":"4.33","header":"Anytime"},{"name":"Cardoso Nixon","odds":"12.00","header":"First"},{"name":"Cardoso Nixon","odds":"12.00","header":"Last"},{"name":"Cardoso Nixon","odds":"5.00","header":"Anytime"},{"name":"Edvin Crona","odds":"12.00","header":"First"},{"name":"Edvin Crona","odds":"12.00","header":"Last"},{"name":"Edvin Crona","odds":"5.00","header":"Anytime"},{"name":"Erton Fejzullahu","odds":"12.00","header":"First"},{"name":"Erton Fejzullahu","odds":"12.00","header":"Last"},{"name":"Erton Fejzullahu","odds":"5.00","header":"Anytime"},{"name":"Nils Froling","odds":"12.00","header":"First"},{"name":"Nils Froling","odds":"12.00","header":"Last"},{"name":"Nils Froling","odds":"5.00","header":"Anytime"},{"name":"Bilal Hussein","odds":"13.00","header":"First"},{"name":"Bilal Hussein","odds":"13.00","header":"Last"},{"name":"Bilal Hussein","odds":"5.50","header":"Anytime"},{"name":"Daniel Sundgren","odds":"13.00","header":"First"},{"name":"Daniel Sundgren","odds":"13.00","header":"Last"},{"name":"Daniel Sundgren","odds":"5.50","header":"Anytime"},{"name":"Kristoffer Olsson","odds":"13.00","header":"First"},{"name":"Kristoffer Olsson","odds":"13.00","header":"Last"},{"name":"Kristoffer Olsson","odds":"5.50","header":"Anytime"},{"name":"Rasmus Lindkvist","odds":"13.00","header":"First"},{"name":"Rasmus Lindkvist","odds":"13.00","header":"Last"},{"name":"Rasmus Lindkvist","odds":"5.50","header":"Anytime"},{"name":"De Oliveiro Hiago","odds":"15.00","header":"First"},{"name":"De Oliveiro Hiago","odds":"15.00","header":"Last"},{"name":"De Oliveiro Hiago","odds":"6.00","header":"Anytime"},{"name":"Isak Magnusson","odds":"15.00","header":"First"},{"name":"Isak Magnusson","odds":"15.00","header":"Last"},{"name":"Isak Magnusson","odds":"6.00","header":"Anytime"},{"name":"Mans Soderqvist","odds":"15.00","header":"First"},{"name":"Mans Soderqvist","odds":"15.00","header":"Last"},{"name":"Mans Soderqvist","odds":"6.00","header":"Anytime"},{"name":"Papa Diouf","odds":"15.00","header":"First"},{"name":"Papa Diouf","odds":"15.00","header":"Last"},{"name":"Papa Diouf","odds":"6.00","header":"Anytime"},{"name":"Sebastian Larsson","odds":"15.00","header":"First"},{"name":"Sebastian Larsson","odds":"15.00","header":"Last"},{"name":"Sebastian Larsson","odds":"6.00","header":"Anytime"},{"name":"Rasmus Elm","odds":"17.00","header":"First"},{"name":"Rasmus Elm","odds":"17.00","header":"Last"},{"name":"Rasmus Elm","odds":"7.00","header":"Anytime"},{"name":"Adam Ben Lamin","odds":"19.00","header":"First"},{"name":"Adam Ben Lamin","odds":"19.00","header":"Last"},{"name":"Adam Ben Lamin","odds":"7.50","header":"Anytime"},{"name":"Enoch Adu","odds":"19.00","header":"First"},{"name":"Enoch Adu","odds":"19.00","header":"Last"},{"name":"Enoch Adu","odds":"7.50","header":"Anytime"},{"name":"Haukur Hauksson","odds":"19.00","header":"First"},{"name":"Haukur Hauksson","odds":"19.00","header":"Last"},{"name":"Haukur Hauksson","odds":"7.50","header":"Anytime"},{"name":"Panajotis Dimitriadis","odds":"19.00","header":"First"},{"name":"Panajotis Dimitriadis","odds":"19.00","header":"Last"},{"name":"Panajotis Dimitriadis","odds":"7.50","header":"Anytime"},{"name":"Romario Sipiao","odds":"19.00","header":"First"},{"name":"Romario Sipiao","odds":"19.00","header":"Last"},{"name":"Romario Sipiao","odds":"7.50","header":"Anytime"},{"name":"Adrian Edqvist","odds":"21.00","header":"First"},{"name":"Adrian Edqvist","odds":"21.00","header":"Last"},{"name":"Adrian Edqvist","odds":"8.50","header":"Anytime"},{"name":"Herman Hallberg","odds":"21.00","header":"First"},{"name":"Herman Hallberg","odds":"21.00","header":"Last"},{"name":"Herman Hallberg","odds":"8.50","header":"Anytime"},{"name":"Filip Sachpekidis","odds":"23.00","header":"First"},{"name":"Filip Sachpekidis","odds":"23.00","header":"Last"},{"name":"Filip Sachpekidis","odds":"9.50","header":"Anytime"},{"name":"Hugo Jaja","odds":"26.00","header":"First"},{"name":"Hugo Jaja","odds":"26.00","header":"Last"},{"name":"Hugo Jaja","odds":"11.00","header":"Anytime"},{"name":"Alexander Milosevic","odds":"29.00","header":"First"},{"name":"Alexander Milosevic","odds":"29.00","header":"Last"},{"name":"Alexander Milosevic","odds":"12.00","header":"Anytime"},{"name":"Joel Ekstrand","odds":"29.00","header":"First"},{"name":"Joel Ekstrand","odds":"29.00","header":"Last"},{"name":"Joel Ekstrand","odds":"12.00","header":"Anytime"},{"name":"Robin Jansson","odds":"29.00","header":"First"},{"name":"Robin Jansson","odds":"29.00","header":"Last"},{"name":"Robin Jansson","odds":"12.00","header":"Anytime"},{"name":"Tobias Eriksson","odds":"29.00","header":"First"},{"name":"Tobias Eriksson","odds":"29.00","header":"Last"},{"name":"Tobias Eriksson","odds":"12.00","header":"Anytime"},{"name":"Per Karlsson","odds":"34.00","header":"First"},{"name":"Per Karlsson","odds":"34.00","header":"Last"},{"name":"Per Karlsson","odds":"15.00","header":"Anytime"},{"name":"Adam Hellborg","odds":"41.00","header":"First"},{"name":"Adam Hellborg","odds":"41.00","header":"Last"},{"name":"Adam Hellborg","odds":"17.00","header":"Anytime"},{"name":"Viktor Elm","odds":"41.00","header":"First"},{"name":"Viktor Elm","odds":"41.00","header":"Last"},{"name":"Viktor Elm","odds":"17.00","header":"Anytime"},{"name":"Chima Akas","odds":"51.00","header":"First"},{"name":"Chima Akas","odds":"51.00","header":"Last"},{"name":"Chima Akas","odds":"21.00","header":"Anytime"},{"name":"Emin Nouri","odds":"51.00","header":"First"},{"name":"Emin Nouri","odds":"51.00","header":"Last"},{"name":"Emin Nouri","odds":"21.00","header":"Anytime"},{"name":"Gbenga Arokoyo","odds":"51.00","header":"First"},{"name":"Gbenga Arokoyo","odds":"51.00","header":"Last"},{"name":"Gbenga Arokoyo","odds":"21.00","header":"Anytime"},{"name":"Mikael Dyrestam","odds":"51.00","header":"First"},{"name":"Mikael Dyrestam","odds":"51.00","header":"Last"},{"name":"Mikael Dyrestam","odds":"21.00","header":"Anytime"},{"name":"Victor Agardius","odds":"51.00","header":"First"},{"name":"Victor Agardius","odds":"51.00","header":"Last"},{"name":"Victor Agardius","odds":"21.00","header":"Anytime"},{"name":"Markus Thorbjornsson","odds":"67.00","header":"First"},{"name":"Markus Thorbjornsson","odds":"67.00","header":"Last"},{"name":"Markus Thorbjornsson","odds":"26.00","header":"Anytime"},{"name":"No Goalscorer","odds":"10.00","header":"First"},{"name":"No Goalscorer","odds":"10.00","header":"Last"}],"multi_scorers":[{"name":"Denni Avdic","odds":"6.50","header":"2 or More"},{"name":"Denni Avdic","odds":"23.00","header":"3 or More"},{"name":"Nicolas Stefanelli","odds":"6.50","header":"2 or More"},{"name":"Nicolas Stefanelli","odds":"23.00","header":"3 or More"},{"name":"Albin Linner","odds":"8.00","header":"2 or More"},{"name":"Albin Linner","odds":"34.00","header":"3 or More"},{"name":"Henok Goitom","odds":"9.00","header":"2 or More"},{"name":"Henok Goitom","odds":"41.00","header":"3 or More"},{"name":"Stefan Silva Rojas","odds":"9.00","header":"2 or More"},{"name":"Stefan Silva Rojas","odds":"41.00","header":"3 or More"},{"name":"Eero Markkanen","odds":"10.00","header":"2 or More"},{"name":"Eero Markkanen","odds":"51.00","header":"3 or More"},{"name":"Ahmed Yasin","odds":"15.00","header":"2 or More"},{"name":"Ahmed Yasin","odds":"81.00","header":"3 or More"},{"name":"Tarik Elyounoussi","odds":"15.00","header":"2 or More"},{"name":"Tarik Elyounoussi","odds":"81.00","header":"3 or More"},{"name":"Romario Pereira Sipiao","odds":"23.00","header":"2 or More"},{"name":"Romario Pereira Sipiao","odds":"101.00","header":"3 or More"},{"name":"Heradi Rashidi","odds":"26.00","header":"2 or More"},{"name":"Heradi Rashidi","odds":"101.00","header":"3 or More"},{"name":"Cardoso Nixon","odds":"34.00","header":"2 or More"},{"name":"Cardoso Nixon","odds":"126.00","header":"3 or More"},{"name":"Edvin Crona","odds":"34.00","header":"2 or More"},{"name":"Edvin Crona","odds":"126.00","header":"3 or More"},{"name":"Erton Fejzullahu","odds":"34.00","header":"2 or More"},{"name":"Erton Fejzullahu","odds":"126.00","header":"3 or More"},{"name":"Nils Froling","odds":"34.00","header":"2 or More"},{"name":"Nils Froling","odds":"126.00","header":"3 or More"},{"name":"Bilal Hussein","odds":"41.00","header":"2 or More"},{"name":"Bilal Hussein","odds":"151.00","header":"3 or More"},{"name":"Daniel Sundgren","odds":"41.00","header":"2 or More"},{"name":"Daniel Sundgren","odds":"151.00","header":"3 or More"},{"name":"Kristoffer Olsson","odds":"41.00","header":"2 or More"},{"name":"Kristoffer Olsson","odds":"151.00","header":"3 or More"},{"name":"Rasmus Lindkvist","odds":"41.00","header":"2 or More"},{"name":"Rasmus Lindkvist","odds":"151.00","header":"3 or More"},{"name":"De Oliveiro Hiago","odds":"51.00","header":"2 or More"},{"name":"De Oliveiro Hiago","odds":"151.00","header":"3 or More"},{"name":"Isak Magnusson","odds":"51.00","header":"2 or More"},{"name":"Isak Magnusson","odds":"151.00","header":"3 or More"},{"name":"Mans Soderqvist","odds":"51.00","header":"2 or More"},{"name":"Mans Soderqvist","odds":"151.00","header":"3 or More"},{"name":"Papa Diouf","odds":"51.00","header":"2 or More"},{"name":"Papa Diouf","odds":"151.00","header":"3 or More"},{"name":"Sebastian Larsson","odds":"51.00","header":"2 or More"},{"name":"Sebastian Larsson","odds":"151.00","header":"3 or More"},{"name":"Rasmus Elm","odds":"67.00","header":"2 or More"},{"name":"Rasmus Elm","odds":"201.00","header":"3 or More"},{"name":"Adam Ben Lamin","odds":"81.00","header":"2 or More"},{"name":"Adam Ben Lamin","odds":"251.00","header":"3 or More"},{"name":"Enoch Adu","odds":"81.00","header":"2 or More"},{"name":"Enoch Adu","odds":"251.00","header":"3 or More"},{"name":"Haukur Hauksson","odds":"81.00","header":"2 or More"},{"name":"Haukur Hauksson","odds":"251.00","header":"3 or More"},{"name":"Panajotis Dimitriadis","odds":"81.00","header":"2 or More"},{"name":"Panajotis Dimitriadis","odds":"251.00","header":"3 or More"},{"name":"Romario Sipiao","odds":"81.00","header":"2 or More"},{"name":"Romario Sipiao","odds":"251.00","header":"3 or More"},{"name":"Adrian Edqvist","odds":"101.00","header":"2 or More"},{"name":"Adrian Edqvist","odds":"351.00","header":"3 or More"},{"name":"Filip Sachpekidis","odds":"101.00","header":"2 or More"},{"name":"Filip Sachpekidis","odds":"501.00","header":"3 or More"},{"name":"Herman Hallberg","odds":"101.00","header":"2 or More"},{"name":"Herman Hallberg","odds":"351.00","header":"3 or More"},{"name":"Hugo Jaja","odds":"101.00","header":"2 or More"},{"name":"Hugo Jaja","odds":"501.00","header":"3 or More"},{"name":"Alexander Milosevic","odds":"126.00","header":"2 or More"},{"name":"Alexander Milosevic","odds":"501.00","header":"3 or More"},{"name":"Joel Ekstrand","odds":"126.00","header":"2 or More"},{"name":"Joel Ekstrand","odds":"501.00","header":"3 or More"},{"name":"Per Karlsson","odds":"126.00","header":"2 or More"},{"name":"Per Karlsson","odds":"501.00","header":"3 or More"},{"name":"Robin Jansson","odds":"126.00","header":"2 or More"},{"name":"Robin Jansson","odds":"501.00","header":"3 or More"},{"name":"Tobias Eriksson","odds":"126.00","header":"2 or More"},{"name":"Tobias Eriksson","odds":"501.00","header":"3 or More"},{"name":"Adam Hellborg","odds":"151.00","header":"2 or More"},{"name":"Adam Hellborg","odds":"501.00","header":"3 or More"},{"name":"Viktor Elm","odds":"151.00","header":"2 or More"},{"name":"Viktor Elm","odds":"501.00","header":"3 or More"},{"name":"Chima Akas","odds":"201.00","header":"2 or More"},{"name":"Chima Akas","odds":"501.00","header":"3 or More"},{"name":"Emin Nouri","odds":"201.00","header":"2 or More"},{"name":"Emin Nouri","odds":"501.00","header":"3 or More"},{"name":"Gbenga Arokoyo","odds":"201.00","header":"2 or More"},{"name":"Gbenga Arokoyo","odds":"501.00","header":"3 or More"},{"name":"Mikael Dyrestam","odds":"201.00","header":"2 or More"},{"name":"Mikael Dyrestam","odds":"501.00","header":"3 or More"},{"name":"Victor Agardius","odds":"201.00","header":"2 or More"},{"name":"Victor Agardius","odds":"501.00","header":"3 or More"},{"name":"Markus Thorbjornsson","odds":"251.00","header":"2 or More"},{"name":"Markus Thorbjornsson","odds":"501.00","header":"3 or More"}],"asian_handicap":[{"opp":"-1.0","odds":"1.950","header":"Home"},{"opp":"+1.0","odds":"1.950","header":"Away"}],"goal_line":[{"goals":"2.5","odds":"2.025","header":"Over"},{"goals":"2.5","odds":"1.825","header":"Under"}],"alternative_asian_handicap":[{"opp":"-2.5, -3.0","odds":"6.600","header":"Home"},{"opp":"+2.5, +3.0","odds":"1.110","header":"Away"},{"opp":"-2.5","odds":"5.000","header":"Home"},{"opp":"+2.5","odds":"1.170","header":"Away"},{"opp":"-2.0, -2.5","odds":"4.500","header":"Home"},{"opp":"+2.0, +2.5","odds":"1.190","header":"Away"},{"opp":"-2.0","odds":"4.100","header":"Home"},{"opp":"+2.0","odds":"1.225","header":"Away"},{"opp":"-1.5, -2.0","odds":"3.000","header":"Home"},{"opp":"+1.5, +2.0","odds":"1.375","header":"Away"},{"opp":"-1.5","odds":"2.500","header":"Home"},{"opp":"+1.5","odds":"1.500","header":"Away"},{"opp":"-1.0, -1.5","odds":"2.200","header":"Home"},{"opp":"+1.0, +1.5","odds":"1.650","header":"Away"},{"opp":"-0.5, -1.0","odds":"1.650","header":"Home"},{"opp":"+0.5, +1.0","odds":"2.200","header":"Away"},{"opp":"-0.5","odds":"1.500","header":"Home"},{"opp":"+0.5","odds":"2.500","header":"Away"},{"opp":"0.0, -0.5","odds":"1.350","header":"Home"},{"opp":"0.0, +0.5","odds":"3.100","header":"Away"},{"opp":"0.0","odds":"1.190","header":"Home"},{"opp":"0.0","odds":"4.500","header":"Away"},{"opp":"0.0, +0.5","odds":"1.160","header":"Home"},{"opp":"0.0, -0.5","odds":"5.250","header":"Away"},{"opp":"+0.5","odds":"1.130","header":"Home"},{"opp":"-0.5","odds":"5.900","header":"Away"}],"alternative_goal_line":[{"goals":"1.0, 1.5","odds":"1.200","header":"Over"},{"goals":"1.0, 1.5","odds":"4.400","header":"Under"},{"goals":"1.5","odds":"1.325","header":"Over"},{"goals":"1.5","odds":"3.300","header":"Under"},{"goals":"1.5, 2.0","odds":"1.400","header":"Over"},{"goals":"1.5, 2.0","odds":"2.850","header":"Under"},{"goals":"2.0","odds":"1.500","header":"Over"},{"goals":"2.0","odds":"2.500","header":"Under"},{"goals":"2.0, 2.5","odds":"1.750","header":"Over"},{"goals":"2.0, 2.5","odds":"2.050","header":"Under"},{"goals":"2.5, 3.0","odds":"2.300","header":"Over"},{"goals":"2.5, 3.0","odds":"1.600","header":"Under"},{"goals":"3.0","odds":"2.750","header":"Over"},{"goals":"3.0","odds":"1.425","header":"Under"},{"goals":"3.0, 3.5","odds":"3.100","header":"Over"},{"goals":"3.0, 3.5","odds":"1.350","header":"Under"},{"goals":"3.5","odds":"3.450","header":"Over"},{"goals":"3.5","odds":"1.300","header":"Under"},{"goals":"3.5, 4.0","odds":"4.250","header":"Over"},{"goals":"3.5, 4.0","odds":"1.210","header":"Under"},{"goals":"4.0","odds":"6.000","header":"Over"},{"goals":"4.0","odds":"1.125","header":"Under"},{"goals":"4.0, 4.5","odds":"6.600","header":"Over"},{"goals":"4.0, 4.5","odds":"1.110","header":"Under"},{"goals":"4.5","odds":"7.000","header":"Over"},{"goals":"4.5","odds":"1.100","header":"Under"}],"draw_no_bet":[{"opp":"AIK","odds":"1.18"},{"opp":"Kalmar FF","odds":"4.50"}],"result_both_teams_to_score":[{"name":"AIK","odds":"3.75","header":"Yes"},{"name":"AIK","odds":"2.30","header":"No"},{"name":"Kalmar FF","odds":"13.00","header":"Yes"},{"name":"Kalmar FF","odds":"10.00","header":"No"},{"name":"Draw","odds":"6.00","header":"Yes"},{"name":"Draw","odds":"10.00","header":"No"}],"handicap_result":[{"opp":"AIK (-1)","odds":"2.50"},{"opp":"Tie - (Kalmar FF +1)","odds":"3.40"},{"opp":"Kalmar FF (+1)","odds":"2.62"}],"alternative_handicap_result":[{"opp":"-3.0","odds":"10.00","header":"Home"},{"opp":"+3.0","odds":"7.00","header":"Tie"},{"opp":"+3.0","odds":"1.14","header":"Away"},{"opp":"-2.0","odds":"4.75","header":"Home"},{"opp":"+2.0","odds":"4.33","header":"Tie"},{"opp":"+2.0","odds":"1.50","header":"Away"},{"opp":"+1.0","odds":"1.12","header":"Home"},{"opp":"-1.0","odds":"7.50","header":"Tie"},{"opp":"-1.0","odds":"15.00","header":"Away"},{"opp":"+2.0","odds":"1.02","header":"Home"},{"opp":"-2.0","odds":"17.00","header":"Tie"},{"opp":"-2.0","odds":"21.00","header":"Away"}],"winning_margin":[{"goals":" 1","odds":"3.40","header":"Home"},{"goals":" 1","odds":"7.50","header":"Away"},{"goals":" 2","odds":"4.33","header":"Home"},{"goals":" 2","odds":"17.00","header":"Away"},{"goals":" 3","odds":"7.00","header":"Home"},{"goals":" 3","odds":"67.00","header":"Away"},{"goals":" 4+","odds":"10.00","header":"Home"},{"goals":" 4+","odds":"251.00","header":"Away"},{"goals":"Score Draw","odds":"6.00","header":"Home"},{"goals":"No Goal","odds":"10.00","header":"Home"}]}},"player":{"updated_at":"1532570660","sp":{"goalscorers":[{"name":"Denni Avdic","odds":"4.50","header":"First"},{"name":"Denni Avdic","odds":"4.50","header":"Last"},{"name":"Denni Avdic","odds":"2.10","header":"Anytime"},{"name":"Nicolas Stefanelli","odds":"4.50","header":"First"},{"name":"Nicolas Stefanelli","odds":"4.50","header":"Last"},{"name":"Nicolas Stefanelli","odds":"2.10","header":"Anytime"},{"name":"Albin Linner","odds":"5.00","header":"First"},{"name":"Albin Linner","odds":"5.00","header":"Last"},{"name":"Albin Linner","odds":"2.30","header":"Anytime"},{"name":"Henok Goitom","odds":"5.50","header":"First"},{"name":"Henok Goitom","odds":"5.50","header":"Last"},{"name":"Henok Goitom","odds":"2.50","header":"Anytime"},{"name":"Stefan Silva Rojas","odds":"5.50","header":"First"},{"name":"Stefan Silva Rojas","odds":"5.50","header":"Last"},{"name":"Stefan Silva Rojas","odds":"2.50","header":"Anytime"},{"name":"Eero Markkanen","odds":"6.00","header":"First"},{"name":"Eero Markkanen","odds":"6.00","header":"Last"},{"name":"Eero Markkanen","odds":"2.62","header":"Anytime"},{"name":"Ahmed Yasin","odds":"7.50","header":"First"},{"name":"Ahmed Yasin","odds":"7.50","header":"Last"},{"name":"Ahmed Yasin","odds":"3.20","header":"Anytime"},{"name":"Tarik Elyounoussi","odds":"7.50","header":"First"},{"name":"Tarik Elyounoussi","odds":"7.50","header":"Last"},{"name":"Tarik Elyounoussi","odds":"3.20","header":"Anytime"},{"name":"Romario Pereira Sipiao","odds":"9.50","header":"First"},{"name":"Romario Pereira Sipiao","odds":"9.50","header":"Last"},{"name":"Romario Pereira Sipiao","odds":"4.00","header":"Anytime"},{"name":"Heradi Rashidi","odds":"10.00","header":"First"},{"name":"Heradi Rashidi","odds":"10.00","header":"Last"},{"name":"Heradi Rashidi","odds":"4.33","header":"Anytime"},{"name":"Cardoso Nixon","odds":"12.00","header":"First"},{"name":"Cardoso Nixon","odds":"12.00","header":"Last"},{"name":"Cardoso Nixon","odds":"5.00","header":"Anytime"},{"name":"Edvin Crona","odds":"12.00","header":"First"},{"name":"Edvin Crona","odds":"12.00","header":"Last"},{"name":"Edvin Crona","odds":"5.00","header":"Anytime"},{"name":"Erton Fejzullahu","odds":"12.00","header":"First"},{"name":"Erton Fejzullahu","odds":"12.00","header":"Last"},{"name":"Erton Fejzullahu","odds":"5.00","header":"Anytime"},{"name":"Nils Froling","odds":"12.00","header":"First"},{"name":"Nils Froling","odds":"12.00","header":"Last"},{"name":"Nils Froling","odds":"5.00","header":"Anytime"},{"name":"Bilal Hussein","odds":"13.00","header":"First"},{"name":"Bilal Hussein","odds":"13.00","header":"Last"},{"name":"Bilal Hussein","odds":"5.50","header":"Anytime"},{"name":"Daniel Sundgren","odds":"13.00","header":"First"},{"name":"Daniel Sundgren","odds":"13.00","header":"Last"},{"name":"Daniel Sundgren","odds":"5.50","header":"Anytime"},{"name":"Kristoffer Olsson","odds":"13.00","header":"First"},{"name":"Kristoffer Olsson","odds":"13.00","header":"Last"},{"name":"Kristoffer Olsson","odds":"5.50","header":"Anytime"},{"name":"Rasmus Lindkvist","odds":"13.00","header":"First"},{"name":"Rasmus Lindkvist","odds":"13.00","header":"Last"},{"name":"Rasmus Lindkvist","odds":"5.50","header":"Anytime"},{"name":"De Oliveiro Hiago","odds":"15.00","header":"First"},{"name":"De Oliveiro Hiago","odds":"15.00","header":"Last"},{"name":"De Oliveiro Hiago","odds":"6.00","header":"Anytime"},{"name":"Isak Magnusson","odds":"15.00","header":"First"},{"name":"Isak Magnusson","odds":"15.00","header":"Last"},{"name":"Isak Magnusson","odds":"6.00","header":"Anytime"},{"name":"Mans Soderqvist","odds":"15.00","header":"First"},{"name":"Mans Soderqvist","odds":"15.00","header":"Last"},{"name":"Mans Soderqvist","odds":"6.00","header":"Anytime"},{"name":"Papa Diouf","odds":"15.00","header":"First"},{"name":"Papa Diouf","odds":"15.00","header":"Last"},{"name":"Papa Diouf","odds":"6.00","header":"Anytime"},{"name":"Sebastian Larsson","odds":"15.00","header":"First"},{"name":"Sebastian Larsson","odds":"15.00","header":"Last"},{"name":"Sebastian Larsson","odds":"6.00","header":"Anytime"},{"name":"Rasmus Elm","odds":"17.00","header":"First"},{"name":"Rasmus Elm","odds":"17.00","header":"Last"},{"name":"Rasmus Elm","odds":"7.00","header":"Anytime"},{"name":"Adam Ben Lamin","odds":"19.00","header":"First"},{"name":"Adam Ben Lamin","odds":"19.00","header":"Last"},{"name":"Adam Ben Lamin","odds":"7.50","header":"Anytime"},{"name":"Enoch Adu","odds":"19.00","header":"First"},{"name":"Enoch Adu","odds":"19.00","header":"Last"},{"name":"Enoch Adu","odds":"7.50","header":"Anytime"},{"name":"Haukur Hauksson","odds":"19.00","header":"First"},{"name":"Haukur Hauksson","odds":"19.00","header":"Last"},{"name":"Haukur Hauksson","odds":"7.50","header":"Anytime"},{"name":"Panajotis Dimitriadis","odds":"19.00","header":"First"},{"name":"Panajotis Dimitriadis","odds":"19.00","header":"Last"},{"name":"Panajotis Dimitriadis","odds":"7.50","header":"Anytime"},{"name":"Romario Sipiao","odds":"19.00","header":"First"},{"name":"Romario Sipiao","odds":"19.00","header":"Last"},{"name":"Romario Sipiao","odds":"7.50","header":"Anytime"},{"name":"Adrian Edqvist","odds":"21.00","header":"First"},{"name":"Adrian Edqvist","odds":"21.00","header":"Last"},{"name":"Adrian Edqvist","odds":"8.50","header":"Anytime"},{"name":"Herman Hallberg","odds":"21.00","header":"First"},{"name":"Herman Hallberg","odds":"21.00","header":"Last"},{"name":"Herman Hallberg","odds":"8.50","header":"Anytime"},{"name":"Filip Sachpekidis","odds":"23.00","header":"First"},{"name":"Filip Sachpekidis","odds":"23.00","header":"Last"},{"name":"Filip Sachpekidis","odds":"9.50","header":"Anytime"},{"name":"Hugo Jaja","odds":"26.00","header":"First"},{"name":"Hugo Jaja","odds":"26.00","header":"Last"},{"name":"Hugo Jaja","odds":"11.00","header":"Anytime"},{"name":"Alexander Milosevic","odds":"29.00","header":"First"},{"name":"Alexander Milosevic","odds":"29.00","header":"Last"},{"name":"Alexander Milosevic","odds":"12.00","header":"Anytime"},{"name":"Joel Ekstrand","odds":"29.00","header":"First"},{"name":"Joel Ekstrand","odds":"29.00","header":"Last"},{"name":"Joel Ekstrand","odds":"12.00","header":"Anytime"},{"name":"Robin Jansson","odds":"29.00","header":"First"},{"name":"Robin Jansson","odds":"29.00","header":"Last"},{"name":"Robin Jansson","odds":"12.00","header":"Anytime"},{"name":"Tobias Eriksson","odds":"29.00","header":"First"},{"name":"Tobias Eriksson","odds":"29.00","header":"Last"},{"name":"Tobias Eriksson","odds":"12.00","header":"Anytime"},{"name":"Per Karlsson","odds":"34.00","header":"First"},{"name":"Per Karlsson","odds":"34.00","header":"Last"},{"name":"Per Karlsson","odds":"15.00","header":"Anytime"},{"name":"Adam Hellborg","odds":"41.00","header":"First"},{"name":"Adam Hellborg","odds":"41.00","header":"Last"},{"name":"Adam Hellborg","odds":"17.00","header":"Anytime"},{"name":"Viktor Elm","odds":"41.00","header":"First"},{"name":"Viktor Elm","odds":"41.00","header":"Last"},{"name":"Viktor Elm","odds":"17.00","header":"Anytime"},{"name":"Chima Akas","odds":"51.00","header":"First"},{"name":"Chima Akas","odds":"51.00","header":"Last"},{"name":"Chima Akas","odds":"21.00","header":"Anytime"},{"name":"Emin Nouri","odds":"51.00","header":"First"},{"name":"Emin Nouri","odds":"51.00","header":"Last"},{"name":"Emin Nouri","odds":"21.00","header":"Anytime"},{"name":"Gbenga Arokoyo","odds":"51.00","header":"First"},{"name":"Gbenga Arokoyo","odds":"51.00","header":"Last"},{"name":"Gbenga Arokoyo","odds":"21.00","header":"Anytime"},{"name":"Mikael Dyrestam","odds":"51.00","header":"First"},{"name":"Mikael Dyrestam","odds":"51.00","header":"Last"},{"name":"Mikael Dyrestam","odds":"21.00","header":"Anytime"},{"name":"Victor Agardius","odds":"51.00","header":"First"},{"name":"Victor Agardius","odds":"51.00","header":"Last"},{"name":"Victor Agardius","odds":"21.00","header":"Anytime"},{"name":"Markus Thorbjornsson","odds":"67.00","header":"First"},{"name":"Markus Thorbjornsson","odds":"67.00","header":"Last"},{"name":"Markus Thorbjornsson","odds":"26.00","header":"Anytime"},{"name":"No Goalscorer","odds":"10.00","header":"First"},{"name":"No Goalscorer","odds":"10.00","header":"Last"}],"multi_scorers":[{"name":"Denni Avdic","odds":"6.50","header":"2 or More"},{"name":"Denni Avdic","odds":"23.00","header":"3 or More"},{"name":"Nicolas Stefanelli","odds":"6.50","header":"2 or More"},{"name":"Nicolas Stefanelli","odds":"23.00","header":"3 or More"},{"name":"Albin Linner","odds":"8.00","header":"2 or More"},{"name":"Albin Linner","odds":"34.00","header":"3 or More"},{"name":"Henok Goitom","odds":"9.00","header":"2 or More"},{"name":"Henok Goitom","odds":"41.00","header":"3 or More"},{"name":"Stefan Silva Rojas","odds":"9.00","header":"2 or More"},{"name":"Stefan Silva Rojas","odds":"41.00","header":"3 or More"},{"name":"Eero Markkanen","odds":"10.00","header":"2 or More"},{"name":"Eero Markkanen","odds":"51.00","header":"3 or More"},{"name":"Ahmed Yasin","odds":"15.00","header":"2 or More"},{"name":"Ahmed Yasin","odds":"81.00","header":"3 or More"},{"name":"Tarik Elyounoussi","odds":"15.00","header":"2 or More"},{"name":"Tarik Elyounoussi","odds":"81.00","header":"3 or More"},{"name":"Romario Pereira Sipiao","odds":"23.00","header":"2 or More"},{"name":"Romario Pereira Sipiao","odds":"101.00","header":"3 or More"},{"name":"Heradi Rashidi","odds":"26.00","header":"2 or More"},{"name":"Heradi Rashidi","odds":"101.00","header":"3 or More"},{"name":"Cardoso Nixon","odds":"34.00","header":"2 or More"},{"name":"Cardoso Nixon","odds":"126.00","header":"3 or More"},{"name":"Edvin Crona","odds":"34.00","header":"2 or More"},{"name":"Edvin Crona","odds":"126.00","header":"3 or More"},{"name":"Erton Fejzullahu","odds":"34.00","header":"2 or More"},{"name":"Erton Fejzullahu","odds":"126.00","header":"3 or More"},{"name":"Nils Froling","odds":"34.00","header":"2 or More"},{"name":"Nils Froling","odds":"126.00","header":"3 or More"},{"name":"Bilal Hussein","odds":"41.00","header":"2 or More"},{"name":"Bilal Hussein","odds":"151.00","header":"3 or More"},{"name":"Daniel Sundgren","odds":"41.00","header":"2 or More"},{"name":"Daniel Sundgren","odds":"151.00","header":"3 or More"},{"name":"Kristoffer Olsson","odds":"41.00","header":"2 or More"},{"name":"Kristoffer Olsson","odds":"151.00","header":"3 or More"},{"name":"Rasmus Lindkvist","odds":"41.00","header":"2 or More"},{"name":"Rasmus Lindkvist","odds":"151.00","header":"3 or More"},{"name":"De Oliveiro Hiago","odds":"51.00","header":"2 or More"},{"name":"De Oliveiro Hiago","odds":"151.00","header":"3 or More"},{"name":"Isak Magnusson","odds":"51.00","header":"2 or More"},{"name":"Isak Magnusson","odds":"151.00","header":"3 or More"},{"name":"Mans Soderqvist","odds":"51.00","header":"2 or More"},{"name":"Mans Soderqvist","odds":"151.00","header":"3 or More"},{"name":"Papa Diouf","odds":"51.00","header":"2 or More"},{"name":"Papa Diouf","odds":"151.00","header":"3 or More"},{"name":"Sebastian Larsson","odds":"51.00","header":"2 or More"},{"name":"Sebastian Larsson","odds":"151.00","header":"3 or More"},{"name":"Rasmus Elm","odds":"67.00","header":"2 or More"},{"name":"Rasmus Elm","odds":"201.00","header":"3 or More"},{"name":"Adam Ben Lamin","odds":"81.00","header":"2 or More"},{"name":"Adam Ben Lamin","odds":"251.00","header":"3 or More"},{"name":"Enoch Adu","odds":"81.00","header":"2 or More"},{"name":"Enoch Adu","odds":"251.00","header":"3 or More"},{"name":"Haukur Hauksson","odds":"81.00","header":"2 or More"},{"name":"Haukur Hauksson","odds":"251.00","header":"3 or More"},{"name":"Panajotis Dimitriadis","odds":"81.00","header":"2 or More"},{"name":"Panajotis Dimitriadis","odds":"251.00","header":"3 or More"},{"name":"Romario Sipiao","odds":"81.00","header":"2 or More"},{"name":"Romario Sipiao","odds":"251.00","header":"3 or More"},{"name":"Adrian Edqvist","odds":"101.00","header":"2 or More"},{"name":"Adrian Edqvist","odds":"351.00","header":"3 or More"},{"name":"Filip Sachpekidis","odds":"101.00","header":"2 or More"},{"name":"Filip Sachpekidis","odds":"501.00","header":"3 or More"},{"name":"Herman Hallberg","odds":"101.00","header":"2 or More"},{"name":"Herman Hallberg","odds":"351.00","header":"3 or More"},{"name":"Hugo Jaja","odds":"101.00","header":"2 or More"},{"name":"Hugo Jaja","odds":"501.00","header":"3 or More"},{"name":"Alexander Milosevic","odds":"126.00","header":"2 or More"},{"name":"Alexander Milosevic","odds":"501.00","header":"3 or More"},{"name":"Joel Ekstrand","odds":"126.00","header":"2 or More"},{"name":"Joel Ekstrand","odds":"501.00","header":"3 or More"},{"name":"Per Karlsson","odds":"126.00","header":"2 or More"},{"name":"Per Karlsson","odds":"501.00","header":"3 or More"},{"name":"Robin Jansson","odds":"126.00","header":"2 or More"},{"name":"Robin Jansson","odds":"501.00","header":"3 or More"},{"name":"Tobias Eriksson","odds":"126.00","header":"2 or More"},{"name":"Tobias Eriksson","odds":"501.00","header":"3 or More"},{"name":"Adam Hellborg","odds":"151.00","header":"2 or More"},{"name":"Adam Hellborg","odds":"501.00","header":"3 or More"},{"name":"Viktor Elm","odds":"151.00","header":"2 or More"},{"name":"Viktor Elm","odds":"501.00","header":"3 or More"},{"name":"Chima Akas","odds":"201.00","header":"2 or More"},{"name":"Chima Akas","odds":"501.00","header":"3 or More"},{"name":"Emin Nouri","odds":"201.00","header":"2 or More"},{"name":"Emin Nouri","odds":"501.00","header":"3 or More"},{"name":"Gbenga Arokoyo","odds":"201.00","header":"2 or More"},{"name":"Gbenga Arokoyo","odds":"501.00","header":"3 or More"},{"name":"Mikael Dyrestam","odds":"201.00","header":"2 or More"},{"name":"Mikael Dyrestam","odds":"501.00","header":"3 or More"},{"name":"Victor Agardius","odds":"201.00","header":"2 or More"},{"name":"Victor Agardius","odds":"501.00","header":"3 or More"},{"name":"Markus Thorbjornsson","odds":"251.00","header":"2 or More"},{"name":"Markus Thorbjornsson","odds":"501.00","header":"3 or More"}],"team_goalscorer":[{"name":"Denni Avdic","odds":"3.10","header":"First"},{"name":"Denni Avdic","odds":"3.10","header":"Last"},{"name":"Nicolas Stefanelli","odds":"3.10","header":"First"},{"name":"Nicolas Stefanelli","odds":"3.10","header":"Last"},{"name":"Albin Linner","odds":"3.25","header":"First"},{"name":"Albin Linner","odds":"3.25","header":"Last"},{"name":"Henok Goitom","odds":"3.50","header":"First"},{"name":"Henok Goitom","odds":"3.50","header":"Last"},{"name":"Stefan Silva Rojas","odds":"3.50","header":"First"},{"name":"Stefan Silva Rojas","odds":"3.50","header":"Last"},{"name":"Eero Markkanen","odds":"4.00","header":"First"},{"name":"Eero Markkanen","odds":"4.00","header":"Last"},{"name":"Ahmed Yasin","odds":"5.00","header":"First"},{"name":"Ahmed Yasin","odds":"5.00","header":"Last"},{"name":"Tarik Elyounoussi","odds":"5.00","header":"First"},{"name":"Tarik Elyounoussi","odds":"5.00","header":"Last"},{"name":"Heradi Rashidi","odds":"6.50","header":"First"},{"name":"Heradi Rashidi","odds":"6.50","header":"Last"},{"name":"Bilal Hussein","odds":"8.50","header":"First"},{"name":"Bilal Hussein","odds":"8.50","header":"Last"},{"name":"Daniel Sundgren","odds":"8.50","header":"First"},{"name":"Daniel Sundgren","odds":"8.50","header":"Last"},{"name":"Kristoffer Olsson","odds":"8.50","header":"First"},{"name":"Kristoffer Olsson","odds":"8.50","header":"Last"},{"name":"Rasmus Lindkvist","odds":"8.50","header":"First"},{"name":"Rasmus Lindkvist","odds":"8.50","header":"Last"},{"name":"Sebastian Larsson","odds":"10.00","header":"First"},{"name":"Sebastian Larsson","odds":"10.00","header":"Last"},{"name":"Adam Ben Lamin","odds":"13.00","header":"First"},{"name":"Adam Ben Lamin","odds":"13.00","header":"Last"},{"name":"Enoch Adu","odds":"13.00","header":"First"},{"name":"Enoch Adu","odds":"13.00","header":"Last"},{"name":"Haukur Hauksson","odds":"13.00","header":"First"},{"name":"Haukur Hauksson","odds":"13.00","header":"Last"},{"name":"Panajotis Dimitriadis","odds":"13.00","header":"First"},{"name":"Panajotis Dimitriadis","odds":"13.00","header":"Last"},{"name":"Alexander Milosevic","odds":"19.00","header":"First"},{"name":"Alexander Milosevic","odds":"19.00","header":"Last"},{"name":"Joel Ekstrand","odds":"19.00","header":"First"},{"name":"Joel Ekstrand","odds":"19.00","header":"Last"},{"name":"Robin Jansson","odds":"19.00","header":"First"},{"name":"Robin Jansson","odds":"19.00","header":"Last"},{"name":"Per Karlsson","odds":"23.00","header":"First"},{"name":"Per Karlsson","odds":"23.00","header":"Last"},{"name":"No Goalscorer (AIK)","odds":"5.50","header":"First"},{"name":"No Goalscorer (AIK)","odds":"5.50","header":"Last"},{"name":"Romario Pereira Sipiao","odds":"4.75","header":"First"},{"name":"Romario Pereira Sipiao","odds":"4.75","header":"Last"},{"name":"Cardoso Nixon","odds":"6.00","header":"First"},{"name":"Cardoso Nixon","odds":"6.00","header":"Last"},{"name":"Edvin Crona","odds":"6.00","header":"First"},{"name":"Edvin Crona","odds":"6.00","header":"Last"},{"name":"Erton Fejzullahu","odds":"6.00","header":"First"},{"name":"Erton Fejzullahu","odds":"6.00","header":"Last"},{"name":"Nils Froling","odds":"6.00","header":"First"},{"name":"Nils Froling","odds":"6.00","header":"Last"},{"name":"Isak Magnusson","odds":"7.00","header":"First"},{"name":"Isak Magnusson","odds":"7.00","header":"Last"},{"name":"Mans Soderqvist","odds":"7.00","header":"First"},{"name":"Mans Soderqvist","odds":"7.00","header":"Last"},{"name":"Papa Diouf","odds":"7.00","header":"First"},{"name":"Papa Diouf","odds":"7.00","header":"Last"},{"name":"De Oliveiro Hiago","odds":"8.00","header":"First"},{"name":"De Oliveiro Hiago","odds":"8.00","header":"Last"},{"name":"Rasmus Elm","odds":"8.50","header":"First"},{"name":"Rasmus Elm","odds":"8.50","header":"Last"},{"name":"Romario Sipiao","odds":"9.50","header":"First"},{"name":"Romario Sipiao","odds":"9.50","header":"Last"},{"name":"Adrian Edqvist","odds":"10.00","header":"First"},{"name":"Adrian Edqvist","odds":"10.00","header":"Last"},{"name":"Herman Hallberg","odds":"10.00","header":"First"},{"name":"Herman Hallberg","odds":"10.00","header":"Last"},{"name":"Filip Sachpekidis","odds":"12.00","header":"First"},{"name":"Filip Sachpekidis","odds":"12.00","header":"Last"},{"name":"Hugo Jaja","odds":"13.00","header":"First"},{"name":"Hugo Jaja","odds":"13.00","header":"Last"},{"name":"Tobias Eriksson","odds":"17.00","header":"First"},{"name":"Tobias Eriksson","odds":"17.00","header":"Last"},{"name":"Adam Hellborg","odds":"19.00","header":"First"},{"name":"Adam Hellborg","odds":"19.00","header":"Last"},{"name":"Viktor Elm","odds":"19.00","header":"First"},{"name":"Viktor Elm","odds":"19.00","header":"Last"},{"name":"Chima Akas","odds":"23.00","header":"First"},{"name":"Chima Akas","odds":"23.00","header":"Last"},{"name":"Emin Nouri","odds":"23.00","header":"First"},{"name":"Emin Nouri","odds":"23.00","header":"Last"},{"name":"Gbenga Arokoyo","odds":"23.00","header":"First"},{"name":"Gbenga Arokoyo","odds":"23.00","header":"Last"},{"name":"Mikael Dyrestam","odds":"23.00","header":"First"},{"name":"Mikael Dyrestam","odds":"23.00","header":"Last"},{"name":"Victor Agardius","odds":"23.00","header":"First"},{"name":"Victor Agardius","odds":"23.00","header":"Last"},{"name":"Markus Thorbjornsson","odds":"34.00","header":"First"},{"name":"Markus Thorbjornsson","odds":"34.00","header":"Last"},{"name":"No Goalscorer (Kalmar FF)","odds":"1.91","header":"First"},{"name":"No Goalscorer (Kalmar FF)","odds":"1.91","header":"Last"}]}},"schedule":{"updated_at":"1532570443","sp":{"main":[{"odds":"2.025"},{"odds":"1.825"}]}},"specials":{"updated_at":"1532569714","sp":{"specials":[{"name":"To Win From Behind","odds":"8.00","header":"Home"},{"name":"To Win From Behind","odds":"21.00","header":"Away"},{"name":"To Win to Nil","odds":"2.30","header":"Home"},{"name":"To Win to Nil","odds":"10.00","header":"Away"},{"name":"To Win Either Half","odds":"1.30","header":"Home"},{"name":"To Win Either Half","odds":"3.25","header":"Away"},{"name":"To Win Both Halves","odds":"4.00","header":"Home"},{"name":"To Win Both Halves","odds":"34.00","header":"Away"},{"name":"To Score in Both Halves","odds":"2.50","header":"Home"},{"name":"To Score in Both Halves","odds":"9.00","header":"Away"}],"to_score_in_half":[{"name":"1st Half","odds":"1.73","header":"Yes"},{"name":"1st Half","odds":"2.00","header":"No"},{"name":"2nd Half","odds":"1.44","header":"Yes"},{"name":"2nd Half","odds":"2.62","header":"No"},{"name":"1st Half","odds":"3.25","header":"Yes"},{"name":"1st Half","odds":"1.33","header":"No"},{"name":"2nd Half","odds":"2.62","header":"Yes"},{"name":"2nd Half","odds":"1.44","header":"No"}],"own_goal":[{"opp":"Yes","odds":"11.00"},{"opp":"No","odds":"1.05"}]}}}]}}