{"odd":{"success":1,"results":[{"FI":"75367839","event_id":"840305","asian_lines":{"updated_at":"1532570967","sp":{"asian_handicap":[{"opp":"-1.0, -1.5","odds":"1.650","header":"Home"},{"opp":"+1.0, +1.5","odds":"2.200","header":"Away"}],"goal_line":[{"goals":"2.5","odds":"1.925","header":"Over"},{"goals":"2.5","odds":"1.875","header":"Under"}],"alternative_asian_handicap":[{"opp":"-3.0, -3.5","odds":"6.000","header":"Home"},{"opp":"+3.0, +3.5","odds":"1.125","header":"Away"},{"opp":"-3.0","odds":"5.750","header":"Home"},{"opp":"+3.0","odds":"1.140","header":"Away"},{"opp":"-2.5, -3.0","odds":"4.000","header":"Home"},{"opp":"+2.5, +3.0","odds":"1.230","header":"Away"},{"opp":"-2.5","odds":"3.300","header":"Home"},{"opp":"+2.5","odds":"1.325","header":"Away"},{"opp":"-2.0, -2.5","odds":"2.850","header":"Home"},{"opp":"+2.0, +2.5","odds":"1.400","header":"Away"},{"opp":"-2.0","odds":"2.600","header":"Home"},{"opp":"+2.0","odds":"1.475","header":"Away"},{"opp":"-1.5, -2.0","odds":"2.150","header":"Home"},{"opp":"+1.5, +2.0","odds":"1.675","header":"Away"},{"opp":"-1.5","odds":"1.900","header":"Home"},{"opp":"+1.5","odds":"1.900","header":"Away"},{"opp":"-1.0","odds":"1.425","header":"Home"},{"opp":"+1.0","odds":"2.750","header":"Away"},{"opp":"-0.5, -1.0","odds":"1.325","header":"Home"},{"opp":"+0.5, +1.0","odds":"3.300","header":"Away"},{"opp":"-0.5","odds":"1.260","header":"Home"},{"opp":"+0.5","odds":"3.700","header":"Away"},{"opp":"0.0, -0.5","odds":"1.160","header":"Home"},{"opp":"0.0, +0.5","odds":"5.250","header":"Away"}],"alternative_goal_line":[{"goals":"1.0, 1.5","odds":"1.190","header":"Over"},{"goals":"1.0, 1.5","odds":"4.500","header":"Under"},{"goals":"1.5","odds":"1.300","header":"Over"},{"goals":"1.5","odds":"3.450","header":"Under"},{"goals":"1.5, 2.0","odds":"1.375","header":"Over"},{"goals":"1.5, 2.0","odds":"3.000","header":"Under"},{"goals":"2.0","odds":"1.475","header":"Over"},{"goals":"2.0","odds":"2.600","header":"Under"},{"goals":"2.0, 2.5","odds":"1.675","header":"Over"},{"goals":"2.0, 2.5","odds":"2.150","header":"Under"},{"goals":"2.5, 3.0","odds":"2.150","header":"Over"},{"goals":"2.5, 3.0","odds":"1.675","header":"Under"},{"goals":"3.0","odds":"2.600","header":"Over"},{"goals":"3.0","odds":"1.475","header":"Under"},{"goals":"3.0, 3.5","odds":"3.000","header":"Over"},{"goals":"3.0, 3.5","odds":"1.375","header":"Under"},{"goals":"3.5","odds":"3.300","header":"Over"},{"goals":"3.5","odds":"1.325","header":"Under"},{"goals":"3.5, 4.0","odds":"4.000","header":"Over"},{"goals":"3.5, 4.0","odds":"1.230","header":"Under"},{"goals":"4.0","odds":"5.500","header":"Over"},{"goals":"4.0","odds":"1.150","header":"Under"},{"goals":"4.0, 4.5","odds":"5.900","header":"Over"},{"goals":"4.0, 4.5","odds":"1.130","header":"Under"},{"goals":"4.5","odds":"6.250","header":"Over"},{"goals":"4.5","odds":"1.120","header":"Under"}],"1st_half_asian_handicap":[{"opp":"-0.5","odds":"1.775","header":"Home"},{"opp":"+0.5","odds":"2.025","header":"Away"}],"1st_half_goal_line":[{"goals":"1.0","odds":"1.850","header":"Over"},{"goals":"1.0","odds":"1.950","header":"Under"}],"alternative_1st_half_asian_handicap":[{"opp":"-1.5, -2.0","odds":"5.750","header":"Home"},{"opp":"+1.5, +2.0","odds":"1.140","header":"Away"},{"opp":"-1.5","odds":"4.100","header":"Home"},{"opp":"+1.5","odds":"1.225","header":"Away"},{"opp":"-1.0, -1.5","odds":"3.550","header":"Home"},{"opp":"+1.0, +1.5","odds":"1.275","header":"Away"},{"opp":"-1.0","odds":"2.850","header":"Home"},{"opp":"+1.0","odds":"1.400","header":"Away"},{"opp":"-0.5, -1.0","odds":"2.100","header":"Home"},{"opp":"+0.5, +1.0","odds":"1.700","header":"Away"},{"opp":"0.0, -0.5","odds":"1.450","header":"Home"},{"opp":"0.0, +0.5","odds":"2.675","header":"Away"},{"opp":"0.0","odds":"1.130","header":"Home"},{"opp":"0.0","odds":"5.900","header":"Away"}],"alternative_1st_half_goal_line":[{"goals":"0.5, 1.0","odds":"1.550","header":"Over"},{"goals":"0.5, 1.0","odds":"2.375","header":"Under"},{"goals":"1.0, 1.5","odds":"2.350","header":"Over"},{"goals":"1.0, 1.5","odds":"1.575","header":"Under"},{"goals":"1.5","odds":"2.750","header":"Over"},{"goals":"1.5","odds":"1.425","header":"Under"},{"goals":"1.5, 2.0","odds":"3.550","header":"Over"},{"goals":"1.5, 2.0","odds":"1.275","header":"Under"},{"goals":"2.0","odds":"5.750","header":"Over"},{"goals":"2.0","odds":"1.140","header":"Under"},{"goals":"2.0, 2.5","odds":"6.400","header":"Over"},{"goals":"2.0, 2.5","odds":"1.115","header":"Under"},{"goals":"2.5","odds":"7.000","header":"Over"},{"goals":"2.5","odds":"1.100","header":"Under"}],"asian_total_corners":[{"goals":"9.0","odds":"1.925","header":"Over"},{"goals":"9.0","odds":"1.875","header":"Under"}],"1st_half_asian_corners":[{"goals":"4.0","odds":"1.725","header":"Over"},{"goals":"4.0","odds":"2.075","header":"Under"}]}},"corners":{"updated_at":"1532570423","sp":{"corners":[{"opp":"Over 9","odds":"2.20"},{"opp":"Exactly 9","odds":"7.00"},{"opp":"Under 9","odds":"2.10"}],"total_corners":[{"opp":"Under 6","odds":"7.50"},{"opp":"6 - 8","odds":"2.75"},{"opp":"9 - 11","odds":"2.60"},{"opp":"12 - 14","odds":"5.00"},{"opp":"Over 14","odds":"17.00"}],"alternative_corners":[{"goals":"3","odds":"1.01","header":"Over"},{"goals":"3","odds":"29.00","header":"Exactly"},{"goals":"3","odds":"41.00","header":"Under"},{"goals":"4","odds":"1.03","header":"Over"},{"goals":"4","odds":"17.00","header":"Exactly"},{"goals":"4","odds":"23.00","header":"Under"},{"goals":"5","odds":"1.07","header":"Over"},{"goals":"5","odds":"13.00","header":"Exactly"},{"goals":"5","odds":"13.00","header":"Under"},{"goals":"6","odds":"1.20","header":"Over"},{"goals":"6","odds":"9.00","header":"Exactly"},{"goals":"6","odds":"7.50","header":"Under"},{"goals":"7","odds":"1.40","header":"Over"},{"goals":"7","odds":"7.50","header":"Exactly"},{"goals":"7","odds":"4.50","header":"Under"},{"goals":"8","odds":"1.67","header":"Over"},{"goals":"8","odds":"7.00","header":"Exactly"},{"goals":"8","odds":"2.88","header":"Under"},{"goals":"10","odds":"2.88","header":"Over"},{"goals":"10","odds":"7.50","header":"Exactly"},{"goals":"10","odds":"1.67","header":"Under"},{"goals":"11","odds":"4.00","header":"Over"},{"goals":"11","odds":"8.50","header":"Exactly"},{"goals":"11","odds":"1.40","header":"Under"},{"goals":"12","odds":"6.00","header":"Over"},{"goals":"12","odds":"11.00","header":"Exactly"},{"goals":"12","odds":"1.22","header":"Under"},{"goals":"13","odds":"9.50","header":"Over"},{"goals":"13","odds":"13.00","header":"Exactly"},{"goals":"13","odds":"1.11","header":"Under"},{"goals":"14","odds":"15.00","header":"Over"},{"goals":"14","odds":"17.00","header":"Exactly"},{"goals":"14","odds":"1.05","header":"Under"},{"goals":"15","odds":"21.00","header":"Over"},{"goals":"15","odds":"23.00","header":"Exactly"},{"goals":"15","odds":"1.03","header":"Under"},{"goals":"16","odds":"29.00","header":"Over"},{"goals":"16","odds":"29.00","header":"Exactly"},{"goals":"16","odds":"1.02","header":"Under"}],"corners_2_way":[{"opp":"Over 8.5","odds":"1.67"},{"opp":"Under 8.5","odds":"2.10"}],"first_half_corners":[{"opp":"4","odds":"2.10","header":"Over"},{"opp":"4","odds":"4.75","header":"Exactly"},{"opp":"4","odds":"2.50","header":"Under"}],"asian_total_corners":[{"goals":"9.0","odds":"1.925","header":"Over"},{"goals":"9.0","odds":"1.875","header":"Under"}],"1st_half_asian_corners":[{"goals":"4.0","odds":"1.725","header":"Over"},{"goals":"4.0","odds":"2.075","header":"Under"}]}},"goals":{"updated_at":"1532570446","sp":{"goals_over_under":[{"goals":"2.5","odds":"1.95","header":"Over"},{"goals":"2.5","odds":"1.85","header":"Under"}],"alternative_total_goals":[{"goals":"0.5","odds":"1.02","header":"Over "},{"goals":"0.5","odds":"11.00","header":"Under"},{"goals":"1.5","odds":"1.30","header":"Over "},{"goals":"1.5","odds":"3.40","header":"Under"},{"goals":"3.5","odds":"3.25","header":"Over "},{"goals":"3.5","odds":"1.33","header":"Under"},{"goals":"4.5","odds":"5.50","header":"Over "},{"goals":"4.5","odds":"1.12","header":"Under"},{"goals":"5.5","odds":"9.00","header":"Over "},{"goals":"5.5","odds":"1.04","header":"Under"},{"goals":"6.5","odds":"15.00","header":"Over "},{"goals":"6.5","odds":"1.01","header":"Under"}],"result_total_goals":[{"opp":"Hajduk Split & Over 2.5","odds":"2.05"},{"opp":"Hajduk Split & Under 2.5","odds":"2.88"},{"opp":"Draw & Over 2.5","odds":"26.00"},{"opp":"Draw & Under  2.5","odds":"6.00"},{"opp":"Slavia Sofia & Over 2.5","odds":"21.00"},{"opp":"Slavia Sofia & Under 2.5","odds":"19.00"}],"total_goals_both_teams_to_score":[{"opp":"Over 2.5 & Yes","odds":"2.88"},{"opp":"Over 2.5 & No","odds":"4.33"},{"opp":"Under 2.5 & Yes","odds":"11.00"},{"opp":"Under 2.5 & No","odds":"2.20"}],"exact_total_goals":[{"opp":"0 Goals","odds":"11.00"},{"opp":"1 Goal","odds":"4.33"},{"opp":"2 Goals","odds":"4.00"},{"opp":"3 Goals","odds":"4.00"},{"opp":"4 Goals","odds":"6.00"},{"opp":"5 Goals","odds":"10.00"},{"opp":"6 Goals","odds":"21.00"},{"opp":"7+ Goals","odds":"15.00"}],"number_of_goals_in_match":[{"opp":"Under 2 goals","odds":"3.40"},{"opp":"2 or 3 goals","odds":"2.05"},{"opp":"Over 3 goals","odds":"3.25"}],"both_teams_to_score":[{"opp":"Yes","odds":"2.38"},{"opp":"No","odds":"1.53"}],"teams_to_score":[{"opp":"Both Teams","odds":"2.38"},{"opp":"Hajduk Split Only","odds":"1.80"},{"opp":"No Goal","odds":"11.00"},{"opp":"Slavia Sofia Only","odds":"17.00"}],"both_teams_to_score_in_1st_half":[{"opp":"Yes","odds":"6.00"},{"opp":"No","odds":"1.11"}],"both_teams_to_score_in_2nd_half":[{"opp":"Yes","odds":"4.50"},{"opp":"No","odds":"1.17"}],"both_teams_to_score_1st_half_2nd_half":[{"opp":"Yes \/ Yes","odds":"29.00"},{"opp":"Yes \/ No","odds":"7.50"},{"opp":"No \/ Yes","odds":"5.00"},{"opp":"No \/ No","odds":"1.33"}],"first_half_goals":[{"goals":"0.5","odds":"1.36","header":"Over"},{"goals":"0.5","odds":"3.00","header":"Under"},{"goals":"1.5","odds":"2.62","header":"Over"},{"goals":"1.5","odds":"1.44","header":"Under"},{"goals":"2.5","odds":"7.00","header":"Over"},{"goals":"2.5","odds":"1.10","header":"Under"},{"goals":"3.5","odds":"19.00","header":"Over"},{"goals":"3.5","odds":"1.02","header":"Under"}],"exact_1st_half_goals":[{"opp":"0 Goals","odds":"3.00"},{"opp":"1 Goal","odds":"2.50"},{"opp":"2 Goals","odds":"4.00"},{"opp":"3 Goals","odds":"9.50"},{"opp":"4 Goals","odds":"29.00"},{"opp":"5+ Goals","odds":"51.00"}],"first_team_to_score":[{"opp":"Hajduk Split","odds":"1.20"},{"opp":"No Goals","odds":"11.00"},{"opp":"Slavia Sofia","odds":"5.00"}],"2nd_half_goals":[{"goals":"0.5","odds":"1.22","header":"Over"},{"goals":"0.5","odds":"4.00","header":"Under"},{"goals":"1.5","odds":"2.00","header":"Over"},{"goals":"1.5","odds":"1.73","header":"Under"},{"goals":"2.5","odds":"4.33","header":"Over"},{"goals":"2.5","odds":"1.20","header":"Under"},{"goals":"3.5","odds":"11.00","header":"Over"},{"goals":"3.5","odds":"1.05","header":"Under"},{"goals":"4.5","odds":"26.00","header":"Over"},{"goals":"4.5","odds":"1.01","header":"Under"}],"exact_2nd_half_goals":[{"opp":"0 Goals","odds":"4.00"},{"opp":"1 Goal","odds":"2.75"},{"opp":"2 Goals","odds":"3.60"},{"opp":"3 Goals","odds":"6.50"},{"opp":"4 Goals","odds":"17.00"},{"opp":"5+ Goals","odds":"26.00"}],"half_with_most_goals":[{"opp":"1st Half","odds":"3.00"},{"opp":"2nd Half","odds":"2.05"},{"opp":"Tie","odds":"3.60"}],"home_team_highest_scoring_half":[{"opp":"Hajduk Split - 1st Half","odds":"3.10"},{"opp":"Hajduk Split - 2nd Half","odds":"2.10"},{"opp":"Hajduk Split - Tie","odds":"3.10"}],"away_team_highest_scoring_half":[{"opp":"Slavia Sofia - 1st Half","odds":"5.00"},{"opp":"Slavia Sofia - 2nd Half","odds":"4.00"},{"opp":"Slavia Sofia - Tie","odds":"1.50"}],"home_team_exact_goals":[{"opp":"Hajduk Split - 0 Goals","odds":"7.00"},{"opp":"Hajduk Split - 1 Goal","odds":"3.25"},{"opp":"Hajduk Split - 2 Goals","odds":"3.25"},{"opp":"Hajduk Split - 3+ Goals","odds":"2.62"}],"away_team_exact_goals":[{"opp":"Slavia Sofia - 0 Goals","odds":"1.62"},{"opp":"Slavia Sofia - 1 Goal","odds":"2.75"},{"opp":"Slavia Sofia - 2 Goals","odds":"9.00"},{"opp":"Slavia Sofia - 3+ Goals","odds":"15.00"}],"goals_odd_even":[{"opp":"Even","odds":"1.90"},{"opp":"Odd","odds":"1.95"}],"home_team_odd_even_goals":[{"opp":"Hajduk Split - Even","odds":"1.83"},{"opp":"Hajduk Split - Odd","odds":"1.83"}],"away_team_odd_even_goals":[{"opp":"Slavia Sofia - Even","odds":"1.40"},{"opp":"Slavia Sofia - Odd","odds":"2.75"}],"1st_half_goals_odd_even":[{"opp":"Odd","odds":"2.10"},{"opp":"Even","odds":"1.73"}],"last_team_to_score":[{"opp":"Hajduk Split","odds":"1.20"},{"opp":"No Goal","odds":"11.00"},{"opp":"Slavia Sofia","odds":"5.00"}]}},"half":{"updated_at":"1532570461","sp":{"half_time_result":[{"opp":"1","odds":"1.73"},{"opp":"X","odds":"2.38"},{"opp":"2","odds":"8.50"}],"half_time_double_chance":[{"opp":"1X","odds":"1.08"},{"opp":"X2","odds":"2.00"},{"opp":"12","odds":"1.53"}],"half_time_result_both_teams_to_score":[{"opp":"Hajduk Split & Yes","odds":"17.00"},{"opp":"Hajduk Split & No","odds":"1.91"},{"opp":"Draw & Yes","odds":"11.00"},{"opp":"Draw & No","odds":"2.88"},{"opp":"Slavia Sofia & Yes","odds":"51.00"},{"opp":"Slavia Sofia & No","odds":"9.00"}],"half_time_result_total_goals":[{"opp":"Hajduk Split & Over 1.5","odds":"3.60"},{"opp":"Hajduk Split & Under 1.5","odds":"3.10"},{"opp":"Draw & Over 1.5","odds":"11.00"},{"opp":"Draw & Under 1.5","odds":"3.00"},{"opp":"Slavia Sofia & Over 1.5","odds":"29.00"},{"opp":"Slavia Sofia & Under 1.5","odds":"10.00"}],"half_time_correct_score":[{"opp":"1-0","odds":"3.10","header":"Home"},{"opp":"0-0","odds":"3.00","header":"X"},{"opp":"1-0","odds":"10.00","header":"Away"},{"opp":"2-0","odds":"6.00","header":"Home"},{"opp":"1-1","odds":"11.00","header":"X"},{"opp":"2-0","odds":"41.00","header":"Away"},{"opp":"2-1","odds":"23.00","header":"Home"},{"opp":"2-2","odds":"81.00","header":"X"},{"opp":"2-1","odds":"51.00","header":"Away"},{"opp":"3-0","odds":"17.00","header":"Home"},{"opp":"3-1","odds":"51.00","header":"Home"},{"opp":"4-0","odds":"41.00","header":"Home"},{"opp":"4-1","odds":"126.00","header":"Home"},{"opp":"5-0","odds":"126.00","header":"Home"}],"both_teams_to_score_in_1st_half":[{"opp":"Yes","odds":"6.00"},{"opp":"No","odds":"1.11"}],"both_teams_to_score_in_2nd_half":[{"opp":"Yes","odds":"4.50"},{"opp":"No","odds":"1.17"}],"both_teams_to_score_1st_half_2nd_half":[{"opp":"Yes \/ Yes","odds":"29.00"},{"opp":"Yes \/ No","odds":"7.50"},{"opp":"No \/ Yes","odds":"5.00"},{"opp":"No \/ No","odds":"1.33"}],"1st_half_asian_handicap":[{"opp":"-0.5","odds":"1.775","header":"Home"},{"opp":"+0.5","odds":"2.025","header":"Away"}],"1st_half_goal_line":[{"goals":"1.0","odds":"1.850","header":"Over"},{"goals":"1.0","odds":"1.950","header":"Under"}],"alternative_1st_half_asian_handicap":[{"opp":"-1.5, -2.0","odds":"5.750","header":"Home"},{"opp":"+1.5, +2.0","odds":"1.140","header":"Away"},{"opp":"-1.5","odds":"4.100","header":"Home"},{"opp":"+1.5","odds":"1.225","header":"Away"},{"opp":"-1.0, -1.5","odds":"3.550","header":"Home"},{"opp":"+1.0, +1.5","odds":"1.275","header":"Away"},{"opp":"-1.0","odds":"2.850","header":"Home"},{"opp":"+1.0","odds":"1.400","header":"Away"},{"opp":"-0.5, -1.0","odds":"2.100","header":"Home"},{"opp":"+0.5, +1.0","odds":"1.700","header":"Away"},{"opp":"0.0, -0.5","odds":"1.450","header":"Home"},{"opp":"0.0, +0.5","odds":"2.675","header":"Away"},{"opp":"0.0","odds":"1.130","header":"Home"},{"opp":"0.0","odds":"5.900","header":"Away"}],"alternative_1st_half_goal_line":[{"goals":"0.5, 1.0","odds":"1.550","header":"Over"},{"goals":"0.5, 1.0","odds":"2.375","header":"Under"},{"goals":"1.0, 1.5","odds":"2.350","header":"Over"},{"goals":"1.0, 1.5","odds":"1.575","header":"Under"},{"goals":"1.5","odds":"2.750","header":"Over"},{"goals":"1.5","odds":"1.425","header":"Under"},{"goals":"1.5, 2.0","odds":"3.550","header":"Over"},{"goals":"1.5, 2.0","odds":"1.275","header":"Under"},{"goals":"2.0","odds":"5.750","header":"Over"},{"goals":"2.0","odds":"1.140","header":"Under"},{"goals":"2.0, 2.5","odds":"6.400","header":"Over"},{"goals":"2.0, 2.5","odds":"1.115","header":"Under"},{"goals":"2.5","odds":"7.000","header":"Over"},{"goals":"2.5","odds":"1.100","header":"Under"}],"1st_half_handicap":[{"opp":"Hajduk Split  -1.0","odds":"4.00"},{"opp":"Tie - Slavia Sofia +1.0","odds":"2.88"},{"opp":"Slavia Sofia  +1.0","odds":"2.00"}],"alternative_1st_half_handicap_result":[{"opp":"-2.0","odds":"11.00","header":"Home"},{"opp":"+2.0","odds":"5.50","header":"Tie"},{"opp":"+2.0","odds":"1.18","header":"Away"},{"opp":"+1.0","odds":"1.08","header":"Home"},{"opp":"-1.0","odds":"9.00","header":"Tie"},{"opp":"-1.0","odds":"29.00","header":"Away"}],"first_half_goals":[{"goals":"0.5","odds":"1.36","header":"Over"},{"goals":"0.5","odds":"3.00","header":"Under"},{"goals":"1.5","odds":"2.62","header":"Over"},{"goals":"1.5","odds":"1.44","header":"Under"},{"goals":"2.5","odds":"7.00","header":"Over"},{"goals":"2.5","odds":"1.10","header":"Under"},{"goals":"3.5","odds":"19.00","header":"Over"},{"goals":"3.5","odds":"1.02","header":"Under"}],"exact_1st_half_goals":[{"opp":"0 Goals","odds":"3.00"},{"opp":"1 Goal","odds":"2.50"},{"opp":"2 Goals","odds":"4.00"},{"opp":"3 Goals","odds":"9.50"},{"opp":"4 Goals","odds":"29.00"},{"opp":"5+ Goals","odds":"51.00"}],"first_half_corners":[{"opp":"4","odds":"2.10","header":"Over"},{"opp":"4","odds":"4.75","header":"Exactly"},{"opp":"4","odds":"2.50","header":"Under"}],"1st_half_asian_corners":[{"goals":"4.0","odds":"1.725","header":"Over"},{"goals":"4.0","odds":"2.075","header":"Under"}],"1st_half_goals_odd_even":[{"opp":"Odd","odds":"2.10"},{"opp":"Even","odds":"1.73"}],"to_score_in_half":[{"name":"1st Half","odds":"1.53","header":"Yes"},{"name":"1st Half","odds":"2.38","header":"No"},{"name":"2nd Half","odds":"1.33","header":"Yes"},{"name":"2nd Half","odds":"3.25","header":"No"},{"name":"1st Half","odds":"4.00","header":"Yes"},{"name":"1st Half","odds":"1.22","header":"No"},{"name":"2nd Half","odds":"3.50","header":"Yes"},{"name":"2nd Half","odds":"1.29","header":"No"}],"half_with_most_goals":[{"opp":"1st Half","odds":"3.00"},{"opp":"2nd Half","odds":"2.05"},{"opp":"Tie","odds":"3.60"}],"home_team_highest_scoring_half":[{"opp":"Hajduk Split - 1st Half","odds":"3.10"},{"opp":"Hajduk Split - 2nd Half","odds":"2.10"},{"opp":"Hajduk Split - Tie","odds":"3.10"}],"away_team_highest_scoring_half":[{"opp":"Slavia Sofia - 1st Half","odds":"5.00"},{"opp":"Slavia Sofia - 2nd Half","odds":"4.00"},{"opp":"Slavia Sofia - Tie","odds":"1.50"}],"2nd_half_result":[{"opp":"1","odds":"1.53"},{"opp":"X","odds":"2.88"},{"opp":"2","odds":"9.00"}],"2nd_half_goals":[{"goals":"0.5","odds":"1.22","header":"Over"},{"goals":"0.5","odds":"4.00","header":"Under"},{"goals":"1.5","odds":"2.00","header":"Over"},{"goals":"1.5","odds":"1.73","header":"Under"},{"goals":"2.5","odds":"4.33","header":"Over"},{"goals":"2.5","odds":"1.20","header":"Under"},{"goals":"3.5","odds":"11.00","header":"Over"},{"goals":"3.5","odds":"1.05","header":"Under"},{"goals":"4.5","odds":"26.00","header":"Over"},{"goals":"4.5","odds":"1.01","header":"Under"}],"exact_2nd_half_goals":[{"opp":"0 Goals","odds":"4.00"},{"opp":"1 Goal","odds":"2.75"},{"opp":"2 Goals","odds":"3.60"},{"opp":"3 Goals","odds":"6.50"},{"opp":"4 Goals","odds":"17.00"},{"opp":"5+ Goals","odds":"26.00"}],"2nd_half_goals_odd_even":[{"opp":"Even","odds":"1.83"},{"opp":"Odd","odds":"1.83"}]}},"main":{"updated_at":"1532570408","sp":{"full_time_result":[{"opp":"1","odds":"1.25"},{"opp":"X","odds":"5.00"},{"opp":"2","odds":"11.00"}],"double_chance":[{"opp":"1X","odds":"1.02"},{"opp":"X2","odds":"3.75"},{"opp":"12","odds":"1.14"}],"correct_score":[{"opp":"1-0","odds":"5.00","header":"Home"},{"opp":"0-0","odds":"11.00","header":"X"},{"opp":"1-0","odds":"21.00","header":"Away"},{"opp":"2-0","odds":"6.00","header":"Home"},{"opp":"1-1","odds":"11.00","header":"X"},{"opp":"2-0","odds":"51.00","header":"Away"},{"opp":"2-1","odds":"8.00","header":"Home"},{"opp":"2-2","odds":"29.00","header":"X"},{"opp":"2-1","odds":"34.00","header":"Away"},{"opp":"3-0","odds":"7.50","header":"Home"},{"opp":"3-3","odds":"101.00","header":"X"},{"opp":"3-0","odds":"151.00","header":"Away"},{"opp":"3-1","odds":"13.00","header":"Home"},{"opp":"3-1","odds":"81.00","header":"Away"},{"opp":"3-2","odds":"34.00","header":"Home"},{"opp":"3-2","odds":"81.00","header":"Away"},{"opp":"4-0","odds":"13.00","header":"Home"},{"opp":"4-1","odds":"23.00","header":"Home"},{"opp":"4-2","odds":"51.00","header":"Home"},{"opp":"4-3","odds":"151.00","header":"Home"},{"opp":"5-0","odds":"26.00","header":"Home"},{"opp":"5-1","odds":"41.00","header":"Home"},{"opp":"5-2","odds":"101.00","header":"Home"},{"opp":"6-0","odds":"51.00","header":"Home"},{"opp":"6-1","odds":"81.00","header":"Home"},{"opp":"7-0","odds":"101.00","header":"Home"}],"half_time_full_time":[{"opp":"Hajduk Split - Hajduk Split","odds":"1.91"},{"opp":"Hajduk Split - Draw","odds":"19.00"},{"opp":"Hajduk Split - Slavia Sofia","odds":"51.00"},{"opp":"Draw - Hajduk Split","odds":"3.60"},{"opp":"Draw - Draw","odds":"7.00"},{"opp":"Draw - Slavia Sofia","odds":"21.00"},{"opp":"Slavia Sofia - Hajduk Split","odds":"23.00"},{"opp":"Slavia Sofia - Draw","odds":"23.00"},{"opp":"Slavia Sofia - Slavia Sofia","odds":"17.00"}],"goals_over_under":[{"goals":"2.5","odds":"1.95","header":"Over"},{"goals":"2.5","odds":"1.85","header":"Under"}],"both_teams_to_score":[{"opp":"Yes","odds":"2.38"},{"opp":"No","odds":"1.53"}],"asian_handicap":[{"opp":"-1.0, -1.5","odds":"1.650","header":"Home"},{"opp":"+1.0, +1.5","odds":"2.200","header":"Away"}],"goal_line":[{"goals":"2.5","odds":"1.925","header":"Over"},{"goals":"2.5","odds":"1.875","header":"Under"}],"alternative_asian_handicap":[{"opp":"-3.0, -3.5","odds":"6.000","header":"Home"},{"opp":"+3.0, +3.5","odds":"1.125","header":"Away"},{"opp":"-3.0","odds":"5.750","header":"Home"},{"opp":"+3.0","odds":"1.140","header":"Away"},{"opp":"-2.5, -3.0","odds":"4.000","header":"Home"},{"opp":"+2.5, +3.0","odds":"1.230","header":"Away"},{"opp":"-2.5","odds":"3.300","header":"Home"},{"opp":"+2.5","odds":"1.325","header":"Away"},{"opp":"-2.0, -2.5","odds":"2.850","header":"Home"},{"opp":"+2.0, +2.5","odds":"1.400","header":"Away"},{"opp":"-2.0","odds":"2.600","header":"Home"},{"opp":"+2.0","odds":"1.475","header":"Away"},{"opp":"-1.5, -2.0","odds":"2.150","header":"Home"},{"opp":"+1.5, +2.0","odds":"1.675","header":"Away"},{"opp":"-1.5","odds":"1.900","header":"Home"},{"opp":"+1.5","odds":"1.900","header":"Away"},{"opp":"-1.0","odds":"1.425","header":"Home"},{"opp":"+1.0","odds":"2.750","header":"Away"},{"opp":"-0.5, -1.0","odds":"1.325","header":"Home"},{"opp":"+0.5, +1.0","odds":"3.300","header":"Away"},{"opp":"-0.5","odds":"1.260","header":"Home"},{"opp":"+0.5","odds":"3.700","header":"Away"},{"opp":"0.0, -0.5","odds":"1.160","header":"Home"},{"opp":"0.0, +0.5","odds":"5.250","header":"Away"}],"alternative_goal_line":[{"goals":"1.0, 1.5","odds":"1.190","header":"Over"},{"goals":"1.0, 1.5","odds":"4.500","header":"Under"},{"goals":"1.5","odds":"1.300","header":"Over"},{"goals":"1.5","odds":"3.450","header":"Under"},{"goals":"1.5, 2.0","odds":"1.375","header":"Over"},{"goals":"1.5, 2.0","odds":"3.000","header":"Under"},{"goals":"2.0","odds":"1.475","header":"Over"},{"goals":"2.0","odds":"2.600","header":"Under"},{"goals":"2.0, 2.5","odds":"1.675","header":"Over"},{"goals":"2.0, 2.5","odds":"2.150","header":"Under"},{"goals":"2.5, 3.0","odds":"2.150","header":"Over"},{"goals":"2.5, 3.0","odds":"1.675","header":"Under"},{"goals":"3.0","odds":"2.600","header":"Over"},{"goals":"3.0","odds":"1.475","header":"Under"},{"goals":"3.0, 3.5","odds":"3.000","header":"Over"},{"goals":"3.0, 3.5","odds":"1.375","header":"Under"},{"goals":"3.5","odds":"3.300","header":"Over"},{"goals":"3.5","odds":"1.325","header":"Under"},{"goals":"3.5, 4.0","odds":"4.000","header":"Over"},{"goals":"3.5, 4.0","odds":"1.230","header":"Under"},{"goals":"4.0","odds":"5.500","header":"Over"},{"goals":"4.0","odds":"1.150","header":"Under"},{"goals":"4.0, 4.5","odds":"5.900","header":"Over"},{"goals":"4.0, 4.5","odds":"1.130","header":"Under"},{"goals":"4.5","odds":"6.250","header":"Over"},{"goals":"4.5","odds":"1.120","header":"Under"}],"draw_no_bet":[{"opp":"Hajduk Split","odds":"1.07"},{"opp":"Slavia Sofia","odds":"7.50"}],"result_both_teams_to_score":[{"name":"Hajduk Split","odds":"3.50","header":"Yes"},{"name":"Hajduk Split","odds":"1.80","header":"No"},{"name":"Slavia Sofia","odds":"23.00","header":"Yes"},{"name":"Slavia Sofia","odds":"17.00","header":"No"},{"name":"Draw","odds":"8.00","header":"Yes"},{"name":"Draw","odds":"11.00","header":"No"}],"handicap_result":[{"opp":"Hajduk Split (-1)","odds":"1.95"},{"opp":"Tie - (Slavia Sofia +1)","odds":"3.00"},{"opp":"Slavia Sofia (+1)","odds":"3.75"}],"alternative_handicap_result":[{"opp":"-3.0","odds":"6.50","header":"Home"},{"opp":"+3.0","odds":"5.50","header":"Tie"},{"opp":"+3.0","odds":"1.29","header":"Away"},{"opp":"-2.0","odds":"3.40","header":"Home"},{"opp":"+2.0","odds":"4.00","header":"Tie"},{"opp":"+2.0","odds":"1.73","header":"Away"},{"opp":"+1.0","odds":"1.02","header":"Home"},{"opp":"-1.0","odds":"15.00","header":"Tie"},{"opp":"-1.0","odds":"19.00","header":"Away"},{"opp":"+2.0","odds":"1.01","header":"Home"},{"opp":"-2.0","odds":"23.00","header":"Tie"},{"opp":"-2.0","odds":"23.00","header":"Away"}],"winning_margin":[{"goals":" 1","odds":"3.00","header":"Home"},{"goals":" 1","odds":"15.00","header":"Away"},{"goals":" 2","odds":"4.00","header":"Home"},{"goals":" 2","odds":"23.00","header":"Away"},{"goals":" 3","odds":"5.50","header":"Home"},{"goals":" 3","odds":"126.00","header":"Away"},{"goals":" 4+","odds":"6.50","header":"Home"},{"goals":" 4+","odds":"251.00","header":"Away"},{"goals":"Score Draw","odds":"8.00","header":"Home"},{"goals":"No Goal","odds":"11.00","header":"Home"}]}},"schedule":{"updated_at":"1532570513","sp":{"main":[{"odds":"1.925"},{"odds":"1.875"}]}},"specials":{"updated_at":"1532570498","sp":{"specials":[{"name":"To Win From Behind","odds":"8.00","header":"Home"},{"name":"To Win From Behind","odds":"34.00","header":"Away"},{"name":"To Win to Nil","odds":"1.80","header":"Home"},{"name":"To Win to Nil","odds":"17.00","header":"Away"},{"name":"To Win Either Half","odds":"1.17","header":"Home"},{"name":"To Win Either Half","odds":"5.00","header":"Away"},{"name":"To Win Both Halves","odds":"2.75","header":"Home"},{"name":"To Win Both Halves","odds":"67.00","header":"Away"},{"name":"To Score in Both Halves","odds":"2.10","header":"Home"},{"name":"To Score in Both Halves","odds":"15.00","header":"Away"}],"to_score_in_half":[{"name":"1st Half","odds":"1.53","header":"Yes"},{"name":"1st Half","odds":"2.38","header":"No"},{"name":"2nd Half","odds":"1.33","header":"Yes"},{"name":"2nd Half","odds":"3.25","header":"No"},{"name":"1st Half","odds":"4.00","header":"Yes"},{"name":"1st Half","odds":"1.22","header":"No"},{"name":"2nd Half","odds":"3.50","header":"Yes"},{"name":"2nd Half","odds":"1.29","header":"No"}]}}}]}}