{"odd":{"success":1,"results":[{"FI":"75187587","event_id":"642128","asian_lines":{"updated_at":"1532571165","sp":{"asian_handicap":[{"opp":"-0.5, -1.0","odds":"2.150","header":"Home"},{"opp":"+0.5, +1.0","odds":"1.725","header":"Away"}],"goal_line":[{"goals":"2.5, 3.0","odds":"1.850","header":"Over"},{"goals":"2.5, 3.0","odds":"2.000","header":"Under"}],"alternative_asian_handicap":[{"opp":"-2.5","odds":"6.600","header":"Home"},{"opp":"+2.5","odds":"1.110","header":"Away"},{"opp":"-2.0, -2.5","odds":"6.250","header":"Home"},{"opp":"+2.0, +2.5","odds":"1.120","header":"Away"},{"opp":"-2.0","odds":"5.750","header":"Home"},{"opp":"+2.0","odds":"1.140","header":"Away"},{"opp":"-1.5, -2.0","odds":"4.000","header":"Home"},{"opp":"+1.5, +2.0","odds":"1.230","header":"Away"},{"opp":"-1.5","odds":"3.300","header":"Home"},{"opp":"+1.5","odds":"1.325","header":"Away"},{"opp":"-1.0, -1.5","odds":"2.850","header":"Home"},{"opp":"+1.0, +1.5","odds":"1.400","header":"Away"},{"opp":"-1.0","odds":"2.500","header":"Home"},{"opp":"+1.0","odds":"1.500","header":"Away"},{"opp":"-0.5","odds":"1.850","header":"Home"},{"opp":"+0.5","odds":"1.950","header":"Away"},{"opp":"0.0, -0.5","odds":"1.625","header":"Home"},{"opp":"0.0, +0.5","odds":"2.250","header":"Away"},{"opp":"0.0","odds":"1.400","header":"Home"},{"opp":"0.0","odds":"2.850","header":"Away"},{"opp":"0.0, +0.5","odds":"1.325","header":"Home"},{"opp":"0.0, -0.5","odds":"3.300","header":"Away"},{"opp":"+0.5","odds":"1.260","header":"Home"},{"opp":"-0.5","odds":"3.700","header":"Away"},{"opp":"+0.5, +1.0","odds":"1.175","header":"Home"},{"opp":"-0.5, -1.0","odds":"4.800","header":"Away"}],"alternative_goal_line":[{"goals":"1.0, 1.5","odds":"1.125","header":"Over"},{"goals":"1.0, 1.5","odds":"6.000","header":"Under"},{"goals":"1.5","odds":"1.200","header":"Over"},{"goals":"1.5","odds":"4.400","header":"Under"},{"goals":"1.5, 2.0","odds":"1.240","header":"Over"},{"goals":"1.5, 2.0","odds":"3.900","header":"Under"},{"goals":"2.0","odds":"1.300","header":"Over"},{"goals":"2.0","odds":"3.450","header":"Under"},{"goals":"2.0, 2.5","odds":"1.475","header":"Over"},{"goals":"2.0, 2.5","odds":"2.600","header":"Under"},{"goals":"2.5","odds":"1.675","header":"Over"},{"goals":"2.5","odds":"2.150","header":"Under"},{"goals":"3.0","odds":"2.075","header":"Over"},{"goals":"3.0","odds":"1.725","header":"Under"},{"goals":"3.0, 3.5","odds":"2.350","header":"Over"},{"goals":"3.0, 3.5","odds":"1.575","header":"Under"},{"goals":"3.5","odds":"2.600","header":"Over"},{"goals":"3.5","odds":"1.475","header":"Under"},{"goals":"3.5, 4.0","odds":"3.100","header":"Over"},{"goals":"3.5, 4.0","odds":"1.350","header":"Under"},{"goals":"4.0","odds":"4.000","header":"Over"},{"goals":"4.0","odds":"1.230","header":"Under"},{"goals":"4.0, 4.5","odds":"4.400","header":"Over"},{"goals":"4.0, 4.5","odds":"1.200","header":"Under"},{"goals":"4.5","odds":"4.650","header":"Over"},{"goals":"4.5","odds":"1.180","header":"Under"},{"goals":"4.5, 5.0","odds":"6.000","header":"Over"},{"goals":"4.5, 5.0","odds":"1.125","header":"Under"}],"1st_half_asian_handicap":[{"opp":"0.0, -0.5","odds":"2.000","header":"Home"},{"opp":"0.0, +0.5","odds":"1.800","header":"Away"}],"1st_half_goal_line":[{"goals":"1.0, 1.5","odds":"2.075","header":"Over"},{"goals":"1.0, 1.5","odds":"1.725","header":"Under"}],"alternative_1st_half_asian_handicap":[{"opp":"-1.5","odds":"6.800","header":"Home"},{"opp":"+1.5","odds":"1.105","header":"Away"},{"opp":"-1.0, -1.5","odds":"6.000","header":"Home"},{"opp":"+1.0, +1.5","odds":"1.125","header":"Away"},{"opp":"-1.0","odds":"5.250","header":"Home"},{"opp":"+1.0","odds":"1.160","header":"Away"},{"opp":"-0.5, -1.0","odds":"3.100","header":"Home"},{"opp":"+0.5, +1.0","odds":"1.350","header":"Away"},{"opp":"-0.5","odds":"2.425","header":"Home"},{"opp":"+0.5","odds":"1.525","header":"Away"},{"opp":"0.0","odds":"1.500","header":"Home"},{"opp":"0.0","odds":"2.500","header":"Away"},{"opp":"0.0, +0.5","odds":"1.325","header":"Home"},{"opp":"0.0, -0.5","odds":"3.300","header":"Away"},{"opp":"+0.5","odds":"1.230","header":"Home"},{"opp":"-0.5","odds":"4.000","header":"Away"},{"opp":"+0.5, +1.0","odds":"1.130","header":"Home"},{"opp":"-0.5, -1.0","odds":"5.900","header":"Away"}],"alternative_1st_half_goal_line":[{"goals":"0.5, 1.0","odds":"1.450","header":"Over"},{"goals":"0.5, 1.0","odds":"2.675","header":"Under"},{"goals":"1.0","odds":"1.650","header":"Over"},{"goals":"1.0","odds":"2.200","header":"Under"},{"goals":"1.5","odds":"2.425","header":"Over"},{"goals":"1.5","odds":"1.525","header":"Under"},{"goals":"1.5, 2.0","odds":"3.100","header":"Over"},{"goals":"1.5, 2.0","odds":"1.350","header":"Under"},{"goals":"2.0","odds":"4.650","header":"Over"},{"goals":"2.0","odds":"1.180","header":"Under"},{"goals":"2.0, 2.5","odds":"5.500","header":"Over"},{"goals":"2.0, 2.5","odds":"1.150","header":"Under"},{"goals":"2.5","odds":"6.000","header":"Over"},{"goals":"2.5","odds":"1.125","header":"Under"}]}},"goals":{"updated_at":"1532569666","sp":{"goals_over_under":[{"goals":"2.5","odds":"1.65","header":"Over"},{"goals":"2.5","odds":"2.20","header":"Under"}],"alternative_total_goals":[{"goals":"0.5","odds":"1.03","header":"Over "},{"goals":"0.5","odds":"15.00","header":"Under"},{"goals":"1.5","odds":"1.20","header":"Over "},{"goals":"1.5","odds":"4.33","header":"Under"},{"goals":"3.5","odds":"2.62","header":"Over "},{"goals":"3.5","odds":"1.44","header":"Under"},{"goals":"4.5","odds":"5.00","header":"Over "},{"goals":"4.5","odds":"1.17","header":"Under"},{"goals":"5.5","odds":"10.00","header":"Over "},{"goals":"5.5","odds":"1.06","header":"Under"},{"goals":"6.5","odds":"21.00","header":"Over "},{"goals":"6.5","odds":"1.02","header":"Under"}],"result_total_goals":[{"opp":"IK Brage & Over 2.5","odds":"2.62"},{"opp":"IK Brage & Under 2.5","odds":"5.00"},{"opp":"Draw & Over 2.5","odds":"10.00"},{"opp":"Draw & Under  2.5","odds":"5.00"},{"opp":"IFK Varnamo & Over 2.5","odds":"6.00"},{"opp":"IFK Varnamo & Under 2.5","odds":"9.50"}],"total_goals_both_teams_to_score":[{"opp":"Over 2.5 & Yes","odds":"1.95"},{"opp":"Over 2.5 & No","odds":"8.50"},{"opp":"Under 2.5 & Yes","odds":"7.00"},{"opp":"Under 2.5 & No","odds":"2.88"}],"exact_total_goals":[{"opp":"0 Goals","odds":"15.00"},{"opp":"1 Goal","odds":"6.00"},{"opp":"2 Goals","odds":"3.75"},{"opp":"3 Goals","odds":"4.00"},{"opp":"4 Goals","odds":"5.00"},{"opp":"5 Goals","odds":"8.50"},{"opp":"6 Goals","odds":"17.00"},{"opp":"7+ Goals","odds":"21.00"}],"number_of_goals_in_match":[{"opp":"Under 2 goals","odds":"4.33"},{"opp":"2 or 3 goals","odds":"2.05"},{"opp":"Over 3 goals","odds":"2.62"}],"both_teams_to_score":[{"opp":"Yes","odds":"1.62"},{"opp":"No","odds":"2.20"}],"teams_to_score":[{"opp":"Both Teams","odds":"1.62"},{"opp":"IK Brage Only","odds":"3.50"},{"opp":"No Goal","odds":"15.00"},{"opp":"IFK Varnamo Only","odds":"7.50"}],"both_teams_to_score_in_1st_half":[{"opp":"Yes","odds":"4.00"},{"opp":"No","odds":"1.22"}],"both_teams_to_score_in_2nd_half":[{"opp":"Yes","odds":"2.75"},{"opp":"No","odds":"1.40"}],"both_teams_to_score_1st_half_2nd_half":[{"opp":"Yes \/ Yes","odds":"12.00"},{"opp":"Yes \/ No","odds":"5.50"},{"opp":"No \/ Yes","odds":"3.50"},{"opp":"No \/ No","odds":"1.73"}],"first_half_goals":[{"goals":"0.5","odds":"1.30","header":"Over"},{"goals":"0.5","odds":"3.40","header":"Under"},{"goals":"1.5","odds":"2.50","header":"Over"},{"goals":"1.5","odds":"1.50","header":"Under"},{"goals":"2.5","odds":"6.00","header":"Over"},{"goals":"2.5","odds":"1.12","header":"Under"},{"goals":"3.5","odds":"17.00","header":"Over"},{"goals":"3.5","odds":"1.02","header":"Under"}],"exact_1st_half_goals":[{"opp":"0 Goals","odds":"3.40"},{"opp":"1 Goal","odds":"2.60"},{"opp":"2 Goals","odds":"3.75"},{"opp":"3 Goals","odds":"8.50"},{"opp":"4 Goals","odds":"23.00"},{"opp":"5+ Goals","odds":"51.00"}],"total_goal_minutes":[{"opp":"Over 155 minutes","odds":"2.10"},{"opp":"135 To 155 minutes inc.","odds":"8.50"},{"opp":"Under 135 minutes","odds":"1.91"}],"first_team_to_score":[{"opp":"IK Brage","odds":"1.57"},{"opp":"No Goals","odds":"15.00"},{"opp":"IFK Varnamo","odds":"2.50"}],"early_goal":[{"opp":"Goal before 26:00","odds":"1.83"},{"opp":"No Goal before 26:00","odds":"1.83"}],"late_goal":[{"opp":"Goal after 75:59","odds":"1.83"},{"opp":"No Goal after 75:59","odds":"1.83"}],"time_of_first_goal_brackets":[{"opp":"1-10","odds":"4.00"},{"opp":"11-20","odds":"4.75"},{"opp":"21-30","odds":"6.00"},{"opp":"31-40","odds":"7.00"},{"opp":"41-50","odds":"8.00"},{"opp":"51-60","odds":"13.00"},{"opp":"61-70","odds":"17.00"},{"opp":"71-80","odds":"21.00"},{"opp":"81 - Full Time","odds":"23.00"},{"opp":"No Goal","odds":"15.00"}],"2nd_half_goals":[{"goals":"0.5","odds":"1.18","header":"Over"},{"goals":"0.5","odds":"4.50","header":"Under"},{"goals":"1.5","odds":"1.83","header":"Over"},{"goals":"1.5","odds":"1.83","header":"Under"},{"goals":"2.5","odds":"3.75","header":"Over"},{"goals":"2.5","odds":"1.25","header":"Under"},{"goals":"3.5","odds":"9.00","header":"Over"},{"goals":"3.5","odds":"1.07","header":"Under"},{"goals":"4.5","odds":"21.00","header":"Over"},{"goals":"4.5","odds":"1.02","header":"Under"}],"exact_2nd_half_goals":[{"opp":"0 Goals","odds":"4.50"},{"opp":"1 Goal","odds":"3.00"},{"opp":"2 Goals","odds":"3.40"},{"opp":"3 Goals","odds":"6.00"},{"opp":"4 Goals","odds":"13.00"},{"opp":"5+ Goals","odds":"21.00"}],"half_with_most_goals":[{"opp":"1st Half","odds":"3.10"},{"opp":"2nd Half","odds":"1.95"},{"opp":"Tie","odds":"3.75"}],"home_team_highest_scoring_half":[{"opp":"IK Brage - 1st Half","odds":"3.25"},{"opp":"IK Brage - 2nd Half","odds":"2.25"},{"opp":"IK Brage - Tie","odds":"2.75"}],"away_team_highest_scoring_half":[{"opp":"IFK Varnamo - 1st Half","odds":"3.75"},{"opp":"IFK Varnamo - 2nd Half","odds":"2.60"},{"opp":"IFK Varnamo - Tie","odds":"2.20"}],"home_team_exact_goals":[{"opp":"IK Brage - 0 Goals","odds":"5.50"},{"opp":"IK Brage - 1 Goal","odds":"3.00"},{"opp":"IK Brage - 2 Goals","odds":"3.25"},{"opp":"IK Brage - 3+ Goals","odds":"3.40"}],"away_team_exact_goals":[{"opp":"IFK Varnamo - 0 Goals","odds":"3.00"},{"opp":"IFK Varnamo - 1 Goal","odds":"2.50"},{"opp":"IFK Varnamo - 2 Goals","odds":"4.00"},{"opp":"IFK Varnamo - 3+ Goals","odds":"7.00"}],"time_of_1st_team_goal":[{"opp":"IK Brage - Goal before 41:00","odds":"1.83"},{"opp":"IK Brage - No Goal before 41:00","odds":"1.83"},{"opp":"IFK Varnamo - Goal before 59:00","odds":"1.83"},{"opp":"IFK Varnamo - No Goal before 59:00","odds":"1.83"}],"goals_odd_even":[{"opp":"Even","odds":"1.90"},{"opp":"Odd","odds":"1.95"}],"home_team_odd_even_goals":[{"opp":"IK Brage - Even","odds":"1.83"},{"opp":"IK Brage - Odd","odds":"1.83"}],"away_team_odd_even_goals":[{"opp":"IFK Varnamo - Even","odds":"1.73"},{"opp":"IFK Varnamo - Odd","odds":"2.00"}],"1st_half_goals_odd_even":[{"opp":"Odd","odds":"2.10"},{"opp":"Even","odds":"1.73"}],"last_team_to_score":[{"opp":"IK Brage","odds":"1.57"},{"opp":"No Goal","odds":"15.00"},{"opp":"IFK Varnamo","odds":"2.50"}],"first_10_minutes_(00:00_09:59)":[{"name":"Goals","handicap":"0.5","odds":"4.00","header":"Over"},{"name":"Goals","handicap":"0.5","odds":"1.22","header":"Under"}]}},"half":{"updated_at":"1532569684","sp":{"half_time_result":[{"opp":"1","odds":"2.40"},{"opp":"X","odds":"2.30"},{"opp":"2","odds":"4.33"}],"half_time_double_chance":[{"opp":"1X","odds":"1.20"},{"opp":"X2","odds":"1.53"},{"opp":"12","odds":"1.57"}],"half_time_result_both_teams_to_score":[{"opp":"IK Brage & Yes","odds":"13.00"},{"opp":"IK Brage & No","odds":"2.88"},{"opp":"Draw & Yes","odds":"7.00"},{"opp":"Draw & No","odds":"3.20"},{"opp":"IFK Varnamo & Yes","odds":"21.00"},{"opp":"IFK Varnamo & No","odds":"4.75"}],"half_time_result_total_goals":[{"opp":"IK Brage & Over 1.5","odds":"5.00"},{"opp":"IK Brage & Under 1.5","odds":"4.00"},{"opp":"Draw & Over 1.5","odds":"7.00"},{"opp":"Draw & Under 1.5","odds":"3.40"},{"opp":"IFK Varnamo & Over 1.5","odds":"11.00"},{"opp":"IFK Varnamo & Under 1.5","odds":"6.00"}],"half_time_correct_score":[{"opp":"1-0","odds":"4.00","header":"Home"},{"opp":"0-0","odds":"3.40","header":"X"},{"opp":"1-0","odds":"6.00","header":"Away"},{"opp":"2-0","odds":"9.50","header":"Home"},{"opp":"1-1","odds":"7.00","header":"X"},{"opp":"2-0","odds":"21.00","header":"Away"},{"opp":"2-1","odds":"17.00","header":"Home"},{"opp":"2-2","odds":"51.00","header":"X"},{"opp":"2-1","odds":"26.00","header":"Away"},{"opp":"3-0","odds":"34.00","header":"Home"},{"opp":"3-0","odds":"67.00","header":"Away"},{"opp":"3-1","odds":"51.00","header":"Home"},{"opp":"3-1","odds":"81.00","header":"Away"},{"opp":"3-2","odds":"126.00","header":"Home"},{"opp":"3-2","odds":"151.00","header":"Away"},{"opp":"4-0","odds":"81.00","header":"Home"},{"opp":"4-0","odds":"401.00","header":"Away"},{"opp":"4-1","odds":"151.00","header":"Home"},{"opp":"4-1","odds":"501.00","header":"Away"},{"opp":"4-2","odds":"501.00","header":"Home"},{"opp":"5-0","odds":"501.00","header":"Home"}],"both_teams_to_score_in_1st_half":[{"opp":"Yes","odds":"4.00"},{"opp":"No","odds":"1.22"}],"both_teams_to_score_in_2nd_half":[{"opp":"Yes","odds":"2.75"},{"opp":"No","odds":"1.40"}],"both_teams_to_score_1st_half_2nd_half":[{"opp":"Yes \/ Yes","odds":"12.00"},{"opp":"Yes \/ No","odds":"5.50"},{"opp":"No \/ Yes","odds":"3.50"},{"opp":"No \/ No","odds":"1.73"}],"1st_half_asian_handicap":[{"opp":"0.0, -0.5","odds":"2.000","header":"Home"},{"opp":"0.0, +0.5","odds":"1.800","header":"Away"}],"1st_half_goal_line":[{"goals":"1.0, 1.5","odds":"2.075","header":"Over"},{"goals":"1.0, 1.5","odds":"1.725","header":"Under"}],"alternative_1st_half_asian_handicap":[{"opp":"-1.5","odds":"6.800","header":"Home"},{"opp":"+1.5","odds":"1.105","header":"Away"},{"opp":"-1.0, -1.5","odds":"6.000","header":"Home"},{"opp":"+1.0, +1.5","odds":"1.125","header":"Away"},{"opp":"-1.0","odds":"5.250","header":"Home"},{"opp":"+1.0","odds":"1.160","header":"Away"},{"opp":"-0.5, -1.0","odds":"3.100","header":"Home"},{"opp":"+0.5, +1.0","odds":"1.350","header":"Away"},{"opp":"-0.5","odds":"2.425","header":"Home"},{"opp":"+0.5","odds":"1.525","header":"Away"},{"opp":"0.0","odds":"1.500","header":"Home"},{"opp":"0.0","odds":"2.500","header":"Away"},{"opp":"0.0, +0.5","odds":"1.325","header":"Home"},{"opp":"0.0, -0.5","odds":"3.300","header":"Away"},{"opp":"+0.5","odds":"1.230","header":"Home"},{"opp":"-0.5","odds":"4.000","header":"Away"},{"opp":"+0.5, +1.0","odds":"1.130","header":"Home"},{"opp":"-0.5, -1.0","odds":"5.900","header":"Away"}],"alternative_1st_half_goal_line":[{"goals":"0.5, 1.0","odds":"1.450","header":"Over"},{"goals":"0.5, 1.0","odds":"2.675","header":"Under"},{"goals":"1.0","odds":"1.650","header":"Over"},{"goals":"1.0","odds":"2.200","header":"Under"},{"goals":"1.5","odds":"2.425","header":"Over"},{"goals":"1.5","odds":"1.525","header":"Under"},{"goals":"1.5, 2.0","odds":"3.100","header":"Over"},{"goals":"1.5, 2.0","odds":"1.350","header":"Under"},{"goals":"2.0","odds":"4.650","header":"Over"},{"goals":"2.0","odds":"1.180","header":"Under"},{"goals":"2.0, 2.5","odds":"5.500","header":"Over"},{"goals":"2.0, 2.5","odds":"1.150","header":"Under"},{"goals":"2.5","odds":"6.000","header":"Over"},{"goals":"2.5","odds":"1.125","header":"Under"}],"1st_half_handicap":[{"opp":"IK Brage  -1.0","odds":"6.50"},{"opp":"Tie - IFK Varnamo +1.0","odds":"3.25"},{"opp":"IFK Varnamo  +1.0","odds":"1.53"}],"alternative_1st_half_handicap_result":[{"opp":"-2.0","odds":"17.00","header":"Home"},{"opp":"+2.0","odds":"8.00","header":"Tie"},{"opp":"+2.0","odds":"1.08","header":"Away"},{"opp":"+1.0","odds":"1.20","header":"Home"},{"opp":"-1.0","odds":"4.75","header":"Tie"},{"opp":"-1.0","odds":"15.00","header":"Away"}],"first_half_goals":[{"goals":"0.5","odds":"1.30","header":"Over"},{"goals":"0.5","odds":"3.40","header":"Under"},{"goals":"1.5","odds":"2.50","header":"Over"},{"goals":"1.5","odds":"1.50","header":"Under"},{"goals":"2.5","odds":"6.00","header":"Over"},{"goals":"2.5","odds":"1.12","header":"Under"},{"goals":"3.5","odds":"17.00","header":"Over"},{"goals":"3.5","odds":"1.02","header":"Under"}],"exact_1st_half_goals":[{"opp":"0 Goals","odds":"3.40"},{"opp":"1 Goal","odds":"2.60"},{"opp":"2 Goals","odds":"3.75"},{"opp":"3 Goals","odds":"8.50"},{"opp":"4 Goals","odds":"23.00"},{"opp":"5+ Goals","odds":"51.00"}],"1st_half_goals_odd_even":[{"opp":"Odd","odds":"2.10"},{"opp":"Even","odds":"1.73"}],"to_score_in_half":[{"name":"1st Half","odds":"1.73","header":"Yes"},{"name":"1st Half","odds":"2.00","header":"No"},{"name":"2nd Half","odds":"1.50","header":"Yes"},{"name":"2nd Half","odds":"2.50","header":"No"},{"name":"1st Half","odds":"2.25","header":"Yes"},{"name":"1st Half","odds":"1.57","header":"No"},{"name":"2nd Half","odds":"1.83","header":"Yes"},{"name":"2nd Half","odds":"1.83","header":"No"}],"half_with_most_goals":[{"opp":"1st Half","odds":"3.10"},{"opp":"2nd Half","odds":"1.95"},{"opp":"Tie","odds":"3.75"}],"home_team_highest_scoring_half":[{"opp":"IK Brage - 1st Half","odds":"3.25"},{"opp":"IK Brage - 2nd Half","odds":"2.25"},{"opp":"IK Brage - Tie","odds":"2.75"}],"away_team_highest_scoring_half":[{"opp":"IFK Varnamo - 1st Half","odds":"3.75"},{"opp":"IFK Varnamo - 2nd Half","odds":"2.60"},{"opp":"IFK Varnamo - Tie","odds":"2.20"}],"2nd_half_result":[{"opp":"1","odds":"2.20"},{"opp":"X","odds":"2.62"},{"opp":"2","odds":"3.60"}],"2nd_half_goals":[{"goals":"0.5","odds":"1.18","header":"Over"},{"goals":"0.5","odds":"4.50","header":"Under"},{"goals":"1.5","odds":"1.83","header":"Over"},{"goals":"1.5","odds":"1.83","header":"Under"},{"goals":"2.5","odds":"3.75","header":"Over"},{"goals":"2.5","odds":"1.25","header":"Under"},{"goals":"3.5","odds":"9.00","header":"Over"},{"goals":"3.5","odds":"1.07","header":"Under"},{"goals":"4.5","odds":"21.00","header":"Over"},{"goals":"4.5","odds":"1.02","header":"Under"}],"exact_2nd_half_goals":[{"opp":"0 Goals","odds":"4.50"},{"opp":"1 Goal","odds":"3.00"},{"opp":"2 Goals","odds":"3.40"},{"opp":"3 Goals","odds":"6.00"},{"opp":"4 Goals","odds":"13.00"},{"opp":"5+ Goals","odds":"21.00"}],"2nd_half_goals_odd_even":[{"opp":"Even","odds":"1.80"},{"opp":"Odd","odds":"1.91"}]}},"main":{"updated_at":"1532570762","sp":{"full_time_result":[{"opp":"1","odds":"1.85"},{"opp":"X","odds":"3.60"},{"opp":"2","odds":"4.00"}],"double_chance":[{"opp":"1X","odds":"1.25"},{"opp":"X2","odds":"1.95"},{"opp":"12","odds":"1.29"}],"correct_score":[{"opp":"1-0","odds":"9.00","header":"Home"},{"opp":"0-0","odds":"15.00","header":"X"},{"opp":"1-0","odds":"15.00","header":"Away"},{"opp":"2-0","odds":"10.00","header":"Home"},{"opp":"1-1","odds":"7.00","header":"X"},{"opp":"2-0","odds":"21.00","header":"Away"},{"opp":"2-1","odds":"8.50","header":"Home"},{"opp":"2-2","odds":"12.00","header":"X"},{"opp":"2-1","odds":"13.00","header":"Away"},{"opp":"3-0","odds":"17.00","header":"Home"},{"opp":"3-3","odds":"41.00","header":"X"},{"opp":"3-0","odds":"41.00","header":"Away"},{"opp":"3-1","odds":"13.00","header":"Home"},{"opp":"4-4","odds":"151.00","header":"X"},{"opp":"3-1","odds":"29.00","header":"Away"},{"opp":"3-2","odds":"21.00","header":"Home"},{"opp":"3-2","odds":"34.00","header":"Away"},{"opp":"4-0","odds":"34.00","header":"Home"},{"opp":"4-0","odds":"101.00","header":"Away"},{"opp":"4-1","odds":"29.00","header":"Home"},{"opp":"4-1","odds":"67.00","header":"Away"},{"opp":"4-2","odds":"41.00","header":"Home"},{"opp":"4-2","odds":"67.00","header":"Away"},{"opp":"4-3","odds":"67.00","header":"Home"},{"opp":"4-3","odds":"101.00","header":"Away"},{"opp":"5-0","odds":"51.00","header":"Home"},{"opp":"5-0","odds":"301.00","header":"Away"},{"opp":"5-1","odds":"51.00","header":"Home"},{"opp":"5-1","odds":"201.00","header":"Away"},{"opp":"5-2","odds":"81.00","header":"Home"},{"opp":"5-2","odds":"201.00","header":"Away"},{"opp":"5-3","odds":"151.00","header":"Home"},{"opp":"5-3","odds":"351.00","header":"Away"},{"opp":"5-4","odds":"451.00","header":"Home"},{"opp":"6-0","odds":"151.00","header":"Home"},{"opp":"6-1","odds":"126.00","header":"Home"},{"opp":"6-2","odds":"201.00","header":"Home"},{"opp":"6-3","odds":"451.00","header":"Home"},{"opp":"7-0","odds":"501.00","header":"Home"},{"opp":"7-1","odds":"451.00","header":"Home"}],"half_time_full_time":[{"opp":"IK Brage - IK Brage","odds":"2.88"},{"opp":"IK Brage - Draw","odds":"15.00"},{"opp":"IK Brage - IFK Varnamo","odds":"34.00"},{"opp":"Draw - IK Brage","odds":"5.00"},{"opp":"Draw - Draw","odds":"6.00"},{"opp":"Draw - IFK Varnamo","odds":"9.00"},{"opp":"IFK Varnamo - IK Brage","odds":"21.00"},{"opp":"IFK Varnamo - Draw","odds":"15.00"},{"opp":"IFK Varnamo - IFK Varnamo","odds":"6.50"}],"goals_over_under":[{"goals":"2.5","odds":"1.65","header":"Over"},{"goals":"2.5","odds":"2.20","header":"Under"}],"both_teams_to_score":[{"opp":"Yes","odds":"1.62"},{"opp":"No","odds":"2.20"}],"asian_handicap":[{"opp":"-0.5, -1.0","odds":"2.150","header":"Home"},{"opp":"+0.5, +1.0","odds":"1.725","header":"Away"}],"goal_line":[{"goals":"2.5, 3.0","odds":"1.850","header":"Over"},{"goals":"2.5, 3.0","odds":"2.000","header":"Under"}],"alternative_asian_handicap":[{"opp":"-2.5","odds":"6.600","header":"Home"},{"opp":"+2.5","odds":"1.110","header":"Away"},{"opp":"-2.0, -2.5","odds":"6.250","header":"Home"},{"opp":"+2.0, +2.5","odds":"1.120","header":"Away"},{"opp":"-2.0","odds":"5.750","header":"Home"},{"opp":"+2.0","odds":"1.140","header":"Away"},{"opp":"-1.5, -2.0","odds":"4.000","header":"Home"},{"opp":"+1.5, +2.0","odds":"1.230","header":"Away"},{"opp":"-1.5","odds":"3.300","header":"Home"},{"opp":"+1.5","odds":"1.325","header":"Away"},{"opp":"-1.0, -1.5","odds":"2.850","header":"Home"},{"opp":"+1.0, +1.5","odds":"1.400","header":"Away"},{"opp":"-1.0","odds":"2.500","header":"Home"},{"opp":"+1.0","odds":"1.500","header":"Away"},{"opp":"-0.5","odds":"1.850","header":"Home"},{"opp":"+0.5","odds":"1.950","header":"Away"},{"opp":"0.0, -0.5","odds":"1.625","header":"Home"},{"opp":"0.0, +0.5","odds":"2.250","header":"Away"},{"opp":"0.0","odds":"1.400","header":"Home"},{"opp":"0.0","odds":"2.850","header":"Away"},{"opp":"0.0, +0.5","odds":"1.325","header":"Home"},{"opp":"0.0, -0.5","odds":"3.300","header":"Away"},{"opp":"+0.5","odds":"1.260","header":"Home"},{"opp":"-0.5","odds":"3.700","header":"Away"},{"opp":"+0.5, +1.0","odds":"1.175","header":"Home"},{"opp":"-0.5, -1.0","odds":"4.800","header":"Away"}],"alternative_goal_line":[{"goals":"1.0, 1.5","odds":"1.125","header":"Over"},{"goals":"1.0, 1.5","odds":"6.000","header":"Under"},{"goals":"1.5","odds":"1.200","header":"Over"},{"goals":"1.5","odds":"4.400","header":"Under"},{"goals":"1.5, 2.0","odds":"1.240","header":"Over"},{"goals":"1.5, 2.0","odds":"3.900","header":"Under"},{"goals":"2.0","odds":"1.300","header":"Over"},{"goals":"2.0","odds":"3.450","header":"Under"},{"goals":"2.0, 2.5","odds":"1.475","header":"Over"},{"goals":"2.0, 2.5","odds":"2.600","header":"Under"},{"goals":"2.5","odds":"1.675","header":"Over"},{"goals":"2.5","odds":"2.150","header":"Under"},{"goals":"3.0","odds":"2.075","header":"Over"},{"goals":"3.0","odds":"1.725","header":"Under"},{"goals":"3.0, 3.5","odds":"2.350","header":"Over"},{"goals":"3.0, 3.5","odds":"1.575","header":"Under"},{"goals":"3.5","odds":"2.600","header":"Over"},{"goals":"3.5","odds":"1.475","header":"Under"},{"goals":"3.5, 4.0","odds":"3.100","header":"Over"},{"goals":"3.5, 4.0","odds":"1.350","header":"Under"},{"goals":"4.0","odds":"4.000","header":"Over"},{"goals":"4.0","odds":"1.230","header":"Under"},{"goals":"4.0, 4.5","odds":"4.400","header":"Over"},{"goals":"4.0, 4.5","odds":"1.200","header":"Under"},{"goals":"4.5","odds":"4.650","header":"Over"},{"goals":"4.5","odds":"1.180","header":"Under"},{"goals":"4.5, 5.0","odds":"6.000","header":"Over"},{"goals":"4.5, 5.0","odds":"1.125","header":"Under"}],"draw_no_bet":[{"opp":"IK Brage","odds":"1.40"},{"opp":"IFK Varnamo","odds":"2.75"}],"result_both_teams_to_score":[{"name":"IK Brage","odds":"3.40","header":"Yes"},{"name":"IK Brage","odds":"3.60","header":"No"},{"name":"IFK Varnamo","odds":"6.50","header":"Yes"},{"name":"IFK Varnamo","odds":"8.00","header":"No"},{"name":"Draw","odds":"4.33","header":"Yes"},{"name":"Draw","odds":"15.00","header":"No"}],"handicap_result":[{"opp":"IK Brage (-1)","odds":"3.10"},{"opp":"Tie - (IFK Varnamo +1)","odds":"3.75"},{"opp":"IFK Varnamo (+1)","odds":"1.95"}],"alternative_handicap_result":[{"opp":"-3.0","odds":"13.00","header":"Home"},{"opp":"+3.0","odds":"9.00","header":"Tie"},{"opp":"+3.0","odds":"1.08","header":"Away"},{"opp":"-2.0","odds":"6.00","header":"Home"},{"opp":"+2.0","odds":"5.00","header":"Tie"},{"opp":"+2.0","odds":"1.30","header":"Away"},{"opp":"+1.0","odds":"1.25","header":"Home"},{"opp":"-1.0","odds":"5.50","header":"Tie"},{"opp":"-1.0","odds":"8.00","header":"Away"},{"opp":"+2.0","odds":"1.06","header":"Home"},{"opp":"-2.0","odds":"10.00","header":"Tie"},{"opp":"-2.0","odds":"15.00","header":"Away"}],"winning_margin":[{"goals":" 1","odds":"3.75","header":"Home"},{"goals":" 1","odds":"5.50","header":"Away"},{"goals":" 2","odds":"5.00","header":"Home"},{"goals":" 2","odds":"10.00","header":"Away"},{"goals":" 3","odds":"9.00","header":"Home"},{"goals":" 3","odds":"34.00","header":"Away"},{"goals":" 4+","odds":"13.00","header":"Home"},{"goals":" 4+","odds":"67.00","header":"Away"},{"goals":"Score Draw","odds":"4.33","header":"Home"},{"goals":"No Goal","odds":"15.00","header":"Home"}]}},"schedule":{"updated_at":"1532570449","sp":{"main":[{"odds":"1.850"},{"odds":"2.000"}]}},"specials":{"updated_at":"1532569696","sp":{"specials":[{"name":"To Win From Behind","odds":"9.00","header":"Home"},{"name":"To Win From Behind","odds":"15.00","header":"Away"},{"name":"To Win to Nil","odds":"3.60","header":"Home"},{"name":"To Win to Nil","odds":"8.00","header":"Away"},{"name":"To Win Either Half","odds":"1.44","header":"Home"},{"name":"To Win Either Half","odds":"2.20","header":"Away"},{"name":"To Win Both Halves","odds":"5.50","header":"Home"},{"name":"To Win Both Halves","odds":"17.00","header":"Away"},{"name":"To Score in Both Halves","odds":"2.62","header":"Home"},{"name":"To Score in Both Halves","odds":"4.33","header":"Away"}],"to_score_in_half":[{"name":"1st Half","odds":"1.73","header":"Yes"},{"name":"1st Half","odds":"2.00","header":"No"},{"name":"2nd Half","odds":"1.50","header":"Yes"},{"name":"2nd Half","odds":"2.50","header":"No"},{"name":"1st Half","odds":"2.25","header":"Yes"},{"name":"1st Half","odds":"1.57","header":"No"},{"name":"2nd Half","odds":"1.83","header":"Yes"},{"name":"2nd Half","odds":"1.83","header":"No"}],"own_goal":[{"opp":"Yes","odds":"11.00"},{"opp":"No","odds":"1.05"}]}}}]}}