{"odd":{"success":1,"results":[{"FI":"75367828","event_id":"840287","asian_lines":{"updated_at":"1532570344","sp":{"asian_handicap":[{"opp":"+1.0, +1.5","odds":"2.100","header":"Home"},{"opp":"-1.0, -1.5","odds":"1.700","header":"Away"}],"goal_line":[{"goals":"2.5","odds":"1.825","header":"Over"},{"goals":"2.5","odds":"1.975","header":"Under"}],"alternative_asian_handicap":[{"opp":"0.0","odds":"7.000","header":"Home"},{"opp":"0.0","odds":"1.100","header":"Away"},{"opp":"0.0, +0.5","odds":"4.250","header":"Home"},{"opp":"0.0, -0.5","odds":"1.210","header":"Away"},{"opp":"+0.5","odds":"3.300","header":"Home"},{"opp":"-0.5","odds":"1.325","header":"Away"},{"opp":"+0.5, +1.0","odds":"3.000","header":"Home"},{"opp":"-0.5, -1.0","odds":"1.375","header":"Away"},{"opp":"+1.0","odds":"2.600","header":"Home"},{"opp":"-1.0","odds":"1.475","header":"Away"},{"opp":"+1.5","odds":"1.850","header":"Home"},{"opp":"-1.5","odds":"1.950","header":"Away"},{"opp":"+1.5, +2.0","odds":"1.675","header":"Home"},{"opp":"-1.5, -2.0","odds":"2.150","header":"Away"},{"opp":"+2.0","odds":"1.475","header":"Home"},{"opp":"-2.0","odds":"2.600","header":"Away"},{"opp":"+2.0, +2.5","odds":"1.375","header":"Home"},{"opp":"-2.0, -2.5","odds":"3.000","header":"Away"},{"opp":"+2.5","odds":"1.325","header":"Home"},{"opp":"-2.5","odds":"3.300","header":"Away"},{"opp":"+2.5, +3.0","odds":"1.230","header":"Home"},{"opp":"-2.5, -3.0","odds":"4.000","header":"Away"},{"opp":"+3.0","odds":"1.140","header":"Home"},{"opp":"-3.0","odds":"5.750","header":"Away"},{"opp":"+3.0, +3.5","odds":"1.125","header":"Home"},{"opp":"-3.0, -3.5","odds":"6.000","header":"Away"}],"alternative_goal_line":[{"goals":"1.0, 1.5","odds":"1.160","header":"Over"},{"goals":"1.0, 1.5","odds":"5.250","header":"Under"},{"goals":"1.5","odds":"1.260","header":"Over"},{"goals":"1.5","odds":"3.700","header":"Under"},{"goals":"1.5, 2.0","odds":"1.325","header":"Over"},{"goals":"1.5, 2.0","odds":"3.300","header":"Under"},{"goals":"2.0","odds":"1.400","header":"Over"},{"goals":"2.0","odds":"2.850","header":"Under"},{"goals":"2.0, 2.5","odds":"1.600","header":"Over"},{"goals":"2.0, 2.5","odds":"2.300","header":"Under"},{"goals":"2.5, 3.0","odds":"2.050","header":"Over"},{"goals":"2.5, 3.0","odds":"1.750","header":"Under"},{"goals":"3.0","odds":"2.375","header":"Over"},{"goals":"3.0","odds":"1.550","header":"Under"},{"goals":"3.0, 3.5","odds":"2.675","header":"Over"},{"goals":"3.0, 3.5","odds":"1.450","header":"Under"},{"goals":"3.5","odds":"3.000","header":"Over"},{"goals":"3.5","odds":"1.375","header":"Under"},{"goals":"3.5, 4.0","odds":"3.550","header":"Over"},{"goals":"3.5, 4.0","odds":"1.275","header":"Under"},{"goals":"4.0","odds":"5.000","header":"Over"},{"goals":"4.0","odds":"1.170","header":"Under"},{"goals":"4.0, 4.5","odds":"5.500","header":"Over"},{"goals":"4.0, 4.5","odds":"1.150","header":"Under"},{"goals":"4.5","odds":"5.750","header":"Over"},{"goals":"4.5","odds":"1.140","header":"Under"}],"1st_half_asian_handicap":[{"opp":"+0.5","odds":"2.000","header":"Home"},{"opp":"-0.5","odds":"1.800","header":"Away"}],"1st_half_goal_line":[{"goals":"1.0","odds":"1.775","header":"Over"},{"goals":"1.0","odds":"2.025","header":"Under"}],"alternative_1st_half_asian_handicap":[{"opp":"0.0, -0.5","odds":"6.600","header":"Home"},{"opp":"0.0, +0.5","odds":"1.110","header":"Away"},{"opp":"0.0","odds":"5.500","header":"Home"},{"opp":"0.0","odds":"1.150","header":"Away"},{"opp":"0.0, +0.5","odds":"2.600","header":"Home"},{"opp":"0.0, -0.5","odds":"1.475","header":"Away"},{"opp":"+0.5, +1.0","odds":"1.675","header":"Home"},{"opp":"-0.5, -1.0","odds":"2.150","header":"Away"},{"opp":"+1.0","odds":"1.375","header":"Home"},{"opp":"-1.0","odds":"3.000","header":"Away"},{"opp":"+1.0, +1.5","odds":"1.275","header":"Home"},{"opp":"-1.0, -1.5","odds":"3.550","header":"Away"},{"opp":"+1.5","odds":"1.220","header":"Home"},{"opp":"-1.5","odds":"4.150","header":"Away"},{"opp":"+1.5, +2.0","odds":"1.140","header":"Home"},{"opp":"-1.5, -2.0","odds":"5.750","header":"Away"}],"alternative_1st_half_goal_line":[{"goals":"0.5, 1.0","odds":"1.500","header":"Over"},{"goals":"0.5, 1.0","odds":"2.500","header":"Under"},{"goals":"1.0, 1.5","odds":"2.250","header":"Over"},{"goals":"1.0, 1.5","odds":"1.625","header":"Under"},{"goals":"1.5","odds":"2.675","header":"Over"},{"goals":"1.5","odds":"1.450","header":"Under"},{"goals":"1.5, 2.0","odds":"3.450","header":"Over"},{"goals":"1.5, 2.0","odds":"1.300","header":"Under"},{"goals":"2.0","odds":"5.500","header":"Over"},{"goals":"2.0","odds":"1.150","header":"Under"},{"goals":"2.0, 2.5","odds":"5.900","header":"Over"},{"goals":"2.0, 2.5","odds":"1.130","header":"Under"},{"goals":"2.5","odds":"6.600","header":"Over"},{"goals":"2.5","odds":"1.110","header":"Under"}],"asian_total_corners":[{"goals":"9.0","odds":"1.875","header":"Over"},{"goals":"9.0","odds":"1.925","header":"Under"}],"1st_half_asian_corners":[{"goals":"4.5","odds":"2.075","header":"Over"},{"goals":"4.5","odds":"1.725","header":"Under"}]}},"corners":{"updated_at":"1532570378","sp":{"corners":[{"opp":"Over 9","odds":"2.10"},{"opp":"Exactly 9","odds":"7.00"},{"opp":"Under 9","odds":"2.20"}],"total_corners":[{"opp":"Under 6","odds":"8.00"},{"opp":"6 - 8","odds":"2.75"},{"opp":"9 - 11","odds":"2.60"},{"opp":"12 - 14","odds":"5.00"},{"opp":"Over 14","odds":"15.00"}],"alternative_corners":[{"goals":"3","odds":"1.01","header":"Over"},{"goals":"3","odds":"29.00","header":"Exactly"},{"goals":"3","odds":"41.00","header":"Under"},{"goals":"4","odds":"1.03","header":"Over"},{"goals":"4","odds":"19.00","header":"Exactly"},{"goals":"4","odds":"23.00","header":"Under"},{"goals":"5","odds":"1.07","header":"Over"},{"goals":"5","odds":"13.00","header":"Exactly"},{"goals":"5","odds":"15.00","header":"Under"},{"goals":"6","odds":"1.18","header":"Over"},{"goals":"6","odds":"9.50","header":"Exactly"},{"goals":"6","odds":"8.00","header":"Under"},{"goals":"7","odds":"1.36","header":"Over"},{"goals":"7","odds":"7.50","header":"Exactly"},{"goals":"7","odds":"4.50","header":"Under"},{"goals":"8","odds":"1.67","header":"Over"},{"goals":"8","odds":"7.00","header":"Exactly"},{"goals":"8","odds":"3.00","header":"Under"},{"goals":"10","odds":"2.88","header":"Over"},{"goals":"10","odds":"7.50","header":"Exactly"},{"goals":"10","odds":"1.67","header":"Under"},{"goals":"11","odds":"4.00","header":"Over"},{"goals":"11","odds":"8.50","header":"Exactly"},{"goals":"11","odds":"1.40","header":"Under"},{"goals":"12","odds":"6.00","header":"Over"},{"goals":"12","odds":"10.00","header":"Exactly"},{"goals":"12","odds":"1.22","header":"Under"},{"goals":"13","odds":"9.00","header":"Over"},{"goals":"13","odds":"13.00","header":"Exactly"},{"goals":"13","odds":"1.11","header":"Under"},{"goals":"14","odds":"13.00","header":"Over"},{"goals":"14","odds":"17.00","header":"Exactly"},{"goals":"14","odds":"1.06","header":"Under"},{"goals":"15","odds":"19.00","header":"Over"},{"goals":"15","odds":"21.00","header":"Exactly"},{"goals":"15","odds":"1.03","header":"Under"},{"goals":"16","odds":"29.00","header":"Over"},{"goals":"16","odds":"29.00","header":"Exactly"},{"goals":"16","odds":"1.02","header":"Under"}],"corners_2_way":[{"opp":"Over 9.5","odds":"2.10"},{"opp":"Under 9.5","odds":"1.67"}],"first_half_corners":[{"opp":"4","odds":"2.05","header":"Over"},{"opp":"4","odds":"4.75","header":"Exactly"},{"opp":"4","odds":"2.60","header":"Under"}],"asian_total_corners":[{"goals":"9.0","odds":"1.875","header":"Over"},{"goals":"9.0","odds":"1.925","header":"Under"}],"1st_half_asian_corners":[{"goals":"4.5","odds":"2.075","header":"Over"},{"goals":"4.5","odds":"1.725","header":"Under"}]}},"goals":{"updated_at":"1532570401","sp":{"goals_over_under":[{"goals":"2.5","odds":"1.80","header":"Over"},{"goals":"2.5","odds":"2.00","header":"Under"}],"alternative_total_goals":[{"goals":"0.5","odds":"1.03","header":"Over "},{"goals":"0.5","odds":"10.00","header":"Under"},{"goals":"1.5","odds":"1.25","header":"Over "},{"goals":"1.5","odds":"3.75","header":"Under"},{"goals":"3.5","odds":"3.00","header":"Over "},{"goals":"3.5","odds":"1.36","header":"Under"},{"goals":"4.5","odds":"5.50","header":"Over "},{"goals":"4.5","odds":"1.12","header":"Under"},{"goals":"5.5","odds":"9.00","header":"Over "},{"goals":"5.5","odds":"1.04","header":"Under"},{"goals":"6.5","odds":"15.00","header":"Over "},{"goals":"6.5","odds":"1.01","header":"Under"}],"result_total_goals":[{"opp":"FK Ventspils & Over 2.5","odds":"17.00"},{"opp":"FK Ventspils & Under 2.5","odds":"15.00"},{"opp":"Draw & Over 2.5","odds":"23.00"},{"opp":"Draw & Under  2.5","odds":"5.50"},{"opp":"Bordeaux & Over 2.5","odds":"2.05"},{"opp":"Bordeaux & Under 2.5","odds":"3.20"}],"total_goals_both_teams_to_score":[{"opp":"Over 2.5 & Yes","odds":"2.88"},{"opp":"Over 2.5 & No","odds":"4.00"},{"opp":"Under 2.5 & Yes","odds":"10.00"},{"opp":"Under 2.5 & No","odds":"2.30"}],"exact_total_goals":[{"opp":"0 Goals","odds":"10.00"},{"opp":"1 Goal","odds":"5.00"},{"opp":"2 Goals","odds":"3.75"},{"opp":"3 Goals","odds":"4.00"},{"opp":"4 Goals","odds":"5.50"},{"opp":"5 Goals","odds":"10.00"},{"opp":"6 Goals","odds":"21.00"},{"opp":"7+ Goals","odds":"15.00"}],"number_of_goals_in_match":[{"opp":"Under 2 goals","odds":"3.75"},{"opp":"2 or 3 goals","odds":"2.00"},{"opp":"Over 3 goals","odds":"3.00"}],"both_teams_to_score":[{"opp":"Yes","odds":"2.38"},{"opp":"No","odds":"1.53"}],"teams_to_score":[{"opp":"Both Teams","odds":"2.38"},{"opp":"FK Ventspils Only","odds":"15.00"},{"opp":"No Goal","odds":"10.00"},{"opp":"Bordeaux Only","odds":"1.83"}],"both_teams_to_score_in_1st_half":[{"opp":"Yes","odds":"6.00"},{"opp":"No","odds":"1.11"}],"both_teams_to_score_in_2nd_half":[{"opp":"Yes","odds":"4.50"},{"opp":"No","odds":"1.17"}],"both_teams_to_score_1st_half_2nd_half":[{"opp":"Yes \/ Yes","odds":"26.00"},{"opp":"Yes \/ No","odds":"7.00"},{"opp":"No \/ Yes","odds":"5.00"},{"opp":"No \/ No","odds":"1.33"}],"first_half_goals":[{"goals":"0.5","odds":"1.36","header":"Over"},{"goals":"0.5","odds":"3.00","header":"Under"},{"goals":"1.5","odds":"2.62","header":"Over"},{"goals":"1.5","odds":"1.44","header":"Under"},{"goals":"2.5","odds":"7.00","header":"Over"},{"goals":"2.5","odds":"1.10","header":"Under"},{"goals":"3.5","odds":"19.00","header":"Over"},{"goals":"3.5","odds":"1.02","header":"Under"}],"exact_1st_half_goals":[{"opp":"0 Goals","odds":"3.00"},{"opp":"1 Goal","odds":"2.60"},{"opp":"2 Goals","odds":"4.00"},{"opp":"3 Goals","odds":"9.50"},{"opp":"4 Goals","odds":"26.00"},{"opp":"5+ Goals","odds":"51.00"}],"first_team_to_score":[{"opp":"FK Ventspils","odds":"5.00"},{"opp":"No Goals","odds":"10.00"},{"opp":"Bordeaux","odds":"1.22"}],"2nd_half_goals":[{"goals":"0.5","odds":"1.22","header":"Over"},{"goals":"0.5","odds":"4.00","header":"Under"},{"goals":"1.5","odds":"2.00","header":"Over"},{"goals":"1.5","odds":"1.73","header":"Under"},{"goals":"2.5","odds":"4.33","header":"Over"},{"goals":"2.5","odds":"1.20","header":"Under"},{"goals":"3.5","odds":"11.00","header":"Over"},{"goals":"3.5","odds":"1.05","header":"Under"},{"goals":"4.5","odds":"26.00","header":"Over"},{"goals":"4.5","odds":"1.01","header":"Under"}],"exact_2nd_half_goals":[{"opp":"0 Goals","odds":"4.00"},{"opp":"1 Goal","odds":"2.75"},{"opp":"2 Goals","odds":"3.50"},{"opp":"3 Goals","odds":"6.50"},{"opp":"4 Goals","odds":"15.00"},{"opp":"5+ Goals","odds":"26.00"}],"half_with_most_goals":[{"opp":"1st Half","odds":"3.00"},{"opp":"2nd Half","odds":"2.05"},{"opp":"Tie","odds":"3.60"}],"home_team_highest_scoring_half":[{"opp":"FK Ventspils - 1st Half","odds":"5.00"},{"opp":"FK Ventspils - 2nd Half","odds":"3.75"},{"opp":"FK Ventspils - Tie","odds":"1.53"}],"away_team_highest_scoring_half":[{"opp":"Bordeaux - 1st Half","odds":"3.00"},{"opp":"Bordeaux - 2nd Half","odds":"2.20"},{"opp":"Bordeaux - Tie","odds":"3.10"}],"home_team_exact_goals":[{"opp":"FK Ventspils - 0 Goals","odds":"1.67"},{"opp":"FK Ventspils - 1 Goal","odds":"2.75"},{"opp":"FK Ventspils - 2 Goals","odds":"8.00"},{"opp":"FK Ventspils - 3+ Goals","odds":"13.00"}],"away_team_exact_goals":[{"opp":"Bordeaux - 0 Goals","odds":"6.50"},{"opp":"Bordeaux - 1 Goal","odds":"3.60"},{"opp":"Bordeaux - 2 Goals","odds":"3.40"},{"opp":"Bordeaux - 3+ Goals","odds":"2.50"}],"goals_odd_even":[{"opp":"Even","odds":"1.90"},{"opp":"Odd","odds":"1.95"}],"home_team_odd_even_goals":[{"opp":"FK Ventspils - Even","odds":"1.44"},{"opp":"FK Ventspils - Odd","odds":"2.62"}],"away_team_odd_even_goals":[{"opp":"Bordeaux - Even","odds":"1.83"},{"opp":"Bordeaux - Odd","odds":"1.83"}],"1st_half_goals_odd_even":[{"opp":"Odd","odds":"2.10"},{"opp":"Even","odds":"1.73"}],"last_team_to_score":[{"opp":"FK Ventspils","odds":"5.00"},{"opp":"No Goal","odds":"10.00"},{"opp":"Bordeaux","odds":"1.22"}]}},"half":{"updated_at":"1532570420","sp":{"half_time_result":[{"opp":"1","odds":"8.50"},{"opp":"X","odds":"2.38"},{"opp":"2","odds":"1.73"}],"half_time_double_chance":[{"opp":"1X","odds":"2.00"},{"opp":"X2","odds":"1.08"},{"opp":"12","odds":"1.53"}],"half_time_result_both_teams_to_score":[{"opp":"FK Ventspils & Yes","odds":"51.00"},{"opp":"FK Ventspils & No","odds":"9.00"},{"opp":"Draw & Yes","odds":"11.00"},{"opp":"Draw & No","odds":"3.00"},{"opp":"Bordeaux & Yes","odds":"15.00"},{"opp":"Bordeaux & No","odds":"1.91"}],"half_time_result_total_goals":[{"opp":"FK Ventspils & Over 1.5","odds":"29.00"},{"opp":"FK Ventspils & Under 1.5","odds":"10.00"},{"opp":"Draw & Over 1.5","odds":"11.00"},{"opp":"Draw & Under 1.5","odds":"3.00"},{"opp":"Bordeaux & Over 1.5","odds":"3.60"},{"opp":"Bordeaux & Under 1.5","odds":"3.10"}],"half_time_correct_score":[{"opp":"1-0","odds":"10.00","header":"Home"},{"opp":"0-0","odds":"3.00","header":"X"},{"opp":"1-0","odds":"3.10","header":"Away"},{"opp":"2-0","odds":"41.00","header":"Home"},{"opp":"1-1","odds":"11.00","header":"X"},{"opp":"2-0","odds":"6.00","header":"Away"},{"opp":"2-1","odds":"51.00","header":"Home"},{"opp":"2-2","odds":"81.00","header":"X"},{"opp":"2-1","odds":"21.00","header":"Away"},{"opp":"3-0","odds":"17.00","header":"Away"},{"opp":"3-1","odds":"51.00","header":"Away"},{"opp":"4-0","odds":"41.00","header":"Away"},{"opp":"4-1","odds":"126.00","header":"Away"},{"opp":"5-0","odds":"126.00","header":"Away"}],"both_teams_to_score_in_1st_half":[{"opp":"Yes","odds":"6.00"},{"opp":"No","odds":"1.11"}],"both_teams_to_score_in_2nd_half":[{"opp":"Yes","odds":"4.50"},{"opp":"No","odds":"1.17"}],"both_teams_to_score_1st_half_2nd_half":[{"opp":"Yes \/ Yes","odds":"26.00"},{"opp":"Yes \/ No","odds":"7.00"},{"opp":"No \/ Yes","odds":"5.00"},{"opp":"No \/ No","odds":"1.33"}],"1st_half_asian_handicap":[{"opp":"+0.5","odds":"2.000","header":"Home"},{"opp":"-0.5","odds":"1.800","header":"Away"}],"1st_half_goal_line":[{"goals":"1.0","odds":"1.775","header":"Over"},{"goals":"1.0","odds":"2.025","header":"Under"}],"alternative_1st_half_asian_handicap":[{"opp":"0.0, -0.5","odds":"6.600","header":"Home"},{"opp":"0.0, +0.5","odds":"1.110","header":"Away"},{"opp":"0.0","odds":"5.500","header":"Home"},{"opp":"0.0","odds":"1.150","header":"Away"},{"opp":"0.0, +0.5","odds":"2.600","header":"Home"},{"opp":"0.0, -0.5","odds":"1.475","header":"Away"},{"opp":"+0.5, +1.0","odds":"1.675","header":"Home"},{"opp":"-0.5, -1.0","odds":"2.150","header":"Away"},{"opp":"+1.0","odds":"1.375","header":"Home"},{"opp":"-1.0","odds":"3.000","header":"Away"},{"opp":"+1.0, +1.5","odds":"1.275","header":"Home"},{"opp":"-1.0, -1.5","odds":"3.550","header":"Away"},{"opp":"+1.5","odds":"1.220","header":"Home"},{"opp":"-1.5","odds":"4.150","header":"Away"},{"opp":"+1.5, +2.0","odds":"1.140","header":"Home"},{"opp":"-1.5, -2.0","odds":"5.750","header":"Away"}],"alternative_1st_half_goal_line":[{"goals":"0.5, 1.0","odds":"1.500","header":"Over"},{"goals":"0.5, 1.0","odds":"2.500","header":"Under"},{"goals":"1.0, 1.5","odds":"2.250","header":"Over"},{"goals":"1.0, 1.5","odds":"1.625","header":"Under"},{"goals":"1.5","odds":"2.675","header":"Over"},{"goals":"1.5","odds":"1.450","header":"Under"},{"goals":"1.5, 2.0","odds":"3.450","header":"Over"},{"goals":"1.5, 2.0","odds":"1.300","header":"Under"},{"goals":"2.0","odds":"5.500","header":"Over"},{"goals":"2.0","odds":"1.150","header":"Under"},{"goals":"2.0, 2.5","odds":"5.900","header":"Over"},{"goals":"2.0, 2.5","odds":"1.130","header":"Under"},{"goals":"2.5","odds":"6.600","header":"Over"},{"goals":"2.5","odds":"1.110","header":"Under"}],"1st_half_handicap":[{"opp":"FK Ventspils  +1.0","odds":"2.00"},{"opp":"Tie - Bordeaux -1.0","odds":"2.88"},{"opp":"Bordeaux  -1.0","odds":"4.00"}],"alternative_1st_half_handicap_result":[{"opp":"-1.0","odds":"26.00","header":"Home"},{"opp":"+1.0","odds":"9.00","header":"Tie"},{"opp":"+1.0","odds":"1.08","header":"Away"},{"opp":"+2.0","odds":"1.20","header":"Home"},{"opp":"-2.0","odds":"5.50","header":"Tie"},{"opp":"-2.0","odds":"11.00","header":"Away"}],"first_half_goals":[{"goals":"0.5","odds":"1.36","header":"Over"},{"goals":"0.5","odds":"3.00","header":"Under"},{"goals":"1.5","odds":"2.62","header":"Over"},{"goals":"1.5","odds":"1.44","header":"Under"},{"goals":"2.5","odds":"7.00","header":"Over"},{"goals":"2.5","odds":"1.10","header":"Under"},{"goals":"3.5","odds":"19.00","header":"Over"},{"goals":"3.5","odds":"1.02","header":"Under"}],"exact_1st_half_goals":[{"opp":"0 Goals","odds":"3.00"},{"opp":"1 Goal","odds":"2.60"},{"opp":"2 Goals","odds":"4.00"},{"opp":"3 Goals","odds":"9.50"},{"opp":"4 Goals","odds":"26.00"},{"opp":"5+ Goals","odds":"51.00"}],"first_half_corners":[{"opp":"4","odds":"2.05","header":"Over"},{"opp":"4","odds":"4.75","header":"Exactly"},{"opp":"4","odds":"2.60","header":"Under"}],"1st_half_asian_corners":[{"goals":"4.5","odds":"2.075","header":"Over"},{"goals":"4.5","odds":"1.725","header":"Under"}],"1st_half_goals_odd_even":[{"opp":"Odd","odds":"2.10"},{"opp":"Even","odds":"1.73"}],"to_score_in_half":[{"name":"1st Half","odds":"4.00","header":"Yes"},{"name":"1st Half","odds":"1.22","header":"No"},{"name":"2nd Half","odds":"3.40","header":"Yes"},{"name":"2nd Half","odds":"1.30","header":"No"},{"name":"1st Half","odds":"1.53","header":"Yes"},{"name":"1st Half","odds":"2.38","header":"No"},{"name":"2nd Half","odds":"1.36","header":"Yes"},{"name":"2nd Half","odds":"3.00","header":"No"}],"half_with_most_goals":[{"opp":"1st Half","odds":"3.00"},{"opp":"2nd Half","odds":"2.05"},{"opp":"Tie","odds":"3.60"}],"home_team_highest_scoring_half":[{"opp":"FK Ventspils - 1st Half","odds":"5.00"},{"opp":"FK Ventspils - 2nd Half","odds":"3.75"},{"opp":"FK Ventspils - Tie","odds":"1.53"}],"away_team_highest_scoring_half":[{"opp":"Bordeaux - 1st Half","odds":"3.00"},{"opp":"Bordeaux - 2nd Half","odds":"2.20"},{"opp":"Bordeaux - Tie","odds":"3.10"}],"2nd_half_result":[{"opp":"1","odds":"8.00"},{"opp":"X","odds":"2.88"},{"opp":"2","odds":"1.57"}],"2nd_half_goals":[{"goals":"0.5","odds":"1.22","header":"Over"},{"goals":"0.5","odds":"4.00","header":"Under"},{"goals":"1.5","odds":"2.00","header":"Over"},{"goals":"1.5","odds":"1.73","header":"Under"},{"goals":"2.5","odds":"4.33","header":"Over"},{"goals":"2.5","odds":"1.20","header":"Under"},{"goals":"3.5","odds":"11.00","header":"Over"},{"goals":"3.5","odds":"1.05","header":"Under"},{"goals":"4.5","odds":"26.00","header":"Over"},{"goals":"4.5","odds":"1.01","header":"Under"}],"exact_2nd_half_goals":[{"opp":"0 Goals","odds":"4.00"},{"opp":"1 Goal","odds":"2.75"},{"opp":"2 Goals","odds":"3.50"},{"opp":"3 Goals","odds":"6.50"},{"opp":"4 Goals","odds":"15.00"},{"opp":"5+ Goals","odds":"26.00"}],"2nd_half_goals_odd_even":[{"opp":"Even","odds":"1.80"},{"opp":"Odd","odds":"1.91"}]}},"main":{"updated_at":"1532570333","sp":{"full_time_result":[{"opp":"1","odds":"9.00"},{"opp":"X","odds":"5.00"},{"opp":"2","odds":"1.33"}],"double_chance":[{"opp":"1X","odds":"3.25"},{"opp":"X2","odds":"1.04"},{"opp":"12","odds":"1.14"}],"correct_score":[{"opp":"1-0","odds":"19.00","header":"Home"},{"opp":"0-0","odds":"10.00","header":"X"},{"opp":"1-0","odds":"6.00","header":"Away"},{"opp":"2-0","odds":"41.00","header":"Home"},{"opp":"1-1","odds":"10.00","header":"X"},{"opp":"2-0","odds":"5.50","header":"Away"},{"opp":"2-1","odds":"26.00","header":"Home"},{"opp":"2-2","odds":"26.00","header":"X"},{"opp":"2-1","odds":"9.50","header":"Away"},{"opp":"3-0","odds":"126.00","header":"Home"},{"opp":"3-3","odds":"101.00","header":"X"},{"opp":"3-0","odds":"7.50","header":"Away"},{"opp":"3-1","odds":"67.00","header":"Home"},{"opp":"3-1","odds":"13.00","header":"Away"},{"opp":"3-2","odds":"67.00","header":"Home"},{"opp":"3-2","odds":"41.00","header":"Away"},{"opp":"4-0","odds":"13.00","header":"Away"},{"opp":"4-1","odds":"21.00","header":"Away"},{"opp":"4-2","odds":"51.00","header":"Away"},{"opp":"4-3","odds":"151.00","header":"Away"},{"opp":"5-0","odds":"26.00","header":"Away"},{"opp":"5-1","odds":"41.00","header":"Away"},{"opp":"5-2","odds":"81.00","header":"Away"},{"opp":"6-0","odds":"51.00","header":"Away"},{"opp":"6-1","odds":"67.00","header":"Away"},{"opp":"7-0","odds":"101.00","header":"Away"},{"opp":"7-1","odds":"151.00","header":"Away"}],"half_time_full_time":[{"opp":"FK Ventspils - FK Ventspils","odds":"17.00"},{"opp":"FK Ventspils - Draw","odds":"23.00"},{"opp":"FK Ventspils - Bordeaux","odds":"23.00"},{"opp":"Draw - FK Ventspils","odds":"17.00"},{"opp":"Draw - Draw","odds":"7.00"},{"opp":"Draw - Bordeaux","odds":"3.75"},{"opp":"Bordeaux - FK Ventspils","odds":"51.00"},{"opp":"Bordeaux - Draw","odds":"19.00"},{"opp":"Bordeaux - Bordeaux","odds":"1.91"}],"goals_over_under":[{"goals":"2.5","odds":"1.80","header":"Over"},{"goals":"2.5","odds":"2.00","header":"Under"}],"both_teams_to_score":[{"opp":"Yes","odds":"2.38"},{"opp":"No","odds":"1.53"}],"asian_handicap":[{"opp":"+1.0, +1.5","odds":"2.100","header":"Home"},{"opp":"-1.0, -1.5","odds":"1.700","header":"Away"}],"goal_line":[{"goals":"2.5","odds":"1.825","header":"Over"},{"goals":"2.5","odds":"1.975","header":"Under"}],"alternative_asian_handicap":[{"opp":"0.0","odds":"7.000","header":"Home"},{"opp":"0.0","odds":"1.100","header":"Away"},{"opp":"0.0, +0.5","odds":"4.250","header":"Home"},{"opp":"0.0, -0.5","odds":"1.210","header":"Away"},{"opp":"+0.5","odds":"3.300","header":"Home"},{"opp":"-0.5","odds":"1.325","header":"Away"},{"opp":"+0.5, +1.0","odds":"3.000","header":"Home"},{"opp":"-0.5, -1.0","odds":"1.375","header":"Away"},{"opp":"+1.0","odds":"2.600","header":"Home"},{"opp":"-1.0","odds":"1.475","header":"Away"},{"opp":"+1.5","odds":"1.850","header":"Home"},{"opp":"-1.5","odds":"1.950","header":"Away"},{"opp":"+1.5, +2.0","odds":"1.675","header":"Home"},{"opp":"-1.5, -2.0","odds":"2.150","header":"Away"},{"opp":"+2.0","odds":"1.475","header":"Home"},{"opp":"-2.0","odds":"2.600","header":"Away"},{"opp":"+2.0, +2.5","odds":"1.375","header":"Home"},{"opp":"-2.0, -2.5","odds":"3.000","header":"Away"},{"opp":"+2.5","odds":"1.325","header":"Home"},{"opp":"-2.5","odds":"3.300","header":"Away"},{"opp":"+2.5, +3.0","odds":"1.230","header":"Home"},{"opp":"-2.5, -3.0","odds":"4.000","header":"Away"},{"opp":"+3.0","odds":"1.140","header":"Home"},{"opp":"-3.0","odds":"5.750","header":"Away"},{"opp":"+3.0, +3.5","odds":"1.125","header":"Home"},{"opp":"-3.0, -3.5","odds":"6.000","header":"Away"}],"alternative_goal_line":[{"goals":"1.0, 1.5","odds":"1.160","header":"Over"},{"goals":"1.0, 1.5","odds":"5.250","header":"Under"},{"goals":"1.5","odds":"1.260","header":"Over"},{"goals":"1.5","odds":"3.700","header":"Under"},{"goals":"1.5, 2.0","odds":"1.325","header":"Over"},{"goals":"1.5, 2.0","odds":"3.300","header":"Under"},{"goals":"2.0","odds":"1.400","header":"Over"},{"goals":"2.0","odds":"2.850","header":"Under"},{"goals":"2.0, 2.5","odds":"1.600","header":"Over"},{"goals":"2.0, 2.5","odds":"2.300","header":"Under"},{"goals":"2.5, 3.0","odds":"2.050","header":"Over"},{"goals":"2.5, 3.0","odds":"1.750","header":"Under"},{"goals":"3.0","odds":"2.375","header":"Over"},{"goals":"3.0","odds":"1.550","header":"Under"},{"goals":"3.0, 3.5","odds":"2.675","header":"Over"},{"goals":"3.0, 3.5","odds":"1.450","header":"Under"},{"goals":"3.5","odds":"3.000","header":"Over"},{"goals":"3.5","odds":"1.375","header":"Under"},{"goals":"3.5, 4.0","odds":"3.550","header":"Over"},{"goals":"3.5, 4.0","odds":"1.275","header":"Under"},{"goals":"4.0","odds":"5.000","header":"Over"},{"goals":"4.0","odds":"1.170","header":"Under"},{"goals":"4.0, 4.5","odds":"5.500","header":"Over"},{"goals":"4.0, 4.5","odds":"1.150","header":"Under"},{"goals":"4.5","odds":"5.750","header":"Over"},{"goals":"4.5","odds":"1.140","header":"Under"}],"draw_no_bet":[{"opp":"FK Ventspils","odds":"6.50"},{"opp":"Bordeaux","odds":"1.10"}],"result_both_teams_to_score":[{"name":"FK Ventspils","odds":"19.00","header":"Yes"},{"name":"FK Ventspils","odds":"15.00","header":"No"},{"name":"Bordeaux","odds":"3.75","header":"Yes"},{"name":"Bordeaux","odds":"1.91","header":"No"},{"name":"Draw","odds":"7.50","header":"Yes"},{"name":"Draw","odds":"10.00","header":"No"}],"handicap_result":[{"opp":"FK Ventspils (+1)","odds":"3.25"},{"opp":"Tie - (Bordeaux -1)","odds":"3.75"},{"opp":"Bordeaux (-1)","odds":"1.83"}],"alternative_handicap_result":[{"opp":"-2.0","odds":"23.00","header":"Home"},{"opp":"+2.0","odds":"21.00","header":"Tie"},{"opp":"+2.0","odds":"1.02","header":"Away"},{"opp":"-1.0","odds":"19.00","header":"Home"},{"opp":"+1.0","odds":"12.00","header":"Tie"},{"opp":"+1.0","odds":"1.04","header":"Away"},{"opp":"+2.0","odds":"1.80","header":"Home"},{"opp":"-2.0","odds":"4.00","header":"Tie"},{"opp":"-2.0","odds":"3.20","header":"Away"},{"opp":"+3.0","odds":"1.30","header":"Home"},{"opp":"-3.0","odds":"5.50","header":"Tie"},{"opp":"-3.0","odds":"6.00","header":"Away"}],"winning_margin":[{"goals":" 1","odds":"12.00","header":"Home"},{"goals":" 1","odds":"3.75","header":"Away"},{"goals":" 2","odds":"21.00","header":"Home"},{"goals":" 2","odds":"4.00","header":"Away"},{"goals":" 3","odds":"101.00","header":"Home"},{"goals":" 3","odds":"5.50","header":"Away"},{"goals":" 4+","odds":"251.00","header":"Home"},{"goals":" 4+","odds":"6.00","header":"Away"},{"goals":"Score Draw","odds":"7.50","header":"Home"},{"goals":"No Goal","odds":"10.00","header":"Home"}]}},"schedule":{"updated_at":"1532570513","sp":{"main":[{"odds":"1.825"},{"odds":"1.975"}]}},"specials":{"updated_at":"1532570417","sp":{"specials":[{"name":"To Win From Behind","odds":"29.00","header":"Home"},{"name":"To Win From Behind","odds":"8.00","header":"Away"},{"name":"To Win to Nil","odds":"15.00","header":"Home"},{"name":"To Win to Nil","odds":"1.91","header":"Away"},{"name":"To Win Either Half","odds":"4.50","header":"Home"},{"name":"To Win Either Half","odds":"1.18","header":"Away"},{"name":"To Win Both Halves","odds":"67.00","header":"Home"},{"name":"To Win Both Halves","odds":"2.75","header":"Away"},{"name":"To Score in Both Halves","odds":"15.00","header":"Home"},{"name":"To Score in Both Halves","odds":"2.10","header":"Away"}],"to_score_in_half":[{"name":"1st Half","odds":"4.00","header":"Yes"},{"name":"1st Half","odds":"1.22","header":"No"},{"name":"2nd Half","odds":"3.40","header":"Yes"},{"name":"2nd Half","odds":"1.30","header":"No"},{"name":"1st Half","odds":"1.53","header":"Yes"},{"name":"1st Half","odds":"2.38","header":"No"},{"name":"2nd Half","odds":"1.36","header":"Yes"},{"name":"2nd Half","odds":"3.00","header":"No"}]}}}]}}