{"odd":{"success":1,"results":[{"FI":"75228391","event_id":"829978","goals":{"updated_at":"1532570587","sp":{"goals_over_under":[{"goals":"2.5","odds":"1.65","header":"Over"},{"goals":"2.5","odds":"2.20","header":"Under"}],"first_team_to_score":[{"opp":"Njardvik","odds":"1.95"},{"opp":"No Goals","odds":"13.00"},{"opp":"Leiknir Reykjavik","odds":"1.91"}],"home_team_highest_scoring_half":[{"opp":"Njardvik - 1st Half","odds":"3.50"},{"opp":"Njardvik - 2nd Half","odds":"2.40"},{"opp":"Njardvik - Tie","odds":"2.40"}],"away_team_highest_scoring_half":[{"opp":"Leiknir Reykjavik - 1st Half","odds":"3.40"},{"opp":"Leiknir Reykjavik - 2nd Half","odds":"2.30"},{"opp":"Leiknir Reykjavik - Tie","odds":"2.60"}],"goals_odd_even":[{"opp":"Even","odds":"1.90"},{"opp":"Odd","odds":"1.95"}],"home_team_odd_even_goals":[{"opp":"Njardvik - Even","odds":"1.73"},{"opp":"Njardvik - Odd","odds":"2.00"}],"away_team_odd_even_goals":[{"opp":"Leiknir Reykjavik - Even","odds":"1.80"},{"opp":"Leiknir Reykjavik - Odd","odds":"1.91"}],"1st_half_goals_odd_even":[{"opp":"Odd","odds":"2.10"},{"opp":"Even","odds":"1.73"}]}},"half":{"updated_at":"1532570611","sp":{"half_time_result":[{"opp":"1","odds":"3.20"},{"opp":"X","odds":"2.30"},{"opp":"2","odds":"2.75"}],"half_time_double_chance":[{"opp":"1X","odds":"1.40"},{"opp":"X2","odds":"1.36"},{"opp":"12","odds":"1.57"}],"half_time_correct_score":[{"opp":"1-0","odds":"5.00","header":"Home"},{"opp":"0-0","odds":"3.25","header":"X"},{"opp":"1-0","odds":"4.75","header":"Away"},{"opp":"2-0","odds":"13.00","header":"Home"},{"opp":"1-1","odds":"8.50","header":"X"},{"opp":"2-0","odds":"11.00","header":"Away"},{"opp":"2-1","odds":"23.00","header":"Home"},{"opp":"2-2","odds":"51.00","header":"X"},{"opp":"2-1","odds":"23.00","header":"Away"},{"opp":"3-0","odds":"41.00","header":"Home"},{"opp":"3-0","odds":"34.00","header":"Away"},{"opp":"3-1","odds":"51.00","header":"Home"},{"opp":"3-1","odds":"51.00","header":"Away"},{"opp":"4-0","odds":"67.00","header":"Away"}],"1st_half_goals_odd_even":[{"opp":"Odd","odds":"2.10"},{"opp":"Even","odds":"1.73"}],"home_team_highest_scoring_half":[{"opp":"Njardvik - 1st Half","odds":"3.50"},{"opp":"Njardvik - 2nd Half","odds":"2.40"},{"opp":"Njardvik - Tie","odds":"2.40"}],"away_team_highest_scoring_half":[{"opp":"Leiknir Reykjavik - 1st Half","odds":"3.40"},{"opp":"Leiknir Reykjavik - 2nd Half","odds":"2.30"},{"opp":"Leiknir Reykjavik - Tie","odds":"2.60"}],"2nd_half_goals_odd_even":[{"opp":"Even","odds":"1.80"},{"opp":"Odd","odds":"1.91"}]}},"main":{"updated_at":"1532570459","sp":{"full_time_result":[{"opp":"1","odds":"2.70"},{"opp":"X","odds":"3.60"},{"opp":"2","odds":"2.15"}],"double_chance":[{"opp":"1X","odds":"1.67"},{"opp":"X2","odds":"1.44"},{"opp":"12","odds":"1.29"}],"correct_score":[{"opp":"1-0","odds":"12.00","header":"Home"},{"opp":"0-0","odds":"13.00","header":"X"},{"opp":"1-0","odds":"10.00","header":"Away"},{"opp":"2-0","odds":"15.00","header":"Home"},{"opp":"1-1","odds":"7.50","header":"X"},{"opp":"2-0","odds":"12.00","header":"Away"},{"opp":"2-1","odds":"12.00","header":"Home"},{"opp":"2-2","odds":"13.00","header":"X"},{"opp":"2-1","odds":"10.00","header":"Away"},{"opp":"3-0","odds":"26.00","header":"Home"},{"opp":"3-3","odds":"41.00","header":"X"},{"opp":"3-0","odds":"21.00","header":"Away"},{"opp":"3-1","odds":"21.00","header":"Home"},{"opp":"3-1","odds":"17.00","header":"Away"},{"opp":"3-2","odds":"29.00","header":"Home"},{"opp":"3-2","odds":"26.00","header":"Away"},{"opp":"4-0","odds":"41.00","header":"Home"},{"opp":"4-0","odds":"34.00","header":"Away"},{"opp":"4-1","odds":"41.00","header":"Home"},{"opp":"4-1","odds":"34.00","header":"Away"},{"opp":"4-2","odds":"51.00","header":"Home"},{"opp":"4-2","odds":"41.00","header":"Away"},{"opp":"5-0","odds":"81.00","header":"Home"},{"opp":"5-0","odds":"51.00","header":"Away"},{"opp":"5-1","odds":"81.00","header":"Home"},{"opp":"5-1","odds":"51.00","header":"Away"},{"opp":"4-3","odds":"81.00","header":"Home"},{"opp":"5-2","odds":"81.00","header":"Away"},{"opp":"4-3","odds":"67.00","header":"Away"}],"half_time_full_time":[{"opp":"Njardvik - Njardvik","odds":"4.50"},{"opp":"Njardvik - Draw","odds":"15.00"},{"opp":"Njardvik - Leiknir Reykjavik","odds":"21.00"},{"opp":"Draw - Njardvik","odds":"7.00"},{"opp":"Draw - Draw","odds":"6.50"},{"opp":"Draw - Leiknir Reykjavik","odds":"6.00"},{"opp":"Leiknir Reykjavik - Njardvik","odds":"23.00"},{"opp":"Leiknir Reykjavik - Draw","odds":"15.00"},{"opp":"Leiknir Reykjavik - Leiknir Reykjavik","odds":"3.60"}],"goals_over_under":[{"goals":"2.5","odds":"1.65","header":"Over"},{"goals":"2.5","odds":"2.20","header":"Under"}],"draw_no_bet":[{"opp":"Njardvik","odds":"2.10"},{"opp":"Leiknir Reykjavik","odds":"1.67"}]}},"schedule":{"updated_at":"1532570570","sp":{"main":[{"odds":"2.70"},{"odds":"3.60"},{"odds":"2.15"}]}}}]}}