{"odd":{"success":1,"results":[{"FI":"75393441","event_id":"847107","goals":{"updated_at":"1532569870","sp":{"goals_over_under":[{"goals":"2.5","odds":"1.40","header":"Over"},{"goals":"2.5","odds":"2.85","header":"Under"}],"first_team_to_score":[{"opp":"CLE","odds":"1.73"},{"opp":"No Goals","odds":"23.00"},{"opp":"FC Kuusysi","odds":"2.00"}],"home_team_highest_scoring_half":[{"opp":"CLE - 1st Half","odds":"3.25"},{"opp":"CLE - 2nd Half","odds":"2.25"},{"opp":"CLE - Tie","odds":"2.75"}],"away_team_highest_scoring_half":[{"opp":"FC Kuusysi - 1st Half","odds":"3.25"},{"opp":"FC Kuusysi - 2nd Half","odds":"2.30"},{"opp":"FC Kuusysi - Tie","odds":"2.75"}],"goals_odd_even":[{"opp":"Even","odds":"1.90"},{"opp":"Odd","odds":"1.95"}],"home_team_odd_even_goals":[{"opp":"CLE - Even","odds":"1.80"},{"opp":"CLE - Odd","odds":"1.91"}],"away_team_odd_even_goals":[{"opp":"FC Kuusysi - Even","odds":"1.80"},{"opp":"FC Kuusysi - Odd","odds":"1.91"}],"1st_half_goals_odd_even":[{"opp":"Odd","odds":"2.00"},{"opp":"Even","odds":"1.80"}]}},"half":{"updated_at":"1532570108","sp":{"half_time_result":[{"opp":"1","odds":"2.62"},{"opp":"X","odds":"2.60"},{"opp":"2","odds":"2.88"}],"half_time_double_chance":[{"opp":"1X","odds":"1.40"},{"opp":"X2","odds":"1.44"},{"opp":"12","odds":"1.50"}],"half_time_correct_score":[{"opp":"1-0","odds":"5.00","header":"Home"},{"opp":"0-0","odds":"3.75","header":"X"},{"opp":"1-0","odds":"5.50","header":"Away"},{"opp":"2-0","odds":"11.00","header":"Home"},{"opp":"1-1","odds":"8.00","header":"X"},{"opp":"2-0","odds":"12.00","header":"Away"},{"opp":"2-1","odds":"19.00","header":"Home"},{"opp":"2-2","odds":"41.00","header":"X"},{"opp":"2-1","odds":"19.00","header":"Away"},{"opp":"3-0","odds":"29.00","header":"Home"},{"opp":"3-0","odds":"34.00","header":"Away"},{"opp":"3-1","odds":"41.00","header":"Home"},{"opp":"3-1","odds":"41.00","header":"Away"},{"opp":"3-2","odds":"81.00","header":"Home"},{"opp":"4-0","odds":"67.00","header":"Away"},{"opp":"4-0","odds":"67.00","header":"Home"}],"1st_half_goals_odd_even":[{"opp":"Odd","odds":"2.00"},{"opp":"Even","odds":"1.80"}],"home_team_highest_scoring_half":[{"opp":"CLE - 1st Half","odds":"3.25"},{"opp":"CLE - 2nd Half","odds":"2.25"},{"opp":"CLE - Tie","odds":"2.75"}],"away_team_highest_scoring_half":[{"opp":"FC Kuusysi - 1st Half","odds":"3.25"},{"opp":"FC Kuusysi - 2nd Half","odds":"2.30"},{"opp":"FC Kuusysi - Tie","odds":"2.75"}],"2nd_half_goals_odd_even":[{"opp":"Even","odds":"1.83"},{"opp":"Odd","odds":"1.83"}]}},"main":{"updated_at":"1532569853","sp":{"full_time_result":[{"opp":"1","odds":"2.20"},{"opp":"X","odds":"4.20"},{"opp":"2","odds":"2.38"}],"double_chance":[{"opp":"1X","odds":"1.53"},{"opp":"X2","odds":"1.62"},{"opp":"12","odds":"1.22"}],"correct_score":[{"opp":"1-0","odds":"15.00","header":"Home"},{"opp":"0-0","odds":"23.00","header":"X"},{"opp":"1-0","odds":"15.00","header":"Away"},{"opp":"2-0","odds":"15.00","header":"Home"},{"opp":"1-1","odds":"9.50","header":"X"},{"opp":"2-0","odds":"17.00","header":"Away"},{"opp":"2-1","odds":"11.00","header":"Home"},{"opp":"2-2","odds":"13.00","header":"X"},{"opp":"2-1","odds":"11.00","header":"Away"},{"opp":"3-0","odds":"23.00","header":"Home"},{"opp":"3-3","odds":"34.00","header":"X"},{"opp":"3-0","odds":"26.00","header":"Away"},{"opp":"3-1","odds":"17.00","header":"Home"},{"opp":"4-4","odds":"81.00","header":"X"},{"opp":"3-1","odds":"19.00","header":"Away"},{"opp":"3-2","odds":"21.00","header":"Home"},{"opp":"3-2","odds":"21.00","header":"Away"},{"opp":"4-0","odds":"41.00","header":"Home"},{"opp":"4-0","odds":"41.00","header":"Away"},{"opp":"4-1","odds":"29.00","header":"Home"},{"opp":"4-1","odds":"34.00","header":"Away"},{"opp":"4-2","odds":"34.00","header":"Home"},{"opp":"4-2","odds":"41.00","header":"Away"},{"opp":"5-0","odds":"51.00","header":"Home"},{"opp":"5-0","odds":"67.00","header":"Away"},{"opp":"5-1","odds":"51.00","header":"Home"},{"opp":"5-1","odds":"51.00","header":"Away"},{"opp":"4-3","odds":"51.00","header":"Home"},{"opp":"5-2","odds":"67.00","header":"Away"},{"opp":"5-2","odds":"51.00","header":"Home"},{"opp":"4-3","odds":"51.00","header":"Away"}],"half_time_full_time":[{"opp":"CLE - CLE","odds":"3.60"},{"opp":"CLE - Draw","odds":"15.00"},{"opp":"CLE - FC Kuusysi","odds":"19.00"},{"opp":"Draw - CLE","odds":"6.50"},{"opp":"Draw - Draw","odds":"8.00"},{"opp":"Draw - FC Kuusysi","odds":"7.00"},{"opp":"FC Kuusysi - CLE","odds":"19.00"},{"opp":"FC Kuusysi - Draw","odds":"15.00"},{"opp":"FC Kuusysi - FC Kuusysi","odds":"4.00"}],"goals_over_under":[{"goals":"2.5","odds":"1.40","header":"Over"},{"goals":"2.5","odds":"2.85","header":"Under"}],"draw_no_bet":[{"opp":"CLE","odds":"1.80"},{"opp":"FC Kuusysi","odds":"1.91"}]}},"schedule":{"updated_at":"1532569735","sp":{"main":[{"odds":"2.20"},{"odds":"4.20"},{"odds":"2.38"}]}}}]}}