{"odd":{"success":1,"results":[{"FI":"75316168","event_id":"759330","asian_lines":{"updated_at":"1532570349","sp":{"asian_handicap":[{"opp":"+0.5","odds":"1.875","header":"Home"},{"opp":"-0.5","odds":"1.975","header":"Away"}],"goal_line":[{"goals":"2.5","odds":"1.900","header":"Over"},{"goals":"2.5","odds":"1.900","header":"Under"}],"alternative_asian_handicap":[{"opp":"-1.0","odds":"6.800","header":"Home"},{"opp":"+1.0","odds":"1.105","header":"Away"},{"opp":"-0.5, -1.0","odds":"4.500","header":"Home"},{"opp":"+0.5, +1.0","odds":"1.190","header":"Away"},{"opp":"-0.5","odds":"3.550","header":"Home"},{"opp":"+0.5","odds":"1.275","header":"Away"},{"opp":"0.0, -0.5","odds":"3.100","header":"Home"},{"opp":"0.0, +0.5","odds":"1.350","header":"Away"},{"opp":"0.0","odds":"2.675","header":"Home"},{"opp":"0.0","odds":"1.450","header":"Away"},{"opp":"0.0, +0.5","odds":"2.100","header":"Home"},{"opp":"0.0, -0.5","odds":"1.700","header":"Away"},{"opp":"+0.5, +1.0","odds":"1.650","header":"Home"},{"opp":"-0.5, -1.0","odds":"2.200","header":"Away"},{"opp":"+1.0","odds":"1.450","header":"Home"},{"opp":"-1.0","odds":"2.675","header":"Away"},{"opp":"+1.0, +1.5","odds":"1.350","header":"Home"},{"opp":"-1.0, -1.5","odds":"3.100","header":"Away"},{"opp":"+1.5","odds":"1.300","header":"Home"},{"opp":"-1.5","odds":"3.450","header":"Away"},{"opp":"+1.5, +2.0","odds":"1.210","header":"Home"},{"opp":"-1.5, -2.0","odds":"4.250","header":"Away"},{"opp":"+2.0","odds":"1.115","header":"Home"},{"opp":"-2.0","odds":"6.400","header":"Away"},{"opp":"+2.0, +2.5","odds":"1.105","header":"Home"},{"opp":"-2.0, -2.5","odds":"6.800","header":"Away"}],"alternative_goal_line":[{"goals":"1.0, 1.5","odds":"1.180","header":"Over"},{"goals":"1.0, 1.5","odds":"4.650","header":"Under"},{"goals":"1.5","odds":"1.275","header":"Over"},{"goals":"1.5","odds":"3.550","header":"Under"},{"goals":"1.5, 2.0","odds":"1.350","header":"Over"},{"goals":"1.5, 2.0","odds":"3.100","header":"Under"},{"goals":"2.0","odds":"1.450","header":"Over"},{"goals":"2.0","odds":"2.675","header":"Under"},{"goals":"2.0, 2.5","odds":"1.675","header":"Over"},{"goals":"2.0, 2.5","odds":"2.150","header":"Under"},{"goals":"2.5, 3.0","odds":"2.100","header":"Over"},{"goals":"2.5, 3.0","odds":"1.700","header":"Under"},{"goals":"3.0","odds":"2.500","header":"Over"},{"goals":"3.0","odds":"1.500","header":"Under"},{"goals":"3.0, 3.5","odds":"2.850","header":"Over"},{"goals":"3.0, 3.5","odds":"1.400","header":"Under"},{"goals":"3.5","odds":"3.100","header":"Over"},{"goals":"3.5","odds":"1.350","header":"Under"},{"goals":"3.5, 4.0","odds":"3.800","header":"Over"},{"goals":"3.5, 4.0","odds":"1.250","header":"Under"},{"goals":"4.0","odds":"5.500","header":"Over"},{"goals":"4.0","odds":"1.150","header":"Under"},{"goals":"4.0, 4.5","odds":"5.750","header":"Over"},{"goals":"4.0, 4.5","odds":"1.140","header":"Under"},{"goals":"4.5","odds":"6.000","header":"Over"},{"goals":"4.5","odds":"1.125","header":"Under"}],"1st_half_asian_handicap":[{"opp":"0.0, +0.5","odds":"1.725","header":"Home"},{"opp":"0.0, -0.5","odds":"2.075","header":"Away"}],"1st_half_goal_line":[{"goals":"1.0","odds":"1.875","header":"Over"},{"goals":"1.0","odds":"1.925","header":"Under"}],"alternative_1st_half_asian_handicap":[{"opp":"-0.5, -1.0","odds":"5.750","header":"Home"},{"opp":"+0.5, +1.0","odds":"1.140","header":"Away"},{"opp":"-0.5","odds":"4.000","header":"Home"},{"opp":"+0.5","odds":"1.230","header":"Away"},{"opp":"0.0, -0.5","odds":"3.300","header":"Home"},{"opp":"0.0, +0.5","odds":"1.325","header":"Away"},{"opp":"0.0","odds":"2.375","header":"Home"},{"opp":"0.0","odds":"1.550","header":"Away"},{"opp":"+0.5","odds":"1.475","header":"Home"},{"opp":"-0.5","odds":"2.600","header":"Away"},{"opp":"+0.5, +1.0","odds":"1.300","header":"Home"},{"opp":"-0.5, -1.0","odds":"3.450","header":"Away"},{"opp":"+1.0","odds":"1.130","header":"Home"},{"opp":"-1.0","odds":"5.900","header":"Away"},{"opp":"+1.0, +1.5","odds":"1.110","header":"Home"},{"opp":"-1.0, -1.5","odds":"6.600","header":"Away"}],"alternative_1st_half_goal_line":[{"goals":"0.5, 1.0","odds":"1.550","header":"Over"},{"goals":"0.5, 1.0","odds":"2.375","header":"Under"},{"goals":"1.0, 1.5","odds":"2.350","header":"Over"},{"goals":"1.0, 1.5","odds":"1.575","header":"Under"},{"goals":"1.5","odds":"2.750","header":"Over"},{"goals":"1.5","odds":"1.425","header":"Under"},{"goals":"1.5, 2.0","odds":"3.550","header":"Over"},{"goals":"1.5, 2.0","odds":"1.275","header":"Under"},{"goals":"2.0","odds":"5.900","header":"Over"},{"goals":"2.0","odds":"1.130","header":"Under"},{"goals":"2.0, 2.5","odds":"6.600","header":"Over"},{"goals":"2.0, 2.5","odds":"1.110","header":"Under"}],"asian_total_corners":[{"goals":"9.5","odds":"2.000","header":"Over"},{"goals":"9.5","odds":"1.800","header":"Under"}],"1st_half_asian_corners":[{"goals":"4.5","odds":"2.000","header":"Over"},{"goals":"4.5","odds":"1.800","header":"Under"}]}},"corners":{"updated_at":"1532570372","sp":{"corners":[{"opp":"Over 9","odds":"1.91"},{"opp":"Exactly 9","odds":"7.00"},{"opp":"Under 9","odds":"2.30"}],"total_corners":[{"opp":"Under 6","odds":"9.00"},{"opp":"6 - 8","odds":"2.88"},{"opp":"9 - 11","odds":"2.50"},{"opp":"12 - 14","odds":"4.75"},{"opp":"Over 14","odds":"13.00"}],"alternative_corners":[{"goals":"3","odds":"1.01","header":"Over"},{"goals":"3","odds":"29.00","header":"Exactly"},{"goals":"3","odds":"41.00","header":"Under"},{"goals":"4","odds":"1.02","header":"Over"},{"goals":"4","odds":"19.00","header":"Exactly"},{"goals":"4","odds":"26.00","header":"Under"},{"goals":"5","odds":"1.06","header":"Over"},{"goals":"5","odds":"15.00","header":"Exactly"},{"goals":"5","odds":"15.00","header":"Under"},{"goals":"6","odds":"1.17","header":"Over"},{"goals":"6","odds":"10.00","header":"Exactly"},{"goals":"6","odds":"8.50","header":"Under"},{"goals":"7","odds":"1.33","header":"Over"},{"goals":"7","odds":"8.00","header":"Exactly"},{"goals":"7","odds":"5.00","header":"Under"},{"goals":"8","odds":"1.57","header":"Over"},{"goals":"8","odds":"7.00","header":"Exactly"},{"goals":"8","odds":"3.25","header":"Under"},{"goals":"10","odds":"2.62","header":"Over"},{"goals":"10","odds":"7.50","header":"Exactly"},{"goals":"10","odds":"1.80","header":"Under"},{"goals":"11","odds":"3.60","header":"Over"},{"goals":"11","odds":"8.50","header":"Exactly"},{"goals":"11","odds":"1.44","header":"Under"},{"goals":"12","odds":"5.50","header":"Over"},{"goals":"12","odds":"10.00","header":"Exactly"},{"goals":"12","odds":"1.25","header":"Under"},{"goals":"13","odds":"8.00","header":"Over"},{"goals":"13","odds":"12.00","header":"Exactly"},{"goals":"13","odds":"1.14","header":"Under"},{"goals":"14","odds":"13.00","header":"Over"},{"goals":"14","odds":"17.00","header":"Exactly"},{"goals":"14","odds":"1.06","header":"Under"},{"goals":"15","odds":"17.00","header":"Over"},{"goals":"15","odds":"21.00","header":"Exactly"},{"goals":"15","odds":"1.04","header":"Under"},{"goals":"16","odds":"23.00","header":"Over"},{"goals":"16","odds":"26.00","header":"Exactly"},{"goals":"16","odds":"1.02","header":"Under"},{"goals":"17","odds":"34.00","header":"Over"},{"goals":"17","odds":"34.00","header":"Exactly"},{"goals":"17","odds":"1.01","header":"Under"}],"corners_2_way":[{"opp":"Over 9.5","odds":"1.91"},{"opp":"Under 9.5","odds":"1.80"}],"first_half_corners":[{"opp":"4","odds":"2.00","header":"Over"},{"opp":"4","odds":"4.75","header":"Exactly"},{"opp":"4","odds":"2.75","header":"Under"}],"asian_total_corners":[{"goals":"9.5","odds":"2.000","header":"Over"},{"goals":"9.5","odds":"1.800","header":"Under"}],"1st_half_asian_corners":[{"goals":"4.5","odds":"2.000","header":"Over"},{"goals":"4.5","odds":"1.800","header":"Under"}]}},"goals":{"updated_at":"1532570400","sp":{"goals_over_under":[{"goals":"2.5","odds":"1.90","header":"Over"},{"goals":"2.5","odds":"1.90","header":"Under"}],"alternative_total_goals":[{"goals":"0.5","odds":"1.02","header":"Over "},{"goals":"0.5","odds":"11.00","header":"Under"},{"goals":"1.5","odds":"1.29","header":"Over "},{"goals":"1.5","odds":"3.50","header":"Under"},{"goals":"3.5","odds":"3.25","header":"Over "},{"goals":"3.5","odds":"1.33","header":"Under"},{"goals":"4.5","odds":"6.00","header":"Over "},{"goals":"4.5","odds":"1.11","header":"Under"},{"goals":"5.5","odds":"9.00","header":"Over "},{"goals":"5.5","odds":"1.04","header":"Under"},{"goals":"6.5","odds":"15.00","header":"Over "},{"goals":"6.5","odds":"1.01","header":"Under"}],"result_total_goals":[{"opp":"Atletico Madrid & Over 2.5","odds":"6.00"},{"opp":"Atletico Madrid & Under 2.5","odds":"7.50"},{"opp":"Draw & Over 2.5","odds":"13.00"},{"opp":"Draw & Under  2.5","odds":"4.50"},{"opp":"Arsenal & Over 2.5","odds":"3.00"},{"opp":"Arsenal & Under 2.5","odds":"4.50"}],"total_goals_both_teams_to_score":[{"opp":"Over 2.5 & Yes","odds":"2.25"},{"opp":"Over 2.5 & No","odds":"8.50"},{"opp":"Under 2.5 & Yes","odds":"7.00"},{"opp":"Under 2.5 & No","odds":"2.38"}],"exact_total_goals":[{"opp":"0 Goals","odds":"11.00"},{"opp":"1 Goal","odds":"5.00"},{"opp":"2 Goals","odds":"3.60"},{"opp":"3 Goals","odds":"4.00"},{"opp":"4 Goals","odds":"6.00"},{"opp":"5 Goals","odds":"11.00"},{"opp":"6 Goals","odds":"21.00"},{"opp":"7+ Goals","odds":"15.00"}],"number_of_goals_in_match":[{"opp":"Under 2 goals","odds":"3.50"},{"opp":"2 or 3 goals","odds":"2.00"},{"opp":"Over 3 goals","odds":"3.25"}],"both_teams_to_score":[{"opp":"Yes","odds":"1.80"},{"opp":"No","odds":"1.91"}],"teams_to_score":[{"opp":"Both Teams","odds":"1.80"},{"opp":"Atletico Madrid Only","odds":"6.50"},{"opp":"No Goal","odds":"11.00"},{"opp":"Arsenal Only","odds":"3.20"}],"both_teams_to_score_in_1st_half":[{"opp":"Yes","odds":"4.50"},{"opp":"No","odds":"1.17"}],"both_teams_to_score_in_2nd_half":[{"opp":"Yes","odds":"3.40"},{"opp":"No","odds":"1.30"}],"both_teams_to_score_1st_half_2nd_half":[{"opp":"Yes \/ Yes","odds":"17.00"},{"opp":"Yes \/ No","odds":"6.00"},{"opp":"No \/ Yes","odds":"3.75"},{"opp":"No \/ No","odds":"1.57"}],"first_half_goals":[{"goals":"0.5","odds":"1.40","header":"Over"},{"goals":"0.5","odds":"2.75","header":"Under"},{"goals":"1.5","odds":"2.75","header":"Over"},{"goals":"1.5","odds":"1.40","header":"Under"},{"goals":"2.5","odds":"7.00","header":"Over"},{"goals":"2.5","odds":"1.10","header":"Under"},{"goals":"3.5","odds":"21.00","header":"Over"},{"goals":"3.5","odds":"1.02","header":"Under"}],"exact_1st_half_goals":[{"opp":"0 Goals","odds":"2.75"},{"opp":"1 Goal","odds":"2.50"},{"opp":"2 Goals","odds":"4.00"},{"opp":"3 Goals","odds":"10.00"},{"opp":"4 Goals","odds":"29.00"},{"opp":"5+ Goals","odds":"51.00"}],"total_goal_minutes":[{"opp":"Over 140 minutes","odds":"2.10"},{"opp":"120 To 140 minutes inc.","odds":"8.50"},{"opp":"Under 120 minutes","odds":"1.91"}],"first_team_to_score":[{"opp":"Atletico Madrid","odds":"2.50"},{"opp":"No Goals","odds":"11.00"},{"opp":"Arsenal","odds":"1.57"}],"early_goal":[{"opp":"Goal before 29:00","odds":"1.83"},{"opp":"No Goal before 29:00","odds":"1.83"}],"late_goal":[{"opp":"Goal after 71:59","odds":"1.83"},{"opp":"No Goal after 71:59","odds":"1.83"}],"time_of_first_goal_brackets":[{"opp":"1-10","odds":"4.33"},{"opp":"11-20","odds":"5.00"},{"opp":"21-30","odds":"6.00"},{"opp":"31-40","odds":"7.00"},{"opp":"41-50","odds":"8.00"},{"opp":"51-60","odds":"13.00"},{"opp":"61-70","odds":"17.00"},{"opp":"71-80","odds":"19.00"},{"opp":"81 - Full Time","odds":"21.00"},{"opp":"No Goal","odds":"11.00"}],"2nd_half_goals":[{"goals":"0.5","odds":"1.22","header":"Over"},{"goals":"0.5","odds":"4.00","header":"Under"},{"goals":"1.5","odds":"2.00","header":"Over"},{"goals":"1.5","odds":"1.73","header":"Under"},{"goals":"2.5","odds":"4.33","header":"Over"},{"goals":"2.5","odds":"1.20","header":"Under"},{"goals":"3.5","odds":"11.00","header":"Over"},{"goals":"3.5","odds":"1.05","header":"Under"},{"goals":"4.5","odds":"26.00","header":"Over"},{"goals":"4.5","odds":"1.01","header":"Under"}],"exact_2nd_half_goals":[{"opp":"0 Goals","odds":"4.00"},{"opp":"1 Goal","odds":"2.75"},{"opp":"2 Goals","odds":"3.60"},{"opp":"3 Goals","odds":"6.50"},{"opp":"4 Goals","odds":"17.00"},{"opp":"5+ Goals","odds":"26.00"}],"half_with_most_goals":[{"opp":"1st Half","odds":"3.10"},{"opp":"2nd Half","odds":"2.05"},{"opp":"Tie","odds":"3.60"}],"home_team_highest_scoring_half":[{"opp":"Atletico Madrid - 1st Half","odds":"3.75"},{"opp":"Atletico Madrid - 2nd Half","odds":"2.75"},{"opp":"Atletico Madrid - Tie","odds":"2.05"}],"away_team_highest_scoring_half":[{"opp":"Arsenal - 1st Half","odds":"3.40"},{"opp":"Arsenal - 2nd Half","odds":"2.38"},{"opp":"Arsenal - Tie","odds":"2.60"}],"home_team_exact_goals":[{"opp":"Atletico Madrid - 0 Goals","odds":"2.62"},{"opp":"Atletico Madrid - 1 Goal","odds":"2.50"},{"opp":"Atletico Madrid - 2 Goals","odds":"4.50"},{"opp":"Atletico Madrid - 3+ Goals","odds":"7.50"}],"away_team_exact_goals":[{"opp":"Arsenal - 0 Goals","odds":"4.33"},{"opp":"Arsenal - 1 Goal","odds":"2.88"},{"opp":"Arsenal - 2 Goals","odds":"3.50"},{"opp":"Arsenal - 3+ Goals","odds":"4.00"}],"time_of_1st_team_goal":[{"opp":"Atletico Madrid - Goal before 67:00","odds":"1.83"},{"opp":"Atletico Madrid - No Goal before 67:00","odds":"1.83"},{"opp":"Arsenal - Goal before 46:00","odds":"1.83"},{"opp":"Arsenal - No Goal before 46:00","odds":"1.83"}],"goals_odd_even":[{"opp":"Even","odds":"1.90"},{"opp":"Odd","odds":"1.95"}],"home_team_odd_even_goals":[{"opp":"Atletico Madrid - Even","odds":"1.67"},{"opp":"Atletico Madrid - Odd","odds":"2.10"}],"away_team_odd_even_goals":[{"opp":"Arsenal - Even","odds":"1.80"},{"opp":"Arsenal - Odd","odds":"1.91"}],"1st_half_goals_odd_even":[{"opp":"Odd","odds":"2.10"},{"opp":"Even","odds":"1.73"}],"last_team_to_score":[{"opp":"Atletico Madrid","odds":"2.50"},{"opp":"No Goal","odds":"11.00"},{"opp":"Arsenal","odds":"1.57"}],"first_10_minutes_(00:00_09:59)":[{"name":"Goals","handicap":"0.5","odds":"4.33","header":"Over"},{"name":"Goals","handicap":"0.5","odds":"1.20","header":"Under"}]}},"half":{"updated_at":"1532570408","sp":{"half_time_result":[{"opp":"1","odds":"4.00"},{"opp":"X","odds":"2.20"},{"opp":"2","odds":"2.50"}],"half_time_double_chance":[{"opp":"1X","odds":"1.50"},{"opp":"X2","odds":"1.22"},{"opp":"12","odds":"1.62"}],"half_time_result_both_teams_to_score":[{"opp":"Atletico Madrid & Yes","odds":"23.00"},{"opp":"Atletico Madrid & No","odds":"4.75"},{"opp":"Draw & Yes","odds":"8.00"},{"opp":"Draw & No","odds":"2.88"},{"opp":"Arsenal & Yes","odds":"17.00"},{"opp":"Arsenal & No","odds":"2.88"}],"half_time_result_total_goals":[{"opp":"Atletico Madrid & Over 1.5","odds":"12.00"},{"opp":"Atletico Madrid & Under 1.5","odds":"5.50"},{"opp":"Draw & Over 1.5","odds":"8.00"},{"opp":"Draw & Under 1.5","odds":"2.75"},{"opp":"Arsenal & Over 1.5","odds":"6.00"},{"opp":"Arsenal & Under 1.5","odds":"4.00"}],"half_time_correct_score":[{"opp":"1-0","odds":"5.50","header":"Home"},{"opp":"0-0","odds":"2.75","header":"X"},{"opp":"1-0","odds":"4.00","header":"Away"},{"opp":"2-0","odds":"21.00","header":"Home"},{"opp":"1-1","odds":"8.00","header":"X"},{"opp":"2-0","odds":"10.00","header":"Away"},{"opp":"2-1","odds":"29.00","header":"Home"},{"opp":"2-2","odds":"51.00","header":"X"},{"opp":"2-1","odds":"21.00","header":"Away"},{"opp":"3-0","odds":"67.00","header":"Home"},{"opp":"3-0","odds":"34.00","header":"Away"},{"opp":"3-1","odds":"101.00","header":"Home"},{"opp":"3-1","odds":"51.00","header":"Away"},{"opp":"3-2","odds":"151.00","header":"Away"},{"opp":"4-0","odds":"101.00","header":"Away"}],"both_teams_to_score_in_1st_half":[{"opp":"Yes","odds":"4.50"},{"opp":"No","odds":"1.17"}],"both_teams_to_score_in_2nd_half":[{"opp":"Yes","odds":"3.40"},{"opp":"No","odds":"1.30"}],"both_teams_to_score_1st_half_2nd_half":[{"opp":"Yes \/ Yes","odds":"17.00"},{"opp":"Yes \/ No","odds":"6.00"},{"opp":"No \/ Yes","odds":"3.75"},{"opp":"No \/ No","odds":"1.57"}],"1st_half_asian_handicap":[{"opp":"0.0, +0.5","odds":"1.725","header":"Home"},{"opp":"0.0, -0.5","odds":"2.075","header":"Away"}],"1st_half_goal_line":[{"goals":"1.0","odds":"1.875","header":"Over"},{"goals":"1.0","odds":"1.925","header":"Under"}],"alternative_1st_half_asian_handicap":[{"opp":"-0.5, -1.0","odds":"5.750","header":"Home"},{"opp":"+0.5, +1.0","odds":"1.140","header":"Away"},{"opp":"-0.5","odds":"4.000","header":"Home"},{"opp":"+0.5","odds":"1.230","header":"Away"},{"opp":"0.0, -0.5","odds":"3.300","header":"Home"},{"opp":"0.0, +0.5","odds":"1.325","header":"Away"},{"opp":"0.0","odds":"2.375","header":"Home"},{"opp":"0.0","odds":"1.550","header":"Away"},{"opp":"+0.5","odds":"1.475","header":"Home"},{"opp":"-0.5","odds":"2.600","header":"Away"},{"opp":"+0.5, +1.0","odds":"1.300","header":"Home"},{"opp":"-0.5, -1.0","odds":"3.450","header":"Away"},{"opp":"+1.0","odds":"1.130","header":"Home"},{"opp":"-1.0","odds":"5.900","header":"Away"},{"opp":"+1.0, +1.5","odds":"1.110","header":"Home"},{"opp":"-1.0, -1.5","odds":"6.600","header":"Away"}],"alternative_1st_half_goal_line":[{"goals":"0.5, 1.0","odds":"1.550","header":"Over"},{"goals":"0.5, 1.0","odds":"2.375","header":"Under"},{"goals":"1.0, 1.5","odds":"2.350","header":"Over"},{"goals":"1.0, 1.5","odds":"1.575","header":"Under"},{"goals":"1.5","odds":"2.750","header":"Over"},{"goals":"1.5","odds":"1.425","header":"Under"},{"goals":"1.5, 2.0","odds":"3.550","header":"Over"},{"goals":"1.5, 2.0","odds":"1.275","header":"Under"},{"goals":"2.0","odds":"5.900","header":"Over"},{"goals":"2.0","odds":"1.130","header":"Under"},{"goals":"2.0, 2.5","odds":"6.600","header":"Over"},{"goals":"2.0, 2.5","odds":"1.110","header":"Under"}],"1st_half_handicap":[{"opp":"Atletico Madrid  +1.0","odds":"1.50"},{"opp":"Tie - Arsenal -1.0","odds":"3.40"},{"opp":"Arsenal  -1.0","odds":"7.00"}],"alternative_1st_half_handicap_result":[{"opp":"-1.0","odds":"15.00","header":"Home"},{"opp":"+1.0","odds":"4.75","header":"Tie"},{"opp":"+1.0","odds":"1.22","header":"Away"},{"opp":"+2.0","odds":"1.08","header":"Home"},{"opp":"-2.0","odds":"8.00","header":"Tie"},{"opp":"-2.0","odds":"19.00","header":"Away"}],"first_half_goals":[{"goals":"0.5","odds":"1.40","header":"Over"},{"goals":"0.5","odds":"2.75","header":"Under"},{"goals":"1.5","odds":"2.75","header":"Over"},{"goals":"1.5","odds":"1.40","header":"Under"},{"goals":"2.5","odds":"7.00","header":"Over"},{"goals":"2.5","odds":"1.10","header":"Under"},{"goals":"3.5","odds":"21.00","header":"Over"},{"goals":"3.5","odds":"1.02","header":"Under"}],"exact_1st_half_goals":[{"opp":"0 Goals","odds":"2.75"},{"opp":"1 Goal","odds":"2.50"},{"opp":"2 Goals","odds":"4.00"},{"opp":"3 Goals","odds":"10.00"},{"opp":"4 Goals","odds":"29.00"},{"opp":"5+ Goals","odds":"51.00"}],"first_half_corners":[{"opp":"4","odds":"2.00","header":"Over"},{"opp":"4","odds":"4.75","header":"Exactly"},{"opp":"4","odds":"2.75","header":"Under"}],"1st_half_asian_corners":[{"goals":"4.5","odds":"2.000","header":"Over"},{"goals":"4.5","odds":"1.800","header":"Under"}],"1st_half_goals_odd_even":[{"opp":"Odd","odds":"2.10"},{"opp":"Even","odds":"1.73"}],"to_score_in_half":[{"name":"1st Half","odds":"2.50","header":"Yes"},{"name":"1st Half","odds":"1.50","header":"No"},{"name":"2nd Half","odds":"2.00","header":"Yes"},{"name":"2nd Half","odds":"1.73","header":"No"},{"name":"1st Half","odds":"1.83","header":"Yes"},{"name":"1st Half","odds":"1.83","header":"No"},{"name":"2nd Half","odds":"1.57","header":"Yes"},{"name":"2nd Half","odds":"2.25","header":"No"}],"half_with_most_goals":[{"opp":"1st Half","odds":"3.10"},{"opp":"2nd Half","odds":"2.05"},{"opp":"Tie","odds":"3.60"}],"home_team_highest_scoring_half":[{"opp":"Atletico Madrid - 1st Half","odds":"3.75"},{"opp":"Atletico Madrid - 2nd Half","odds":"2.75"},{"opp":"Atletico Madrid - Tie","odds":"2.05"}],"away_team_highest_scoring_half":[{"opp":"Arsenal - 1st Half","odds":"3.40"},{"opp":"Arsenal - 2nd Half","odds":"2.38"},{"opp":"Arsenal - Tie","odds":"2.60"}],"2nd_half_result":[{"opp":"1","odds":"3.75"},{"opp":"X","odds":"2.50"},{"opp":"2","odds":"2.20"}],"2nd_half_goals":[{"goals":"0.5","odds":"1.22","header":"Over"},{"goals":"0.5","odds":"4.00","header":"Under"},{"goals":"1.5","odds":"2.00","header":"Over"},{"goals":"1.5","odds":"1.73","header":"Under"},{"goals":"2.5","odds":"4.33","header":"Over"},{"goals":"2.5","odds":"1.20","header":"Under"},{"goals":"3.5","odds":"11.00","header":"Over"},{"goals":"3.5","odds":"1.05","header":"Under"},{"goals":"4.5","odds":"26.00","header":"Over"},{"goals":"4.5","odds":"1.01","header":"Under"}],"exact_2nd_half_goals":[{"opp":"0 Goals","odds":"4.00"},{"opp":"1 Goal","odds":"2.75"},{"opp":"2 Goals","odds":"3.60"},{"opp":"3 Goals","odds":"6.50"},{"opp":"4 Goals","odds":"17.00"},{"opp":"5+ Goals","odds":"26.00"}],"2nd_half_goals_odd_even":[{"opp":"Even","odds":"1.80"},{"opp":"Odd","odds":"1.91"}]}},"main":{"updated_at":"1532570753","sp":{"full_time_result":[{"opp":"1","odds":"3.60"},{"opp":"X","odds":"3.60"},{"opp":"2","odds":"1.95"}],"double_chance":[{"opp":"1X","odds":"1.80"},{"opp":"X2","odds":"1.29"},{"opp":"12","odds":"1.29"}],"correct_score":[{"opp":"1-0","odds":"11.00","header":"Home"},{"opp":"0-0","odds":"11.00","header":"X"},{"opp":"1-0","odds":"7.50","header":"Away"},{"opp":"2-0","odds":"19.00","header":"Home"},{"opp":"1-1","odds":"7.00","header":"X"},{"opp":"2-0","odds":"9.00","header":"Away"},{"opp":"2-1","odds":"13.00","header":"Home"},{"opp":"2-2","odds":"15.00","header":"X"},{"opp":"2-1","odds":"9.00","header":"Away"},{"opp":"3-0","odds":"41.00","header":"Home"},{"opp":"3-3","odds":"51.00","header":"X"},{"opp":"3-0","odds":"15.00","header":"Away"},{"opp":"3-1","odds":"29.00","header":"Home"},{"opp":"3-1","odds":"15.00","header":"Away"},{"opp":"3-2","odds":"41.00","header":"Home"},{"opp":"3-2","odds":"26.00","header":"Away"},{"opp":"4-0","odds":"81.00","header":"Home"},{"opp":"4-0","odds":"34.00","header":"Away"},{"opp":"4-1","odds":"67.00","header":"Home"},{"opp":"4-1","odds":"34.00","header":"Away"},{"opp":"4-2","odds":"81.00","header":"Home"},{"opp":"4-2","odds":"51.00","header":"Away"},{"opp":"4-3","odds":"126.00","header":"Home"},{"opp":"4-3","odds":"101.00","header":"Away"},{"opp":"5-0","odds":"67.00","header":"Away"},{"opp":"5-1","odds":"67.00","header":"Away"},{"opp":"5-2","odds":"101.00","header":"Away"},{"opp":"6-0","odds":"151.00","header":"Away"},{"opp":"6-1","odds":"151.00","header":"Away"}],"half_time_full_time":[{"opp":"Atletico Madrid - Atletico Madrid","odds":"6.00"},{"opp":"Atletico Madrid - Draw","odds":"15.00"},{"opp":"Atletico Madrid - Arsenal","odds":"23.00"},{"opp":"Draw - Atletico Madrid","odds":"8.00"},{"opp":"Draw - Draw","odds":"5.50"},{"opp":"Draw - Arsenal","odds":"5.00"},{"opp":"Arsenal - Atletico Madrid","odds":"34.00"},{"opp":"Arsenal - Draw","odds":"15.00"},{"opp":"Arsenal - Arsenal","odds":"3.10"}],"goals_over_under":[{"goals":"2.5","odds":"1.90","header":"Over"},{"goals":"2.5","odds":"1.90","header":"Under"}],"both_teams_to_score":[{"opp":"Yes","odds":"1.80"},{"opp":"No","odds":"1.91"}],"goalscorers":[{"name":"Pierre-Emerick Aubameyang","odds":"3.75","header":"First"},{"name":"Pierre-Emerick Aubameyang","odds":"3.75","header":"Last"},{"name":"Pierre-Emerick Aubameyang","odds":"1.80","header":"Anytime"},{"name":"Alexandre Lacazette","odds":"5.00","header":"First"},{"name":"Alexandre Lacazette","odds":"5.00","header":"Last"},{"name":"Alexandre Lacazette","odds":"2.25","header":"Anytime"},{"name":"Eddie Nketiah","odds":"7.00","header":"First"},{"name":"Eddie Nketiah","odds":"7.00","header":"Last"},{"name":"Eddie Nketiah","odds":"2.88","header":"Anytime"},{"name":"Henrikh Mkhitaryan","odds":"7.50","header":"First"},{"name":"Henrikh Mkhitaryan","odds":"7.50","header":"Last"},{"name":"Henrikh Mkhitaryan","odds":"3.10","header":"Anytime"},{"name":"Martinez Lucas Perez","odds":"7.50","header":"First"},{"name":"Martinez Lucas Perez","odds":"7.50","header":"Last"},{"name":"Martinez Lucas Perez","odds":"3.10","header":"Anytime"},{"name":"Kevin Gameiro","odds":"8.00","header":"First"},{"name":"Kevin Gameiro","odds":"8.00","header":"Last"},{"name":"Kevin Gameiro","odds":"3.25","header":"Anytime"},{"name":"Luciano Vietto","odds":"8.00","header":"First"},{"name":"Luciano Vietto","odds":"8.00","header":"Last"},{"name":"Luciano Vietto","odds":"3.25","header":"Anytime"},{"name":"Borja Garces","odds":"8.50","header":"First"},{"name":"Borja Garces","odds":"8.50","header":"Last"},{"name":"Borja Garces","odds":"3.50","header":"Anytime"},{"name":"Angel Correa","odds":"9.00","header":"First"},{"name":"Angel Correa","odds":"9.00","header":"Last"},{"name":"Angel Correa","odds":"3.60","header":"Anytime"},{"name":"Aaron Ramsey","odds":"9.50","header":"First"},{"name":"Aaron Ramsey","odds":"9.50","header":"Last"},{"name":"Aaron Ramsey","odds":"3.75","header":"Anytime"},{"name":"Alex Iwobi","odds":"11.00","header":"First"},{"name":"Alex Iwobi","odds":"11.00","header":"Last"},{"name":"Alex Iwobi","odds":"4.33","header":"Anytime"},{"name":"Mesut Ozil","odds":"11.00","header":"First"},{"name":"Mesut Ozil","odds":"11.00","header":"Last"},{"name":"Mesut Ozil","odds":"4.33","header":"Anytime"},{"name":"Reiss Nelson","odds":"11.00","header":"First"},{"name":"Reiss Nelson","odds":"11.00","header":"Last"},{"name":"Reiss Nelson","odds":"4.33","header":"Anytime"},{"name":"Machin Vitolo","odds":"12.00","header":"First"},{"name":"Machin Vitolo","odds":"12.00","header":"Last"},{"name":"Machin Vitolo","odds":"4.75","header":"Anytime"},{"name":"Joaquin Munoz","odds":"13.00","header":"First"},{"name":"Joaquin Munoz","odds":"13.00","header":"Last"},{"name":"Joaquin Munoz","odds":"5.00","header":"Anytime"},{"name":"Oscar Garcia Quintela","odds":"13.00","header":"First"},{"name":"Oscar Garcia Quintela","odds":"13.00","header":"Last"},{"name":"Oscar Garcia Quintela","odds":"5.00","header":"Anytime"},{"name":"Victor Mollejo","odds":"13.00","header":"First"},{"name":"Victor Mollejo","odds":"13.00","header":"Last"},{"name":"Victor Mollejo","odds":"5.00","header":"Anytime"},{"name":"Emile Smith Rowe","odds":"15.00","header":"First"},{"name":"Emile Smith Rowe","odds":"15.00","header":"Last"},{"name":"Emile Smith Rowe","odds":"6.00","header":"Anytime"},{"name":"Toni Moya","odds":"15.00","header":"First"},{"name":"Toni Moya","odds":"15.00","header":"Last"},{"name":"Toni Moya","odds":"6.00","header":"Anytime"},{"name":"Partey Thomas","odds":"17.00","header":"First"},{"name":"Partey Thomas","odds":"17.00","header":"Last"},{"name":"Partey Thomas","odds":"6.50","header":"Anytime"},{"name":"Roberto Olabe del Amo","odds":"17.00","header":"First"},{"name":"Roberto Olabe del Amo","odds":"17.00","header":"Last"},{"name":"Roberto Olabe del Amo","odds":"6.50","header":"Anytime"},{"name":"Rodrigo Hernandez Rodri","odds":"17.00","header":"First"},{"name":"Rodrigo Hernandez Rodri","odds":"17.00","header":"Last"},{"name":"Rodrigo Hernandez Rodri","odds":"6.50","header":"Anytime"},{"name":"Joe Willock","odds":"19.00","header":"First"},{"name":"Joe Willock","odds":"19.00","header":"Last"},{"name":"Joe Willock","odds":"7.00","header":"Anytime"},{"name":"Matteo Guendouzi","odds":"19.00","header":"First"},{"name":"Matteo Guendouzi","odds":"19.00","header":"Last"},{"name":"Matteo Guendouzi","odds":"7.00","header":"Anytime"},{"name":"Ainsley Maitland-Niles","odds":"21.00","header":"First"},{"name":"Ainsley Maitland-Niles","odds":"21.00","header":"Last"},{"name":"Ainsley Maitland-Niles","odds":"8.00","header":"Anytime"},{"name":"Mikel Carro","odds":"21.00","header":"First"},{"name":"Mikel Carro","odds":"21.00","header":"Last"},{"name":"Mikel Carro","odds":"8.00","header":"Anytime"},{"name":"Jordi Osei-Tutu","odds":"23.00","header":"First"},{"name":"Jordi Osei-Tutu","odds":"23.00","header":"Last"},{"name":"Jordi Osei-Tutu","odds":"9.50","header":"Anytime"},{"name":"Sead Kolasinac","odds":"23.00","header":"First"},{"name":"Sead Kolasinac","odds":"23.00","header":"Last"},{"name":"Sead Kolasinac","odds":"9.50","header":"Anytime"},{"name":"Hector Bellerin","odds":"29.00","header":"First"},{"name":"Hector Bellerin","odds":"29.00","header":"Last"},{"name":"Hector Bellerin","odds":"12.00","header":"Anytime"},{"name":"Konstantinos Mavropanos","odds":"29.00","header":"First"},{"name":"Konstantinos Mavropanos","odds":"29.00","header":"Last"},{"name":"Konstantinos Mavropanos","odds":"12.00","header":"Anytime"},{"name":"Mohamed Elneny","odds":"29.00","header":"First"},{"name":"Mohamed Elneny","odds":"29.00","header":"Last"},{"name":"Mohamed Elneny","odds":"12.00","header":"Anytime"},{"name":"Shkodran Mustafi","odds":"29.00","header":"First"},{"name":"Shkodran Mustafi","odds":"29.00","header":"Last"},{"name":"Shkodran Mustafi","odds":"12.00","header":"Anytime"},{"name":"Sokratis Papastathopoulos","odds":"29.00","header":"First"},{"name":"Sokratis Papastathopoulos","odds":"29.00","header":"Last"},{"name":"Sokratis Papastathopoulos","odds":"12.00","header":"Anytime"},{"name":"Alberto Rodriguez","odds":"34.00","header":"First"},{"name":"Alberto Rodriguez","odds":"34.00","header":"Last"},{"name":"Alberto Rodriguez","odds":"15.00","header":"Anytime"},{"name":"Calum Chambers","odds":"34.00","header":"First"},{"name":"Calum Chambers","odds":"34.00","header":"Last"},{"name":"Calum Chambers","odds":"15.00","header":"Anytime"},{"name":"Carlos Isaac","odds":"34.00","header":"First"},{"name":"Carlos Isaac","odds":"34.00","header":"Last"},{"name":"Carlos Isaac","odds":"15.00","header":"Anytime"},{"name":"Rob Holding","odds":"34.00","header":"First"},{"name":"Rob Holding","odds":"34.00","header":"Last"},{"name":"Rob Holding","odds":"15.00","header":"Anytime"},{"name":"Aitor Punal Rodriguez","odds":"41.00","header":"First"},{"name":"Aitor Punal Rodriguez","odds":"41.00","header":"Last"},{"name":"Aitor Punal Rodriguez","odds":"17.00","header":"Anytime"},{"name":"Andres Solano","odds":"41.00","header":"First"},{"name":"Andres Solano","odds":"41.00","header":"Last"},{"name":"Andres Solano","odds":"17.00","header":"Anytime"},{"name":"Francisco Montero","odds":"41.00","header":"First"},{"name":"Francisco Montero","odds":"41.00","header":"Last"},{"name":"Francisco Montero","odds":"17.00","header":"Anytime"},{"name":"Torres Juanfran","odds":"41.00","header":"First"},{"name":"Torres Juanfran","odds":"41.00","header":"Last"},{"name":"Torres Juanfran","odds":"17.00","header":"Anytime"},{"name":"No Goalscorer","odds":"11.00","header":"First"},{"name":"No Goalscorer","odds":"11.00","header":"Last"}],"multi_scorers":[{"name":"Pierre-Emerick Aubameyang","odds":"4.50","header":"2 or More"},{"name":"Pierre-Emerick Aubameyang","odds":"15.00","header":"3 or More"},{"name":"Alexandre Lacazette","odds":"7.50","header":"2 or More"},{"name":"Alexandre Lacazette","odds":"29.00","header":"3 or More"},{"name":"Eddie Nketiah","odds":"13.00","header":"2 or More"},{"name":"Eddie Nketiah","odds":"67.00","header":"3 or More"},{"name":"Henrikh Mkhitaryan","odds":"15.00","header":"2 or More"},{"name":"Henrikh Mkhitaryan","odds":"81.00","header":"3 or More"},{"name":"Martinez Lucas Perez","odds":"15.00","header":"2 or More"},{"name":"Martinez Lucas Perez","odds":"81.00","header":"3 or More"},{"name":"Kevin Gameiro","odds":"17.00","header":"2 or More"},{"name":"Kevin Gameiro","odds":"101.00","header":"3 or More"},{"name":"Luciano Vietto","odds":"17.00","header":"2 or More"},{"name":"Luciano Vietto","odds":"101.00","header":"3 or More"},{"name":"Borja Garces","odds":"19.00","header":"2 or More"},{"name":"Borja Garces","odds":"101.00","header":"3 or More"},{"name":"Aaron Ramsey","odds":"21.00","header":"2 or More"},{"name":"Aaron Ramsey","odds":"101.00","header":"3 or More"},{"name":"Angel Correa","odds":"21.00","header":"2 or More"},{"name":"Angel Correa","odds":"101.00","header":"3 or More"},{"name":"Alex Iwobi","odds":"29.00","header":"2 or More"},{"name":"Alex Iwobi","odds":"101.00","header":"3 or More"},{"name":"Mesut Ozil","odds":"29.00","header":"2 or More"},{"name":"Mesut Ozil","odds":"101.00","header":"3 or More"},{"name":"Reiss Nelson","odds":"29.00","header":"2 or More"},{"name":"Reiss Nelson","odds":"101.00","header":"3 or More"},{"name":"Machin Vitolo","odds":"34.00","header":"2 or More"},{"name":"Machin Vitolo","odds":"126.00","header":"3 or More"},{"name":"Joaquin Munoz","odds":"41.00","header":"2 or More"},{"name":"Joaquin Munoz","odds":"126.00","header":"3 or More"},{"name":"Oscar Garcia Quintela","odds":"41.00","header":"2 or More"},{"name":"Oscar Garcia Quintela","odds":"126.00","header":"3 or More"},{"name":"Victor Mollejo","odds":"41.00","header":"2 or More"},{"name":"Victor Mollejo","odds":"126.00","header":"3 or More"},{"name":"Emile Smith Rowe","odds":"51.00","header":"2 or More"},{"name":"Emile Smith Rowe","odds":"151.00","header":"3 or More"},{"name":"Partey Thomas","odds":"51.00","header":"2 or More"},{"name":"Partey Thomas","odds":"201.00","header":"3 or More"},{"name":"Roberto Olabe del Amo","odds":"51.00","header":"2 or More"},{"name":"Roberto Olabe del Amo","odds":"201.00","header":"3 or More"},{"name":"Rodrigo Hernandez Rodri","odds":"51.00","header":"2 or More"},{"name":"Rodrigo Hernandez Rodri","odds":"201.00","header":"3 or More"},{"name":"Toni Moya","odds":"51.00","header":"2 or More"},{"name":"Toni Moya","odds":"151.00","header":"3 or More"},{"name":"Joe Willock","odds":"81.00","header":"2 or More"},{"name":"Joe Willock","odds":"251.00","header":"3 or More"},{"name":"Matteo Guendouzi","odds":"81.00","header":"2 or More"},{"name":"Matteo Guendouzi","odds":"251.00","header":"3 or More"},{"name":"Ainsley Maitland-Niles","odds":"101.00","header":"2 or More"},{"name":"Ainsley Maitland-Niles","odds":"301.00","header":"3 or More"},{"name":"Hector Bellerin","odds":"101.00","header":"2 or More"},{"name":"Hector Bellerin","odds":"301.00","header":"3 or More"},{"name":"Jordi Osei-Tutu","odds":"101.00","header":"2 or More"},{"name":"Jordi Osei-Tutu","odds":"301.00","header":"3 or More"},{"name":"Konstantinos Mavropanos","odds":"101.00","header":"2 or More"},{"name":"Konstantinos Mavropanos","odds":"301.00","header":"3 or More"},{"name":"Mikel Carro","odds":"101.00","header":"2 or More"},{"name":"Mikel Carro","odds":"301.00","header":"3 or More"},{"name":"Mohamed Elneny","odds":"101.00","header":"2 or More"},{"name":"Mohamed Elneny","odds":"301.00","header":"3 or More"},{"name":"Sead Kolasinac","odds":"101.00","header":"2 or More"},{"name":"Sead Kolasinac","odds":"301.00","header":"3 or More"},{"name":"Shkodran Mustafi","odds":"101.00","header":"2 or More"},{"name":"Shkodran Mustafi","odds":"301.00","header":"3 or More"},{"name":"Sokratis Papastathopoulos","odds":"101.00","header":"2 or More"},{"name":"Sokratis Papastathopoulos","odds":"301.00","header":"3 or More"},{"name":"Alberto Rodriguez","odds":"126.00","header":"2 or More"},{"name":"Alberto Rodriguez","odds":"301.00","header":"3 or More"},{"name":"Calum Chambers","odds":"126.00","header":"2 or More"},{"name":"Calum Chambers","odds":"301.00","header":"3 or More"},{"name":"Carlos Isaac","odds":"126.00","header":"2 or More"},{"name":"Carlos Isaac","odds":"301.00","header":"3 or More"},{"name":"Rob Holding","odds":"126.00","header":"2 or More"},{"name":"Rob Holding","odds":"301.00","header":"3 or More"},{"name":"Aitor Punal Rodriguez","odds":"151.00","header":"2 or More"},{"name":"Aitor Punal Rodriguez","odds":"301.00","header":"3 or More"},{"name":"Andres Solano","odds":"151.00","header":"2 or More"},{"name":"Andres Solano","odds":"301.00","header":"3 or More"},{"name":"Francisco Montero","odds":"151.00","header":"2 or More"},{"name":"Francisco Montero","odds":"301.00","header":"3 or More"},{"name":"Torres Juanfran","odds":"151.00","header":"2 or More"},{"name":"Torres Juanfran","odds":"301.00","header":"3 or More"}],"asian_handicap":[{"opp":"+0.5","odds":"1.875","header":"Home"},{"opp":"-0.5","odds":"1.975","header":"Away"}],"goal_line":[{"goals":"2.5","odds":"1.900","header":"Over"},{"goals":"2.5","odds":"1.900","header":"Under"}],"alternative_asian_handicap":[{"opp":"-1.0","odds":"6.800","header":"Home"},{"opp":"+1.0","odds":"1.105","header":"Away"},{"opp":"-0.5, -1.0","odds":"4.500","header":"Home"},{"opp":"+0.5, +1.0","odds":"1.190","header":"Away"},{"opp":"-0.5","odds":"3.550","header":"Home"},{"opp":"+0.5","odds":"1.275","header":"Away"},{"opp":"0.0, -0.5","odds":"3.100","header":"Home"},{"opp":"0.0, +0.5","odds":"1.350","header":"Away"},{"opp":"0.0","odds":"2.675","header":"Home"},{"opp":"0.0","odds":"1.450","header":"Away"},{"opp":"0.0, +0.5","odds":"2.100","header":"Home"},{"opp":"0.0, -0.5","odds":"1.700","header":"Away"},{"opp":"+0.5, +1.0","odds":"1.650","header":"Home"},{"opp":"-0.5, -1.0","odds":"2.200","header":"Away"},{"opp":"+1.0","odds":"1.450","header":"Home"},{"opp":"-1.0","odds":"2.675","header":"Away"},{"opp":"+1.0, +1.5","odds":"1.350","header":"Home"},{"opp":"-1.0, -1.5","odds":"3.100","header":"Away"},{"opp":"+1.5","odds":"1.300","header":"Home"},{"opp":"-1.5","odds":"3.450","header":"Away"},{"opp":"+1.5, +2.0","odds":"1.210","header":"Home"},{"opp":"-1.5, -2.0","odds":"4.250","header":"Away"},{"opp":"+2.0","odds":"1.115","header":"Home"},{"opp":"-2.0","odds":"6.400","header":"Away"},{"opp":"+2.0, +2.5","odds":"1.105","header":"Home"},{"opp":"-2.0, -2.5","odds":"6.800","header":"Away"}],"alternative_goal_line":[{"goals":"1.0, 1.5","odds":"1.180","header":"Over"},{"goals":"1.0, 1.5","odds":"4.650","header":"Under"},{"goals":"1.5","odds":"1.275","header":"Over"},{"goals":"1.5","odds":"3.550","header":"Under"},{"goals":"1.5, 2.0","odds":"1.350","header":"Over"},{"goals":"1.5, 2.0","odds":"3.100","header":"Under"},{"goals":"2.0","odds":"1.450","header":"Over"},{"goals":"2.0","odds":"2.675","header":"Under"},{"goals":"2.0, 2.5","odds":"1.675","header":"Over"},{"goals":"2.0, 2.5","odds":"2.150","header":"Under"},{"goals":"2.5, 3.0","odds":"2.100","header":"Over"},{"goals":"2.5, 3.0","odds":"1.700","header":"Under"},{"goals":"3.0","odds":"2.500","header":"Over"},{"goals":"3.0","odds":"1.500","header":"Under"},{"goals":"3.0, 3.5","odds":"2.850","header":"Over"},{"goals":"3.0, 3.5","odds":"1.400","header":"Under"},{"goals":"3.5","odds":"3.100","header":"Over"},{"goals":"3.5","odds":"1.350","header":"Under"},{"goals":"3.5, 4.0","odds":"3.800","header":"Over"},{"goals":"3.5, 4.0","odds":"1.250","header":"Under"},{"goals":"4.0","odds":"5.500","header":"Over"},{"goals":"4.0","odds":"1.150","header":"Under"},{"goals":"4.0, 4.5","odds":"5.750","header":"Over"},{"goals":"4.0, 4.5","odds":"1.140","header":"Under"},{"goals":"4.5","odds":"6.000","header":"Over"},{"goals":"4.5","odds":"1.125","header":"Under"}],"draw_no_bet":[{"opp":"Atletico Madrid","odds":"2.62"},{"opp":"Arsenal","odds":"1.44"}],"result_both_teams_to_score":[{"name":"Atletico Madrid","odds":"7.00","header":"Yes"},{"name":"Atletico Madrid","odds":"6.50","header":"No"},{"name":"Arsenal","odds":"4.00","header":"Yes"},{"name":"Arsenal","odds":"3.25","header":"No"},{"name":"Draw","odds":"4.75","header":"Yes"},{"name":"Draw","odds":"11.00","header":"No"}],"handicap_result":[{"opp":"Atletico Madrid (+1)","odds":"1.80"},{"opp":"Tie - (Arsenal -1)","odds":"3.75"},{"opp":"Arsenal (-1)","odds":"3.25"}],"alternative_handicap_result":[{"opp":"-2.0","odds":"15.00","header":"Home"},{"opp":"+2.0","odds":"10.00","header":"Tie"},{"opp":"+2.0","odds":"1.06","header":"Away"},{"opp":"-1.0","odds":"7.50","header":"Home"},{"opp":"+1.0","odds":"5.50","header":"Tie"},{"opp":"+1.0","odds":"1.29","header":"Away"},{"opp":"+2.0","odds":"1.29","header":"Home"},{"opp":"-2.0","odds":"5.50","header":"Tie"},{"opp":"-2.0","odds":"6.50","header":"Away"},{"opp":"+3.0","odds":"1.07","header":"Home"},{"opp":"-3.0","odds":"9.00","header":"Tie"},{"opp":"-3.0","odds":"13.00","header":"Away"}],"winning_margin":[{"goals":" 1","odds":"5.50","header":"Home"},{"goals":" 1","odds":"3.75","header":"Away"},{"goals":" 2","odds":"10.00","header":"Home"},{"goals":" 2","odds":"5.50","header":"Away"},{"goals":" 3","odds":"34.00","header":"Home"},{"goals":" 3","odds":"9.00","header":"Away"},{"goals":" 4+","odds":"67.00","header":"Home"},{"goals":" 4+","odds":"13.00","header":"Away"},{"goals":"Score Draw","odds":"4.75","header":"Home"},{"goals":"No Goal","odds":"11.00","header":"Home"}]}},"player":{"updated_at":"1532570250","sp":{"goalscorers":[{"name":"Pierre-Emerick Aubameyang","odds":"3.75","header":"First"},{"name":"Pierre-Emerick Aubameyang","odds":"3.75","header":"Last"},{"name":"Pierre-Emerick Aubameyang","odds":"1.80","header":"Anytime"},{"name":"Alexandre Lacazette","odds":"5.00","header":"First"},{"name":"Alexandre Lacazette","odds":"5.00","header":"Last"},{"name":"Alexandre Lacazette","odds":"2.25","header":"Anytime"},{"name":"Eddie Nketiah","odds":"7.00","header":"First"},{"name":"Eddie Nketiah","odds":"7.00","header":"Last"},{"name":"Eddie Nketiah","odds":"2.88","header":"Anytime"},{"name":"Henrikh Mkhitaryan","odds":"7.50","header":"First"},{"name":"Henrikh Mkhitaryan","odds":"7.50","header":"Last"},{"name":"Henrikh Mkhitaryan","odds":"3.10","header":"Anytime"},{"name":"Martinez Lucas Perez","odds":"7.50","header":"First"},{"name":"Martinez Lucas Perez","odds":"7.50","header":"Last"},{"name":"Martinez Lucas Perez","odds":"3.10","header":"Anytime"},{"name":"Kevin Gameiro","odds":"8.00","header":"First"},{"name":"Kevin Gameiro","odds":"8.00","header":"Last"},{"name":"Kevin Gameiro","odds":"3.25","header":"Anytime"},{"name":"Luciano Vietto","odds":"8.00","header":"First"},{"name":"Luciano Vietto","odds":"8.00","header":"Last"},{"name":"Luciano Vietto","odds":"3.25","header":"Anytime"},{"name":"Borja Garces","odds":"8.50","header":"First"},{"name":"Borja Garces","odds":"8.50","header":"Last"},{"name":"Borja Garces","odds":"3.50","header":"Anytime"},{"name":"Angel Correa","odds":"9.00","header":"First"},{"name":"Angel Correa","odds":"9.00","header":"Last"},{"name":"Angel Correa","odds":"3.60","header":"Anytime"},{"name":"Aaron Ramsey","odds":"9.50","header":"First"},{"name":"Aaron Ramsey","odds":"9.50","header":"Last"},{"name":"Aaron Ramsey","odds":"3.75","header":"Anytime"},{"name":"Alex Iwobi","odds":"11.00","header":"First"},{"name":"Alex Iwobi","odds":"11.00","header":"Last"},{"name":"Alex Iwobi","odds":"4.33","header":"Anytime"},{"name":"Mesut Ozil","odds":"11.00","header":"First"},{"name":"Mesut Ozil","odds":"11.00","header":"Last"},{"name":"Mesut Ozil","odds":"4.33","header":"Anytime"},{"name":"Reiss Nelson","odds":"11.00","header":"First"},{"name":"Reiss Nelson","odds":"11.00","header":"Last"},{"name":"Reiss Nelson","odds":"4.33","header":"Anytime"},{"name":"Machin Vitolo","odds":"12.00","header":"First"},{"name":"Machin Vitolo","odds":"12.00","header":"Last"},{"name":"Machin Vitolo","odds":"4.75","header":"Anytime"},{"name":"Joaquin Munoz","odds":"13.00","header":"First"},{"name":"Joaquin Munoz","odds":"13.00","header":"Last"},{"name":"Joaquin Munoz","odds":"5.00","header":"Anytime"},{"name":"Oscar Garcia Quintela","odds":"13.00","header":"First"},{"name":"Oscar Garcia Quintela","odds":"13.00","header":"Last"},{"name":"Oscar Garcia Quintela","odds":"5.00","header":"Anytime"},{"name":"Victor Mollejo","odds":"13.00","header":"First"},{"name":"Victor Mollejo","odds":"13.00","header":"Last"},{"name":"Victor Mollejo","odds":"5.00","header":"Anytime"},{"name":"Emile Smith Rowe","odds":"15.00","header":"First"},{"name":"Emile Smith Rowe","odds":"15.00","header":"Last"},{"name":"Emile Smith Rowe","odds":"6.00","header":"Anytime"},{"name":"Toni Moya","odds":"15.00","header":"First"},{"name":"Toni Moya","odds":"15.00","header":"Last"},{"name":"Toni Moya","odds":"6.00","header":"Anytime"},{"name":"Partey Thomas","odds":"17.00","header":"First"},{"name":"Partey Thomas","odds":"17.00","header":"Last"},{"name":"Partey Thomas","odds":"6.50","header":"Anytime"},{"name":"Roberto Olabe del Amo","odds":"17.00","header":"First"},{"name":"Roberto Olabe del Amo","odds":"17.00","header":"Last"},{"name":"Roberto Olabe del Amo","odds":"6.50","header":"Anytime"},{"name":"Rodrigo Hernandez Rodri","odds":"17.00","header":"First"},{"name":"Rodrigo Hernandez Rodri","odds":"17.00","header":"Last"},{"name":"Rodrigo Hernandez Rodri","odds":"6.50","header":"Anytime"},{"name":"Joe Willock","odds":"19.00","header":"First"},{"name":"Joe Willock","odds":"19.00","header":"Last"},{"name":"Joe Willock","odds":"7.00","header":"Anytime"},{"name":"Matteo Guendouzi","odds":"19.00","header":"First"},{"name":"Matteo Guendouzi","odds":"19.00","header":"Last"},{"name":"Matteo Guendouzi","odds":"7.00","header":"Anytime"},{"name":"Ainsley Maitland-Niles","odds":"21.00","header":"First"},{"name":"Ainsley Maitland-Niles","odds":"21.00","header":"Last"},{"name":"Ainsley Maitland-Niles","odds":"8.00","header":"Anytime"},{"name":"Mikel Carro","odds":"21.00","header":"First"},{"name":"Mikel Carro","odds":"21.00","header":"Last"},{"name":"Mikel Carro","odds":"8.00","header":"Anytime"},{"name":"Jordi Osei-Tutu","odds":"23.00","header":"First"},{"name":"Jordi Osei-Tutu","odds":"23.00","header":"Last"},{"name":"Jordi Osei-Tutu","odds":"9.50","header":"Anytime"},{"name":"Sead Kolasinac","odds":"23.00","header":"First"},{"name":"Sead Kolasinac","odds":"23.00","header":"Last"},{"name":"Sead Kolasinac","odds":"9.50","header":"Anytime"},{"name":"Hector Bellerin","odds":"29.00","header":"First"},{"name":"Hector Bellerin","odds":"29.00","header":"Last"},{"name":"Hector Bellerin","odds":"12.00","header":"Anytime"},{"name":"Konstantinos Mavropanos","odds":"29.00","header":"First"},{"name":"Konstantinos Mavropanos","odds":"29.00","header":"Last"},{"name":"Konstantinos Mavropanos","odds":"12.00","header":"Anytime"},{"name":"Mohamed Elneny","odds":"29.00","header":"First"},{"name":"Mohamed Elneny","odds":"29.00","header":"Last"},{"name":"Mohamed Elneny","odds":"12.00","header":"Anytime"},{"name":"Shkodran Mustafi","odds":"29.00","header":"First"},{"name":"Shkodran Mustafi","odds":"29.00","header":"Last"},{"name":"Shkodran Mustafi","odds":"12.00","header":"Anytime"},{"name":"Sokratis Papastathopoulos","odds":"29.00","header":"First"},{"name":"Sokratis Papastathopoulos","odds":"29.00","header":"Last"},{"name":"Sokratis Papastathopoulos","odds":"12.00","header":"Anytime"},{"name":"Alberto Rodriguez","odds":"34.00","header":"First"},{"name":"Alberto Rodriguez","odds":"34.00","header":"Last"},{"name":"Alberto Rodriguez","odds":"15.00","header":"Anytime"},{"name":"Calum Chambers","odds":"34.00","header":"First"},{"name":"Calum Chambers","odds":"34.00","header":"Last"},{"name":"Calum Chambers","odds":"15.00","header":"Anytime"},{"name":"Carlos Isaac","odds":"34.00","header":"First"},{"name":"Carlos Isaac","odds":"34.00","header":"Last"},{"name":"Carlos Isaac","odds":"15.00","header":"Anytime"},{"name":"Rob Holding","odds":"34.00","header":"First"},{"name":"Rob Holding","odds":"34.00","header":"Last"},{"name":"Rob Holding","odds":"15.00","header":"Anytime"},{"name":"Aitor Punal Rodriguez","odds":"41.00","header":"First"},{"name":"Aitor Punal Rodriguez","odds":"41.00","header":"Last"},{"name":"Aitor Punal Rodriguez","odds":"17.00","header":"Anytime"},{"name":"Andres Solano","odds":"41.00","header":"First"},{"name":"Andres Solano","odds":"41.00","header":"Last"},{"name":"Andres Solano","odds":"17.00","header":"Anytime"},{"name":"Francisco Montero","odds":"41.00","header":"First"},{"name":"Francisco Montero","odds":"41.00","header":"Last"},{"name":"Francisco Montero","odds":"17.00","header":"Anytime"},{"name":"Torres Juanfran","odds":"41.00","header":"First"},{"name":"Torres Juanfran","odds":"41.00","header":"Last"},{"name":"Torres Juanfran","odds":"17.00","header":"Anytime"},{"name":"No Goalscorer","odds":"11.00","header":"First"},{"name":"No Goalscorer","odds":"11.00","header":"Last"}],"multi_scorers":[{"name":"Pierre-Emerick Aubameyang","odds":"4.50","header":"2 or More"},{"name":"Pierre-Emerick Aubameyang","odds":"15.00","header":"3 or More"},{"name":"Alexandre Lacazette","odds":"7.50","header":"2 or More"},{"name":"Alexandre Lacazette","odds":"29.00","header":"3 or More"},{"name":"Eddie Nketiah","odds":"13.00","header":"2 or More"},{"name":"Eddie Nketiah","odds":"67.00","header":"3 or More"},{"name":"Henrikh Mkhitaryan","odds":"15.00","header":"2 or More"},{"name":"Henrikh Mkhitaryan","odds":"81.00","header":"3 or More"},{"name":"Martinez Lucas Perez","odds":"15.00","header":"2 or More"},{"name":"Martinez Lucas Perez","odds":"81.00","header":"3 or More"},{"name":"Kevin Gameiro","odds":"17.00","header":"2 or More"},{"name":"Kevin Gameiro","odds":"101.00","header":"3 or More"},{"name":"Luciano Vietto","odds":"17.00","header":"2 or More"},{"name":"Luciano Vietto","odds":"101.00","header":"3 or More"},{"name":"Borja Garces","odds":"19.00","header":"2 or More"},{"name":"Borja Garces","odds":"101.00","header":"3 or More"},{"name":"Aaron Ramsey","odds":"21.00","header":"2 or More"},{"name":"Aaron Ramsey","odds":"101.00","header":"3 or More"},{"name":"Angel Correa","odds":"21.00","header":"2 or More"},{"name":"Angel Correa","odds":"101.00","header":"3 or More"},{"name":"Alex Iwobi","odds":"29.00","header":"2 or More"},{"name":"Alex Iwobi","odds":"101.00","header":"3 or More"},{"name":"Mesut Ozil","odds":"29.00","header":"2 or More"},{"name":"Mesut Ozil","odds":"101.00","header":"3 or More"},{"name":"Reiss Nelson","odds":"29.00","header":"2 or More"},{"name":"Reiss Nelson","odds":"101.00","header":"3 or More"},{"name":"Machin Vitolo","odds":"34.00","header":"2 or More"},{"name":"Machin Vitolo","odds":"126.00","header":"3 or More"},{"name":"Joaquin Munoz","odds":"41.00","header":"2 or More"},{"name":"Joaquin Munoz","odds":"126.00","header":"3 or More"},{"name":"Oscar Garcia Quintela","odds":"41.00","header":"2 or More"},{"name":"Oscar Garcia Quintela","odds":"126.00","header":"3 or More"},{"name":"Victor Mollejo","odds":"41.00","header":"2 or More"},{"name":"Victor Mollejo","odds":"126.00","header":"3 or More"},{"name":"Emile Smith Rowe","odds":"51.00","header":"2 or More"},{"name":"Emile Smith Rowe","odds":"151.00","header":"3 or More"},{"name":"Partey Thomas","odds":"51.00","header":"2 or More"},{"name":"Partey Thomas","odds":"201.00","header":"3 or More"},{"name":"Roberto Olabe del Amo","odds":"51.00","header":"2 or More"},{"name":"Roberto Olabe del Amo","odds":"201.00","header":"3 or More"},{"name":"Rodrigo Hernandez Rodri","odds":"51.00","header":"2 or More"},{"name":"Rodrigo Hernandez Rodri","odds":"201.00","header":"3 or More"},{"name":"Toni Moya","odds":"51.00","header":"2 or More"},{"name":"Toni Moya","odds":"151.00","header":"3 or More"},{"name":"Joe Willock","odds":"81.00","header":"2 or More"},{"name":"Joe Willock","odds":"251.00","header":"3 or More"},{"name":"Matteo Guendouzi","odds":"81.00","header":"2 or More"},{"name":"Matteo Guendouzi","odds":"251.00","header":"3 or More"},{"name":"Ainsley Maitland-Niles","odds":"101.00","header":"2 or More"},{"name":"Ainsley Maitland-Niles","odds":"301.00","header":"3 or More"},{"name":"Hector Bellerin","odds":"101.00","header":"2 or More"},{"name":"Hector Bellerin","odds":"301.00","header":"3 or More"},{"name":"Jordi Osei-Tutu","odds":"101.00","header":"2 or More"},{"name":"Jordi Osei-Tutu","odds":"301.00","header":"3 or More"},{"name":"Konstantinos Mavropanos","odds":"101.00","header":"2 or More"},{"name":"Konstantinos Mavropanos","odds":"301.00","header":"3 or More"},{"name":"Mikel Carro","odds":"101.00","header":"2 or More"},{"name":"Mikel Carro","odds":"301.00","header":"3 or More"},{"name":"Mohamed Elneny","odds":"101.00","header":"2 or More"},{"name":"Mohamed Elneny","odds":"301.00","header":"3 or More"},{"name":"Sead Kolasinac","odds":"101.00","header":"2 or More"},{"name":"Sead Kolasinac","odds":"301.00","header":"3 or More"},{"name":"Shkodran Mustafi","odds":"101.00","header":"2 or More"},{"name":"Shkodran Mustafi","odds":"301.00","header":"3 or More"},{"name":"Sokratis Papastathopoulos","odds":"101.00","header":"2 or More"},{"name":"Sokratis Papastathopoulos","odds":"301.00","header":"3 or More"},{"name":"Alberto Rodriguez","odds":"126.00","header":"2 or More"},{"name":"Alberto Rodriguez","odds":"301.00","header":"3 or More"},{"name":"Calum Chambers","odds":"126.00","header":"2 or More"},{"name":"Calum Chambers","odds":"301.00","header":"3 or More"},{"name":"Carlos Isaac","odds":"126.00","header":"2 or More"},{"name":"Carlos Isaac","odds":"301.00","header":"3 or More"},{"name":"Rob Holding","odds":"126.00","header":"2 or More"},{"name":"Rob Holding","odds":"301.00","header":"3 or More"},{"name":"Aitor Punal Rodriguez","odds":"151.00","header":"2 or More"},{"name":"Aitor Punal Rodriguez","odds":"301.00","header":"3 or More"},{"name":"Andres Solano","odds":"151.00","header":"2 or More"},{"name":"Andres Solano","odds":"301.00","header":"3 or More"},{"name":"Francisco Montero","odds":"151.00","header":"2 or More"},{"name":"Francisco Montero","odds":"301.00","header":"3 or More"},{"name":"Torres Juanfran","odds":"151.00","header":"2 or More"},{"name":"Torres Juanfran","odds":"301.00","header":"3 or More"}],"team_goalscorer":[{"name":"Kevin Gameiro","odds":"4.33","header":"First"},{"name":"Kevin Gameiro","odds":"4.33","header":"Last"},{"name":"Luciano Vietto","odds":"4.33","header":"First"},{"name":"Luciano Vietto","odds":"4.33","header":"Last"},{"name":"Borja Garces","odds":"4.50","header":"First"},{"name":"Borja Garces","odds":"4.50","header":"Last"},{"name":"Angel Correa","odds":"4.75","header":"First"},{"name":"Angel Correa","odds":"4.75","header":"Last"},{"name":"Machin Vitolo","odds":"6.50","header":"First"},{"name":"Machin Vitolo","odds":"6.50","header":"Last"},{"name":"Joaquin Munoz","odds":"7.00","header":"First"},{"name":"Joaquin Munoz","odds":"7.00","header":"Last"},{"name":"Oscar Garcia Quintela","odds":"7.00","header":"First"},{"name":"Oscar Garcia Quintela","odds":"7.00","header":"Last"},{"name":"Victor Mollejo","odds":"7.00","header":"First"},{"name":"Victor Mollejo","odds":"7.00","header":"Last"},{"name":"Toni Moya","odds":"8.00","header":"First"},{"name":"Toni Moya","odds":"8.00","header":"Last"},{"name":"Partey Thomas","odds":"9.50","header":"First"},{"name":"Partey Thomas","odds":"9.50","header":"Last"},{"name":"Roberto Olabe del Amo","odds":"9.50","header":"First"},{"name":"Roberto Olabe del Amo","odds":"9.50","header":"Last"},{"name":"Rodrigo Hernandez Rodri","odds":"9.50","header":"First"},{"name":"Rodrigo Hernandez Rodri","odds":"9.50","header":"Last"},{"name":"Mikel Carro","odds":"11.00","header":"First"},{"name":"Mikel Carro","odds":"11.00","header":"Last"},{"name":"Alberto Rodriguez","odds":"21.00","header":"First"},{"name":"Alberto Rodriguez","odds":"21.00","header":"Last"},{"name":"Carlos Isaac","odds":"21.00","header":"First"},{"name":"Carlos Isaac","odds":"21.00","header":"Last"},{"name":"Aitor Punal Rodriguez","odds":"23.00","header":"First"},{"name":"Aitor Punal Rodriguez","odds":"23.00","header":"Last"},{"name":"Andres Solano","odds":"23.00","header":"First"},{"name":"Andres Solano","odds":"23.00","header":"Last"},{"name":"Francisco Montero","odds":"23.00","header":"First"},{"name":"Francisco Montero","odds":"23.00","header":"Last"},{"name":"Torres Juanfran","odds":"23.00","header":"First"},{"name":"Torres Juanfran","odds":"23.00","header":"Last"},{"name":"No Goalscorer (Atletico Madrid)","odds":"2.62","header":"First"},{"name":"No Goalscorer (Atletico Madrid)","odds":"2.62","header":"Last"},{"name":"Pierre-Emerick Aubameyang","odds":"2.50","header":"First"},{"name":"Pierre-Emerick Aubameyang","odds":"2.50","header":"Last"},{"name":"Alexandre Lacazette","odds":"3.20","header":"First"},{"name":"Alexandre Lacazette","odds":"3.20","header":"Last"},{"name":"Eddie Nketiah","odds":"4.33","header":"First"},{"name":"Eddie Nketiah","odds":"4.33","header":"Last"},{"name":"Henrikh Mkhitaryan","odds":"4.75","header":"First"},{"name":"Henrikh Mkhitaryan","odds":"4.75","header":"Last"},{"name":"Martinez Lucas Perez","odds":"4.75","header":"First"},{"name":"Martinez Lucas Perez","odds":"4.75","header":"Last"},{"name":"Aaron Ramsey","odds":"5.50","header":"First"},{"name":"Aaron Ramsey","odds":"5.50","header":"Last"},{"name":"Alex Iwobi","odds":"6.50","header":"First"},{"name":"Alex Iwobi","odds":"6.50","header":"Last"},{"name":"Mesut Ozil","odds":"6.50","header":"First"},{"name":"Mesut Ozil","odds":"6.50","header":"Last"},{"name":"Reiss Nelson","odds":"6.50","header":"First"},{"name":"Reiss Nelson","odds":"6.50","header":"Last"},{"name":"Emile Smith Rowe","odds":"8.50","header":"First"},{"name":"Emile Smith Rowe","odds":"8.50","header":"Last"},{"name":"Joe Willock","odds":"11.00","header":"First"},{"name":"Joe Willock","odds":"11.00","header":"Last"},{"name":"Matteo Guendouzi","odds":"11.00","header":"First"},{"name":"Matteo Guendouzi","odds":"11.00","header":"Last"},{"name":"Ainsley Maitland-Niles","odds":"13.00","header":"First"},{"name":"Ainsley Maitland-Niles","odds":"13.00","header":"Last"},{"name":"Jordi Osei-Tutu","odds":"15.00","header":"First"},{"name":"Jordi Osei-Tutu","odds":"15.00","header":"Last"},{"name":"Sead Kolasinac","odds":"15.00","header":"First"},{"name":"Sead Kolasinac","odds":"15.00","header":"Last"},{"name":"Hector Bellerin","odds":"17.00","header":"First"},{"name":"Hector Bellerin","odds":"17.00","header":"Last"},{"name":"Konstantinos Mavropanos","odds":"17.00","header":"First"},{"name":"Konstantinos Mavropanos","odds":"17.00","header":"Last"},{"name":"Mohamed Elneny","odds":"17.00","header":"First"},{"name":"Mohamed Elneny","odds":"17.00","header":"Last"},{"name":"Shkodran Mustafi","odds":"17.00","header":"First"},{"name":"Shkodran Mustafi","odds":"17.00","header":"Last"},{"name":"Sokratis Papastathopoulos","odds":"17.00","header":"First"},{"name":"Sokratis Papastathopoulos","odds":"17.00","header":"Last"},{"name":"Calum Chambers","odds":"21.00","header":"First"},{"name":"Calum Chambers","odds":"21.00","header":"Last"},{"name":"Rob Holding","odds":"21.00","header":"First"},{"name":"Rob Holding","odds":"21.00","header":"Last"},{"name":"No Goalscorer (Arsenal)","odds":"4.33","header":"First"},{"name":"No Goalscorer (Arsenal)","odds":"4.33","header":"Last"}]}},"schedule":{"updated_at":"1532570788","sp":{"main":[{"odds":"3.60"},{"odds":"3.60"},{"odds":"1.95"}]}},"specials":{"updated_at":"1532570269","sp":{"specials":[{"name":"To Win From Behind","odds":"13.00","header":"Home"},{"name":"To Win From Behind","odds":"9.00","header":"Away"},{"name":"To Win to Nil","odds":"6.50","header":"Home"},{"name":"To Win to Nil","odds":"3.25","header":"Away"},{"name":"To Win Either Half","odds":"2.25","header":"Home"},{"name":"To Win Either Half","odds":"1.50","header":"Away"},{"name":"To Win Both Halves","odds":"17.00","header":"Home"},{"name":"To Win Both Halves","odds":"6.00","header":"Away"},{"name":"To Score in Both Halves","odds":"5.00","header":"Home"},{"name":"To Score in Both Halves","odds":"3.00","header":"Away"}],"to_score_in_half":[{"name":"1st Half","odds":"2.50","header":"Yes"},{"name":"1st Half","odds":"1.50","header":"No"},{"name":"2nd Half","odds":"2.00","header":"Yes"},{"name":"2nd Half","odds":"1.73","header":"No"},{"name":"1st Half","odds":"1.83","header":"Yes"},{"name":"1st Half","odds":"1.83","header":"No"},{"name":"2nd Half","odds":"1.57","header":"Yes"},{"name":"2nd Half","odds":"2.25","header":"No"}],"own_goal":[{"opp":"Yes","odds":"11.00"},{"opp":"No","odds":"1.05"}]}}}]}}