{"odd":{"success":1,"results":[{"FI":"75227383","event_id":"802590","asian_lines":{"updated_at":"1532571269","sp":{"asian_handicap":[{"opp":"0.0, -0.5","odds":"2.150","header":"Home"},{"opp":"0.0, +0.5","odds":"1.725","header":"Away"}],"goal_line":[{"goals":"2.5","odds":"2.100","header":"Over"},{"goals":"2.5","odds":"1.775","header":"Under"}],"alternative_asian_handicap":[{"opp":"-1.5, -2.0","odds":"6.600","header":"Home"},{"opp":"+1.5, +2.0","odds":"1.110","header":"Away"},{"opp":"-1.5","odds":"5.000","header":"Home"},{"opp":"+1.5","odds":"1.170","header":"Away"},{"opp":"-1.0, -1.5","odds":"4.500","header":"Home"},{"opp":"+1.0, +1.5","odds":"1.190","header":"Away"},{"opp":"-1.0","odds":"4.000","header":"Home"},{"opp":"+1.0","odds":"1.230","header":"Away"},{"opp":"-0.5, -1.0","odds":"3.000","header":"Home"},{"opp":"+0.5, +1.0","odds":"1.375","header":"Away"},{"opp":"-0.5","odds":"2.375","header":"Home"},{"opp":"+0.5","odds":"1.550","header":"Away"},{"opp":"0.0","odds":"1.775","header":"Home"},{"opp":"0.0","odds":"2.025","header":"Away"},{"opp":"0.0, +0.5","odds":"1.550","header":"Home"},{"opp":"0.0, -0.5","odds":"2.375","header":"Away"},{"opp":"+0.5","odds":"1.425","header":"Home"},{"opp":"-0.5","odds":"2.750","header":"Away"},{"opp":"+0.5, +1.0","odds":"1.300","header":"Home"},{"opp":"-0.5, -1.0","odds":"3.450","header":"Away"},{"opp":"+1.0","odds":"1.175","header":"Home"},{"opp":"-1.0","odds":"4.800","header":"Away"},{"opp":"+1.0, +1.5","odds":"1.150","header":"Home"},{"opp":"-1.0, -1.5","odds":"5.500","header":"Away"},{"opp":"+1.5","odds":"1.130","header":"Home"},{"opp":"-1.5","odds":"5.900","header":"Away"}],"alternative_goal_line":[{"goals":"1.0, 1.5","odds":"1.210","header":"Over"},{"goals":"1.0, 1.5","odds":"4.250","header":"Under"},{"goals":"1.5","odds":"1.325","header":"Over"},{"goals":"1.5","odds":"3.300","header":"Under"},{"goals":"1.5, 2.0","odds":"1.400","header":"Over"},{"goals":"1.5, 2.0","odds":"2.850","header":"Under"},{"goals":"2.0","odds":"1.525","header":"Over"},{"goals":"2.0","odds":"2.425","header":"Under"},{"goals":"2.0, 2.5","odds":"1.800","header":"Over"},{"goals":"2.0, 2.5","odds":"2.000","header":"Under"},{"goals":"2.5, 3.0","odds":"2.350","header":"Over"},{"goals":"2.5, 3.0","odds":"1.575","header":"Under"},{"goals":"3.0","odds":"2.850","header":"Over"},{"goals":"3.0","odds":"1.400","header":"Under"},{"goals":"3.0, 3.5","odds":"3.300","header":"Over"},{"goals":"3.0, 3.5","odds":"1.325","header":"Under"},{"goals":"3.5","odds":"3.550","header":"Over"},{"goals":"3.5","odds":"1.275","header":"Under"},{"goals":"3.5, 4.0","odds":"4.400","header":"Over"},{"goals":"3.5, 4.0","odds":"1.200","header":"Under"},{"goals":"4.0","odds":"6.400","header":"Over"},{"goals":"4.0","odds":"1.115","header":"Under"},{"goals":"4.0, 4.5","odds":"6.800","header":"Over"},{"goals":"4.0, 4.5","odds":"1.105","header":"Under"}],"1st_half_asian_handicap":[{"opp":"0.0","odds":"1.800","header":"Home"},{"opp":"0.0","odds":"2.000","header":"Away"}],"1st_half_goal_line":[{"goals":"1.0","odds":"2.025","header":"Over"},{"goals":"1.0","odds":"1.775","header":"Under"}],"alternative_1st_half_asian_handicap":[{"opp":"-0.5, -1.0","odds":"4.250","header":"Home"},{"opp":"+0.5, +1.0","odds":"1.210","header":"Away"},{"opp":"-0.5","odds":"3.100","header":"Home"},{"opp":"+0.5","odds":"1.350","header":"Away"},{"opp":"0.0, -0.5","odds":"2.425","header":"Home"},{"opp":"0.0, +0.5","odds":"1.525","header":"Away"},{"opp":"0.0, +0.5","odds":"1.450","header":"Home"},{"opp":"0.0, -0.5","odds":"2.675","header":"Away"},{"opp":"+0.5","odds":"1.300","header":"Home"},{"opp":"-0.5","odds":"3.450","header":"Away"},{"opp":"+0.5, +1.0","odds":"1.175","header":"Home"},{"opp":"-0.5, -1.0","odds":"4.800","header":"Away"}],"alternative_1st_half_goal_line":[{"goals":"0.5, 1.0","odds":"1.625","header":"Over"},{"goals":"0.5, 1.0","odds":"2.250","header":"Under"},{"goals":"1.0, 1.5","odds":"2.500","header":"Over"},{"goals":"1.0, 1.5","odds":"1.500","header":"Under"},{"goals":"1.5","odds":"3.000","header":"Over"},{"goals":"1.5","odds":"1.375","header":"Under"},{"goals":"1.5, 2.0","odds":"4.000","header":"Over"},{"goals":"1.5, 2.0","odds":"1.230","header":"Under"},{"goals":"2.0","odds":"6.800","header":"Over"},{"goals":"2.0","odds":"1.105","header":"Under"}]}},"goals":{"updated_at":"1532569562","sp":{"goals_over_under":[{"goals":"2.5","odds":"2.05","header":"Over"},{"goals":"2.5","odds":"1.75","header":"Under"}],"alternative_total_goals":[{"goals":"0.5","odds":"1.07","header":"Over "},{"goals":"0.5","odds":"9.50","header":"Under"},{"goals":"1.5","odds":"1.33","header":"Over "},{"goals":"1.5","odds":"3.25","header":"Under"},{"goals":"3.5","odds":"3.50","header":"Over "},{"goals":"3.5","odds":"1.29","header":"Under"},{"goals":"4.5","odds":"8.00","header":"Over "},{"goals":"4.5","odds":"1.08","header":"Under"},{"goals":"5.5","odds":"17.00","header":"Over "},{"goals":"5.5","odds":"1.02","header":"Under"}],"result_total_goals":[{"opp":"Wigry Suwalki & Over 2.5","odds":"4.33"},{"opp":"Wigry Suwalki & Under 2.5","odds":"5.00"},{"opp":"Draw & Over 2.5","odds":"13.00"},{"opp":"Draw & Under  2.5","odds":"4.00"},{"opp":"Chojniczanka Chojnice & Over 2.5","odds":"4.75"},{"opp":"Chojniczanka Chojnice & Under 2.5","odds":"6.00"}],"total_goals_both_teams_to_score":[{"opp":"Over 2.5 & Yes","odds":"2.38"},{"opp":"Over 2.5 & No","odds":"11.00"},{"opp":"Under 2.5 & Yes","odds":"6.00"},{"opp":"Under 2.5 & No","odds":"2.25"}],"exact_total_goals":[{"opp":"0 Goals","odds":"9.50"},{"opp":"1 Goal","odds":"4.50"},{"opp":"2 Goals","odds":"3.50"},{"opp":"3 Goals","odds":"4.33"},{"opp":"4 Goals","odds":"6.00"},{"opp":"5 Goals","odds":"12.00"},{"opp":"6 Goals","odds":"26.00"},{"opp":"7+ Goals","odds":"34.00"}],"number_of_goals_in_match":[{"opp":"Under 2 goals","odds":"3.25"},{"opp":"2 or 3 goals","odds":"1.95"},{"opp":"Over 3 goals","odds":"3.50"}],"both_teams_to_score":[{"opp":"Yes","odds":"1.80"},{"opp":"No","odds":"1.91"}],"teams_to_score":[{"opp":"Both Teams","odds":"1.80"},{"opp":"Wigry Suwalki Only","odds":"4.00"},{"opp":"No Goal","odds":"9.50"},{"opp":"Chojniczanka Chojnice Only","odds":"4.75"}],"both_teams_to_score_in_1st_half":[{"opp":"Yes","odds":"5.00"},{"opp":"No","odds":"1.17"}],"both_teams_to_score_in_2nd_half":[{"opp":"Yes","odds":"3.40"},{"opp":"No","odds":"1.30"}],"both_teams_to_score_1st_half_2nd_half":[{"opp":"Yes \/ Yes","odds":"17.00"},{"opp":"Yes \/ No","odds":"6.50"},{"opp":"No \/ Yes","odds":"3.75"},{"opp":"No \/ No","odds":"1.53"}],"first_half_goals":[{"goals":"0.5","odds":"1.44","header":"Over"},{"goals":"0.5","odds":"2.62","header":"Under"},{"goals":"1.5","odds":"3.00","header":"Over"},{"goals":"1.5","odds":"1.36","header":"Under"},{"goals":"2.5","odds":"9.00","header":"Over"},{"goals":"2.5","odds":"1.07","header":"Under"},{"goals":"3.5","odds":"23.00","header":"Over"},{"goals":"3.5","odds":"1.01","header":"Under"}],"exact_1st_half_goals":[{"opp":"0 Goals","odds":"2.62"},{"opp":"1 Goal","odds":"2.50"},{"opp":"2 Goals","odds":"4.33"},{"opp":"3 Goals","odds":"11.00"},{"opp":"4 Goals","odds":"34.00"},{"opp":"5+ Goals","odds":"81.00"}],"first_team_to_score":[{"opp":"Wigry Suwalki","odds":"1.83"},{"opp":"No Goals","odds":"9.50"},{"opp":"Chojniczanka Chojnice","odds":"2.20"}],"2nd_half_goals":[{"goals":"0.5","odds":"1.25","header":"Over"},{"goals":"0.5","odds":"3.75","header":"Under"},{"goals":"1.5","odds":"2.20","header":"Over"},{"goals":"1.5","odds":"1.62","header":"Under"},{"goals":"2.5","odds":"5.00","header":"Over"},{"goals":"2.5","odds":"1.17","header":"Under"},{"goals":"3.5","odds":"13.00","header":"Over"},{"goals":"3.5","odds":"1.04","header":"Under"}],"exact_2nd_half_goals":[{"opp":"0 Goals","odds":"3.75"},{"opp":"1 Goal","odds":"2.75"},{"opp":"2 Goals","odds":"3.60"},{"opp":"3 Goals","odds":"7.00"},{"opp":"4 Goals","odds":"19.00"},{"opp":"5+ Goals","odds":"29.00"}],"half_with_most_goals":[{"opp":"1st Half","odds":"3.20"},{"opp":"2nd Half","odds":"2.05"},{"opp":"Tie","odds":"3.40"}],"home_team_highest_scoring_half":[{"opp":"Wigry Suwalki - 1st Half","odds":"3.60"},{"opp":"Wigry Suwalki - 2nd Half","odds":"2.50"},{"opp":"Wigry Suwalki - Tie","odds":"2.30"}],"away_team_highest_scoring_half":[{"opp":"Chojniczanka Chojnice - 1st Half","odds":"3.75"},{"opp":"Chojniczanka Chojnice - 2nd Half","odds":"2.60"},{"opp":"Chojniczanka Chojnice - Tie","odds":"2.20"}],"home_team_exact_goals":[{"opp":"Wigry Suwalki - 0 Goals","odds":"3.40"},{"opp":"Wigry Suwalki - 1 Goal","odds":"2.60"},{"opp":"Wigry Suwalki - 2 Goals","odds":"3.75"},{"opp":"Wigry Suwalki - 3+ Goals","odds":"6.00"}],"away_team_exact_goals":[{"opp":"Chojniczanka Chojnice - 0 Goals","odds":"3.25"},{"opp":"Chojniczanka Chojnice - 1 Goal","odds":"2.50"},{"opp":"Chojniczanka Chojnice - 2 Goals","odds":"4.00"},{"opp":"Chojniczanka Chojnice - 3+ Goals","odds":"7.00"}],"goals_odd_even":[{"opp":"Even","odds":"1.90"},{"opp":"Odd","odds":"1.95"}],"home_team_odd_even_goals":[{"opp":"Wigry Suwalki - Even","odds":"1.73"},{"opp":"Wigry Suwalki - Odd","odds":"2.00"}],"away_team_odd_even_goals":[{"opp":"Chojniczanka Chojnice - Even","odds":"1.73"},{"opp":"Chojniczanka Chojnice - Odd","odds":"2.00"}],"1st_half_goals_odd_even":[{"opp":"Odd","odds":"2.10"},{"opp":"Even","odds":"1.73"}],"last_team_to_score":[{"opp":"Wigry Suwalki","odds":"1.83"},{"opp":"No Goal","odds":"9.50"},{"opp":"Chojniczanka Chojnice","odds":"2.20"}]}},"half":{"updated_at":"1532571281","sp":{"half_time_result":[{"opp":"1","odds":"3.20"},{"opp":"X","odds":"2.10"},{"opp":"2","odds":"3.50"}],"half_time_double_chance":[{"opp":"1X","odds":"1.29"},{"opp":"X2","odds":"1.36"},{"opp":"12","odds":"1.67"}],"half_time_result_both_teams_to_score":[{"opp":"Wigry Suwalki & Yes","odds":"21.00"},{"opp":"Wigry Suwalki & No","odds":"3.50"},{"opp":"Draw & Yes","odds":"8.00"},{"opp":"Draw & No","odds":"2.62"},{"opp":"Chojniczanka Chojnice & Yes","odds":"23.00"},{"opp":"Chojniczanka Chojnice & No","odds":"3.75"}],"half_time_result_total_goals":[{"opp":"Wigry Suwalki & Over 1.5","odds":"8.50"},{"opp":"Wigry Suwalki & Under 1.5","odds":"4.50"},{"opp":"Draw & Over 1.5","odds":"8.00"},{"opp":"Draw & Under 1.5","odds":"2.62"},{"opp":"Chojniczanka Chojnice & Over 1.5","odds":"9.50"},{"opp":"Chojniczanka Chojnice & Under 1.5","odds":"4.75"}],"half_time_correct_score":[{"opp":"1-0","odds":"4.50","header":"Home"},{"opp":"0-0","odds":"2.62","header":"X"},{"opp":"1-0","odds":"4.75","header":"Away"},{"opp":"2-0","odds":"13.00","header":"Home"},{"opp":"1-1","odds":"8.00","header":"X"},{"opp":"2-0","odds":"17.00","header":"Away"},{"opp":"2-1","odds":"26.00","header":"Home"},{"opp":"2-2","odds":"51.00","header":"X"},{"opp":"2-1","odds":"26.00","header":"Away"},{"opp":"3-0","odds":"51.00","header":"Home"},{"opp":"3-0","odds":"51.00","header":"Away"},{"opp":"3-1","odds":"67.00","header":"Home"},{"opp":"3-1","odds":"81.00","header":"Away"},{"opp":"3-2","odds":"201.00","header":"Home"},{"opp":"3-2","odds":"251.00","header":"Away"},{"opp":"4-0","odds":"201.00","header":"Home"},{"opp":"4-0","odds":"251.00","header":"Away"},{"opp":"4-1","odds":"351.00","header":"Home"}],"both_teams_to_score_in_1st_half":[{"opp":"Yes","odds":"5.00"},{"opp":"No","odds":"1.17"}],"both_teams_to_score_in_2nd_half":[{"opp":"Yes","odds":"3.40"},{"opp":"No","odds":"1.30"}],"both_teams_to_score_1st_half_2nd_half":[{"opp":"Yes \/ Yes","odds":"17.00"},{"opp":"Yes \/ No","odds":"6.50"},{"opp":"No \/ Yes","odds":"3.75"},{"opp":"No \/ No","odds":"1.53"}],"1st_half_asian_handicap":[{"opp":"0.0","odds":"1.800","header":"Home"},{"opp":"0.0","odds":"2.000","header":"Away"}],"1st_half_goal_line":[{"goals":"1.0","odds":"2.025","header":"Over"},{"goals":"1.0","odds":"1.775","header":"Under"}],"alternative_1st_half_asian_handicap":[{"opp":"-0.5, -1.0","odds":"4.250","header":"Home"},{"opp":"+0.5, +1.0","odds":"1.210","header":"Away"},{"opp":"-0.5","odds":"3.100","header":"Home"},{"opp":"+0.5","odds":"1.350","header":"Away"},{"opp":"0.0, -0.5","odds":"2.425","header":"Home"},{"opp":"0.0, +0.5","odds":"1.525","header":"Away"},{"opp":"0.0, +0.5","odds":"1.450","header":"Home"},{"opp":"0.0, -0.5","odds":"2.675","header":"Away"},{"opp":"+0.5","odds":"1.300","header":"Home"},{"opp":"-0.5","odds":"3.450","header":"Away"},{"opp":"+0.5, +1.0","odds":"1.175","header":"Home"},{"opp":"-0.5, -1.0","odds":"4.800","header":"Away"}],"alternative_1st_half_goal_line":[{"goals":"0.5, 1.0","odds":"1.625","header":"Over"},{"goals":"0.5, 1.0","odds":"2.250","header":"Under"},{"goals":"1.0, 1.5","odds":"2.500","header":"Over"},{"goals":"1.0, 1.5","odds":"1.500","header":"Under"},{"goals":"1.5","odds":"3.000","header":"Over"},{"goals":"1.5","odds":"1.375","header":"Under"},{"goals":"1.5, 2.0","odds":"4.000","header":"Over"},{"goals":"1.5, 2.0","odds":"1.230","header":"Under"},{"goals":"2.0","odds":"6.800","header":"Over"},{"goals":"2.0","odds":"1.105","header":"Under"}],"1st_half_handicap":[{"opp":"Wigry Suwalki  -1.0","odds":"10.00"},{"opp":"Tie - Chojniczanka Chojnice +1.0","odds":"3.75"},{"opp":"Chojniczanka Chojnice  +1.0","odds":"1.36"}],"alternative_1st_half_handicap_result":[{"opp":"-2.0","odds":"23.00","header":"Home"},{"opp":"+2.0","odds":"11.00","header":"Tie"},{"opp":"+2.0","odds":"1.05","header":"Away"},{"opp":"+1.0","odds":"1.29","header":"Home"},{"opp":"-1.0","odds":"4.00","header":"Tie"},{"opp":"-1.0","odds":"12.00","header":"Away"}],"first_half_goals":[{"goals":"0.5","odds":"1.44","header":"Over"},{"goals":"0.5","odds":"2.62","header":"Under"},{"goals":"1.5","odds":"3.00","header":"Over"},{"goals":"1.5","odds":"1.36","header":"Under"},{"goals":"2.5","odds":"9.00","header":"Over"},{"goals":"2.5","odds":"1.07","header":"Under"},{"goals":"3.5","odds":"23.00","header":"Over"},{"goals":"3.5","odds":"1.01","header":"Under"}],"exact_1st_half_goals":[{"opp":"0 Goals","odds":"2.62"},{"opp":"1 Goal","odds":"2.50"},{"opp":"2 Goals","odds":"4.33"},{"opp":"3 Goals","odds":"11.00"},{"opp":"4 Goals","odds":"34.00"},{"opp":"5+ Goals","odds":"81.00"}],"1st_half_goals_odd_even":[{"opp":"Odd","odds":"2.10"},{"opp":"Even","odds":"1.73"}],"to_score_in_half":[{"name":"1st Half","odds":"2.10","header":"Yes"},{"name":"1st Half","odds":"1.67","header":"No"},{"name":"2nd Half","odds":"1.80","header":"Yes"},{"name":"2nd Half","odds":"1.91","header":"No"},{"name":"1st Half","odds":"2.25","header":"Yes"},{"name":"1st Half","odds":"1.57","header":"No"},{"name":"2nd Half","odds":"1.83","header":"Yes"},{"name":"2nd Half","odds":"1.83","header":"No"}],"half_with_most_goals":[{"opp":"1st Half","odds":"3.20"},{"opp":"2nd Half","odds":"2.05"},{"opp":"Tie","odds":"3.40"}],"home_team_highest_scoring_half":[{"opp":"Wigry Suwalki - 1st Half","odds":"3.60"},{"opp":"Wigry Suwalki - 2nd Half","odds":"2.50"},{"opp":"Wigry Suwalki - Tie","odds":"2.30"}],"away_team_highest_scoring_half":[{"opp":"Chojniczanka Chojnice - 1st Half","odds":"3.75"},{"opp":"Chojniczanka Chojnice - 2nd Half","odds":"2.60"},{"opp":"Chojniczanka Chojnice - Tie","odds":"2.20"}],"2nd_half_result":[{"opp":"1","odds":"2.75"},{"opp":"X","odds":"2.40"},{"opp":"2","odds":"3.00"}],"2nd_half_goals":[{"goals":"0.5","odds":"1.25","header":"Over"},{"goals":"0.5","odds":"3.75","header":"Under"},{"goals":"1.5","odds":"2.20","header":"Over"},{"goals":"1.5","odds":"1.62","header":"Under"},{"goals":"2.5","odds":"5.00","header":"Over"},{"goals":"2.5","odds":"1.17","header":"Under"},{"goals":"3.5","odds":"13.00","header":"Over"},{"goals":"3.5","odds":"1.04","header":"Under"}],"exact_2nd_half_goals":[{"opp":"0 Goals","odds":"3.75"},{"opp":"1 Goal","odds":"2.75"},{"opp":"2 Goals","odds":"3.60"},{"opp":"3 Goals","odds":"7.00"},{"opp":"4 Goals","odds":"19.00"},{"opp":"5+ Goals","odds":"29.00"}],"2nd_half_goals_odd_even":[{"opp":"Even","odds":"1.73"},{"opp":"Odd","odds":"2.00"}]}},"main":{"updated_at":"1532571255","sp":{"full_time_result":[{"opp":"1","odds":"2.50"},{"opp":"X","odds":"3.25"},{"opp":"2","odds":"2.80"}],"double_chance":[{"opp":"1X","odds":"1.44"},{"opp":"X2","odds":"1.55"},{"opp":"12","odds":"1.35"}],"correct_score":[{"opp":"1-0","odds":"8.00","header":"Home"},{"opp":"0-0","odds":"9.50","header":"X"},{"opp":"1-0","odds":"8.50","header":"Away"},{"opp":"2-0","odds":"12.00","header":"Home"},{"opp":"1-1","odds":"6.00","header":"X"},{"opp":"2-0","odds":"13.00","header":"Away"},{"opp":"2-1","odds":"9.50","header":"Home"},{"opp":"2-2","odds":"15.00","header":"X"},{"opp":"2-1","odds":"11.00","header":"Away"},{"opp":"3-0","odds":"23.00","header":"Home"},{"opp":"3-3","odds":"51.00","header":"X"},{"opp":"3-0","odds":"29.00","header":"Away"},{"opp":"3-1","odds":"21.00","header":"Home"},{"opp":"4-4","odds":"301.00","header":"X"},{"opp":"3-1","odds":"23.00","header":"Away"},{"opp":"3-2","odds":"29.00","header":"Home"},{"opp":"3-2","odds":"34.00","header":"Away"},{"opp":"4-0","odds":"51.00","header":"Home"},{"opp":"4-0","odds":"51.00","header":"Away"},{"opp":"4-1","odds":"41.00","header":"Home"},{"opp":"4-1","odds":"51.00","header":"Away"},{"opp":"4-2","odds":"67.00","header":"Home"},{"opp":"4-2","odds":"67.00","header":"Away"},{"opp":"4-3","odds":"126.00","header":"Home"},{"opp":"4-3","odds":"126.00","header":"Away"},{"opp":"5-0","odds":"126.00","header":"Home"},{"opp":"5-0","odds":"151.00","header":"Away"},{"opp":"5-1","odds":"101.00","header":"Home"},{"opp":"5-1","odds":"151.00","header":"Away"},{"opp":"5-2","odds":"151.00","header":"Home"},{"opp":"5-2","odds":"201.00","header":"Away"}],"half_time_full_time":[{"opp":"Wigry Suwalki - Wigry Suwalki","odds":"4.00"},{"opp":"Wigry Suwalki - Draw","odds":"15.00"},{"opp":"Wigry Suwalki - Chojniczanka Chojnice","odds":"29.00"},{"opp":"Draw - Wigry Suwalki","odds":"6.00"},{"opp":"Draw - Draw","odds":"5.00"},{"opp":"Draw - Chojniczanka Chojnice","odds":"6.50"},{"opp":"Chojniczanka Chojnice - Wigry Suwalki","odds":"29.00"},{"opp":"Chojniczanka Chojnice - Draw","odds":"15.00"},{"opp":"Chojniczanka Chojnice - Chojniczanka Chojnice","odds":"4.50"}],"goals_over_under":[{"goals":"2.5","odds":"2.05","header":"Over"},{"goals":"2.5","odds":"1.75","header":"Under"}],"both_teams_to_score":[{"opp":"Yes","odds":"1.80"},{"opp":"No","odds":"1.91"}],"asian_handicap":[{"opp":"0.0, -0.5","odds":"2.150","header":"Home"},{"opp":"0.0, +0.5","odds":"1.725","header":"Away"}],"goal_line":[{"goals":"2.5","odds":"2.100","header":"Over"},{"goals":"2.5","odds":"1.775","header":"Under"}],"alternative_asian_handicap":[{"opp":"-1.5, -2.0","odds":"6.600","header":"Home"},{"opp":"+1.5, +2.0","odds":"1.110","header":"Away"},{"opp":"-1.5","odds":"5.000","header":"Home"},{"opp":"+1.5","odds":"1.170","header":"Away"},{"opp":"-1.0, -1.5","odds":"4.500","header":"Home"},{"opp":"+1.0, +1.5","odds":"1.190","header":"Away"},{"opp":"-1.0","odds":"4.000","header":"Home"},{"opp":"+1.0","odds":"1.230","header":"Away"},{"opp":"-0.5, -1.0","odds":"3.000","header":"Home"},{"opp":"+0.5, +1.0","odds":"1.375","header":"Away"},{"opp":"-0.5","odds":"2.375","header":"Home"},{"opp":"+0.5","odds":"1.550","header":"Away"},{"opp":"0.0","odds":"1.775","header":"Home"},{"opp":"0.0","odds":"2.025","header":"Away"},{"opp":"0.0, +0.5","odds":"1.550","header":"Home"},{"opp":"0.0, -0.5","odds":"2.375","header":"Away"},{"opp":"+0.5","odds":"1.425","header":"Home"},{"opp":"-0.5","odds":"2.750","header":"Away"},{"opp":"+0.5, +1.0","odds":"1.300","header":"Home"},{"opp":"-0.5, -1.0","odds":"3.450","header":"Away"},{"opp":"+1.0","odds":"1.175","header":"Home"},{"opp":"-1.0","odds":"4.800","header":"Away"},{"opp":"+1.0, +1.5","odds":"1.150","header":"Home"},{"opp":"-1.0, -1.5","odds":"5.500","header":"Away"},{"opp":"+1.5","odds":"1.130","header":"Home"},{"opp":"-1.5","odds":"5.900","header":"Away"}],"alternative_goal_line":[{"goals":"1.0, 1.5","odds":"1.210","header":"Over"},{"goals":"1.0, 1.5","odds":"4.250","header":"Under"},{"goals":"1.5","odds":"1.325","header":"Over"},{"goals":"1.5","odds":"3.300","header":"Under"},{"goals":"1.5, 2.0","odds":"1.400","header":"Over"},{"goals":"1.5, 2.0","odds":"2.850","header":"Under"},{"goals":"2.0","odds":"1.525","header":"Over"},{"goals":"2.0","odds":"2.425","header":"Under"},{"goals":"2.0, 2.5","odds":"1.800","header":"Over"},{"goals":"2.0, 2.5","odds":"2.000","header":"Under"},{"goals":"2.5, 3.0","odds":"2.350","header":"Over"},{"goals":"2.5, 3.0","odds":"1.575","header":"Under"},{"goals":"3.0","odds":"2.850","header":"Over"},{"goals":"3.0","odds":"1.400","header":"Under"},{"goals":"3.0, 3.5","odds":"3.300","header":"Over"},{"goals":"3.0, 3.5","odds":"1.325","header":"Under"},{"goals":"3.5","odds":"3.550","header":"Over"},{"goals":"3.5","odds":"1.275","header":"Under"},{"goals":"3.5, 4.0","odds":"4.400","header":"Over"},{"goals":"3.5, 4.0","odds":"1.200","header":"Under"},{"goals":"4.0","odds":"6.400","header":"Over"},{"goals":"4.0","odds":"1.115","header":"Under"},{"goals":"4.0, 4.5","odds":"6.800","header":"Over"},{"goals":"4.0, 4.5","odds":"1.105","header":"Under"}],"draw_no_bet":[{"opp":"Wigry Suwalki","odds":"1.73"},{"opp":"Chojniczanka Chojnice","odds":"2.00"}],"result_both_teams_to_score":[{"name":"Wigry Suwalki","odds":"5.00","header":"Yes"},{"name":"Wigry Suwalki","odds":"4.33","header":"No"},{"name":"Chojniczanka Chojnice","odds":"6.00","header":"Yes"},{"name":"Chojniczanka Chojnice","odds":"4.75","header":"No"},{"name":"Draw","odds":"4.50","header":"Yes"},{"name":"Draw","odds":"9.50","header":"No"}],"handicap_result":[{"opp":"Wigry Suwalki (-1)","odds":"4.75"},{"opp":"Tie - (Chojniczanka Chojnice +1)","odds":"4.00"},{"opp":"Chojniczanka Chojnice (+1)","odds":"1.55"}],"alternative_handicap_result":[{"opp":"-3.0","odds":"19.00","header":"Home"},{"opp":"+3.0","odds":"13.00","header":"Tie"},{"opp":"+3.0","odds":"1.04","header":"Away"},{"opp":"-2.0","odds":"11.00","header":"Home"},{"opp":"+2.0","odds":"7.00","header":"Tie"},{"opp":"+2.0","odds":"1.14","header":"Away"},{"opp":"+1.0","odds":"1.44","header":"Home"},{"opp":"-1.0","odds":"4.33","header":"Tie"},{"opp":"-1.0","odds":"5.50","header":"Away"},{"opp":"+2.0","odds":"1.10","header":"Home"},{"opp":"-2.0","odds":"8.00","header":"Tie"},{"opp":"-2.0","odds":"13.00","header":"Away"}],"winning_margin":[{"goals":" 1","odds":"4.00","header":"Home"},{"goals":" 1","odds":"4.33","header":"Away"},{"goals":" 2","odds":"7.00","header":"Home"},{"goals":" 2","odds":"8.00","header":"Away"},{"goals":" 3","odds":"13.00","header":"Home"},{"goals":" 3","odds":"23.00","header":"Away"},{"goals":" 4+","odds":"19.00","header":"Home"},{"goals":" 4+","odds":"41.00","header":"Away"},{"goals":"Score Draw","odds":"4.50","header":"Home"},{"goals":"No Goal","odds":"9.50","header":"Home"}]}},"schedule":{"updated_at":"1532570852","sp":{"main":[{"odds":"2.100"},{"odds":"1.775"}]}},"specials":{"updated_at":"1532569422","sp":{"specials":[{"name":"To Win From Behind","odds":"10.00","header":"Home"},{"name":"To Win From Behind","odds":"11.00","header":"Away"},{"name":"To Win to Nil","odds":"4.33","header":"Home"},{"name":"To Win to Nil","odds":"4.75","header":"Away"},{"name":"To Win Either Half","odds":"1.73","header":"Home"},{"name":"To Win Either Half","odds":"1.91","header":"Away"},{"name":"To Win Both Halves","odds":"9.00","header":"Home"},{"name":"To Win Both Halves","odds":"11.00","header":"Away"},{"name":"To Score in Both Halves","odds":"3.75","header":"Home"},{"name":"To Score in Both Halves","odds":"4.33","header":"Away"}],"to_score_in_half":[{"name":"1st Half","odds":"2.10","header":"Yes"},{"name":"1st Half","odds":"1.67","header":"No"},{"name":"2nd Half","odds":"1.80","header":"Yes"},{"name":"2nd Half","odds":"1.91","header":"No"},{"name":"1st Half","odds":"2.25","header":"Yes"},{"name":"1st Half","odds":"1.57","header":"No"},{"name":"2nd Half","odds":"1.83","header":"Yes"},{"name":"2nd Half","odds":"1.83","header":"No"}]}}}]}}