{"odd":{"success":1,"results":[{"FI":"75245151","event_id":"831966","goals":{"updated_at":"1532571056","sp":{"goals_over_under":[{"goals":"2.5","odds":"1.62","header":"Over"},{"goals":"2.5","odds":"2.25","header":"Under"}],"first_team_to_score":[{"opp":"West Torrens Birkalla","odds":"2.10"},{"opp":"No Goals","odds":"15.00"},{"opp":"Adelaide Olympic","odds":"1.73"}],"home_team_highest_scoring_half":[{"opp":"West Torrens Birkalla - 1st Half","odds":"3.60"},{"opp":"West Torrens Birkalla - 2nd Half","odds":"2.50"},{"opp":"West Torrens Birkalla - Tie","odds":"2.30"}],"away_team_highest_scoring_half":[{"opp":"Adelaide Olympic - 1st Half","odds":"3.25"},{"opp":"Adelaide Olympic - 2nd Half","odds":"2.25"},{"opp":"Adelaide Olympic - Tie","odds":"2.75"}],"goals_odd_even":[{"opp":"Even","odds":"1.90"},{"opp":"Odd","odds":"1.95"}],"home_team_odd_even_goals":[{"opp":"West Torrens Birkalla - Even","odds":"1.73"},{"opp":"West Torrens Birkalla - Odd","odds":"2.00"}],"away_team_odd_even_goals":[{"opp":"Adelaide Olympic - Even","odds":"1.80"},{"opp":"Adelaide Olympic - Odd","odds":"1.91"}],"1st_half_goals_odd_even":[{"opp":"Odd","odds":"2.10"},{"opp":"Even","odds":"1.73"}]}},"half":{"updated_at":"1532571071","sp":{"half_time_result":[{"opp":"1","odds":"3.60"},{"opp":"X","odds":"2.40"},{"opp":"2","odds":"2.40"}],"half_time_double_chance":[{"opp":"1X","odds":"1.53"},{"opp":"X2","odds":"1.29"},{"opp":"12","odds":"1.53"}],"half_time_correct_score":[{"opp":"1-0","odds":"6.00","header":"Home"},{"opp":"0-0","odds":"3.40","header":"X"},{"opp":"1-0","odds":"4.33","header":"Away"},{"opp":"2-0","odds":"17.00","header":"Home"},{"opp":"1-1","odds":"8.50","header":"X"},{"opp":"2-0","odds":"9.50","header":"Away"},{"opp":"2-1","odds":"26.00","header":"Home"},{"opp":"2-2","odds":"51.00","header":"X"},{"opp":"2-1","odds":"21.00","header":"Away"},{"opp":"3-0","odds":"41.00","header":"Home"},{"opp":"3-0","odds":"26.00","header":"Away"},{"opp":"3-1","odds":"67.00","header":"Home"},{"opp":"3-1","odds":"51.00","header":"Away"},{"opp":"4-0","odds":"51.00","header":"Away"}],"1st_half_goals_odd_even":[{"opp":"Odd","odds":"2.10"},{"opp":"Even","odds":"1.73"}],"home_team_highest_scoring_half":[{"opp":"West Torrens Birkalla - 1st Half","odds":"3.60"},{"opp":"West Torrens Birkalla - 2nd Half","odds":"2.50"},{"opp":"West Torrens Birkalla - Tie","odds":"2.30"}],"away_team_highest_scoring_half":[{"opp":"Adelaide Olympic - 1st Half","odds":"3.25"},{"opp":"Adelaide Olympic - 2nd Half","odds":"2.25"},{"opp":"Adelaide Olympic - Tie","odds":"2.75"}],"2nd_half_goals_odd_even":[{"opp":"Even","odds":"1.80"},{"opp":"Odd","odds":"1.91"}]}},"main":{"updated_at":"1532570553","sp":{"full_time_result":[{"opp":"1","odds":"3.30"},{"opp":"X","odds":"3.75"},{"opp":"2","odds":"1.85"}],"double_chance":[{"opp":"1X","odds":"1.83"},{"opp":"X2","odds":"1.33"},{"opp":"12","odds":"1.25"}],"correct_score":[{"opp":"1-0","odds":"15.00","header":"Home"},{"opp":"0-0","odds":"15.00","header":"X"},{"opp":"1-0","odds":"10.00","header":"Away"},{"opp":"2-0","odds":"21.00","header":"Home"},{"opp":"1-1","odds":"8.00","header":"X"},{"opp":"2-0","odds":"11.00","header":"Away"},{"opp":"2-1","odds":"13.00","header":"Home"},{"opp":"2-2","odds":"13.00","header":"X"},{"opp":"2-1","odds":"9.50","header":"Away"},{"opp":"3-0","odds":"34.00","header":"Home"},{"opp":"3-3","odds":"41.00","header":"X"},{"opp":"3-0","odds":"17.00","header":"Away"},{"opp":"3-1","odds":"26.00","header":"Home"},{"opp":"3-1","odds":"15.00","header":"Away"},{"opp":"3-2","odds":"29.00","header":"Home"},{"opp":"3-2","odds":"23.00","header":"Away"},{"opp":"4-0","odds":"51.00","header":"Home"},{"opp":"4-0","odds":"29.00","header":"Away"},{"opp":"4-1","odds":"51.00","header":"Home"},{"opp":"4-1","odds":"26.00","header":"Away"},{"opp":"4-2","odds":"51.00","header":"Home"},{"opp":"4-2","odds":"41.00","header":"Away"},{"opp":"4-3","odds":"81.00","header":"Home"},{"opp":"5-0","odds":"51.00","header":"Away"},{"opp":"5-1","odds":"51.00","header":"Away"},{"opp":"5-2","odds":"67.00","header":"Away"},{"opp":"4-3","odds":"67.00","header":"Away"},{"opp":"6-0","odds":"81.00","header":"Away"},{"opp":"6-1","odds":"81.00","header":"Away"}],"half_time_full_time":[{"opp":"West Torrens Birkalla - West Torrens Birkalla","odds":"5.50"},{"opp":"West Torrens Birkalla - Draw","odds":"15.00"},{"opp":"West Torrens Birkalla - Adelaide Olympic","odds":"19.00"},{"opp":"Draw - West Torrens Birkalla","odds":"8.00"},{"opp":"Draw - Draw","odds":"7.00"},{"opp":"Draw - Adelaide Olympic","odds":"5.50"},{"opp":"Adelaide Olympic - West Torrens Birkalla","odds":"23.00"},{"opp":"Adelaide Olympic - Draw","odds":"15.00"},{"opp":"Adelaide Olympic - Adelaide Olympic","odds":"3.00"}],"goals_over_under":[{"goals":"2.5","odds":"1.62","header":"Over"},{"goals":"2.5","odds":"2.25","header":"Under"}],"draw_no_bet":[{"opp":"West Torrens Birkalla","odds":"2.62"},{"opp":"Adelaide Olympic","odds":"1.44"}]}},"schedule":{"updated_at":"1532569966","sp":{"main":[{"odds":"3.30"},{"odds":"3.75"},{"odds":"1.85"}]}}}]}}