{"odd":{"success":1,"results":[{"FI":"75228136","event_id":"627548","asian_lines":{"updated_at":"1532569425","sp":{"asian_handicap":[{"opp":"0.0","odds":"1.850","header":"Home"},{"opp":"0.0","odds":"2.000","header":"Away"}],"goal_line":[{"goals":"2.5","odds":"1.875","header":"Over"},{"goals":"2.5","odds":"1.975","header":"Under"}],"alternative_asian_handicap":[{"opp":"-1.5, -2.0","odds":"6.800","header":"Home"},{"opp":"+1.5, +2.0","odds":"1.105","header":"Away"},{"opp":"-1.5","odds":"5.250","header":"Home"},{"opp":"+1.5","odds":"1.160","header":"Away"},{"opp":"-1.0, -1.5","odds":"4.500","header":"Home"},{"opp":"+1.0, +1.5","odds":"1.190","header":"Away"},{"opp":"-1.0","odds":"4.150","header":"Home"},{"opp":"+1.0","odds":"1.220","header":"Away"},{"opp":"-0.5, -1.0","odds":"3.000","header":"Home"},{"opp":"+0.5, +1.0","odds":"1.375","header":"Away"},{"opp":"-0.5","odds":"2.500","header":"Home"},{"opp":"+0.5","odds":"1.500","header":"Away"},{"opp":"0.0, -0.5","odds":"2.200","header":"Home"},{"opp":"0.0, +0.5","odds":"1.650","header":"Away"},{"opp":"0.0, +0.5","odds":"1.600","header":"Home"},{"opp":"0.0, -0.5","odds":"2.300","header":"Away"},{"opp":"+0.5","odds":"1.450","header":"Home"},{"opp":"-0.5","odds":"2.675","header":"Away"},{"opp":"+0.5, +1.0","odds":"1.325","header":"Home"},{"opp":"-0.5, -1.0","odds":"3.300","header":"Away"},{"opp":"+1.0","odds":"1.190","header":"Home"},{"opp":"-1.0","odds":"4.500","header":"Away"},{"opp":"+1.0, +1.5","odds":"1.170","header":"Home"},{"opp":"-1.0, -1.5","odds":"5.000","header":"Away"},{"opp":"+1.5","odds":"1.150","header":"Home"},{"opp":"-1.5","odds":"5.500","header":"Away"}],"alternative_goal_line":[{"goals":"1.0, 1.5","odds":"1.160","header":"Over"},{"goals":"1.0, 1.5","odds":"5.250","header":"Under"},{"goals":"1.5","odds":"1.260","header":"Over"},{"goals":"1.5","odds":"3.700","header":"Under"},{"goals":"1.5, 2.0","odds":"1.325","header":"Over"},{"goals":"1.5, 2.0","odds":"3.300","header":"Under"},{"goals":"2.0","odds":"1.400","header":"Over"},{"goals":"2.0","odds":"2.850","header":"Under"},{"goals":"2.0, 2.5","odds":"1.625","header":"Over"},{"goals":"2.0, 2.5","odds":"2.250","header":"Under"},{"goals":"2.5, 3.0","odds":"2.075","header":"Over"},{"goals":"2.5, 3.0","odds":"1.725","header":"Under"},{"goals":"3.0","odds":"2.425","header":"Over"},{"goals":"3.0","odds":"1.525","header":"Under"},{"goals":"3.0, 3.5","odds":"2.750","header":"Over"},{"goals":"3.0, 3.5","odds":"1.425","header":"Under"},{"goals":"3.5","odds":"3.000","header":"Over"},{"goals":"3.5","odds":"1.375","header":"Under"},{"goals":"3.5, 4.0","odds":"3.700","header":"Over"},{"goals":"3.5, 4.0","odds":"1.260","header":"Under"},{"goals":"4.0","odds":"5.250","header":"Over"},{"goals":"4.0","odds":"1.160","header":"Under"},{"goals":"4.0, 4.5","odds":"5.500","header":"Over"},{"goals":"4.0, 4.5","odds":"1.150","header":"Under"},{"goals":"4.5","odds":"5.900","header":"Over"},{"goals":"4.5","odds":"1.130","header":"Under"}],"1st_half_asian_handicap":[{"opp":"0.0","odds":"1.850","header":"Home"},{"opp":"0.0","odds":"1.950","header":"Away"}],"1st_half_goal_line":[{"goals":"1.0","odds":"1.825","header":"Over"},{"goals":"1.0","odds":"1.975","header":"Under"}],"alternative_1st_half_asian_handicap":[{"opp":"-0.5, -1.0","odds":"4.250","header":"Home"},{"opp":"+0.5, +1.0","odds":"1.210","header":"Away"},{"opp":"-0.5","odds":"3.100","header":"Home"},{"opp":"+0.5","odds":"1.350","header":"Away"},{"opp":"0.0, -0.5","odds":"2.425","header":"Home"},{"opp":"0.0, +0.5","odds":"1.525","header":"Away"},{"opp":"0.0, +0.5","odds":"1.475","header":"Home"},{"opp":"0.0, -0.5","odds":"2.600","header":"Away"},{"opp":"+0.5","odds":"1.325","header":"Home"},{"opp":"-0.5","odds":"3.300","header":"Away"},{"opp":"+0.5, +1.0","odds":"1.200","header":"Home"},{"opp":"-0.5, -1.0","odds":"4.400","header":"Away"}],"alternative_1st_half_goal_line":[{"goals":"0.5, 1.0","odds":"1.525","header":"Over"},{"goals":"0.5, 1.0","odds":"2.425","header":"Under"},{"goals":"1.0, 1.5","odds":"2.300","header":"Over"},{"goals":"1.0, 1.5","odds":"1.600","header":"Under"},{"goals":"1.5","odds":"2.750","header":"Over"},{"goals":"1.5","odds":"1.425","header":"Under"},{"goals":"1.5, 2.0","odds":"3.550","header":"Over"},{"goals":"1.5, 2.0","odds":"1.275","header":"Under"},{"goals":"2.0","odds":"5.750","header":"Over"},{"goals":"2.0","odds":"1.140","header":"Under"},{"goals":"2.0, 2.5","odds":"6.400","header":"Over"},{"goals":"2.0, 2.5","odds":"1.115","header":"Under"},{"goals":"2.5","odds":"7.000","header":"Over"},{"goals":"2.5","odds":"1.100","header":"Under"}],"asian_total_corners":[{"goals":"10.0","odds":"1.950","header":"Over"},{"goals":"10.0","odds":"1.850","header":"Under"}],"1st_half_asian_corners":[{"goals":"4.5","odds":"1.800","header":"Over"},{"goals":"4.5","odds":"2.000","header":"Under"}]}},"corners":{"updated_at":"1532569436","sp":{"corners":[{"opp":"Over 10","odds":"2.20"},{"opp":"Exactly 10","odds":"7.50"},{"opp":"Under 10","odds":"2.00"}],"total_corners":[{"opp":"Under 6","odds":"11.00"},{"opp":"6 - 8","odds":"3.40"},{"opp":"9 - 11","odds":"2.60"},{"opp":"12 - 14","odds":"4.00"},{"opp":"Over 14","odds":"8.50"}],"alternative_corners":[{"goals":"4","odds":"1.02","header":"Over"},{"goals":"4","odds":"23.00","header":"Exactly"},{"goals":"4","odds":"29.00","header":"Under"},{"goals":"5","odds":"1.05","header":"Over"},{"goals":"5","odds":"15.00","header":"Exactly"},{"goals":"5","odds":"19.00","header":"Under"},{"goals":"6","odds":"1.11","header":"Over"},{"goals":"6","odds":"12.00","header":"Exactly"},{"goals":"6","odds":"11.00","header":"Under"},{"goals":"7","odds":"1.22","header":"Over"},{"goals":"7","odds":"9.00","header":"Exactly"},{"goals":"7","odds":"6.50","header":"Under"},{"goals":"8","odds":"1.44","header":"Over"},{"goals":"8","odds":"8.00","header":"Exactly"},{"goals":"8","odds":"4.00","header":"Under"},{"goals":"9","odds":"1.73","header":"Over"},{"goals":"9","odds":"7.50","header":"Exactly"},{"goals":"9","odds":"2.75","header":"Under"},{"goals":"11","odds":"2.88","header":"Over"},{"goals":"11","odds":"8.00","header":"Exactly"},{"goals":"11","odds":"1.67","header":"Under"},{"goals":"12","odds":"3.75","header":"Over"},{"goals":"12","odds":"9.50","header":"Exactly"},{"goals":"12","odds":"1.40","header":"Under"},{"goals":"13","odds":"5.50","header":"Over"},{"goals":"13","odds":"11.00","header":"Exactly"},{"goals":"13","odds":"1.25","header":"Under"},{"goals":"14","odds":"8.00","header":"Over"},{"goals":"14","odds":"13.00","header":"Exactly"},{"goals":"14","odds":"1.12","header":"Under"},{"goals":"15","odds":"12.00","header":"Over"},{"goals":"15","odds":"17.00","header":"Exactly"},{"goals":"15","odds":"1.06","header":"Under"},{"goals":"16","odds":"17.00","header":"Over"},{"goals":"16","odds":"21.00","header":"Exactly"},{"goals":"16","odds":"1.04","header":"Under"},{"goals":"17","odds":"23.00","header":"Over"},{"goals":"17","odds":"26.00","header":"Exactly"},{"goals":"17","odds":"1.02","header":"Under"},{"goals":"18","odds":"34.00","header":"Over"},{"goals":"18","odds":"34.00","header":"Exactly"},{"goals":"18","odds":"1.01","header":"Under"}],"corners_2_way":[{"opp":"Over 9.5","odds":"1.73"},{"opp":"Under 9.5","odds":"2.00"}],"first_half_corners":[{"opp":"5","odds":"2.60","header":"Over"},{"opp":"5","odds":"5.50","header":"Exactly"},{"opp":"5","odds":"2.00","header":"Under"}],"asian_total_corners":[{"goals":"10.0","odds":"1.950","header":"Over"},{"goals":"10.0","odds":"1.850","header":"Under"}],"1st_half_asian_corners":[{"goals":"4.5","odds":"1.800","header":"Over"},{"goals":"4.5","odds":"2.000","header":"Under"}]}},"goals":{"updated_at":"1532569453","sp":{"goals_over_under":[{"goals":"2.5","odds":"1.85","header":"Over"},{"goals":"2.5","odds":"1.95","header":"Under"}],"alternative_total_goals":[{"goals":"0.5","odds":"1.05","header":"Over "},{"goals":"0.5","odds":"11.00","header":"Under"},{"goals":"1.5","odds":"1.25","header":"Over "},{"goals":"1.5","odds":"3.75","header":"Under"},{"goals":"3.5","odds":"3.00","header":"Over "},{"goals":"3.5","odds":"1.36","header":"Under"},{"goals":"4.5","odds":"6.00","header":"Over "},{"goals":"4.5","odds":"1.12","header":"Under"},{"goals":"5.5","odds":"13.00","header":"Over "},{"goals":"5.5","odds":"1.04","header":"Under"},{"goals":"6.5","odds":"26.00","header":"Over "},{"goals":"6.5","odds":"1.01","header":"Under"}],"result_total_goals":[{"opp":"Vissel Kobe & Over 2.5","odds":"4.00"},{"opp":"Vissel Kobe & Under 2.5","odds":"6.00"},{"opp":"Draw & Over 2.5","odds":"10.00"},{"opp":"Draw & Under  2.5","odds":"4.33"},{"opp":"Kashiwa Reysol & Over 2.5","odds":"4.33"},{"opp":"Kashiwa Reysol & Under 2.5","odds":"6.50"}],"total_goals_both_teams_to_score":[{"opp":"Over 2.5 & Yes","odds":"2.10"},{"opp":"Over 2.5 & No","odds":"10.00"},{"opp":"Under 2.5 & Yes","odds":"6.00"},{"opp":"Under 2.5 & No","odds":"2.60"}],"exact_total_goals":[{"opp":"0 Goals","odds":"11.00"},{"opp":"1 Goal","odds":"5.50"},{"opp":"2 Goals","odds":"3.60"},{"opp":"3 Goals","odds":"4.33"},{"opp":"4 Goals","odds":"5.50"},{"opp":"5 Goals","odds":"10.00"},{"opp":"6 Goals","odds":"21.00"},{"opp":"7+ Goals","odds":"26.00"}],"number_of_goals_in_match":[{"opp":"Under 2 goals","odds":"3.75"},{"opp":"2 or 3 goals","odds":"2.00"},{"opp":"Over 3 goals","odds":"3.00"}],"both_teams_to_score":[{"opp":"Yes","odds":"1.67"},{"opp":"No","odds":"2.10"}],"teams_to_score":[{"opp":"Both Teams","odds":"1.67"},{"opp":"Vissel Kobe Only","odds":"4.50"},{"opp":"No Goal","odds":"11.00"},{"opp":"Kashiwa Reysol Only","odds":"5.00"}],"both_teams_to_score_in_1st_half":[{"opp":"Yes","odds":"4.33"},{"opp":"No","odds":"1.20"}],"both_teams_to_score_in_2nd_half":[{"opp":"Yes","odds":"3.00"},{"opp":"No","odds":"1.36"}],"both_teams_to_score_1st_half_2nd_half":[{"opp":"Yes \/ Yes","odds":"13.00"},{"opp":"Yes \/ No","odds":"6.00"},{"opp":"No \/ Yes","odds":"3.60"},{"opp":"No \/ No","odds":"1.67"}],"first_half_goals":[{"goals":"0.5","odds":"1.36","header":"Over"},{"goals":"0.5","odds":"3.00","header":"Under"},{"goals":"1.5","odds":"2.75","header":"Over"},{"goals":"1.5","odds":"1.40","header":"Under"},{"goals":"2.5","odds":"7.00","header":"Over"},{"goals":"2.5","odds":"1.10","header":"Under"},{"goals":"3.5","odds":"21.00","header":"Over"},{"goals":"3.5","odds":"1.02","header":"Under"}],"exact_1st_half_goals":[{"opp":"0 Goals","odds":"3.00"},{"opp":"1 Goal","odds":"2.50"},{"opp":"2 Goals","odds":"4.00"},{"opp":"3 Goals","odds":"10.00"},{"opp":"4 Goals","odds":"29.00"},{"opp":"5+ Goals","odds":"51.00"}],"total_goal_minutes":[{"opp":"Over 145 minutes","odds":"2.20"},{"opp":"125 To 145 minutes inc.","odds":"8.50"},{"opp":"Under 125 minutes","odds":"1.91"}],"first_team_to_score":[{"opp":"Vissel Kobe","odds":"1.83"},{"opp":"No Goals","odds":"11.00"},{"opp":"Kashiwa Reysol","odds":"2.10"}],"early_goal":[{"opp":"Goal before 28:00","odds":"1.83"},{"opp":"No Goal before 28:00","odds":"1.83"}],"late_goal":[{"opp":"Goal after 74:59","odds":"1.83"},{"opp":"No Goal after 74:59","odds":"1.83"}],"time_of_first_goal_brackets":[{"opp":"1-10","odds":"4.33"},{"opp":"11-20","odds":"5.00"},{"opp":"21-30","odds":"6.00"},{"opp":"31-40","odds":"7.00"},{"opp":"41-50","odds":"8.00"},{"opp":"51-60","odds":"13.00"},{"opp":"61-70","odds":"17.00"},{"opp":"71-80","odds":"21.00"},{"opp":"81 - Full Time","odds":"21.00"},{"opp":"No Goal","odds":"11.00"}],"2nd_half_goals":[{"goals":"0.5","odds":"1.20","header":"Over"},{"goals":"0.5","odds":"4.33","header":"Under"},{"goals":"1.5","odds":"2.00","header":"Over"},{"goals":"1.5","odds":"1.73","header":"Under"},{"goals":"2.5","odds":"4.00","header":"Over"},{"goals":"2.5","odds":"1.22","header":"Under"},{"goals":"3.5","odds":"11.00","header":"Over"},{"goals":"3.5","odds":"1.05","header":"Under"},{"goals":"4.5","odds":"26.00","header":"Over"},{"goals":"4.5","odds":"1.01","header":"Under"}],"exact_2nd_half_goals":[{"opp":"0 Goals","odds":"4.33"},{"opp":"1 Goal","odds":"2.88"},{"opp":"2 Goals","odds":"3.50"},{"opp":"3 Goals","odds":"6.50"},{"opp":"4 Goals","odds":"15.00"},{"opp":"5+ Goals","odds":"26.00"}],"half_with_most_goals":[{"opp":"1st Half","odds":"3.20"},{"opp":"2nd Half","odds":"2.00"},{"opp":"Tie","odds":"3.60"}],"home_team_highest_scoring_half":[{"opp":"Vissel Kobe - 1st Half","odds":"3.50"},{"opp":"Vissel Kobe - 2nd Half","odds":"2.40"},{"opp":"Vissel Kobe - Tie","odds":"2.38"}],"away_team_highest_scoring_half":[{"opp":"Kashiwa Reysol - 1st Half","odds":"3.60"},{"opp":"Kashiwa Reysol - 2nd Half","odds":"2.50"},{"opp":"Kashiwa Reysol - Tie","odds":"2.38"}],"home_team_exact_goals":[{"opp":"Vissel Kobe - 0 Goals","odds":"3.75"},{"opp":"Vissel Kobe - 1 Goal","odds":"2.60"},{"opp":"Vissel Kobe - 2 Goals","odds":"3.60"},{"opp":"Vissel Kobe - 3+ Goals","odds":"5.50"}],"away_team_exact_goals":[{"opp":"Kashiwa Reysol - 0 Goals","odds":"3.50"},{"opp":"Kashiwa Reysol - 1 Goal","odds":"2.60"},{"opp":"Kashiwa Reysol - 2 Goals","odds":"3.75"},{"opp":"Kashiwa Reysol - 3+ Goals","odds":"5.50"}],"time_of_1st_team_goal":[{"opp":"Vissel Kobe - Goal before 51:00","odds":"1.83"},{"opp":"Vissel Kobe - No Goal before 51:00","odds":"1.83"},{"opp":"Kashiwa Reysol - Goal before 53:00","odds":"1.83"},{"opp":"Kashiwa Reysol - No Goal before 53:00","odds":"1.83"}],"goals_odd_even":[{"opp":"Even","odds":"1.90"},{"opp":"Odd","odds":"1.95"}],"home_team_odd_even_goals":[{"opp":"Vissel Kobe - Even","odds":"1.80"},{"opp":"Vissel Kobe - Odd","odds":"1.91"}],"away_team_odd_even_goals":[{"opp":"Kashiwa Reysol - Even","odds":"1.73"},{"opp":"Kashiwa Reysol - Odd","odds":"2.00"}],"1st_half_goals_odd_even":[{"opp":"Odd","odds":"2.10"},{"opp":"Even","odds":"1.73"}],"last_team_to_score":[{"opp":"Vissel Kobe","odds":"1.83"},{"opp":"No Goal","odds":"11.00"},{"opp":"Kashiwa Reysol","odds":"2.10"}],"first_10_minutes_(00:00_09:59)":[{"name":"Goals","handicap":"0.5","odds":"4.33","header":"Over"},{"name":"Goals","handicap":"0.5","odds":"1.20","header":"Under"}]}},"half":{"updated_at":"1532569470","sp":{"half_time_result":[{"opp":"1","odds":"3.20"},{"opp":"X","odds":"2.20"},{"opp":"2","odds":"3.25"}],"half_time_double_chance":[{"opp":"1X","odds":"1.33"},{"opp":"X2","odds":"1.36"},{"opp":"12","odds":"1.62"}],"half_time_result_both_teams_to_score":[{"opp":"Vissel Kobe & Yes","odds":"19.00"},{"opp":"Vissel Kobe & No","odds":"3.60"},{"opp":"Draw & Yes","odds":"7.00"},{"opp":"Draw & No","odds":"2.88"},{"opp":"Kashiwa Reysol & Yes","odds":"19.00"},{"opp":"Kashiwa Reysol & No","odds":"3.75"}],"half_time_result_total_goals":[{"opp":"Vissel Kobe & Over 1.5","odds":"8.00"},{"opp":"Vissel Kobe & Under 1.5","odds":"4.50"},{"opp":"Draw & Over 1.5","odds":"7.00"},{"opp":"Draw & Under 1.5","odds":"3.00"},{"opp":"Kashiwa Reysol & Over 1.5","odds":"8.00"},{"opp":"Kashiwa Reysol & Under 1.5","odds":"4.75"}],"half_time_correct_score":[{"opp":"1-0","odds":"4.50","header":"Home"},{"opp":"0-0","odds":"3.00","header":"X"},{"opp":"1-0","odds":"4.75","header":"Away"},{"opp":"2-0","odds":"13.00","header":"Home"},{"opp":"1-1","odds":"7.50","header":"X"},{"opp":"2-0","odds":"15.00","header":"Away"},{"opp":"2-1","odds":"21.00","header":"Home"},{"opp":"2-2","odds":"51.00","header":"X"},{"opp":"2-1","odds":"23.00","header":"Away"},{"opp":"3-0","odds":"51.00","header":"Home"},{"opp":"3-0","odds":"51.00","header":"Away"},{"opp":"3-1","odds":"67.00","header":"Home"},{"opp":"3-1","odds":"67.00","header":"Away"},{"opp":"3-2","odds":"151.00","header":"Home"},{"opp":"3-2","odds":"151.00","header":"Away"},{"opp":"4-0","odds":"201.00","header":"Home"},{"opp":"4-0","odds":"201.00","header":"Away"},{"opp":"4-1","odds":"301.00","header":"Home"},{"opp":"4-1","odds":"351.00","header":"Away"}],"both_teams_to_score_in_1st_half":[{"opp":"Yes","odds":"4.33"},{"opp":"No","odds":"1.20"}],"both_teams_to_score_in_2nd_half":[{"opp":"Yes","odds":"3.00"},{"opp":"No","odds":"1.36"}],"both_teams_to_score_1st_half_2nd_half":[{"opp":"Yes \/ Yes","odds":"13.00"},{"opp":"Yes \/ No","odds":"6.00"},{"opp":"No \/ Yes","odds":"3.60"},{"opp":"No \/ No","odds":"1.67"}],"1st_half_asian_handicap":[{"opp":"0.0","odds":"1.850","header":"Home"},{"opp":"0.0","odds":"1.950","header":"Away"}],"1st_half_goal_line":[{"goals":"1.0","odds":"1.825","header":"Over"},{"goals":"1.0","odds":"1.975","header":"Under"}],"alternative_1st_half_asian_handicap":[{"opp":"-0.5, -1.0","odds":"4.250","header":"Home"},{"opp":"+0.5, +1.0","odds":"1.210","header":"Away"},{"opp":"-0.5","odds":"3.100","header":"Home"},{"opp":"+0.5","odds":"1.350","header":"Away"},{"opp":"0.0, -0.5","odds":"2.425","header":"Home"},{"opp":"0.0, +0.5","odds":"1.525","header":"Away"},{"opp":"0.0, +0.5","odds":"1.475","header":"Home"},{"opp":"0.0, -0.5","odds":"2.600","header":"Away"},{"opp":"+0.5","odds":"1.325","header":"Home"},{"opp":"-0.5","odds":"3.300","header":"Away"},{"opp":"+0.5, +1.0","odds":"1.200","header":"Home"},{"opp":"-0.5, -1.0","odds":"4.400","header":"Away"}],"alternative_1st_half_goal_line":[{"goals":"0.5, 1.0","odds":"1.525","header":"Over"},{"goals":"0.5, 1.0","odds":"2.425","header":"Under"},{"goals":"1.0, 1.5","odds":"2.300","header":"Over"},{"goals":"1.0, 1.5","odds":"1.600","header":"Under"},{"goals":"1.5","odds":"2.750","header":"Over"},{"goals":"1.5","odds":"1.425","header":"Under"},{"goals":"1.5, 2.0","odds":"3.550","header":"Over"},{"goals":"1.5, 2.0","odds":"1.275","header":"Under"},{"goals":"2.0","odds":"5.750","header":"Over"},{"goals":"2.0","odds":"1.140","header":"Under"},{"goals":"2.0, 2.5","odds":"6.400","header":"Over"},{"goals":"2.0, 2.5","odds":"1.115","header":"Under"},{"goals":"2.5","odds":"7.000","header":"Over"},{"goals":"2.5","odds":"1.100","header":"Under"}],"1st_half_handicap":[{"opp":"Vissel Kobe  -1.0","odds":"10.00"},{"opp":"Tie - Kashiwa Reysol +1.0","odds":"4.00"},{"opp":"Kashiwa Reysol  +1.0","odds":"1.36"}],"alternative_1st_half_handicap_result":[{"opp":"-2.0","odds":"23.00","header":"Home"},{"opp":"+2.0","odds":"11.00","header":"Tie"},{"opp":"+2.0","odds":"1.05","header":"Away"},{"opp":"+1.0","odds":"1.33","header":"Home"},{"opp":"-1.0","odds":"4.00","header":"Tie"},{"opp":"-1.0","odds":"11.00","header":"Away"}],"first_half_goals":[{"goals":"0.5","odds":"1.36","header":"Over"},{"goals":"0.5","odds":"3.00","header":"Under"},{"goals":"1.5","odds":"2.75","header":"Over"},{"goals":"1.5","odds":"1.40","header":"Under"},{"goals":"2.5","odds":"7.00","header":"Over"},{"goals":"2.5","odds":"1.10","header":"Under"},{"goals":"3.5","odds":"21.00","header":"Over"},{"goals":"3.5","odds":"1.02","header":"Under"}],"exact_1st_half_goals":[{"opp":"0 Goals","odds":"3.00"},{"opp":"1 Goal","odds":"2.50"},{"opp":"2 Goals","odds":"4.00"},{"opp":"3 Goals","odds":"10.00"},{"opp":"4 Goals","odds":"29.00"},{"opp":"5+ Goals","odds":"51.00"}],"first_half_corners":[{"opp":"5","odds":"2.60","header":"Over"},{"opp":"5","odds":"5.50","header":"Exactly"},{"opp":"5","odds":"2.00","header":"Under"}],"1st_half_asian_corners":[{"goals":"4.5","odds":"1.800","header":"Over"},{"goals":"4.5","odds":"2.000","header":"Under"}],"1st_half_goals_odd_even":[{"opp":"Odd","odds":"2.10"},{"opp":"Even","odds":"1.73"}],"to_score_in_half":[{"name":"1st Half","odds":"2.00","header":"Yes"},{"name":"1st Half","odds":"1.73","header":"No"},{"name":"2nd Half","odds":"1.73","header":"Yes"},{"name":"2nd Half","odds":"2.00","header":"No"},{"name":"1st Half","odds":"2.10","header":"Yes"},{"name":"1st Half","odds":"1.67","header":"No"},{"name":"2nd Half","odds":"1.73","header":"Yes"},{"name":"2nd Half","odds":"2.00","header":"No"}],"half_with_most_goals":[{"opp":"1st Half","odds":"3.20"},{"opp":"2nd Half","odds":"2.00"},{"opp":"Tie","odds":"3.60"}],"home_team_highest_scoring_half":[{"opp":"Vissel Kobe - 1st Half","odds":"3.50"},{"opp":"Vissel Kobe - 2nd Half","odds":"2.40"},{"opp":"Vissel Kobe - Tie","odds":"2.38"}],"away_team_highest_scoring_half":[{"opp":"Kashiwa Reysol - 1st Half","odds":"3.60"},{"opp":"Kashiwa Reysol - 2nd Half","odds":"2.50"},{"opp":"Kashiwa Reysol - Tie","odds":"2.38"}],"2nd_half_result":[{"opp":"1","odds":"2.75"},{"opp":"X","odds":"2.50"},{"opp":"2","odds":"2.88"}],"2nd_half_goals":[{"goals":"0.5","odds":"1.20","header":"Over"},{"goals":"0.5","odds":"4.33","header":"Under"},{"goals":"1.5","odds":"2.00","header":"Over"},{"goals":"1.5","odds":"1.73","header":"Under"},{"goals":"2.5","odds":"4.00","header":"Over"},{"goals":"2.5","odds":"1.22","header":"Under"},{"goals":"3.5","odds":"11.00","header":"Over"},{"goals":"3.5","odds":"1.05","header":"Under"},{"goals":"4.5","odds":"26.00","header":"Over"},{"goals":"4.5","odds":"1.01","header":"Under"}],"exact_2nd_half_goals":[{"opp":"0 Goals","odds":"4.33"},{"opp":"1 Goal","odds":"2.88"},{"opp":"2 Goals","odds":"3.50"},{"opp":"3 Goals","odds":"6.50"},{"opp":"4 Goals","odds":"15.00"},{"opp":"5+ Goals","odds":"26.00"}],"2nd_half_goals_odd_even":[{"opp":"Even","odds":"1.80"},{"opp":"Odd","odds":"1.91"}]}},"main":{"updated_at":"1532570365","sp":{"full_time_result":[{"opp":"1","odds":"2.50"},{"opp":"X","odds":"3.20"},{"opp":"2","odds":"2.80"}],"double_chance":[{"opp":"1X","odds":"1.44"},{"opp":"X2","odds":"1.55"},{"opp":"12","odds":"1.36"}],"correct_score":[{"opp":"1-0","odds":"9.50","header":"Home"},{"opp":"0-0","odds":"11.00","header":"X"},{"opp":"1-0","odds":"10.00","header":"Away"},{"opp":"2-0","odds":"13.00","header":"Home"},{"opp":"1-1","odds":"6.00","header":"X"},{"opp":"2-0","odds":"15.00","header":"Away"},{"opp":"2-1","odds":"10.00","header":"Home"},{"opp":"2-2","odds":"12.00","header":"X"},{"opp":"2-1","odds":"10.00","header":"Away"},{"opp":"3-0","odds":"26.00","header":"Home"},{"opp":"3-3","odds":"41.00","header":"X"},{"opp":"3-0","odds":"29.00","header":"Away"},{"opp":"3-1","odds":"21.00","header":"Home"},{"opp":"4-4","odds":"201.00","header":"X"},{"opp":"3-1","odds":"21.00","header":"Away"},{"opp":"3-2","odds":"26.00","header":"Home"},{"opp":"3-2","odds":"29.00","header":"Away"},{"opp":"4-0","odds":"51.00","header":"Home"},{"opp":"4-0","odds":"51.00","header":"Away"},{"opp":"4-1","odds":"41.00","header":"Home"},{"opp":"4-1","odds":"41.00","header":"Away"},{"opp":"4-2","odds":"51.00","header":"Home"},{"opp":"4-2","odds":"51.00","header":"Away"},{"opp":"4-3","odds":"81.00","header":"Home"},{"opp":"4-3","odds":"101.00","header":"Away"},{"opp":"5-0","odds":"126.00","header":"Home"},{"opp":"5-0","odds":"151.00","header":"Away"},{"opp":"5-1","odds":"101.00","header":"Home"},{"opp":"5-1","odds":"101.00","header":"Away"},{"opp":"5-2","odds":"126.00","header":"Home"},{"opp":"5-2","odds":"151.00","header":"Away"},{"opp":"5-3","odds":"251.00","header":"Home"},{"opp":"5-3","odds":"301.00","header":"Away"},{"opp":"6-0","odds":"501.00","header":"Home"},{"opp":"6-1","odds":"401.00","header":"Away"},{"opp":"6-1","odds":"351.00","header":"Home"},{"opp":"6-2","odds":"501.00","header":"Home"}],"half_time_full_time":[{"opp":"Vissel Kobe - Vissel Kobe","odds":"4.00"},{"opp":"Vissel Kobe - Draw","odds":"15.00"},{"opp":"Vissel Kobe - Kashiwa Reysol","odds":"29.00"},{"opp":"Draw - Vissel Kobe","odds":"6.00"},{"opp":"Draw - Draw","odds":"5.50"},{"opp":"Draw - Kashiwa Reysol","odds":"6.00"},{"opp":"Kashiwa Reysol - Vissel Kobe","odds":"29.00"},{"opp":"Kashiwa Reysol - Draw","odds":"15.00"},{"opp":"Kashiwa Reysol - Kashiwa Reysol","odds":"4.33"}],"goals_over_under":[{"goals":"2.5","odds":"1.85","header":"Over"},{"goals":"2.5","odds":"1.95","header":"Under"}],"both_teams_to_score":[{"opp":"Yes","odds":"1.67"},{"opp":"No","odds":"2.10"}],"asian_handicap":[{"opp":"0.0","odds":"1.850","header":"Home"},{"opp":"0.0","odds":"2.000","header":"Away"}],"goal_line":[{"goals":"2.5","odds":"1.875","header":"Over"},{"goals":"2.5","odds":"1.975","header":"Under"}],"alternative_asian_handicap":[{"opp":"-1.5, -2.0","odds":"6.800","header":"Home"},{"opp":"+1.5, +2.0","odds":"1.105","header":"Away"},{"opp":"-1.5","odds":"5.250","header":"Home"},{"opp":"+1.5","odds":"1.160","header":"Away"},{"opp":"-1.0, -1.5","odds":"4.500","header":"Home"},{"opp":"+1.0, +1.5","odds":"1.190","header":"Away"},{"opp":"-1.0","odds":"4.150","header":"Home"},{"opp":"+1.0","odds":"1.220","header":"Away"},{"opp":"-0.5, -1.0","odds":"3.000","header":"Home"},{"opp":"+0.5, +1.0","odds":"1.375","header":"Away"},{"opp":"-0.5","odds":"2.500","header":"Home"},{"opp":"+0.5","odds":"1.500","header":"Away"},{"opp":"0.0, -0.5","odds":"2.200","header":"Home"},{"opp":"0.0, +0.5","odds":"1.650","header":"Away"},{"opp":"0.0, +0.5","odds":"1.600","header":"Home"},{"opp":"0.0, -0.5","odds":"2.300","header":"Away"},{"opp":"+0.5","odds":"1.450","header":"Home"},{"opp":"-0.5","odds":"2.675","header":"Away"},{"opp":"+0.5, +1.0","odds":"1.325","header":"Home"},{"opp":"-0.5, -1.0","odds":"3.300","header":"Away"},{"opp":"+1.0","odds":"1.190","header":"Home"},{"opp":"-1.0","odds":"4.500","header":"Away"},{"opp":"+1.0, +1.5","odds":"1.170","header":"Home"},{"opp":"-1.0, -1.5","odds":"5.000","header":"Away"},{"opp":"+1.5","odds":"1.150","header":"Home"},{"opp":"-1.5","odds":"5.500","header":"Away"}],"alternative_goal_line":[{"goals":"1.0, 1.5","odds":"1.160","header":"Over"},{"goals":"1.0, 1.5","odds":"5.250","header":"Under"},{"goals":"1.5","odds":"1.260","header":"Over"},{"goals":"1.5","odds":"3.700","header":"Under"},{"goals":"1.5, 2.0","odds":"1.325","header":"Over"},{"goals":"1.5, 2.0","odds":"3.300","header":"Under"},{"goals":"2.0","odds":"1.400","header":"Over"},{"goals":"2.0","odds":"2.850","header":"Under"},{"goals":"2.0, 2.5","odds":"1.625","header":"Over"},{"goals":"2.0, 2.5","odds":"2.250","header":"Under"},{"goals":"2.5, 3.0","odds":"2.075","header":"Over"},{"goals":"2.5, 3.0","odds":"1.725","header":"Under"},{"goals":"3.0","odds":"2.425","header":"Over"},{"goals":"3.0","odds":"1.525","header":"Under"},{"goals":"3.0, 3.5","odds":"2.750","header":"Over"},{"goals":"3.0, 3.5","odds":"1.425","header":"Under"},{"goals":"3.5","odds":"3.000","header":"Over"},{"goals":"3.5","odds":"1.375","header":"Under"},{"goals":"3.5, 4.0","odds":"3.700","header":"Over"},{"goals":"3.5, 4.0","odds":"1.260","header":"Under"},{"goals":"4.0","odds":"5.250","header":"Over"},{"goals":"4.0","odds":"1.160","header":"Under"},{"goals":"4.0, 4.5","odds":"5.500","header":"Over"},{"goals":"4.0, 4.5","odds":"1.150","header":"Under"},{"goals":"4.5","odds":"5.900","header":"Over"},{"goals":"4.5","odds":"1.130","header":"Under"}],"draw_no_bet":[{"opp":"Vissel Kobe","odds":"1.80"},{"opp":"Kashiwa Reysol","odds":"1.91"}],"result_both_teams_to_score":[{"name":"Vissel Kobe","odds":"4.75","header":"Yes"},{"name":"Vissel Kobe","odds":"4.75","header":"No"},{"name":"Kashiwa Reysol","odds":"5.00","header":"Yes"},{"name":"Kashiwa Reysol","odds":"5.00","header":"No"},{"name":"Draw","odds":"4.00","header":"Yes"},{"name":"Draw","odds":"11.00","header":"No"}],"handicap_result":[{"opp":"Vissel Kobe (-1)","odds":"4.75"},{"opp":"Tie - (Kashiwa Reysol +1)","odds":"4.33"},{"opp":"Kashiwa Reysol (+1)","odds":"1.55"}],"alternative_handicap_result":[{"opp":"-3.0","odds":"19.00","header":"Home"},{"opp":"+3.0","odds":"13.00","header":"Tie"},{"opp":"+3.0","odds":"1.04","header":"Away"},{"opp":"-2.0","odds":"11.00","header":"Home"},{"opp":"+2.0","odds":"7.00","header":"Tie"},{"opp":"+2.0","odds":"1.14","header":"Away"},{"opp":"+1.0","odds":"1.44","header":"Home"},{"opp":"-1.0","odds":"4.50","header":"Tie"},{"opp":"-1.0","odds":"5.50","header":"Away"},{"opp":"+2.0","odds":"1.11","header":"Home"},{"opp":"-2.0","odds":"7.50","header":"Tie"},{"opp":"-2.0","odds":"12.00","header":"Away"}],"winning_margin":[{"goals":" 1","odds":"4.33","header":"Home"},{"goals":" 1","odds":"4.50","header":"Away"},{"goals":" 2","odds":"7.00","header":"Home"},{"goals":" 2","odds":"7.50","header":"Away"},{"goals":" 3","odds":"13.00","header":"Home"},{"goals":" 3","odds":"21.00","header":"Away"},{"goals":" 4+","odds":"19.00","header":"Home"},{"goals":" 4+","odds":"41.00","header":"Away"},{"goals":"Score Draw","odds":"4.00","header":"Home"},{"goals":"No Goal","odds":"11.00","header":"Home"}]}},"schedule":{"updated_at":"1532571137","sp":{"main":[{"odds":"1.875"},{"odds":"1.975"}]}},"specials":{"updated_at":"1532569482","sp":{"specials":[{"name":"To Win From Behind","odds":"10.00","header":"Home"},{"name":"To Win From Behind","odds":"11.00","header":"Away"},{"name":"To Win to Nil","odds":"4.75","header":"Home"},{"name":"To Win to Nil","odds":"5.00","header":"Away"},{"name":"To Win Either Half","odds":"1.73","header":"Home"},{"name":"To Win Either Half","odds":"1.80","header":"Away"},{"name":"To Win Both Halves","odds":"9.00","header":"Home"},{"name":"To Win Both Halves","odds":"10.00","header":"Away"},{"name":"To Score in Both Halves","odds":"3.50","header":"Home"},{"name":"To Score in Both Halves","odds":"3.75","header":"Away"}],"to_score_in_half":[{"name":"1st Half","odds":"2.00","header":"Yes"},{"name":"1st Half","odds":"1.73","header":"No"},{"name":"2nd Half","odds":"1.73","header":"Yes"},{"name":"2nd Half","odds":"2.00","header":"No"},{"name":"1st Half","odds":"2.10","header":"Yes"},{"name":"1st Half","odds":"1.67","header":"No"},{"name":"2nd Half","odds":"1.73","header":"Yes"},{"name":"2nd Half","odds":"2.00","header":"No"}]}}}]}}