{"odd":{"success":1,"results":[{"FI":"75386266","event_id":"847060","goals":{"updated_at":"1532570443","sp":{"goals_over_under":[{"goals":"2.5","odds":"2.30","header":"Over"},{"goals":"2.5","odds":"1.60","header":"Under"}],"first_team_to_score":[{"opp":"Avion Academy","odds":"1.25"},{"opp":"No Goals","odds":"6.50"},{"opp":"Lion Bless\u00e9","odds":"6.00"}],"home_team_highest_scoring_half":[{"opp":"Avion Academy - 1st Half","odds":"3.20"},{"opp":"Avion Academy - 2nd Half","odds":"2.25"},{"opp":"Avion Academy - Tie","odds":"2.88"}],"away_team_highest_scoring_half":[{"opp":"Lion Bless\u00e9 - 1st Half","odds":"6.00"},{"opp":"Lion Bless\u00e9 - 2nd Half","odds":"4.33"},{"opp":"Lion Bless\u00e9 - Tie","odds":"1.40"}],"goals_odd_even":[{"opp":"Even","odds":"1.90"},{"opp":"Odd","odds":"1.95"}],"home_team_odd_even_goals":[{"opp":"Avion Academy - Even","odds":"1.80"},{"opp":"Avion Academy - Odd","odds":"1.91"}],"away_team_odd_even_goals":[{"opp":"Lion Bless\u00e9 - Even","odds":"1.33"},{"opp":"Lion Bless\u00e9 - Odd","odds":"3.25"}],"1st_half_goals_odd_even":[{"opp":"Odd","odds":"2.30"},{"opp":"Even","odds":"1.62"}]}},"half":{"updated_at":"1532570463","sp":{"half_time_result":[{"opp":"1","odds":"1.91"},{"opp":"X","odds":"2.10"},{"opp":"2","odds":"9.50"}],"half_time_double_chance":[{"opp":"1X","odds":"1.07"},{"opp":"X2","odds":"1.80"},{"opp":"12","odds":"1.67"}],"half_time_correct_score":[{"opp":"1-0","odds":"3.10","header":"Home"},{"opp":"0-0","odds":"2.38","header":"X"},{"opp":"1-0","odds":"11.00","header":"Away"},{"opp":"2-0","odds":"6.50","header":"Home"},{"opp":"1-1","odds":"15.00","header":"X"},{"opp":"2-0","odds":"41.00","header":"Away"},{"opp":"2-1","odds":"34.00","header":"Home"},{"opp":"2-2","odds":"81.00","header":"X"},{"opp":"2-1","odds":"67.00","header":"Away"},{"opp":"3-0","odds":"17.00","header":"Home"},{"opp":"3-1","odds":"81.00","header":"Home"},{"opp":"4-0","odds":"41.00","header":"Home"}],"1st_half_goals_odd_even":[{"opp":"Odd","odds":"2.30"},{"opp":"Even","odds":"1.62"}],"home_team_highest_scoring_half":[{"opp":"Avion Academy - 1st Half","odds":"3.20"},{"opp":"Avion Academy - 2nd Half","odds":"2.25"},{"opp":"Avion Academy - Tie","odds":"2.88"}],"away_team_highest_scoring_half":[{"opp":"Lion Bless\u00e9 - 1st Half","odds":"6.00"},{"opp":"Lion Bless\u00e9 - 2nd Half","odds":"4.33"},{"opp":"Lion Bless\u00e9 - Tie","odds":"1.40"}],"2nd_half_goals_odd_even":[{"opp":"Even","odds":"1.73"},{"opp":"Odd","odds":"2.00"}]}},"main":{"updated_at":"1532570433","sp":{"full_time_result":[{"opp":"1","odds":"1.36"},{"opp":"X","odds":"3.75"},{"opp":"2","odds":"9.00"}],"double_chance":[{"opp":"1X","odds":"1.04"},{"opp":"X2","odds":"3.00"},{"opp":"12","odds":"1.25"}],"correct_score":[{"opp":"1-0","odds":"4.75","header":"Home"},{"opp":"0-0","odds":"6.50","header":"X"},{"opp":"1-0","odds":"17.00","header":"Away"},{"opp":"2-0","odds":"5.00","header":"Home"},{"opp":"1-1","odds":"9.50","header":"X"},{"opp":"2-0","odds":"41.00","header":"Away"},{"opp":"2-1","odds":"12.00","header":"Home"},{"opp":"2-2","odds":"34.00","header":"X"},{"opp":"2-1","odds":"34.00","header":"Away"},{"opp":"3-0","odds":"7.50","header":"Home"},{"opp":"3-1","odds":"81.00","header":"Away"},{"opp":"3-1","odds":"19.00","header":"Home"},{"opp":"3-2","odds":"51.00","header":"Home"},{"opp":"4-0","odds":"13.00","header":"Home"},{"opp":"4-1","odds":"34.00","header":"Home"},{"opp":"4-2","odds":"81.00","header":"Home"},{"opp":"5-0","odds":"26.00","header":"Home"},{"opp":"5-1","odds":"51.00","header":"Home"},{"opp":"6-0","odds":"51.00","header":"Home"}],"half_time_full_time":[{"opp":"Avion Academy - Avion Academy","odds":"2.10"},{"opp":"Avion Academy - Draw","odds":"19.00"},{"opp":"Avion Academy - Lion Bless\u00e9","odds":"51.00"},{"opp":"Draw - Avion Academy","odds":"3.60"},{"opp":"Draw - Draw","odds":"5.50"},{"opp":"Draw - Lion Bless\u00e9","odds":"17.00"},{"opp":"Lion Bless\u00e9 - Avion Academy","odds":"29.00"},{"opp":"Lion Bless\u00e9 - Draw","odds":"26.00"},{"opp":"Lion Bless\u00e9 - Lion Bless\u00e9","odds":"17.00"}],"goals_over_under":[{"goals":"2.5","odds":"2.30","header":"Over"},{"goals":"2.5","odds":"1.60","header":"Under"}],"draw_no_bet":[{"opp":"Avion Academy","odds":"1.10"},{"opp":"Lion Bless\u00e9","odds":"6.50"}]}},"schedule":{"updated_at":"1532570685","sp":{"main":[{"odds":"1.36"},{"odds":"3.75"},{"odds":"9.00"}]}}}]}}