{"odd":{"success":1,"results":[{"FI":"75245147","event_id":"832408","goals":{"updated_at":"1532571100","sp":{"goals_over_under":[{"goals":"2.5","odds":"1.48","header":"Over"},{"goals":"2.5","odds":"2.60","header":"Under"}],"first_team_to_score":[{"opp":"Croydon Kings","odds":"2.62"},{"opp":"No Goals","odds":"19.00"},{"opp":"Metrostars","odds":"1.50"}],"home_team_highest_scoring_half":[{"opp":"Croydon Kings - 1st Half","odds":"3.75"},{"opp":"Croydon Kings - 2nd Half","odds":"2.75"},{"opp":"Croydon Kings - Tie","odds":"2.05"}],"away_team_highest_scoring_half":[{"opp":"Metrostars - 1st Half","odds":"3.10"},{"opp":"Metrostars - 2nd Half","odds":"2.10"},{"opp":"Metrostars - Tie","odds":"3.20"}],"goals_odd_even":[{"opp":"Even","odds":"1.90"},{"opp":"Odd","odds":"1.95"}],"home_team_odd_even_goals":[{"opp":"Croydon Kings - Even","odds":"1.62"},{"opp":"Croydon Kings - Odd","odds":"2.20"}],"away_team_odd_even_goals":[{"opp":"Metrostars - Even","odds":"1.83"},{"opp":"Metrostars - Odd","odds":"1.83"}],"1st_half_goals_odd_even":[{"opp":"Odd","odds":"2.00"},{"opp":"Even","odds":"1.80"}]}},"half":{"updated_at":"1532571114","sp":{"half_time_result":[{"opp":"1","odds":"4.75"},{"opp":"X","odds":"2.60"},{"opp":"2","odds":"1.95"}],"half_time_double_chance":[{"opp":"1X","odds":"1.80"},{"opp":"X2","odds":"1.18"},{"opp":"12","odds":"1.50"}],"half_time_correct_score":[{"opp":"1-0","odds":"7.50","header":"Home"},{"opp":"0-0","odds":"3.75","header":"X"},{"opp":"1-0","odds":"4.00","header":"Away"},{"opp":"2-0","odds":"23.00","header":"Home"},{"opp":"1-1","odds":"9.00","header":"X"},{"opp":"2-0","odds":"7.00","header":"Away"},{"opp":"2-1","odds":"29.00","header":"Home"},{"opp":"2-2","odds":"51.00","header":"X"},{"opp":"2-1","odds":"19.00","header":"Away"},{"opp":"3-0","odds":"51.00","header":"Home"},{"opp":"3-0","odds":"17.00","header":"Away"},{"opp":"3-1","odds":"81.00","header":"Home"},{"opp":"3-1","odds":"41.00","header":"Away"},{"opp":"4-0","odds":"41.00","header":"Away"},{"opp":"4-1","odds":"81.00","header":"Away"},{"opp":"5-0","odds":"81.00","header":"Away"}],"1st_half_goals_odd_even":[{"opp":"Odd","odds":"2.00"},{"opp":"Even","odds":"1.80"}],"home_team_highest_scoring_half":[{"opp":"Croydon Kings - 1st Half","odds":"3.75"},{"opp":"Croydon Kings - 2nd Half","odds":"2.75"},{"opp":"Croydon Kings - Tie","odds":"2.05"}],"away_team_highest_scoring_half":[{"opp":"Metrostars - 1st Half","odds":"3.10"},{"opp":"Metrostars - 2nd Half","odds":"2.10"},{"opp":"Metrostars - Tie","odds":"3.20"}],"2nd_half_goals_odd_even":[{"opp":"Even","odds":"1.80"},{"opp":"Odd","odds":"1.91"}]}},"main":{"updated_at":"1532571080","sp":{"full_time_result":[{"opp":"1","odds":"4.75"},{"opp":"X","odds":"4.20"},{"opp":"2","odds":"1.50"}],"double_chance":[{"opp":"1X","odds":"2.50"},{"opp":"X2","odds":"1.17"},{"opp":"12","odds":"1.22"}],"correct_score":[{"opp":"1-0","odds":"21.00","header":"Home"},{"opp":"0-0","odds":"19.00","header":"X"},{"opp":"1-0","odds":"10.00","header":"Away"},{"opp":"2-0","odds":"34.00","header":"Home"},{"opp":"1-1","odds":"9.00","header":"X"},{"opp":"2-0","odds":"9.00","header":"Away"},{"opp":"2-1","odds":"19.00","header":"Home"},{"opp":"2-2","odds":"15.00","header":"X"},{"opp":"2-1","odds":"9.50","header":"Away"},{"opp":"3-0","odds":"51.00","header":"Home"},{"opp":"3-3","odds":"41.00","header":"X"},{"opp":"3-0","odds":"11.00","header":"Away"},{"opp":"3-1","odds":"34.00","header":"Home"},{"opp":"3-1","odds":"12.00","header":"Away"},{"opp":"3-2","odds":"41.00","header":"Home"},{"opp":"3-2","odds":"21.00","header":"Away"},{"opp":"4-1","odds":"67.00","header":"Home"},{"opp":"4-0","odds":"17.00","header":"Away"},{"opp":"4-2","odds":"67.00","header":"Home"},{"opp":"4-1","odds":"19.00","header":"Away"},{"opp":"4-2","odds":"34.00","header":"Away"},{"opp":"5-0","odds":"29.00","header":"Away"},{"opp":"5-1","odds":"34.00","header":"Away"},{"opp":"5-2","odds":"51.00","header":"Away"},{"opp":"4-3","odds":"51.00","header":"Away"},{"opp":"6-0","odds":"51.00","header":"Away"},{"opp":"6-1","odds":"51.00","header":"Away"},{"opp":"7-0","odds":"81.00","header":"Away"}],"half_time_full_time":[{"opp":"Croydon Kings - Croydon Kings","odds":"8.00"},{"opp":"Croydon Kings - Draw","odds":"17.00"},{"opp":"Croydon Kings - Metrostars","odds":"17.00"},{"opp":"Draw - Croydon Kings","odds":"12.00"},{"opp":"Draw - Draw","odds":"8.00"},{"opp":"Draw - Metrostars","odds":"4.75"},{"opp":"Metrostars - Croydon Kings","odds":"29.00"},{"opp":"Metrostars - Draw","odds":"15.00"},{"opp":"Metrostars - Metrostars","odds":"2.25"}],"goals_over_under":[{"goals":"2.5","odds":"1.48","header":"Over"},{"goals":"2.5","odds":"2.60","header":"Under"}],"draw_no_bet":[{"opp":"Croydon Kings","odds":"4.00"},{"opp":"Metrostars","odds":"1.22"}]}},"schedule":{"updated_at":"1532569966","sp":{"main":[{"odds":"4.75"},{"odds":"4.20"},{"odds":"1.50"}]}}}]}}