{"odd":{"success":1,"results":[{"FI":"75228349","event_id":"591577","asian_lines":{"updated_at":"1532571068","sp":{"asian_handicap":[{"opp":"+0.5, +1.0","odds":"2.090","header":"Home"},{"opp":"-0.5, -1.0","odds":"1.810","header":"Away"}],"goal_line":[{"goals":"2.5, 3.0","odds":"1.900","header":"Over"},{"goals":"2.5, 3.0","odds":"1.950","header":"Under"}],"alternative_asian_handicap":[{"opp":"-0.5, -1.0","odds":"6.400","header":"Home"},{"opp":"+0.5, +1.0","odds":"1.115","header":"Away"},{"opp":"-0.5","odds":"4.800","header":"Home"},{"opp":"+0.5","odds":"1.175","header":"Away"},{"opp":"0.0, -0.5","odds":"4.250","header":"Home"},{"opp":"0.0, +0.5","odds":"1.210","header":"Away"},{"opp":"0.0","odds":"3.800","header":"Home"},{"opp":"0.0","odds":"1.250","header":"Away"},{"opp":"0.0, +0.5","odds":"2.750","header":"Home"},{"opp":"0.0, -0.5","odds":"1.425","header":"Away"},{"opp":"+0.5","odds":"2.300","header":"Home"},{"opp":"-0.5","odds":"1.600","header":"Away"},{"opp":"+1.0","odds":"1.775","header":"Home"},{"opp":"-1.0","odds":"2.025","header":"Away"},{"opp":"+1.0, +1.5","odds":"1.575","header":"Home"},{"opp":"-1.0, -1.5","odds":"2.350","header":"Away"},{"opp":"+1.5","odds":"1.475","header":"Home"},{"opp":"-1.5","odds":"2.600","header":"Away"},{"opp":"+1.5, +2.0","odds":"1.350","header":"Home"},{"opp":"-1.5, -2.0","odds":"3.100","header":"Away"},{"opp":"+2.0","odds":"1.220","header":"Home"},{"opp":"-2.0","odds":"4.150","header":"Away"},{"opp":"+2.0, +2.5","odds":"1.190","header":"Home"},{"opp":"-2.0, -2.5","odds":"4.500","header":"Away"},{"opp":"+2.5","odds":"1.160","header":"Home"},{"opp":"-2.5","odds":"5.250","header":"Away"},{"opp":"+2.5, +3.0","odds":"1.110","header":"Home"},{"opp":"-2.5, -3.0","odds":"6.600","header":"Away"}],"alternative_goal_line":[{"goals":"1.0, 1.5","odds":"1.130","header":"Over"},{"goals":"1.0, 1.5","odds":"5.900","header":"Under"},{"goals":"1.5","odds":"1.220","header":"Over"},{"goals":"1.5","odds":"4.150","header":"Under"},{"goals":"1.5, 2.0","odds":"1.260","header":"Over"},{"goals":"1.5, 2.0","odds":"3.700","header":"Under"},{"goals":"2.0","odds":"1.325","header":"Over"},{"goals":"2.0","odds":"3.300","header":"Under"},{"goals":"2.0, 2.5","odds":"1.500","header":"Over"},{"goals":"2.0, 2.5","odds":"2.500","header":"Under"},{"goals":"2.5","odds":"1.700","header":"Over"},{"goals":"2.5","odds":"2.100","header":"Under"},{"goals":"3.0","odds":"2.150","header":"Over"},{"goals":"3.0","odds":"1.675","header":"Under"},{"goals":"3.0, 3.5","odds":"2.375","header":"Over"},{"goals":"3.0, 3.5","odds":"1.550","header":"Under"},{"goals":"3.5","odds":"2.675","header":"Over"},{"goals":"3.5","odds":"1.450","header":"Under"},{"goals":"3.5, 4.0","odds":"3.300","header":"Over"},{"goals":"3.5, 4.0","odds":"1.325","header":"Under"},{"goals":"4.0","odds":"4.150","header":"Over"},{"goals":"4.0","odds":"1.220","header":"Under"},{"goals":"4.0, 4.5","odds":"4.500","header":"Over"},{"goals":"4.0, 4.5","odds":"1.190","header":"Under"},{"goals":"4.5","odds":"5.000","header":"Over"},{"goals":"4.5","odds":"1.170","header":"Under"},{"goals":"4.5, 5.0","odds":"6.400","header":"Over"},{"goals":"4.5, 5.0","odds":"1.115","header":"Under"}],"1st_half_asian_handicap":[{"opp":"0.0, +0.5","odds":"2.025","header":"Home"},{"opp":"0.0, -0.5","odds":"1.775","header":"Away"}],"1st_half_goal_line":[{"goals":"1.0, 1.5","odds":"2.100","header":"Over"},{"goals":"1.0, 1.5","odds":"1.700","header":"Under"}],"alternative_1st_half_asian_handicap":[{"opp":"-0.5","odds":"4.800","header":"Home"},{"opp":"+0.5","odds":"1.175","header":"Away"},{"opp":"0.0, -0.5","odds":"3.900","header":"Home"},{"opp":"0.0, +0.5","odds":"1.240","header":"Away"},{"opp":"0.0","odds":"3.100","header":"Home"},{"opp":"0.0","odds":"1.350","header":"Away"},{"opp":"+0.5","odds":"1.650","header":"Home"},{"opp":"-0.5","odds":"2.200","header":"Away"},{"opp":"+0.5, +1.0","odds":"1.425","header":"Home"},{"opp":"-0.5, -1.0","odds":"2.750","header":"Away"},{"opp":"+1.0","odds":"1.210","header":"Home"},{"opp":"-1.0","odds":"4.250","header":"Away"},{"opp":"+1.0, +1.5","odds":"1.170","header":"Home"},{"opp":"-1.0, -1.5","odds":"5.000","header":"Away"},{"opp":"+1.5","odds":"1.140","header":"Home"},{"opp":"-1.5","odds":"5.750","header":"Away"}],"alternative_1st_half_goal_line":[{"goals":"0.5, 1.0","odds":"1.450","header":"Over"},{"goals":"0.5, 1.0","odds":"2.675","header":"Under"},{"goals":"1.0","odds":"1.675","header":"Over"},{"goals":"1.0","odds":"2.150","header":"Under"},{"goals":"1.5","odds":"2.500","header":"Over"},{"goals":"1.5","odds":"1.500","header":"Under"},{"goals":"1.5, 2.0","odds":"3.300","header":"Over"},{"goals":"1.5, 2.0","odds":"1.325","header":"Under"},{"goals":"2.0","odds":"4.800","header":"Over"},{"goals":"2.0","odds":"1.175","header":"Under"},{"goals":"2.0, 2.5","odds":"5.750","header":"Over"},{"goals":"2.0, 2.5","odds":"1.140","header":"Under"},{"goals":"2.5","odds":"6.250","header":"Over"},{"goals":"2.5","odds":"1.120","header":"Under"}],"asian_total_corners":[{"goals":"10.5","odds":"1.925","header":"Over"},{"goals":"10.5","odds":"1.875","header":"Under"}],"1st_half_asian_corners":[{"goals":"5.0","odds":"1.975","header":"Over"},{"goals":"5.0","odds":"1.825","header":"Under"}]}},"corners":{"updated_at":"1532571083","sp":{"corners":[{"opp":"Over 10","odds":"1.83"},{"opp":"Exactly 10","odds":"7.50"},{"opp":"Under 10","odds":"2.38"}],"total_corners":[{"opp":"Under 6","odds":"15.00"},{"opp":"6 - 8","odds":"4.00"},{"opp":"9 - 11","odds":"2.62"},{"opp":"12 - 14","odds":"3.60"},{"opp":"Over 14","odds":"6.50"}],"alternative_corners":[{"goals":"4","odds":"1.02","header":"Over"},{"goals":"4","odds":"26.00","header":"Exactly"},{"goals":"4","odds":"34.00","header":"Under"},{"goals":"5","odds":"1.04","header":"Over"},{"goals":"5","odds":"19.00","header":"Exactly"},{"goals":"5","odds":"21.00","header":"Under"},{"goals":"6","odds":"1.07","header":"Over"},{"goals":"6","odds":"13.00","header":"Exactly"},{"goals":"6","odds":"13.00","header":"Under"},{"goals":"7","odds":"1.17","header":"Over"},{"goals":"7","odds":"10.00","header":"Exactly"},{"goals":"7","odds":"7.50","header":"Under"},{"goals":"8","odds":"1.33","header":"Over"},{"goals":"8","odds":"8.50","header":"Exactly"},{"goals":"8","odds":"4.75","header":"Under"},{"goals":"9","odds":"1.57","header":"Over"},{"goals":"9","odds":"8.00","header":"Exactly"},{"goals":"9","odds":"3.20","header":"Under"},{"goals":"11","odds":"2.40","header":"Over"},{"goals":"11","odds":"8.00","header":"Exactly"},{"goals":"11","odds":"1.83","header":"Under"},{"goals":"12","odds":"3.20","header":"Over"},{"goals":"12","odds":"9.00","header":"Exactly"},{"goals":"12","odds":"1.53","header":"Under"},{"goals":"13","odds":"4.50","header":"Over"},{"goals":"13","odds":"10.00","header":"Exactly"},{"goals":"13","odds":"1.33","header":"Under"},{"goals":"14","odds":"6.50","header":"Over"},{"goals":"14","odds":"12.00","header":"Exactly"},{"goals":"14","odds":"1.18","header":"Under"},{"goals":"15","odds":"9.50","header":"Over"},{"goals":"15","odds":"15.00","header":"Exactly"},{"goals":"15","odds":"1.10","header":"Under"},{"goals":"16","odds":"13.00","header":"Over"},{"goals":"16","odds":"19.00","header":"Exactly"},{"goals":"16","odds":"1.06","header":"Under"},{"goals":"17","odds":"19.00","header":"Over"},{"goals":"17","odds":"23.00","header":"Exactly"},{"goals":"17","odds":"1.03","header":"Under"},{"goals":"18","odds":"26.00","header":"Over"},{"goals":"18","odds":"29.00","header":"Exactly"},{"goals":"18","odds":"1.02","header":"Under"},{"goals":"19","odds":"34.00","header":"Over"},{"goals":"19","odds":"41.00","header":"Exactly"},{"goals":"19","odds":"1.01","header":"Under"}],"corners_2_way":[{"opp":"Over 10.5","odds":"1.83"},{"opp":"Under 10.5","odds":"1.83"}],"first_half_corners":[{"opp":"5","odds":"2.30","header":"Over"},{"opp":"5","odds":"5.50","header":"Exactly"},{"opp":"5","odds":"2.20","header":"Under"}],"asian_total_corners":[{"goals":"10.5","odds":"1.925","header":"Over"},{"goals":"10.5","odds":"1.875","header":"Under"}],"1st_half_asian_corners":[{"goals":"5.0","odds":"1.975","header":"Over"},{"goals":"5.0","odds":"1.825","header":"Under"}]}},"goals":{"updated_at":"1532571098","sp":{"goals_over_under":[{"goals":"2.5","odds":"1.70","header":"Over"},{"goals":"2.5","odds":"2.10","header":"Under"}],"alternative_total_goals":[{"goals":"0.5","odds":"1.04","header":"Over "},{"goals":"0.5","odds":"13.00","header":"Under"},{"goals":"1.5","odds":"1.20","header":"Over "},{"goals":"1.5","odds":"4.33","header":"Under"},{"goals":"3.5","odds":"2.62","header":"Over "},{"goals":"3.5","odds":"1.44","header":"Under"},{"goals":"4.5","odds":"5.00","header":"Over "},{"goals":"4.5","odds":"1.17","header":"Under"},{"goals":"5.5","odds":"11.00","header":"Over "},{"goals":"5.5","odds":"1.05","header":"Under"},{"goals":"6.5","odds":"21.00","header":"Over "},{"goals":"6.5","odds":"1.02","header":"Under"}],"result_total_goals":[{"opp":"Trelleborgs FF & Over 2.5","odds":"7.50"},{"opp":"Trelleborgs FF & Under 2.5","odds":"11.00"},{"opp":"Draw & Over 2.5","odds":"13.00"},{"opp":"Draw & Under  2.5","odds":"5.50"},{"opp":"Hammarby & Over 2.5","odds":"2.40"},{"opp":"Hammarby & Under 2.5","odds":"4.33"}],"total_goals_both_teams_to_score":[{"opp":"Over 2.5 & Yes","odds":"2.05"},{"opp":"Over 2.5 & No","odds":"7.00"},{"opp":"Under 2.5 & Yes","odds":"7.50"},{"opp":"Under 2.5 & No","odds":"2.75"}],"exact_total_goals":[{"opp":"0 Goals","odds":"13.00"},{"opp":"1 Goal","odds":"5.50"},{"opp":"2 Goals","odds":"3.75"},{"opp":"3 Goals","odds":"4.00"},{"opp":"4 Goals","odds":"5.50"},{"opp":"5 Goals","odds":"9.00"},{"opp":"6 Goals","odds":"17.00"},{"opp":"7+ Goals","odds":"21.00"}],"number_of_goals_in_match":[{"opp":"Under 2 goals","odds":"4.33"},{"opp":"2 or 3 goals","odds":"2.05"},{"opp":"Over 3 goals","odds":"2.62"}],"both_teams_to_score":[{"opp":"Yes","odds":"1.70"},{"opp":"No","odds":"2.05"}],"teams_to_score":[{"opp":"Both Teams","odds":"1.70"},{"opp":"Trelleborgs FF Only","odds":"9.00"},{"opp":"No Goal","odds":"13.00"},{"opp":"Hammarby Only","odds":"2.88"}],"both_teams_to_score_in_1st_half":[{"opp":"Yes","odds":"4.33"},{"opp":"No","odds":"1.20"}],"both_teams_to_score_in_2nd_half":[{"opp":"Yes","odds":"3.25"},{"opp":"No","odds":"1.33"}],"both_teams_to_score_1st_half_2nd_half":[{"opp":"Yes \/ Yes","odds":"13.00"},{"opp":"Yes \/ No","odds":"6.00"},{"opp":"No \/ Yes","odds":"3.75"},{"opp":"No \/ No","odds":"1.67"}],"first_half_goals":[{"goals":"0.5","odds":"1.33","header":"Over"},{"goals":"0.5","odds":"3.25","header":"Under"},{"goals":"1.5","odds":"2.50","header":"Over"},{"goals":"1.5","odds":"1.50","header":"Under"},{"goals":"2.5","odds":"6.50","header":"Over"},{"goals":"2.5","odds":"1.11","header":"Under"},{"goals":"3.5","odds":"17.00","header":"Over"},{"goals":"3.5","odds":"1.02","header":"Under"}],"exact_1st_half_goals":[{"opp":"0 Goals","odds":"3.25"},{"opp":"1 Goal","odds":"2.60"},{"opp":"2 Goals","odds":"3.75"},{"opp":"3 Goals","odds":"8.50"},{"opp":"4 Goals","odds":"23.00"},{"opp":"5+ Goals","odds":"51.00"}],"total_goal_minutes":[{"opp":"Over 155 minutes","odds":"2.20"},{"opp":"135 To 155 minutes inc.","odds":"8.50"},{"opp":"Under 135 minutes","odds":"1.83"}],"first_team_to_score":[{"opp":"Trelleborgs FF","odds":"2.88"},{"opp":"No Goals","odds":"13.00"},{"opp":"Hammarby","odds":"1.44"}],"early_goal":[{"opp":"Goal before 27:00","odds":"1.83"},{"opp":"No Goal before 27:00","odds":"1.83"}],"late_goal":[{"opp":"Goal after 75:59","odds":"1.83"},{"opp":"No Goal after 75:59","odds":"1.83"}],"time_of_first_goal_brackets":[{"opp":"1-10","odds":"4.00"},{"opp":"11-20","odds":"4.75"},{"opp":"21-30","odds":"6.00"},{"opp":"31-40","odds":"7.00"},{"opp":"41-50","odds":"8.00"},{"opp":"51-60","odds":"13.00"},{"opp":"61-70","odds":"17.00"},{"opp":"71-80","odds":"21.00"},{"opp":"81 - Full Time","odds":"21.00"},{"opp":"No Goal","odds":"13.00"}],"2nd_half_goals":[{"goals":"0.5","odds":"1.18","header":"Over"},{"goals":"0.5","odds":"4.50","header":"Under"},{"goals":"1.5","odds":"1.83","header":"Over"},{"goals":"1.5","odds":"1.83","header":"Under"},{"goals":"2.5","odds":"3.75","header":"Over"},{"goals":"2.5","odds":"1.25","header":"Under"},{"goals":"3.5","odds":"10.00","header":"Over"},{"goals":"3.5","odds":"1.06","header":"Under"},{"goals":"4.5","odds":"23.00","header":"Over"},{"goals":"4.5","odds":"1.01","header":"Under"}],"exact_2nd_half_goals":[{"opp":"0 Goals","odds":"4.50"},{"opp":"1 Goal","odds":"2.88"},{"opp":"2 Goals","odds":"3.40"},{"opp":"3 Goals","odds":"6.00"},{"opp":"4 Goals","odds":"13.00"},{"opp":"5+ Goals","odds":"23.00"}],"half_with_most_goals":[{"opp":"1st Half","odds":"3.10"},{"opp":"2nd Half","odds":"2.00"},{"opp":"Tie","odds":"3.75"}],"home_team_highest_scoring_half":[{"opp":"Trelleborgs FF - 1st Half","odds":"3.75"},{"opp":"Trelleborgs FF - 2nd Half","odds":"2.88"},{"opp":"Trelleborgs FF - Tie","odds":"2.00"}],"away_team_highest_scoring_half":[{"opp":"Hammarby - 1st Half","odds":"3.20"},{"opp":"Hammarby - 2nd Half","odds":"2.20"},{"opp":"Hammarby - Tie","odds":"2.88"}],"home_team_exact_goals":[{"opp":"Trelleborgs FF - 0 Goals","odds":"2.50"},{"opp":"Trelleborgs FF - 1 Goal","odds":"2.40"},{"opp":"Trelleborgs FF - 2 Goals","odds":"4.50"},{"opp":"Trelleborgs FF - 3+ Goals","odds":"10.00"}],"away_team_exact_goals":[{"opp":"Hammarby - 0 Goals","odds":"6.00"},{"opp":"Hammarby - 1 Goal","odds":"3.20"},{"opp":"Hammarby - 2 Goals","odds":"3.25"},{"opp":"Hammarby - 3+ Goals","odds":"3.00"}],"time_of_1st_team_goal":[{"opp":"Trelleborgs FF - Goal before 69:00","odds":"1.83"},{"opp":"Trelleborgs FF - No Goal before 69:00","odds":"1.83"},{"opp":"Hammarby - Goal before 39:00","odds":"1.83"},{"opp":"Hammarby - No Goal before 39:00","odds":"1.83"}],"goals_odd_even":[{"opp":"Even","odds":"1.90"},{"opp":"Odd","odds":"1.95"}],"home_team_odd_even_goals":[{"opp":"Trelleborgs FF - Even","odds":"1.67"},{"opp":"Trelleborgs FF - Odd","odds":"2.10"}],"away_team_odd_even_goals":[{"opp":"Hammarby - Even","odds":"1.83"},{"opp":"Hammarby - Odd","odds":"1.83"}],"1st_half_goals_odd_even":[{"opp":"Odd","odds":"2.00"},{"opp":"Even","odds":"1.80"}],"last_team_to_score":[{"opp":"Trelleborgs FF","odds":"2.88"},{"opp":"No Goal","odds":"13.00"},{"opp":"Hammarby","odds":"1.44"}],"first_10_minutes_(00:00_09:59)":[{"name":"Goals","handicap":"0.5","odds":"4.00","header":"Over"},{"name":"Goals","handicap":"0.5","odds":"1.22","header":"Under"}]}},"half":{"updated_at":"1532571107","sp":{"half_time_result":[{"opp":"1","odds":"4.75"},{"opp":"X","odds":"2.40"},{"opp":"2","odds":"2.20"}],"half_time_double_chance":[{"opp":"1X","odds":"1.62"},{"opp":"X2","odds":"1.17"},{"opp":"12","odds":"1.53"}],"half_time_result_both_teams_to_score":[{"opp":"Trelleborgs FF & Yes","odds":"26.00"},{"opp":"Trelleborgs FF & No","odds":"5.50"},{"opp":"Draw & Yes","odds":"7.50"},{"opp":"Draw & No","odds":"3.20"},{"opp":"Hammarby & Yes","odds":"13.00"},{"opp":"Hammarby & No","odds":"2.50"}],"half_time_result_total_goals":[{"opp":"Trelleborgs FF & Over 1.5","odds":"13.00"},{"opp":"Trelleborgs FF & Under 1.5","odds":"6.50"},{"opp":"Draw & Over 1.5","odds":"7.50"},{"opp":"Draw & Under 1.5","odds":"3.25"},{"opp":"Hammarby & Over 1.5","odds":"4.75"},{"opp":"Hammarby & Under 1.5","odds":"3.75"}],"half_time_correct_score":[{"opp":"1-0","odds":"6.50","header":"Home"},{"opp":"0-0","odds":"3.25","header":"X"},{"opp":"1-0","odds":"3.75","header":"Away"},{"opp":"2-0","odds":"26.00","header":"Home"},{"opp":"1-1","odds":"7.50","header":"X"},{"opp":"2-0","odds":"8.50","header":"Away"},{"opp":"2-1","odds":"29.00","header":"Home"},{"opp":"2-2","odds":"51.00","header":"X"},{"opp":"2-1","odds":"17.00","header":"Away"},{"opp":"3-0","odds":"81.00","header":"Home"},{"opp":"3-0","odds":"26.00","header":"Away"},{"opp":"3-1","odds":"101.00","header":"Home"},{"opp":"3-1","odds":"41.00","header":"Away"},{"opp":"3-2","odds":"201.00","header":"Home"},{"opp":"3-2","odds":"126.00","header":"Away"},{"opp":"4-0","odds":"81.00","header":"Away"},{"opp":"4-1","odds":"151.00","header":"Away"},{"opp":"4-2","odds":"501.00","header":"Away"},{"opp":"5-0","odds":"351.00","header":"Away"}],"both_teams_to_score_in_1st_half":[{"opp":"Yes","odds":"4.33"},{"opp":"No","odds":"1.20"}],"both_teams_to_score_in_2nd_half":[{"opp":"Yes","odds":"3.25"},{"opp":"No","odds":"1.33"}],"both_teams_to_score_1st_half_2nd_half":[{"opp":"Yes \/ Yes","odds":"13.00"},{"opp":"Yes \/ No","odds":"6.00"},{"opp":"No \/ Yes","odds":"3.75"},{"opp":"No \/ No","odds":"1.67"}],"1st_half_asian_handicap":[{"opp":"0.0, +0.5","odds":"2.025","header":"Home"},{"opp":"0.0, -0.5","odds":"1.775","header":"Away"}],"1st_half_goal_line":[{"goals":"1.0, 1.5","odds":"2.100","header":"Over"},{"goals":"1.0, 1.5","odds":"1.700","header":"Under"}],"alternative_1st_half_asian_handicap":[{"opp":"-0.5","odds":"4.800","header":"Home"},{"opp":"+0.5","odds":"1.175","header":"Away"},{"opp":"0.0, -0.5","odds":"3.900","header":"Home"},{"opp":"0.0, +0.5","odds":"1.240","header":"Away"},{"opp":"0.0","odds":"3.100","header":"Home"},{"opp":"0.0","odds":"1.350","header":"Away"},{"opp":"+0.5","odds":"1.650","header":"Home"},{"opp":"-0.5","odds":"2.200","header":"Away"},{"opp":"+0.5, +1.0","odds":"1.425","header":"Home"},{"opp":"-0.5, -1.0","odds":"2.750","header":"Away"},{"opp":"+1.0","odds":"1.210","header":"Home"},{"opp":"-1.0","odds":"4.250","header":"Away"},{"opp":"+1.0, +1.5","odds":"1.170","header":"Home"},{"opp":"-1.0, -1.5","odds":"5.000","header":"Away"},{"opp":"+1.5","odds":"1.140","header":"Home"},{"opp":"-1.5","odds":"5.750","header":"Away"}],"alternative_1st_half_goal_line":[{"goals":"0.5, 1.0","odds":"1.450","header":"Over"},{"goals":"0.5, 1.0","odds":"2.675","header":"Under"},{"goals":"1.0","odds":"1.675","header":"Over"},{"goals":"1.0","odds":"2.150","header":"Under"},{"goals":"1.5","odds":"2.500","header":"Over"},{"goals":"1.5","odds":"1.500","header":"Under"},{"goals":"1.5, 2.0","odds":"3.300","header":"Over"},{"goals":"1.5, 2.0","odds":"1.325","header":"Under"},{"goals":"2.0","odds":"4.800","header":"Over"},{"goals":"2.0","odds":"1.175","header":"Under"},{"goals":"2.0, 2.5","odds":"5.750","header":"Over"},{"goals":"2.0, 2.5","odds":"1.140","header":"Under"},{"goals":"2.5","odds":"6.250","header":"Over"},{"goals":"2.5","odds":"1.120","header":"Under"}],"1st_half_handicap":[{"opp":"Trelleborgs FF  +1.0","odds":"1.62"},{"opp":"Tie - Hammarby -1.0","odds":"3.10"},{"opp":"Hammarby  -1.0","odds":"6.00"}],"alternative_1st_half_handicap_result":[{"opp":"-1.0","odds":"17.00","header":"Home"},{"opp":"+1.0","odds":"5.50","header":"Tie"},{"opp":"+1.0","odds":"1.17","header":"Away"},{"opp":"+2.0","odds":"1.10","header":"Home"},{"opp":"-2.0","odds":"7.00","header":"Tie"},{"opp":"-2.0","odds":"17.00","header":"Away"}],"first_half_goals":[{"goals":"0.5","odds":"1.33","header":"Over"},{"goals":"0.5","odds":"3.25","header":"Under"},{"goals":"1.5","odds":"2.50","header":"Over"},{"goals":"1.5","odds":"1.50","header":"Under"},{"goals":"2.5","odds":"6.50","header":"Over"},{"goals":"2.5","odds":"1.11","header":"Under"},{"goals":"3.5","odds":"17.00","header":"Over"},{"goals":"3.5","odds":"1.02","header":"Under"}],"exact_1st_half_goals":[{"opp":"0 Goals","odds":"3.25"},{"opp":"1 Goal","odds":"2.60"},{"opp":"2 Goals","odds":"3.75"},{"opp":"3 Goals","odds":"8.50"},{"opp":"4 Goals","odds":"23.00"},{"opp":"5+ Goals","odds":"51.00"}],"first_half_corners":[{"opp":"5","odds":"2.30","header":"Over"},{"opp":"5","odds":"5.50","header":"Exactly"},{"opp":"5","odds":"2.20","header":"Under"}],"1st_half_asian_corners":[{"goals":"5.0","odds":"1.975","header":"Over"},{"goals":"5.0","odds":"1.825","header":"Under"}],"1st_half_goals_odd_even":[{"opp":"Odd","odds":"2.00"},{"opp":"Even","odds":"1.80"}],"to_score_in_half":[{"name":"1st Half","odds":"2.50","header":"Yes"},{"name":"1st Half","odds":"1.50","header":"No"},{"name":"2nd Half","odds":"2.10","header":"Yes"},{"name":"2nd Half","odds":"1.67","header":"No"},{"name":"1st Half","odds":"1.67","header":"Yes"},{"name":"1st Half","odds":"2.10","header":"No"},{"name":"2nd Half","odds":"1.44","header":"Yes"},{"name":"2nd Half","odds":"2.62","header":"No"}],"half_with_most_goals":[{"opp":"1st Half","odds":"3.10"},{"opp":"2nd Half","odds":"2.00"},{"opp":"Tie","odds":"3.75"}],"home_team_highest_scoring_half":[{"opp":"Trelleborgs FF - 1st Half","odds":"3.75"},{"opp":"Trelleborgs FF - 2nd Half","odds":"2.88"},{"opp":"Trelleborgs FF - Tie","odds":"2.00"}],"away_team_highest_scoring_half":[{"opp":"Hammarby - 1st Half","odds":"3.20"},{"opp":"Hammarby - 2nd Half","odds":"2.20"},{"opp":"Hammarby - Tie","odds":"2.88"}],"2nd_half_result":[{"opp":"1","odds":"4.50"},{"opp":"X","odds":"2.75"},{"opp":"2","odds":"1.91"}],"2nd_half_goals":[{"goals":"0.5","odds":"1.18","header":"Over"},{"goals":"0.5","odds":"4.50","header":"Under"},{"goals":"1.5","odds":"1.83","header":"Over"},{"goals":"1.5","odds":"1.83","header":"Under"},{"goals":"2.5","odds":"3.75","header":"Over"},{"goals":"2.5","odds":"1.25","header":"Under"},{"goals":"3.5","odds":"10.00","header":"Over"},{"goals":"3.5","odds":"1.06","header":"Under"},{"goals":"4.5","odds":"23.00","header":"Over"},{"goals":"4.5","odds":"1.01","header":"Under"}],"exact_2nd_half_goals":[{"opp":"0 Goals","odds":"4.50"},{"opp":"1 Goal","odds":"2.88"},{"opp":"2 Goals","odds":"3.40"},{"opp":"3 Goals","odds":"6.00"},{"opp":"4 Goals","odds":"13.00"},{"opp":"5+ Goals","odds":"23.00"}],"2nd_half_goals_odd_even":[{"opp":"Even","odds":"1.80"},{"opp":"Odd","odds":"1.91"}]}},"main":{"updated_at":"1532571061","sp":{"full_time_result":[{"opp":"1","odds":"5.25"},{"opp":"X","odds":"4.00"},{"opp":"2","odds":"1.60"}],"double_chance":[{"opp":"1X","odds":"2.38"},{"opp":"X2","odds":"1.18"},{"opp":"12","odds":"1.25"}],"correct_score":[{"opp":"1-0","odds":"15.00","header":"Home"},{"opp":"0-0","odds":"13.00","header":"X"},{"opp":"1-0","odds":"8.00","header":"Away"},{"opp":"2-0","odds":"26.00","header":"Home"},{"opp":"1-1","odds":"7.50","header":"X"},{"opp":"2-0","odds":"8.50","header":"Away"},{"opp":"2-1","odds":"15.00","header":"Home"},{"opp":"2-2","odds":"15.00","header":"X"},{"opp":"2-1","odds":"8.00","header":"Away"},{"opp":"3-0","odds":"51.00","header":"Home"},{"opp":"3-3","odds":"51.00","header":"X"},{"opp":"3-0","odds":"13.00","header":"Away"},{"opp":"3-1","odds":"41.00","header":"Home"},{"opp":"4-4","odds":"251.00","header":"X"},{"opp":"3-1","odds":"12.00","header":"Away"},{"opp":"3-2","odds":"41.00","header":"Home"},{"opp":"3-2","odds":"23.00","header":"Away"},{"opp":"4-0","odds":"151.00","header":"Home"},{"opp":"4-0","odds":"23.00","header":"Away"},{"opp":"4-1","odds":"81.00","header":"Home"},{"opp":"4-1","odds":"23.00","header":"Away"},{"opp":"4-2","odds":"81.00","header":"Home"},{"opp":"4-2","odds":"41.00","header":"Away"},{"opp":"4-3","odds":"126.00","header":"Home"},{"opp":"4-3","odds":"81.00","header":"Away"},{"opp":"5-1","odds":"351.00","header":"Home"},{"opp":"5-0","odds":"51.00","header":"Away"},{"opp":"5-2","odds":"351.00","header":"Home"},{"opp":"5-1","odds":"41.00","header":"Away"},{"opp":"5-3","odds":"501.00","header":"Home"},{"opp":"5-2","odds":"67.00","header":"Away"},{"opp":"5-3","odds":"151.00","header":"Away"},{"opp":"6-1","odds":"101.00","header":"Away"},{"opp":"6-0","odds":"101.00","header":"Away"},{"opp":"6-2","odds":"151.00","header":"Away"},{"opp":"6-3","odds":"501.00","header":"Away"},{"opp":"7-0","odds":"301.00","header":"Away"},{"opp":"7-1","odds":"301.00","header":"Away"}],"half_time_full_time":[{"opp":"Trelleborgs FF - Trelleborgs FF","odds":"8.50"},{"opp":"Trelleborgs FF - Draw","odds":"15.00"},{"opp":"Trelleborgs FF - Hammarby","odds":"19.00"},{"opp":"Draw - Trelleborgs FF","odds":"11.00"},{"opp":"Draw - Draw","odds":"6.50"},{"opp":"Draw - Hammarby","odds":"4.33"},{"opp":"Hammarby - Trelleborgs FF","odds":"41.00"},{"opp":"Hammarby - Draw","odds":"15.00"},{"opp":"Hammarby - Hammarby","odds":"2.50"}],"goals_over_under":[{"goals":"2.5","odds":"1.70","header":"Over"},{"goals":"2.5","odds":"2.10","header":"Under"}],"both_teams_to_score":[{"opp":"Yes","odds":"1.70"},{"opp":"No","odds":"2.05"}],"goalscorers":[{"name":"Jiloan Hamad","odds":"6.00","header":"First"},{"name":"Jiloan Hamad","odds":"6.00","header":"Last"},{"name":"Jiloan Hamad","odds":"2.40","header":"Anytime"},{"name":"Nikola Djurdjic","odds":"6.00","header":"First"},{"name":"Nikola Djurdjic","odds":"6.00","header":"Last"},{"name":"Nikola Djurdjic","odds":"2.40","header":"Anytime"},{"name":"Imad Khalili","odds":"6.50","header":"First"},{"name":"Imad Khalili","odds":"6.50","header":"Last"},{"name":"Imad Khalili","odds":"2.60","header":"Anytime"},{"name":"Sander Svendsen","odds":"7.00","header":"First"},{"name":"Sander Svendsen","odds":"7.00","header":"Last"},{"name":"Sander Svendsen","odds":"2.75","header":"Anytime"},{"name":"Junes Barny","odds":"8.00","header":"First"},{"name":"Junes Barny","odds":"8.00","header":"Last"},{"name":"Junes Barny","odds":"3.10","header":"Anytime"},{"name":"Salif Camara Jonsson","odds":"8.00","header":"First"},{"name":"Salif Camara Jonsson","odds":"8.00","header":"Last"},{"name":"Salif Camara Jonsson","odds":"3.10","header":"Anytime"},{"name":"Kennedy Bakircioglu","odds":"8.50","header":"First"},{"name":"Kennedy Bakircioglu","odds":"8.50","header":"Last"},{"name":"Kennedy Bakircioglu","odds":"3.25","header":"Anytime"},{"name":"Deniz Hummet","odds":"9.50","header":"First"},{"name":"Deniz Hummet","odds":"9.50","header":"Last"},{"name":"Deniz Hummet","odds":"3.60","header":"Anytime"},{"name":"Marcus Pode","odds":"9.50","header":"First"},{"name":"Marcus Pode","odds":"9.50","header":"Last"},{"name":"Marcus Pode","odds":"3.60","header":"Anytime"},{"name":"Muamer Tankovic","odds":"10.00","header":"First"},{"name":"Muamer Tankovic","odds":"10.00","header":"Last"},{"name":"Muamer Tankovic","odds":"3.75","header":"Anytime"},{"name":"Noah Christoffersson","odds":"11.00","header":"First"},{"name":"Noah Christoffersson","odds":"11.00","header":"Last"},{"name":"Noah Christoffersson","odds":"4.00","header":"Anytime"},{"name":"Ottar Karlsson","odds":"11.00","header":"First"},{"name":"Ottar Karlsson","odds":"11.00","header":"Last"},{"name":"Ottar Karlsson","odds":"4.00","header":"Anytime"},{"name":"Abdul Halik Hudu","odds":"12.00","header":"First"},{"name":"Abdul Halik Hudu","odds":"12.00","header":"Last"},{"name":"Abdul Halik Hudu","odds":"4.50","header":"Anytime"},{"name":"Arnor Smarason","odds":"12.00","header":"First"},{"name":"Arnor Smarason","odds":"12.00","header":"Last"},{"name":"Arnor Smarason","odds":"4.50","header":"Anytime"},{"name":"Bjorn Paulsen","odds":"12.00","header":"First"},{"name":"Bjorn Paulsen","odds":"12.00","header":"Last"},{"name":"Bjorn Paulsen","odds":"4.50","header":"Anytime"},{"name":"Freddie Brorsson","odds":"12.00","header":"First"},{"name":"Freddie Brorsson","odds":"12.00","header":"Last"},{"name":"Freddie Brorsson","odds":"4.50","header":"Anytime"},{"name":"Dusan Jajic","odds":"13.00","header":"First"},{"name":"Dusan Jajic","odds":"13.00","header":"Last"},{"name":"Dusan Jajic","odds":"4.75","header":"Anytime"},{"name":"Leo Bengtsson","odds":"13.00","header":"First"},{"name":"Leo Bengtsson","odds":"13.00","header":"Last"},{"name":"Leo Bengtsson","odds":"4.75","header":"Anytime"},{"name":"Serge-Junior Ngouali","odds":"13.00","header":"First"},{"name":"Serge-Junior Ngouali","odds":"13.00","header":"Last"},{"name":"Serge-Junior Ngouali","odds":"4.75","header":"Anytime"},{"name":"Haris Brkic","odds":"15.00","header":"First"},{"name":"Haris Brkic","odds":"15.00","header":"Last"},{"name":"Haris Brkic","odds":"5.50","header":"Anytime"},{"name":"Zoran Jovanovic","odds":"15.00","header":"First"},{"name":"Zoran Jovanovic","odds":"15.00","header":"Last"},{"name":"Zoran Jovanovic","odds":"5.50","header":"Anytime"},{"name":"Felix Horberg","odds":"17.00","header":"First"},{"name":"Felix Horberg","odds":"17.00","header":"Last"},{"name":"Felix Horberg","odds":"6.00","header":"Anytime"},{"name":"Furkan Motori","odds":"17.00","header":"First"},{"name":"Furkan Motori","odds":"17.00","header":"Last"},{"name":"Furkan Motori","odds":"6.00","header":"Anytime"},{"name":"Rebin Assad","odds":"17.00","header":"First"},{"name":"Rebin Assad","odds":"17.00","header":"Last"},{"name":"Rebin Assad","odds":"6.00","header":"Anytime"},{"name":"Hugo Andersson","odds":"21.00","header":"First"},{"name":"Hugo Andersson","odds":"21.00","header":"Last"},{"name":"Hugo Andersson","odds":"7.50","header":"Anytime"},{"name":"Jeppe Andersen","odds":"21.00","header":"First"},{"name":"Jeppe Andersen","odds":"21.00","header":"Last"},{"name":"Jeppe Andersen","odds":"7.50","header":"Anytime"},{"name":"Marcus Degerlund","odds":"21.00","header":"First"},{"name":"Marcus Degerlund","odds":"21.00","header":"Last"},{"name":"Marcus Degerlund","odds":"7.50","header":"Anytime"},{"name":"Mats Solheim","odds":"21.00","header":"First"},{"name":"Mats Solheim","odds":"21.00","header":"Last"},{"name":"Mats Solheim","odds":"7.50","header":"Anytime"},{"name":"Oscar Johansson","odds":"21.00","header":"First"},{"name":"Oscar Johansson","odds":"21.00","header":"Last"},{"name":"Oscar Johansson","odds":"7.50","header":"Anytime"},{"name":"Oscar Krusnell","odds":"21.00","header":"First"},{"name":"Oscar Krusnell","odds":"21.00","header":"Last"},{"name":"Oscar Krusnell","odds":"7.50","header":"Anytime"},{"name":"Erik Andersson","odds":"23.00","header":"First"},{"name":"Erik Andersson","odds":"23.00","header":"Last"},{"name":"Erik Andersson","odds":"8.50","header":"Anytime"},{"name":"Robin Nilsson","odds":"23.00","header":"First"},{"name":"Robin Nilsson","odds":"23.00","header":"Last"},{"name":"Robin Nilsson","odds":"8.50","header":"Anytime"},{"name":"Johan Brannefalk","odds":"26.00","header":"First"},{"name":"Johan Brannefalk","odds":"26.00","header":"Last"},{"name":"Johan Brannefalk","odds":"9.50","header":"Anytime"},{"name":"Neto Borges","odds":"26.00","header":"First"},{"name":"Neto Borges","odds":"26.00","header":"Last"},{"name":"Neto Borges","odds":"9.50","header":"Anytime"},{"name":"Sebastian Ohlsson","odds":"26.00","header":"First"},{"name":"Sebastian Ohlsson","odds":"26.00","header":"Last"},{"name":"Sebastian Ohlsson","odds":"9.50","header":"Anytime"},{"name":"David Fallman","odds":"29.00","header":"First"},{"name":"David Fallman","odds":"29.00","header":"Last"},{"name":"David Fallman","odds":"11.00","header":"Anytime"},{"name":"Mads Fenger","odds":"29.00","header":"First"},{"name":"Mads Fenger","odds":"29.00","header":"Last"},{"name":"Mads Fenger","odds":"11.00","header":"Anytime"},{"name":"Simon Sandberg","odds":"29.00","header":"First"},{"name":"Simon Sandberg","odds":"29.00","header":"Last"},{"name":"Simon Sandberg","odds":"11.00","header":"Anytime"},{"name":"Magnus Andersson","odds":"34.00","header":"First"},{"name":"Magnus Andersson","odds":"34.00","header":"Last"},{"name":"Magnus Andersson","odds":"13.00","header":"Anytime"},{"name":"Albin Nilsson","odds":"41.00","header":"First"},{"name":"Albin Nilsson","odds":"41.00","header":"Last"},{"name":"Albin Nilsson","odds":"15.00","header":"Anytime"},{"name":"Alexander Blomqvist","odds":"41.00","header":"First"},{"name":"Alexander Blomqvist","odds":"41.00","header":"Last"},{"name":"Alexander Blomqvist","odds":"15.00","header":"Anytime"},{"name":"Anton Tideman","odds":"41.00","header":"First"},{"name":"Anton Tideman","odds":"41.00","header":"Last"},{"name":"Anton Tideman","odds":"15.00","header":"Anytime"},{"name":"Dennis Hadzikadunic","odds":"41.00","header":"First"},{"name":"Dennis Hadzikadunic","odds":"41.00","header":"Last"},{"name":"Dennis Hadzikadunic","odds":"15.00","header":"Anytime"},{"name":"Lasse Nielsen","odds":"41.00","header":"First"},{"name":"Lasse Nielsen","odds":"41.00","header":"Last"},{"name":"Lasse Nielsen","odds":"15.00","header":"Anytime"},{"name":"Viktor Nilsson","odds":"41.00","header":"First"},{"name":"Viktor Nilsson","odds":"41.00","header":"Last"},{"name":"Viktor Nilsson","odds":"15.00","header":"Anytime"},{"name":"Jakob Palander","odds":"51.00","header":"First"},{"name":"Jakob Palander","odds":"51.00","header":"Last"},{"name":"Jakob Palander","odds":"21.00","header":"Anytime"},{"name":"No Goalscorer","odds":"13.00","header":"First"},{"name":"No Goalscorer","odds":"13.00","header":"Last"}],"multi_scorers":[{"name":"Jiloan Hamad","odds":"8.50","header":"2 or More"},{"name":"Jiloan Hamad","odds":"34.00","header":"3 or More"},{"name":"Nikola Djurdjic","odds":"8.50","header":"2 or More"},{"name":"Nikola Djurdjic","odds":"34.00","header":"3 or More"},{"name":"Imad Khalili","odds":"10.00","header":"2 or More"},{"name":"Imad Khalili","odds":"41.00","header":"3 or More"},{"name":"Sander Svendsen","odds":"11.00","header":"2 or More"},{"name":"Sander Svendsen","odds":"51.00","header":"3 or More"},{"name":"Junes Barny","odds":"15.00","header":"2 or More"},{"name":"Junes Barny","odds":"81.00","header":"3 or More"},{"name":"Salif Camara Jonsson","odds":"15.00","header":"2 or More"},{"name":"Salif Camara Jonsson","odds":"81.00","header":"3 or More"},{"name":"Kennedy Bakircioglu","odds":"17.00","header":"2 or More"},{"name":"Kennedy Bakircioglu","odds":"81.00","header":"3 or More"},{"name":"Deniz Hummet","odds":"19.00","header":"2 or More"},{"name":"Deniz Hummet","odds":"101.00","header":"3 or More"},{"name":"Marcus Pode","odds":"19.00","header":"2 or More"},{"name":"Marcus Pode","odds":"101.00","header":"3 or More"},{"name":"Muamer Tankovic","odds":"21.00","header":"2 or More"},{"name":"Muamer Tankovic","odds":"101.00","header":"3 or More"},{"name":"Noah Christoffersson","odds":"23.00","header":"2 or More"},{"name":"Noah Christoffersson","odds":"101.00","header":"3 or More"},{"name":"Ottar Karlsson","odds":"23.00","header":"2 or More"},{"name":"Ottar Karlsson","odds":"101.00","header":"3 or More"},{"name":"Abdul Halik Hudu","odds":"29.00","header":"2 or More"},{"name":"Abdul Halik Hudu","odds":"101.00","header":"3 or More"},{"name":"Arnor Smarason","odds":"29.00","header":"2 or More"},{"name":"Arnor Smarason","odds":"101.00","header":"3 or More"},{"name":"Bjorn Paulsen","odds":"29.00","header":"2 or More"},{"name":"Bjorn Paulsen","odds":"101.00","header":"3 or More"},{"name":"Freddie Brorsson","odds":"29.00","header":"2 or More"},{"name":"Freddie Brorsson","odds":"101.00","header":"3 or More"},{"name":"Dusan Jajic","odds":"34.00","header":"2 or More"},{"name":"Dusan Jajic","odds":"126.00","header":"3 or More"},{"name":"Leo Bengtsson","odds":"34.00","header":"2 or More"},{"name":"Leo Bengtsson","odds":"126.00","header":"3 or More"},{"name":"Serge-Junior Ngouali","odds":"34.00","header":"2 or More"},{"name":"Serge-Junior Ngouali","odds":"126.00","header":"3 or More"},{"name":"Haris Brkic","odds":"41.00","header":"2 or More"},{"name":"Haris Brkic","odds":"151.00","header":"3 or More"},{"name":"Zoran Jovanovic","odds":"41.00","header":"2 or More"},{"name":"Zoran Jovanovic","odds":"151.00","header":"3 or More"},{"name":"Felix Horberg","odds":"51.00","header":"2 or More"},{"name":"Felix Horberg","odds":"151.00","header":"3 or More"},{"name":"Furkan Motori","odds":"51.00","header":"2 or More"},{"name":"Furkan Motori","odds":"151.00","header":"3 or More"},{"name":"Rebin Assad","odds":"51.00","header":"2 or More"},{"name":"Rebin Assad","odds":"151.00","header":"3 or More"},{"name":"Hugo Andersson","odds":"81.00","header":"2 or More"},{"name":"Hugo Andersson","odds":"251.00","header":"3 or More"},{"name":"Jeppe Andersen","odds":"81.00","header":"2 or More"},{"name":"Jeppe Andersen","odds":"251.00","header":"3 or More"},{"name":"Marcus Degerlund","odds":"81.00","header":"2 or More"},{"name":"Marcus Degerlund","odds":"251.00","header":"3 or More"},{"name":"Mats Solheim","odds":"81.00","header":"2 or More"},{"name":"Mats Solheim","odds":"251.00","header":"3 or More"},{"name":"Oscar Johansson","odds":"81.00","header":"2 or More"},{"name":"Oscar Johansson","odds":"251.00","header":"3 or More"},{"name":"Oscar Krusnell","odds":"81.00","header":"2 or More"},{"name":"Oscar Krusnell","odds":"251.00","header":"3 or More"},{"name":"David Fallman","odds":"101.00","header":"2 or More"},{"name":"David Fallman","odds":"501.00","header":"3 or More"},{"name":"Erik Andersson","odds":"101.00","header":"2 or More"},{"name":"Erik Andersson","odds":"351.00","header":"3 or More"},{"name":"Johan Brannefalk","odds":"101.00","header":"2 or More"},{"name":"Johan Brannefalk","odds":"501.00","header":"3 or More"},{"name":"Mads Fenger","odds":"101.00","header":"2 or More"},{"name":"Mads Fenger","odds":"501.00","header":"3 or More"},{"name":"Neto Borges","odds":"101.00","header":"2 or More"},{"name":"Neto Borges","odds":"501.00","header":"3 or More"},{"name":"Robin Nilsson","odds":"101.00","header":"2 or More"},{"name":"Robin Nilsson","odds":"351.00","header":"3 or More"},{"name":"Sebastian Ohlsson","odds":"101.00","header":"2 or More"},{"name":"Sebastian Ohlsson","odds":"501.00","header":"3 or More"},{"name":"Simon Sandberg","odds":"101.00","header":"2 or More"},{"name":"Simon Sandberg","odds":"501.00","header":"3 or More"},{"name":"Magnus Andersson","odds":"126.00","header":"2 or More"},{"name":"Magnus Andersson","odds":"501.00","header":"3 or More"},{"name":"Albin Nilsson","odds":"151.00","header":"2 or More"},{"name":"Albin Nilsson","odds":"501.00","header":"3 or More"},{"name":"Alexander Blomqvist","odds":"151.00","header":"2 or More"},{"name":"Alexander Blomqvist","odds":"501.00","header":"3 or More"},{"name":"Anton Tideman","odds":"151.00","header":"2 or More"},{"name":"Anton Tideman","odds":"501.00","header":"3 or More"},{"name":"Dennis Hadzikadunic","odds":"151.00","header":"2 or More"},{"name":"Dennis Hadzikadunic","odds":"501.00","header":"3 or More"},{"name":"Jakob Palander","odds":"151.00","header":"2 or More"},{"name":"Jakob Palander","odds":"501.00","header":"3 or More"},{"name":"Lasse Nielsen","odds":"151.00","header":"2 or More"},{"name":"Lasse Nielsen","odds":"501.00","header":"3 or More"},{"name":"Viktor Nilsson","odds":"151.00","header":"2 or More"},{"name":"Viktor Nilsson","odds":"501.00","header":"3 or More"}],"asian_handicap":[{"opp":"+0.5, +1.0","odds":"2.090","header":"Home"},{"opp":"-0.5, -1.0","odds":"1.810","header":"Away"}],"goal_line":[{"goals":"2.5, 3.0","odds":"1.900","header":"Over"},{"goals":"2.5, 3.0","odds":"1.950","header":"Under"}],"alternative_asian_handicap":[{"opp":"-0.5, -1.0","odds":"6.400","header":"Home"},{"opp":"+0.5, +1.0","odds":"1.115","header":"Away"},{"opp":"-0.5","odds":"4.800","header":"Home"},{"opp":"+0.5","odds":"1.175","header":"Away"},{"opp":"0.0, -0.5","odds":"4.250","header":"Home"},{"opp":"0.0, +0.5","odds":"1.210","header":"Away"},{"opp":"0.0","odds":"3.800","header":"Home"},{"opp":"0.0","odds":"1.250","header":"Away"},{"opp":"0.0, +0.5","odds":"2.750","header":"Home"},{"opp":"0.0, -0.5","odds":"1.425","header":"Away"},{"opp":"+0.5","odds":"2.300","header":"Home"},{"opp":"-0.5","odds":"1.600","header":"Away"},{"opp":"+1.0","odds":"1.775","header":"Home"},{"opp":"-1.0","odds":"2.025","header":"Away"},{"opp":"+1.0, +1.5","odds":"1.575","header":"Home"},{"opp":"-1.0, -1.5","odds":"2.350","header":"Away"},{"opp":"+1.5","odds":"1.475","header":"Home"},{"opp":"-1.5","odds":"2.600","header":"Away"},{"opp":"+1.5, +2.0","odds":"1.350","header":"Home"},{"opp":"-1.5, -2.0","odds":"3.100","header":"Away"},{"opp":"+2.0","odds":"1.220","header":"Home"},{"opp":"-2.0","odds":"4.150","header":"Away"},{"opp":"+2.0, +2.5","odds":"1.190","header":"Home"},{"opp":"-2.0, -2.5","odds":"4.500","header":"Away"},{"opp":"+2.5","odds":"1.160","header":"Home"},{"opp":"-2.5","odds":"5.250","header":"Away"},{"opp":"+2.5, +3.0","odds":"1.110","header":"Home"},{"opp":"-2.5, -3.0","odds":"6.600","header":"Away"}],"alternative_goal_line":[{"goals":"1.0, 1.5","odds":"1.130","header":"Over"},{"goals":"1.0, 1.5","odds":"5.900","header":"Under"},{"goals":"1.5","odds":"1.220","header":"Over"},{"goals":"1.5","odds":"4.150","header":"Under"},{"goals":"1.5, 2.0","odds":"1.260","header":"Over"},{"goals":"1.5, 2.0","odds":"3.700","header":"Under"},{"goals":"2.0","odds":"1.325","header":"Over"},{"goals":"2.0","odds":"3.300","header":"Under"},{"goals":"2.0, 2.5","odds":"1.500","header":"Over"},{"goals":"2.0, 2.5","odds":"2.500","header":"Under"},{"goals":"2.5","odds":"1.700","header":"Over"},{"goals":"2.5","odds":"2.100","header":"Under"},{"goals":"3.0","odds":"2.150","header":"Over"},{"goals":"3.0","odds":"1.675","header":"Under"},{"goals":"3.0, 3.5","odds":"2.375","header":"Over"},{"goals":"3.0, 3.5","odds":"1.550","header":"Under"},{"goals":"3.5","odds":"2.675","header":"Over"},{"goals":"3.5","odds":"1.450","header":"Under"},{"goals":"3.5, 4.0","odds":"3.300","header":"Over"},{"goals":"3.5, 4.0","odds":"1.325","header":"Under"},{"goals":"4.0","odds":"4.150","header":"Over"},{"goals":"4.0","odds":"1.220","header":"Under"},{"goals":"4.0, 4.5","odds":"4.500","header":"Over"},{"goals":"4.0, 4.5","odds":"1.190","header":"Under"},{"goals":"4.5","odds":"5.000","header":"Over"},{"goals":"4.5","odds":"1.170","header":"Under"},{"goals":"4.5, 5.0","odds":"6.400","header":"Over"},{"goals":"4.5, 5.0","odds":"1.115","header":"Under"}],"draw_no_bet":[{"opp":"Trelleborgs FF","odds":"3.75"},{"opp":"Hammarby","odds":"1.25"}],"result_both_teams_to_score":[{"name":"Trelleborgs FF","odds":"8.50","header":"Yes"},{"name":"Trelleborgs FF","odds":"9.00","header":"No"},{"name":"Hammarby","odds":"3.25","header":"Yes"},{"name":"Hammarby","odds":"3.00","header":"No"},{"name":"Draw","odds":"5.00","header":"Yes"},{"name":"Draw","odds":"13.00","header":"No"}],"handicap_result":[{"opp":"Trelleborgs FF (+1)","odds":"2.38"},{"opp":"Tie - (Hammarby -1)","odds":"3.60"},{"opp":"Hammarby (-1)","odds":"2.60"}],"alternative_handicap_result":[{"opp":"-2.0","odds":"19.00","header":"Home"},{"opp":"+2.0","odds":"13.00","header":"Tie"},{"opp":"+2.0","odds":"1.04","header":"Away"},{"opp":"-1.0","odds":"10.00","header":"Home"},{"opp":"+1.0","odds":"6.50","header":"Tie"},{"opp":"+1.0","odds":"1.18","header":"Away"},{"opp":"+2.0","odds":"1.44","header":"Home"},{"opp":"-2.0","odds":"4.75","header":"Tie"},{"opp":"-2.0","odds":"5.00","header":"Away"},{"opp":"+3.0","odds":"1.12","header":"Home"},{"opp":"-3.0","odds":"7.50","header":"Tie"},{"opp":"-3.0","odds":"10.00","header":"Away"}],"winning_margin":[{"goals":" 1","odds":"6.50","header":"Home"},{"goals":" 1","odds":"3.60","header":"Away"},{"goals":" 2","odds":"13.00","header":"Home"},{"goals":" 2","odds":"4.75","header":"Away"},{"goals":" 3","odds":"41.00","header":"Home"},{"goals":" 3","odds":"7.50","header":"Away"},{"goals":" 4+","odds":"101.00","header":"Home"},{"goals":" 4+","odds":"10.00","header":"Away"},{"goals":"Score Draw","odds":"5.00","header":"Home"},{"goals":"No Goal","odds":"13.00","header":"Home"}]}},"player":{"updated_at":"1532571129","sp":{"goalscorers":[{"name":"Jiloan Hamad","odds":"6.00","header":"First"},{"name":"Jiloan Hamad","odds":"6.00","header":"Last"},{"name":"Jiloan Hamad","odds":"2.40","header":"Anytime"},{"name":"Nikola Djurdjic","odds":"6.00","header":"First"},{"name":"Nikola Djurdjic","odds":"6.00","header":"Last"},{"name":"Nikola Djurdjic","odds":"2.40","header":"Anytime"},{"name":"Imad Khalili","odds":"6.50","header":"First"},{"name":"Imad Khalili","odds":"6.50","header":"Last"},{"name":"Imad Khalili","odds":"2.60","header":"Anytime"},{"name":"Sander Svendsen","odds":"7.00","header":"First"},{"name":"Sander Svendsen","odds":"7.00","header":"Last"},{"name":"Sander Svendsen","odds":"2.75","header":"Anytime"},{"name":"Junes Barny","odds":"8.00","header":"First"},{"name":"Junes Barny","odds":"8.00","header":"Last"},{"name":"Junes Barny","odds":"3.10","header":"Anytime"},{"name":"Salif Camara Jonsson","odds":"8.00","header":"First"},{"name":"Salif Camara Jonsson","odds":"8.00","header":"Last"},{"name":"Salif Camara Jonsson","odds":"3.10","header":"Anytime"},{"name":"Kennedy Bakircioglu","odds":"8.50","header":"First"},{"name":"Kennedy Bakircioglu","odds":"8.50","header":"Last"},{"name":"Kennedy Bakircioglu","odds":"3.25","header":"Anytime"},{"name":"Deniz Hummet","odds":"9.50","header":"First"},{"name":"Deniz Hummet","odds":"9.50","header":"Last"},{"name":"Deniz Hummet","odds":"3.60","header":"Anytime"},{"name":"Marcus Pode","odds":"9.50","header":"First"},{"name":"Marcus Pode","odds":"9.50","header":"Last"},{"name":"Marcus Pode","odds":"3.60","header":"Anytime"},{"name":"Muamer Tankovic","odds":"10.00","header":"First"},{"name":"Muamer Tankovic","odds":"10.00","header":"Last"},{"name":"Muamer Tankovic","odds":"3.75","header":"Anytime"},{"name":"Noah Christoffersson","odds":"11.00","header":"First"},{"name":"Noah Christoffersson","odds":"11.00","header":"Last"},{"name":"Noah Christoffersson","odds":"4.00","header":"Anytime"},{"name":"Ottar Karlsson","odds":"11.00","header":"First"},{"name":"Ottar Karlsson","odds":"11.00","header":"Last"},{"name":"Ottar Karlsson","odds":"4.00","header":"Anytime"},{"name":"Abdul Halik Hudu","odds":"12.00","header":"First"},{"name":"Abdul Halik Hudu","odds":"12.00","header":"Last"},{"name":"Abdul Halik Hudu","odds":"4.50","header":"Anytime"},{"name":"Arnor Smarason","odds":"12.00","header":"First"},{"name":"Arnor Smarason","odds":"12.00","header":"Last"},{"name":"Arnor Smarason","odds":"4.50","header":"Anytime"},{"name":"Bjorn Paulsen","odds":"12.00","header":"First"},{"name":"Bjorn Paulsen","odds":"12.00","header":"Last"},{"name":"Bjorn Paulsen","odds":"4.50","header":"Anytime"},{"name":"Freddie Brorsson","odds":"12.00","header":"First"},{"name":"Freddie Brorsson","odds":"12.00","header":"Last"},{"name":"Freddie Brorsson","odds":"4.50","header":"Anytime"},{"name":"Dusan Jajic","odds":"13.00","header":"First"},{"name":"Dusan Jajic","odds":"13.00","header":"Last"},{"name":"Dusan Jajic","odds":"4.75","header":"Anytime"},{"name":"Leo Bengtsson","odds":"13.00","header":"First"},{"name":"Leo Bengtsson","odds":"13.00","header":"Last"},{"name":"Leo Bengtsson","odds":"4.75","header":"Anytime"},{"name":"Serge-Junior Ngouali","odds":"13.00","header":"First"},{"name":"Serge-Junior Ngouali","odds":"13.00","header":"Last"},{"name":"Serge-Junior Ngouali","odds":"4.75","header":"Anytime"},{"name":"Haris Brkic","odds":"15.00","header":"First"},{"name":"Haris Brkic","odds":"15.00","header":"Last"},{"name":"Haris Brkic","odds":"5.50","header":"Anytime"},{"name":"Zoran Jovanovic","odds":"15.00","header":"First"},{"name":"Zoran Jovanovic","odds":"15.00","header":"Last"},{"name":"Zoran Jovanovic","odds":"5.50","header":"Anytime"},{"name":"Felix Horberg","odds":"17.00","header":"First"},{"name":"Felix Horberg","odds":"17.00","header":"Last"},{"name":"Felix Horberg","odds":"6.00","header":"Anytime"},{"name":"Furkan Motori","odds":"17.00","header":"First"},{"name":"Furkan Motori","odds":"17.00","header":"Last"},{"name":"Furkan Motori","odds":"6.00","header":"Anytime"},{"name":"Rebin Assad","odds":"17.00","header":"First"},{"name":"Rebin Assad","odds":"17.00","header":"Last"},{"name":"Rebin Assad","odds":"6.00","header":"Anytime"},{"name":"Hugo Andersson","odds":"21.00","header":"First"},{"name":"Hugo Andersson","odds":"21.00","header":"Last"},{"name":"Hugo Andersson","odds":"7.50","header":"Anytime"},{"name":"Jeppe Andersen","odds":"21.00","header":"First"},{"name":"Jeppe Andersen","odds":"21.00","header":"Last"},{"name":"Jeppe Andersen","odds":"7.50","header":"Anytime"},{"name":"Marcus Degerlund","odds":"21.00","header":"First"},{"name":"Marcus Degerlund","odds":"21.00","header":"Last"},{"name":"Marcus Degerlund","odds":"7.50","header":"Anytime"},{"name":"Mats Solheim","odds":"21.00","header":"First"},{"name":"Mats Solheim","odds":"21.00","header":"Last"},{"name":"Mats Solheim","odds":"7.50","header":"Anytime"},{"name":"Oscar Johansson","odds":"21.00","header":"First"},{"name":"Oscar Johansson","odds":"21.00","header":"Last"},{"name":"Oscar Johansson","odds":"7.50","header":"Anytime"},{"name":"Oscar Krusnell","odds":"21.00","header":"First"},{"name":"Oscar Krusnell","odds":"21.00","header":"Last"},{"name":"Oscar Krusnell","odds":"7.50","header":"Anytime"},{"name":"Erik Andersson","odds":"23.00","header":"First"},{"name":"Erik Andersson","odds":"23.00","header":"Last"},{"name":"Erik Andersson","odds":"8.50","header":"Anytime"},{"name":"Robin Nilsson","odds":"23.00","header":"First"},{"name":"Robin Nilsson","odds":"23.00","header":"Last"},{"name":"Robin Nilsson","odds":"8.50","header":"Anytime"},{"name":"Johan Brannefalk","odds":"26.00","header":"First"},{"name":"Johan Brannefalk","odds":"26.00","header":"Last"},{"name":"Johan Brannefalk","odds":"9.50","header":"Anytime"},{"name":"Neto Borges","odds":"26.00","header":"First"},{"name":"Neto Borges","odds":"26.00","header":"Last"},{"name":"Neto Borges","odds":"9.50","header":"Anytime"},{"name":"Sebastian Ohlsson","odds":"26.00","header":"First"},{"name":"Sebastian Ohlsson","odds":"26.00","header":"Last"},{"name":"Sebastian Ohlsson","odds":"9.50","header":"Anytime"},{"name":"David Fallman","odds":"29.00","header":"First"},{"name":"David Fallman","odds":"29.00","header":"Last"},{"name":"David Fallman","odds":"11.00","header":"Anytime"},{"name":"Mads Fenger","odds":"29.00","header":"First"},{"name":"Mads Fenger","odds":"29.00","header":"Last"},{"name":"Mads Fenger","odds":"11.00","header":"Anytime"},{"name":"Simon Sandberg","odds":"29.00","header":"First"},{"name":"Simon Sandberg","odds":"29.00","header":"Last"},{"name":"Simon Sandberg","odds":"11.00","header":"Anytime"},{"name":"Magnus Andersson","odds":"34.00","header":"First"},{"name":"Magnus Andersson","odds":"34.00","header":"Last"},{"name":"Magnus Andersson","odds":"13.00","header":"Anytime"},{"name":"Albin Nilsson","odds":"41.00","header":"First"},{"name":"Albin Nilsson","odds":"41.00","header":"Last"},{"name":"Albin Nilsson","odds":"15.00","header":"Anytime"},{"name":"Alexander Blomqvist","odds":"41.00","header":"First"},{"name":"Alexander Blomqvist","odds":"41.00","header":"Last"},{"name":"Alexander Blomqvist","odds":"15.00","header":"Anytime"},{"name":"Anton Tideman","odds":"41.00","header":"First"},{"name":"Anton Tideman","odds":"41.00","header":"Last"},{"name":"Anton Tideman","odds":"15.00","header":"Anytime"},{"name":"Dennis Hadzikadunic","odds":"41.00","header":"First"},{"name":"Dennis Hadzikadunic","odds":"41.00","header":"Last"},{"name":"Dennis Hadzikadunic","odds":"15.00","header":"Anytime"},{"name":"Lasse Nielsen","odds":"41.00","header":"First"},{"name":"Lasse Nielsen","odds":"41.00","header":"Last"},{"name":"Lasse Nielsen","odds":"15.00","header":"Anytime"},{"name":"Viktor Nilsson","odds":"41.00","header":"First"},{"name":"Viktor Nilsson","odds":"41.00","header":"Last"},{"name":"Viktor Nilsson","odds":"15.00","header":"Anytime"},{"name":"Jakob Palander","odds":"51.00","header":"First"},{"name":"Jakob Palander","odds":"51.00","header":"Last"},{"name":"Jakob Palander","odds":"21.00","header":"Anytime"},{"name":"No Goalscorer","odds":"13.00","header":"First"},{"name":"No Goalscorer","odds":"13.00","header":"Last"}],"multi_scorers":[{"name":"Jiloan Hamad","odds":"8.50","header":"2 or More"},{"name":"Jiloan Hamad","odds":"34.00","header":"3 or More"},{"name":"Nikola Djurdjic","odds":"8.50","header":"2 or More"},{"name":"Nikola Djurdjic","odds":"34.00","header":"3 or More"},{"name":"Imad Khalili","odds":"10.00","header":"2 or More"},{"name":"Imad Khalili","odds":"41.00","header":"3 or More"},{"name":"Sander Svendsen","odds":"11.00","header":"2 or More"},{"name":"Sander Svendsen","odds":"51.00","header":"3 or More"},{"name":"Junes Barny","odds":"15.00","header":"2 or More"},{"name":"Junes Barny","odds":"81.00","header":"3 or More"},{"name":"Salif Camara Jonsson","odds":"15.00","header":"2 or More"},{"name":"Salif Camara Jonsson","odds":"81.00","header":"3 or More"},{"name":"Kennedy Bakircioglu","odds":"17.00","header":"2 or More"},{"name":"Kennedy Bakircioglu","odds":"81.00","header":"3 or More"},{"name":"Deniz Hummet","odds":"19.00","header":"2 or More"},{"name":"Deniz Hummet","odds":"101.00","header":"3 or More"},{"name":"Marcus Pode","odds":"19.00","header":"2 or More"},{"name":"Marcus Pode","odds":"101.00","header":"3 or More"},{"name":"Muamer Tankovic","odds":"21.00","header":"2 or More"},{"name":"Muamer Tankovic","odds":"101.00","header":"3 or More"},{"name":"Noah Christoffersson","odds":"23.00","header":"2 or More"},{"name":"Noah Christoffersson","odds":"101.00","header":"3 or More"},{"name":"Ottar Karlsson","odds":"23.00","header":"2 or More"},{"name":"Ottar Karlsson","odds":"101.00","header":"3 or More"},{"name":"Abdul Halik Hudu","odds":"29.00","header":"2 or More"},{"name":"Abdul Halik Hudu","odds":"101.00","header":"3 or More"},{"name":"Arnor Smarason","odds":"29.00","header":"2 or More"},{"name":"Arnor Smarason","odds":"101.00","header":"3 or More"},{"name":"Bjorn Paulsen","odds":"29.00","header":"2 or More"},{"name":"Bjorn Paulsen","odds":"101.00","header":"3 or More"},{"name":"Freddie Brorsson","odds":"29.00","header":"2 or More"},{"name":"Freddie Brorsson","odds":"101.00","header":"3 or More"},{"name":"Dusan Jajic","odds":"34.00","header":"2 or More"},{"name":"Dusan Jajic","odds":"126.00","header":"3 or More"},{"name":"Leo Bengtsson","odds":"34.00","header":"2 or More"},{"name":"Leo Bengtsson","odds":"126.00","header":"3 or More"},{"name":"Serge-Junior Ngouali","odds":"34.00","header":"2 or More"},{"name":"Serge-Junior Ngouali","odds":"126.00","header":"3 or More"},{"name":"Haris Brkic","odds":"41.00","header":"2 or More"},{"name":"Haris Brkic","odds":"151.00","header":"3 or More"},{"name":"Zoran Jovanovic","odds":"41.00","header":"2 or More"},{"name":"Zoran Jovanovic","odds":"151.00","header":"3 or More"},{"name":"Felix Horberg","odds":"51.00","header":"2 or More"},{"name":"Felix Horberg","odds":"151.00","header":"3 or More"},{"name":"Furkan Motori","odds":"51.00","header":"2 or More"},{"name":"Furkan Motori","odds":"151.00","header":"3 or More"},{"name":"Rebin Assad","odds":"51.00","header":"2 or More"},{"name":"Rebin Assad","odds":"151.00","header":"3 or More"},{"name":"Hugo Andersson","odds":"81.00","header":"2 or More"},{"name":"Hugo Andersson","odds":"251.00","header":"3 or More"},{"name":"Jeppe Andersen","odds":"81.00","header":"2 or More"},{"name":"Jeppe Andersen","odds":"251.00","header":"3 or More"},{"name":"Marcus Degerlund","odds":"81.00","header":"2 or More"},{"name":"Marcus Degerlund","odds":"251.00","header":"3 or More"},{"name":"Mats Solheim","odds":"81.00","header":"2 or More"},{"name":"Mats Solheim","odds":"251.00","header":"3 or More"},{"name":"Oscar Johansson","odds":"81.00","header":"2 or More"},{"name":"Oscar Johansson","odds":"251.00","header":"3 or More"},{"name":"Oscar Krusnell","odds":"81.00","header":"2 or More"},{"name":"Oscar Krusnell","odds":"251.00","header":"3 or More"},{"name":"David Fallman","odds":"101.00","header":"2 or More"},{"name":"David Fallman","odds":"501.00","header":"3 or More"},{"name":"Erik Andersson","odds":"101.00","header":"2 or More"},{"name":"Erik Andersson","odds":"351.00","header":"3 or More"},{"name":"Johan Brannefalk","odds":"101.00","header":"2 or More"},{"name":"Johan Brannefalk","odds":"501.00","header":"3 or More"},{"name":"Mads Fenger","odds":"101.00","header":"2 or More"},{"name":"Mads Fenger","odds":"501.00","header":"3 or More"},{"name":"Neto Borges","odds":"101.00","header":"2 or More"},{"name":"Neto Borges","odds":"501.00","header":"3 or More"},{"name":"Robin Nilsson","odds":"101.00","header":"2 or More"},{"name":"Robin Nilsson","odds":"351.00","header":"3 or More"},{"name":"Sebastian Ohlsson","odds":"101.00","header":"2 or More"},{"name":"Sebastian Ohlsson","odds":"501.00","header":"3 or More"},{"name":"Simon Sandberg","odds":"101.00","header":"2 or More"},{"name":"Simon Sandberg","odds":"501.00","header":"3 or More"},{"name":"Magnus Andersson","odds":"126.00","header":"2 or More"},{"name":"Magnus Andersson","odds":"501.00","header":"3 or More"},{"name":"Albin Nilsson","odds":"151.00","header":"2 or More"},{"name":"Albin Nilsson","odds":"501.00","header":"3 or More"},{"name":"Alexander Blomqvist","odds":"151.00","header":"2 or More"},{"name":"Alexander Blomqvist","odds":"501.00","header":"3 or More"},{"name":"Anton Tideman","odds":"151.00","header":"2 or More"},{"name":"Anton Tideman","odds":"501.00","header":"3 or More"},{"name":"Dennis Hadzikadunic","odds":"151.00","header":"2 or More"},{"name":"Dennis Hadzikadunic","odds":"501.00","header":"3 or More"},{"name":"Jakob Palander","odds":"151.00","header":"2 or More"},{"name":"Jakob Palander","odds":"501.00","header":"3 or More"},{"name":"Lasse Nielsen","odds":"151.00","header":"2 or More"},{"name":"Lasse Nielsen","odds":"501.00","header":"3 or More"},{"name":"Viktor Nilsson","odds":"151.00","header":"2 or More"},{"name":"Viktor Nilsson","odds":"501.00","header":"3 or More"}],"team_goalscorer":[{"name":"Salif Camara Jonsson","odds":"4.00","header":"First"},{"name":"Salif Camara Jonsson","odds":"4.00","header":"Last"},{"name":"Deniz Hummet","odds":"4.75","header":"First"},{"name":"Deniz Hummet","odds":"4.75","header":"Last"},{"name":"Marcus Pode","odds":"4.75","header":"First"},{"name":"Marcus Pode","odds":"4.75","header":"Last"},{"name":"Freddie Brorsson","odds":"5.50","header":"First"},{"name":"Freddie Brorsson","odds":"5.50","header":"Last"},{"name":"Noah Christoffersson","odds":"5.50","header":"First"},{"name":"Noah Christoffersson","odds":"5.50","header":"Last"},{"name":"Ottar Karlsson","odds":"5.50","header":"First"},{"name":"Ottar Karlsson","odds":"5.50","header":"Last"},{"name":"Haris Brkic","odds":"7.00","header":"First"},{"name":"Haris Brkic","odds":"7.00","header":"Last"},{"name":"Zoran Jovanovic","odds":"7.00","header":"First"},{"name":"Zoran Jovanovic","odds":"7.00","header":"Last"},{"name":"Felix Horberg","odds":"8.50","header":"First"},{"name":"Felix Horberg","odds":"8.50","header":"Last"},{"name":"Furkan Motori","odds":"8.50","header":"First"},{"name":"Furkan Motori","odds":"8.50","header":"Last"},{"name":"Hugo Andersson","odds":"9.50","header":"First"},{"name":"Hugo Andersson","odds":"9.50","header":"Last"},{"name":"Oscar Johansson","odds":"9.50","header":"First"},{"name":"Oscar Johansson","odds":"9.50","header":"Last"},{"name":"Erik Andersson","odds":"11.00","header":"First"},{"name":"Erik Andersson","odds":"11.00","header":"Last"},{"name":"Robin Nilsson","odds":"11.00","header":"First"},{"name":"Robin Nilsson","odds":"11.00","header":"Last"},{"name":"Johan Brannefalk","odds":"13.00","header":"First"},{"name":"Johan Brannefalk","odds":"13.00","header":"Last"},{"name":"Sebastian Ohlsson","odds":"13.00","header":"First"},{"name":"Sebastian Ohlsson","odds":"13.00","header":"Last"},{"name":"Magnus Andersson","odds":"19.00","header":"First"},{"name":"Magnus Andersson","odds":"19.00","header":"Last"},{"name":"Albin Nilsson","odds":"21.00","header":"First"},{"name":"Albin Nilsson","odds":"21.00","header":"Last"},{"name":"Alexander Blomqvist","odds":"21.00","header":"First"},{"name":"Alexander Blomqvist","odds":"21.00","header":"Last"},{"name":"Anton Tideman","odds":"21.00","header":"First"},{"name":"Anton Tideman","odds":"21.00","header":"Last"},{"name":"Dennis Hadzikadunic","odds":"21.00","header":"First"},{"name":"Dennis Hadzikadunic","odds":"21.00","header":"Last"},{"name":"Lasse Nielsen","odds":"21.00","header":"First"},{"name":"Lasse Nielsen","odds":"21.00","header":"Last"},{"name":"Viktor Nilsson","odds":"21.00","header":"First"},{"name":"Viktor Nilsson","odds":"21.00","header":"Last"},{"name":"Jakob Palander","odds":"26.00","header":"First"},{"name":"Jakob Palander","odds":"26.00","header":"Last"},{"name":"No Goalscorer (Trelleborgs FF)","odds":"2.50","header":"First"},{"name":"No Goalscorer (Trelleborgs FF)","odds":"2.50","header":"Last"},{"name":"Jiloan Hamad","odds":"3.75","header":"First"},{"name":"Jiloan Hamad","odds":"3.75","header":"Last"},{"name":"Nikola Djurdjic","odds":"3.75","header":"First"},{"name":"Nikola Djurdjic","odds":"3.75","header":"Last"},{"name":"Imad Khalili","odds":"4.00","header":"First"},{"name":"Imad Khalili","odds":"4.00","header":"Last"},{"name":"Sander Svendsen","odds":"4.33","header":"First"},{"name":"Sander Svendsen","odds":"4.33","header":"Last"},{"name":"Junes Barny","odds":"4.75","header":"First"},{"name":"Junes Barny","odds":"4.75","header":"Last"},{"name":"Kennedy Bakircioglu","odds":"5.50","header":"First"},{"name":"Kennedy Bakircioglu","odds":"5.50","header":"Last"},{"name":"Muamer Tankovic","odds":"6.50","header":"First"},{"name":"Muamer Tankovic","odds":"6.50","header":"Last"},{"name":"Abdul Halik Hudu","odds":"7.00","header":"First"},{"name":"Abdul Halik Hudu","odds":"7.00","header":"Last"},{"name":"Arnor Smarason","odds":"7.00","header":"First"},{"name":"Arnor Smarason","odds":"7.00","header":"Last"},{"name":"Bjorn Paulsen","odds":"7.00","header":"First"},{"name":"Bjorn Paulsen","odds":"7.00","header":"Last"},{"name":"Dusan Jajic","odds":"8.00","header":"First"},{"name":"Dusan Jajic","odds":"8.00","header":"Last"},{"name":"Leo Bengtsson","odds":"8.00","header":"First"},{"name":"Leo Bengtsson","odds":"8.00","header":"Last"},{"name":"Serge-Junior Ngouali","odds":"8.00","header":"First"},{"name":"Serge-Junior Ngouali","odds":"8.00","header":"Last"},{"name":"Rebin Assad","odds":"10.00","header":"First"},{"name":"Rebin Assad","odds":"10.00","header":"Last"},{"name":"Jeppe Andersen","odds":"12.00","header":"First"},{"name":"Jeppe Andersen","odds":"12.00","header":"Last"},{"name":"Marcus Degerlund","odds":"12.00","header":"First"},{"name":"Marcus Degerlund","odds":"12.00","header":"Last"},{"name":"Mats Solheim","odds":"13.00","header":"First"},{"name":"Mats Solheim","odds":"13.00","header":"Last"},{"name":"Oscar Krusnell","odds":"13.00","header":"First"},{"name":"Oscar Krusnell","odds":"13.00","header":"Last"},{"name":"Neto Borges","odds":"17.00","header":"First"},{"name":"Neto Borges","odds":"17.00","header":"Last"},{"name":"David Fallman","odds":"19.00","header":"First"},{"name":"David Fallman","odds":"19.00","header":"Last"},{"name":"Mads Fenger","odds":"19.00","header":"First"},{"name":"Mads Fenger","odds":"19.00","header":"Last"},{"name":"Simon Sandberg","odds":"19.00","header":"First"},{"name":"Simon Sandberg","odds":"19.00","header":"Last"},{"name":"No Goalscorer (Hammarby)","odds":"6.00","header":"First"},{"name":"No Goalscorer (Hammarby)","odds":"6.00","header":"Last"}]}},"schedule":{"updated_at":"1532570443","sp":{"main":[{"odds":"1.900"},{"odds":"1.950"}]}},"specials":{"updated_at":"1532571423","sp":{"specials":[{"name":"To Win From Behind","odds":"17.00","header":"Home"},{"name":"To Win From Behind","odds":"8.00","header":"Away"},{"name":"To Win to Nil","odds":"9.00","header":"Home"},{"name":"To Win to Nil","odds":"3.00","header":"Away"},{"name":"To Win Either Half","odds":"2.62","header":"Home"},{"name":"To Win Either Half","odds":"1.33","header":"Away"},{"name":"To Win Both Halves","odds":"23.00","header":"Home"},{"name":"To Win Both Halves","odds":"4.33","header":"Away"},{"name":"To Score in Both Halves","odds":"5.50","header":"Home"},{"name":"To Score in Both Halves","odds":"2.38","header":"Away"}],"to_score_in_half":[{"name":"1st Half","odds":"2.50","header":"Yes"},{"name":"1st Half","odds":"1.50","header":"No"},{"name":"2nd Half","odds":"2.10","header":"Yes"},{"name":"2nd Half","odds":"1.67","header":"No"},{"name":"1st Half","odds":"1.67","header":"Yes"},{"name":"1st Half","odds":"2.10","header":"No"},{"name":"2nd Half","odds":"1.44","header":"Yes"},{"name":"2nd Half","odds":"2.62","header":"No"}],"own_goal":[{"opp":"Yes","odds":"11.00"},{"opp":"No","odds":"1.05"}]}}}]}}