{"odd":{"success":1,"results":[{"FI":"75367879","event_id":"840719","asian_lines":{"updated_at":"1532570822","sp":{"asian_handicap":[{"opp":"0.0, +0.5","odds":"1.775","header":"Home"},{"opp":"0.0, -0.5","odds":"2.025","header":"Away"}],"goal_line":[{"goals":"2.5, 3.0","odds":"2.050","header":"Over"},{"goals":"2.5, 3.0","odds":"1.750","header":"Under"}],"alternative_asian_handicap":[{"opp":"-1.5","odds":"5.750","header":"Home"},{"opp":"+1.5","odds":"1.140","header":"Away"},{"opp":"-1.0, -1.5","odds":"5.500","header":"Home"},{"opp":"+1.0, +1.5","odds":"1.150","header":"Away"},{"opp":"-1.0","odds":"4.800","header":"Home"},{"opp":"+1.0","odds":"1.175","header":"Away"},{"opp":"-0.5, -1.0","odds":"3.450","header":"Home"},{"opp":"+0.5, +1.0","odds":"1.300","header":"Away"},{"opp":"-0.5","odds":"2.750","header":"Home"},{"opp":"+0.5","odds":"1.425","header":"Away"},{"opp":"0.0, -0.5","odds":"2.425","header":"Home"},{"opp":"0.0, +0.5","odds":"1.525","header":"Away"},{"opp":"0.0","odds":"2.100","header":"Home"},{"opp":"0.0","odds":"1.700","header":"Away"},{"opp":"+0.5","odds":"1.600","header":"Home"},{"opp":"-0.5","odds":"2.300","header":"Away"},{"opp":"+0.5, +1.0","odds":"1.425","header":"Home"},{"opp":"-0.5, -1.0","odds":"2.750","header":"Away"},{"opp":"+1.0","odds":"1.275","header":"Home"},{"opp":"-1.0","odds":"3.550","header":"Away"},{"opp":"+1.0, +1.5","odds":"1.230","header":"Home"},{"opp":"-1.0, -1.5","odds":"4.000","header":"Away"},{"opp":"+1.5","odds":"1.200","header":"Home"},{"opp":"-1.5","odds":"4.400","header":"Away"},{"opp":"+1.5, +2.0","odds":"1.130","header":"Home"},{"opp":"-1.5, -2.0","odds":"5.900","header":"Away"}],"alternative_goal_line":[{"goals":"1.0, 1.5","odds":"1.160","header":"Over"},{"goals":"1.0, 1.5","odds":"5.250","header":"Under"},{"goals":"1.5","odds":"1.260","header":"Over"},{"goals":"1.5","odds":"3.700","header":"Under"},{"goals":"1.5, 2.0","odds":"1.325","header":"Over"},{"goals":"1.5, 2.0","odds":"3.300","header":"Under"},{"goals":"2.0","odds":"1.400","header":"Over"},{"goals":"2.0","odds":"2.850","header":"Under"},{"goals":"2.0, 2.5","odds":"1.625","header":"Over"},{"goals":"2.0, 2.5","odds":"2.250","header":"Under"},{"goals":"2.5","odds":"1.825","header":"Over"},{"goals":"2.5","odds":"1.975","header":"Under"},{"goals":"3.0","odds":"2.375","header":"Over"},{"goals":"3.0","odds":"1.550","header":"Under"},{"goals":"3.0, 3.5","odds":"2.675","header":"Over"},{"goals":"3.0, 3.5","odds":"1.450","header":"Under"},{"goals":"3.5","odds":"3.000","header":"Over"},{"goals":"3.5","odds":"1.375","header":"Under"},{"goals":"3.5, 4.0","odds":"3.550","header":"Over"},{"goals":"3.5, 4.0","odds":"1.275","header":"Under"},{"goals":"4.0","odds":"5.000","header":"Over"},{"goals":"4.0","odds":"1.170","header":"Under"},{"goals":"4.0, 4.5","odds":"5.500","header":"Over"},{"goals":"4.0, 4.5","odds":"1.150","header":"Under"},{"goals":"4.5","odds":"5.750","header":"Over"},{"goals":"4.5","odds":"1.140","header":"Under"}],"1st_half_asian_handicap":[{"opp":"0.0","odds":"2.025","header":"Home"},{"opp":"0.0","odds":"1.775","header":"Away"}],"1st_half_goal_line":[{"goals":"1.0","odds":"1.825","header":"Over"},{"goals":"1.0","odds":"1.975","header":"Under"}],"alternative_1st_half_asian_handicap":[{"opp":"-0.5, -1.0","odds":"4.500","header":"Home"},{"opp":"+0.5, +1.0","odds":"1.190","header":"Away"},{"opp":"-0.5","odds":"3.300","header":"Home"},{"opp":"+0.5","odds":"1.325","header":"Away"},{"opp":"0.0, -0.5","odds":"2.675","header":"Home"},{"opp":"0.0, +0.5","odds":"1.450","header":"Away"},{"opp":"0.0, +0.5","odds":"1.550","header":"Home"},{"opp":"0.0, -0.5","odds":"2.375","header":"Away"},{"opp":"+0.5","odds":"1.375","header":"Home"},{"opp":"-0.5","odds":"3.000","header":"Away"},{"opp":"+0.5, +1.0","odds":"1.230","header":"Home"},{"opp":"-0.5, -1.0","odds":"4.000","header":"Away"}],"alternative_1st_half_goal_line":[{"goals":"0.5, 1.0","odds":"1.525","header":"Over"},{"goals":"0.5, 1.0","odds":"2.425","header":"Under"},{"goals":"1.0, 1.5","odds":"2.300","header":"Over"},{"goals":"1.0, 1.5","odds":"1.600","header":"Under"},{"goals":"1.5","odds":"2.750","header":"Over"},{"goals":"1.5","odds":"1.425","header":"Under"},{"goals":"1.5, 2.0","odds":"3.450","header":"Over"},{"goals":"1.5, 2.0","odds":"1.300","header":"Under"},{"goals":"2.0","odds":"5.750","header":"Over"},{"goals":"2.0","odds":"1.140","header":"Under"},{"goals":"2.0, 2.5","odds":"6.250","header":"Over"},{"goals":"2.0, 2.5","odds":"1.120","header":"Under"},{"goals":"2.5","odds":"6.800","header":"Over"},{"goals":"2.5","odds":"1.105","header":"Under"}],"asian_total_corners":[{"goals":"9.0","odds":"1.825","header":"Over"},{"goals":"9.0","odds":"1.975","header":"Under"}],"1st_half_asian_corners":[{"goals":"4.5","odds":"2.050","header":"Over"},{"goals":"4.5","odds":"1.750","header":"Under"}]}},"corners":{"updated_at":"1532570836","sp":{"corners":[{"opp":"Over 9","odds":"2.00"},{"opp":"Exactly 9","odds":"7.00"},{"opp":"Under 9","odds":"2.20"}],"total_corners":[{"opp":"Under 6","odds":"8.00"},{"opp":"6 - 8","odds":"2.88"},{"opp":"9 - 11","odds":"2.60"},{"opp":"12 - 14","odds":"5.00"},{"opp":"Over 14","odds":"15.00"}],"alternative_corners":[{"goals":"3","odds":"1.01","header":"Over"},{"goals":"3","odds":"29.00","header":"Exactly"},{"goals":"3","odds":"41.00","header":"Under"},{"goals":"4","odds":"1.03","header":"Over"},{"goals":"4","odds":"19.00","header":"Exactly"},{"goals":"4","odds":"26.00","header":"Under"},{"goals":"5","odds":"1.06","header":"Over"},{"goals":"5","odds":"13.00","header":"Exactly"},{"goals":"5","odds":"15.00","header":"Under"},{"goals":"6","odds":"1.18","header":"Over"},{"goals":"6","odds":"9.50","header":"Exactly"},{"goals":"6","odds":"8.00","header":"Under"},{"goals":"7","odds":"1.36","header":"Over"},{"goals":"7","odds":"8.00","header":"Exactly"},{"goals":"7","odds":"4.75","header":"Under"},{"goals":"8","odds":"1.62","header":"Over"},{"goals":"8","odds":"7.00","header":"Exactly"},{"goals":"8","odds":"3.10","header":"Under"},{"goals":"10","odds":"2.75","header":"Over"},{"goals":"10","odds":"7.50","header":"Exactly"},{"goals":"10","odds":"1.73","header":"Under"},{"goals":"11","odds":"4.00","header":"Over"},{"goals":"11","odds":"8.50","header":"Exactly"},{"goals":"11","odds":"1.40","header":"Under"},{"goals":"12","odds":"6.00","header":"Over"},{"goals":"12","odds":"10.00","header":"Exactly"},{"goals":"12","odds":"1.25","header":"Under"},{"goals":"13","odds":"9.00","header":"Over"},{"goals":"13","odds":"13.00","header":"Exactly"},{"goals":"13","odds":"1.12","header":"Under"},{"goals":"14","odds":"13.00","header":"Over"},{"goals":"14","odds":"17.00","header":"Exactly"},{"goals":"14","odds":"1.06","header":"Under"},{"goals":"15","odds":"19.00","header":"Over"},{"goals":"15","odds":"21.00","header":"Exactly"},{"goals":"15","odds":"1.04","header":"Under"},{"goals":"16","odds":"26.00","header":"Over"},{"goals":"16","odds":"29.00","header":"Exactly"},{"goals":"16","odds":"1.02","header":"Under"},{"goals":"17","odds":"41.00","header":"Over"},{"goals":"17","odds":"41.00","header":"Exactly"},{"goals":"17","odds":"1.01","header":"Under"}],"corners_2_way":[{"opp":"Over 9.5","odds":"2.00"},{"opp":"Under 9.5","odds":"1.73"}],"first_half_corners":[{"opp":"4","odds":"2.05","header":"Over"},{"opp":"4","odds":"4.75","header":"Exactly"},{"opp":"4","odds":"2.62","header":"Under"}],"asian_total_corners":[{"goals":"9.0","odds":"1.825","header":"Over"},{"goals":"9.0","odds":"1.975","header":"Under"}],"1st_half_asian_corners":[{"goals":"4.5","odds":"2.050","header":"Over"},{"goals":"4.5","odds":"1.750","header":"Under"}]}},"goals":{"updated_at":"1532570163","sp":{"goals_over_under":[{"goals":"2.5","odds":"1.80","header":"Over"},{"goals":"2.5","odds":"2.00","header":"Under"}],"alternative_total_goals":[{"goals":"0.5","odds":"1.02","header":"Over "},{"goals":"0.5","odds":"11.00","header":"Under"},{"goals":"1.5","odds":"1.25","header":"Over "},{"goals":"1.5","odds":"3.75","header":"Under"},{"goals":"3.5","odds":"3.00","header":"Over "},{"goals":"3.5","odds":"1.36","header":"Under"},{"goals":"4.5","odds":"5.50","header":"Over "},{"goals":"4.5","odds":"1.12","header":"Under"},{"goals":"5.5","odds":"9.00","header":"Over "},{"goals":"5.5","odds":"1.04","header":"Under"},{"goals":"6.5","odds":"15.00","header":"Over "},{"goals":"6.5","odds":"1.01","header":"Under"}],"result_total_goals":[{"opp":"Viitorul Constanta & Over 2.5","odds":"4.33"},{"opp":"Viitorul Constanta & Under 2.5","odds":"6.50"},{"opp":"Draw & Over 2.5","odds":"11.00"},{"opp":"Draw & Under  2.5","odds":"4.50"},{"opp":"Vitesse & Over 2.5","odds":"3.60"},{"opp":"Vitesse & Under 2.5","odds":"5.50"}],"total_goals_both_teams_to_score":[{"opp":"Over 2.5 & Yes","odds":"2.10"},{"opp":"Over 2.5 & No","odds":"9.50"},{"opp":"Under 2.5 & Yes","odds":"6.50"},{"opp":"Under 2.5 & No","odds":"2.50"}],"exact_total_goals":[{"opp":"0 Goals","odds":"11.00"},{"opp":"1 Goal","odds":"5.00"},{"opp":"2 Goals","odds":"3.60"},{"opp":"3 Goals","odds":"4.33"},{"opp":"4 Goals","odds":"5.50"},{"opp":"5 Goals","odds":"10.00"},{"opp":"6 Goals","odds":"21.00"},{"opp":"7+ Goals","odds":"15.00"}],"number_of_goals_in_match":[{"opp":"Under 2 goals","odds":"3.75"},{"opp":"2 or 3 goals","odds":"2.00"},{"opp":"Over 3 goals","odds":"3.00"}],"both_teams_to_score":[{"opp":"Yes","odds":"1.67"},{"opp":"No","odds":"2.10"}],"teams_to_score":[{"opp":"Both Teams","odds":"1.67"},{"opp":"Viitorul Constanta Only","odds":"5.00"},{"opp":"No Goal","odds":"11.00"},{"opp":"Vitesse Only","odds":"4.00"}],"both_teams_to_score_in_1st_half":[{"opp":"Yes","odds":"4.33"},{"opp":"No","odds":"1.20"}],"both_teams_to_score_in_2nd_half":[{"opp":"Yes","odds":"3.25"},{"opp":"No","odds":"1.33"}],"both_teams_to_score_1st_half_2nd_half":[{"opp":"Yes \/ Yes","odds":"15.00"},{"opp":"Yes \/ No","odds":"6.00"},{"opp":"No \/ Yes","odds":"3.60"},{"opp":"No \/ No","odds":"1.62"}],"first_half_goals":[{"goals":"0.5","odds":"1.36","header":"Over"},{"goals":"0.5","odds":"3.00","header":"Under"},{"goals":"1.5","odds":"2.75","header":"Over"},{"goals":"1.5","odds":"1.40","header":"Under"},{"goals":"2.5","odds":"7.00","header":"Over"},{"goals":"2.5","odds":"1.10","header":"Under"},{"goals":"3.5","odds":"19.00","header":"Over"},{"goals":"3.5","odds":"1.02","header":"Under"}],"exact_1st_half_goals":[{"opp":"0 Goals","odds":"3.00"},{"opp":"1 Goal","odds":"2.60"},{"opp":"2 Goals","odds":"4.00"},{"opp":"3 Goals","odds":"9.50"},{"opp":"4 Goals","odds":"29.00"},{"opp":"5+ Goals","odds":"51.00"}],"first_team_to_score":[{"opp":"Viitorul Constanta","odds":"2.10"},{"opp":"No Goals","odds":"11.00"},{"opp":"Vitesse","odds":"1.80"}],"2nd_half_goals":[{"goals":"0.5","odds":"1.20","header":"Over"},{"goals":"0.5","odds":"4.33","header":"Under"},{"goals":"1.5","odds":"1.91","header":"Over"},{"goals":"1.5","odds":"1.80","header":"Under"},{"goals":"2.5","odds":"4.00","header":"Over"},{"goals":"2.5","odds":"1.22","header":"Under"},{"goals":"3.5","odds":"10.00","header":"Over"},{"goals":"3.5","odds":"1.06","header":"Under"},{"goals":"4.5","odds":"26.00","header":"Over"},{"goals":"4.5","odds":"1.01","header":"Under"}],"exact_2nd_half_goals":[{"opp":"0 Goals","odds":"4.33"},{"opp":"1 Goal","odds":"2.88"},{"opp":"2 Goals","odds":"3.50"},{"opp":"3 Goals","odds":"6.50"},{"opp":"4 Goals","odds":"15.00"},{"opp":"5+ Goals","odds":"26.00"}],"half_with_most_goals":[{"opp":"1st Half","odds":"3.20"},{"opp":"2nd Half","odds":"2.00"},{"opp":"Tie","odds":"3.60"}],"home_team_highest_scoring_half":[{"opp":"Viitorul Constanta - 1st Half","odds":"3.60"},{"opp":"Viitorul Constanta - 2nd Half","odds":"2.50"},{"opp":"Viitorul Constanta - Tie","odds":"2.30"}],"away_team_highest_scoring_half":[{"opp":"Vitesse - 1st Half","odds":"3.50"},{"opp":"Vitesse - 2nd Half","odds":"2.40"},{"opp":"Vitesse - Tie","odds":"2.40"}],"home_team_exact_goals":[{"opp":"Viitorul Constanta - 0 Goals","odds":"3.40"},{"opp":"Viitorul Constanta - 1 Goal","odds":"2.60"},{"opp":"Viitorul Constanta - 2 Goals","odds":"4.00"},{"opp":"Viitorul Constanta - 3+ Goals","odds":"5.50"}],"away_team_exact_goals":[{"opp":"Vitesse - 0 Goals","odds":"3.75"},{"opp":"Vitesse - 1 Goal","odds":"2.62"},{"opp":"Vitesse - 2 Goals","odds":"3.60"},{"opp":"Vitesse - 3+ Goals","odds":"4.50"}],"goals_odd_even":[{"opp":"Even","odds":"1.90"},{"opp":"Odd","odds":"1.95"}],"home_team_odd_even_goals":[{"opp":"Viitorul Constanta - Even","odds":"1.73"},{"opp":"Viitorul Constanta - Odd","odds":"2.00"}],"away_team_odd_even_goals":[{"opp":"Vitesse - Even","odds":"1.80"},{"opp":"Vitesse - Odd","odds":"1.91"}],"1st_half_goals_odd_even":[{"opp":"Odd","odds":"2.10"},{"opp":"Even","odds":"1.73"}],"last_team_to_score":[{"opp":"Viitorul Constanta","odds":"2.10"},{"opp":"No Goal","odds":"11.00"},{"opp":"Vitesse","odds":"1.80"}]}},"half":{"updated_at":"1532570175","sp":{"half_time_result":[{"opp":"1","odds":"3.25"},{"opp":"X","odds":"2.20"},{"opp":"2","odds":"3.00"}],"half_time_double_chance":[{"opp":"1X","odds":"1.36"},{"opp":"X2","odds":"1.33"},{"opp":"12","odds":"1.62"}],"half_time_result_both_teams_to_score":[{"opp":"Viitorul Constanta & Yes","odds":"21.00"},{"opp":"Viitorul Constanta & No","odds":"3.75"},{"opp":"Draw & Yes","odds":"7.50"},{"opp":"Draw & No","odds":"2.88"},{"opp":"Vitesse & Yes","odds":"19.00"},{"opp":"Vitesse & No","odds":"3.40"}],"half_time_result_total_goals":[{"opp":"Viitorul Constanta & Over 1.5","odds":"8.50"},{"opp":"Viitorul Constanta & Under 1.5","odds":"5.00"},{"opp":"Draw & Over 1.5","odds":"7.50"},{"opp":"Draw & Under 1.5","odds":"3.00"},{"opp":"Vitesse & Over 1.5","odds":"7.00"},{"opp":"Vitesse & Under 1.5","odds":"4.50"}],"half_time_correct_score":[{"opp":"1-0","odds":"5.00","header":"Home"},{"opp":"0-0","odds":"3.00","header":"X"},{"opp":"1-0","odds":"4.50","header":"Away"},{"opp":"2-0","odds":"15.00","header":"Home"},{"opp":"1-1","odds":"8.00","header":"X"},{"opp":"2-0","odds":"13.00","header":"Away"},{"opp":"2-1","odds":"23.00","header":"Home"},{"opp":"2-2","odds":"51.00","header":"X"},{"opp":"2-1","odds":"23.00","header":"Away"},{"opp":"3-0","odds":"51.00","header":"Home"},{"opp":"3-0","odds":"41.00","header":"Away"},{"opp":"3-1","odds":"67.00","header":"Home"},{"opp":"3-1","odds":"67.00","header":"Away"},{"opp":"3-2","odds":"151.00","header":"Home"},{"opp":"3-2","odds":"151.00","header":"Away"},{"opp":"4-0","odds":"151.00","header":"Home"},{"opp":"4-0","odds":"151.00","header":"Away"}],"both_teams_to_score_in_1st_half":[{"opp":"Yes","odds":"4.33"},{"opp":"No","odds":"1.20"}],"both_teams_to_score_in_2nd_half":[{"opp":"Yes","odds":"3.25"},{"opp":"No","odds":"1.33"}],"both_teams_to_score_1st_half_2nd_half":[{"opp":"Yes \/ Yes","odds":"15.00"},{"opp":"Yes \/ No","odds":"6.00"},{"opp":"No \/ Yes","odds":"3.60"},{"opp":"No \/ No","odds":"1.62"}],"1st_half_asian_handicap":[{"opp":"0.0","odds":"2.025","header":"Home"},{"opp":"0.0","odds":"1.775","header":"Away"}],"1st_half_goal_line":[{"goals":"1.0","odds":"1.825","header":"Over"},{"goals":"1.0","odds":"1.975","header":"Under"}],"alternative_1st_half_asian_handicap":[{"opp":"-0.5, -1.0","odds":"4.500","header":"Home"},{"opp":"+0.5, +1.0","odds":"1.190","header":"Away"},{"opp":"-0.5","odds":"3.300","header":"Home"},{"opp":"+0.5","odds":"1.325","header":"Away"},{"opp":"0.0, -0.5","odds":"2.675","header":"Home"},{"opp":"0.0, +0.5","odds":"1.450","header":"Away"},{"opp":"0.0, +0.5","odds":"1.550","header":"Home"},{"opp":"0.0, -0.5","odds":"2.375","header":"Away"},{"opp":"+0.5","odds":"1.375","header":"Home"},{"opp":"-0.5","odds":"3.000","header":"Away"},{"opp":"+0.5, +1.0","odds":"1.230","header":"Home"},{"opp":"-0.5, -1.0","odds":"4.000","header":"Away"}],"alternative_1st_half_goal_line":[{"goals":"0.5, 1.0","odds":"1.525","header":"Over"},{"goals":"0.5, 1.0","odds":"2.425","header":"Under"},{"goals":"1.0, 1.5","odds":"2.300","header":"Over"},{"goals":"1.0, 1.5","odds":"1.600","header":"Under"},{"goals":"1.5","odds":"2.750","header":"Over"},{"goals":"1.5","odds":"1.425","header":"Under"},{"goals":"1.5, 2.0","odds":"3.450","header":"Over"},{"goals":"1.5, 2.0","odds":"1.300","header":"Under"},{"goals":"2.0","odds":"5.750","header":"Over"},{"goals":"2.0","odds":"1.140","header":"Under"},{"goals":"2.0, 2.5","odds":"6.250","header":"Over"},{"goals":"2.0, 2.5","odds":"1.120","header":"Under"},{"goals":"2.5","odds":"6.800","header":"Over"},{"goals":"2.5","odds":"1.105","header":"Under"}],"1st_half_handicap":[{"opp":"Viitorul Constanta  +1.0","odds":"1.36"},{"opp":"Tie - Vitesse -1.0","odds":"3.75"},{"opp":"Vitesse  -1.0","odds":"9.00"}],"alternative_1st_half_handicap_result":[{"opp":"-1.0","odds":"10.00","header":"Home"},{"opp":"+1.0","odds":"4.00","header":"Tie"},{"opp":"+1.0","odds":"1.33","header":"Away"},{"opp":"+2.0","odds":"1.06","header":"Home"},{"opp":"-2.0","odds":"10.00","header":"Tie"},{"opp":"-2.0","odds":"21.00","header":"Away"}],"first_half_goals":[{"goals":"0.5","odds":"1.36","header":"Over"},{"goals":"0.5","odds":"3.00","header":"Under"},{"goals":"1.5","odds":"2.75","header":"Over"},{"goals":"1.5","odds":"1.40","header":"Under"},{"goals":"2.5","odds":"7.00","header":"Over"},{"goals":"2.5","odds":"1.10","header":"Under"},{"goals":"3.5","odds":"19.00","header":"Over"},{"goals":"3.5","odds":"1.02","header":"Under"}],"exact_1st_half_goals":[{"opp":"0 Goals","odds":"3.00"},{"opp":"1 Goal","odds":"2.60"},{"opp":"2 Goals","odds":"4.00"},{"opp":"3 Goals","odds":"9.50"},{"opp":"4 Goals","odds":"29.00"},{"opp":"5+ Goals","odds":"51.00"}],"first_half_corners":[{"opp":"4","odds":"2.05","header":"Over"},{"opp":"4","odds":"4.75","header":"Exactly"},{"opp":"4","odds":"2.62","header":"Under"}],"1st_half_asian_corners":[{"goals":"4.5","odds":"2.050","header":"Over"},{"goals":"4.5","odds":"1.750","header":"Under"}],"1st_half_goals_odd_even":[{"opp":"Odd","odds":"2.10"},{"opp":"Even","odds":"1.73"}],"to_score_in_half":[{"name":"1st Half","odds":"2.20","header":"Yes"},{"name":"1st Half","odds":"1.62","header":"No"},{"name":"2nd Half","odds":"1.80","header":"Yes"},{"name":"2nd Half","odds":"1.91","header":"No"},{"name":"1st Half","odds":"2.00","header":"Yes"},{"name":"1st Half","odds":"1.73","header":"No"},{"name":"2nd Half","odds":"1.67","header":"Yes"},{"name":"2nd Half","odds":"2.10","header":"No"}],"half_with_most_goals":[{"opp":"1st Half","odds":"3.20"},{"opp":"2nd Half","odds":"2.00"},{"opp":"Tie","odds":"3.60"}],"home_team_highest_scoring_half":[{"opp":"Viitorul Constanta - 1st Half","odds":"3.60"},{"opp":"Viitorul Constanta - 2nd Half","odds":"2.50"},{"opp":"Viitorul Constanta - Tie","odds":"2.30"}],"away_team_highest_scoring_half":[{"opp":"Vitesse - 1st Half","odds":"3.50"},{"opp":"Vitesse - 2nd Half","odds":"2.40"},{"opp":"Vitesse - Tie","odds":"2.40"}],"2nd_half_result":[{"opp":"1","odds":"3.00"},{"opp":"X","odds":"2.50"},{"opp":"2","odds":"2.62"}],"2nd_half_goals":[{"goals":"0.5","odds":"1.20","header":"Over"},{"goals":"0.5","odds":"4.33","header":"Under"},{"goals":"1.5","odds":"1.91","header":"Over"},{"goals":"1.5","odds":"1.80","header":"Under"},{"goals":"2.5","odds":"4.00","header":"Over"},{"goals":"2.5","odds":"1.22","header":"Under"},{"goals":"3.5","odds":"10.00","header":"Over"},{"goals":"3.5","odds":"1.06","header":"Under"},{"goals":"4.5","odds":"26.00","header":"Over"},{"goals":"4.5","odds":"1.01","header":"Under"}],"exact_2nd_half_goals":[{"opp":"0 Goals","odds":"4.33"},{"opp":"1 Goal","odds":"2.88"},{"opp":"2 Goals","odds":"3.50"},{"opp":"3 Goals","odds":"6.50"},{"opp":"4 Goals","odds":"15.00"},{"opp":"5+ Goals","odds":"26.00"}],"2nd_half_goals_odd_even":[{"opp":"Even","odds":"1.80"},{"opp":"Odd","odds":"1.91"}]}},"main":{"updated_at":"1532570798","sp":{"full_time_result":[{"opp":"1","odds":"2.80"},{"opp":"X","odds":"3.30"},{"opp":"2","odds":"2.30"}],"double_chance":[{"opp":"1X","odds":"1.57"},{"opp":"X2","odds":"1.40"},{"opp":"12","odds":"1.33"}],"correct_score":[{"opp":"1-0","odds":"10.00","header":"Home"},{"opp":"0-0","odds":"11.00","header":"X"},{"opp":"1-0","odds":"9.00","header":"Away"},{"opp":"2-0","odds":"15.00","header":"Home"},{"opp":"1-1","odds":"6.50","header":"X"},{"opp":"2-0","odds":"12.00","header":"Away"},{"opp":"2-1","odds":"11.00","header":"Home"},{"opp":"2-2","odds":"13.00","header":"X"},{"opp":"2-1","odds":"9.50","header":"Away"},{"opp":"3-0","odds":"29.00","header":"Home"},{"opp":"3-3","odds":"41.00","header":"X"},{"opp":"3-0","odds":"23.00","header":"Away"},{"opp":"3-1","odds":"21.00","header":"Home"},{"opp":"3-1","odds":"19.00","header":"Away"},{"opp":"3-2","odds":"29.00","header":"Home"},{"opp":"3-2","odds":"26.00","header":"Away"},{"opp":"4-0","odds":"51.00","header":"Home"},{"opp":"4-0","odds":"41.00","header":"Away"},{"opp":"4-1","odds":"41.00","header":"Home"},{"opp":"4-1","odds":"41.00","header":"Away"},{"opp":"4-2","odds":"51.00","header":"Home"},{"opp":"4-2","odds":"51.00","header":"Away"},{"opp":"4-3","odds":"101.00","header":"Home"},{"opp":"4-3","odds":"81.00","header":"Away"},{"opp":"5-0","odds":"151.00","header":"Home"},{"opp":"5-0","odds":"101.00","header":"Away"},{"opp":"5-1","odds":"101.00","header":"Home"},{"opp":"5-1","odds":"81.00","header":"Away"},{"opp":"5-2","odds":"151.00","header":"Home"},{"opp":"5-2","odds":"126.00","header":"Away"}],"half_time_full_time":[{"opp":"Viitorul Constanta - Viitorul Constanta","odds":"4.50"},{"opp":"Viitorul Constanta - Draw","odds":"15.00"},{"opp":"Viitorul Constanta - Vitesse","odds":"26.00"},{"opp":"Draw - Viitorul Constanta","odds":"6.50"},{"opp":"Draw - Draw","odds":"5.50"},{"opp":"Draw - Vitesse","odds":"6.00"},{"opp":"Vitesse - Viitorul Constanta","odds":"26.00"},{"opp":"Vitesse - Draw","odds":"15.00"},{"opp":"Vitesse - Vitesse","odds":"4.00"}],"goals_over_under":[{"goals":"2.5","odds":"1.80","header":"Over"},{"goals":"2.5","odds":"2.00","header":"Under"}],"both_teams_to_score":[{"opp":"Yes","odds":"1.67"},{"opp":"No","odds":"2.10"}],"asian_handicap":[{"opp":"0.0, +0.5","odds":"1.775","header":"Home"},{"opp":"0.0, -0.5","odds":"2.025","header":"Away"}],"goal_line":[{"goals":"2.5, 3.0","odds":"2.050","header":"Over"},{"goals":"2.5, 3.0","odds":"1.750","header":"Under"}],"alternative_asian_handicap":[{"opp":"-1.5","odds":"5.750","header":"Home"},{"opp":"+1.5","odds":"1.140","header":"Away"},{"opp":"-1.0, -1.5","odds":"5.500","header":"Home"},{"opp":"+1.0, +1.5","odds":"1.150","header":"Away"},{"opp":"-1.0","odds":"4.800","header":"Home"},{"opp":"+1.0","odds":"1.175","header":"Away"},{"opp":"-0.5, -1.0","odds":"3.450","header":"Home"},{"opp":"+0.5, +1.0","odds":"1.300","header":"Away"},{"opp":"-0.5","odds":"2.750","header":"Home"},{"opp":"+0.5","odds":"1.425","header":"Away"},{"opp":"0.0, -0.5","odds":"2.425","header":"Home"},{"opp":"0.0, +0.5","odds":"1.525","header":"Away"},{"opp":"0.0","odds":"2.100","header":"Home"},{"opp":"0.0","odds":"1.700","header":"Away"},{"opp":"+0.5","odds":"1.600","header":"Home"},{"opp":"-0.5","odds":"2.300","header":"Away"},{"opp":"+0.5, +1.0","odds":"1.425","header":"Home"},{"opp":"-0.5, -1.0","odds":"2.750","header":"Away"},{"opp":"+1.0","odds":"1.275","header":"Home"},{"opp":"-1.0","odds":"3.550","header":"Away"},{"opp":"+1.0, +1.5","odds":"1.230","header":"Home"},{"opp":"-1.0, -1.5","odds":"4.000","header":"Away"},{"opp":"+1.5","odds":"1.200","header":"Home"},{"opp":"-1.5","odds":"4.400","header":"Away"},{"opp":"+1.5, +2.0","odds":"1.130","header":"Home"},{"opp":"-1.5, -2.0","odds":"5.900","header":"Away"}],"alternative_goal_line":[{"goals":"1.0, 1.5","odds":"1.160","header":"Over"},{"goals":"1.0, 1.5","odds":"5.250","header":"Under"},{"goals":"1.5","odds":"1.260","header":"Over"},{"goals":"1.5","odds":"3.700","header":"Under"},{"goals":"1.5, 2.0","odds":"1.325","header":"Over"},{"goals":"1.5, 2.0","odds":"3.300","header":"Under"},{"goals":"2.0","odds":"1.400","header":"Over"},{"goals":"2.0","odds":"2.850","header":"Under"},{"goals":"2.0, 2.5","odds":"1.625","header":"Over"},{"goals":"2.0, 2.5","odds":"2.250","header":"Under"},{"goals":"2.5","odds":"1.825","header":"Over"},{"goals":"2.5","odds":"1.975","header":"Under"},{"goals":"3.0","odds":"2.375","header":"Over"},{"goals":"3.0","odds":"1.550","header":"Under"},{"goals":"3.0, 3.5","odds":"2.675","header":"Over"},{"goals":"3.0, 3.5","odds":"1.450","header":"Under"},{"goals":"3.5","odds":"3.000","header":"Over"},{"goals":"3.5","odds":"1.375","header":"Under"},{"goals":"3.5, 4.0","odds":"3.550","header":"Over"},{"goals":"3.5, 4.0","odds":"1.275","header":"Under"},{"goals":"4.0","odds":"5.000","header":"Over"},{"goals":"4.0","odds":"1.170","header":"Under"},{"goals":"4.0, 4.5","odds":"5.500","header":"Over"},{"goals":"4.0, 4.5","odds":"1.150","header":"Under"},{"goals":"4.5","odds":"5.750","header":"Over"},{"goals":"4.5","odds":"1.140","header":"Under"}],"draw_no_bet":[{"opp":"Viitorul Constanta","odds":"2.00"},{"opp":"Vitesse","odds":"1.73"}],"result_both_teams_to_score":[{"name":"Viitorul Constanta","odds":"5.50","header":"Yes"},{"name":"Viitorul Constanta","odds":"5.00","header":"No"},{"name":"Vitesse","odds":"4.50","header":"Yes"},{"name":"Vitesse","odds":"4.33","header":"No"},{"name":"Draw","odds":"4.33","header":"Yes"},{"name":"Draw","odds":"11.00","header":"No"}],"handicap_result":[{"opp":"Viitorul Constanta (+1)","odds":"1.57"},{"opp":"Tie - (Vitesse -1)","odds":"4.33"},{"opp":"Vitesse (-1)","odds":"4.33"}],"alternative_handicap_result":[{"opp":"-2.0","odds":"12.00","header":"Home"},{"opp":"+2.0","odds":"8.00","header":"Tie"},{"opp":"+2.0","odds":"1.11","header":"Away"},{"opp":"-1.0","odds":"5.50","header":"Home"},{"opp":"+1.0","odds":"4.50","header":"Tie"},{"opp":"+1.0","odds":"1.40","header":"Away"},{"opp":"+2.0","odds":"1.17","header":"Home"},{"opp":"-2.0","odds":"6.50","header":"Tie"},{"opp":"-2.0","odds":"9.50","header":"Away"},{"opp":"+3.0","odds":"1.05","header":"Home"},{"opp":"-3.0","odds":"11.00","header":"Tie"},{"opp":"-3.0","odds":"17.00","header":"Away"}],"winning_margin":[{"goals":" 1","odds":"4.50","header":"Home"},{"goals":" 1","odds":"4.33","header":"Away"},{"goals":" 2","odds":"8.00","header":"Home"},{"goals":" 2","odds":"6.50","header":"Away"},{"goals":" 3","odds":"21.00","header":"Home"},{"goals":" 3","odds":"11.00","header":"Away"},{"goals":" 4+","odds":"41.00","header":"Home"},{"goals":" 4+","odds":"17.00","header":"Away"},{"goals":"Score Draw","odds":"4.33","header":"Home"},{"goals":"No Goal","odds":"11.00","header":"Home"}]}},"schedule":{"updated_at":"1532570513","sp":{"main":[{"odds":"2.050"},{"odds":"1.750"}]}},"specials":{"updated_at":"1532570182","sp":{"specials":[{"name":"To Win From Behind","odds":"11.00","header":"Home"},{"name":"To Win From Behind","odds":"10.00","header":"Away"},{"name":"To Win to Nil","odds":"5.00","header":"Home"},{"name":"To Win to Nil","odds":"4.33","header":"Away"},{"name":"To Win Either Half","odds":"1.83","header":"Home"},{"name":"To Win Either Half","odds":"1.67","header":"Away"},{"name":"To Win Both Halves","odds":"10.00","header":"Home"},{"name":"To Win Both Halves","odds":"8.00","header":"Away"},{"name":"To Score in Both Halves","odds":"4.00","header":"Home"},{"name":"To Score in Both Halves","odds":"3.50","header":"Away"}],"to_score_in_half":[{"name":"1st Half","odds":"2.20","header":"Yes"},{"name":"1st Half","odds":"1.62","header":"No"},{"name":"2nd Half","odds":"1.80","header":"Yes"},{"name":"2nd Half","odds":"1.91","header":"No"},{"name":"1st Half","odds":"2.00","header":"Yes"},{"name":"1st Half","odds":"1.73","header":"No"},{"name":"2nd Half","odds":"1.67","header":"Yes"},{"name":"2nd Half","odds":"2.10","header":"No"}]}}}]}}