{"odd":{"success":1,"results":[{"FI":"75382778","event_id":"847041","asian_lines":{"updated_at":"1532570265","sp":{"asian_handicap":[{"opp":"0.0, -0.5","odds":"1.900","header":"Home"},{"opp":"0.0, +0.5","odds":"1.900","header":"Away"}],"goal_line":[{"goals":"2.0, 2.5","odds":"2.000","header":"Over"},{"goals":"2.0, 2.5","odds":"1.800","header":"Under"}],"1st_half_asian_handicap":[{"opp":"0.0","odds":"1.625","header":"Home"},{"opp":"0.0","odds":"2.250","header":"Away"}],"1st_half_goal_line":[{"goals":"0.5, 1.0","odds":"1.725","header":"Over"},{"goals":"0.5, 1.0","odds":"2.075","header":"Under"}]}},"goals":{"updated_at":"1532570275","sp":{"goals_over_under":[{"goals":"2.5","odds":"2.25","header":"Over"},{"goals":"2.5","odds":"1.62","header":"Under"}],"first_team_to_score":[{"opp":"Persiwa Wamena","odds":"1.73"},{"opp":"No Goals","odds":"7.50"},{"opp":"Kalteng Putra FC","odds":"2.40"}],"home_team_highest_scoring_half":[{"opp":"Persiwa Wamena - 1st Half","odds":"3.60"},{"opp":"Persiwa Wamena - 2nd Half","odds":"2.50"},{"opp":"Persiwa Wamena - Tie","odds":"2.30"}],"away_team_highest_scoring_half":[{"opp":"Kalteng Putra FC - 1st Half","odds":"4.00"},{"opp":"Kalteng Putra FC - 2nd Half","odds":"2.88"},{"opp":"Kalteng Putra FC - Tie","odds":"2.00"}],"goals_odd_even":[{"opp":"Even","odds":"1.90"},{"opp":"Odd","odds":"1.95"}],"home_team_odd_even_goals":[{"opp":"Persiwa Wamena - Even","odds":"1.73"},{"opp":"Persiwa Wamena - Odd","odds":"2.00"}],"away_team_odd_even_goals":[{"opp":"Kalteng Putra FC - Even","odds":"1.62"},{"opp":"Kalteng Putra FC - Odd","odds":"2.20"}],"1st_half_goals_odd_even":[{"opp":"Odd","odds":"2.20"},{"opp":"Even","odds":"1.67"}]}},"half":{"updated_at":"1532570285","sp":{"half_time_result":[{"opp":"1","odds":"2.88"},{"opp":"X","odds":"2.00"},{"opp":"2","odds":"3.75"}],"half_time_double_chance":[{"opp":"1X","odds":"1.25"},{"opp":"X2","odds":"1.40"},{"opp":"12","odds":"1.73"}],"half_time_correct_score":[{"opp":"1-0","odds":"4.33","header":"Home"},{"opp":"0-0","odds":"2.50","header":"X"},{"opp":"1-0","odds":"5.00","header":"Away"},{"opp":"2-0","odds":"12.00","header":"Home"},{"opp":"1-1","odds":"11.00","header":"X"},{"opp":"2-0","odds":"17.00","header":"Away"},{"opp":"2-1","odds":"34.00","header":"Home"},{"opp":"2-2","odds":"81.00","header":"X"},{"opp":"2-1","odds":"34.00","header":"Away"},{"opp":"3-0","odds":"41.00","header":"Home"},{"opp":"3-0","odds":"51.00","header":"Away"},{"opp":"3-1","odds":"81.00","header":"Home"},{"opp":"4-0","odds":"81.00","header":"Home"}],"1st_half_asian_handicap":[{"opp":"0.0","odds":"1.625","header":"Home"},{"opp":"0.0","odds":"2.250","header":"Away"}],"1st_half_goal_line":[{"goals":"0.5, 1.0","odds":"1.725","header":"Over"},{"goals":"0.5, 1.0","odds":"2.075","header":"Under"}],"1st_half_goals_odd_even":[{"opp":"Odd","odds":"2.20"},{"opp":"Even","odds":"1.67"}],"home_team_highest_scoring_half":[{"opp":"Persiwa Wamena - 1st Half","odds":"3.60"},{"opp":"Persiwa Wamena - 2nd Half","odds":"2.50"},{"opp":"Persiwa Wamena - Tie","odds":"2.30"}],"away_team_highest_scoring_half":[{"opp":"Kalteng Putra FC - 1st Half","odds":"4.00"},{"opp":"Kalteng Putra FC - 2nd Half","odds":"2.88"},{"opp":"Kalteng Putra FC - Tie","odds":"2.00"}],"2nd_half_goals_odd_even":[{"opp":"Even","odds":"1.73"},{"opp":"Odd","odds":"2.00"}]}},"main":{"updated_at":"1532570251","sp":{"full_time_result":[{"opp":"1","odds":"2.10"},{"opp":"X","odds":"3.25"},{"opp":"2","odds":"3.00"}],"double_chance":[{"opp":"1X","odds":"1.36"},{"opp":"X2","odds":"1.67"},{"opp":"12","odds":"1.33"}],"correct_score":[{"opp":"1-0","odds":"6.50","header":"Home"},{"opp":"0-0","odds":"7.50","header":"X"},{"opp":"1-0","odds":"8.50","header":"Away"},{"opp":"2-0","odds":"9.50","header":"Home"},{"opp":"1-1","odds":"7.00","header":"X"},{"opp":"2-0","odds":"15.00","header":"Away"},{"opp":"2-1","odds":"11.00","header":"Home"},{"opp":"2-2","odds":"21.00","header":"X"},{"opp":"2-1","odds":"13.00","header":"Away"},{"opp":"3-0","odds":"19.00","header":"Home"},{"opp":"3-3","odds":"67.00","header":"X"},{"opp":"3-0","odds":"29.00","header":"Away"},{"opp":"3-1","odds":"21.00","header":"Home"},{"opp":"3-1","odds":"29.00","header":"Away"},{"opp":"3-2","odds":"41.00","header":"Home"},{"opp":"3-2","odds":"41.00","header":"Away"},{"opp":"4-0","odds":"41.00","header":"Home"},{"opp":"4-0","odds":"51.00","header":"Away"},{"opp":"4-1","odds":"41.00","header":"Home"},{"opp":"4-1","odds":"51.00","header":"Away"},{"opp":"4-2","odds":"67.00","header":"Home"},{"opp":"4-2","odds":"81.00","header":"Away"},{"opp":"5-0","odds":"67.00","header":"Home"},{"opp":"5-1","odds":"81.00","header":"Home"}],"half_time_full_time":[{"opp":"Persiwa Wamena - Persiwa Wamena","odds":"3.60"},{"opp":"Persiwa Wamena - Draw","odds":"15.00"},{"opp":"Persiwa Wamena - Kalteng Putra FC","odds":"29.00"},{"opp":"Draw - Persiwa Wamena","odds":"5.50"},{"opp":"Draw - Draw","odds":"4.75"},{"opp":"Draw - Kalteng Putra FC","odds":"7.00"},{"opp":"Kalteng Putra FC - Persiwa Wamena","odds":"26.00"},{"opp":"Kalteng Putra FC - Draw","odds":"17.00"},{"opp":"Kalteng Putra FC - Kalteng Putra FC","odds":"5.00"}],"goals_over_under":[{"goals":"2.5","odds":"2.25","header":"Over"},{"goals":"2.5","odds":"1.62","header":"Under"}],"asian_handicap":[{"opp":"0.0, -0.5","odds":"1.900","header":"Home"},{"opp":"0.0, +0.5","odds":"1.900","header":"Away"}],"goal_line":[{"goals":"2.0, 2.5","odds":"2.000","header":"Over"},{"goals":"2.0, 2.5","odds":"1.800","header":"Under"}],"draw_no_bet":[{"opp":"Persiwa Wamena","odds":"1.57"},{"opp":"Kalteng Putra FC","odds":"2.25"}]}},"schedule":{"updated_at":"1532570694","sp":{"main":[{"odds":"2.10"},{"odds":"3.25"},{"odds":"3.00"}]}}}]}}