{"odd":{"success":1,"results":[{"FI":"75367862","event_id":"845014","asian_lines":{"updated_at":"1532570661","sp":{"asian_handicap":[{"opp":"-2.0, -2.5","odds":"1.600","header":"Home"},{"opp":"+2.0, +2.5","odds":"2.300","header":"Away"}],"goal_line":[{"goals":"3.0, 3.5","odds":"1.875","header":"Over"},{"goals":"3.0, 3.5","odds":"1.925","header":"Under"}],"alternative_asian_handicap":[{"opp":"-4.0, -4.5","odds":"4.400","header":"Home"},{"opp":"+4.0, +4.5","odds":"1.200","header":"Away"},{"opp":"-4.0","odds":"4.100","header":"Home"},{"opp":"+4.0","odds":"1.225","header":"Away"},{"opp":"-3.5, -4.0","odds":"3.300","header":"Home"},{"opp":"+3.5, +4.0","odds":"1.325","header":"Away"},{"opp":"-3.5","odds":"2.750","header":"Home"},{"opp":"+3.5","odds":"1.425","header":"Away"},{"opp":"-3.0, -3.5","odds":"2.500","header":"Home"},{"opp":"+3.0, +3.5","odds":"1.500","header":"Away"},{"opp":"-3.0","odds":"2.250","header":"Home"},{"opp":"+3.0","odds":"1.625","header":"Away"},{"opp":"-2.5, -3.0","odds":"1.975","header":"Home"},{"opp":"+2.5, +3.0","odds":"1.825","header":"Away"},{"opp":"-2.5","odds":"1.775","header":"Home"},{"opp":"+2.5","odds":"2.025","header":"Away"},{"opp":"-2.0","odds":"1.425","header":"Home"},{"opp":"+2.0","odds":"2.750","header":"Away"},{"opp":"-1.5, -2.0","odds":"1.350","header":"Home"},{"opp":"+1.5, +2.0","odds":"3.100","header":"Away"},{"opp":"-1.5","odds":"1.300","header":"Home"},{"opp":"+1.5","odds":"3.450","header":"Away"},{"opp":"-1.0, -1.5","odds":"1.210","header":"Home"},{"opp":"+1.0, +1.5","odds":"4.250","header":"Away"},{"opp":"-1.0","odds":"1.130","header":"Home"},{"opp":"+1.0","odds":"5.900","header":"Away"},{"opp":"-0.5, -1.0","odds":"1.120","header":"Home"},{"opp":"+0.5, +1.0","odds":"6.250","header":"Away"},{"opp":"-0.5","odds":"1.110","header":"Home"},{"opp":"+0.5","odds":"6.600","header":"Away"}],"alternative_goal_line":[{"goals":"1.5","odds":"1.130","header":"Over"},{"goals":"1.5","odds":"5.900","header":"Under"},{"goals":"1.5, 2.0","odds":"1.150","header":"Over"},{"goals":"1.5, 2.0","odds":"5.500","header":"Under"},{"goals":"2.0","odds":"1.175","header":"Over"},{"goals":"2.0","odds":"4.800","header":"Under"},{"goals":"2.0, 2.5","odds":"1.300","header":"Over"},{"goals":"2.0, 2.5","odds":"3.450","header":"Under"},{"goals":"2.5","odds":"1.450","header":"Over"},{"goals":"2.5","odds":"2.675","header":"Under"},{"goals":"2.5, 3.0","odds":"1.525","header":"Over"},{"goals":"2.5, 3.0","odds":"2.425","header":"Under"},{"goals":"3.0","odds":"1.650","header":"Over"},{"goals":"3.0","odds":"2.200","header":"Under"},{"goals":"3.5","odds":"2.075","header":"Over"},{"goals":"3.5","odds":"1.725","header":"Under"},{"goals":"3.5, 4.0","odds":"2.350","header":"Over"},{"goals":"3.5, 4.0","odds":"1.575","header":"Under"},{"goals":"4.0","odds":"2.750","header":"Over"},{"goals":"4.0","odds":"1.425","header":"Under"},{"goals":"4.0, 4.5","odds":"3.100","header":"Over"},{"goals":"4.0, 4.5","odds":"1.350","header":"Under"},{"goals":"4.5","odds":"3.450","header":"Over"},{"goals":"4.5","odds":"1.300","header":"Under"},{"goals":"4.5, 5.0","odds":"4.100","header":"Over"},{"goals":"4.5, 5.0","odds":"1.225","header":"Under"},{"goals":"5.0","odds":"5.500","header":"Over"},{"goals":"5.0","odds":"1.150","header":"Under"},{"goals":"5.0, 5.5","odds":"5.750","header":"Over"},{"goals":"5.0, 5.5","odds":"1.140","header":"Under"}],"1st_half_asian_handicap":[{"opp":"-1.0","odds":"1.725","header":"Home"},{"opp":"+1.0","odds":"2.075","header":"Away"}],"1st_half_goal_line":[{"goals":"1.0, 1.5","odds":"1.750","header":"Over"},{"goals":"1.0, 1.5","odds":"2.050","header":"Under"}],"alternative_1st_half_asian_handicap":[{"opp":"-2.5","odds":"5.750","header":"Home"},{"opp":"+2.5","odds":"1.140","header":"Away"},{"opp":"-2.0, -2.5","odds":"5.000","header":"Home"},{"opp":"+2.0, +2.5","odds":"1.170","header":"Away"},{"opp":"-2.0","odds":"4.400","header":"Home"},{"opp":"+2.0","odds":"1.200","header":"Away"},{"opp":"-1.5, -2.0","odds":"3.100","header":"Home"},{"opp":"+1.5, +2.0","odds":"1.350","header":"Away"},{"opp":"-1.5","odds":"2.425","header":"Home"},{"opp":"+1.5","odds":"1.525","header":"Away"},{"opp":"-1.0, -1.5","odds":"2.100","header":"Home"},{"opp":"+1.0, +1.5","odds":"1.700","header":"Away"},{"opp":"-0.5, -1.0","odds":"1.500","header":"Home"},{"opp":"+0.5, +1.0","odds":"2.500","header":"Away"},{"opp":"-0.5","odds":"1.375","header":"Home"},{"opp":"+0.5","odds":"3.000","header":"Away"},{"opp":"0.0, -0.5","odds":"1.200","header":"Home"},{"opp":"0.0, +0.5","odds":"4.400","header":"Away"}],"alternative_1st_half_goal_line":[{"goals":"0.5, 1.0","odds":"1.300","header":"Over"},{"goals":"0.5, 1.0","odds":"3.450","header":"Under"},{"goals":"1.0","odds":"1.425","header":"Over"},{"goals":"1.0","odds":"2.750","header":"Under"},{"goals":"1.5","odds":"2.075","header":"Over"},{"goals":"1.5","odds":"1.725","header":"Under"},{"goals":"1.5, 2.0","odds":"2.425","header":"Over"},{"goals":"1.5, 2.0","odds":"1.525","header":"Under"},{"goals":"2.0","odds":"3.450","header":"Over"},{"goals":"2.0","odds":"1.300","header":"Under"},{"goals":"2.0, 2.5","odds":"3.800","header":"Over"},{"goals":"2.0, 2.5","odds":"1.250","header":"Under"},{"goals":"2.5","odds":"4.250","header":"Over"},{"goals":"2.5","odds":"1.210","header":"Under"},{"goals":"2.5, 3.0","odds":"5.900","header":"Over"},{"goals":"2.5, 3.0","odds":"1.130","header":"Under"}],"asian_total_corners":[{"goals":"9.5","odds":"1.850","header":"Over"},{"goals":"9.5","odds":"1.950","header":"Under"}],"1st_half_asian_corners":[{"goals":"4.5","odds":"1.900","header":"Over"},{"goals":"4.5","odds":"1.900","header":"Under"}]}},"corners":{"updated_at":"1532570683","sp":{"corners":[{"opp":"Over 10","odds":"2.38"},{"opp":"Exactly 10","odds":"7.50"},{"opp":"Under 10","odds":"1.83"}],"total_corners":[{"opp":"Under 6","odds":"11.00"},{"opp":"6 - 8","odds":"3.20"},{"opp":"9 - 11","odds":"2.50"},{"opp":"12 - 14","odds":"4.33"},{"opp":"Over 14","odds":"11.00"}],"alternative_corners":[{"goals":"4","odds":"1.02","header":"Over"},{"goals":"4","odds":"21.00","header":"Exactly"},{"goals":"4","odds":"29.00","header":"Under"},{"goals":"5","odds":"1.05","header":"Over"},{"goals":"5","odds":"15.00","header":"Exactly"},{"goals":"5","odds":"17.00","header":"Under"},{"goals":"6","odds":"1.12","header":"Over"},{"goals":"6","odds":"11.00","header":"Exactly"},{"goals":"6","odds":"10.00","header":"Under"},{"goals":"7","odds":"1.25","header":"Over"},{"goals":"7","odds":"8.50","header":"Exactly"},{"goals":"7","odds":"6.00","header":"Under"},{"goals":"8","odds":"1.50","header":"Over"},{"goals":"8","odds":"7.50","header":"Exactly"},{"goals":"8","odds":"3.60","header":"Under"},{"goals":"9","odds":"1.83","header":"Over"},{"goals":"9","odds":"7.00","header":"Exactly"},{"goals":"9","odds":"2.60","header":"Under"},{"goals":"11","odds":"3.20","header":"Over"},{"goals":"11","odds":"8.00","header":"Exactly"},{"goals":"11","odds":"1.57","header":"Under"},{"goals":"12","odds":"4.50","header":"Over"},{"goals":"12","odds":"9.50","header":"Exactly"},{"goals":"12","odds":"1.33","header":"Under"},{"goals":"13","odds":"7.00","header":"Over"},{"goals":"13","odds":"11.00","header":"Exactly"},{"goals":"13","odds":"1.18","header":"Under"},{"goals":"14","odds":"10.00","header":"Over"},{"goals":"14","odds":"15.00","header":"Exactly"},{"goals":"14","odds":"1.09","header":"Under"},{"goals":"15","odds":"15.00","header":"Over"},{"goals":"15","odds":"19.00","header":"Exactly"},{"goals":"15","odds":"1.05","header":"Under"},{"goals":"16","odds":"21.00","header":"Over"},{"goals":"16","odds":"23.00","header":"Exactly"},{"goals":"16","odds":"1.02","header":"Under"},{"goals":"17","odds":"29.00","header":"Over"},{"goals":"17","odds":"34.00","header":"Exactly"},{"goals":"17","odds":"1.02","header":"Under"}],"corners_2_way":[{"opp":"Over 9.5","odds":"1.83"},{"opp":"Under 9.5","odds":"1.83"}],"first_half_corners":[{"opp":"5","odds":"2.75","header":"Over"},{"opp":"5","odds":"5.50","header":"Exactly"},{"opp":"5","odds":"1.83","header":"Under"}],"asian_total_corners":[{"goals":"9.5","odds":"1.850","header":"Over"},{"goals":"9.5","odds":"1.950","header":"Under"}],"1st_half_asian_corners":[{"goals":"4.5","odds":"1.900","header":"Over"},{"goals":"4.5","odds":"1.900","header":"Under"}]}},"goals":{"updated_at":"1532570698","sp":{"goals_over_under":[{"goals":"2.5","odds":"1.44","header":"Over"},{"goals":"2.5","odds":"2.70","header":"Under"}],"alternative_total_goals":[{"goals":"0.5","odds":"1.01","header":"Over "},{"goals":"0.5","odds":"15.00","header":"Under"},{"goals":"1.5","odds":"1.12","header":"Over "},{"goals":"1.5","odds":"5.50","header":"Under"},{"goals":"3.5","odds":"2.10","header":"Over "},{"goals":"3.5","odds":"1.67","header":"Under"},{"goals":"4.5","odds":"3.50","header":"Over "},{"goals":"4.5","odds":"1.29","header":"Under"},{"goals":"5.5","odds":"6.00","header":"Over "},{"goals":"5.5","odds":"1.11","header":"Under"},{"goals":"6.5","odds":"9.00","header":"Over "},{"goals":"6.5","odds":"1.04","header":"Under"},{"goals":"7.5","odds":"13.00","header":"Over "},{"goals":"7.5","odds":"1.01","header":"Under"}],"result_total_goals":[{"opp":"Sevilla & Over 3.5","odds":"2.10"},{"opp":"Sevilla & Under 3.5","odds":"2.05"},{"opp":"Draw & Over 3.5","odds":"51.00"},{"opp":"Draw & Under  3.5","odds":"10.00"},{"opp":"Ujpesti & Over 3.5","odds":"81.00"},{"opp":"Ujpesti & Under 3.5","odds":"21.00"}],"total_goals_both_teams_to_score":[{"opp":"Over 2.5 & Yes","odds":"4.00"},{"opp":"Over 2.5 & No","odds":"2.05"},{"opp":"Under 2.5 & Yes","odds":"21.00"},{"opp":"Under 2.5 & No","odds":"2.88"}],"exact_total_goals":[{"opp":"0 Goals","odds":"15.00"},{"opp":"1 Goal","odds":"8.00"},{"opp":"2 Goals","odds":"4.50"},{"opp":"3 Goals","odds":"4.33"},{"opp":"4 Goals","odds":"4.75"},{"opp":"5 Goals","odds":"7.00"},{"opp":"6 Goals","odds":"12.00"},{"opp":"7+ Goals","odds":"9.00"}],"number_of_goals_in_match":[{"opp":"Under 2 goals","odds":"5.50"},{"opp":"2 or 3 goals","odds":"2.20"},{"opp":"Over 3 goals","odds":"2.10"}],"both_teams_to_score":[{"opp":"Yes","odds":"3.50"},{"opp":"No","odds":"1.29"}],"teams_to_score":[{"opp":"Both Teams","odds":"3.50"},{"opp":"Sevilla Only","odds":"1.36"},{"opp":"No Goal","odds":"15.00"},{"opp":"Ujpesti Only","odds":"29.00"}],"both_teams_to_score_in_1st_half":[{"opp":"Yes","odds":"7.50"},{"opp":"No","odds":"1.07"}],"both_teams_to_score_in_2nd_half":[{"opp":"Yes","odds":"6.50"},{"opp":"No","odds":"1.10"}],"both_teams_to_score_1st_half_2nd_half":[{"opp":"Yes \/ Yes","odds":"41.00"},{"opp":"Yes \/ No","odds":"9.00"},{"opp":"No \/ Yes","odds":"6.50"},{"opp":"No \/ No","odds":"1.18"}],"first_half_goals":[{"goals":"0.5","odds":"1.22","header":"Over"},{"goals":"0.5","odds":"4.00","header":"Under"},{"goals":"1.5","odds":"2.10","header":"Over"},{"goals":"1.5","odds":"1.67","header":"Under"},{"goals":"2.5","odds":"4.33","header":"Over"},{"goals":"2.5","odds":"1.20","header":"Under"},{"goals":"3.5","odds":"11.00","header":"Over"},{"goals":"3.5","odds":"1.05","header":"Under"},{"goals":"4.5","odds":"26.00","header":"Over"},{"goals":"4.5","odds":"1.01","header":"Under"}],"exact_1st_half_goals":[{"opp":"0 Goals","odds":"4.00"},{"opp":"1 Goal","odds":"2.75"},{"opp":"2 Goals","odds":"3.60"},{"opp":"3 Goals","odds":"7.00"},{"opp":"4 Goals","odds":"17.00"},{"opp":"5+ Goals","odds":"26.00"}],"first_team_to_score":[{"opp":"Sevilla","odds":"1.08"},{"opp":"No Goals","odds":"15.00"},{"opp":"Ujpesti","odds":"8.50"}],"2nd_half_goals":[{"goals":"0.5","odds":"1.14","header":"Over"},{"goals":"0.5","odds":"5.50","header":"Under"},{"goals":"1.5","odds":"1.67","header":"Over"},{"goals":"1.5","odds":"2.10","header":"Under"},{"goals":"2.5","odds":"3.00","header":"Over"},{"goals":"2.5","odds":"1.36","header":"Under"},{"goals":"3.5","odds":"6.50","header":"Over"},{"goals":"3.5","odds":"1.11","header":"Under"},{"goals":"4.5","odds":"15.00","header":"Over"},{"goals":"4.5","odds":"1.03","header":"Under"}],"exact_2nd_half_goals":[{"opp":"0 Goals","odds":"5.50"},{"opp":"1 Goal","odds":"3.25"},{"opp":"2 Goals","odds":"3.40"},{"opp":"3 Goals","odds":"5.00"},{"opp":"4 Goals","odds":"10.00"},{"opp":"5+ Goals","odds":"15.00"}],"half_with_most_goals":[{"opp":"1st Half","odds":"2.88"},{"opp":"2nd Half","odds":"1.95"},{"opp":"Tie","odds":"4.00"}],"home_team_highest_scoring_half":[{"opp":"Sevilla - 1st Half","odds":"2.88"},{"opp":"Sevilla - 2nd Half","odds":"2.00"},{"opp":"Sevilla - Tie","odds":"3.75"}],"away_team_highest_scoring_half":[{"opp":"Ujpesti - 1st Half","odds":"7.50"},{"opp":"Ujpesti - 2nd Half","odds":"5.50"},{"opp":"Ujpesti - Tie","odds":"1.25"}],"home_team_exact_goals":[{"opp":"Sevilla - 0 Goals","odds":"9.00"},{"opp":"Sevilla - 1 Goal","odds":"6.00"},{"opp":"Sevilla - 2 Goals","odds":"4.00"},{"opp":"Sevilla - 3+ Goals","odds":"1.57"}],"away_team_exact_goals":[{"opp":"Ujpesti - 0 Goals","odds":"1.30"},{"opp":"Ujpesti - 1 Goal","odds":"3.75"},{"opp":"Ujpesti - 2 Goals","odds":"15.00"},{"opp":"Ujpesti - 3+ Goals","odds":"21.00"}],"goals_odd_even":[{"opp":"Even","odds":"1.90"},{"opp":"Odd","odds":"1.95"}],"home_team_odd_even_goals":[{"opp":"Sevilla - Even","odds":"1.83"},{"opp":"Sevilla - Odd","odds":"1.83"}],"away_team_odd_even_goals":[{"opp":"Ujpesti - Even","odds":"1.25"},{"opp":"Ujpesti - Odd","odds":"3.75"}],"1st_half_goals_odd_even":[{"opp":"Odd","odds":"2.00"},{"opp":"Even","odds":"1.80"}],"last_team_to_score":[{"opp":"Sevilla","odds":"1.08"},{"opp":"No Goal","odds":"15.00"},{"opp":"Ujpesti","odds":"8.50"}]}},"half":{"updated_at":"1532570698","sp":{"half_time_result":[{"opp":"1","odds":"1.33"},{"opp":"X","odds":"3.25"},{"opp":"2","odds":"21.00"}],"half_time_double_chance":[{"opp":"1X","odds":"1.02"},{"opp":"X2","odds":"3.25"},{"opp":"12","odds":"1.33"}],"half_time_result_both_teams_to_score":[{"opp":"Sevilla & Yes","odds":"15.00"},{"opp":"Sevilla & No","odds":"1.44"},{"opp":"Draw & Yes","odds":"17.00"},{"opp":"Draw & No","odds":"3.60"},{"opp":"Ujpesti & Yes","odds":"101.00"},{"opp":"Ujpesti & No","odds":"21.00"}],"half_time_result_total_goals":[{"opp":"Sevilla & Over 1.5","odds":"2.30"},{"opp":"Sevilla & Under 1.5","odds":"2.88"},{"opp":"Draw & Over 1.5","odds":"17.00"},{"opp":"Draw & Under 1.5","odds":"4.00"},{"opp":"Ujpesti & Over 1.5","odds":"67.00"},{"opp":"Ujpesti & Under 1.5","odds":"23.00"}],"half_time_correct_score":[{"opp":"1-0","odds":"2.88","header":"Home"},{"opp":"0-0","odds":"4.00","header":"X"},{"opp":"1-0","odds":"23.00","header":"Away"},{"opp":"2-0","odds":"4.00","header":"Home"},{"opp":"1-1","odds":"19.00","header":"X"},{"opp":"2-0","odds":"126.00","header":"Away"},{"opp":"2-1","odds":"26.00","header":"Home"},{"opp":"2-2","odds":"151.00","header":"X"},{"opp":"2-1","odds":"101.00","header":"Away"},{"opp":"3-0","odds":"8.00","header":"Home"},{"opp":"3-1","odds":"41.00","header":"Home"},{"opp":"4-0","odds":"21.00","header":"Home"},{"opp":"4-1","odds":"101.00","header":"Home"},{"opp":"5-0","odds":"51.00","header":"Home"},{"opp":"6-0","odds":"126.00","header":"Home"}],"both_teams_to_score_in_1st_half":[{"opp":"Yes","odds":"7.50"},{"opp":"No","odds":"1.07"}],"both_teams_to_score_in_2nd_half":[{"opp":"Yes","odds":"6.50"},{"opp":"No","odds":"1.10"}],"both_teams_to_score_1st_half_2nd_half":[{"opp":"Yes \/ Yes","odds":"41.00"},{"opp":"Yes \/ No","odds":"9.00"},{"opp":"No \/ Yes","odds":"6.50"},{"opp":"No \/ No","odds":"1.18"}],"1st_half_asian_handicap":[{"opp":"-1.0","odds":"1.725","header":"Home"},{"opp":"+1.0","odds":"2.075","header":"Away"}],"1st_half_goal_line":[{"goals":"1.0, 1.5","odds":"1.750","header":"Over"},{"goals":"1.0, 1.5","odds":"2.050","header":"Under"}],"alternative_1st_half_asian_handicap":[{"opp":"-2.5","odds":"5.750","header":"Home"},{"opp":"+2.5","odds":"1.140","header":"Away"},{"opp":"-2.0, -2.5","odds":"5.000","header":"Home"},{"opp":"+2.0, +2.5","odds":"1.170","header":"Away"},{"opp":"-2.0","odds":"4.400","header":"Home"},{"opp":"+2.0","odds":"1.200","header":"Away"},{"opp":"-1.5, -2.0","odds":"3.100","header":"Home"},{"opp":"+1.5, +2.0","odds":"1.350","header":"Away"},{"opp":"-1.5","odds":"2.425","header":"Home"},{"opp":"+1.5","odds":"1.525","header":"Away"},{"opp":"-1.0, -1.5","odds":"2.100","header":"Home"},{"opp":"+1.0, +1.5","odds":"1.700","header":"Away"},{"opp":"-0.5, -1.0","odds":"1.500","header":"Home"},{"opp":"+0.5, +1.0","odds":"2.500","header":"Away"},{"opp":"-0.5","odds":"1.375","header":"Home"},{"opp":"+0.5","odds":"3.000","header":"Away"},{"opp":"0.0, -0.5","odds":"1.200","header":"Home"},{"opp":"0.0, +0.5","odds":"4.400","header":"Away"}],"alternative_1st_half_goal_line":[{"goals":"0.5, 1.0","odds":"1.300","header":"Over"},{"goals":"0.5, 1.0","odds":"3.450","header":"Under"},{"goals":"1.0","odds":"1.425","header":"Over"},{"goals":"1.0","odds":"2.750","header":"Under"},{"goals":"1.5","odds":"2.075","header":"Over"},{"goals":"1.5","odds":"1.725","header":"Under"},{"goals":"1.5, 2.0","odds":"2.425","header":"Over"},{"goals":"1.5, 2.0","odds":"1.525","header":"Under"},{"goals":"2.0","odds":"3.450","header":"Over"},{"goals":"2.0","odds":"1.300","header":"Under"},{"goals":"2.0, 2.5","odds":"3.800","header":"Over"},{"goals":"2.0, 2.5","odds":"1.250","header":"Under"},{"goals":"2.5","odds":"4.250","header":"Over"},{"goals":"2.5","odds":"1.210","header":"Under"},{"goals":"2.5, 3.0","odds":"5.900","header":"Over"},{"goals":"2.5, 3.0","odds":"1.130","header":"Under"}],"1st_half_handicap":[{"opp":"Sevilla  -1.0","odds":"2.40"},{"opp":"Tie - Ujpesti +1.0","odds":"2.75"},{"opp":"Ujpesti  +1.0","odds":"3.25"}],"alternative_1st_half_handicap_result":[{"opp":"-2.0","odds":"5.50","header":"Home"},{"opp":"+2.0","odds":"4.00","header":"Tie"},{"opp":"+2.0","odds":"1.50","header":"Away"},{"opp":"+1.0","odds":"1.02","header":"Home"},{"opp":"-1.0","odds":"19.00","header":"Tie"},{"opp":"-1.0","odds":"41.00","header":"Away"}],"first_half_goals":[{"goals":"0.5","odds":"1.22","header":"Over"},{"goals":"0.5","odds":"4.00","header":"Under"},{"goals":"1.5","odds":"2.10","header":"Over"},{"goals":"1.5","odds":"1.67","header":"Under"},{"goals":"2.5","odds":"4.33","header":"Over"},{"goals":"2.5","odds":"1.20","header":"Under"},{"goals":"3.5","odds":"11.00","header":"Over"},{"goals":"3.5","odds":"1.05","header":"Under"},{"goals":"4.5","odds":"26.00","header":"Over"},{"goals":"4.5","odds":"1.01","header":"Under"}],"exact_1st_half_goals":[{"opp":"0 Goals","odds":"4.00"},{"opp":"1 Goal","odds":"2.75"},{"opp":"2 Goals","odds":"3.60"},{"opp":"3 Goals","odds":"7.00"},{"opp":"4 Goals","odds":"17.00"},{"opp":"5+ Goals","odds":"26.00"}],"first_half_corners":[{"opp":"5","odds":"2.75","header":"Over"},{"opp":"5","odds":"5.50","header":"Exactly"},{"opp":"5","odds":"1.83","header":"Under"}],"1st_half_asian_corners":[{"goals":"4.5","odds":"1.900","header":"Over"},{"goals":"4.5","odds":"1.900","header":"Under"}],"1st_half_goals_odd_even":[{"opp":"Odd","odds":"2.00"},{"opp":"Even","odds":"1.80"}],"to_score_in_half":[{"name":"1st Half","odds":"1.29","header":"Yes"},{"name":"1st Half","odds":"3.50","header":"No"},{"name":"2nd Half","odds":"1.18","header":"Yes"},{"name":"2nd Half","odds":"4.50","header":"No"},{"name":"1st Half","odds":"7.00","header":"Yes"},{"name":"1st Half","odds":"1.10","header":"No"},{"name":"2nd Half","odds":"5.50","header":"Yes"},{"name":"2nd Half","odds":"1.14","header":"No"}],"half_with_most_goals":[{"opp":"1st Half","odds":"2.88"},{"opp":"2nd Half","odds":"1.95"},{"opp":"Tie","odds":"4.00"}],"home_team_highest_scoring_half":[{"opp":"Sevilla - 1st Half","odds":"2.88"},{"opp":"Sevilla - 2nd Half","odds":"2.00"},{"opp":"Sevilla - Tie","odds":"3.75"}],"away_team_highest_scoring_half":[{"opp":"Ujpesti - 1st Half","odds":"7.50"},{"opp":"Ujpesti - 2nd Half","odds":"5.50"},{"opp":"Ujpesti - Tie","odds":"1.25"}],"2nd_half_result":[{"opp":"1","odds":"1.25"},{"opp":"X","odds":"4.00"},{"opp":"2","odds":"15.00"}],"2nd_half_goals":[{"goals":"0.5","odds":"1.14","header":"Over"},{"goals":"0.5","odds":"5.50","header":"Under"},{"goals":"1.5","odds":"1.67","header":"Over"},{"goals":"1.5","odds":"2.10","header":"Under"},{"goals":"2.5","odds":"3.00","header":"Over"},{"goals":"2.5","odds":"1.36","header":"Under"},{"goals":"3.5","odds":"6.50","header":"Over"},{"goals":"3.5","odds":"1.11","header":"Under"},{"goals":"4.5","odds":"15.00","header":"Over"},{"goals":"4.5","odds":"1.03","header":"Under"}],"exact_2nd_half_goals":[{"opp":"0 Goals","odds":"5.50"},{"opp":"1 Goal","odds":"3.25"},{"opp":"2 Goals","odds":"3.40"},{"opp":"3 Goals","odds":"5.00"},{"opp":"4 Goals","odds":"10.00"},{"opp":"5+ Goals","odds":"15.00"}],"2nd_half_goals_odd_even":[{"opp":"Even","odds":"1.80"},{"opp":"Odd","odds":"1.91"}]}},"main":{"updated_at":"1532570647","sp":{"full_time_result":[{"opp":"1","odds":"1.10"},{"opp":"X","odds":"9.00"},{"opp":"2","odds":"15.00"}],"double_chance":[{"opp":"1X","odds":"1.01"},{"opp":"X2","odds":"6.50"},{"opp":"12","odds":"1.04"}],"correct_score":[{"opp":"1-0","odds":"9.00","header":"Home"},{"opp":"0-0","odds":"15.00","header":"X"},{"opp":"1-0","odds":"34.00","header":"Away"},{"opp":"2-0","odds":"5.50","header":"Home"},{"opp":"1-1","odds":"21.00","header":"X"},{"opp":"2-0","odds":"101.00","header":"Away"},{"opp":"2-1","odds":"19.00","header":"Home"},{"opp":"2-2","odds":"51.00","header":"X"},{"opp":"2-1","odds":"51.00","header":"Away"},{"opp":"3-0","odds":"5.00","header":"Home"},{"opp":"3-2","odds":"151.00","header":"Away"},{"opp":"3-1","odds":"15.00","header":"Home"},{"opp":"3-2","odds":"67.00","header":"Home"},{"opp":"4-0","odds":"6.50","header":"Home"},{"opp":"4-1","odds":"21.00","header":"Home"},{"opp":"4-2","odds":"67.00","header":"Home"},{"opp":"5-0","odds":"9.50","header":"Home"},{"opp":"5-1","odds":"29.00","header":"Home"},{"opp":"5-2","odds":"101.00","header":"Home"},{"opp":"6-0","odds":"17.00","header":"Home"},{"opp":"6-1","odds":"41.00","header":"Home"},{"opp":"6-2","odds":"151.00","header":"Home"},{"opp":"7-0","odds":"34.00","header":"Home"},{"opp":"7-1","odds":"81.00","header":"Home"},{"opp":"8-0","odds":"51.00","header":"Home"},{"opp":"8-1","odds":"151.00","header":"Home"},{"opp":"9-0","odds":"101.00","header":"Home"}],"half_time_full_time":[{"opp":"Sevilla - Sevilla","odds":"1.40"},{"opp":"Sevilla - Draw","odds":"29.00"},{"opp":"Sevilla - Ujpesti","odds":"67.00"},{"opp":"Draw - Sevilla","odds":"3.75"},{"opp":"Draw - Draw","odds":"12.00"},{"opp":"Draw - Ujpesti","odds":"29.00"},{"opp":"Ujpesti - Sevilla","odds":"29.00"},{"opp":"Ujpesti - Draw","odds":"41.00"},{"opp":"Ujpesti - Ujpesti","odds":"41.00"}],"goals_over_under":[{"goals":"2.5","odds":"1.44","header":"Over"},{"goals":"2.5","odds":"2.70","header":"Under"}],"both_teams_to_score":[{"opp":"Yes","odds":"3.50"},{"opp":"No","odds":"1.29"}],"asian_handicap":[{"opp":"-2.0, -2.5","odds":"1.600","header":"Home"},{"opp":"+2.0, +2.5","odds":"2.300","header":"Away"}],"goal_line":[{"goals":"3.0, 3.5","odds":"1.875","header":"Over"},{"goals":"3.0, 3.5","odds":"1.925","header":"Under"}],"alternative_asian_handicap":[{"opp":"-4.0, -4.5","odds":"4.400","header":"Home"},{"opp":"+4.0, +4.5","odds":"1.200","header":"Away"},{"opp":"-4.0","odds":"4.100","header":"Home"},{"opp":"+4.0","odds":"1.225","header":"Away"},{"opp":"-3.5, -4.0","odds":"3.300","header":"Home"},{"opp":"+3.5, +4.0","odds":"1.325","header":"Away"},{"opp":"-3.5","odds":"2.750","header":"Home"},{"opp":"+3.5","odds":"1.425","header":"Away"},{"opp":"-3.0, -3.5","odds":"2.500","header":"Home"},{"opp":"+3.0, +3.5","odds":"1.500","header":"Away"},{"opp":"-3.0","odds":"2.250","header":"Home"},{"opp":"+3.0","odds":"1.625","header":"Away"},{"opp":"-2.5, -3.0","odds":"1.975","header":"Home"},{"opp":"+2.5, +3.0","odds":"1.825","header":"Away"},{"opp":"-2.5","odds":"1.775","header":"Home"},{"opp":"+2.5","odds":"2.025","header":"Away"},{"opp":"-2.0","odds":"1.425","header":"Home"},{"opp":"+2.0","odds":"2.750","header":"Away"},{"opp":"-1.5, -2.0","odds":"1.350","header":"Home"},{"opp":"+1.5, +2.0","odds":"3.100","header":"Away"},{"opp":"-1.5","odds":"1.300","header":"Home"},{"opp":"+1.5","odds":"3.450","header":"Away"},{"opp":"-1.0, -1.5","odds":"1.210","header":"Home"},{"opp":"+1.0, +1.5","odds":"4.250","header":"Away"},{"opp":"-1.0","odds":"1.130","header":"Home"},{"opp":"+1.0","odds":"5.900","header":"Away"},{"opp":"-0.5, -1.0","odds":"1.120","header":"Home"},{"opp":"+0.5, +1.0","odds":"6.250","header":"Away"},{"opp":"-0.5","odds":"1.110","header":"Home"},{"opp":"+0.5","odds":"6.600","header":"Away"}],"alternative_goal_line":[{"goals":"1.5","odds":"1.130","header":"Over"},{"goals":"1.5","odds":"5.900","header":"Under"},{"goals":"1.5, 2.0","odds":"1.150","header":"Over"},{"goals":"1.5, 2.0","odds":"5.500","header":"Under"},{"goals":"2.0","odds":"1.175","header":"Over"},{"goals":"2.0","odds":"4.800","header":"Under"},{"goals":"2.0, 2.5","odds":"1.300","header":"Over"},{"goals":"2.0, 2.5","odds":"3.450","header":"Under"},{"goals":"2.5","odds":"1.450","header":"Over"},{"goals":"2.5","odds":"2.675","header":"Under"},{"goals":"2.5, 3.0","odds":"1.525","header":"Over"},{"goals":"2.5, 3.0","odds":"2.425","header":"Under"},{"goals":"3.0","odds":"1.650","header":"Over"},{"goals":"3.0","odds":"2.200","header":"Under"},{"goals":"3.5","odds":"2.075","header":"Over"},{"goals":"3.5","odds":"1.725","header":"Under"},{"goals":"3.5, 4.0","odds":"2.350","header":"Over"},{"goals":"3.5, 4.0","odds":"1.575","header":"Under"},{"goals":"4.0","odds":"2.750","header":"Over"},{"goals":"4.0","odds":"1.425","header":"Under"},{"goals":"4.0, 4.5","odds":"3.100","header":"Over"},{"goals":"4.0, 4.5","odds":"1.350","header":"Under"},{"goals":"4.5","odds":"3.450","header":"Over"},{"goals":"4.5","odds":"1.300","header":"Under"},{"goals":"4.5, 5.0","odds":"4.100","header":"Over"},{"goals":"4.5, 5.0","odds":"1.225","header":"Under"},{"goals":"5.0","odds":"5.500","header":"Over"},{"goals":"5.0","odds":"1.150","header":"Under"},{"goals":"5.0, 5.5","odds":"5.750","header":"Over"},{"goals":"5.0, 5.5","odds":"1.140","header":"Under"}],"draw_no_bet":[{"opp":"Sevilla","odds":"1.02"},{"opp":"Ujpesti","odds":"10.50"}],"result_both_teams_to_score":[{"name":"Sevilla","odds":"4.33","header":"Yes"},{"name":"Sevilla","odds":"1.36","header":"No"},{"name":"Ujpesti","odds":"34.00","header":"Yes"},{"name":"Ujpesti","odds":"26.00","header":"No"},{"name":"Draw","odds":"15.00","header":"Yes"},{"name":"Draw","odds":"15.00","header":"No"}],"handicap_result":[{"opp":"Sevilla (-3)","odds":"2.75"},{"opp":"Tie - (Ujpesti +3)","odds":"4.33"},{"opp":"Ujpesti (+3)","odds":"1.95"}],"alternative_handicap_result":[{"opp":"-5.0","odds":"8.50","header":"Home"},{"opp":"+5.0","odds":"8.00","header":"Tie"},{"opp":"+5.0","odds":"1.14","header":"Away"},{"opp":"-4.0","odds":"4.50","header":"Home"},{"opp":"+4.0","odds":"5.50","header":"Tie"},{"opp":"+4.0","odds":"1.40","header":"Away"},{"opp":"-2.0","odds":"1.73","header":"Home"},{"opp":"+2.0","odds":"4.00","header":"Tie"},{"opp":"+2.0","odds":"3.40","header":"Away"},{"opp":"-1.0","odds":"1.29","header":"Home"},{"opp":"+1.0","odds":"6.00","header":"Tie"},{"opp":"+1.0","odds":"6.50","header":"Away"}],"winning_margin":[{"goals":" 1","odds":"6.00","header":"Home"},{"goals":" 1","odds":"23.00","header":"Away"},{"goals":" 2","odds":"4.00","header":"Home"},{"goals":" 2","odds":"81.00","header":"Away"},{"goals":" 3","odds":"4.33","header":"Home"},{"goals":" 3","odds":"251.00","header":"Away"},{"goals":" 4+","odds":"2.75","header":"Home"},{"goals":" 4+","odds":"251.00","header":"Away"},{"goals":"Score Draw","odds":"15.00","header":"Home"},{"goals":"No Goal","odds":"15.00","header":"Home"}]}},"schedule":{"updated_at":"1532570978","sp":{"main":[{"odds":"1.875"},{"odds":"1.925"}]}},"specials":{"updated_at":"1532570711","sp":{"specials":[{"name":"To Win From Behind","odds":"9.00","header":"Home"},{"name":"To Win From Behind","odds":"67.00","header":"Away"},{"name":"To Win to Nil","odds":"1.36","header":"Home"},{"name":"To Win to Nil","odds":"26.00","header":"Away"},{"name":"To Win Either Half","odds":"1.05","header":"Home"},{"name":"To Win Either Half","odds":"11.00","header":"Away"},{"name":"To Win Both Halves","odds":"1.73","header":"Home"},{"name":"To Win Both Halves","odds":"101.00","header":"Away"},{"name":"To Score in Both Halves","odds":"1.53","header":"Home"},{"name":"To Score in Both Halves","odds":"41.00","header":"Away"}],"to_score_in_half":[{"name":"1st Half","odds":"1.29","header":"Yes"},{"name":"1st Half","odds":"3.50","header":"No"},{"name":"2nd Half","odds":"1.18","header":"Yes"},{"name":"2nd Half","odds":"4.50","header":"No"},{"name":"1st Half","odds":"7.00","header":"Yes"},{"name":"1st Half","odds":"1.10","header":"No"},{"name":"2nd Half","odds":"5.50","header":"Yes"},{"name":"2nd Half","odds":"1.14","header":"No"}]}}}]}}