{"odd":{"success":1,"results":[{"FI":"75382877","event_id":"838580","goals":{"updated_at":"1532570506","sp":{"goals_over_under":[{"goals":"2.5","odds":"1.70","header":"Over"},{"goals":"2.5","odds":"2.10","header":"Under"}],"first_team_to_score":[{"opp":"FC Lokomotiv-Kazanka Moscow","odds":"1.20"},{"opp":"No Goals","odds":"11.00"},{"opp":"Pskov 747","odds":"5.00"}],"home_team_highest_scoring_half":[{"opp":"FC Lokomotiv-Kazanka Moscow - 1st Half","odds":"3.00"},{"opp":"FC Lokomotiv-Kazanka Moscow - 2nd Half","odds":"2.10"},{"opp":"FC Lokomotiv-Kazanka Moscow - Tie","odds":"3.25"}],"away_team_highest_scoring_half":[{"opp":"Pskov 747 - 1st Half","odds":"5.00"},{"opp":"Pskov 747 - 2nd Half","odds":"3.75"},{"opp":"Pskov 747 - Tie","odds":"1.53"}],"goals_odd_even":[{"opp":"Even","odds":"1.90"},{"opp":"Odd","odds":"1.95"}],"home_team_odd_even_goals":[{"opp":"FC Lokomotiv-Kazanka Moscow - Even","odds":"1.83"},{"opp":"FC Lokomotiv-Kazanka Moscow - Odd","odds":"1.83"}],"away_team_odd_even_goals":[{"opp":"Pskov 747 - Even","odds":"1.40"},{"opp":"Pskov 747 - Odd","odds":"2.75"}],"1st_half_goals_odd_even":[{"opp":"Odd","odds":"2.10"},{"opp":"Even","odds":"1.73"}]}},"half":{"updated_at":"1532570862","sp":{"half_time_result":[{"opp":"1","odds":"1.73"},{"opp":"X","odds":"2.50"},{"opp":"2","odds":"8.00"}],"half_time_double_chance":[{"opp":"1X","odds":"1.08"},{"opp":"X2","odds":"2.00"},{"opp":"12","odds":"1.50"}],"half_time_correct_score":[{"opp":"1-0","odds":"3.25","header":"Home"},{"opp":"0-0","odds":"3.25","header":"X"},{"opp":"1-0","odds":"10.00","header":"Away"},{"opp":"2-0","odds":"6.00","header":"Home"},{"opp":"1-1","odds":"12.00","header":"X"},{"opp":"2-0","odds":"41.00","header":"Away"},{"opp":"2-1","odds":"26.00","header":"Home"},{"opp":"2-2","odds":"81.00","header":"X"},{"opp":"2-1","odds":"51.00","header":"Away"},{"opp":"3-0","odds":"13.00","header":"Home"},{"opp":"3-1","odds":"51.00","header":"Home"},{"opp":"4-0","odds":"34.00","header":"Home"},{"opp":"5-0","odds":"67.00","header":"Home"}],"1st_half_goals_odd_even":[{"opp":"Odd","odds":"2.10"},{"opp":"Even","odds":"1.73"}],"home_team_highest_scoring_half":[{"opp":"FC Lokomotiv-Kazanka Moscow - 1st Half","odds":"3.00"},{"opp":"FC Lokomotiv-Kazanka Moscow - 2nd Half","odds":"2.10"},{"opp":"FC Lokomotiv-Kazanka Moscow - Tie","odds":"3.25"}],"away_team_highest_scoring_half":[{"opp":"Pskov 747 - 1st Half","odds":"5.00"},{"opp":"Pskov 747 - 2nd Half","odds":"3.75"},{"opp":"Pskov 747 - Tie","odds":"1.53"}],"2nd_half_goals_odd_even":[{"opp":"Even","odds":"1.80"},{"opp":"Odd","odds":"1.91"}]}},"main":{"updated_at":"1532570861","sp":{"full_time_result":[{"opp":"1","odds":"1.29"},{"opp":"X","odds":"4.75"},{"opp":"2","odds":"8.00"}],"double_chance":[{"opp":"1X","odds":"1.06"},{"opp":"X2","odds":"3.50"},{"opp":"12","odds":"1.17"}],"correct_score":[{"opp":"1-0","odds":"6.50","header":"Home"},{"opp":"0-0","odds":"11.00","header":"X"},{"opp":"1-0","odds":"21.00","header":"Away"},{"opp":"2-0","odds":"6.00","header":"Home"},{"opp":"1-1","odds":"10.00","header":"X"},{"opp":"2-0","odds":"41.00","header":"Away"},{"opp":"2-1","odds":"10.00","header":"Home"},{"opp":"2-2","odds":"26.00","header":"X"},{"opp":"2-1","odds":"29.00","header":"Away"},{"opp":"3-0","odds":"7.50","header":"Home"},{"opp":"3-3","odds":"81.00","header":"X"},{"opp":"3-1","odds":"67.00","header":"Away"},{"opp":"3-1","odds":"13.00","header":"Home"},{"opp":"3-2","odds":"67.00","header":"Away"},{"opp":"3-2","odds":"34.00","header":"Home"},{"opp":"4-0","odds":"11.00","header":"Home"},{"opp":"4-1","odds":"21.00","header":"Home"},{"opp":"4-2","odds":"51.00","header":"Home"},{"opp":"5-0","odds":"21.00","header":"Home"},{"opp":"5-1","odds":"41.00","header":"Home"},{"opp":"5-2","odds":"81.00","header":"Home"},{"opp":"6-0","odds":"41.00","header":"Home"},{"opp":"6-1","odds":"51.00","header":"Home"},{"opp":"7-0","odds":"67.00","header":"Home"}],"half_time_full_time":[{"opp":"FC Lokomotiv-Kazanka Moscow - FC Lokomotiv-Kazanka Moscow","odds":"1.91"},{"opp":"FC Lokomotiv-Kazanka Moscow - Draw","odds":"19.00"},{"opp":"FC Lokomotiv-Kazanka Moscow - Pskov 747","odds":"41.00"},{"opp":"Draw - FC Lokomotiv-Kazanka Moscow","odds":"3.75"},{"opp":"Draw - Draw","odds":"7.50"},{"opp":"Draw - Pskov 747","odds":"17.00"},{"opp":"Pskov 747 - FC Lokomotiv-Kazanka Moscow","odds":"21.00"},{"opp":"Pskov 747 - Draw","odds":"23.00"},{"opp":"Pskov 747 - Pskov 747","odds":"15.00"}],"goals_over_under":[{"goals":"2.5","odds":"1.70","header":"Over"},{"goals":"2.5","odds":"2.10","header":"Under"}],"draw_no_bet":[{"opp":"FC Lokomotiv-Kazanka Moscow","odds":"1.08"},{"opp":"Pskov 747","odds":"7.00"}]}},"schedule":{"updated_at":"1532570184","sp":{"main":[{"odds":"1.29"},{"odds":"4.75"},{"odds":"8.00"}]}}}]}}