{"odd":{"success":1,"results":[{"FI":"75227023","event_id":"800529","asian_lines":{"updated_at":"1532571272","sp":{"asian_handicap":[{"opp":"0.0","odds":"1.825","header":"Home"},{"opp":"0.0","odds":"1.975","header":"Away"}],"goal_line":[{"goals":"2.0, 2.5","odds":"1.750","header":"Over"},{"goals":"2.0, 2.5","odds":"2.050","header":"Under"}],"alternative_asian_handicap":[{"opp":"-1.5, -2.0","odds":"7.000","header":"Home"},{"opp":"+1.5, +2.0","odds":"1.100","header":"Away"},{"opp":"-1.5","odds":"5.250","header":"Home"},{"opp":"+1.5","odds":"1.160","header":"Away"},{"opp":"-1.0, -1.5","odds":"4.650","header":"Home"},{"opp":"+1.0, +1.5","odds":"1.180","header":"Away"},{"opp":"-1.0","odds":"4.250","header":"Home"},{"opp":"+1.0","odds":"1.210","header":"Away"},{"opp":"-0.5, -1.0","odds":"3.100","header":"Home"},{"opp":"+0.5, +1.0","odds":"1.350","header":"Away"},{"opp":"-0.5","odds":"2.500","header":"Home"},{"opp":"+0.5","odds":"1.500","header":"Away"},{"opp":"0.0, -0.5","odds":"2.200","header":"Home"},{"opp":"0.0, +0.5","odds":"1.650","header":"Away"},{"opp":"0.0, +0.5","odds":"1.575","header":"Home"},{"opp":"0.0, -0.5","odds":"2.350","header":"Away"},{"opp":"+0.5","odds":"1.450","header":"Home"},{"opp":"-0.5","odds":"2.675","header":"Away"},{"opp":"+0.5, +1.0","odds":"1.300","header":"Home"},{"opp":"-0.5, -1.0","odds":"3.450","header":"Away"},{"opp":"+1.0","odds":"1.180","header":"Home"},{"opp":"-1.0","odds":"4.650","header":"Away"},{"opp":"+1.0, +1.5","odds":"1.160","header":"Home"},{"opp":"-1.0, -1.5","odds":"5.250","header":"Away"},{"opp":"+1.5","odds":"1.140","header":"Home"},{"opp":"-1.5","odds":"5.750","header":"Away"}],"alternative_goal_line":[{"goals":"1.0, 1.5","odds":"1.200","header":"Over"},{"goals":"1.0, 1.5","odds":"4.400","header":"Under"},{"goals":"1.5","odds":"1.325","header":"Over"},{"goals":"1.5","odds":"3.300","header":"Under"},{"goals":"1.5, 2.0","odds":"1.375","header":"Over"},{"goals":"1.5, 2.0","odds":"3.000","header":"Under"},{"goals":"2.0","odds":"1.500","header":"Over"},{"goals":"2.0","odds":"2.500","header":"Under"},{"goals":"2.5","odds":"2.025","header":"Over"},{"goals":"2.5","odds":"1.775","header":"Under"},{"goals":"2.5, 3.0","odds":"2.300","header":"Over"},{"goals":"2.5, 3.0","odds":"1.600","header":"Under"},{"goals":"3.0","odds":"2.750","header":"Over"},{"goals":"3.0","odds":"1.425","header":"Under"},{"goals":"3.0, 3.5","odds":"3.100","header":"Over"},{"goals":"3.0, 3.5","odds":"1.350","header":"Under"},{"goals":"3.5","odds":"3.450","header":"Over"},{"goals":"3.5","odds":"1.300","header":"Under"},{"goals":"3.5, 4.0","odds":"4.250","header":"Over"},{"goals":"3.5, 4.0","odds":"1.210","header":"Under"},{"goals":"4.0","odds":"6.000","header":"Over"},{"goals":"4.0","odds":"1.125","header":"Under"},{"goals":"4.0, 4.5","odds":"6.600","header":"Over"},{"goals":"4.0, 4.5","odds":"1.110","header":"Under"}],"1st_half_asian_handicap":[{"opp":"0.0","odds":"1.850","header":"Home"},{"opp":"0.0","odds":"1.950","header":"Away"}],"1st_half_goal_line":[{"goals":"1.0","odds":"1.975","header":"Over"},{"goals":"1.0","odds":"1.825","header":"Under"}],"alternative_1st_half_asian_handicap":[{"opp":"-0.5, -1.0","odds":"4.400","header":"Home"},{"opp":"+0.5, +1.0","odds":"1.200","header":"Away"},{"opp":"-0.5","odds":"3.300","header":"Home"},{"opp":"+0.5","odds":"1.325","header":"Away"},{"opp":"0.0, -0.5","odds":"2.500","header":"Home"},{"opp":"0.0, +0.5","odds":"1.500","header":"Away"},{"opp":"0.0, +0.5","odds":"1.475","header":"Home"},{"opp":"0.0, -0.5","odds":"2.600","header":"Away"},{"opp":"+0.5","odds":"1.325","header":"Home"},{"opp":"-0.5","odds":"3.300","header":"Away"},{"opp":"+0.5, +1.0","odds":"1.190","header":"Home"},{"opp":"-0.5, -1.0","odds":"4.500","header":"Away"}],"alternative_1st_half_goal_line":[{"goals":"0.5, 1.0","odds":"1.600","header":"Over"},{"goals":"0.5, 1.0","odds":"2.300","header":"Under"},{"goals":"1.0, 1.5","odds":"2.425","header":"Over"},{"goals":"1.0, 1.5","odds":"1.525","header":"Under"},{"goals":"1.5","odds":"3.000","header":"Over"},{"goals":"1.5","odds":"1.375","header":"Under"},{"goals":"1.5, 2.0","odds":"3.800","header":"Over"},{"goals":"1.5, 2.0","odds":"1.250","header":"Under"},{"goals":"2.0","odds":"6.400","header":"Over"},{"goals":"2.0","odds":"1.115","header":"Under"},{"goals":"2.0, 2.5","odds":"7.000","header":"Over"},{"goals":"2.0, 2.5","odds":"1.100","header":"Under"}],"asian_total_corners":[{"goals":"10.5","odds":"1.925","header":"Over"},{"goals":"10.5","odds":"1.875","header":"Under"}],"1st_half_asian_corners":[{"goals":"5.0","odds":"1.975","header":"Over"},{"goals":"5.0","odds":"1.825","header":"Under"}]}},"corners":{"updated_at":"1532569632","sp":{"corners":[{"opp":"Over 10","odds":"1.83"},{"opp":"Exactly 10","odds":"7.50"},{"opp":"Under 10","odds":"2.38"}],"total_corners":[{"opp":"Under 6","odds":"15.00"},{"opp":"6 - 8","odds":"4.00"},{"opp":"9 - 11","odds":"2.62"},{"opp":"12 - 14","odds":"3.60"},{"opp":"Over 14","odds":"6.50"}],"alternative_corners":[{"goals":"4","odds":"1.02","header":"Over"},{"goals":"4","odds":"26.00","header":"Exactly"},{"goals":"4","odds":"34.00","header":"Under"},{"goals":"5","odds":"1.04","header":"Over"},{"goals":"5","odds":"19.00","header":"Exactly"},{"goals":"5","odds":"21.00","header":"Under"},{"goals":"6","odds":"1.07","header":"Over"},{"goals":"6","odds":"13.00","header":"Exactly"},{"goals":"6","odds":"13.00","header":"Under"},{"goals":"7","odds":"1.17","header":"Over"},{"goals":"7","odds":"10.00","header":"Exactly"},{"goals":"7","odds":"7.50","header":"Under"},{"goals":"8","odds":"1.33","header":"Over"},{"goals":"8","odds":"8.50","header":"Exactly"},{"goals":"8","odds":"4.75","header":"Under"},{"goals":"9","odds":"1.57","header":"Over"},{"goals":"9","odds":"8.00","header":"Exactly"},{"goals":"9","odds":"3.20","header":"Under"},{"goals":"11","odds":"2.40","header":"Over"},{"goals":"11","odds":"8.00","header":"Exactly"},{"goals":"11","odds":"1.83","header":"Under"},{"goals":"12","odds":"3.20","header":"Over"},{"goals":"12","odds":"9.00","header":"Exactly"},{"goals":"12","odds":"1.53","header":"Under"},{"goals":"13","odds":"4.50","header":"Over"},{"goals":"13","odds":"10.00","header":"Exactly"},{"goals":"13","odds":"1.33","header":"Under"},{"goals":"14","odds":"6.50","header":"Over"},{"goals":"14","odds":"12.00","header":"Exactly"},{"goals":"14","odds":"1.18","header":"Under"},{"goals":"15","odds":"9.50","header":"Over"},{"goals":"15","odds":"15.00","header":"Exactly"},{"goals":"15","odds":"1.10","header":"Under"},{"goals":"16","odds":"13.00","header":"Over"},{"goals":"16","odds":"19.00","header":"Exactly"},{"goals":"16","odds":"1.06","header":"Under"},{"goals":"17","odds":"19.00","header":"Over"},{"goals":"17","odds":"23.00","header":"Exactly"},{"goals":"17","odds":"1.03","header":"Under"},{"goals":"18","odds":"26.00","header":"Over"},{"goals":"18","odds":"29.00","header":"Exactly"},{"goals":"18","odds":"1.02","header":"Under"},{"goals":"19","odds":"34.00","header":"Over"},{"goals":"19","odds":"41.00","header":"Exactly"},{"goals":"19","odds":"1.01","header":"Under"}],"corners_2_way":[{"opp":"Over 10.5","odds":"1.83"},{"opp":"Under 10.5","odds":"1.83"}],"first_half_corners":[{"opp":"5","odds":"2.30","header":"Over"},{"opp":"5","odds":"5.50","header":"Exactly"},{"opp":"5","odds":"2.20","header":"Under"}],"asian_total_corners":[{"goals":"10.5","odds":"1.925","header":"Over"},{"goals":"10.5","odds":"1.875","header":"Under"}],"1st_half_asian_corners":[{"goals":"5.0","odds":"1.975","header":"Over"},{"goals":"5.0","odds":"1.825","header":"Under"}]}},"goals":{"updated_at":"1532569457","sp":{"goals_over_under":[{"goals":"2.5","odds":"2.00","header":"Over"},{"goals":"2.5","odds":"1.80","header":"Under"}],"alternative_total_goals":[{"goals":"0.5","odds":"1.07","header":"Over "},{"goals":"0.5","odds":"9.50","header":"Under"},{"goals":"1.5","odds":"1.30","header":"Over "},{"goals":"1.5","odds":"3.40","header":"Under"},{"goals":"3.5","odds":"3.50","header":"Over "},{"goals":"3.5","odds":"1.29","header":"Under"},{"goals":"4.5","odds":"7.00","header":"Over "},{"goals":"4.5","odds":"1.10","header":"Under"},{"goals":"5.5","odds":"15.00","header":"Over "},{"goals":"5.5","odds":"1.03","header":"Under"}],"result_total_goals":[{"opp":"Opava & Over 2.5","odds":"4.33"},{"opp":"Opava & Under 2.5","odds":"5.50"},{"opp":"Draw & Over 2.5","odds":"12.00"},{"opp":"Draw & Under  2.5","odds":"4.00"},{"opp":"FC Fastav Zl\u00edn & Over 2.5","odds":"4.50"},{"opp":"FC Fastav Zl\u00edn & Under 2.5","odds":"6.00"}],"total_goals_both_teams_to_score":[{"opp":"Over 2.5 & Yes","odds":"2.30"},{"opp":"Over 2.5 & No","odds":"11.00"},{"opp":"Under 2.5 & Yes","odds":"6.00"},{"opp":"Under 2.5 & No","odds":"2.38"}],"exact_total_goals":[{"opp":"0 Goals","odds":"9.50"},{"opp":"1 Goal","odds":"4.75"},{"opp":"2 Goals","odds":"3.40"},{"opp":"3 Goals","odds":"4.33"},{"opp":"4 Goals","odds":"6.00"},{"opp":"5 Goals","odds":"12.00"},{"opp":"6 Goals","odds":"23.00"},{"opp":"7+ Goals","odds":"29.00"}],"number_of_goals_in_match":[{"opp":"Under 2 goals","odds":"3.40"},{"opp":"2 or 3 goals","odds":"1.95"},{"opp":"Over 3 goals","odds":"3.50"}],"both_teams_to_score":[{"opp":"Yes","odds":"1.75"},{"opp":"No","odds":"2.00"}],"teams_to_score":[{"opp":"Both Teams","odds":"1.75"},{"opp":"Opava Only","odds":"4.33"},{"opp":"No Goal","odds":"9.50"},{"opp":"FC Fastav Zl\u00edn Only","odds":"4.75"}],"both_teams_to_score_in_1st_half":[{"opp":"Yes","odds":"4.50"},{"opp":"No","odds":"1.18"}],"both_teams_to_score_in_2nd_half":[{"opp":"Yes","odds":"3.40"},{"opp":"No","odds":"1.30"}],"both_teams_to_score_1st_half_2nd_half":[{"opp":"Yes \/ Yes","odds":"15.00"},{"opp":"Yes \/ No","odds":"6.00"},{"opp":"No \/ Yes","odds":"3.75"},{"opp":"No \/ No","odds":"1.57"}],"first_half_goals":[{"goals":"0.5","odds":"1.40","header":"Over"},{"goals":"0.5","odds":"2.75","header":"Under"},{"goals":"1.5","odds":"3.00","header":"Over"},{"goals":"1.5","odds":"1.36","header":"Under"},{"goals":"2.5","odds":"8.00","header":"Over"},{"goals":"2.5","odds":"1.08","header":"Under"},{"goals":"3.5","odds":"23.00","header":"Over"},{"goals":"3.5","odds":"1.01","header":"Under"}],"exact_1st_half_goals":[{"opp":"0 Goals","odds":"2.75"},{"opp":"1 Goal","odds":"2.50"},{"opp":"2 Goals","odds":"4.33"},{"opp":"3 Goals","odds":"11.00"},{"opp":"4 Goals","odds":"34.00"},{"opp":"5+ Goals","odds":"81.00"}],"total_goal_minutes":[{"opp":"Over 140 minutes","odds":"2.20"},{"opp":"120 To 140 minutes inc.","odds":"8.50"},{"opp":"Under 120 minutes","odds":"1.83"}],"first_team_to_score":[{"opp":"Opava","odds":"1.83"},{"opp":"No Goals","odds":"9.50"},{"opp":"FC Fastav Zl\u00edn","odds":"2.10"}],"early_goal":[{"opp":"Goal before 30:00","odds":"1.83"},{"opp":"No Goal before 30:00","odds":"1.83"}],"late_goal":[{"opp":"Goal after 71:59","odds":"1.83"},{"opp":"No Goal after 71:59","odds":"1.83"}],"time_of_first_goal_brackets":[{"opp":"1-10","odds":"4.50"},{"opp":"11-20","odds":"5.00"},{"opp":"21-30","odds":"6.00"},{"opp":"31-40","odds":"7.00"},{"opp":"41-50","odds":"8.00"},{"opp":"51-60","odds":"13.00"},{"opp":"61-70","odds":"17.00"},{"opp":"71-80","odds":"19.00"},{"opp":"81 - Full Time","odds":"19.00"},{"opp":"No Goal","odds":"9.50"}],"2nd_half_goals":[{"goals":"0.5","odds":"1.25","header":"Over"},{"goals":"0.5","odds":"3.75","header":"Under"},{"goals":"1.5","odds":"2.10","header":"Over"},{"goals":"1.5","odds":"1.67","header":"Under"},{"goals":"2.5","odds":"4.50","header":"Over"},{"goals":"2.5","odds":"1.18","header":"Under"},{"goals":"3.5","odds":"13.00","header":"Over"},{"goals":"3.5","odds":"1.04","header":"Under"}],"exact_2nd_half_goals":[{"opp":"0 Goals","odds":"3.75"},{"opp":"1 Goal","odds":"2.75"},{"opp":"2 Goals","odds":"3.60"},{"opp":"3 Goals","odds":"7.00"},{"opp":"4 Goals","odds":"17.00"},{"opp":"5+ Goals","odds":"29.00"}],"half_with_most_goals":[{"opp":"1st Half","odds":"3.10"},{"opp":"2nd Half","odds":"2.05"},{"opp":"Tie","odds":"3.50"}],"home_team_highest_scoring_half":[{"opp":"Opava - 1st Half","odds":"3.60"},{"opp":"Opava - 2nd Half","odds":"2.50"},{"opp":"Opava - Tie","odds":"2.30"}],"away_team_highest_scoring_half":[{"opp":"FC Fastav Zl\u00edn - 1st Half","odds":"3.60"},{"opp":"FC Fastav Zl\u00edn - 2nd Half","odds":"2.50"},{"opp":"FC Fastav Zl\u00edn - Tie","odds":"2.25"}],"home_team_exact_goals":[{"opp":"Opava - 0 Goals","odds":"3.40"},{"opp":"Opava - 1 Goal","odds":"2.50"},{"opp":"Opava - 2 Goals","odds":"3.75"},{"opp":"Opava - 3+ Goals","odds":"6.00"}],"away_team_exact_goals":[{"opp":"FC Fastav Zl\u00edn - 0 Goals","odds":"3.25"},{"opp":"FC Fastav Zl\u00edn - 1 Goal","odds":"2.50"},{"opp":"FC Fastav Zl\u00edn - 2 Goals","odds":"4.00"},{"opp":"FC Fastav Zl\u00edn - 3+ Goals","odds":"6.50"}],"time_of_1st_team_goal":[{"opp":"Opava - Goal before 54:00","odds":"1.83"},{"opp":"Opava - No Goal before 54:00","odds":"1.83"},{"opp":"FC Fastav Zl\u00edn - Goal before 56:00","odds":"1.83"},{"opp":"FC Fastav Zl\u00edn - No Goal before 56:00","odds":"1.83"}],"goals_odd_even":[{"opp":"Even","odds":"1.90"},{"opp":"Odd","odds":"1.95"}],"home_team_odd_even_goals":[{"opp":"Opava - Even","odds":"1.73"},{"opp":"Opava - Odd","odds":"2.00"}],"away_team_odd_even_goals":[{"opp":"FC Fastav Zl\u00edn - Even","odds":"1.73"},{"opp":"FC Fastav Zl\u00edn - Odd","odds":"2.00"}],"1st_half_goals_odd_even":[{"opp":"Odd","odds":"2.10"},{"opp":"Even","odds":"1.73"}],"last_team_to_score":[{"opp":"Opava","odds":"1.83"},{"opp":"No Goal","odds":"9.50"},{"opp":"FC Fastav Zl\u00edn","odds":"2.10"}],"first_10_minutes_(00:00_09:59)":[{"name":"Goals","handicap":"0.5","odds":"4.50","header":"Over"},{"name":"Goals","handicap":"0.5","odds":"1.18","header":"Under"}]}},"half":{"updated_at":"1532569446","sp":{"half_time_result":[{"opp":"1","odds":"3.25"},{"opp":"X","odds":"2.10"},{"opp":"2","odds":"3.40"}],"half_time_double_chance":[{"opp":"1X","odds":"1.30"},{"opp":"X2","odds":"1.33"},{"opp":"12","odds":"1.67"}],"half_time_result_both_teams_to_score":[{"opp":"Opava & Yes","odds":"21.00"},{"opp":"Opava & No","odds":"3.60"},{"opp":"Draw & Yes","odds":"7.50"},{"opp":"Draw & No","odds":"2.75"},{"opp":"FC Fastav Zl\u00edn & Yes","odds":"21.00"},{"opp":"FC Fastav Zl\u00edn & No","odds":"3.75"}],"half_time_result_total_goals":[{"opp":"Opava & Over 1.5","odds":"8.50"},{"opp":"Opava & Under 1.5","odds":"4.50"},{"opp":"Draw & Over 1.5","odds":"7.50"},{"opp":"Draw & Under 1.5","odds":"2.75"},{"opp":"FC Fastav Zl\u00edn & Over 1.5","odds":"9.00"},{"opp":"FC Fastav Zl\u00edn & Under 1.5","odds":"4.75"}],"half_time_correct_score":[{"opp":"1-0","odds":"4.50","header":"Home"},{"opp":"0-0","odds":"2.75","header":"X"},{"opp":"1-0","odds":"4.75","header":"Away"},{"opp":"2-0","odds":"15.00","header":"Home"},{"opp":"1-1","odds":"7.50","header":"X"},{"opp":"2-0","odds":"15.00","header":"Away"},{"opp":"2-1","odds":"23.00","header":"Home"},{"opp":"2-2","odds":"51.00","header":"X"},{"opp":"2-1","odds":"26.00","header":"Away"},{"opp":"3-0","odds":"51.00","header":"Home"},{"opp":"3-0","odds":"51.00","header":"Away"},{"opp":"3-1","odds":"67.00","header":"Home"},{"opp":"3-1","odds":"81.00","header":"Away"},{"opp":"3-2","odds":"201.00","header":"Home"},{"opp":"3-2","odds":"201.00","header":"Away"},{"opp":"4-0","odds":"201.00","header":"Home"},{"opp":"4-0","odds":"251.00","header":"Away"},{"opp":"4-1","odds":"401.00","header":"Home"},{"opp":"4-1","odds":"401.00","header":"Away"}],"both_teams_to_score_in_1st_half":[{"opp":"Yes","odds":"4.50"},{"opp":"No","odds":"1.18"}],"both_teams_to_score_in_2nd_half":[{"opp":"Yes","odds":"3.40"},{"opp":"No","odds":"1.30"}],"both_teams_to_score_1st_half_2nd_half":[{"opp":"Yes \/ Yes","odds":"15.00"},{"opp":"Yes \/ No","odds":"6.00"},{"opp":"No \/ Yes","odds":"3.75"},{"opp":"No \/ No","odds":"1.57"}],"1st_half_asian_handicap":[{"opp":"0.0","odds":"1.850","header":"Home"},{"opp":"0.0","odds":"1.950","header":"Away"}],"1st_half_goal_line":[{"goals":"1.0","odds":"1.975","header":"Over"},{"goals":"1.0","odds":"1.825","header":"Under"}],"alternative_1st_half_asian_handicap":[{"opp":"-0.5, -1.0","odds":"4.400","header":"Home"},{"opp":"+0.5, +1.0","odds":"1.200","header":"Away"},{"opp":"-0.5","odds":"3.300","header":"Home"},{"opp":"+0.5","odds":"1.325","header":"Away"},{"opp":"0.0, -0.5","odds":"2.500","header":"Home"},{"opp":"0.0, +0.5","odds":"1.500","header":"Away"},{"opp":"0.0, +0.5","odds":"1.475","header":"Home"},{"opp":"0.0, -0.5","odds":"2.600","header":"Away"},{"opp":"+0.5","odds":"1.325","header":"Home"},{"opp":"-0.5","odds":"3.300","header":"Away"},{"opp":"+0.5, +1.0","odds":"1.190","header":"Home"},{"opp":"-0.5, -1.0","odds":"4.500","header":"Away"}],"alternative_1st_half_goal_line":[{"goals":"0.5, 1.0","odds":"1.600","header":"Over"},{"goals":"0.5, 1.0","odds":"2.300","header":"Under"},{"goals":"1.0, 1.5","odds":"2.425","header":"Over"},{"goals":"1.0, 1.5","odds":"1.525","header":"Under"},{"goals":"1.5","odds":"3.000","header":"Over"},{"goals":"1.5","odds":"1.375","header":"Under"},{"goals":"1.5, 2.0","odds":"3.800","header":"Over"},{"goals":"1.5, 2.0","odds":"1.250","header":"Under"},{"goals":"2.0","odds":"6.400","header":"Over"},{"goals":"2.0","odds":"1.115","header":"Under"},{"goals":"2.0, 2.5","odds":"7.000","header":"Over"},{"goals":"2.0, 2.5","odds":"1.100","header":"Under"}],"1st_half_handicap":[{"opp":"Opava  -1.0","odds":"11.00"},{"opp":"Tie - FC Fastav Zl\u00edn +1.0","odds":"4.00"},{"opp":"FC Fastav Zl\u00edn  +1.0","odds":"1.33"}],"alternative_1st_half_handicap_result":[{"opp":"-2.0","odds":"23.00","header":"Home"},{"opp":"+2.0","odds":"11.00","header":"Tie"},{"opp":"+2.0","odds":"1.05","header":"Away"},{"opp":"+1.0","odds":"1.30","header":"Home"},{"opp":"-1.0","odds":"4.00","header":"Tie"},{"opp":"-1.0","odds":"11.00","header":"Away"}],"first_half_goals":[{"goals":"0.5","odds":"1.40","header":"Over"},{"goals":"0.5","odds":"2.75","header":"Under"},{"goals":"1.5","odds":"3.00","header":"Over"},{"goals":"1.5","odds":"1.36","header":"Under"},{"goals":"2.5","odds":"8.00","header":"Over"},{"goals":"2.5","odds":"1.08","header":"Under"},{"goals":"3.5","odds":"23.00","header":"Over"},{"goals":"3.5","odds":"1.01","header":"Under"}],"exact_1st_half_goals":[{"opp":"0 Goals","odds":"2.75"},{"opp":"1 Goal","odds":"2.50"},{"opp":"2 Goals","odds":"4.33"},{"opp":"3 Goals","odds":"11.00"},{"opp":"4 Goals","odds":"34.00"},{"opp":"5+ Goals","odds":"81.00"}],"first_half_corners":[{"opp":"5","odds":"2.30","header":"Over"},{"opp":"5","odds":"5.50","header":"Exactly"},{"opp":"5","odds":"2.20","header":"Under"}],"1st_half_asian_corners":[{"goals":"5.0","odds":"1.975","header":"Over"},{"goals":"5.0","odds":"1.825","header":"Under"}],"1st_half_goals_odd_even":[{"opp":"Odd","odds":"2.10"},{"opp":"Even","odds":"1.73"}],"to_score_in_half":[{"name":"1st Half","odds":"2.10","header":"Yes"},{"name":"1st Half","odds":"1.67","header":"No"},{"name":"2nd Half","odds":"1.80","header":"Yes"},{"name":"2nd Half","odds":"1.91","header":"No"},{"name":"1st Half","odds":"2.20","header":"Yes"},{"name":"1st Half","odds":"1.62","header":"No"},{"name":"2nd Half","odds":"1.80","header":"Yes"},{"name":"2nd Half","odds":"1.91","header":"No"}],"half_with_most_goals":[{"opp":"1st Half","odds":"3.10"},{"opp":"2nd Half","odds":"2.05"},{"opp":"Tie","odds":"3.50"}],"home_team_highest_scoring_half":[{"opp":"Opava - 1st Half","odds":"3.60"},{"opp":"Opava - 2nd Half","odds":"2.50"},{"opp":"Opava - Tie","odds":"2.30"}],"away_team_highest_scoring_half":[{"opp":"FC Fastav Zl\u00edn - 1st Half","odds":"3.60"},{"opp":"FC Fastav Zl\u00edn - 2nd Half","odds":"2.50"},{"opp":"FC Fastav Zl\u00edn - Tie","odds":"2.25"}],"2nd_half_result":[{"opp":"1","odds":"2.75"},{"opp":"X","odds":"2.40"},{"opp":"2","odds":"2.88"}],"2nd_half_goals":[{"goals":"0.5","odds":"1.25","header":"Over"},{"goals":"0.5","odds":"3.75","header":"Under"},{"goals":"1.5","odds":"2.10","header":"Over"},{"goals":"1.5","odds":"1.67","header":"Under"},{"goals":"2.5","odds":"4.50","header":"Over"},{"goals":"2.5","odds":"1.18","header":"Under"},{"goals":"3.5","odds":"13.00","header":"Over"},{"goals":"3.5","odds":"1.04","header":"Under"}],"exact_2nd_half_goals":[{"opp":"0 Goals","odds":"3.75"},{"opp":"1 Goal","odds":"2.75"},{"opp":"2 Goals","odds":"3.60"},{"opp":"3 Goals","odds":"7.00"},{"opp":"4 Goals","odds":"17.00"},{"opp":"5+ Goals","odds":"29.00"}],"2nd_half_goals_odd_even":[{"opp":"Even","odds":"1.73"},{"opp":"Odd","odds":"2.00"}]}},"main":{"updated_at":"1532570560","sp":{"full_time_result":[{"opp":"1","odds":"2.50"},{"opp":"X","odds":"3.10"},{"opp":"2","odds":"2.90"}],"double_chance":[{"opp":"1X","odds":"1.42"},{"opp":"X2","odds":"1.55"},{"opp":"12","odds":"1.38"}],"correct_score":[{"opp":"1-0","odds":"8.50","header":"Home"},{"opp":"0-0","odds":"9.50","header":"X"},{"opp":"1-0","odds":"9.00","header":"Away"},{"opp":"2-0","odds":"13.00","header":"Home"},{"opp":"1-1","odds":"6.00","header":"X"},{"opp":"2-0","odds":"13.00","header":"Away"},{"opp":"2-1","odds":"10.00","header":"Home"},{"opp":"2-2","odds":"13.00","header":"X"},{"opp":"2-1","odds":"10.00","header":"Away"},{"opp":"3-0","odds":"26.00","header":"Home"},{"opp":"3-3","odds":"51.00","header":"X"},{"opp":"3-0","odds":"29.00","header":"Away"},{"opp":"3-1","odds":"21.00","header":"Home"},{"opp":"4-4","odds":"251.00","header":"X"},{"opp":"3-1","odds":"23.00","header":"Away"},{"opp":"3-2","odds":"29.00","header":"Home"},{"opp":"3-2","odds":"34.00","header":"Away"},{"opp":"4-0","odds":"51.00","header":"Home"},{"opp":"4-0","odds":"51.00","header":"Away"},{"opp":"4-1","odds":"41.00","header":"Home"},{"opp":"4-1","odds":"51.00","header":"Away"},{"opp":"4-2","odds":"51.00","header":"Home"},{"opp":"4-2","odds":"67.00","header":"Away"},{"opp":"4-3","odds":"101.00","header":"Home"},{"opp":"4-3","odds":"126.00","header":"Away"},{"opp":"5-0","odds":"151.00","header":"Home"},{"opp":"5-0","odds":"151.00","header":"Away"},{"opp":"5-1","odds":"126.00","header":"Home"},{"opp":"5-1","odds":"126.00","header":"Away"},{"opp":"5-2","odds":"151.00","header":"Home"},{"opp":"5-2","odds":"201.00","header":"Away"},{"opp":"5-3","odds":"351.00","header":"Home"},{"opp":"5-3","odds":"401.00","header":"Away"},{"opp":"6-1","odds":"451.00","header":"Home"},{"opp":"6-1","odds":"501.00","header":"Away"}],"half_time_full_time":[{"opp":"Opava - Opava","odds":"4.33"},{"opp":"Opava - Draw","odds":"15.00"},{"opp":"Opava - FC Fastav Zl\u00edn","odds":"29.00"},{"opp":"Draw - Opava","odds":"6.00"},{"opp":"Draw - Draw","odds":"5.00"},{"opp":"Draw - FC Fastav Zl\u00edn","odds":"6.00"},{"opp":"FC Fastav Zl\u00edn - Opava","odds":"29.00"},{"opp":"FC Fastav Zl\u00edn - Draw","odds":"15.00"},{"opp":"FC Fastav Zl\u00edn - FC Fastav Zl\u00edn","odds":"4.50"}],"goals_over_under":[{"goals":"2.5","odds":"2.00","header":"Over"},{"goals":"2.5","odds":"1.80","header":"Under"}],"both_teams_to_score":[{"opp":"Yes","odds":"1.75"},{"opp":"No","odds":"2.00"}],"asian_handicap":[{"opp":"0.0","odds":"1.825","header":"Home"},{"opp":"0.0","odds":"1.975","header":"Away"}],"goal_line":[{"goals":"2.0, 2.5","odds":"1.750","header":"Over"},{"goals":"2.0, 2.5","odds":"2.050","header":"Under"}],"alternative_asian_handicap":[{"opp":"-1.5, -2.0","odds":"7.000","header":"Home"},{"opp":"+1.5, +2.0","odds":"1.100","header":"Away"},{"opp":"-1.5","odds":"5.250","header":"Home"},{"opp":"+1.5","odds":"1.160","header":"Away"},{"opp":"-1.0, -1.5","odds":"4.650","header":"Home"},{"opp":"+1.0, +1.5","odds":"1.180","header":"Away"},{"opp":"-1.0","odds":"4.250","header":"Home"},{"opp":"+1.0","odds":"1.210","header":"Away"},{"opp":"-0.5, -1.0","odds":"3.100","header":"Home"},{"opp":"+0.5, +1.0","odds":"1.350","header":"Away"},{"opp":"-0.5","odds":"2.500","header":"Home"},{"opp":"+0.5","odds":"1.500","header":"Away"},{"opp":"0.0, -0.5","odds":"2.200","header":"Home"},{"opp":"0.0, +0.5","odds":"1.650","header":"Away"},{"opp":"0.0, +0.5","odds":"1.575","header":"Home"},{"opp":"0.0, -0.5","odds":"2.350","header":"Away"},{"opp":"+0.5","odds":"1.450","header":"Home"},{"opp":"-0.5","odds":"2.675","header":"Away"},{"opp":"+0.5, +1.0","odds":"1.300","header":"Home"},{"opp":"-0.5, -1.0","odds":"3.450","header":"Away"},{"opp":"+1.0","odds":"1.180","header":"Home"},{"opp":"-1.0","odds":"4.650","header":"Away"},{"opp":"+1.0, +1.5","odds":"1.160","header":"Home"},{"opp":"-1.0, -1.5","odds":"5.250","header":"Away"},{"opp":"+1.5","odds":"1.140","header":"Home"},{"opp":"-1.5","odds":"5.750","header":"Away"}],"alternative_goal_line":[{"goals":"1.0, 1.5","odds":"1.200","header":"Over"},{"goals":"1.0, 1.5","odds":"4.400","header":"Under"},{"goals":"1.5","odds":"1.325","header":"Over"},{"goals":"1.5","odds":"3.300","header":"Under"},{"goals":"1.5, 2.0","odds":"1.375","header":"Over"},{"goals":"1.5, 2.0","odds":"3.000","header":"Under"},{"goals":"2.0","odds":"1.500","header":"Over"},{"goals":"2.0","odds":"2.500","header":"Under"},{"goals":"2.5","odds":"2.025","header":"Over"},{"goals":"2.5","odds":"1.775","header":"Under"},{"goals":"2.5, 3.0","odds":"2.300","header":"Over"},{"goals":"2.5, 3.0","odds":"1.600","header":"Under"},{"goals":"3.0","odds":"2.750","header":"Over"},{"goals":"3.0","odds":"1.425","header":"Under"},{"goals":"3.0, 3.5","odds":"3.100","header":"Over"},{"goals":"3.0, 3.5","odds":"1.350","header":"Under"},{"goals":"3.5","odds":"3.450","header":"Over"},{"goals":"3.5","odds":"1.300","header":"Under"},{"goals":"3.5, 4.0","odds":"4.250","header":"Over"},{"goals":"3.5, 4.0","odds":"1.210","header":"Under"},{"goals":"4.0","odds":"6.000","header":"Over"},{"goals":"4.0","odds":"1.125","header":"Under"},{"goals":"4.0, 4.5","odds":"6.600","header":"Over"},{"goals":"4.0, 4.5","odds":"1.110","header":"Under"}],"draw_no_bet":[{"opp":"Opava","odds":"1.80"},{"opp":"FC Fastav Zl\u00edn","odds":"1.91"}],"result_both_teams_to_score":[{"name":"Opava","odds":"5.00","header":"Yes"},{"name":"Opava","odds":"4.50","header":"No"},{"name":"FC Fastav Zl\u00edn","odds":"5.50","header":"Yes"},{"name":"FC Fastav Zl\u00edn","odds":"4.75","header":"No"},{"name":"Draw","odds":"4.00","header":"Yes"},{"name":"Draw","odds":"9.50","header":"No"}],"handicap_result":[{"opp":"Opava (-1)","odds":"5.00"},{"opp":"Tie - (FC Fastav Zl\u00edn +1)","odds":"4.33"},{"opp":"FC Fastav Zl\u00edn (+1)","odds":"1.55"}],"alternative_handicap_result":[{"opp":"-3.0","odds":"19.00","header":"Home"},{"opp":"+3.0","odds":"13.00","header":"Tie"},{"opp":"+3.0","odds":"1.04","header":"Away"},{"opp":"-2.0","odds":"11.00","header":"Home"},{"opp":"+2.0","odds":"7.00","header":"Tie"},{"opp":"+2.0","odds":"1.12","header":"Away"},{"opp":"+1.0","odds":"1.42","header":"Home"},{"opp":"-1.0","odds":"4.33","header":"Tie"},{"opp":"-1.0","odds":"5.50","header":"Away"},{"opp":"+2.0","odds":"1.10","header":"Home"},{"opp":"-2.0","odds":"8.00","header":"Tie"},{"opp":"-2.0","odds":"13.00","header":"Away"}],"winning_margin":[{"goals":" 1","odds":"4.33","header":"Home"},{"goals":" 1","odds":"4.33","header":"Away"},{"goals":" 2","odds":"7.00","header":"Home"},{"goals":" 2","odds":"8.00","header":"Away"},{"goals":" 3","odds":"13.00","header":"Home"},{"goals":" 3","odds":"21.00","header":"Away"},{"goals":" 4+","odds":"19.00","header":"Home"},{"goals":" 4+","odds":"41.00","header":"Away"},{"goals":"Score Draw","odds":"4.00","header":"Home"},{"goals":"No Goal","odds":"9.50","header":"Home"}]}},"schedule":{"updated_at":"1532571087","sp":{"main":[{"odds":"2.50"},{"odds":"3.10"},{"odds":"2.90"}]}},"specials":{"updated_at":"1532569458","sp":{"specials":[{"name":"To Win From Behind","odds":"10.00","header":"Home"},{"name":"To Win From Behind","odds":"11.00","header":"Away"},{"name":"To Win to Nil","odds":"4.50","header":"Home"},{"name":"To Win to Nil","odds":"4.75","header":"Away"},{"name":"To Win Either Half","odds":"1.80","header":"Home"},{"name":"To Win Either Half","odds":"1.83","header":"Away"},{"name":"To Win Both Halves","odds":"10.00","header":"Home"},{"name":"To Win Both Halves","odds":"10.00","header":"Away"},{"name":"To Score in Both Halves","odds":"3.75","header":"Home"},{"name":"To Score in Both Halves","odds":"4.00","header":"Away"}],"to_score_in_half":[{"name":"1st Half","odds":"2.10","header":"Yes"},{"name":"1st Half","odds":"1.67","header":"No"},{"name":"2nd Half","odds":"1.80","header":"Yes"},{"name":"2nd Half","odds":"1.91","header":"No"},{"name":"1st Half","odds":"2.20","header":"Yes"},{"name":"1st Half","odds":"1.62","header":"No"},{"name":"2nd Half","odds":"1.80","header":"Yes"},{"name":"2nd Half","odds":"1.91","header":"No"}]}}}]}}