{"odd":{"success":1,"results":[{"FI":"75226753","event_id":"623009","asian_lines":{"updated_at":"1532570265","sp":{"asian_handicap":[{"opp":"+2.5","odds":"2.100","header":"Home"},{"opp":"-2.5","odds":"1.775","header":"Away"}],"goal_line":[{"goals":"3.5","odds":"1.900","header":"Over"},{"goals":"3.5","odds":"1.950","header":"Under"}],"alternative_asian_handicap":[{"opp":"+1.0","odds":"6.800","header":"Home"},{"opp":"-1.0","odds":"1.105","header":"Away"},{"opp":"+1.0, +1.5","odds":"4.400","header":"Home"},{"opp":"-1.0, -1.5","odds":"1.200","header":"Away"},{"opp":"+1.5","odds":"3.450","header":"Home"},{"opp":"-1.5","odds":"1.300","header":"Away"},{"opp":"+1.5, +2.0","odds":"3.100","header":"Home"},{"opp":"-1.5, -2.0","odds":"1.350","header":"Away"},{"opp":"+2.0","odds":"2.850","header":"Home"},{"opp":"-2.0","odds":"1.400","header":"Away"},{"opp":"+2.0, +2.5","odds":"2.350","header":"Home"},{"opp":"-2.0, -2.5","odds":"1.575","header":"Away"},{"opp":"+2.5, +3.0","odds":"1.850","header":"Home"},{"opp":"-2.5, -3.0","odds":"1.950","header":"Away"},{"opp":"+3.0","odds":"1.650","header":"Home"},{"opp":"-3.0","odds":"2.200","header":"Away"},{"opp":"+3.0, +3.5","odds":"1.525","header":"Home"},{"opp":"-3.0, -3.5","odds":"2.425","header":"Away"},{"opp":"+3.5","odds":"1.450","header":"Home"},{"opp":"-3.5","odds":"2.675","header":"Away"},{"opp":"+3.5, +4.0","odds":"1.325","header":"Home"},{"opp":"-3.5, -4.0","odds":"3.300","header":"Away"},{"opp":"+4.0","odds":"1.230","header":"Home"},{"opp":"-4.0","odds":"4.000","header":"Away"},{"opp":"+4.0, +4.5","odds":"1.200","header":"Home"},{"opp":"-4.0, -4.5","odds":"4.400","header":"Away"},{"opp":"+4.5","odds":"1.180","header":"Home"},{"opp":"-4.5","odds":"4.650","header":"Away"}],"alternative_goal_line":[{"goals":"1.5","odds":"1.100","header":"Over"},{"goals":"1.5","odds":"7.000","header":"Under"},{"goals":"1.5, 2.0","odds":"1.110","header":"Over"},{"goals":"1.5, 2.0","odds":"6.600","header":"Under"},{"goals":"2.0","odds":"1.130","header":"Over"},{"goals":"2.0","odds":"5.900","header":"Under"},{"goals":"2.0, 2.5","odds":"1.230","header":"Over"},{"goals":"2.0, 2.5","odds":"4.000","header":"Under"},{"goals":"2.5","odds":"1.350","header":"Over"},{"goals":"2.5","odds":"3.100","header":"Under"},{"goals":"2.5, 3.0","odds":"1.400","header":"Over"},{"goals":"2.5, 3.0","odds":"2.850","header":"Under"},{"goals":"3.0","odds":"1.500","header":"Over"},{"goals":"3.0","odds":"2.500","header":"Under"},{"goals":"3.0, 3.5","odds":"1.675","header":"Over"},{"goals":"3.0, 3.5","odds":"2.150","header":"Under"},{"goals":"3.5, 4.0","odds":"2.075","header":"Over"},{"goals":"3.5, 4.0","odds":"1.725","header":"Under"},{"goals":"4.0","odds":"2.375","header":"Over"},{"goals":"4.0","odds":"1.550","header":"Under"},{"goals":"4.0, 4.5","odds":"2.675","header":"Over"},{"goals":"4.0, 4.5","odds":"1.450","header":"Under"},{"goals":"4.5","odds":"2.850","header":"Over"},{"goals":"4.5","odds":"1.400","header":"Under"},{"goals":"4.5, 5.0","odds":"3.450","header":"Over"},{"goals":"4.5, 5.0","odds":"1.300","header":"Under"},{"goals":"5.0","odds":"4.400","header":"Over"},{"goals":"5.0","odds":"1.200","header":"Under"},{"goals":"5.0, 5.5","odds":"4.650","header":"Over"},{"goals":"5.0, 5.5","odds":"1.180","header":"Under"},{"goals":"5.5","odds":"5.250","header":"Over"},{"goals":"5.5","odds":"1.160","header":"Under"}],"1st_half_asian_handicap":[{"opp":"+1.0, +1.5","odds":"1.725","header":"Home"},{"opp":"-1.0, -1.5","odds":"2.075","header":"Away"}],"1st_half_goal_line":[{"goals":"1.5","odds":"1.950","header":"Over"},{"goals":"1.5","odds":"1.850","header":"Under"}],"alternative_1st_half_asian_handicap":[{"opp":"0.0, +0.5","odds":"4.400","header":"Home"},{"opp":"0.0, -0.5","odds":"1.200","header":"Away"},{"opp":"+0.5","odds":"3.000","header":"Home"},{"opp":"-0.5","odds":"1.375","header":"Away"},{"opp":"+0.5, +1.0","odds":"2.600","header":"Home"},{"opp":"-0.5, -1.0","odds":"1.475","header":"Away"},{"opp":"+1.0","odds":"2.100","header":"Home"},{"opp":"-1.0","odds":"1.700","header":"Away"},{"opp":"+1.5","odds":"1.525","header":"Home"},{"opp":"-1.5","odds":"2.425","header":"Away"},{"opp":"+1.5, +2.0","odds":"1.375","header":"Home"},{"opp":"-1.5, -2.0","odds":"3.000","header":"Away"},{"opp":"+2.0","odds":"1.210","header":"Home"},{"opp":"-2.0","odds":"4.250","header":"Away"},{"opp":"+2.0, +2.5","odds":"1.170","header":"Home"},{"opp":"-2.0, -2.5","odds":"5.000","header":"Away"},{"opp":"+2.5","odds":"1.150","header":"Home"},{"opp":"-2.5","odds":"5.500","header":"Away"}],"alternative_1st_half_goal_line":[{"goals":"0.5, 1.0","odds":"1.250","header":"Over"},{"goals":"0.5, 1.0","odds":"3.800","header":"Under"},{"goals":"1.0","odds":"1.325","header":"Over"},{"goals":"1.0","odds":"3.300","header":"Under"},{"goals":"1.0, 1.5","odds":"1.625","header":"Over"},{"goals":"1.0, 1.5","odds":"2.250","header":"Under"},{"goals":"1.5, 2.0","odds":"2.250","header":"Over"},{"goals":"1.5, 2.0","odds":"1.625","header":"Under"},{"goals":"2.0","odds":"3.000","header":"Over"},{"goals":"2.0","odds":"1.375","header":"Under"},{"goals":"2.0, 2.5","odds":"3.450","header":"Over"},{"goals":"2.0, 2.5","odds":"1.300","header":"Under"},{"goals":"2.5","odds":"3.800","header":"Over"},{"goals":"2.5","odds":"1.250","header":"Under"},{"goals":"2.5, 3.0","odds":"5.250","header":"Over"},{"goals":"2.5, 3.0","odds":"1.160","header":"Under"}]}},"goals":{"updated_at":"1532570482","sp":{"goals_over_under":[{"goals":"2.5","odds":"1.33","header":"Over"},{"goals":"2.5","odds":"3.40","header":"Under"}],"alternative_total_goals":[{"goals":"0.5","odds":"1.02","header":"Over "},{"goals":"0.5","odds":"21.00","header":"Under"},{"goals":"1.5","odds":"1.10","header":"Over "},{"goals":"1.5","odds":"7.00","header":"Under"},{"goals":"3.5","odds":"1.83","header":"Over "},{"goals":"3.5","odds":"1.83","header":"Under"},{"goals":"4.5","odds":"3.00","header":"Over "},{"goals":"4.5","odds":"1.36","header":"Under"},{"goals":"5.5","odds":"5.00","header":"Over "},{"goals":"5.5","odds":"1.17","header":"Under"},{"goals":"6.5","odds":"10.00","header":"Over "},{"goals":"6.5","odds":"1.06","header":"Under"},{"goals":"7.5","odds":"19.00","header":"Over "},{"goals":"7.5","odds":"1.02","header":"Under"}],"result_total_goals":[{"opp":"Bray Wanderers & Over 3.5","odds":"81.00"},{"opp":"Bray Wanderers & Under 3.5","odds":"26.00"},{"opp":"Draw & Over 3.5","odds":"41.00"},{"opp":"Draw & Under  3.5","odds":"12.00"},{"opp":"Cork City & Over 3.5","odds":"1.83"},{"opp":"Cork City & Under 3.5","odds":"2.20"}],"total_goals_both_teams_to_score":[{"opp":"Over 2.5 & Yes","odds":"2.88"},{"opp":"Over 2.5 & No","odds":"2.20"},{"opp":"Under 2.5 & Yes","odds":"21.00"},{"opp":"Under 2.5 & No","odds":"3.50"}],"exact_total_goals":[{"opp":"0 Goals","odds":"21.00"},{"opp":"1 Goal","odds":"9.00"},{"opp":"2 Goals","odds":"5.00"},{"opp":"3 Goals","odds":"4.33"},{"opp":"4 Goals","odds":"4.50"},{"opp":"5 Goals","odds":"6.00"},{"opp":"6 Goals","odds":"9.50"},{"opp":"7+ Goals","odds":"10.00"}],"number_of_goals_in_match":[{"opp":"Under 2 goals","odds":"7.00"},{"opp":"2 or 3 goals","odds":"2.38"},{"opp":"Over 3 goals","odds":"1.83"}],"both_teams_to_score":[{"opp":"Yes","odds":"2.62"},{"opp":"No","odds":"1.44"}],"teams_to_score":[{"opp":"Both Teams","odds":"2.62"},{"opp":"Bray Wanderers Only","odds":"41.00"},{"opp":"No Goal","odds":"21.00"},{"opp":"Cork City Only","odds":"1.50"}],"both_teams_to_score_in_1st_half":[{"opp":"Yes","odds":"6.50"},{"opp":"No","odds":"1.11"}],"both_teams_to_score_in_2nd_half":[{"opp":"Yes","odds":"5.00"},{"opp":"No","odds":"1.17"}],"both_teams_to_score_1st_half_2nd_half":[{"opp":"Yes \/ Yes","odds":"29.00"},{"opp":"Yes \/ No","odds":"6.50"},{"opp":"No \/ Yes","odds":"5.50"},{"opp":"No \/ No","odds":"1.33"}],"first_half_goals":[{"goals":"0.5","odds":"1.18","header":"Over"},{"goals":"0.5","odds":"4.50","header":"Under"},{"goals":"1.5","odds":"1.83","header":"Over"},{"goals":"1.5","odds":"1.83","header":"Under"},{"goals":"2.5","odds":"3.75","header":"Over"},{"goals":"2.5","odds":"1.25","header":"Under"},{"goals":"3.5","odds":"10.00","header":"Over"},{"goals":"3.5","odds":"1.06","header":"Under"},{"goals":"4.5","odds":"23.00","header":"Over"},{"goals":"4.5","odds":"1.01","header":"Under"}],"exact_1st_half_goals":[{"opp":"0 Goals","odds":"4.50"},{"opp":"1 Goal","odds":"2.88"},{"opp":"2 Goals","odds":"3.40"},{"opp":"3 Goals","odds":"6.00"},{"opp":"4 Goals","odds":"15.00"},{"opp":"5+ Goals","odds":"23.00"}],"total_goal_minutes":[{"opp":"Over 190 minutes","odds":"2.20"},{"opp":"170 To 190 minutes inc.","odds":"8.50"},{"opp":"Under 170 minutes","odds":"1.83"}],"first_team_to_score":[{"opp":"Bray Wanderers","odds":"6.50"},{"opp":"No Goals","odds":"21.00"},{"opp":"Cork City","odds":"1.11"}],"early_goal":[{"opp":"Goal before 21:00","odds":"1.83"},{"opp":"No Goal before 21:00","odds":"1.83"}],"late_goal":[{"opp":"Goal after 78:59","odds":"1.83"},{"opp":"No Goal after 78:59","odds":"1.83"}],"time_of_first_goal_brackets":[{"opp":"1-10","odds":"3.25"},{"opp":"11-20","odds":"4.00"},{"opp":"21-30","odds":"5.50"},{"opp":"31-40","odds":"7.00"},{"opp":"41-50","odds":"9.00"},{"opp":"51-60","odds":"15.00"},{"opp":"61-70","odds":"21.00"},{"opp":"71-80","odds":"29.00"},{"opp":"81 - Full Time","odds":"34.00"},{"opp":"No Goal","odds":"21.00"}],"2nd_half_goals":[{"goals":"0.5","odds":"1.11","header":"Over"},{"goals":"0.5","odds":"6.50","header":"Under"},{"goals":"1.5","odds":"1.53","header":"Over"},{"goals":"1.5","odds":"2.38","header":"Under"},{"goals":"2.5","odds":"2.62","header":"Over"},{"goals":"2.5","odds":"1.44","header":"Under"},{"goals":"3.5","odds":"5.50","header":"Over"},{"goals":"3.5","odds":"1.14","header":"Under"},{"goals":"4.5","odds":"13.00","header":"Over"},{"goals":"4.5","odds":"1.04","header":"Under"}],"exact_2nd_half_goals":[{"opp":"0 Goals","odds":"6.50"},{"opp":"1 Goal","odds":"3.40"},{"opp":"2 Goals","odds":"3.40"},{"opp":"3 Goals","odds":"4.75"},{"opp":"4 Goals","odds":"9.00"},{"opp":"5+ Goals","odds":"13.00"}],"half_with_most_goals":[{"opp":"1st Half","odds":"2.88"},{"opp":"2nd Half","odds":"1.95"},{"opp":"Tie","odds":"4.33"}],"home_team_highest_scoring_half":[{"opp":"Bray Wanderers - 1st Half","odds":"5.50"},{"opp":"Bray Wanderers - 2nd Half","odds":"4.75"},{"opp":"Bray Wanderers - Tie","odds":"1.36"}],"away_team_highest_scoring_half":[{"opp":"Cork City - 1st Half","odds":"2.88"},{"opp":"Cork City - 2nd Half","odds":"1.95"},{"opp":"Cork City - Tie","odds":"3.75"}],"home_team_exact_goals":[{"opp":"Bray Wanderers - 0 Goals","odds":"1.44"},{"opp":"Bray Wanderers - 1 Goal","odds":"3.00"},{"opp":"Bray Wanderers - 2 Goals","odds":"12.00"},{"opp":"Bray Wanderers - 3+ Goals","odds":"41.00"}],"away_team_exact_goals":[{"opp":"Cork City - 0 Goals","odds":"19.00"},{"opp":"Cork City - 1 Goal","odds":"6.50"},{"opp":"Cork City - 2 Goals","odds":"4.00"},{"opp":"Cork City - 3+ Goals","odds":"1.50"}],"time_of_1st_team_goal":[{"opp":"Bray Wanderers - Goal before 79:00","odds":"3.25"},{"opp":"Bray Wanderers - No Goal before 79:00","odds":"1.33"},{"opp":"Cork City - Goal before 24:00","odds":"1.83"},{"opp":"Cork City - No Goal before 24:00","odds":"1.83"}],"goals_odd_even":[{"opp":"Even","odds":"1.90"},{"opp":"Odd","odds":"1.95"}],"home_team_odd_even_goals":[{"opp":"Bray Wanderers - Even","odds":"1.33"},{"opp":"Bray Wanderers - Odd","odds":"3.25"}],"away_team_odd_even_goals":[{"opp":"Cork City - Even","odds":"1.83"},{"opp":"Cork City - Odd","odds":"1.83"}],"1st_half_goals_odd_even":[{"opp":"Odd","odds":"2.00"},{"opp":"Even","odds":"1.80"}],"last_team_to_score":[{"opp":"Bray Wanderers","odds":"6.50"},{"opp":"No Goal","odds":"21.00"},{"opp":"Cork City","odds":"1.11"}],"first_10_minutes_(00:00_09:59)":[{"name":"Goals","handicap":"0.5","odds":"3.40","header":"Over"},{"name":"Goals","handicap":"0.5","odds":"1.30","header":"Under"}]}},"half":{"updated_at":"1532570560","sp":{"half_time_result":[{"opp":"1","odds":"17.00"},{"opp":"X","odds":"3.50"},{"opp":"2","odds":"1.36"}],"half_time_double_chance":[{"opp":"1X","odds":"3.00"},{"opp":"X2","odds":"1.02"},{"opp":"12","odds":"1.29"}],"half_time_result_both_teams_to_score":[{"opp":"Bray Wanderers & Yes","odds":"67.00"},{"opp":"Bray Wanderers & No","odds":"17.00"},{"opp":"Draw & Yes","odds":"13.00"},{"opp":"Draw & No","odds":"4.33"},{"opp":"Cork City & Yes","odds":"11.00"},{"opp":"Cork City & No","odds":"1.50"}],"half_time_result_total_goals":[{"opp":"Bray Wanderers & Over 1.5","odds":"51.00"},{"opp":"Bray Wanderers & Under 1.5","odds":"19.00"},{"opp":"Draw & Over 1.5","odds":"13.00"},{"opp":"Draw & Under 1.5","odds":"4.50"},{"opp":"Cork City & Over 1.5","odds":"2.20"},{"opp":"Cork City & Under 1.5","odds":"3.10"}],"half_time_correct_score":[{"opp":"1-0","odds":"19.00","header":"Home"},{"opp":"0-0","odds":"4.50","header":"X"},{"opp":"1-0","odds":"3.10","header":"Away"},{"opp":"2-0","odds":"101.00","header":"Home"},{"opp":"1-1","odds":"15.00","header":"X"},{"opp":"2-0","odds":"4.33","header":"Away"},{"opp":"2-1","odds":"81.00","header":"Home"},{"opp":"2-2","odds":"101.00","header":"X"},{"opp":"2-1","odds":"19.00","header":"Away"},{"opp":"3-0","odds":"8.00","header":"Away"},{"opp":"3-1","odds":"34.00","header":"Away"},{"opp":"3-2","odds":"151.00","header":"Away"},{"opp":"4-0","odds":"21.00","header":"Away"},{"opp":"4-1","odds":"67.00","header":"Away"},{"opp":"4-2","odds":"451.00","header":"Away"},{"opp":"5-0","odds":"51.00","header":"Away"},{"opp":"6-0","odds":"126.00","header":"Away"},{"opp":"5-1","odds":"151.00","header":"Away"}],"both_teams_to_score_in_1st_half":[{"opp":"Yes","odds":"6.50"},{"opp":"No","odds":"1.11"}],"both_teams_to_score_in_2nd_half":[{"opp":"Yes","odds":"5.00"},{"opp":"No","odds":"1.17"}],"both_teams_to_score_1st_half_2nd_half":[{"opp":"Yes \/ Yes","odds":"29.00"},{"opp":"Yes \/ No","odds":"6.50"},{"opp":"No \/ Yes","odds":"5.50"},{"opp":"No \/ No","odds":"1.33"}],"1st_half_asian_handicap":[{"opp":"+1.0, +1.5","odds":"1.725","header":"Home"},{"opp":"-1.0, -1.5","odds":"2.075","header":"Away"}],"1st_half_goal_line":[{"goals":"1.5","odds":"1.950","header":"Over"},{"goals":"1.5","odds":"1.850","header":"Under"}],"alternative_1st_half_asian_handicap":[{"opp":"0.0, +0.5","odds":"4.400","header":"Home"},{"opp":"0.0, -0.5","odds":"1.200","header":"Away"},{"opp":"+0.5","odds":"3.000","header":"Home"},{"opp":"-0.5","odds":"1.375","header":"Away"},{"opp":"+0.5, +1.0","odds":"2.600","header":"Home"},{"opp":"-0.5, -1.0","odds":"1.475","header":"Away"},{"opp":"+1.0","odds":"2.100","header":"Home"},{"opp":"-1.0","odds":"1.700","header":"Away"},{"opp":"+1.5","odds":"1.525","header":"Home"},{"opp":"-1.5","odds":"2.425","header":"Away"},{"opp":"+1.5, +2.0","odds":"1.375","header":"Home"},{"opp":"-1.5, -2.0","odds":"3.000","header":"Away"},{"opp":"+2.0","odds":"1.210","header":"Home"},{"opp":"-2.0","odds":"4.250","header":"Away"},{"opp":"+2.0, +2.5","odds":"1.170","header":"Home"},{"opp":"-2.0, -2.5","odds":"5.000","header":"Away"},{"opp":"+2.5","odds":"1.150","header":"Home"},{"opp":"-2.5","odds":"5.500","header":"Away"}],"alternative_1st_half_goal_line":[{"goals":"0.5, 1.0","odds":"1.250","header":"Over"},{"goals":"0.5, 1.0","odds":"3.800","header":"Under"},{"goals":"1.0","odds":"1.325","header":"Over"},{"goals":"1.0","odds":"3.300","header":"Under"},{"goals":"1.0, 1.5","odds":"1.625","header":"Over"},{"goals":"1.0, 1.5","odds":"2.250","header":"Under"},{"goals":"1.5, 2.0","odds":"2.250","header":"Over"},{"goals":"1.5, 2.0","odds":"1.625","header":"Under"},{"goals":"2.0","odds":"3.000","header":"Over"},{"goals":"2.0","odds":"1.375","header":"Under"},{"goals":"2.0, 2.5","odds":"3.450","header":"Over"},{"goals":"2.0, 2.5","odds":"1.300","header":"Under"},{"goals":"2.5","odds":"3.800","header":"Over"},{"goals":"2.5","odds":"1.250","header":"Under"},{"goals":"2.5, 3.0","odds":"5.250","header":"Over"},{"goals":"2.5, 3.0","odds":"1.160","header":"Under"}],"1st_half_handicap":[{"opp":"Bray Wanderers  +1.0","odds":"3.00"},{"opp":"Tie - Cork City -1.0","odds":"2.75"},{"opp":"Cork City  -1.0","odds":"2.38"}],"alternative_1st_half_handicap_result":[{"opp":"-1.0","odds":"41.00","header":"Home"},{"opp":"+1.0","odds":"15.00","header":"Tie"},{"opp":"+1.0","odds":"1.02","header":"Away"},{"opp":"+2.0","odds":"1.50","header":"Home"},{"opp":"-2.0","odds":"3.75","header":"Tie"},{"opp":"-2.0","odds":"5.50","header":"Away"}],"first_half_goals":[{"goals":"0.5","odds":"1.18","header":"Over"},{"goals":"0.5","odds":"4.50","header":"Under"},{"goals":"1.5","odds":"1.83","header":"Over"},{"goals":"1.5","odds":"1.83","header":"Under"},{"goals":"2.5","odds":"3.75","header":"Over"},{"goals":"2.5","odds":"1.25","header":"Under"},{"goals":"3.5","odds":"10.00","header":"Over"},{"goals":"3.5","odds":"1.06","header":"Under"},{"goals":"4.5","odds":"23.00","header":"Over"},{"goals":"4.5","odds":"1.01","header":"Under"}],"exact_1st_half_goals":[{"opp":"0 Goals","odds":"4.50"},{"opp":"1 Goal","odds":"2.88"},{"opp":"2 Goals","odds":"3.40"},{"opp":"3 Goals","odds":"6.00"},{"opp":"4 Goals","odds":"15.00"},{"opp":"5+ Goals","odds":"23.00"}],"1st_half_goals_odd_even":[{"opp":"Odd","odds":"2.00"},{"opp":"Even","odds":"1.80"}],"to_score_in_half":[{"name":"1st Half","odds":"5.00","header":"Yes"},{"name":"1st Half","odds":"1.17","header":"No"},{"name":"2nd Half","odds":"4.33","header":"Yes"},{"name":"2nd Half","odds":"1.20","header":"No"},{"name":"1st Half","odds":"1.25","header":"Yes"},{"name":"1st Half","odds":"3.75","header":"No"},{"name":"2nd Half","odds":"1.14","header":"Yes"},{"name":"2nd Half","odds":"5.50","header":"No"}],"half_with_most_goals":[{"opp":"1st Half","odds":"2.88"},{"opp":"2nd Half","odds":"1.95"},{"opp":"Tie","odds":"4.33"}],"home_team_highest_scoring_half":[{"opp":"Bray Wanderers - 1st Half","odds":"5.50"},{"opp":"Bray Wanderers - 2nd Half","odds":"4.75"},{"opp":"Bray Wanderers - Tie","odds":"1.36"}],"away_team_highest_scoring_half":[{"opp":"Cork City - 1st Half","odds":"2.88"},{"opp":"Cork City - 2nd Half","odds":"1.95"},{"opp":"Cork City - Tie","odds":"3.75"}],"2nd_half_result":[{"opp":"1","odds":"17.00"},{"opp":"X","odds":"4.50"},{"opp":"2","odds":"1.20"}],"2nd_half_goals":[{"goals":"0.5","odds":"1.11","header":"Over"},{"goals":"0.5","odds":"6.50","header":"Under"},{"goals":"1.5","odds":"1.53","header":"Over"},{"goals":"1.5","odds":"2.38","header":"Under"},{"goals":"2.5","odds":"2.62","header":"Over"},{"goals":"2.5","odds":"1.44","header":"Under"},{"goals":"3.5","odds":"5.50","header":"Over"},{"goals":"3.5","odds":"1.14","header":"Under"},{"goals":"4.5","odds":"13.00","header":"Over"},{"goals":"4.5","odds":"1.04","header":"Under"}],"exact_2nd_half_goals":[{"opp":"0 Goals","odds":"6.50"},{"opp":"1 Goal","odds":"3.40"},{"opp":"2 Goals","odds":"3.40"},{"opp":"3 Goals","odds":"4.75"},{"opp":"4 Goals","odds":"9.00"},{"opp":"5+ Goals","odds":"13.00"}],"2nd_half_goals_odd_even":[{"opp":"Even","odds":"1.83"},{"opp":"Odd","odds":"1.83"}]}},"main":{"updated_at":"1532570240","sp":{"full_time_result":[{"opp":"1","odds":"23.00"},{"opp":"X","odds":"11.00"},{"opp":"2","odds":"1.07"}],"double_chance":[{"opp":"1X","odds":"10.00"},{"opp":"X2","odds":"1.01"},{"opp":"12","odds":"1.06"}],"correct_score":[{"opp":"1-0","odds":"41.00","header":"Home"},{"opp":"0-0","odds":"21.00","header":"X"},{"opp":"1-0","odds":"10.00","header":"Away"},{"opp":"2-0","odds":"126.00","header":"Home"},{"opp":"1-1","odds":"21.00","header":"X"},{"opp":"2-0","odds":"6.50","header":"Away"},{"opp":"2-1","odds":"51.00","header":"Home"},{"opp":"2-2","odds":"41.00","header":"X"},{"opp":"2-1","odds":"13.00","header":"Away"},{"opp":"3-1","odds":"251.00","header":"Home"},{"opp":"3-3","odds":"151.00","header":"X"},{"opp":"3-0","odds":"6.00","header":"Away"},{"opp":"3-2","odds":"151.00","header":"Home"},{"opp":"3-1","odds":"13.00","header":"Away"},{"opp":"3-2","odds":"41.00","header":"Away"},{"opp":"4-0","odds":"7.00","header":"Away"},{"opp":"4-1","odds":"15.00","header":"Away"},{"opp":"4-2","odds":"51.00","header":"Away"},{"opp":"4-3","odds":"201.00","header":"Away"},{"opp":"5-0","odds":"10.00","header":"Away"},{"opp":"5-1","odds":"21.00","header":"Away"},{"opp":"5-2","odds":"51.00","header":"Away"},{"opp":"5-3","odds":"301.00","header":"Away"},{"opp":"6-1","odds":"34.00","header":"Away"},{"opp":"6-0","odds":"19.00","header":"Away"},{"opp":"6-2","odds":"101.00","header":"Away"},{"opp":"6-3","odds":"501.00","header":"Away"},{"opp":"7-0","odds":"34.00","header":"Away"},{"opp":"7-1","odds":"51.00","header":"Away"},{"opp":"8-0","odds":"51.00","header":"Away"},{"opp":"8-1","odds":"101.00","header":"Away"},{"opp":"9-0","odds":"126.00","header":"Away"},{"opp":"9-1","odds":"251.00","header":"Away"},{"opp":"7-2","odds":"151.00","header":"Away"},{"opp":"8-2","odds":"401.00","header":"Away"},{"opp":"10-0","odds":"351.00","header":"Away"}],"half_time_full_time":[{"opp":"Bray Wanderers - Bray Wanderers","odds":"41.00"},{"opp":"Bray Wanderers - Draw","odds":"41.00"},{"opp":"Bray Wanderers - Cork City","odds":"23.00"},{"opp":"Draw - Bray Wanderers","odds":"34.00"},{"opp":"Draw - Draw","odds":"13.00"},{"opp":"Draw - Cork City","odds":"4.00"},{"opp":"Cork City - Bray Wanderers","odds":"101.00"},{"opp":"Cork City - Draw","odds":"34.00"},{"opp":"Cork City - Cork City","odds":"1.36"}],"goals_over_under":[{"goals":"2.5","odds":"1.33","header":"Over"},{"goals":"2.5","odds":"3.40","header":"Under"}],"both_teams_to_score":[{"opp":"Yes","odds":"2.62"},{"opp":"No","odds":"1.44"}],"asian_handicap":[{"opp":"+2.5","odds":"2.100","header":"Home"},{"opp":"-2.5","odds":"1.775","header":"Away"}],"goal_line":[{"goals":"3.5","odds":"1.900","header":"Over"},{"goals":"3.5","odds":"1.950","header":"Under"}],"alternative_asian_handicap":[{"opp":"+1.0","odds":"6.800","header":"Home"},{"opp":"-1.0","odds":"1.105","header":"Away"},{"opp":"+1.0, +1.5","odds":"4.400","header":"Home"},{"opp":"-1.0, -1.5","odds":"1.200","header":"Away"},{"opp":"+1.5","odds":"3.450","header":"Home"},{"opp":"-1.5","odds":"1.300","header":"Away"},{"opp":"+1.5, +2.0","odds":"3.100","header":"Home"},{"opp":"-1.5, -2.0","odds":"1.350","header":"Away"},{"opp":"+2.0","odds":"2.850","header":"Home"},{"opp":"-2.0","odds":"1.400","header":"Away"},{"opp":"+2.0, +2.5","odds":"2.350","header":"Home"},{"opp":"-2.0, -2.5","odds":"1.575","header":"Away"},{"opp":"+2.5, +3.0","odds":"1.850","header":"Home"},{"opp":"-2.5, -3.0","odds":"1.950","header":"Away"},{"opp":"+3.0","odds":"1.650","header":"Home"},{"opp":"-3.0","odds":"2.200","header":"Away"},{"opp":"+3.0, +3.5","odds":"1.525","header":"Home"},{"opp":"-3.0, -3.5","odds":"2.425","header":"Away"},{"opp":"+3.5","odds":"1.450","header":"Home"},{"opp":"-3.5","odds":"2.675","header":"Away"},{"opp":"+3.5, +4.0","odds":"1.325","header":"Home"},{"opp":"-3.5, -4.0","odds":"3.300","header":"Away"},{"opp":"+4.0","odds":"1.230","header":"Home"},{"opp":"-4.0","odds":"4.000","header":"Away"},{"opp":"+4.0, +4.5","odds":"1.200","header":"Home"},{"opp":"-4.0, -4.5","odds":"4.400","header":"Away"},{"opp":"+4.5","odds":"1.180","header":"Home"},{"opp":"-4.5","odds":"4.650","header":"Away"}],"alternative_goal_line":[{"goals":"1.5","odds":"1.100","header":"Over"},{"goals":"1.5","odds":"7.000","header":"Under"},{"goals":"1.5, 2.0","odds":"1.110","header":"Over"},{"goals":"1.5, 2.0","odds":"6.600","header":"Under"},{"goals":"2.0","odds":"1.130","header":"Over"},{"goals":"2.0","odds":"5.900","header":"Under"},{"goals":"2.0, 2.5","odds":"1.230","header":"Over"},{"goals":"2.0, 2.5","odds":"4.000","header":"Under"},{"goals":"2.5","odds":"1.350","header":"Over"},{"goals":"2.5","odds":"3.100","header":"Under"},{"goals":"2.5, 3.0","odds":"1.400","header":"Over"},{"goals":"2.5, 3.0","odds":"2.850","header":"Under"},{"goals":"3.0","odds":"1.500","header":"Over"},{"goals":"3.0","odds":"2.500","header":"Under"},{"goals":"3.0, 3.5","odds":"1.675","header":"Over"},{"goals":"3.0, 3.5","odds":"2.150","header":"Under"},{"goals":"3.5, 4.0","odds":"2.075","header":"Over"},{"goals":"3.5, 4.0","odds":"1.725","header":"Under"},{"goals":"4.0","odds":"2.375","header":"Over"},{"goals":"4.0","odds":"1.550","header":"Under"},{"goals":"4.0, 4.5","odds":"2.675","header":"Over"},{"goals":"4.0, 4.5","odds":"1.450","header":"Under"},{"goals":"4.5","odds":"2.850","header":"Over"},{"goals":"4.5","odds":"1.400","header":"Under"},{"goals":"4.5, 5.0","odds":"3.450","header":"Over"},{"goals":"4.5, 5.0","odds":"1.300","header":"Under"},{"goals":"5.0","odds":"4.400","header":"Over"},{"goals":"5.0","odds":"1.200","header":"Under"},{"goals":"5.0, 5.5","odds":"4.650","header":"Over"},{"goals":"5.0, 5.5","odds":"1.180","header":"Under"},{"goals":"5.5","odds":"5.250","header":"Over"},{"goals":"5.5","odds":"1.160","header":"Under"}],"draw_no_bet":[{"opp":"Bray Wanderers","odds":"21.00"},{"opp":"Cork City","odds":"1.02"}],"result_both_teams_to_score":[{"name":"Bray Wanderers","odds":"41.00","header":"Yes"},{"name":"Bray Wanderers","odds":"34.00","header":"No"},{"name":"Cork City","odds":"3.00","header":"Yes"},{"name":"Cork City","odds":"1.50","header":"No"},{"name":"Draw","odds":"15.00","header":"Yes"},{"name":"Draw","odds":"21.00","header":"No"}],"handicap_result":[{"opp":"Bray Wanderers (+3)","odds":"2.00"},{"opp":"Tie - (Cork City -3)","odds":"4.33"},{"opp":"Cork City (-3)","odds":"2.62"}],"alternative_handicap_result":[{"opp":"+1.0","odds":"10.00","header":"Home"},{"opp":"-1.0","odds":"5.50","header":"Tie"},{"opp":"-1.0","odds":"1.25","header":"Away"},{"opp":"+2.0","odds":"3.40","header":"Home"},{"opp":"-2.0","odds":"4.33","header":"Tie"},{"opp":"-2.0","odds":"1.73","header":"Away"},{"opp":"+4.0","odds":"1.40","header":"Home"},{"opp":"-4.0","odds":"5.50","header":"Tie"},{"opp":"-4.0","odds":"4.50","header":"Away"},{"opp":"+5.0","odds":"1.14","header":"Home"},{"opp":"-5.0","odds":"8.00","header":"Tie"},{"opp":"-5.0","odds":"8.50","header":"Away"}],"winning_margin":[{"goals":" 1","odds":"29.00","header":"Home"},{"goals":" 1","odds":"5.50","header":"Away"},{"goals":" 2","odds":"81.00","header":"Home"},{"goals":" 2","odds":"4.33","header":"Away"},{"goals":" 3","odds":"501.00","header":"Home"},{"goals":" 3","odds":"4.33","header":"Away"},{"goals":" 4+","odds":"501.00","header":"Home"},{"goals":" 4+","odds":"2.62","header":"Away"},{"goals":"Score Draw","odds":"15.00","header":"Home"},{"goals":"No Goal","odds":"21.00","header":"Home"}]}},"schedule":{"updated_at":"1532571121","sp":{"main":[{"odds":"1.900"},{"odds":"1.950"}]}},"specials":{"updated_at":"1532570773","sp":{"specials":[{"name":"To Win From Behind","odds":"67.00","header":"Home"},{"name":"To Win From Behind","odds":"8.00","header":"Away"},{"name":"To Win to Nil","odds":"34.00","header":"Home"},{"name":"To Win to Nil","odds":"1.50","header":"Away"},{"name":"To Win Either Half","odds":"10.00","header":"Home"},{"name":"To Win Either Half","odds":"1.04","header":"Away"},{"name":"To Win Both Halves","odds":"101.00","header":"Home"},{"name":"To Win Both Halves","odds":"1.67","header":"Away"},{"name":"To Score in Both Halves","odds":"23.00","header":"Home"},{"name":"To Score in Both Halves","odds":"1.44","header":"Away"}],"to_score_in_half":[{"name":"1st Half","odds":"5.00","header":"Yes"},{"name":"1st Half","odds":"1.17","header":"No"},{"name":"2nd Half","odds":"4.33","header":"Yes"},{"name":"2nd Half","odds":"1.20","header":"No"},{"name":"1st Half","odds":"1.25","header":"Yes"},{"name":"1st Half","odds":"3.75","header":"No"},{"name":"2nd Half","odds":"1.14","header":"Yes"},{"name":"2nd Half","odds":"5.50","header":"No"}]}}}]}}