{"odd":{"success":1,"results":[{"FI":"75221406","event_id":"795914","asian_lines":{"updated_at":"1532569656","sp":{"asian_handicap":[{"opp":"0.0","odds":"1.875","header":"Home"},{"opp":"0.0","odds":"1.975","header":"Away"}],"goal_line":[{"goals":"2.0, 2.5","odds":"1.900","header":"Over"},{"goals":"2.0, 2.5","odds":"1.950","header":"Under"}],"alternative_asian_handicap":[{"opp":"-1.5","odds":"5.500","header":"Home"},{"opp":"+1.5","odds":"1.150","header":"Away"},{"opp":"-1.0, -1.5","odds":"4.800","header":"Home"},{"opp":"+1.0, +1.5","odds":"1.175","header":"Away"},{"opp":"-1.0","odds":"4.250","header":"Home"},{"opp":"+1.0","odds":"1.210","header":"Away"},{"opp":"-0.5, -1.0","odds":"3.100","header":"Home"},{"opp":"+0.5, +1.0","odds":"1.350","header":"Away"},{"opp":"-0.5","odds":"2.500","header":"Home"},{"opp":"+0.5","odds":"1.500","header":"Away"},{"opp":"0.0, -0.5","odds":"2.200","header":"Home"},{"opp":"0.0, +0.5","odds":"1.650","header":"Away"},{"opp":"0.0, +0.5","odds":"1.600","header":"Home"},{"opp":"0.0, -0.5","odds":"2.300","header":"Away"},{"opp":"+0.5","odds":"1.475","header":"Home"},{"opp":"-0.5","odds":"2.600","header":"Away"},{"opp":"+0.5, +1.0","odds":"1.325","header":"Home"},{"opp":"-0.5, -1.0","odds":"3.300","header":"Away"},{"opp":"+1.0","odds":"1.190","header":"Home"},{"opp":"-1.0","odds":"4.500","header":"Away"},{"opp":"+1.0, +1.5","odds":"1.160","header":"Home"},{"opp":"-1.0, -1.5","odds":"5.250","header":"Away"},{"opp":"+1.5","odds":"1.140","header":"Home"},{"opp":"-1.5","odds":"5.750","header":"Away"}],"alternative_goal_line":[{"goals":"1.0","odds":"1.100","header":"Over"},{"goals":"1.0","odds":"7.000","header":"Under"},{"goals":"1.0, 1.5","odds":"1.230","header":"Over"},{"goals":"1.0, 1.5","odds":"4.000","header":"Under"},{"goals":"1.5","odds":"1.375","header":"Over"},{"goals":"1.5","odds":"3.000","header":"Under"},{"goals":"1.5, 2.0","odds":"1.450","header":"Over"},{"goals":"1.5, 2.0","odds":"2.675","header":"Under"},{"goals":"2.0","odds":"1.600","header":"Over"},{"goals":"2.0","odds":"2.300","header":"Under"},{"goals":"2.5","odds":"2.100","header":"Over"},{"goals":"2.5","odds":"1.700","header":"Under"},{"goals":"2.5, 3.0","odds":"2.425","header":"Over"},{"goals":"2.5, 3.0","odds":"1.525","header":"Under"},{"goals":"3.0","odds":"3.100","header":"Over"},{"goals":"3.0","odds":"1.350","header":"Under"},{"goals":"3.0, 3.5","odds":"3.450","header":"Over"},{"goals":"3.0, 3.5","odds":"1.300","header":"Under"},{"goals":"3.5","odds":"3.800","header":"Over"},{"goals":"3.5","odds":"1.250","header":"Under"},{"goals":"3.5, 4.0","odds":"4.800","header":"Over"},{"goals":"3.5, 4.0","odds":"1.175","header":"Under"},{"goals":"4.0","odds":"7.000","header":"Over"},{"goals":"4.0","odds":"1.100","header":"Under"}],"1st_half_asian_handicap":[{"opp":"0.0","odds":"1.850","header":"Home"},{"opp":"0.0","odds":"1.950","header":"Away"}],"1st_half_goal_line":[{"goals":"1.0","odds":"2.075","header":"Over"},{"goals":"1.0","odds":"1.725","header":"Under"}],"alternative_1st_half_asian_handicap":[{"opp":"-0.5, -1.0","odds":"4.500","header":"Home"},{"opp":"+0.5, +1.0","odds":"1.190","header":"Away"},{"opp":"-0.5","odds":"3.300","header":"Home"},{"opp":"+0.5","odds":"1.325","header":"Away"},{"opp":"0.0, -0.5","odds":"2.500","header":"Home"},{"opp":"0.0, +0.5","odds":"1.500","header":"Away"},{"opp":"0.0, +0.5","odds":"1.450","header":"Home"},{"opp":"0.0, -0.5","odds":"2.675","header":"Away"},{"opp":"+0.5","odds":"1.300","header":"Home"},{"opp":"-0.5","odds":"3.450","header":"Away"},{"opp":"+0.5, +1.0","odds":"1.180","header":"Home"},{"opp":"-0.5, -1.0","odds":"4.650","header":"Away"}],"alternative_1st_half_goal_line":[{"goals":"0.5, 1.0","odds":"1.650","header":"Over"},{"goals":"0.5, 1.0","odds":"2.200","header":"Under"},{"goals":"1.0, 1.5","odds":"2.600","header":"Over"},{"goals":"1.0, 1.5","odds":"1.475","header":"Under"},{"goals":"1.5","odds":"3.100","header":"Over"},{"goals":"1.5","odds":"1.350","header":"Under"},{"goals":"1.5, 2.0","odds":"4.150","header":"Over"},{"goals":"1.5, 2.0","odds":"1.220","header":"Under"}],"asian_total_corners":[{"goals":"10.0","odds":"2.000","header":"Over"},{"goals":"10.0","odds":"1.800","header":"Under"}],"1st_half_asian_corners":[{"goals":"4.5","odds":"1.825","header":"Over"},{"goals":"4.5","odds":"1.975","header":"Under"}]}},"corners":{"updated_at":"1532569685","sp":{"corners":[{"opp":"Over 10","odds":"2.20"},{"opp":"Exactly 10","odds":"7.50"},{"opp":"Under 10","odds":"2.00"}],"total_corners":[{"opp":"Under 6","odds":"11.00"},{"opp":"6 - 8","odds":"3.40"},{"opp":"9 - 11","odds":"2.60"},{"opp":"12 - 14","odds":"4.00"},{"opp":"Over 14","odds":"9.00"}],"alternative_corners":[{"goals":"4","odds":"1.02","header":"Over"},{"goals":"4","odds":"21.00","header":"Exactly"},{"goals":"4","odds":"29.00","header":"Under"},{"goals":"5","odds":"1.05","header":"Over"},{"goals":"5","odds":"15.00","header":"Exactly"},{"goals":"5","odds":"17.00","header":"Under"},{"goals":"6","odds":"1.11","header":"Over"},{"goals":"6","odds":"12.00","header":"Exactly"},{"goals":"6","odds":"10.00","header":"Under"},{"goals":"7","odds":"1.25","header":"Over"},{"goals":"7","odds":"9.00","header":"Exactly"},{"goals":"7","odds":"6.00","header":"Under"},{"goals":"8","odds":"1.44","header":"Over"},{"goals":"8","odds":"8.00","header":"Exactly"},{"goals":"8","odds":"3.75","header":"Under"},{"goals":"9","odds":"1.73","header":"Over"},{"goals":"9","odds":"7.50","header":"Exactly"},{"goals":"9","odds":"2.62","header":"Under"},{"goals":"11","odds":"2.88","header":"Over"},{"goals":"11","odds":"8.00","header":"Exactly"},{"goals":"11","odds":"1.62","header":"Under"},{"goals":"12","odds":"4.00","header":"Over"},{"goals":"12","odds":"9.50","header":"Exactly"},{"goals":"12","odds":"1.36","header":"Under"},{"goals":"13","odds":"6.00","header":"Over"},{"goals":"13","odds":"11.00","header":"Exactly"},{"goals":"13","odds":"1.22","header":"Under"},{"goals":"14","odds":"8.50","header":"Over"},{"goals":"14","odds":"13.00","header":"Exactly"},{"goals":"14","odds":"1.12","header":"Under"},{"goals":"15","odds":"13.00","header":"Over"},{"goals":"15","odds":"17.00","header":"Exactly"},{"goals":"15","odds":"1.06","header":"Under"},{"goals":"16","odds":"17.00","header":"Over"},{"goals":"16","odds":"21.00","header":"Exactly"},{"goals":"16","odds":"1.04","header":"Under"},{"goals":"17","odds":"23.00","header":"Over"},{"goals":"17","odds":"29.00","header":"Exactly"},{"goals":"17","odds":"1.02","header":"Under"},{"goals":"18","odds":"34.00","header":"Over"},{"goals":"18","odds":"34.00","header":"Exactly"},{"goals":"18","odds":"1.01","header":"Under"}],"corners_2_way":[{"opp":"Over 9.5","odds":"1.73"},{"opp":"Under 9.5","odds":"2.00"}],"first_half_corners":[{"opp":"5","odds":"2.62","header":"Over"},{"opp":"5","odds":"5.50","header":"Exactly"},{"opp":"5","odds":"1.95","header":"Under"}],"asian_total_corners":[{"goals":"10.0","odds":"2.000","header":"Over"},{"goals":"10.0","odds":"1.800","header":"Under"}],"1st_half_asian_corners":[{"goals":"4.5","odds":"1.825","header":"Over"},{"goals":"4.5","odds":"1.975","header":"Under"}]}},"goals":{"updated_at":"1532569697","sp":{"goals_over_under":[{"goals":"2.5","odds":"2.10","header":"Over"},{"goals":"2.5","odds":"1.70","header":"Under"}],"alternative_total_goals":[{"goals":"0.5","odds":"1.07","header":"Over "},{"goals":"0.5","odds":"9.00","header":"Under"},{"goals":"1.5","odds":"1.33","header":"Over "},{"goals":"1.5","odds":"3.25","header":"Under"},{"goals":"3.5","odds":"3.75","header":"Over "},{"goals":"3.5","odds":"1.25","header":"Under"},{"goals":"4.5","odds":"8.00","header":"Over "},{"goals":"4.5","odds":"1.08","header":"Under"},{"goals":"5.5","odds":"17.00","header":"Over "},{"goals":"5.5","odds":"1.02","header":"Under"}],"result_total_goals":[{"opp":"St Polten & Over 2.5","odds":"4.50"},{"opp":"St Polten & Under 2.5","odds":"5.50"},{"opp":"Draw & Over 2.5","odds":"13.00"},{"opp":"Draw & Under  2.5","odds":"4.00"},{"opp":"Wolfsberger AC & Over 2.5","odds":"4.50"},{"opp":"Wolfsberger AC & Under 2.5","odds":"5.50"}],"total_goals_both_teams_to_score":[{"opp":"Over 2.5 & Yes","odds":"2.38"},{"opp":"Over 2.5 & No","odds":"11.00"},{"opp":"Under 2.5 & Yes","odds":"6.00"},{"opp":"Under 2.5 & No","odds":"2.20"}],"exact_total_goals":[{"opp":"0 Goals","odds":"9.00"},{"opp":"1 Goal","odds":"4.33"},{"opp":"2 Goals","odds":"3.50"},{"opp":"3 Goals","odds":"4.33"},{"opp":"4 Goals","odds":"6.50"},{"opp":"5 Goals","odds":"13.00"},{"opp":"6 Goals","odds":"26.00"},{"opp":"7+ Goals","odds":"34.00"}],"number_of_goals_in_match":[{"opp":"Under 2 goals","odds":"3.25"},{"opp":"2 or 3 goals","odds":"1.95"},{"opp":"Over 3 goals","odds":"3.75"}],"both_teams_to_score":[{"opp":"Yes","odds":"1.80"},{"opp":"No","odds":"1.95"}],"teams_to_score":[{"opp":"Both Teams","odds":"1.80"},{"opp":"St Polten Only","odds":"4.33"},{"opp":"No Goal","odds":"9.00"},{"opp":"Wolfsberger AC Only","odds":"4.33"}],"both_teams_to_score_in_1st_half":[{"opp":"Yes","odds":"5.00"},{"opp":"No","odds":"1.17"}],"both_teams_to_score_in_2nd_half":[{"opp":"Yes","odds":"3.50"},{"opp":"No","odds":"1.29"}],"both_teams_to_score_1st_half_2nd_half":[{"opp":"Yes \/ Yes","odds":"17.00"},{"opp":"Yes \/ No","odds":"6.50"},{"opp":"No \/ Yes","odds":"4.00"},{"opp":"No \/ No","odds":"1.53"}],"first_half_goals":[{"goals":"0.5","odds":"1.44","header":"Over"},{"goals":"0.5","odds":"2.62","header":"Under"},{"goals":"1.5","odds":"3.25","header":"Over"},{"goals":"1.5","odds":"1.33","header":"Under"},{"goals":"2.5","odds":"9.00","header":"Over"},{"goals":"2.5","odds":"1.07","header":"Under"},{"goals":"3.5","odds":"26.00","header":"Over"},{"goals":"3.5","odds":"1.01","header":"Under"}],"exact_1st_half_goals":[{"opp":"0 Goals","odds":"2.62"},{"opp":"1 Goal","odds":"2.50"},{"opp":"2 Goals","odds":"4.33"},{"opp":"3 Goals","odds":"12.00"},{"opp":"4 Goals","odds":"34.00"},{"opp":"5+ Goals","odds":"81.00"}],"total_goal_minutes":[{"opp":"Over 135 minutes","odds":"2.20"},{"opp":"115 To 135 minutes inc.","odds":"8.50"},{"opp":"Under 115 minutes","odds":"1.83"}],"first_team_to_score":[{"opp":"St Polten","odds":"1.91"},{"opp":"No Goals","odds":"9.00"},{"opp":"Wolfsberger AC","odds":"2.10"}],"early_goal":[{"opp":"Goal before 31:00","odds":"1.83"},{"opp":"No Goal before 31:00","odds":"1.83"}],"late_goal":[{"opp":"Goal after 71:59","odds":"1.83"},{"opp":"No Goal after 71:59","odds":"1.83"}],"time_of_first_goal_brackets":[{"opp":"1-10","odds":"4.75"},{"opp":"11-20","odds":"5.00"},{"opp":"21-30","odds":"6.00"},{"opp":"31-40","odds":"7.00"},{"opp":"41-50","odds":"8.00"},{"opp":"51-60","odds":"12.00"},{"opp":"61-70","odds":"15.00"},{"opp":"71-80","odds":"19.00"},{"opp":"81 - Full Time","odds":"19.00"},{"opp":"No Goal","odds":"9.00"}],"2nd_half_goals":[{"goals":"0.5","odds":"1.25","header":"Over"},{"goals":"0.5","odds":"3.75","header":"Under"},{"goals":"1.5","odds":"2.20","header":"Over"},{"goals":"1.5","odds":"1.62","header":"Under"},{"goals":"2.5","odds":"5.00","header":"Over"},{"goals":"2.5","odds":"1.17","header":"Under"},{"goals":"3.5","odds":"13.00","header":"Over"},{"goals":"3.5","odds":"1.04","header":"Under"}],"exact_2nd_half_goals":[{"opp":"0 Goals","odds":"3.75"},{"opp":"1 Goal","odds":"2.62"},{"opp":"2 Goals","odds":"3.60"},{"opp":"3 Goals","odds":"7.50"},{"opp":"4 Goals","odds":"19.00"},{"opp":"5+ Goals","odds":"34.00"}],"half_with_most_goals":[{"opp":"1st Half","odds":"3.20"},{"opp":"2nd Half","odds":"2.05"},{"opp":"Tie","odds":"3.40"}],"home_team_highest_scoring_half":[{"opp":"St Polten - 1st Half","odds":"3.60"},{"opp":"St Polten - 2nd Half","odds":"2.50"},{"opp":"St Polten - Tie","odds":"2.25"}],"away_team_highest_scoring_half":[{"opp":"Wolfsberger AC - 1st Half","odds":"3.60"},{"opp":"Wolfsberger AC - 2nd Half","odds":"2.60"},{"opp":"Wolfsberger AC - Tie","odds":"2.20"}],"home_team_exact_goals":[{"opp":"St Polten - 0 Goals","odds":"3.25"},{"opp":"St Polten - 1 Goal","odds":"2.50"},{"opp":"St Polten - 2 Goals","odds":"4.00"},{"opp":"St Polten - 3+ Goals","odds":"6.50"}],"away_team_exact_goals":[{"opp":"Wolfsberger AC - 0 Goals","odds":"3.25"},{"opp":"Wolfsberger AC - 1 Goal","odds":"2.50"},{"opp":"Wolfsberger AC - 2 Goals","odds":"4.00"},{"opp":"Wolfsberger AC - 3+ Goals","odds":"6.50"}],"time_of_1st_team_goal":[{"opp":"St Polten - Goal before 57:00","odds":"1.83"},{"opp":"St Polten - No Goal before 57:00","odds":"1.83"},{"opp":"Wolfsberger AC - Goal before 58:00","odds":"1.83"},{"opp":"Wolfsberger AC - No Goal before 58:00","odds":"1.83"}],"goals_odd_even":[{"opp":"Even","odds":"1.90"},{"opp":"Odd","odds":"1.95"}],"home_team_odd_even_goals":[{"opp":"St Polten - Even","odds":"1.73"},{"opp":"St Polten - Odd","odds":"2.00"}],"away_team_odd_even_goals":[{"opp":"Wolfsberger AC - Even","odds":"1.73"},{"opp":"Wolfsberger AC - Odd","odds":"2.00"}],"1st_half_goals_odd_even":[{"opp":"Odd","odds":"2.10"},{"opp":"Even","odds":"1.73"}],"last_team_to_score":[{"opp":"St Polten","odds":"1.91"},{"opp":"No Goal","odds":"9.00"},{"opp":"Wolfsberger AC","odds":"2.10"}],"first_10_minutes_(00:00_09:59)":[{"name":"Goals","handicap":"0.5","odds":"4.50","header":"Over"},{"name":"Goals","handicap":"0.5","odds":"1.18","header":"Under"}]}},"half":{"updated_at":"1532570248","sp":{"half_time_result":[{"opp":"1","odds":"3.25"},{"opp":"X","odds":"2.10"},{"opp":"2","odds":"3.40"}],"half_time_double_chance":[{"opp":"1X","odds":"1.30"},{"opp":"X2","odds":"1.33"},{"opp":"12","odds":"1.67"}],"half_time_result_both_teams_to_score":[{"opp":"St Polten & Yes","odds":"23.00"},{"opp":"St Polten & No","odds":"3.60"},{"opp":"Draw & Yes","odds":"8.00"},{"opp":"Draw & No","odds":"2.62"},{"opp":"Wolfsberger AC & Yes","odds":"23.00"},{"opp":"Wolfsberger AC & No","odds":"3.75"}],"half_time_result_total_goals":[{"opp":"St Polten & Over 1.5","odds":"9.00"},{"opp":"St Polten & Under 1.5","odds":"4.50"},{"opp":"Draw & Over 1.5","odds":"8.00"},{"opp":"Draw & Under 1.5","odds":"2.62"},{"opp":"Wolfsberger AC & Over 1.5","odds":"9.00"},{"opp":"Wolfsberger AC & Under 1.5","odds":"4.50"}],"half_time_correct_score":[{"opp":"1-0","odds":"4.50","header":"Home"},{"opp":"0-0","odds":"2.62","header":"X"},{"opp":"1-0","odds":"4.50","header":"Away"},{"opp":"2-0","odds":"15.00","header":"Home"},{"opp":"1-1","odds":"8.00","header":"X"},{"opp":"2-0","odds":"15.00","header":"Away"},{"opp":"2-1","odds":"26.00","header":"Home"},{"opp":"2-2","odds":"51.00","header":"X"},{"opp":"2-1","odds":"26.00","header":"Away"},{"opp":"3-0","odds":"51.00","header":"Home"},{"opp":"3-0","odds":"51.00","header":"Away"},{"opp":"3-1","odds":"81.00","header":"Home"},{"opp":"3-1","odds":"81.00","header":"Away"},{"opp":"3-2","odds":"251.00","header":"Home"},{"opp":"3-2","odds":"251.00","header":"Away"},{"opp":"4-0","odds":"251.00","header":"Home"},{"opp":"4-0","odds":"251.00","header":"Away"},{"opp":"4-1","odds":"451.00","header":"Home"},{"opp":"4-1","odds":"451.00","header":"Away"}],"both_teams_to_score_in_1st_half":[{"opp":"Yes","odds":"5.00"},{"opp":"No","odds":"1.17"}],"both_teams_to_score_in_2nd_half":[{"opp":"Yes","odds":"3.50"},{"opp":"No","odds":"1.29"}],"both_teams_to_score_1st_half_2nd_half":[{"opp":"Yes \/ Yes","odds":"17.00"},{"opp":"Yes \/ No","odds":"6.50"},{"opp":"No \/ Yes","odds":"4.00"},{"opp":"No \/ No","odds":"1.53"}],"1st_half_asian_handicap":[{"opp":"0.0","odds":"1.850","header":"Home"},{"opp":"0.0","odds":"1.950","header":"Away"}],"1st_half_goal_line":[{"goals":"1.0","odds":"2.075","header":"Over"},{"goals":"1.0","odds":"1.725","header":"Under"}],"alternative_1st_half_asian_handicap":[{"opp":"-0.5, -1.0","odds":"4.500","header":"Home"},{"opp":"+0.5, +1.0","odds":"1.190","header":"Away"},{"opp":"-0.5","odds":"3.300","header":"Home"},{"opp":"+0.5","odds":"1.325","header":"Away"},{"opp":"0.0, -0.5","odds":"2.500","header":"Home"},{"opp":"0.0, +0.5","odds":"1.500","header":"Away"},{"opp":"0.0, +0.5","odds":"1.450","header":"Home"},{"opp":"0.0, -0.5","odds":"2.675","header":"Away"},{"opp":"+0.5","odds":"1.300","header":"Home"},{"opp":"-0.5","odds":"3.450","header":"Away"},{"opp":"+0.5, +1.0","odds":"1.180","header":"Home"},{"opp":"-0.5, -1.0","odds":"4.650","header":"Away"}],"alternative_1st_half_goal_line":[{"goals":"0.5, 1.0","odds":"1.650","header":"Over"},{"goals":"0.5, 1.0","odds":"2.200","header":"Under"},{"goals":"1.0, 1.5","odds":"2.600","header":"Over"},{"goals":"1.0, 1.5","odds":"1.475","header":"Under"},{"goals":"1.5","odds":"3.100","header":"Over"},{"goals":"1.5","odds":"1.350","header":"Under"},{"goals":"1.5, 2.0","odds":"4.150","header":"Over"},{"goals":"1.5, 2.0","odds":"1.220","header":"Under"}],"1st_half_handicap":[{"opp":"St Polten  -1.0","odds":"11.00"},{"opp":"Tie - Wolfsberger AC +1.0","odds":"4.00"},{"opp":"Wolfsberger AC  +1.0","odds":"1.33"}],"alternative_1st_half_handicap_result":[{"opp":"-2.0","odds":"23.00","header":"Home"},{"opp":"+2.0","odds":"13.00","header":"Tie"},{"opp":"+2.0","odds":"1.04","header":"Away"},{"opp":"+1.0","odds":"1.30","header":"Home"},{"opp":"-1.0","odds":"4.00","header":"Tie"},{"opp":"-1.0","odds":"12.00","header":"Away"}],"first_half_goals":[{"goals":"0.5","odds":"1.44","header":"Over"},{"goals":"0.5","odds":"2.62","header":"Under"},{"goals":"1.5","odds":"3.25","header":"Over"},{"goals":"1.5","odds":"1.33","header":"Under"},{"goals":"2.5","odds":"9.00","header":"Over"},{"goals":"2.5","odds":"1.07","header":"Under"},{"goals":"3.5","odds":"26.00","header":"Over"},{"goals":"3.5","odds":"1.01","header":"Under"}],"exact_1st_half_goals":[{"opp":"0 Goals","odds":"2.62"},{"opp":"1 Goal","odds":"2.50"},{"opp":"2 Goals","odds":"4.33"},{"opp":"3 Goals","odds":"12.00"},{"opp":"4 Goals","odds":"34.00"},{"opp":"5+ Goals","odds":"81.00"}],"first_half_corners":[{"opp":"5","odds":"2.62","header":"Over"},{"opp":"5","odds":"5.50","header":"Exactly"},{"opp":"5","odds":"1.95","header":"Under"}],"1st_half_asian_corners":[{"goals":"4.5","odds":"1.825","header":"Over"},{"goals":"4.5","odds":"1.975","header":"Under"}],"1st_half_goals_odd_even":[{"opp":"Odd","odds":"2.10"},{"opp":"Even","odds":"1.73"}],"to_score_in_half":[{"name":"1st Half","odds":"2.20","header":"Yes"},{"name":"1st Half","odds":"1.62","header":"No"},{"name":"2nd Half","odds":"1.83","header":"Yes"},{"name":"2nd Half","odds":"1.83","header":"No"},{"name":"1st Half","odds":"2.20","header":"Yes"},{"name":"1st Half","odds":"1.62","header":"No"},{"name":"2nd Half","odds":"1.83","header":"Yes"},{"name":"2nd Half","odds":"1.83","header":"No"}],"half_with_most_goals":[{"opp":"1st Half","odds":"3.20"},{"opp":"2nd Half","odds":"2.05"},{"opp":"Tie","odds":"3.40"}],"home_team_highest_scoring_half":[{"opp":"St Polten - 1st Half","odds":"3.60"},{"opp":"St Polten - 2nd Half","odds":"2.50"},{"opp":"St Polten - Tie","odds":"2.25"}],"away_team_highest_scoring_half":[{"opp":"Wolfsberger AC - 1st Half","odds":"3.60"},{"opp":"Wolfsberger AC - 2nd Half","odds":"2.60"},{"opp":"Wolfsberger AC - Tie","odds":"2.20"}],"2nd_half_result":[{"opp":"1","odds":"2.88"},{"opp":"X","odds":"2.38"},{"opp":"2","odds":"2.88"}],"2nd_half_goals":[{"goals":"0.5","odds":"1.25","header":"Over"},{"goals":"0.5","odds":"3.75","header":"Under"},{"goals":"1.5","odds":"2.20","header":"Over"},{"goals":"1.5","odds":"1.62","header":"Under"},{"goals":"2.5","odds":"5.00","header":"Over"},{"goals":"2.5","odds":"1.17","header":"Under"},{"goals":"3.5","odds":"13.00","header":"Over"},{"goals":"3.5","odds":"1.04","header":"Under"}],"exact_2nd_half_goals":[{"opp":"0 Goals","odds":"3.75"},{"opp":"1 Goal","odds":"2.62"},{"opp":"2 Goals","odds":"3.60"},{"opp":"3 Goals","odds":"7.50"},{"opp":"4 Goals","odds":"19.00"},{"opp":"5+ Goals","odds":"34.00"}],"2nd_half_goals_odd_even":[{"opp":"Even","odds":"1.73"},{"opp":"Odd","odds":"2.00"}]}},"main":{"updated_at":"1532569628","sp":{"full_time_result":[{"opp":"1","odds":"2.55"},{"opp":"X","odds":"3.30"},{"opp":"2","odds":"2.70"}],"double_chance":[{"opp":"1X","odds":"1.48"},{"opp":"X2","odds":"1.55"},{"opp":"12","odds":"1.34"}],"correct_score":[{"opp":"1-0","odds":"8.00","header":"Home"},{"opp":"0-0","odds":"9.00","header":"X"},{"opp":"1-0","odds":"8.00","header":"Away"},{"opp":"2-0","odds":"12.00","header":"Home"},{"opp":"1-1","odds":"6.00","header":"X"},{"opp":"2-0","odds":"13.00","header":"Away"},{"opp":"2-1","odds":"10.00","header":"Home"},{"opp":"2-2","odds":"15.00","header":"X"},{"opp":"2-1","odds":"10.00","header":"Away"},{"opp":"3-0","odds":"26.00","header":"Home"},{"opp":"3-3","odds":"51.00","header":"X"},{"opp":"3-0","odds":"29.00","header":"Away"},{"opp":"3-1","odds":"21.00","header":"Home"},{"opp":"4-4","odds":"351.00","header":"X"},{"opp":"3-1","odds":"23.00","header":"Away"},{"opp":"3-2","odds":"34.00","header":"Home"},{"opp":"3-2","odds":"34.00","header":"Away"},{"opp":"4-0","odds":"51.00","header":"Home"},{"opp":"4-0","odds":"51.00","header":"Away"},{"opp":"4-1","odds":"51.00","header":"Home"},{"opp":"4-1","odds":"51.00","header":"Away"},{"opp":"4-2","odds":"67.00","header":"Home"},{"opp":"4-2","odds":"67.00","header":"Away"},{"opp":"4-3","odds":"126.00","header":"Home"},{"opp":"4-3","odds":"126.00","header":"Away"},{"opp":"5-0","odds":"151.00","header":"Home"},{"opp":"5-0","odds":"151.00","header":"Away"},{"opp":"5-1","odds":"126.00","header":"Home"},{"opp":"5-1","odds":"151.00","header":"Away"},{"opp":"5-2","odds":"201.00","header":"Home"},{"opp":"5-2","odds":"201.00","header":"Away"},{"opp":"5-3","odds":"451.00","header":"Home"},{"opp":"5-3","odds":"501.00","header":"Away"},{"opp":"6-1","odds":"501.00","header":"Home"}],"half_time_full_time":[{"opp":"St Polten - St Polten","odds":"4.33"},{"opp":"St Polten - Draw","odds":"15.00"},{"opp":"St Polten - Wolfsberger AC","odds":"29.00"},{"opp":"Draw - St Polten","odds":"6.00"},{"opp":"Draw - Draw","odds":"4.75"},{"opp":"Draw - Wolfsberger AC","odds":"6.00"},{"opp":"Wolfsberger AC - St Polten","odds":"29.00"},{"opp":"Wolfsberger AC - Draw","odds":"15.00"},{"opp":"Wolfsberger AC - Wolfsberger AC","odds":"4.33"}],"goals_over_under":[{"goals":"2.5","odds":"2.10","header":"Over"},{"goals":"2.5","odds":"1.70","header":"Under"}],"both_teams_to_score":[{"opp":"Yes","odds":"1.80"},{"opp":"No","odds":"1.95"}],"asian_handicap":[{"opp":"0.0","odds":"1.875","header":"Home"},{"opp":"0.0","odds":"1.975","header":"Away"}],"goal_line":[{"goals":"2.0, 2.5","odds":"1.900","header":"Over"},{"goals":"2.0, 2.5","odds":"1.950","header":"Under"}],"alternative_asian_handicap":[{"opp":"-1.5","odds":"5.500","header":"Home"},{"opp":"+1.5","odds":"1.150","header":"Away"},{"opp":"-1.0, -1.5","odds":"4.800","header":"Home"},{"opp":"+1.0, +1.5","odds":"1.175","header":"Away"},{"opp":"-1.0","odds":"4.250","header":"Home"},{"opp":"+1.0","odds":"1.210","header":"Away"},{"opp":"-0.5, -1.0","odds":"3.100","header":"Home"},{"opp":"+0.5, +1.0","odds":"1.350","header":"Away"},{"opp":"-0.5","odds":"2.500","header":"Home"},{"opp":"+0.5","odds":"1.500","header":"Away"},{"opp":"0.0, -0.5","odds":"2.200","header":"Home"},{"opp":"0.0, +0.5","odds":"1.650","header":"Away"},{"opp":"0.0, +0.5","odds":"1.600","header":"Home"},{"opp":"0.0, -0.5","odds":"2.300","header":"Away"},{"opp":"+0.5","odds":"1.475","header":"Home"},{"opp":"-0.5","odds":"2.600","header":"Away"},{"opp":"+0.5, +1.0","odds":"1.325","header":"Home"},{"opp":"-0.5, -1.0","odds":"3.300","header":"Away"},{"opp":"+1.0","odds":"1.190","header":"Home"},{"opp":"-1.0","odds":"4.500","header":"Away"},{"opp":"+1.0, +1.5","odds":"1.160","header":"Home"},{"opp":"-1.0, -1.5","odds":"5.250","header":"Away"},{"opp":"+1.5","odds":"1.140","header":"Home"},{"opp":"-1.5","odds":"5.750","header":"Away"}],"alternative_goal_line":[{"goals":"1.0","odds":"1.100","header":"Over"},{"goals":"1.0","odds":"7.000","header":"Under"},{"goals":"1.0, 1.5","odds":"1.230","header":"Over"},{"goals":"1.0, 1.5","odds":"4.000","header":"Under"},{"goals":"1.5","odds":"1.375","header":"Over"},{"goals":"1.5","odds":"3.000","header":"Under"},{"goals":"1.5, 2.0","odds":"1.450","header":"Over"},{"goals":"1.5, 2.0","odds":"2.675","header":"Under"},{"goals":"2.0","odds":"1.600","header":"Over"},{"goals":"2.0","odds":"2.300","header":"Under"},{"goals":"2.5","odds":"2.100","header":"Over"},{"goals":"2.5","odds":"1.700","header":"Under"},{"goals":"2.5, 3.0","odds":"2.425","header":"Over"},{"goals":"2.5, 3.0","odds":"1.525","header":"Under"},{"goals":"3.0","odds":"3.100","header":"Over"},{"goals":"3.0","odds":"1.350","header":"Under"},{"goals":"3.0, 3.5","odds":"3.450","header":"Over"},{"goals":"3.0, 3.5","odds":"1.300","header":"Under"},{"goals":"3.5","odds":"3.800","header":"Over"},{"goals":"3.5","odds":"1.250","header":"Under"},{"goals":"3.5, 4.0","odds":"4.800","header":"Over"},{"goals":"3.5, 4.0","odds":"1.175","header":"Under"},{"goals":"4.0","odds":"7.000","header":"Over"},{"goals":"4.0","odds":"1.100","header":"Under"}],"draw_no_bet":[{"opp":"St Polten","odds":"1.83"},{"opp":"Wolfsberger AC","odds":"1.83"}],"result_both_teams_to_score":[{"name":"St Polten","odds":"5.50","header":"Yes"},{"name":"St Polten","odds":"4.33","header":"No"},{"name":"Wolfsberger AC","odds":"5.50","header":"Yes"},{"name":"Wolfsberger AC","odds":"4.50","header":"No"},{"name":"Draw","odds":"4.50","header":"Yes"},{"name":"Draw","odds":"9.00","header":"No"}],"handicap_result":[{"opp":"St Polten (-1)","odds":"5.00"},{"opp":"Tie - (Wolfsberger AC +1)","odds":"4.00"},{"opp":"Wolfsberger AC (+1)","odds":"1.55"}],"alternative_handicap_result":[{"opp":"-3.0","odds":"19.00","header":"Home"},{"opp":"+3.0","odds":"13.00","header":"Tie"},{"opp":"+3.0","odds":"1.04","header":"Away"},{"opp":"-2.0","odds":"12.00","header":"Home"},{"opp":"+2.0","odds":"7.00","header":"Tie"},{"opp":"+2.0","odds":"1.12","header":"Away"},{"opp":"+1.0","odds":"1.48","header":"Home"},{"opp":"-1.0","odds":"4.00","header":"Tie"},{"opp":"-1.0","odds":"5.50","header":"Away"},{"opp":"+2.0","odds":"1.11","header":"Home"},{"opp":"-2.0","odds":"7.50","header":"Tie"},{"opp":"-2.0","odds":"13.00","header":"Away"}],"winning_margin":[{"goals":" 1","odds":"4.00","header":"Home"},{"goals":" 1","odds":"4.00","header":"Away"},{"goals":" 2","odds":"7.00","header":"Home"},{"goals":" 2","odds":"7.50","header":"Away"},{"goals":" 3","odds":"13.00","header":"Home"},{"goals":" 3","odds":"21.00","header":"Away"},{"goals":" 4+","odds":"19.00","header":"Home"},{"goals":" 4+","odds":"41.00","header":"Away"},{"goals":"Score Draw","odds":"4.50","header":"Home"},{"goals":"No Goal","odds":"9.00","header":"Home"}]}},"schedule":{"updated_at":"1532571069","sp":{"main":[{"odds":"2.55"},{"odds":"3.30"},{"odds":"2.70"}]}},"specials":{"updated_at":"1532570259","sp":{"specials":[{"name":"To Win From Behind","odds":"10.00","header":"Home"},{"name":"To Win From Behind","odds":"11.00","header":"Away"},{"name":"To Win to Nil","odds":"4.33","header":"Home"},{"name":"To Win to Nil","odds":"4.50","header":"Away"},{"name":"To Win Either Half","odds":"1.80","header":"Home"},{"name":"To Win Either Half","odds":"1.83","header":"Away"},{"name":"To Win Both Halves","odds":"10.00","header":"Home"},{"name":"To Win Both Halves","odds":"10.00","header":"Away"},{"name":"To Score in Both Halves","odds":"4.00","header":"Home"},{"name":"To Score in Both Halves","odds":"4.33","header":"Away"}],"to_score_in_half":[{"name":"1st Half","odds":"2.20","header":"Yes"},{"name":"1st Half","odds":"1.62","header":"No"},{"name":"2nd Half","odds":"1.83","header":"Yes"},{"name":"2nd Half","odds":"1.83","header":"No"},{"name":"1st Half","odds":"2.20","header":"Yes"},{"name":"1st Half","odds":"1.62","header":"No"},{"name":"2nd Half","odds":"1.83","header":"Yes"},{"name":"2nd Half","odds":"1.83","header":"No"}]}}}]}}