{"odd":{"success":1,"results":[{"FI":"75245153","event_id":"833017","goals":{"updated_at":"1532571243","sp":{"goals_over_under":[{"goals":"2.5","odds":"1.50","header":"Over"},{"goals":"2.5","odds":"2.50","header":"Under"}],"first_team_to_score":[{"opp":"Adelaide United U21","odds":"1.53"},{"opp":"No Goals","odds":"17.00"},{"opp":"West Adelaide","odds":"2.50"}],"home_team_highest_scoring_half":[{"opp":"Adelaide United U21 - 1st Half","odds":"3.20"},{"opp":"Adelaide United U21 - 2nd Half","odds":"2.20"},{"opp":"Adelaide United U21 - Tie","odds":"3.00"}],"away_team_highest_scoring_half":[{"opp":"West Adelaide - 1st Half","odds":"3.60"},{"opp":"West Adelaide - 2nd Half","odds":"2.50"},{"opp":"West Adelaide - Tie","odds":"2.25"}],"goals_odd_even":[{"opp":"Even","odds":"1.90"},{"opp":"Odd","odds":"1.95"}],"home_team_odd_even_goals":[{"opp":"Adelaide United U21 - Even","odds":"1.83"},{"opp":"Adelaide United U21 - Odd","odds":"1.83"}],"away_team_odd_even_goals":[{"opp":"West Adelaide - Even","odds":"1.73"},{"opp":"West Adelaide - Odd","odds":"2.00"}],"1st_half_goals_odd_even":[{"opp":"Odd","odds":"2.00"},{"opp":"Even","odds":"1.80"}]}},"half":{"updated_at":"1532571257","sp":{"half_time_result":[{"opp":"1","odds":"2.25"},{"opp":"X","odds":"2.50"},{"opp":"2","odds":"4.00"}],"half_time_double_chance":[{"opp":"1X","odds":"1.22"},{"opp":"X2","odds":"1.57"},{"opp":"12","odds":"1.50"}],"half_time_correct_score":[{"opp":"1-0","odds":"4.33","header":"Home"},{"opp":"0-0","odds":"3.50","header":"X"},{"opp":"1-0","odds":"6.50","header":"Away"},{"opp":"2-0","odds":"8.50","header":"Home"},{"opp":"1-1","odds":"8.50","header":"X"},{"opp":"2-0","odds":"19.00","header":"Away"},{"opp":"2-1","odds":"19.00","header":"Home"},{"opp":"2-2","odds":"51.00","header":"X"},{"opp":"2-1","odds":"26.00","header":"Away"},{"opp":"3-0","odds":"21.00","header":"Home"},{"opp":"3-0","odds":"51.00","header":"Away"},{"opp":"3-1","odds":"41.00","header":"Home"},{"opp":"3-1","odds":"67.00","header":"Away"},{"opp":"4-0","odds":"51.00","header":"Home"}],"1st_half_goals_odd_even":[{"opp":"Odd","odds":"2.00"},{"opp":"Even","odds":"1.80"}],"home_team_highest_scoring_half":[{"opp":"Adelaide United U21 - 1st Half","odds":"3.20"},{"opp":"Adelaide United U21 - 2nd Half","odds":"2.20"},{"opp":"Adelaide United U21 - Tie","odds":"3.00"}],"away_team_highest_scoring_half":[{"opp":"West Adelaide - 1st Half","odds":"3.60"},{"opp":"West Adelaide - 2nd Half","odds":"2.50"},{"opp":"West Adelaide - Tie","odds":"2.25"}],"2nd_half_goals_odd_even":[{"opp":"Even","odds":"1.80"},{"opp":"Odd","odds":"1.91"}]}},"main":{"updated_at":"1532571235","sp":{"full_time_result":[{"opp":"1","odds":"1.73"},{"opp":"X","odds":"3.75"},{"opp":"2","odds":"3.75"}],"double_chance":[{"opp":"1X","odds":"1.25"},{"opp":"X2","odds":"2.00"},{"opp":"12","odds":"1.25"}],"correct_score":[{"opp":"1-0","odds":"11.00","header":"Home"},{"opp":"0-0","odds":"17.00","header":"X"},{"opp":"1-0","odds":"17.00","header":"Away"},{"opp":"2-0","odds":"11.00","header":"Home"},{"opp":"1-1","odds":"8.00","header":"X"},{"opp":"2-0","odds":"23.00","header":"Away"},{"opp":"2-1","odds":"9.50","header":"Home"},{"opp":"2-2","odds":"13.00","header":"X"},{"opp":"2-1","odds":"15.00","header":"Away"},{"opp":"3-0","odds":"15.00","header":"Home"},{"opp":"3-3","odds":"34.00","header":"X"},{"opp":"3-0","odds":"41.00","header":"Away"},{"opp":"3-1","odds":"13.00","header":"Home"},{"opp":"3-1","odds":"29.00","header":"Away"},{"opp":"3-2","odds":"21.00","header":"Home"},{"opp":"3-2","odds":"29.00","header":"Away"},{"opp":"4-0","odds":"23.00","header":"Home"},{"opp":"4-0","odds":"67.00","header":"Away"},{"opp":"4-1","odds":"23.00","header":"Home"},{"opp":"4-1","odds":"51.00","header":"Away"},{"opp":"4-2","odds":"34.00","header":"Home"},{"opp":"4-2","odds":"51.00","header":"Away"},{"opp":"5-0","odds":"41.00","header":"Home"},{"opp":"4-3","odds":"81.00","header":"Away"},{"opp":"5-1","odds":"41.00","header":"Home"},{"opp":"4-3","odds":"51.00","header":"Home"},{"opp":"5-2","odds":"51.00","header":"Home"},{"opp":"6-0","odds":"67.00","header":"Home"},{"opp":"6-1","odds":"67.00","header":"Home"}],"half_time_full_time":[{"opp":"Adelaide United U21 - Adelaide United U21","odds":"2.75"},{"opp":"Adelaide United U21 - Draw","odds":"15.00"},{"opp":"Adelaide United U21 - West Adelaide","odds":"26.00"},{"opp":"Draw - Adelaide United U21","odds":"5.00"},{"opp":"Draw - Draw","odds":"7.00"},{"opp":"Draw - West Adelaide","odds":"9.00"},{"opp":"West Adelaide - Adelaide United U21","odds":"19.00"},{"opp":"West Adelaide - Draw","odds":"15.00"},{"opp":"West Adelaide - West Adelaide","odds":"6.00"}],"goals_over_under":[{"goals":"2.5","odds":"1.50","header":"Over"},{"goals":"2.5","odds":"2.50","header":"Under"}],"draw_no_bet":[{"opp":"Adelaide United U21","odds":"1.36"},{"opp":"West Adelaide","odds":"3.00"}]}},"schedule":{"updated_at":"1532569966","sp":{"main":[{"odds":"1.73"},{"odds":"3.75"},{"odds":"3.75"}]}}}]}}