{"odd":{"success":1,"results":[{"FI":"75372352","event_id":"785822","asian_lines":{"updated_at":"1532571379","sp":{"asian_handicap":[{"opp":"0.0, +0.5","odds":"1.775","header":"Home"},{"opp":"0.0, -0.5","odds":"2.100","header":"Away"}],"goal_line":[{"goals":"2.5","odds":"1.975","header":"Over"},{"goals":"2.5","odds":"1.875","header":"Under"}],"alternative_asian_handicap":[{"opp":"-1.5","odds":"5.900","header":"Home"},{"opp":"+1.5","odds":"1.130","header":"Away"},{"opp":"-1.0, -1.5","odds":"5.500","header":"Home"},{"opp":"+1.0, +1.5","odds":"1.150","header":"Away"},{"opp":"-1.0","odds":"5.000","header":"Home"},{"opp":"+1.0","odds":"1.170","header":"Away"},{"opp":"-0.5, -1.0","odds":"3.450","header":"Home"},{"opp":"+0.5, +1.0","odds":"1.300","header":"Away"},{"opp":"-0.5","odds":"2.750","header":"Home"},{"opp":"+0.5","odds":"1.425","header":"Away"},{"opp":"0.0, -0.5","odds":"2.375","header":"Home"},{"opp":"0.0, +0.5","odds":"1.550","header":"Away"},{"opp":"0.0","odds":"2.075","header":"Home"},{"opp":"0.0","odds":"1.725","header":"Away"},{"opp":"+0.5","odds":"1.575","header":"Home"},{"opp":"-0.5","odds":"2.350","header":"Away"},{"opp":"+0.5, +1.0","odds":"1.425","header":"Home"},{"opp":"-0.5, -1.0","odds":"2.750","header":"Away"},{"opp":"+1.0","odds":"1.260","header":"Home"},{"opp":"-1.0","odds":"3.700","header":"Away"},{"opp":"+1.0, +1.5","odds":"1.220","header":"Home"},{"opp":"-1.0, -1.5","odds":"4.150","header":"Away"},{"opp":"+1.5","odds":"1.190","header":"Home"},{"opp":"-1.5","odds":"4.500","header":"Away"},{"opp":"+1.5, +2.0","odds":"1.120","header":"Home"},{"opp":"-1.5, -2.0","odds":"6.250","header":"Away"}],"alternative_goal_line":[{"goals":"1.0, 1.5","odds":"1.180","header":"Over"},{"goals":"1.0, 1.5","odds":"4.650","header":"Under"},{"goals":"1.5","odds":"1.300","header":"Over"},{"goals":"1.5","odds":"3.450","header":"Under"},{"goals":"1.5, 2.0","odds":"1.350","header":"Over"},{"goals":"1.5, 2.0","odds":"3.100","header":"Under"},{"goals":"2.0","odds":"1.450","header":"Over"},{"goals":"2.0","odds":"2.675","header":"Under"},{"goals":"2.0, 2.5","odds":"1.700","header":"Over"},{"goals":"2.0, 2.5","odds":"2.100","header":"Under"},{"goals":"2.5, 3.0","odds":"2.200","header":"Over"},{"goals":"2.5, 3.0","odds":"1.650","header":"Under"},{"goals":"3.0","odds":"2.600","header":"Over"},{"goals":"3.0","odds":"1.475","header":"Under"},{"goals":"3.0, 3.5","odds":"3.000","header":"Over"},{"goals":"3.0, 3.5","odds":"1.375","header":"Under"},{"goals":"3.5","odds":"3.300","header":"Over"},{"goals":"3.5","odds":"1.325","header":"Under"},{"goals":"3.5, 4.0","odds":"4.000","header":"Over"},{"goals":"3.5, 4.0","odds":"1.230","header":"Under"},{"goals":"4.0","odds":"5.750","header":"Over"},{"goals":"4.0","odds":"1.140","header":"Under"},{"goals":"4.0, 4.5","odds":"6.000","header":"Over"},{"goals":"4.0, 4.5","odds":"1.125","header":"Under"},{"goals":"4.5","odds":"6.400","header":"Over"},{"goals":"4.5","odds":"1.115","header":"Under"}],"1st_half_asian_handicap":[{"opp":"0.0","odds":"2.025","header":"Home"},{"opp":"0.0","odds":"1.775","header":"Away"}],"1st_half_goal_line":[{"goals":"1.0","odds":"1.900","header":"Over"},{"goals":"1.0","odds":"1.900","header":"Under"}],"alternative_1st_half_asian_handicap":[{"opp":"-0.5, -1.0","odds":"4.650","header":"Home"},{"opp":"+0.5, +1.0","odds":"1.180","header":"Away"},{"opp":"-0.5","odds":"3.450","header":"Home"},{"opp":"+0.5","odds":"1.300","header":"Away"},{"opp":"0.0, -0.5","odds":"2.675","header":"Home"},{"opp":"0.0, +0.5","odds":"1.450","header":"Away"},{"opp":"0.0, +0.5","odds":"1.550","header":"Home"},{"opp":"0.0, -0.5","odds":"2.375","header":"Away"},{"opp":"+0.5","odds":"1.375","header":"Home"},{"opp":"-0.5","odds":"3.000","header":"Away"},{"opp":"+0.5, +1.0","odds":"1.225","header":"Home"},{"opp":"-0.5, -1.0","odds":"4.100","header":"Away"}],"alternative_1st_half_goal_line":[{"goals":"0.5, 1.0","odds":"1.550","header":"Over"},{"goals":"0.5, 1.0","odds":"2.375","header":"Under"},{"goals":"1.0, 1.5","odds":"2.375","header":"Over"},{"goals":"1.0, 1.5","odds":"1.550","header":"Under"},{"goals":"1.5","odds":"2.850","header":"Over"},{"goals":"1.5","odds":"1.400","header":"Under"},{"goals":"1.5, 2.0","odds":"3.700","header":"Over"},{"goals":"1.5, 2.0","odds":"1.260","header":"Under"},{"goals":"2.0","odds":"6.000","header":"Over"},{"goals":"2.0","odds":"1.125","header":"Under"},{"goals":"2.0, 2.5","odds":"6.800","header":"Over"},{"goals":"2.0, 2.5","odds":"1.105","header":"Under"}]}},"goals":{"updated_at":"1532571379","sp":{"goals_over_under":[{"goals":"2.5","odds":"1.95","header":"Over"},{"goals":"2.5","odds":"1.85","header":"Under"}],"alternative_total_goals":[{"goals":"0.5","odds":"1.05","header":"Over "},{"goals":"0.5","odds":"11.00","header":"Under"},{"goals":"1.5","odds":"1.29","header":"Over "},{"goals":"1.5","odds":"3.50","header":"Under"},{"goals":"3.5","odds":"3.40","header":"Over "},{"goals":"3.5","odds":"1.30","header":"Under"},{"goals":"4.5","odds":"6.50","header":"Over "},{"goals":"4.5","odds":"1.11","header":"Under"},{"goals":"5.5","odds":"15.00","header":"Over "},{"goals":"5.5","odds":"1.03","header":"Under"}],"result_total_goals":[{"opp":"Naestved IF & Over 2.5","odds":"4.50"},{"opp":"Naestved IF & Under 2.5","odds":"6.00"},{"opp":"Draw & Over 2.5","odds":"12.00"},{"opp":"Draw & Under  2.5","odds":"4.33"},{"opp":"FC Fredericia & Over 2.5","odds":"4.00"},{"opp":"FC Fredericia & Under 2.5","odds":"5.50"}],"total_goals_both_teams_to_score":[{"opp":"Over 2.5 & Yes","odds":"2.20"},{"opp":"Over 2.5 & No","odds":"10.00"},{"opp":"Under 2.5 & Yes","odds":"6.50"},{"opp":"Under 2.5 & No","odds":"2.38"}],"exact_total_goals":[{"opp":"0 Goals","odds":"11.00"},{"opp":"1 Goal","odds":"4.75"},{"opp":"2 Goals","odds":"3.60"},{"opp":"3 Goals","odds":"4.00"},{"opp":"4 Goals","odds":"6.00"},{"opp":"5 Goals","odds":"11.00"},{"opp":"6 Goals","odds":"23.00"},{"opp":"7+ Goals","odds":"29.00"}],"number_of_goals_in_match":[{"opp":"Under 2 goals","odds":"3.50"},{"opp":"2 or 3 goals","odds":"1.95"},{"opp":"Over 3 goals","odds":"3.40"}],"both_teams_to_score":[{"opp":"Yes","odds":"1.73"},{"opp":"No","odds":"2.00"}],"teams_to_score":[{"opp":"Both Teams","odds":"1.73"},{"opp":"Naestved IF Only","odds":"4.75"},{"opp":"No Goal","odds":"11.00"},{"opp":"FC Fredericia Only","odds":"4.00"}],"both_teams_to_score_in_1st_half":[{"opp":"Yes","odds":"4.50"},{"opp":"No","odds":"1.18"}],"both_teams_to_score_in_2nd_half":[{"opp":"Yes","odds":"3.25"},{"opp":"No","odds":"1.33"}],"both_teams_to_score_1st_half_2nd_half":[{"opp":"Yes \/ Yes","odds":"15.00"},{"opp":"Yes \/ No","odds":"6.00"},{"opp":"No \/ Yes","odds":"3.75"},{"opp":"No \/ No","odds":"1.62"}],"first_half_goals":[{"goals":"0.5","odds":"1.40","header":"Over"},{"goals":"0.5","odds":"2.75","header":"Under"},{"goals":"1.5","odds":"2.75","header":"Over"},{"goals":"1.5","odds":"1.40","header":"Under"},{"goals":"2.5","odds":"8.00","header":"Over"},{"goals":"2.5","odds":"1.08","header":"Under"},{"goals":"3.5","odds":"21.00","header":"Over"},{"goals":"3.5","odds":"1.02","header":"Under"}],"exact_1st_half_goals":[{"opp":"0 Goals","odds":"2.75"},{"opp":"1 Goal","odds":"2.50"},{"opp":"2 Goals","odds":"4.33"},{"opp":"3 Goals","odds":"10.00"},{"opp":"4 Goals","odds":"34.00"},{"opp":"5+ Goals","odds":"67.00"}],"first_team_to_score":[{"opp":"Naestved IF","odds":"2.10"},{"opp":"No Goals","odds":"11.00"},{"opp":"FC Fredericia","odds":"1.80"}],"2nd_half_goals":[{"goals":"0.5","odds":"1.22","header":"Over"},{"goals":"0.5","odds":"4.00","header":"Under"},{"goals":"1.5","odds":"2.00","header":"Over"},{"goals":"1.5","odds":"1.73","header":"Under"},{"goals":"2.5","odds":"4.33","header":"Over"},{"goals":"2.5","odds":"1.20","header":"Under"},{"goals":"3.5","odds":"11.00","header":"Over"},{"goals":"3.5","odds":"1.05","header":"Under"}],"exact_2nd_half_goals":[{"opp":"0 Goals","odds":"4.00"},{"opp":"1 Goal","odds":"2.75"},{"opp":"2 Goals","odds":"3.50"},{"opp":"3 Goals","odds":"6.50"},{"opp":"4 Goals","odds":"17.00"},{"opp":"5+ Goals","odds":"29.00"}],"half_with_most_goals":[{"opp":"1st Half","odds":"3.20"},{"opp":"2nd Half","odds":"2.00"},{"opp":"Tie","odds":"3.50"}],"home_team_highest_scoring_half":[{"opp":"Naestved IF - 1st Half","odds":"3.60"},{"opp":"Naestved IF - 2nd Half","odds":"2.50"},{"opp":"Naestved IF - Tie","odds":"2.25"}],"away_team_highest_scoring_half":[{"opp":"FC Fredericia - 1st Half","odds":"3.50"},{"opp":"FC Fredericia - 2nd Half","odds":"2.50"},{"opp":"FC Fredericia - Tie","odds":"2.38"}],"home_team_exact_goals":[{"opp":"Naestved IF - 0 Goals","odds":"3.25"},{"opp":"Naestved IF - 1 Goal","odds":"2.50"},{"opp":"Naestved IF - 2 Goals","odds":"4.00"},{"opp":"Naestved IF - 3+ Goals","odds":"6.50"}],"away_team_exact_goals":[{"opp":"FC Fredericia - 0 Goals","odds":"3.50"},{"opp":"FC Fredericia - 1 Goal","odds":"2.60"},{"opp":"FC Fredericia - 2 Goals","odds":"3.75"},{"opp":"FC Fredericia - 3+ Goals","odds":"5.50"}],"goals_odd_even":[{"opp":"Even","odds":"1.90"},{"opp":"Odd","odds":"1.95"}],"home_team_odd_even_goals":[{"opp":"Naestved IF - Even","odds":"1.73"},{"opp":"Naestved IF - Odd","odds":"2.00"}],"away_team_odd_even_goals":[{"opp":"FC Fredericia - Even","odds":"1.73"},{"opp":"FC Fredericia - Odd","odds":"2.00"}],"1st_half_goals_odd_even":[{"opp":"Odd","odds":"2.10"},{"opp":"Even","odds":"1.73"}],"last_team_to_score":[{"opp":"Naestved IF","odds":"2.10"},{"opp":"No Goal","odds":"11.00"},{"opp":"FC Fredericia","odds":"1.80"}]}},"half":{"updated_at":"1532571391","sp":{"half_time_result":[{"opp":"1","odds":"3.40"},{"opp":"X","odds":"2.20"},{"opp":"2","odds":"3.10"}],"half_time_double_chance":[{"opp":"1X","odds":"1.36"},{"opp":"X2","odds":"1.30"},{"opp":"12","odds":"1.62"}],"half_time_result_both_teams_to_score":[{"opp":"Naestved IF & Yes","odds":"21.00"},{"opp":"Naestved IF & No","odds":"3.75"},{"opp":"Draw & Yes","odds":"7.50"},{"opp":"Draw & No","odds":"2.75"},{"opp":"FC Fredericia & Yes","odds":"21.00"},{"opp":"FC Fredericia & No","odds":"3.40"}],"half_time_result_total_goals":[{"opp":"Naestved IF & Over 1.5","odds":"9.00"},{"opp":"Naestved IF & Under 1.5","odds":"4.75"},{"opp":"Draw & Over 1.5","odds":"7.50"},{"opp":"Draw & Under 1.5","odds":"2.75"},{"opp":"FC Fredericia & Over 1.5","odds":"8.00"},{"opp":"FC Fredericia & Under 1.5","odds":"4.50"}],"half_time_correct_score":[{"opp":"1-0","odds":"4.75","header":"Home"},{"opp":"0-0","odds":"2.75","header":"X"},{"opp":"1-0","odds":"4.50","header":"Away"},{"opp":"2-0","odds":"15.00","header":"Home"},{"opp":"1-1","odds":"7.50","header":"X"},{"opp":"2-0","odds":"13.00","header":"Away"},{"opp":"2-1","odds":"26.00","header":"Home"},{"opp":"2-2","odds":"51.00","header":"X"},{"opp":"2-1","odds":"23.00","header":"Away"},{"opp":"3-0","odds":"51.00","header":"Home"},{"opp":"3-0","odds":"41.00","header":"Away"},{"opp":"3-1","odds":"81.00","header":"Home"},{"opp":"3-1","odds":"67.00","header":"Away"},{"opp":"3-2","odds":"201.00","header":"Home"},{"opp":"3-2","odds":"201.00","header":"Away"},{"opp":"4-0","odds":"251.00","header":"Home"},{"opp":"4-0","odds":"151.00","header":"Away"},{"opp":"4-1","odds":"301.00","header":"Away"}],"both_teams_to_score_in_1st_half":[{"opp":"Yes","odds":"4.50"},{"opp":"No","odds":"1.18"}],"both_teams_to_score_in_2nd_half":[{"opp":"Yes","odds":"3.25"},{"opp":"No","odds":"1.33"}],"both_teams_to_score_1st_half_2nd_half":[{"opp":"Yes \/ Yes","odds":"15.00"},{"opp":"Yes \/ No","odds":"6.00"},{"opp":"No \/ Yes","odds":"3.75"},{"opp":"No \/ No","odds":"1.62"}],"1st_half_asian_handicap":[{"opp":"0.0","odds":"2.025","header":"Home"},{"opp":"0.0","odds":"1.775","header":"Away"}],"1st_half_goal_line":[{"goals":"1.0","odds":"1.900","header":"Over"},{"goals":"1.0","odds":"1.900","header":"Under"}],"alternative_1st_half_asian_handicap":[{"opp":"-0.5, -1.0","odds":"4.650","header":"Home"},{"opp":"+0.5, +1.0","odds":"1.180","header":"Away"},{"opp":"-0.5","odds":"3.450","header":"Home"},{"opp":"+0.5","odds":"1.300","header":"Away"},{"opp":"0.0, -0.5","odds":"2.675","header":"Home"},{"opp":"0.0, +0.5","odds":"1.450","header":"Away"},{"opp":"0.0, +0.5","odds":"1.550","header":"Home"},{"opp":"0.0, -0.5","odds":"2.375","header":"Away"},{"opp":"+0.5","odds":"1.375","header":"Home"},{"opp":"-0.5","odds":"3.000","header":"Away"},{"opp":"+0.5, +1.0","odds":"1.225","header":"Home"},{"opp":"-0.5, -1.0","odds":"4.100","header":"Away"}],"alternative_1st_half_goal_line":[{"goals":"0.5, 1.0","odds":"1.550","header":"Over"},{"goals":"0.5, 1.0","odds":"2.375","header":"Under"},{"goals":"1.0, 1.5","odds":"2.375","header":"Over"},{"goals":"1.0, 1.5","odds":"1.550","header":"Under"},{"goals":"1.5","odds":"2.850","header":"Over"},{"goals":"1.5","odds":"1.400","header":"Under"},{"goals":"1.5, 2.0","odds":"3.700","header":"Over"},{"goals":"1.5, 2.0","odds":"1.260","header":"Under"},{"goals":"2.0","odds":"6.000","header":"Over"},{"goals":"2.0","odds":"1.125","header":"Under"},{"goals":"2.0, 2.5","odds":"6.800","header":"Over"},{"goals":"2.0, 2.5","odds":"1.105","header":"Under"}],"1st_half_handicap":[{"opp":"Naestved IF  +1.0","odds":"1.36"},{"opp":"Tie - FC Fredericia -1.0","odds":"3.75"},{"opp":"FC Fredericia  -1.0","odds":"10.00"}],"alternative_1st_half_handicap_result":[{"opp":"-1.0","odds":"11.00","header":"Home"},{"opp":"+1.0","odds":"4.00","header":"Tie"},{"opp":"+1.0","odds":"1.30","header":"Away"},{"opp":"+2.0","odds":"1.05","header":"Home"},{"opp":"-2.0","odds":"11.00","header":"Tie"},{"opp":"-2.0","odds":"23.00","header":"Away"}],"first_half_goals":[{"goals":"0.5","odds":"1.40","header":"Over"},{"goals":"0.5","odds":"2.75","header":"Under"},{"goals":"1.5","odds":"2.75","header":"Over"},{"goals":"1.5","odds":"1.40","header":"Under"},{"goals":"2.5","odds":"8.00","header":"Over"},{"goals":"2.5","odds":"1.08","header":"Under"},{"goals":"3.5","odds":"21.00","header":"Over"},{"goals":"3.5","odds":"1.02","header":"Under"}],"exact_1st_half_goals":[{"opp":"0 Goals","odds":"2.75"},{"opp":"1 Goal","odds":"2.50"},{"opp":"2 Goals","odds":"4.33"},{"opp":"3 Goals","odds":"10.00"},{"opp":"4 Goals","odds":"34.00"},{"opp":"5+ Goals","odds":"67.00"}],"1st_half_goals_odd_even":[{"opp":"Odd","odds":"2.10"},{"opp":"Even","odds":"1.73"}],"to_score_in_half":[{"name":"1st Half","odds":"2.20","header":"Yes"},{"name":"1st Half","odds":"1.62","header":"No"},{"name":"2nd Half","odds":"1.80","header":"Yes"},{"name":"2nd Half","odds":"1.91","header":"No"},{"name":"1st Half","odds":"2.10","header":"Yes"},{"name":"1st Half","odds":"1.67","header":"No"},{"name":"2nd Half","odds":"1.73","header":"Yes"},{"name":"2nd Half","odds":"2.00","header":"No"}],"half_with_most_goals":[{"opp":"1st Half","odds":"3.20"},{"opp":"2nd Half","odds":"2.00"},{"opp":"Tie","odds":"3.50"}],"home_team_highest_scoring_half":[{"opp":"Naestved IF - 1st Half","odds":"3.60"},{"opp":"Naestved IF - 2nd Half","odds":"2.50"},{"opp":"Naestved IF - Tie","odds":"2.25"}],"away_team_highest_scoring_half":[{"opp":"FC Fredericia - 1st Half","odds":"3.50"},{"opp":"FC Fredericia - 2nd Half","odds":"2.50"},{"opp":"FC Fredericia - Tie","odds":"2.38"}],"2nd_half_result":[{"opp":"1","odds":"3.00"},{"opp":"X","odds":"2.50"},{"opp":"2","odds":"2.62"}],"2nd_half_goals":[{"goals":"0.5","odds":"1.22","header":"Over"},{"goals":"0.5","odds":"4.00","header":"Under"},{"goals":"1.5","odds":"2.00","header":"Over"},{"goals":"1.5","odds":"1.73","header":"Under"},{"goals":"2.5","odds":"4.33","header":"Over"},{"goals":"2.5","odds":"1.20","header":"Under"},{"goals":"3.5","odds":"11.00","header":"Over"},{"goals":"3.5","odds":"1.05","header":"Under"}],"exact_2nd_half_goals":[{"opp":"0 Goals","odds":"4.00"},{"opp":"1 Goal","odds":"2.75"},{"opp":"2 Goals","odds":"3.50"},{"opp":"3 Goals","odds":"6.50"},{"opp":"4 Goals","odds":"17.00"},{"opp":"5+ Goals","odds":"29.00"}],"2nd_half_goals_odd_even":[{"opp":"Even","odds":"1.80"},{"opp":"Odd","odds":"1.91"}]}},"main":{"updated_at":"1532571358","sp":{"full_time_result":[{"opp":"1","odds":"2.80"},{"opp":"X","odds":"3.40"},{"opp":"2","odds":"2.40"}],"double_chance":[{"opp":"1X","odds":"1.57"},{"opp":"X2","odds":"1.44"},{"opp":"12","odds":"1.33"}],"correct_score":[{"opp":"1-0","odds":"9.00","header":"Home"},{"opp":"0-0","odds":"11.00","header":"X"},{"opp":"1-0","odds":"8.50","header":"Away"},{"opp":"2-0","odds":"15.00","header":"Home"},{"opp":"1-1","odds":"6.50","header":"X"},{"opp":"2-0","odds":"12.00","header":"Away"},{"opp":"2-1","odds":"10.00","header":"Home"},{"opp":"2-2","odds":"13.00","header":"X"},{"opp":"2-1","odds":"9.50","header":"Away"},{"opp":"3-0","odds":"29.00","header":"Home"},{"opp":"3-3","odds":"51.00","header":"X"},{"opp":"3-0","odds":"23.00","header":"Away"},{"opp":"3-1","odds":"23.00","header":"Home"},{"opp":"4-4","odds":"251.00","header":"X"},{"opp":"3-1","odds":"19.00","header":"Away"},{"opp":"3-2","odds":"29.00","header":"Home"},{"opp":"3-2","odds":"29.00","header":"Away"},{"opp":"4-0","odds":"51.00","header":"Home"},{"opp":"4-0","odds":"51.00","header":"Away"},{"opp":"4-1","odds":"51.00","header":"Home"},{"opp":"4-1","odds":"41.00","header":"Away"},{"opp":"4-2","odds":"67.00","header":"Home"},{"opp":"4-2","odds":"51.00","header":"Away"},{"opp":"4-3","odds":"101.00","header":"Home"},{"opp":"4-3","odds":"101.00","header":"Away"},{"opp":"5-0","odds":"151.00","header":"Home"},{"opp":"5-0","odds":"126.00","header":"Away"},{"opp":"5-1","odds":"126.00","header":"Home"},{"opp":"5-1","odds":"101.00","header":"Away"},{"opp":"5-2","odds":"151.00","header":"Home"},{"opp":"5-2","odds":"151.00","header":"Away"},{"opp":"5-3","odds":"351.00","header":"Home"},{"opp":"5-3","odds":"301.00","header":"Away"},{"opp":"6-1","odds":"351.00","header":"Away"}],"half_time_full_time":[{"opp":"Naestved IF - Naestved IF","odds":"4.50"},{"opp":"Naestved IF - Draw","odds":"15.00"},{"opp":"Naestved IF - FC Fredericia","odds":"26.00"},{"opp":"Draw - Naestved IF","odds":"6.50"},{"opp":"Draw - Draw","odds":"5.00"},{"opp":"Draw - FC Fredericia","odds":"6.00"},{"opp":"FC Fredericia - Naestved IF","odds":"29.00"},{"opp":"FC Fredericia - Draw","odds":"15.00"},{"opp":"FC Fredericia - FC Fredericia","odds":"4.00"}],"goals_over_under":[{"goals":"2.5","odds":"1.95","header":"Over"},{"goals":"2.5","odds":"1.85","header":"Under"}],"both_teams_to_score":[{"opp":"Yes","odds":"1.73"},{"opp":"No","odds":"2.00"}],"asian_handicap":[{"opp":"0.0, +0.5","odds":"1.775","header":"Home"},{"opp":"0.0, -0.5","odds":"2.100","header":"Away"}],"goal_line":[{"goals":"2.5","odds":"1.975","header":"Over"},{"goals":"2.5","odds":"1.875","header":"Under"}],"alternative_asian_handicap":[{"opp":"-1.5","odds":"5.900","header":"Home"},{"opp":"+1.5","odds":"1.130","header":"Away"},{"opp":"-1.0, -1.5","odds":"5.500","header":"Home"},{"opp":"+1.0, +1.5","odds":"1.150","header":"Away"},{"opp":"-1.0","odds":"5.000","header":"Home"},{"opp":"+1.0","odds":"1.170","header":"Away"},{"opp":"-0.5, -1.0","odds":"3.450","header":"Home"},{"opp":"+0.5, +1.0","odds":"1.300","header":"Away"},{"opp":"-0.5","odds":"2.750","header":"Home"},{"opp":"+0.5","odds":"1.425","header":"Away"},{"opp":"0.0, -0.5","odds":"2.375","header":"Home"},{"opp":"0.0, +0.5","odds":"1.550","header":"Away"},{"opp":"0.0","odds":"2.075","header":"Home"},{"opp":"0.0","odds":"1.725","header":"Away"},{"opp":"+0.5","odds":"1.575","header":"Home"},{"opp":"-0.5","odds":"2.350","header":"Away"},{"opp":"+0.5, +1.0","odds":"1.425","header":"Home"},{"opp":"-0.5, -1.0","odds":"2.750","header":"Away"},{"opp":"+1.0","odds":"1.260","header":"Home"},{"opp":"-1.0","odds":"3.700","header":"Away"},{"opp":"+1.0, +1.5","odds":"1.220","header":"Home"},{"opp":"-1.0, -1.5","odds":"4.150","header":"Away"},{"opp":"+1.5","odds":"1.190","header":"Home"},{"opp":"-1.5","odds":"4.500","header":"Away"},{"opp":"+1.5, +2.0","odds":"1.120","header":"Home"},{"opp":"-1.5, -2.0","odds":"6.250","header":"Away"}],"alternative_goal_line":[{"goals":"1.0, 1.5","odds":"1.180","header":"Over"},{"goals":"1.0, 1.5","odds":"4.650","header":"Under"},{"goals":"1.5","odds":"1.300","header":"Over"},{"goals":"1.5","odds":"3.450","header":"Under"},{"goals":"1.5, 2.0","odds":"1.350","header":"Over"},{"goals":"1.5, 2.0","odds":"3.100","header":"Under"},{"goals":"2.0","odds":"1.450","header":"Over"},{"goals":"2.0","odds":"2.675","header":"Under"},{"goals":"2.0, 2.5","odds":"1.700","header":"Over"},{"goals":"2.0, 2.5","odds":"2.100","header":"Under"},{"goals":"2.5, 3.0","odds":"2.200","header":"Over"},{"goals":"2.5, 3.0","odds":"1.650","header":"Under"},{"goals":"3.0","odds":"2.600","header":"Over"},{"goals":"3.0","odds":"1.475","header":"Under"},{"goals":"3.0, 3.5","odds":"3.000","header":"Over"},{"goals":"3.0, 3.5","odds":"1.375","header":"Under"},{"goals":"3.5","odds":"3.300","header":"Over"},{"goals":"3.5","odds":"1.325","header":"Under"},{"goals":"3.5, 4.0","odds":"4.000","header":"Over"},{"goals":"3.5, 4.0","odds":"1.230","header":"Under"},{"goals":"4.0","odds":"5.750","header":"Over"},{"goals":"4.0","odds":"1.140","header":"Under"},{"goals":"4.0, 4.5","odds":"6.000","header":"Over"},{"goals":"4.0, 4.5","odds":"1.125","header":"Under"},{"goals":"4.5","odds":"6.400","header":"Over"},{"goals":"4.5","odds":"1.115","header":"Under"}],"draw_no_bet":[{"opp":"Naestved IF","odds":"2.00"},{"opp":"FC Fredericia","odds":"1.73"}],"result_both_teams_to_score":[{"name":"Naestved IF","odds":"5.50","header":"Yes"},{"name":"Naestved IF","odds":"5.00","header":"No"},{"name":"FC Fredericia","odds":"4.75","header":"Yes"},{"name":"FC Fredericia","odds":"4.33","header":"No"},{"name":"Draw","odds":"4.50","header":"Yes"},{"name":"Draw","odds":"11.00","header":"No"}],"handicap_result":[{"opp":"Naestved IF (+1)","odds":"1.57"},{"opp":"Tie - (FC Fredericia -1)","odds":"4.00"},{"opp":"FC Fredericia (-1)","odds":"4.50"}],"alternative_handicap_result":[{"opp":"-2.0","odds":"13.00","header":"Home"},{"opp":"+2.0","odds":"8.00","header":"Tie"},{"opp":"+2.0","odds":"1.10","header":"Away"},{"opp":"-1.0","odds":"5.50","header":"Home"},{"opp":"+1.0","odds":"4.33","header":"Tie"},{"opp":"+1.0","odds":"1.44","header":"Away"},{"opp":"+2.0","odds":"1.14","header":"Home"},{"opp":"-2.0","odds":"6.50","header":"Tie"},{"opp":"-2.0","odds":"10.00","header":"Away"},{"opp":"+3.0","odds":"1.04","header":"Home"},{"opp":"-3.0","odds":"13.00","header":"Tie"},{"opp":"-3.0","odds":"17.00","header":"Away"}],"winning_margin":[{"goals":" 1","odds":"4.33","header":"Home"},{"goals":" 1","odds":"4.00","header":"Away"},{"goals":" 2","odds":"8.00","header":"Home"},{"goals":" 2","odds":"6.50","header":"Away"},{"goals":" 3","odds":"21.00","header":"Home"},{"goals":" 3","odds":"13.00","header":"Away"},{"goals":" 4+","odds":"41.00","header":"Home"},{"goals":" 4+","odds":"17.00","header":"Away"},{"goals":"Score Draw","odds":"4.50","header":"Home"},{"goals":"No Goal","odds":"11.00","header":"Home"}]}},"schedule":{"updated_at":"1532571103","sp":{"main":[{"odds":"1.975"},{"odds":"1.875"}]}},"specials":{"updated_at":"1532569543","sp":{"specials":[{"name":"To Win From Behind","odds":"11.00","header":"Home"},{"name":"To Win From Behind","odds":"10.00","header":"Away"},{"name":"To Win to Nil","odds":"5.00","header":"Home"},{"name":"To Win to Nil","odds":"4.33","header":"Away"},{"name":"To Win Either Half","odds":"1.83","header":"Home"},{"name":"To Win Either Half","odds":"1.73","header":"Away"},{"name":"To Win Both Halves","odds":"11.00","header":"Home"},{"name":"To Win Both Halves","odds":"9.00","header":"Away"},{"name":"To Score in Both Halves","odds":"4.00","header":"Home"},{"name":"To Score in Both Halves","odds":"3.50","header":"Away"}],"to_score_in_half":[{"name":"1st Half","odds":"2.20","header":"Yes"},{"name":"1st Half","odds":"1.62","header":"No"},{"name":"2nd Half","odds":"1.80","header":"Yes"},{"name":"2nd Half","odds":"1.91","header":"No"},{"name":"1st Half","odds":"2.10","header":"Yes"},{"name":"1st Half","odds":"1.67","header":"No"},{"name":"2nd Half","odds":"1.73","header":"Yes"},{"name":"2nd Half","odds":"2.00","header":"No"}]}}}]}}