{"odd":{"success":1,"results":[{"FI":"75367881","event_id":"840527","asian_lines":{"updated_at":"1532570443","sp":{"asian_handicap":[{"opp":"0.0","odds":"2.075","header":"Home"},{"opp":"0.0","odds":"1.725","header":"Away"}],"goal_line":[{"goals":"2.0, 2.5","odds":"1.925","header":"Over"},{"goals":"2.0, 2.5","odds":"1.875","header":"Under"}],"alternative_asian_handicap":[{"opp":"-1.5","odds":"6.250","header":"Home"},{"opp":"+1.5","odds":"1.120","header":"Away"},{"opp":"-1.0, -1.5","odds":"5.750","header":"Home"},{"opp":"+1.0, +1.5","odds":"1.140","header":"Away"},{"opp":"-1.0","odds":"5.250","header":"Home"},{"opp":"+1.0","odds":"1.160","header":"Away"},{"opp":"-0.5, -1.0","odds":"3.550","header":"Home"},{"opp":"+0.5, +1.0","odds":"1.275","header":"Away"},{"opp":"-0.5","odds":"2.850","header":"Home"},{"opp":"+0.5","odds":"1.400","header":"Away"},{"opp":"0.0, -0.5","odds":"2.425","header":"Home"},{"opp":"0.0, +0.5","odds":"1.525","header":"Away"},{"opp":"0.0, +0.5","odds":"1.725","header":"Home"},{"opp":"0.0, -0.5","odds":"2.075","header":"Away"},{"opp":"+0.5","odds":"1.550","header":"Home"},{"opp":"-0.5","odds":"2.375","header":"Away"},{"opp":"+0.5, +1.0","odds":"1.400","header":"Home"},{"opp":"-0.5, -1.0","odds":"2.850","header":"Away"},{"opp":"+1.0","odds":"1.240","header":"Home"},{"opp":"-1.0","odds":"3.900","header":"Away"},{"opp":"+1.0, +1.5","odds":"1.200","header":"Home"},{"opp":"-1.0, -1.5","odds":"4.400","header":"Away"},{"opp":"+1.5","odds":"1.175","header":"Home"},{"opp":"-1.5","odds":"4.800","header":"Away"},{"opp":"+1.5, +2.0","odds":"1.110","header":"Home"},{"opp":"-1.5, -2.0","odds":"6.600","header":"Away"}],"alternative_goal_line":[{"goals":"1.0","odds":"1.110","header":"Over"},{"goals":"1.0","odds":"6.600","header":"Under"},{"goals":"1.0, 1.5","odds":"1.250","header":"Over"},{"goals":"1.0, 1.5","odds":"3.800","header":"Under"},{"goals":"1.5","odds":"1.375","header":"Over"},{"goals":"1.5","odds":"3.000","header":"Under"},{"goals":"1.5, 2.0","odds":"1.475","header":"Over"},{"goals":"1.5, 2.0","odds":"2.600","header":"Under"},{"goals":"2.0","odds":"1.625","header":"Over"},{"goals":"2.0","odds":"2.250","header":"Under"},{"goals":"2.5","odds":"2.150","header":"Over"},{"goals":"2.5","odds":"1.675","header":"Under"},{"goals":"2.5, 3.0","odds":"2.500","header":"Over"},{"goals":"2.5, 3.0","odds":"1.500","header":"Under"},{"goals":"3.0","odds":"3.100","header":"Over"},{"goals":"3.0","odds":"1.350","header":"Under"},{"goals":"3.0, 3.5","odds":"3.550","header":"Over"},{"goals":"3.0, 3.5","odds":"1.275","header":"Under"},{"goals":"3.5","odds":"3.800","header":"Over"},{"goals":"3.5","odds":"1.250","header":"Under"},{"goals":"3.5, 4.0","odds":"5.000","header":"Over"},{"goals":"3.5, 4.0","odds":"1.170","header":"Under"}],"1st_half_asian_handicap":[{"opp":"0.0","odds":"2.025","header":"Home"},{"opp":"0.0","odds":"1.775","header":"Away"}],"1st_half_goal_line":[{"goals":"1.0","odds":"2.100","header":"Over"},{"goals":"1.0","odds":"1.700","header":"Under"}],"alternative_1st_half_asian_handicap":[{"opp":"-0.5, -1.0","odds":"5.000","header":"Home"},{"opp":"+0.5, +1.0","odds":"1.170","header":"Away"},{"opp":"-0.5","odds":"3.550","header":"Home"},{"opp":"+0.5","odds":"1.275","header":"Away"},{"opp":"0.0, -0.5","odds":"2.750","header":"Home"},{"opp":"0.0, +0.5","odds":"1.425","header":"Away"},{"opp":"0.0, +0.5","odds":"1.525","header":"Home"},{"opp":"0.0, -0.5","odds":"2.425","header":"Away"},{"opp":"+0.5","odds":"1.350","header":"Home"},{"opp":"-0.5","odds":"3.100","header":"Away"},{"opp":"+0.5, +1.0","odds":"1.210","header":"Home"},{"opp":"-0.5, -1.0","odds":"4.250","header":"Away"}],"alternative_1st_half_goal_line":[{"goals":"0.5, 1.0","odds":"1.675","header":"Over"},{"goals":"0.5, 1.0","odds":"2.150","header":"Under"},{"goals":"1.0, 1.5","odds":"2.675","header":"Over"},{"goals":"1.0, 1.5","odds":"1.450","header":"Under"},{"goals":"1.5","odds":"3.100","header":"Over"},{"goals":"1.5","odds":"1.350","header":"Under"},{"goals":"1.5, 2.0","odds":"4.150","header":"Over"},{"goals":"1.5, 2.0","odds":"1.220","header":"Under"}],"asian_total_corners":[{"goals":"9.0","odds":"1.975","header":"Over"},{"goals":"9.0","odds":"1.825","header":"Under"}],"1st_half_asian_corners":[{"goals":"4.0","odds":"1.750","header":"Over"},{"goals":"4.0","odds":"2.050","header":"Under"}]}},"corners":{"updated_at":"1532570457","sp":{"corners":[{"opp":"Over 9","odds":"2.20"},{"opp":"Exactly 9","odds":"7.00"},{"opp":"Under 9","odds":"2.00"}],"total_corners":[{"opp":"Under 6","odds":"7.00"},{"opp":"6 - 8","odds":"2.62"},{"opp":"9 - 11","odds":"2.60"},{"opp":"12 - 14","odds":"5.50"},{"opp":"Over 14","odds":"17.00"}],"alternative_corners":[{"goals":"3","odds":"1.01","header":"Over"},{"goals":"3","odds":"26.00","header":"Exactly"},{"goals":"3","odds":"41.00","header":"Under"},{"goals":"4","odds":"1.04","header":"Over"},{"goals":"4","odds":"17.00","header":"Exactly"},{"goals":"4","odds":"23.00","header":"Under"},{"goals":"5","odds":"1.08","header":"Over"},{"goals":"5","odds":"13.00","header":"Exactly"},{"goals":"5","odds":"13.00","header":"Under"},{"goals":"6","odds":"1.20","header":"Over"},{"goals":"6","odds":"9.00","header":"Exactly"},{"goals":"6","odds":"7.00","header":"Under"},{"goals":"7","odds":"1.40","header":"Over"},{"goals":"7","odds":"7.50","header":"Exactly"},{"goals":"7","odds":"4.33","header":"Under"},{"goals":"8","odds":"1.73","header":"Over"},{"goals":"8","odds":"7.00","header":"Exactly"},{"goals":"8","odds":"2.88","header":"Under"},{"goals":"10","odds":"3.00","header":"Over"},{"goals":"10","odds":"7.50","header":"Exactly"},{"goals":"10","odds":"1.62","header":"Under"},{"goals":"11","odds":"4.33","header":"Over"},{"goals":"11","odds":"9.00","header":"Exactly"},{"goals":"11","odds":"1.36","header":"Under"},{"goals":"12","odds":"6.50","header":"Over"},{"goals":"12","odds":"11.00","header":"Exactly"},{"goals":"12","odds":"1.20","header":"Under"},{"goals":"13","odds":"10.00","header":"Over"},{"goals":"13","odds":"15.00","header":"Exactly"},{"goals":"13","odds":"1.10","header":"Under"},{"goals":"14","odds":"15.00","header":"Over"},{"goals":"14","odds":"17.00","header":"Exactly"},{"goals":"14","odds":"1.05","header":"Under"},{"goals":"15","odds":"21.00","header":"Over"},{"goals":"15","odds":"23.00","header":"Exactly"},{"goals":"15","odds":"1.02","header":"Under"},{"goals":"16","odds":"29.00","header":"Over"},{"goals":"16","odds":"29.00","header":"Exactly"},{"goals":"16","odds":"1.02","header":"Under"}],"corners_2_way":[{"opp":"Over 8.5","odds":"1.73"},{"opp":"Under 8.5","odds":"2.00"}],"first_half_corners":[{"opp":"4","odds":"2.10","header":"Over"},{"opp":"4","odds":"4.75","header":"Exactly"},{"opp":"4","odds":"2.50","header":"Under"}],"asian_total_corners":[{"goals":"9.0","odds":"1.975","header":"Over"},{"goals":"9.0","odds":"1.825","header":"Under"}],"1st_half_asian_corners":[{"goals":"4.0","odds":"1.750","header":"Over"},{"goals":"4.0","odds":"2.050","header":"Under"}]}},"goals":{"updated_at":"1532570476","sp":{"goals_over_under":[{"goals":"2.5","odds":"2.15","header":"Over"},{"goals":"2.5","odds":"1.67","header":"Under"}],"alternative_total_goals":[{"goals":"0.5","odds":"1.06","header":"Over "},{"goals":"0.5","odds":"8.00","header":"Under"},{"goals":"1.5","odds":"1.36","header":"Over "},{"goals":"1.5","odds":"3.00","header":"Under"},{"goals":"3.5","odds":"4.00","header":"Over "},{"goals":"3.5","odds":"1.22","header":"Under"},{"goals":"4.5","odds":"7.50","header":"Over "},{"goals":"4.5","odds":"1.07","header":"Under"},{"goals":"5.5","odds":"11.00","header":"Over "},{"goals":"5.5","odds":"1.02","header":"Under"}],"result_total_goals":[{"opp":"Zeljeznicar & Over 2.5","odds":"5.50"},{"opp":"Zeljeznicar & Under 2.5","odds":"6.00"},{"opp":"Draw & Over 2.5","odds":"15.00"},{"opp":"Draw & Under  2.5","odds":"3.75"},{"opp":"Apollon Limassol & Over 2.5","odds":"4.33"},{"opp":"Apollon Limassol & Under 2.5","odds":"4.75"}],"total_goals_both_teams_to_score":[{"opp":"Over 2.5 & Yes","odds":"2.60"},{"opp":"Over 2.5 & No","odds":"10.00"},{"opp":"Under 2.5 & Yes","odds":"6.00"},{"opp":"Under 2.5 & No","odds":"2.10"}],"exact_total_goals":[{"opp":"0 Goals","odds":"8.00"},{"opp":"1 Goal","odds":"4.33"},{"opp":"2 Goals","odds":"3.40"},{"opp":"3 Goals","odds":"4.33"},{"opp":"4 Goals","odds":"6.50"},{"opp":"5 Goals","odds":"13.00"},{"opp":"6 Goals","odds":"29.00"},{"opp":"7+ Goals","odds":"17.00"}],"number_of_goals_in_match":[{"opp":"Under 2 goals","odds":"3.00"},{"opp":"2 or 3 goals","odds":"1.95"},{"opp":"Over 3 goals","odds":"4.00"}],"both_teams_to_score":[{"opp":"Yes","odds":"1.91"},{"opp":"No","odds":"1.80"}],"teams_to_score":[{"opp":"Both Teams","odds":"1.91"},{"opp":"Zeljeznicar Only","odds":"4.75"},{"opp":"No Goal","odds":"8.00"},{"opp":"Apollon Limassol Only","odds":"3.60"}],"both_teams_to_score_in_1st_half":[{"opp":"Yes","odds":"5.00"},{"opp":"No","odds":"1.14"}],"both_teams_to_score_in_2nd_half":[{"opp":"Yes","odds":"3.75"},{"opp":"No","odds":"1.25"}],"both_teams_to_score_1st_half_2nd_half":[{"opp":"Yes \/ Yes","odds":"19.00"},{"opp":"Yes \/ No","odds":"6.50"},{"opp":"No \/ Yes","odds":"4.00"},{"opp":"No \/ No","odds":"1.44"}],"first_half_goals":[{"goals":"0.5","odds":"1.50","header":"Over"},{"goals":"0.5","odds":"2.50","header":"Under"},{"goals":"1.5","odds":"3.40","header":"Over"},{"goals":"1.5","odds":"1.30","header":"Under"},{"goals":"2.5","odds":"10.00","header":"Over"},{"goals":"2.5","odds":"1.06","header":"Under"},{"goals":"3.5","odds":"26.00","header":"Over"},{"goals":"3.5","odds":"1.01","header":"Under"}],"exact_1st_half_goals":[{"opp":"0 Goals","odds":"2.50"},{"opp":"1 Goal","odds":"2.50"},{"opp":"2 Goals","odds":"4.50"},{"opp":"3 Goals","odds":"12.00"},{"opp":"4 Goals","odds":"41.00"},{"opp":"5+ Goals","odds":"81.00"}],"first_team_to_score":[{"opp":"Zeljeznicar","odds":"2.30"},{"opp":"No Goals","odds":"8.00"},{"opp":"Apollon Limassol","odds":"1.80"}],"2nd_half_goals":[{"goals":"0.5","odds":"1.29","header":"Over"},{"goals":"0.5","odds":"3.50","header":"Under"},{"goals":"1.5","odds":"2.25","header":"Over"},{"goals":"1.5","odds":"1.57","header":"Under"},{"goals":"2.5","odds":"5.50","header":"Over"},{"goals":"2.5","odds":"1.14","header":"Under"},{"goals":"3.5","odds":"15.00","header":"Over"},{"goals":"3.5","odds":"1.03","header":"Under"}],"exact_2nd_half_goals":[{"opp":"0 Goals","odds":"3.50"},{"opp":"1 Goal","odds":"2.62"},{"opp":"2 Goals","odds":"3.75"},{"opp":"3 Goals","odds":"7.50"},{"opp":"4 Goals","odds":"21.00"},{"opp":"5+ Goals","odds":"34.00"}],"half_with_most_goals":[{"opp":"1st Half","odds":"3.20"},{"opp":"2nd Half","odds":"2.05"},{"opp":"Tie","odds":"3.40"}],"home_team_highest_scoring_half":[{"opp":"Zeljeznicar - 1st Half","odds":"3.75"},{"opp":"Zeljeznicar - 2nd Half","odds":"2.62"},{"opp":"Zeljeznicar - Tie","odds":"2.10"}],"away_team_highest_scoring_half":[{"opp":"Apollon Limassol - 1st Half","odds":"3.60"},{"opp":"Apollon Limassol - 2nd Half","odds":"2.50"},{"opp":"Apollon Limassol - Tie","odds":"2.25"}],"home_team_exact_goals":[{"opp":"Zeljeznicar - 0 Goals","odds":"2.62"},{"opp":"Zeljeznicar - 1 Goal","odds":"2.50"},{"opp":"Zeljeznicar - 2 Goals","odds":"4.33"},{"opp":"Zeljeznicar - 3+ Goals","odds":"7.00"}],"away_team_exact_goals":[{"opp":"Apollon Limassol - 0 Goals","odds":"3.25"},{"opp":"Apollon Limassol - 1 Goal","odds":"2.60"},{"opp":"Apollon Limassol - 2 Goals","odds":"4.00"},{"opp":"Apollon Limassol - 3+ Goals","odds":"5.50"}],"goals_odd_even":[{"opp":"Even","odds":"1.90"},{"opp":"Odd","odds":"1.95"}],"home_team_odd_even_goals":[{"opp":"Zeljeznicar - Even","odds":"1.67"},{"opp":"Zeljeznicar - Odd","odds":"2.10"}],"away_team_odd_even_goals":[{"opp":"Apollon Limassol - Even","odds":"1.73"},{"opp":"Apollon Limassol - Odd","odds":"2.00"}],"1st_half_goals_odd_even":[{"opp":"Odd","odds":"2.20"},{"opp":"Even","odds":"1.67"}],"last_team_to_score":[{"opp":"Zeljeznicar","odds":"2.30"},{"opp":"No Goal","odds":"8.00"},{"opp":"Apollon Limassol","odds":"1.80"}]}},"half":{"updated_at":"1532570495","sp":{"half_time_result":[{"opp":"1","odds":"3.60"},{"opp":"X","odds":"2.00"},{"opp":"2","odds":"3.10"}],"half_time_double_chance":[{"opp":"1X","odds":"1.36"},{"opp":"X2","odds":"1.29"},{"opp":"12","odds":"1.73"}],"half_time_result_both_teams_to_score":[{"opp":"Zeljeznicar & Yes","odds":"23.00"},{"opp":"Zeljeznicar & No","odds":"4.00"},{"opp":"Draw & Yes","odds":"8.50"},{"opp":"Draw & No","odds":"2.50"},{"opp":"Apollon Limassol & Yes","odds":"23.00"},{"opp":"Apollon Limassol & No","odds":"3.40"}],"half_time_result_total_goals":[{"opp":"Zeljeznicar & Over 1.5","odds":"10.00"},{"opp":"Zeljeznicar & Under 1.5","odds":"5.00"},{"opp":"Draw & Over 1.5","odds":"8.50"},{"opp":"Draw & Under 1.5","odds":"2.50"},{"opp":"Apollon Limassol & Over 1.5","odds":"8.50"},{"opp":"Apollon Limassol & Under 1.5","odds":"4.33"}],"half_time_correct_score":[{"opp":"1-0","odds":"5.00","header":"Home"},{"opp":"0-0","odds":"2.50","header":"X"},{"opp":"1-0","odds":"4.33","header":"Away"},{"opp":"2-0","odds":"17.00","header":"Home"},{"opp":"1-1","odds":"8.50","header":"X"},{"opp":"2-0","odds":"13.00","header":"Away"},{"opp":"2-1","odds":"29.00","header":"Home"},{"opp":"2-2","odds":"67.00","header":"X"},{"opp":"2-1","odds":"29.00","header":"Away"},{"opp":"3-0","odds":"51.00","header":"Home"},{"opp":"3-0","odds":"41.00","header":"Away"},{"opp":"3-1","odds":"101.00","header":"Home"},{"opp":"3-1","odds":"81.00","header":"Away"},{"opp":"4-0","odds":"151.00","header":"Away"}],"both_teams_to_score_in_1st_half":[{"opp":"Yes","odds":"5.00"},{"opp":"No","odds":"1.14"}],"both_teams_to_score_in_2nd_half":[{"opp":"Yes","odds":"3.75"},{"opp":"No","odds":"1.25"}],"both_teams_to_score_1st_half_2nd_half":[{"opp":"Yes \/ Yes","odds":"19.00"},{"opp":"Yes \/ No","odds":"6.50"},{"opp":"No \/ Yes","odds":"4.00"},{"opp":"No \/ No","odds":"1.44"}],"1st_half_asian_handicap":[{"opp":"0.0","odds":"2.025","header":"Home"},{"opp":"0.0","odds":"1.775","header":"Away"}],"1st_half_goal_line":[{"goals":"1.0","odds":"2.100","header":"Over"},{"goals":"1.0","odds":"1.700","header":"Under"}],"alternative_1st_half_asian_handicap":[{"opp":"-0.5, -1.0","odds":"5.000","header":"Home"},{"opp":"+0.5, +1.0","odds":"1.170","header":"Away"},{"opp":"-0.5","odds":"3.550","header":"Home"},{"opp":"+0.5","odds":"1.275","header":"Away"},{"opp":"0.0, -0.5","odds":"2.750","header":"Home"},{"opp":"0.0, +0.5","odds":"1.425","header":"Away"},{"opp":"0.0, +0.5","odds":"1.525","header":"Home"},{"opp":"0.0, -0.5","odds":"2.425","header":"Away"},{"opp":"+0.5","odds":"1.350","header":"Home"},{"opp":"-0.5","odds":"3.100","header":"Away"},{"opp":"+0.5, +1.0","odds":"1.210","header":"Home"},{"opp":"-0.5, -1.0","odds":"4.250","header":"Away"}],"alternative_1st_half_goal_line":[{"goals":"0.5, 1.0","odds":"1.675","header":"Over"},{"goals":"0.5, 1.0","odds":"2.150","header":"Under"},{"goals":"1.0, 1.5","odds":"2.675","header":"Over"},{"goals":"1.0, 1.5","odds":"1.450","header":"Under"},{"goals":"1.5","odds":"3.100","header":"Over"},{"goals":"1.5","odds":"1.350","header":"Under"},{"goals":"1.5, 2.0","odds":"4.150","header":"Over"},{"goals":"1.5, 2.0","odds":"1.220","header":"Under"}],"1st_half_handicap":[{"opp":"Zeljeznicar  +1.0","odds":"1.36"},{"opp":"Tie - Apollon Limassol -1.0","odds":"3.75"},{"opp":"Apollon Limassol  -1.0","odds":"10.00"}],"alternative_1st_half_handicap_result":[{"opp":"-1.0","odds":"13.00","header":"Home"},{"opp":"+1.0","odds":"4.33","header":"Tie"},{"opp":"+1.0","odds":"1.29","header":"Away"},{"opp":"+2.0","odds":"1.05","header":"Home"},{"opp":"-2.0","odds":"11.00","header":"Tie"},{"opp":"-2.0","odds":"21.00","header":"Away"}],"first_half_goals":[{"goals":"0.5","odds":"1.50","header":"Over"},{"goals":"0.5","odds":"2.50","header":"Under"},{"goals":"1.5","odds":"3.40","header":"Over"},{"goals":"1.5","odds":"1.30","header":"Under"},{"goals":"2.5","odds":"10.00","header":"Over"},{"goals":"2.5","odds":"1.06","header":"Under"},{"goals":"3.5","odds":"26.00","header":"Over"},{"goals":"3.5","odds":"1.01","header":"Under"}],"exact_1st_half_goals":[{"opp":"0 Goals","odds":"2.50"},{"opp":"1 Goal","odds":"2.50"},{"opp":"2 Goals","odds":"4.50"},{"opp":"3 Goals","odds":"12.00"},{"opp":"4 Goals","odds":"41.00"},{"opp":"5+ Goals","odds":"81.00"}],"first_half_corners":[{"opp":"4","odds":"2.10","header":"Over"},{"opp":"4","odds":"4.75","header":"Exactly"},{"opp":"4","odds":"2.50","header":"Under"}],"1st_half_asian_corners":[{"goals":"4.0","odds":"1.750","header":"Over"},{"goals":"4.0","odds":"2.050","header":"Under"}],"1st_half_goals_odd_even":[{"opp":"Odd","odds":"2.20"},{"opp":"Even","odds":"1.67"}],"to_score_in_half":[{"name":"1st Half","odds":"2.50","header":"Yes"},{"name":"1st Half","odds":"1.50","header":"No"},{"name":"2nd Half","odds":"2.00","header":"Yes"},{"name":"2nd Half","odds":"1.73","header":"No"},{"name":"1st Half","odds":"2.20","header":"Yes"},{"name":"1st Half","odds":"1.62","header":"No"},{"name":"2nd Half","odds":"1.80","header":"Yes"},{"name":"2nd Half","odds":"1.91","header":"No"}],"half_with_most_goals":[{"opp":"1st Half","odds":"3.20"},{"opp":"2nd Half","odds":"2.05"},{"opp":"Tie","odds":"3.40"}],"home_team_highest_scoring_half":[{"opp":"Zeljeznicar - 1st Half","odds":"3.75"},{"opp":"Zeljeznicar - 2nd Half","odds":"2.62"},{"opp":"Zeljeznicar - Tie","odds":"2.10"}],"away_team_highest_scoring_half":[{"opp":"Apollon Limassol - 1st Half","odds":"3.60"},{"opp":"Apollon Limassol - 2nd Half","odds":"2.50"},{"opp":"Apollon Limassol - Tie","odds":"2.25"}],"2nd_half_result":[{"opp":"1","odds":"3.20"},{"opp":"X","odds":"2.38"},{"opp":"2","odds":"2.62"}],"2nd_half_goals":[{"goals":"0.5","odds":"1.29","header":"Over"},{"goals":"0.5","odds":"3.50","header":"Under"},{"goals":"1.5","odds":"2.25","header":"Over"},{"goals":"1.5","odds":"1.57","header":"Under"},{"goals":"2.5","odds":"5.50","header":"Over"},{"goals":"2.5","odds":"1.14","header":"Under"},{"goals":"3.5","odds":"15.00","header":"Over"},{"goals":"3.5","odds":"1.03","header":"Under"}],"exact_2nd_half_goals":[{"opp":"0 Goals","odds":"3.50"},{"opp":"1 Goal","odds":"2.62"},{"opp":"2 Goals","odds":"3.75"},{"opp":"3 Goals","odds":"7.50"},{"opp":"4 Goals","odds":"21.00"},{"opp":"5+ Goals","odds":"34.00"}],"2nd_half_goals_odd_even":[{"opp":"Even","odds":"1.73"},{"opp":"Odd","odds":"2.00"}]}},"main":{"updated_at":"1532570429","sp":{"full_time_result":[{"opp":"1","odds":"3.00"},{"opp":"X","odds":"3.10"},{"opp":"2","odds":"2.30"}],"double_chance":[{"opp":"1X","odds":"1.57"},{"opp":"X2","odds":"1.36"},{"opp":"12","odds":"1.36"}],"correct_score":[{"opp":"1-0","odds":"8.50","header":"Home"},{"opp":"0-0","odds":"8.00","header":"X"},{"opp":"1-0","odds":"7.00","header":"Away"},{"opp":"2-0","odds":"15.00","header":"Home"},{"opp":"1-1","odds":"6.00","header":"X"},{"opp":"2-0","odds":"11.00","header":"Away"},{"opp":"2-1","odds":"12.00","header":"Home"},{"opp":"2-2","odds":"15.00","header":"X"},{"opp":"2-1","odds":"10.00","header":"Away"},{"opp":"3-0","odds":"34.00","header":"Home"},{"opp":"3-3","odds":"51.00","header":"X"},{"opp":"3-0","odds":"21.00","header":"Away"},{"opp":"3-1","odds":"26.00","header":"Home"},{"opp":"3-1","odds":"21.00","header":"Away"},{"opp":"3-2","odds":"41.00","header":"Home"},{"opp":"3-2","odds":"34.00","header":"Away"},{"opp":"4-0","odds":"67.00","header":"Home"},{"opp":"4-0","odds":"41.00","header":"Away"},{"opp":"4-1","odds":"51.00","header":"Home"},{"opp":"4-1","odds":"41.00","header":"Away"},{"opp":"4-2","odds":"81.00","header":"Home"},{"opp":"4-2","odds":"67.00","header":"Away"},{"opp":"4-3","odds":"151.00","header":"Home"},{"opp":"4-3","odds":"151.00","header":"Away"},{"opp":"5-1","odds":"151.00","header":"Home"},{"opp":"5-0","odds":"101.00","header":"Away"},{"opp":"5-1","odds":"101.00","header":"Away"}],"half_time_full_time":[{"opp":"Zeljeznicar - Zeljeznicar","odds":"5.00"},{"opp":"Zeljeznicar - Draw","odds":"15.00"},{"opp":"Zeljeznicar - Apollon Limassol","odds":"29.00"},{"opp":"Draw - Zeljeznicar","odds":"6.50"},{"opp":"Draw - Draw","odds":"4.75"},{"opp":"Draw - Apollon Limassol","odds":"5.50"},{"opp":"Apollon Limassol - Zeljeznicar","odds":"34.00"},{"opp":"Apollon Limassol - Draw","odds":"15.00"},{"opp":"Apollon Limassol - Apollon Limassol","odds":"4.00"}],"goals_over_under":[{"goals":"2.5","odds":"2.15","header":"Over"},{"goals":"2.5","odds":"1.67","header":"Under"}],"both_teams_to_score":[{"opp":"Yes","odds":"1.91"},{"opp":"No","odds":"1.80"}],"asian_handicap":[{"opp":"0.0","odds":"2.075","header":"Home"},{"opp":"0.0","odds":"1.725","header":"Away"}],"goal_line":[{"goals":"2.0, 2.5","odds":"1.925","header":"Over"},{"goals":"2.0, 2.5","odds":"1.875","header":"Under"}],"alternative_asian_handicap":[{"opp":"-1.5","odds":"6.250","header":"Home"},{"opp":"+1.5","odds":"1.120","header":"Away"},{"opp":"-1.0, -1.5","odds":"5.750","header":"Home"},{"opp":"+1.0, +1.5","odds":"1.140","header":"Away"},{"opp":"-1.0","odds":"5.250","header":"Home"},{"opp":"+1.0","odds":"1.160","header":"Away"},{"opp":"-0.5, -1.0","odds":"3.550","header":"Home"},{"opp":"+0.5, +1.0","odds":"1.275","header":"Away"},{"opp":"-0.5","odds":"2.850","header":"Home"},{"opp":"+0.5","odds":"1.400","header":"Away"},{"opp":"0.0, -0.5","odds":"2.425","header":"Home"},{"opp":"0.0, +0.5","odds":"1.525","header":"Away"},{"opp":"0.0, +0.5","odds":"1.725","header":"Home"},{"opp":"0.0, -0.5","odds":"2.075","header":"Away"},{"opp":"+0.5","odds":"1.550","header":"Home"},{"opp":"-0.5","odds":"2.375","header":"Away"},{"opp":"+0.5, +1.0","odds":"1.400","header":"Home"},{"opp":"-0.5, -1.0","odds":"2.850","header":"Away"},{"opp":"+1.0","odds":"1.240","header":"Home"},{"opp":"-1.0","odds":"3.900","header":"Away"},{"opp":"+1.0, +1.5","odds":"1.200","header":"Home"},{"opp":"-1.0, -1.5","odds":"4.400","header":"Away"},{"opp":"+1.5","odds":"1.175","header":"Home"},{"opp":"-1.5","odds":"4.800","header":"Away"},{"opp":"+1.5, +2.0","odds":"1.110","header":"Home"},{"opp":"-1.5, -2.0","odds":"6.600","header":"Away"}],"alternative_goal_line":[{"goals":"1.0","odds":"1.110","header":"Over"},{"goals":"1.0","odds":"6.600","header":"Under"},{"goals":"1.0, 1.5","odds":"1.250","header":"Over"},{"goals":"1.0, 1.5","odds":"3.800","header":"Under"},{"goals":"1.5","odds":"1.375","header":"Over"},{"goals":"1.5","odds":"3.000","header":"Under"},{"goals":"1.5, 2.0","odds":"1.475","header":"Over"},{"goals":"1.5, 2.0","odds":"2.600","header":"Under"},{"goals":"2.0","odds":"1.625","header":"Over"},{"goals":"2.0","odds":"2.250","header":"Under"},{"goals":"2.5","odds":"2.150","header":"Over"},{"goals":"2.5","odds":"1.675","header":"Under"},{"goals":"2.5, 3.0","odds":"2.500","header":"Over"},{"goals":"2.5, 3.0","odds":"1.500","header":"Under"},{"goals":"3.0","odds":"3.100","header":"Over"},{"goals":"3.0","odds":"1.350","header":"Under"},{"goals":"3.0, 3.5","odds":"3.550","header":"Over"},{"goals":"3.0, 3.5","odds":"1.275","header":"Under"},{"goals":"3.5","odds":"3.800","header":"Over"},{"goals":"3.5","odds":"1.250","header":"Under"},{"goals":"3.5, 4.0","odds":"5.000","header":"Over"},{"goals":"3.5, 4.0","odds":"1.170","header":"Under"}],"draw_no_bet":[{"opp":"Zeljeznicar","odds":"2.10"},{"opp":"Apollon Limassol","odds":"1.67"}],"result_both_teams_to_score":[{"name":"Zeljeznicar","odds":"7.00","header":"Yes"},{"name":"Zeljeznicar","odds":"5.00","header":"No"},{"name":"Apollon Limassol","odds":"5.50","header":"Yes"},{"name":"Apollon Limassol","odds":"3.75","header":"No"},{"name":"Draw","odds":"4.50","header":"Yes"},{"name":"Draw","odds":"8.00","header":"No"}],"handicap_result":[{"opp":"Zeljeznicar (+1)","odds":"1.57"},{"opp":"Tie - (Apollon Limassol -1)","odds":"4.00"},{"opp":"Apollon Limassol (-1)","odds":"4.50"}],"alternative_handicap_result":[{"opp":"-2.0","odds":"15.00","header":"Home"},{"opp":"+2.0","odds":"8.50","header":"Tie"},{"opp":"+2.0","odds":"1.08","header":"Away"},{"opp":"-1.0","odds":"6.50","header":"Home"},{"opp":"+1.0","odds":"4.50","header":"Tie"},{"opp":"+1.0","odds":"1.36","header":"Away"},{"opp":"+2.0","odds":"1.14","header":"Home"},{"opp":"-2.0","odds":"6.50","header":"Tie"},{"opp":"-2.0","odds":"10.00","header":"Away"},{"opp":"+3.0","odds":"1.04","header":"Home"},{"opp":"-3.0","odds":"13.00","header":"Tie"},{"opp":"-3.0","odds":"17.00","header":"Away"}],"winning_margin":[{"goals":" 1","odds":"4.50","header":"Home"},{"goals":" 1","odds":"4.00","header":"Away"},{"goals":" 2","odds":"8.50","header":"Home"},{"goals":" 2","odds":"6.50","header":"Away"},{"goals":" 3","odds":"26.00","header":"Home"},{"goals":" 3","odds":"13.00","header":"Away"},{"goals":" 4+","odds":"51.00","header":"Home"},{"goals":" 4+","odds":"17.00","header":"Away"},{"goals":"Score Draw","odds":"4.50","header":"Home"},{"goals":"No Goal","odds":"8.00","header":"Home"}]}},"schedule":{"updated_at":"1532570967","sp":{"main":[{"odds":"1.925"},{"odds":"1.875"}]}},"specials":{"updated_at":"1532570512","sp":{"specials":[{"name":"To Win From Behind","odds":"11.00","header":"Home"},{"name":"To Win From Behind","odds":"10.00","header":"Away"},{"name":"To Win to Nil","odds":"5.00","header":"Home"},{"name":"To Win to Nil","odds":"3.75","header":"Away"},{"name":"To Win Either Half","odds":"2.00","header":"Home"},{"name":"To Win Either Half","odds":"1.73","header":"Away"},{"name":"To Win Both Halves","odds":"13.00","header":"Home"},{"name":"To Win Both Halves","odds":"9.00","header":"Away"},{"name":"To Score in Both Halves","odds":"5.00","header":"Home"},{"name":"To Score in Both Halves","odds":"4.00","header":"Away"}],"to_score_in_half":[{"name":"1st Half","odds":"2.50","header":"Yes"},{"name":"1st Half","odds":"1.50","header":"No"},{"name":"2nd Half","odds":"2.00","header":"Yes"},{"name":"2nd Half","odds":"1.73","header":"No"},{"name":"1st Half","odds":"2.20","header":"Yes"},{"name":"1st Half","odds":"1.62","header":"No"},{"name":"2nd Half","odds":"1.80","header":"Yes"},{"name":"2nd Half","odds":"1.91","header":"No"}]}}}]}}