{"odd":{"success":1,"results":[{"FI":"75367950","event_id":"845019","asian_lines":{"updated_at":"1532570229","sp":{"asian_handicap":[{"opp":"-1.0","odds":"2.025","header":"Home"},{"opp":"+1.0","odds":"1.775","header":"Away"}],"goal_line":[{"goals":"2.0, 2.5","odds":"2.000","header":"Over"},{"goals":"2.0, 2.5","odds":"1.800","header":"Under"}],"alternative_asian_handicap":[{"opp":"-2.5","odds":"5.500","header":"Home"},{"opp":"+2.5","odds":"1.150","header":"Away"},{"opp":"-2.0, -2.5","odds":"5.000","header":"Home"},{"opp":"+2.0, +2.5","odds":"1.170","header":"Away"},{"opp":"-2.0","odds":"4.500","header":"Home"},{"opp":"+2.0","odds":"1.190","header":"Away"},{"opp":"-1.5, -2.0","odds":"3.300","header":"Home"},{"opp":"+1.5, +2.0","odds":"1.325","header":"Away"},{"opp":"-1.5","odds":"2.675","header":"Home"},{"opp":"+1.5","odds":"1.450","header":"Away"},{"opp":"-1.0, -1.5","odds":"2.350","header":"Home"},{"opp":"+1.0, +1.5","odds":"1.575","header":"Away"},{"opp":"-0.5, -1.0","odds":"1.725","header":"Home"},{"opp":"+0.5, +1.0","odds":"2.075","header":"Away"},{"opp":"-0.5","odds":"1.575","header":"Home"},{"opp":"+0.5","odds":"2.350","header":"Away"},{"opp":"0.0, -0.5","odds":"1.375","header":"Home"},{"opp":"0.0, +0.5","odds":"3.000","header":"Away"},{"opp":"0.0","odds":"1.200","header":"Home"},{"opp":"0.0","odds":"4.400","header":"Away"},{"opp":"0.0, +0.5","odds":"1.160","header":"Home"},{"opp":"0.0, -0.5","odds":"5.250","header":"Away"},{"opp":"+0.5","odds":"1.140","header":"Home"},{"opp":"-0.5","odds":"5.750","header":"Away"}],"alternative_goal_line":[{"goals":"0.5, 1.0","odds":"1.100","header":"Over"},{"goals":"0.5, 1.0","odds":"7.000","header":"Under"},{"goals":"1.0","odds":"1.120","header":"Over"},{"goals":"1.0","odds":"6.250","header":"Under"},{"goals":"1.0, 1.5","odds":"1.275","header":"Over"},{"goals":"1.0, 1.5","odds":"3.550","header":"Under"},{"goals":"1.5","odds":"1.425","header":"Over"},{"goals":"1.5","odds":"2.750","header":"Under"},{"goals":"1.5, 2.0","odds":"1.525","header":"Over"},{"goals":"1.5, 2.0","odds":"2.425","header":"Under"},{"goals":"2.0","odds":"1.700","header":"Over"},{"goals":"2.0","odds":"2.100","header":"Under"},{"goals":"2.5","odds":"2.250","header":"Over"},{"goals":"2.5","odds":"1.625","header":"Under"},{"goals":"2.5, 3.0","odds":"2.675","header":"Over"},{"goals":"2.5, 3.0","odds":"1.450","header":"Under"},{"goals":"3.0","odds":"3.450","header":"Over"},{"goals":"3.0","odds":"1.300","header":"Under"},{"goals":"3.0, 3.5","odds":"3.800","header":"Over"},{"goals":"3.0, 3.5","odds":"1.250","header":"Under"},{"goals":"3.5","odds":"4.150","header":"Over"},{"goals":"3.5","odds":"1.220","header":"Under"},{"goals":"3.5, 4.0","odds":"5.500","header":"Over"},{"goals":"3.5, 4.0","odds":"1.150","header":"Under"}],"1st_half_asian_handicap":[{"opp":"0.0, -0.5","odds":"1.775","header":"Home"},{"opp":"0.0, +0.5","odds":"2.025","header":"Away"}],"1st_half_goal_line":[{"goals":"0.5, 1.0","odds":"1.700","header":"Over"},{"goals":"0.5, 1.0","odds":"2.100","header":"Under"}],"alternative_1st_half_asian_handicap":[{"opp":"-1.5","odds":"6.250","header":"Home"},{"opp":"+1.5","odds":"1.120","header":"Away"},{"opp":"-1.0, -1.5","odds":"5.750","header":"Home"},{"opp":"+1.0, +1.5","odds":"1.140","header":"Away"},{"opp":"-1.0","odds":"4.650","header":"Home"},{"opp":"+1.0","odds":"1.180","header":"Away"},{"opp":"-0.5, -1.0","odds":"2.850","header":"Home"},{"opp":"+0.5, +1.0","odds":"1.400","header":"Away"},{"opp":"-0.5","odds":"2.250","header":"Home"},{"opp":"+0.5","odds":"1.625","header":"Away"},{"opp":"0.0","odds":"1.300","header":"Home"},{"opp":"0.0","odds":"3.450","header":"Away"},{"opp":"0.0, +0.5","odds":"1.180","header":"Home"},{"opp":"0.0, -0.5","odds":"4.650","header":"Away"},{"opp":"+0.5","odds":"1.130","header":"Home"},{"opp":"-0.5","odds":"5.900","header":"Away"}],"alternative_1st_half_goal_line":[{"goals":"1.0","odds":"2.200","header":"Over"},{"goals":"1.0","odds":"1.650","header":"Under"},{"goals":"1.0, 1.5","odds":"2.750","header":"Over"},{"goals":"1.0, 1.5","odds":"1.425","header":"Under"},{"goals":"1.5","odds":"3.300","header":"Over"},{"goals":"1.5","odds":"1.325","header":"Under"},{"goals":"1.5, 2.0","odds":"4.400","header":"Over"},{"goals":"1.5, 2.0","odds":"1.200","header":"Under"}],"asian_total_corners":[{"goals":"8.0","odds":"1.800","header":"Over"},{"goals":"8.0","odds":"2.000","header":"Under"}]}},"corners":{"updated_at":"1532570240","sp":{"asian_total_corners":[{"goals":"8.0","odds":"1.800","header":"Over"},{"goals":"8.0","odds":"2.000","header":"Under"}]}},"goals":{"updated_at":"1532570257","sp":{"goals_over_under":[{"goals":"2.5","odds":"2.25","header":"Over"},{"goals":"2.5","odds":"1.62","header":"Under"}],"alternative_total_goals":[{"goals":"0.5","odds":"1.06","header":"Over "},{"goals":"0.5","odds":"8.00","header":"Under"},{"goals":"1.5","odds":"1.40","header":"Over "},{"goals":"1.5","odds":"2.75","header":"Under"},{"goals":"3.5","odds":"4.00","header":"Over "},{"goals":"3.5","odds":"1.22","header":"Under"},{"goals":"4.5","odds":"7.50","header":"Over "},{"goals":"4.5","odds":"1.07","header":"Under"},{"goals":"5.5","odds":"11.00","header":"Over "},{"goals":"5.5","odds":"1.02","header":"Under"}],"result_total_goals":[{"opp":"FC Ufa & Over 2.5","odds":"2.88"},{"opp":"FC Ufa & Under 2.5","odds":"3.20"},{"opp":"Draw & Over 2.5","odds":"21.00"},{"opp":"Draw & Under  2.5","odds":"4.33"},{"opp":"NK Domzale & Over 2.5","odds":"12.00"},{"opp":"NK Domzale & Under 2.5","odds":"9.50"}],"total_goals_both_teams_to_score":[{"opp":"Over 2.5 & Yes","odds":"3.00"},{"opp":"Over 2.5 & No","odds":"7.00"},{"opp":"Under 2.5 & Yes","odds":"7.50"},{"opp":"Under 2.5 & No","odds":"1.95"}],"exact_total_goals":[{"opp":"0 Goals","odds":"8.00"},{"opp":"1 Goal","odds":"4.00"},{"opp":"2 Goals","odds":"3.50"},{"opp":"3 Goals","odds":"4.33"},{"opp":"4 Goals","odds":"7.00"},{"opp":"5 Goals","odds":"15.00"},{"opp":"6 Goals","odds":"29.00"},{"opp":"7+ Goals","odds":"17.00"}],"number_of_goals_in_match":[{"opp":"Under 2 goals","odds":"2.75"},{"opp":"2 or 3 goals","odds":"2.00"},{"opp":"Over 3 goals","odds":"4.00"}],"both_teams_to_score":[{"opp":"Yes","odds":"2.25"},{"opp":"No","odds":"1.57"}],"teams_to_score":[{"opp":"Both Teams","odds":"2.25"},{"opp":"FC Ufa Only","odds":"2.25"},{"opp":"No Goal","odds":"8.00"},{"opp":"NK Domzale Only","odds":"8.50"}],"both_teams_to_score_in_1st_half":[{"opp":"Yes","odds":"6.00"},{"opp":"No","odds":"1.11"}],"both_teams_to_score_in_2nd_half":[{"opp":"Yes","odds":"4.33"},{"opp":"No","odds":"1.20"}],"both_teams_to_score_1st_half_2nd_half":[{"opp":"Yes \/ Yes","odds":"26.00"},{"opp":"Yes \/ No","odds":"7.50"},{"opp":"No \/ Yes","odds":"4.75"},{"opp":"No \/ No","odds":"1.36"}],"first_half_goals":[{"goals":"0.5","odds":"1.50","header":"Over"},{"goals":"0.5","odds":"2.50","header":"Under"},{"goals":"1.5","odds":"3.40","header":"Over"},{"goals":"1.5","odds":"1.30","header":"Under"},{"goals":"2.5","odds":"10.00","header":"Over"},{"goals":"2.5","odds":"1.06","header":"Under"},{"goals":"3.5","odds":"26.00","header":"Over"},{"goals":"3.5","odds":"1.01","header":"Under"}],"exact_1st_half_goals":[{"opp":"0 Goals","odds":"2.50"},{"opp":"1 Goal","odds":"2.50"},{"opp":"2 Goals","odds":"4.50"},{"opp":"3 Goals","odds":"12.00"},{"opp":"4 Goals","odds":"41.00"},{"opp":"5+ Goals","odds":"81.00"}],"first_team_to_score":[{"opp":"FC Ufa","odds":"1.44"},{"opp":"No Goals","odds":"8.00"},{"opp":"NK Domzale","odds":"3.50"}],"2nd_half_goals":[{"goals":"0.5","odds":"1.29","header":"Over"},{"goals":"0.5","odds":"3.50","header":"Under"},{"goals":"1.5","odds":"2.38","header":"Over"},{"goals":"1.5","odds":"1.53","header":"Under"},{"goals":"2.5","odds":"5.50","header":"Over"},{"goals":"2.5","odds":"1.14","header":"Under"},{"goals":"3.5","odds":"15.00","header":"Over"},{"goals":"3.5","odds":"1.03","header":"Under"}],"exact_2nd_half_goals":[{"opp":"0 Goals","odds":"3.50"},{"opp":"1 Goal","odds":"2.62"},{"opp":"2 Goals","odds":"3.75"},{"opp":"3 Goals","odds":"8.00"},{"opp":"4 Goals","odds":"21.00"},{"opp":"5+ Goals","odds":"41.00"}],"half_with_most_goals":[{"opp":"1st Half","odds":"3.20"},{"opp":"2nd Half","odds":"2.10"},{"opp":"Tie","odds":"3.25"}],"home_team_highest_scoring_half":[{"opp":"FC Ufa - 1st Half","odds":"3.40"},{"opp":"FC Ufa - 2nd Half","odds":"2.30"},{"opp":"FC Ufa - Tie","odds":"2.62"}],"away_team_highest_scoring_half":[{"opp":"NK Domzale - 1st Half","odds":"4.50"},{"opp":"NK Domzale - 2nd Half","odds":"3.40"},{"opp":"NK Domzale - Tie","odds":"1.67"}],"home_team_exact_goals":[{"opp":"FC Ufa - 0 Goals","odds":"4.33"},{"opp":"FC Ufa - 1 Goal","odds":"2.88"},{"opp":"FC Ufa - 2 Goals","odds":"3.40"},{"opp":"FC Ufa - 3+ Goals","odds":"3.75"}],"away_team_exact_goals":[{"opp":"NK Domzale - 0 Goals","odds":"1.83"},{"opp":"NK Domzale - 1 Goal","odds":"2.60"},{"opp":"NK Domzale - 2 Goals","odds":"6.50"},{"opp":"NK Domzale - 3+ Goals","odds":"11.00"}],"goals_odd_even":[{"opp":"Even","odds":"1.90"},{"opp":"Odd","odds":"1.95"}],"home_team_odd_even_goals":[{"opp":"FC Ufa - Even","odds":"1.80"},{"opp":"FC Ufa - Odd","odds":"1.91"}],"away_team_odd_even_goals":[{"opp":"NK Domzale - Even","odds":"1.50"},{"opp":"NK Domzale - Odd","odds":"2.50"}],"1st_half_goals_odd_even":[{"opp":"Odd","odds":"2.20"},{"opp":"Even","odds":"1.67"}],"last_team_to_score":[{"opp":"FC Ufa","odds":"1.44"},{"opp":"No Goal","odds":"8.00"},{"opp":"NK Domzale","odds":"3.50"}]}},"half":{"updated_at":"1532570271","sp":{"half_time_result":[{"opp":"1","odds":"2.20"},{"opp":"X","odds":"2.05"},{"opp":"2","odds":"6.00"}],"half_time_double_chance":[{"opp":"1X","odds":"1.12"},{"opp":"X2","odds":"1.62"},{"opp":"12","odds":"1.73"}],"half_time_result_both_teams_to_score":[{"opp":"FC Ufa & Yes","odds":"21.00"},{"opp":"FC Ufa & No","odds":"2.40"},{"opp":"Draw & Yes","odds":"10.00"},{"opp":"Draw & No","odds":"2.50"},{"opp":"NK Domzale & Yes","odds":"41.00"},{"opp":"NK Domzale & No","odds":"6.00"}],"half_time_result_total_goals":[{"opp":"FC Ufa & Over 1.5","odds":"5.50"},{"opp":"FC Ufa & Under 1.5","odds":"3.40"},{"opp":"Draw & Over 1.5","odds":"10.00"},{"opp":"Draw & Under 1.5","odds":"2.50"},{"opp":"NK Domzale & Over 1.5","odds":"21.00"},{"opp":"NK Domzale & Under 1.5","odds":"7.00"}],"half_time_correct_score":[{"opp":"1-0","odds":"3.40","header":"Home"},{"opp":"0-0","odds":"2.50","header":"X"},{"opp":"1-0","odds":"7.00","header":"Away"},{"opp":"2-0","odds":"8.50","header":"Home"},{"opp":"1-1","odds":"10.00","header":"X"},{"opp":"2-0","odds":"34.00","header":"Away"},{"opp":"2-1","odds":"26.00","header":"Home"},{"opp":"2-2","odds":"81.00","header":"X"},{"opp":"2-1","odds":"41.00","header":"Away"},{"opp":"3-0","odds":"29.00","header":"Home"},{"opp":"3-0","odds":"126.00","header":"Away"},{"opp":"3-1","odds":"67.00","header":"Home"},{"opp":"4-0","odds":"81.00","header":"Home"}],"both_teams_to_score_in_1st_half":[{"opp":"Yes","odds":"6.00"},{"opp":"No","odds":"1.11"}],"both_teams_to_score_in_2nd_half":[{"opp":"Yes","odds":"4.33"},{"opp":"No","odds":"1.20"}],"both_teams_to_score_1st_half_2nd_half":[{"opp":"Yes \/ Yes","odds":"26.00"},{"opp":"Yes \/ No","odds":"7.50"},{"opp":"No \/ Yes","odds":"4.75"},{"opp":"No \/ No","odds":"1.36"}],"1st_half_asian_handicap":[{"opp":"0.0, -0.5","odds":"1.775","header":"Home"},{"opp":"0.0, +0.5","odds":"2.025","header":"Away"}],"1st_half_goal_line":[{"goals":"0.5, 1.0","odds":"1.700","header":"Over"},{"goals":"0.5, 1.0","odds":"2.100","header":"Under"}],"alternative_1st_half_asian_handicap":[{"opp":"-1.5","odds":"6.250","header":"Home"},{"opp":"+1.5","odds":"1.120","header":"Away"},{"opp":"-1.0, -1.5","odds":"5.750","header":"Home"},{"opp":"+1.0, +1.5","odds":"1.140","header":"Away"},{"opp":"-1.0","odds":"4.650","header":"Home"},{"opp":"+1.0","odds":"1.180","header":"Away"},{"opp":"-0.5, -1.0","odds":"2.850","header":"Home"},{"opp":"+0.5, +1.0","odds":"1.400","header":"Away"},{"opp":"-0.5","odds":"2.250","header":"Home"},{"opp":"+0.5","odds":"1.625","header":"Away"},{"opp":"0.0","odds":"1.300","header":"Home"},{"opp":"0.0","odds":"3.450","header":"Away"},{"opp":"0.0, +0.5","odds":"1.180","header":"Home"},{"opp":"0.0, -0.5","odds":"4.650","header":"Away"},{"opp":"+0.5","odds":"1.130","header":"Home"},{"opp":"-0.5","odds":"5.900","header":"Away"}],"alternative_1st_half_goal_line":[{"goals":"1.0","odds":"2.200","header":"Over"},{"goals":"1.0","odds":"1.650","header":"Under"},{"goals":"1.0, 1.5","odds":"2.750","header":"Over"},{"goals":"1.0, 1.5","odds":"1.425","header":"Under"},{"goals":"1.5","odds":"3.300","header":"Over"},{"goals":"1.5","odds":"1.325","header":"Under"},{"goals":"1.5, 2.0","odds":"4.400","header":"Over"},{"goals":"1.5, 2.0","odds":"1.200","header":"Under"}],"1st_half_handicap":[{"opp":"FC Ufa  -1.0","odds":"6.50"},{"opp":"Tie - NK Domzale +1.0","odds":"3.10"},{"opp":"NK Domzale  +1.0","odds":"1.62"}],"alternative_1st_half_handicap_result":[{"opp":"-2.0","odds":"17.00","header":"Home"},{"opp":"+2.0","odds":"7.50","header":"Tie"},{"opp":"+2.0","odds":"1.09","header":"Away"},{"opp":"+1.0","odds":"1.12","header":"Home"},{"opp":"-1.0","odds":"6.00","header":"Tie"},{"opp":"-1.0","odds":"23.00","header":"Away"}],"first_half_goals":[{"goals":"0.5","odds":"1.50","header":"Over"},{"goals":"0.5","odds":"2.50","header":"Under"},{"goals":"1.5","odds":"3.40","header":"Over"},{"goals":"1.5","odds":"1.30","header":"Under"},{"goals":"2.5","odds":"10.00","header":"Over"},{"goals":"2.5","odds":"1.06","header":"Under"},{"goals":"3.5","odds":"26.00","header":"Over"},{"goals":"3.5","odds":"1.01","header":"Under"}],"exact_1st_half_goals":[{"opp":"0 Goals","odds":"2.50"},{"opp":"1 Goal","odds":"2.50"},{"opp":"2 Goals","odds":"4.50"},{"opp":"3 Goals","odds":"12.00"},{"opp":"4 Goals","odds":"41.00"},{"opp":"5+ Goals","odds":"81.00"}],"1st_half_goals_odd_even":[{"opp":"Odd","odds":"2.20"},{"opp":"Even","odds":"1.67"}],"to_score_in_half":[{"name":"1st Half","odds":"1.83","header":"Yes"},{"name":"1st Half","odds":"1.83","header":"No"},{"name":"2nd Half","odds":"1.57","header":"Yes"},{"name":"2nd Half","odds":"2.25","header":"No"},{"name":"1st Half","odds":"3.50","header":"Yes"},{"name":"1st Half","odds":"1.29","header":"No"},{"name":"2nd Half","odds":"2.75","header":"Yes"},{"name":"2nd Half","odds":"1.40","header":"No"}],"half_with_most_goals":[{"opp":"1st Half","odds":"3.20"},{"opp":"2nd Half","odds":"2.10"},{"opp":"Tie","odds":"3.25"}],"home_team_highest_scoring_half":[{"opp":"FC Ufa - 1st Half","odds":"3.40"},{"opp":"FC Ufa - 2nd Half","odds":"2.30"},{"opp":"FC Ufa - Tie","odds":"2.62"}],"away_team_highest_scoring_half":[{"opp":"NK Domzale - 1st Half","odds":"4.50"},{"opp":"NK Domzale - 2nd Half","odds":"3.40"},{"opp":"NK Domzale - Tie","odds":"1.67"}],"2nd_half_result":[{"opp":"1","odds":"1.95"},{"opp":"X","odds":"2.40"},{"opp":"2","odds":"5.50"}],"2nd_half_goals":[{"goals":"0.5","odds":"1.29","header":"Over"},{"goals":"0.5","odds":"3.50","header":"Under"},{"goals":"1.5","odds":"2.38","header":"Over"},{"goals":"1.5","odds":"1.53","header":"Under"},{"goals":"2.5","odds":"5.50","header":"Over"},{"goals":"2.5","odds":"1.14","header":"Under"},{"goals":"3.5","odds":"15.00","header":"Over"},{"goals":"3.5","odds":"1.03","header":"Under"}],"exact_2nd_half_goals":[{"opp":"0 Goals","odds":"3.50"},{"opp":"1 Goal","odds":"2.62"},{"opp":"2 Goals","odds":"3.75"},{"opp":"3 Goals","odds":"8.00"},{"opp":"4 Goals","odds":"21.00"},{"opp":"5+ Goals","odds":"41.00"}],"2nd_half_goals_odd_even":[{"opp":"Even","odds":"1.73"},{"opp":"Odd","odds":"2.00"}]}},"main":{"updated_at":"1532570214","sp":{"full_time_result":[{"opp":"1","odds":"1.53"},{"opp":"X","odds":"3.60"},{"opp":"2","odds":"6.00"}],"double_chance":[{"opp":"1X","odds":"1.11"},{"opp":"X2","odds":"2.38"},{"opp":"12","odds":"1.29"}],"correct_score":[{"opp":"1-0","odds":"5.50","header":"Home"},{"opp":"0-0","odds":"8.00","header":"X"},{"opp":"1-0","odds":"12.00","header":"Away"},{"opp":"2-0","odds":"6.50","header":"Home"},{"opp":"1-1","odds":"7.50","header":"X"},{"opp":"2-0","odds":"29.00","header":"Away"},{"opp":"2-1","odds":"9.00","header":"Home"},{"opp":"2-2","odds":"21.00","header":"X"},{"opp":"2-1","odds":"19.00","header":"Away"},{"opp":"3-0","odds":"11.00","header":"Home"},{"opp":"3-3","odds":"81.00","header":"X"},{"opp":"3-0","odds":"67.00","header":"Away"},{"opp":"3-1","odds":"15.00","header":"Home"},{"opp":"3-1","odds":"51.00","header":"Away"},{"opp":"3-2","odds":"34.00","header":"Home"},{"opp":"3-2","odds":"51.00","header":"Away"},{"opp":"4-0","odds":"23.00","header":"Home"},{"opp":"4-1","odds":"151.00","header":"Away"},{"opp":"4-1","odds":"34.00","header":"Home"},{"opp":"4-2","odds":"51.00","header":"Home"},{"opp":"5-0","odds":"51.00","header":"Home"},{"opp":"5-1","odds":"67.00","header":"Home"},{"opp":"5-2","odds":"151.00","header":"Home"},{"opp":"6-0","odds":"101.00","header":"Home"},{"opp":"6-1","odds":"151.00","header":"Home"},{"opp":"4-3","odds":"151.00","header":"Home"}],"half_time_full_time":[{"opp":"FC Ufa - FC Ufa","odds":"2.50"},{"opp":"FC Ufa - Draw","odds":"17.00"},{"opp":"FC Ufa - NK Domzale","odds":"41.00"},{"opp":"Draw - FC Ufa","odds":"4.00"},{"opp":"Draw - Draw","odds":"5.00"},{"opp":"Draw - NK Domzale","odds":"11.00"},{"opp":"NK Domzale - FC Ufa","odds":"26.00"},{"opp":"NK Domzale - Draw","odds":"19.00"},{"opp":"NK Domzale - NK Domzale","odds":"10.00"}],"goals_over_under":[{"goals":"2.5","odds":"2.25","header":"Over"},{"goals":"2.5","odds":"1.62","header":"Under"}],"both_teams_to_score":[{"opp":"Yes","odds":"2.25"},{"opp":"No","odds":"1.57"}],"asian_handicap":[{"opp":"-1.0","odds":"2.025","header":"Home"},{"opp":"+1.0","odds":"1.775","header":"Away"}],"goal_line":[{"goals":"2.0, 2.5","odds":"2.000","header":"Over"},{"goals":"2.0, 2.5","odds":"1.800","header":"Under"}],"alternative_asian_handicap":[{"opp":"-2.5","odds":"5.500","header":"Home"},{"opp":"+2.5","odds":"1.150","header":"Away"},{"opp":"-2.0, -2.5","odds":"5.000","header":"Home"},{"opp":"+2.0, +2.5","odds":"1.170","header":"Away"},{"opp":"-2.0","odds":"4.500","header":"Home"},{"opp":"+2.0","odds":"1.190","header":"Away"},{"opp":"-1.5, -2.0","odds":"3.300","header":"Home"},{"opp":"+1.5, +2.0","odds":"1.325","header":"Away"},{"opp":"-1.5","odds":"2.675","header":"Home"},{"opp":"+1.5","odds":"1.450","header":"Away"},{"opp":"-1.0, -1.5","odds":"2.350","header":"Home"},{"opp":"+1.0, +1.5","odds":"1.575","header":"Away"},{"opp":"-0.5, -1.0","odds":"1.725","header":"Home"},{"opp":"+0.5, +1.0","odds":"2.075","header":"Away"},{"opp":"-0.5","odds":"1.575","header":"Home"},{"opp":"+0.5","odds":"2.350","header":"Away"},{"opp":"0.0, -0.5","odds":"1.375","header":"Home"},{"opp":"0.0, +0.5","odds":"3.000","header":"Away"},{"opp":"0.0","odds":"1.200","header":"Home"},{"opp":"0.0","odds":"4.400","header":"Away"},{"opp":"0.0, +0.5","odds":"1.160","header":"Home"},{"opp":"0.0, -0.5","odds":"5.250","header":"Away"},{"opp":"+0.5","odds":"1.140","header":"Home"},{"opp":"-0.5","odds":"5.750","header":"Away"}],"alternative_goal_line":[{"goals":"0.5, 1.0","odds":"1.100","header":"Over"},{"goals":"0.5, 1.0","odds":"7.000","header":"Under"},{"goals":"1.0","odds":"1.120","header":"Over"},{"goals":"1.0","odds":"6.250","header":"Under"},{"goals":"1.0, 1.5","odds":"1.275","header":"Over"},{"goals":"1.0, 1.5","odds":"3.550","header":"Under"},{"goals":"1.5","odds":"1.425","header":"Over"},{"goals":"1.5","odds":"2.750","header":"Under"},{"goals":"1.5, 2.0","odds":"1.525","header":"Over"},{"goals":"1.5, 2.0","odds":"2.425","header":"Under"},{"goals":"2.0","odds":"1.700","header":"Over"},{"goals":"2.0","odds":"2.100","header":"Under"},{"goals":"2.5","odds":"2.250","header":"Over"},{"goals":"2.5","odds":"1.625","header":"Under"},{"goals":"2.5, 3.0","odds":"2.675","header":"Over"},{"goals":"2.5, 3.0","odds":"1.450","header":"Under"},{"goals":"3.0","odds":"3.450","header":"Over"},{"goals":"3.0","odds":"1.300","header":"Under"},{"goals":"3.0, 3.5","odds":"3.800","header":"Over"},{"goals":"3.0, 3.5","odds":"1.250","header":"Under"},{"goals":"3.5","odds":"4.150","header":"Over"},{"goals":"3.5","odds":"1.220","header":"Under"},{"goals":"3.5, 4.0","odds":"5.500","header":"Over"},{"goals":"3.5, 4.0","odds":"1.150","header":"Under"}],"draw_no_bet":[{"opp":"FC Ufa","odds":"1.20"},{"opp":"NK Domzale","odds":"4.33"}],"result_both_teams_to_score":[{"name":"FC Ufa","odds":"4.33","header":"Yes"},{"name":"FC Ufa","odds":"2.30","header":"No"},{"name":"NK Domzale","odds":"13.00","header":"Yes"},{"name":"NK Domzale","odds":"8.50","header":"No"},{"name":"Draw","odds":"6.00","header":"Yes"},{"name":"Draw","odds":"8.00","header":"No"}],"handicap_result":[{"opp":"FC Ufa (-1)","odds":"2.75"},{"opp":"Tie - (NK Domzale +1)","odds":"3.25"},{"opp":"NK Domzale (+1)","odds":"2.38"}],"alternative_handicap_result":[{"opp":"-3.0","odds":"12.00","header":"Home"},{"opp":"+3.0","odds":"8.00","header":"Tie"},{"opp":"+3.0","odds":"1.10","header":"Away"},{"opp":"-2.0","odds":"5.50","header":"Home"},{"opp":"+2.0","odds":"4.50","header":"Tie"},{"opp":"+2.0","odds":"1.40","header":"Away"},{"opp":"+1.0","odds":"1.11","header":"Home"},{"opp":"-1.0","odds":"7.50","header":"Tie"},{"opp":"-1.0","odds":"13.00","header":"Away"},{"opp":"+2.0","odds":"1.03","header":"Home"},{"opp":"-2.0","odds":"15.00","header":"Tie"},{"opp":"-2.0","odds":"21.00","header":"Away"}],"winning_margin":[{"goals":" 1","odds":"3.25","header":"Home"},{"goals":" 1","odds":"7.50","header":"Away"},{"goals":" 2","odds":"4.50","header":"Home"},{"goals":" 2","odds":"15.00","header":"Away"},{"goals":" 3","odds":"8.00","header":"Home"},{"goals":" 3","odds":"51.00","header":"Away"},{"goals":" 4+","odds":"12.00","header":"Home"},{"goals":" 4+","odds":"151.00","header":"Away"},{"goals":"Score Draw","odds":"6.00","header":"Home"},{"goals":"No Goal","odds":"8.00","header":"Home"}]}},"schedule":{"updated_at":"1532570513","sp":{"main":[{"odds":"2.000"},{"odds":"1.800"}]}},"specials":{"updated_at":"1532570282","sp":{"specials":[{"name":"To Win From Behind","odds":"8.00","header":"Home"},{"name":"To Win From Behind","odds":"19.00","header":"Away"},{"name":"To Win to Nil","odds":"2.30","header":"Home"},{"name":"To Win to Nil","odds":"8.50","header":"Away"},{"name":"To Win Either Half","odds":"1.36","header":"Home"},{"name":"To Win Either Half","odds":"3.00","header":"Away"},{"name":"To Win Both Halves","odds":"4.50","header":"Home"},{"name":"To Win Both Halves","odds":"34.00","header":"Away"},{"name":"To Score in Both Halves","odds":"3.00","header":"Home"},{"name":"To Score in Both Halves","odds":"10.00","header":"Away"}],"to_score_in_half":[{"name":"1st Half","odds":"1.83","header":"Yes"},{"name":"1st Half","odds":"1.83","header":"No"},{"name":"2nd Half","odds":"1.57","header":"Yes"},{"name":"2nd Half","odds":"2.25","header":"No"},{"name":"1st Half","odds":"3.50","header":"Yes"},{"name":"1st Half","odds":"1.29","header":"No"},{"name":"2nd Half","odds":"2.75","header":"Yes"},{"name":"2nd Half","odds":"1.40","header":"No"}]}}}]}}