{"odd":{"success":1,"results":[{"FI":"75228347","event_id":"597231","asian_lines":{"updated_at":"1532571004","sp":{"asian_handicap":[{"opp":"-0.5, -1.0","odds":"1.960","header":"Home"},{"opp":"+0.5, +1.0","odds":"1.940","header":"Away"}],"goal_line":[{"goals":"2.5, 3.0","odds":"1.950","header":"Over"},{"goals":"2.5, 3.0","odds":"1.900","header":"Under"}],"alternative_asian_handicap":[{"opp":"-2.5","odds":"5.750","header":"Home"},{"opp":"+2.5","odds":"1.140","header":"Away"},{"opp":"-2.0, -2.5","odds":"5.500","header":"Home"},{"opp":"+2.0, +2.5","odds":"1.150","header":"Away"},{"opp":"-2.0","odds":"4.800","header":"Home"},{"opp":"+2.0","odds":"1.175","header":"Away"},{"opp":"-1.5, -2.0","odds":"3.450","header":"Home"},{"opp":"+1.5, +2.0","odds":"1.300","header":"Away"},{"opp":"-1.5","odds":"2.850","header":"Home"},{"opp":"+1.5","odds":"1.400","header":"Away"},{"opp":"-1.0, -1.5","odds":"2.500","header":"Home"},{"opp":"+1.0, +1.5","odds":"1.500","header":"Away"},{"opp":"-1.0","odds":"2.250","header":"Home"},{"opp":"+1.0","odds":"1.625","header":"Away"},{"opp":"-0.5","odds":"1.700","header":"Home"},{"opp":"+0.5","odds":"2.100","header":"Away"},{"opp":"0.0, -0.5","odds":"1.500","header":"Home"},{"opp":"0.0, +0.5","odds":"2.500","header":"Away"},{"opp":"0.0","odds":"1.325","header":"Home"},{"opp":"0.0","odds":"3.300","header":"Away"},{"opp":"0.0, +0.5","odds":"1.260","header":"Home"},{"opp":"0.0, -0.5","odds":"3.700","header":"Away"},{"opp":"+0.5","odds":"1.220","header":"Home"},{"opp":"-0.5","odds":"4.150","header":"Away"},{"opp":"+0.5, +1.0","odds":"1.140","header":"Home"},{"opp":"-0.5, -1.0","odds":"5.750","header":"Away"}],"alternative_goal_line":[{"goals":"1.0, 1.5","odds":"1.140","header":"Over"},{"goals":"1.0, 1.5","odds":"5.750","header":"Under"},{"goals":"1.5","odds":"1.230","header":"Over"},{"goals":"1.5","odds":"4.000","header":"Under"},{"goals":"1.5, 2.0","odds":"1.275","header":"Over"},{"goals":"1.5, 2.0","odds":"3.550","header":"Under"},{"goals":"2.0","odds":"1.325","header":"Over"},{"goals":"2.0","odds":"3.300","header":"Under"},{"goals":"2.0, 2.5","odds":"1.525","header":"Over"},{"goals":"2.0, 2.5","odds":"2.425","header":"Under"},{"goals":"2.5","odds":"1.725","header":"Over"},{"goals":"2.5","odds":"2.075","header":"Under"},{"goals":"3.0","odds":"2.200","header":"Over"},{"goals":"3.0","odds":"1.650","header":"Under"},{"goals":"3.0, 3.5","odds":"2.425","header":"Over"},{"goals":"3.0, 3.5","odds":"1.525","header":"Under"},{"goals":"3.5","odds":"2.750","header":"Over"},{"goals":"3.5","odds":"1.425","header":"Under"},{"goals":"3.5, 4.0","odds":"3.300","header":"Over"},{"goals":"3.5, 4.0","odds":"1.325","header":"Under"},{"goals":"4.0","odds":"4.400","header":"Over"},{"goals":"4.0","odds":"1.200","header":"Under"},{"goals":"4.0, 4.5","odds":"4.650","header":"Over"},{"goals":"4.0, 4.5","odds":"1.180","header":"Under"},{"goals":"4.5","odds":"5.250","header":"Over"},{"goals":"4.5","odds":"1.160","header":"Under"},{"goals":"4.5, 5.0","odds":"6.600","header":"Over"},{"goals":"4.5, 5.0","odds":"1.110","header":"Under"}],"1st_half_asian_handicap":[{"opp":"0.0, -0.5","odds":"1.850","header":"Home"},{"opp":"0.0, +0.5","odds":"1.950","header":"Away"}],"1st_half_goal_line":[{"goals":"1.0","odds":"1.700","header":"Over"},{"goals":"1.0","odds":"2.100","header":"Under"}],"alternative_1st_half_asian_handicap":[{"opp":"-1.5","odds":"6.250","header":"Home"},{"opp":"+1.5","odds":"1.120","header":"Away"},{"opp":"-1.0, -1.5","odds":"5.500","header":"Home"},{"opp":"+1.0, +1.5","odds":"1.150","header":"Away"},{"opp":"-1.0","odds":"4.500","header":"Home"},{"opp":"+1.0","odds":"1.190","header":"Away"},{"opp":"-0.5, -1.0","odds":"2.850","header":"Home"},{"opp":"+0.5, +1.0","odds":"1.400","header":"Away"},{"opp":"-0.5","odds":"2.300","header":"Home"},{"opp":"+0.5","odds":"1.600","header":"Away"},{"opp":"0.0","odds":"1.400","header":"Home"},{"opp":"0.0","odds":"2.850","header":"Away"},{"opp":"0.0, +0.5","odds":"1.260","header":"Home"},{"opp":"0.0, -0.5","odds":"3.700","header":"Away"},{"opp":"+0.5","odds":"1.190","header":"Home"},{"opp":"-0.5","odds":"4.500","header":"Away"},{"opp":"+0.5, +1.0","odds":"1.110","header":"Home"},{"opp":"-0.5, -1.0","odds":"6.600","header":"Away"}],"alternative_1st_half_goal_line":[{"goals":"0.5, 1.0","odds":"1.450","header":"Over"},{"goals":"0.5, 1.0","odds":"2.675","header":"Under"},{"goals":"1.0, 1.5","odds":"2.150","header":"Over"},{"goals":"1.0, 1.5","odds":"1.675","header":"Under"},{"goals":"1.5","odds":"2.600","header":"Over"},{"goals":"1.5","odds":"1.475","header":"Under"},{"goals":"1.5, 2.0","odds":"3.300","header":"Over"},{"goals":"1.5, 2.0","odds":"1.325","header":"Under"},{"goals":"2.0","odds":"5.000","header":"Over"},{"goals":"2.0","odds":"1.170","header":"Under"},{"goals":"2.0, 2.5","odds":"5.750","header":"Over"},{"goals":"2.0, 2.5","odds":"1.140","header":"Under"},{"goals":"2.5","odds":"6.250","header":"Over"},{"goals":"2.5","odds":"1.120","header":"Under"}],"asian_total_corners":[{"goals":"10.0","odds":"1.875","header":"Over"},{"goals":"10.0","odds":"1.925","header":"Under"}],"1st_half_asian_corners":[{"goals":"4.5","odds":"1.775","header":"Over"},{"goals":"4.5","odds":"2.025","header":"Under"}]}},"corners":{"updated_at":"1532571017","sp":{"corners":[{"opp":"Over 10","odds":"2.00"},{"opp":"Exactly 10","odds":"7.50"},{"opp":"Under 10","odds":"2.10"}],"total_corners":[{"opp":"Under 6","odds":"12.00"},{"opp":"6 - 8","odds":"3.50"},{"opp":"9 - 11","odds":"2.62"},{"opp":"12 - 14","odds":"3.75"},{"opp":"Over 14","odds":"8.00"}],"alternative_corners":[{"goals":"4","odds":"1.02","header":"Over"},{"goals":"4","odds":"23.00","header":"Exactly"},{"goals":"4","odds":"34.00","header":"Under"},{"goals":"5","odds":"1.05","header":"Over"},{"goals":"5","odds":"17.00","header":"Exactly"},{"goals":"5","odds":"19.00","header":"Under"},{"goals":"6","odds":"1.10","header":"Over"},{"goals":"6","odds":"12.00","header":"Exactly"},{"goals":"6","odds":"11.00","header":"Under"},{"goals":"7","odds":"1.22","header":"Over"},{"goals":"7","odds":"9.50","header":"Exactly"},{"goals":"7","odds":"6.50","header":"Under"},{"goals":"8","odds":"1.40","header":"Over"},{"goals":"8","odds":"8.00","header":"Exactly"},{"goals":"8","odds":"4.00","header":"Under"},{"goals":"9","odds":"1.67","header":"Over"},{"goals":"9","odds":"7.50","header":"Exactly"},{"goals":"9","odds":"2.88","header":"Under"},{"goals":"11","odds":"2.75","header":"Over"},{"goals":"11","odds":"8.00","header":"Exactly"},{"goals":"11","odds":"1.73","header":"Under"},{"goals":"12","odds":"3.75","header":"Over"},{"goals":"12","odds":"9.00","header":"Exactly"},{"goals":"12","odds":"1.44","header":"Under"},{"goals":"13","odds":"5.50","header":"Over"},{"goals":"13","odds":"11.00","header":"Exactly"},{"goals":"13","odds":"1.25","header":"Under"},{"goals":"14","odds":"7.50","header":"Over"},{"goals":"14","odds":"13.00","header":"Exactly"},{"goals":"14","odds":"1.14","header":"Under"},{"goals":"15","odds":"11.00","header":"Over"},{"goals":"15","odds":"17.00","header":"Exactly"},{"goals":"15","odds":"1.07","header":"Under"},{"goals":"16","odds":"15.00","header":"Over"},{"goals":"16","odds":"21.00","header":"Exactly"},{"goals":"16","odds":"1.04","header":"Under"},{"goals":"17","odds":"21.00","header":"Over"},{"goals":"17","odds":"26.00","header":"Exactly"},{"goals":"17","odds":"1.02","header":"Under"},{"goals":"18","odds":"29.00","header":"Over"},{"goals":"18","odds":"34.00","header":"Exactly"},{"goals":"18","odds":"1.02","header":"Under"}],"corners_2_way":[{"opp":"Over 10.5","odds":"2.00"},{"opp":"Under 10.5","odds":"1.73"}],"first_half_corners":[{"opp":"5","odds":"2.50","header":"Over"},{"opp":"5","odds":"5.50","header":"Exactly"},{"opp":"5","odds":"2.00","header":"Under"}],"asian_total_corners":[{"goals":"10.0","odds":"1.875","header":"Over"},{"goals":"10.0","odds":"1.925","header":"Under"}],"1st_half_asian_corners":[{"goals":"4.5","odds":"1.775","header":"Over"},{"goals":"4.5","odds":"2.025","header":"Under"}]}},"goals":{"updated_at":"1532571035","sp":{"goals_over_under":[{"goals":"2.5","odds":"1.73","header":"Over"},{"goals":"2.5","odds":"2.08","header":"Under"}],"alternative_total_goals":[{"goals":"0.5","odds":"1.04","header":"Over "},{"goals":"0.5","odds":"13.00","header":"Under"},{"goals":"1.5","odds":"1.22","header":"Over "},{"goals":"1.5","odds":"4.00","header":"Under"},{"goals":"3.5","odds":"2.75","header":"Over "},{"goals":"3.5","odds":"1.40","header":"Under"},{"goals":"4.5","odds":"5.00","header":"Over "},{"goals":"4.5","odds":"1.17","header":"Under"},{"goals":"5.5","odds":"11.00","header":"Over "},{"goals":"5.5","odds":"1.05","header":"Under"},{"goals":"6.5","odds":"21.00","header":"Over "},{"goals":"6.5","odds":"1.02","header":"Under"}],"result_total_goals":[{"opp":"BK Hacken & Over 2.5","odds":"2.50"},{"opp":"BK Hacken & Under 2.5","odds":"4.50"},{"opp":"Draw & Over 2.5","odds":"12.00"},{"opp":"Draw & Under  2.5","odds":"5.50"},{"opp":"Orebro SK & Over 2.5","odds":"7.00"},{"opp":"Orebro SK & Under 2.5","odds":"10.00"}],"total_goals_both_teams_to_score":[{"opp":"Over 2.5 & Yes","odds":"2.05"},{"opp":"Over 2.5 & No","odds":"7.50"},{"opp":"Under 2.5 & Yes","odds":"7.50"},{"opp":"Under 2.5 & No","odds":"2.62"}],"exact_total_goals":[{"opp":"0 Goals","odds":"13.00"},{"opp":"1 Goal","odds":"5.50"},{"opp":"2 Goals","odds":"3.75"},{"opp":"3 Goals","odds":"4.00"},{"opp":"4 Goals","odds":"5.50"},{"opp":"5 Goals","odds":"9.00"},{"opp":"6 Goals","odds":"17.00"},{"opp":"7+ Goals","odds":"21.00"}],"number_of_goals_in_match":[{"opp":"Under 2 goals","odds":"4.00"},{"opp":"2 or 3 goals","odds":"2.00"},{"opp":"Over 3 goals","odds":"2.75"}],"both_teams_to_score":[{"opp":"Yes","odds":"1.70"},{"opp":"No","odds":"2.05"}],"teams_to_score":[{"opp":"Both Teams","odds":"1.70"},{"opp":"BK Hacken Only","odds":"2.88"},{"opp":"No Goal","odds":"13.00"},{"opp":"Orebro SK Only","odds":"8.50"}],"both_teams_to_score_in_1st_half":[{"opp":"Yes","odds":"4.33"},{"opp":"No","odds":"1.20"}],"both_teams_to_score_in_2nd_half":[{"opp":"Yes","odds":"3.25"},{"opp":"No","odds":"1.33"}],"both_teams_to_score_1st_half_2nd_half":[{"opp":"Yes \/ Yes","odds":"13.00"},{"opp":"Yes \/ No","odds":"5.50"},{"opp":"No \/ Yes","odds":"3.75"},{"opp":"No \/ No","odds":"1.67"}],"first_half_goals":[{"goals":"0.5","odds":"1.33","header":"Over"},{"goals":"0.5","odds":"3.25","header":"Under"},{"goals":"1.5","odds":"2.50","header":"Over"},{"goals":"1.5","odds":"1.50","header":"Under"},{"goals":"2.5","odds":"6.50","header":"Over"},{"goals":"2.5","odds":"1.11","header":"Under"},{"goals":"3.5","odds":"17.00","header":"Over"},{"goals":"3.5","odds":"1.02","header":"Under"}],"exact_1st_half_goals":[{"opp":"0 Goals","odds":"3.25"},{"opp":"1 Goal","odds":"2.60"},{"opp":"2 Goals","odds":"3.75"},{"opp":"3 Goals","odds":"8.50"},{"opp":"4 Goals","odds":"23.00"},{"opp":"5+ Goals","odds":"51.00"}],"total_goal_minutes":[{"opp":"Over 150 minutes","odds":"2.10"},{"opp":"130 To 150 minutes inc.","odds":"8.50"},{"opp":"Under 130 minutes","odds":"1.91"}],"first_team_to_score":[{"opp":"BK Hacken","odds":"1.44"},{"opp":"No Goals","odds":"13.00"},{"opp":"Orebro SK","odds":"2.75"}],"early_goal":[{"opp":"Goal before 27:00","odds":"1.83"},{"opp":"No Goal before 27:00","odds":"1.83"}],"late_goal":[{"opp":"Goal after 75:59","odds":"1.83"},{"opp":"No Goal after 75:59","odds":"1.83"}],"time_of_first_goal_brackets":[{"opp":"1-10","odds":"4.00"},{"opp":"11-20","odds":"4.75"},{"opp":"21-30","odds":"6.00"},{"opp":"31-40","odds":"7.00"},{"opp":"41-50","odds":"8.00"},{"opp":"51-60","odds":"13.00"},{"opp":"61-70","odds":"17.00"},{"opp":"71-80","odds":"21.00"},{"opp":"81 - Full Time","odds":"21.00"},{"opp":"No Goal","odds":"13.00"}],"2nd_half_goals":[{"goals":"0.5","odds":"1.18","header":"Over"},{"goals":"0.5","odds":"4.50","header":"Under"},{"goals":"1.5","odds":"1.83","header":"Over"},{"goals":"1.5","odds":"1.83","header":"Under"},{"goals":"2.5","odds":"3.75","header":"Over"},{"goals":"2.5","odds":"1.25","header":"Under"},{"goals":"3.5","odds":"10.00","header":"Over"},{"goals":"3.5","odds":"1.06","header":"Under"},{"goals":"4.5","odds":"23.00","header":"Over"},{"goals":"4.5","odds":"1.01","header":"Under"}],"exact_2nd_half_goals":[{"opp":"0 Goals","odds":"4.50"},{"opp":"1 Goal","odds":"2.88"},{"opp":"2 Goals","odds":"3.40"},{"opp":"3 Goals","odds":"6.00"},{"opp":"4 Goals","odds":"15.00"},{"opp":"5+ Goals","odds":"23.00"}],"half_with_most_goals":[{"opp":"1st Half","odds":"3.10"},{"opp":"2nd Half","odds":"2.00"},{"opp":"Tie","odds":"3.75"}],"home_team_highest_scoring_half":[{"opp":"BK Hacken - 1st Half","odds":"3.20"},{"opp":"BK Hacken - 2nd Half","odds":"2.25"},{"opp":"BK Hacken - Tie","odds":"2.88"}],"away_team_highest_scoring_half":[{"opp":"Orebro SK - 1st Half","odds":"3.75"},{"opp":"Orebro SK - 2nd Half","odds":"2.75"},{"opp":"Orebro SK - Tie","odds":"2.00"}],"home_team_exact_goals":[{"opp":"BK Hacken - 0 Goals","odds":"5.50"},{"opp":"BK Hacken - 1 Goal","odds":"3.10"},{"opp":"BK Hacken - 2 Goals","odds":"3.25"},{"opp":"BK Hacken - 3+ Goals","odds":"3.25"}],"away_team_exact_goals":[{"opp":"Orebro SK - 0 Goals","odds":"2.62"},{"opp":"Orebro SK - 1 Goal","odds":"2.50"},{"opp":"Orebro SK - 2 Goals","odds":"4.50"},{"opp":"Orebro SK - 3+ Goals","odds":"10.00"}],"time_of_1st_team_goal":[{"opp":"BK Hacken - Goal before 40:00","odds":"1.83"},{"opp":"BK Hacken - No Goal before 40:00","odds":"1.83"},{"opp":"Orebro SK - Goal before 68:00","odds":"1.83"},{"opp":"Orebro SK - No Goal before 68:00","odds":"1.83"}],"goals_odd_even":[{"opp":"Even","odds":"1.90"},{"opp":"Odd","odds":"1.95"}],"home_team_odd_even_goals":[{"opp":"BK Hacken - Even","odds":"1.83"},{"opp":"BK Hacken - Odd","odds":"1.83"}],"away_team_odd_even_goals":[{"opp":"Orebro SK - Even","odds":"1.67"},{"opp":"Orebro SK - Odd","odds":"2.10"}],"1st_half_goals_odd_even":[{"opp":"Odd","odds":"2.00"},{"opp":"Even","odds":"1.80"}],"last_team_to_score":[{"opp":"BK Hacken","odds":"1.44"},{"opp":"No Goal","odds":"13.00"},{"opp":"Orebro SK","odds":"2.75"}],"first_10_minutes_(00:00_09:59)":[{"name":"Goals","handicap":"0.5","odds":"4.00","header":"Over"},{"name":"Goals","handicap":"0.5","odds":"1.22","header":"Under"}]}},"half":{"updated_at":"1532571396","sp":{"half_time_result":[{"opp":"1","odds":"2.25"},{"opp":"X","odds":"2.38"},{"opp":"2","odds":"4.75"}],"half_time_double_chance":[{"opp":"1X","odds":"1.18"},{"opp":"X2","odds":"1.57"},{"opp":"12","odds":"1.53"}],"half_time_result_both_teams_to_score":[{"opp":"BK Hacken & Yes","odds":"13.00"},{"opp":"BK Hacken & No","odds":"2.60"},{"opp":"Draw & Yes","odds":"7.50"},{"opp":"Draw & No","odds":"3.20"},{"opp":"Orebro SK & Yes","odds":"26.00"},{"opp":"Orebro SK & No","odds":"5.50"}],"half_time_result_total_goals":[{"opp":"BK Hacken & Over 1.5","odds":"4.75"},{"opp":"BK Hacken & Under 1.5","odds":"3.75"},{"opp":"Draw & Over 1.5","odds":"7.50"},{"opp":"Draw & Under 1.5","odds":"3.25"},{"opp":"Orebro SK & Over 1.5","odds":"13.00"},{"opp":"Orebro SK & Under 1.5","odds":"6.50"}],"half_time_correct_score":[{"opp":"1-0","odds":"3.75","header":"Home"},{"opp":"0-0","odds":"3.25","header":"X"},{"opp":"1-0","odds":"6.50","header":"Away"},{"opp":"2-0","odds":"8.50","header":"Home"},{"opp":"1-1","odds":"7.50","header":"X"},{"opp":"2-0","odds":"23.00","header":"Away"},{"opp":"2-1","odds":"17.00","header":"Home"},{"opp":"2-2","odds":"51.00","header":"X"},{"opp":"2-1","odds":"29.00","header":"Away"},{"opp":"3-0","odds":"26.00","header":"Home"},{"opp":"3-0","odds":"81.00","header":"Away"},{"opp":"3-1","odds":"41.00","header":"Home"},{"opp":"3-1","odds":"101.00","header":"Away"},{"opp":"3-2","odds":"126.00","header":"Home"},{"opp":"3-2","odds":"201.00","header":"Away"},{"opp":"4-0","odds":"81.00","header":"Home"},{"opp":"4-1","odds":"151.00","header":"Home"},{"opp":"4-2","odds":"501.00","header":"Home"},{"opp":"5-0","odds":"351.00","header":"Home"}],"both_teams_to_score_in_1st_half":[{"opp":"Yes","odds":"4.33"},{"opp":"No","odds":"1.20"}],"both_teams_to_score_in_2nd_half":[{"opp":"Yes","odds":"3.25"},{"opp":"No","odds":"1.33"}],"both_teams_to_score_1st_half_2nd_half":[{"opp":"Yes \/ Yes","odds":"13.00"},{"opp":"Yes \/ No","odds":"5.50"},{"opp":"No \/ Yes","odds":"3.75"},{"opp":"No \/ No","odds":"1.67"}],"1st_half_asian_handicap":[{"opp":"0.0, -0.5","odds":"1.850","header":"Home"},{"opp":"0.0, +0.5","odds":"1.950","header":"Away"}],"1st_half_goal_line":[{"goals":"1.0","odds":"1.700","header":"Over"},{"goals":"1.0","odds":"2.100","header":"Under"}],"alternative_1st_half_asian_handicap":[{"opp":"-1.5","odds":"6.250","header":"Home"},{"opp":"+1.5","odds":"1.120","header":"Away"},{"opp":"-1.0, -1.5","odds":"5.500","header":"Home"},{"opp":"+1.0, +1.5","odds":"1.150","header":"Away"},{"opp":"-1.0","odds":"4.500","header":"Home"},{"opp":"+1.0","odds":"1.190","header":"Away"},{"opp":"-0.5, -1.0","odds":"2.850","header":"Home"},{"opp":"+0.5, +1.0","odds":"1.400","header":"Away"},{"opp":"-0.5","odds":"2.300","header":"Home"},{"opp":"+0.5","odds":"1.600","header":"Away"},{"opp":"0.0","odds":"1.400","header":"Home"},{"opp":"0.0","odds":"2.850","header":"Away"},{"opp":"0.0, +0.5","odds":"1.260","header":"Home"},{"opp":"0.0, -0.5","odds":"3.700","header":"Away"},{"opp":"+0.5","odds":"1.190","header":"Home"},{"opp":"-0.5","odds":"4.500","header":"Away"},{"opp":"+0.5, +1.0","odds":"1.110","header":"Home"},{"opp":"-0.5, -1.0","odds":"6.600","header":"Away"}],"alternative_1st_half_goal_line":[{"goals":"0.5, 1.0","odds":"1.450","header":"Over"},{"goals":"0.5, 1.0","odds":"2.675","header":"Under"},{"goals":"1.0, 1.5","odds":"2.150","header":"Over"},{"goals":"1.0, 1.5","odds":"1.675","header":"Under"},{"goals":"1.5","odds":"2.600","header":"Over"},{"goals":"1.5","odds":"1.475","header":"Under"},{"goals":"1.5, 2.0","odds":"3.300","header":"Over"},{"goals":"1.5, 2.0","odds":"1.325","header":"Under"},{"goals":"2.0","odds":"5.000","header":"Over"},{"goals":"2.0","odds":"1.170","header":"Under"},{"goals":"2.0, 2.5","odds":"5.750","header":"Over"},{"goals":"2.0, 2.5","odds":"1.140","header":"Under"},{"goals":"2.5","odds":"6.250","header":"Over"},{"goals":"2.5","odds":"1.120","header":"Under"}],"1st_half_handicap":[{"opp":"BK Hacken  -1.0","odds":"6.00"},{"opp":"Tie - Orebro SK +1.0","odds":"3.20"},{"opp":"Orebro SK  +1.0","odds":"1.57"}],"alternative_1st_half_handicap_result":[{"opp":"-2.0","odds":"17.00","header":"Home"},{"opp":"+2.0","odds":"7.00","header":"Tie"},{"opp":"+2.0","odds":"1.10","header":"Away"},{"opp":"+1.0","odds":"1.18","header":"Home"},{"opp":"-1.0","odds":"5.50","header":"Tie"},{"opp":"-1.0","odds":"17.00","header":"Away"}],"first_half_goals":[{"goals":"0.5","odds":"1.33","header":"Over"},{"goals":"0.5","odds":"3.25","header":"Under"},{"goals":"1.5","odds":"2.50","header":"Over"},{"goals":"1.5","odds":"1.50","header":"Under"},{"goals":"2.5","odds":"6.50","header":"Over"},{"goals":"2.5","odds":"1.11","header":"Under"},{"goals":"3.5","odds":"17.00","header":"Over"},{"goals":"3.5","odds":"1.02","header":"Under"}],"exact_1st_half_goals":[{"opp":"0 Goals","odds":"3.25"},{"opp":"1 Goal","odds":"2.60"},{"opp":"2 Goals","odds":"3.75"},{"opp":"3 Goals","odds":"8.50"},{"opp":"4 Goals","odds":"23.00"},{"opp":"5+ Goals","odds":"51.00"}],"first_half_corners":[{"opp":"5","odds":"2.50","header":"Over"},{"opp":"5","odds":"5.50","header":"Exactly"},{"opp":"5","odds":"2.00","header":"Under"}],"1st_half_asian_corners":[{"goals":"4.5","odds":"1.775","header":"Over"},{"goals":"4.5","odds":"2.025","header":"Under"}],"1st_half_goals_odd_even":[{"opp":"Odd","odds":"2.00"},{"opp":"Even","odds":"1.80"}],"to_score_in_half":[{"name":"1st Half","odds":"1.67","header":"Yes"},{"name":"1st Half","odds":"2.10","header":"No"},{"name":"2nd Half","odds":"1.44","header":"Yes"},{"name":"2nd Half","odds":"2.62","header":"No"},{"name":"1st Half","odds":"2.50","header":"Yes"},{"name":"1st Half","odds":"1.50","header":"No"},{"name":"2nd Half","odds":"2.10","header":"Yes"},{"name":"2nd Half","odds":"1.67","header":"No"}],"half_with_most_goals":[{"opp":"1st Half","odds":"3.10"},{"opp":"2nd Half","odds":"2.00"},{"opp":"Tie","odds":"3.75"}],"home_team_highest_scoring_half":[{"opp":"BK Hacken - 1st Half","odds":"3.20"},{"opp":"BK Hacken - 2nd Half","odds":"2.25"},{"opp":"BK Hacken - Tie","odds":"2.88"}],"away_team_highest_scoring_half":[{"opp":"Orebro SK - 1st Half","odds":"3.75"},{"opp":"Orebro SK - 2nd Half","odds":"2.75"},{"opp":"Orebro SK - Tie","odds":"2.00"}],"2nd_half_result":[{"opp":"1","odds":"1.95"},{"opp":"X","odds":"2.62"},{"opp":"2","odds":"4.33"}],"2nd_half_goals":[{"goals":"0.5","odds":"1.18","header":"Over"},{"goals":"0.5","odds":"4.50","header":"Under"},{"goals":"1.5","odds":"1.83","header":"Over"},{"goals":"1.5","odds":"1.83","header":"Under"},{"goals":"2.5","odds":"3.75","header":"Over"},{"goals":"2.5","odds":"1.25","header":"Under"},{"goals":"3.5","odds":"10.00","header":"Over"},{"goals":"3.5","odds":"1.06","header":"Under"},{"goals":"4.5","odds":"23.00","header":"Over"},{"goals":"4.5","odds":"1.01","header":"Under"}],"exact_2nd_half_goals":[{"opp":"0 Goals","odds":"4.50"},{"opp":"1 Goal","odds":"2.88"},{"opp":"2 Goals","odds":"3.40"},{"opp":"3 Goals","odds":"6.00"},{"opp":"4 Goals","odds":"15.00"},{"opp":"5+ Goals","odds":"23.00"}],"2nd_half_goals_odd_even":[{"opp":"Even","odds":"1.80"},{"opp":"Odd","odds":"1.91"}]}},"main":{"updated_at":"1532570991","sp":{"full_time_result":[{"opp":"1","odds":"1.65"},{"opp":"X","odds":"4.00"},{"opp":"2","odds":"5.00"}],"double_chance":[{"opp":"1X","odds":"1.18"},{"opp":"X2","odds":"2.30"},{"opp":"12","odds":"1.25"}],"correct_score":[{"opp":"1-0","odds":"8.00","header":"Home"},{"opp":"0-0","odds":"13.00","header":"X"},{"opp":"1-0","odds":"15.00","header":"Away"},{"opp":"2-0","odds":"8.50","header":"Home"},{"opp":"1-1","odds":"7.50","header":"X"},{"opp":"2-0","odds":"26.00","header":"Away"},{"opp":"2-1","odds":"8.00","header":"Home"},{"opp":"2-2","odds":"15.00","header":"X"},{"opp":"2-1","odds":"15.00","header":"Away"},{"opp":"3-0","odds":"13.00","header":"Home"},{"opp":"3-3","odds":"41.00","header":"X"},{"opp":"3-0","odds":"51.00","header":"Away"},{"opp":"3-1","odds":"13.00","header":"Home"},{"opp":"4-4","odds":"201.00","header":"X"},{"opp":"3-1","odds":"34.00","header":"Away"},{"opp":"3-2","odds":"23.00","header":"Home"},{"opp":"3-2","odds":"41.00","header":"Away"},{"opp":"4-0","odds":"26.00","header":"Home"},{"opp":"4-0","odds":"126.00","header":"Away"},{"opp":"4-1","odds":"23.00","header":"Home"},{"opp":"4-1","odds":"81.00","header":"Away"},{"opp":"4-2","odds":"41.00","header":"Home"},{"opp":"4-2","odds":"81.00","header":"Away"},{"opp":"4-3","odds":"81.00","header":"Home"},{"opp":"4-3","odds":"126.00","header":"Away"},{"opp":"5-0","odds":"51.00","header":"Home"},{"opp":"5-1","odds":"301.00","header":"Away"},{"opp":"5-1","odds":"51.00","header":"Home"},{"opp":"5-2","odds":"351.00","header":"Away"},{"opp":"5-2","odds":"67.00","header":"Home"},{"opp":"5-3","odds":"501.00","header":"Away"},{"opp":"5-3","odds":"151.00","header":"Home"},{"opp":"6-1","odds":"101.00","header":"Home"},{"opp":"6-0","odds":"101.00","header":"Home"},{"opp":"6-2","odds":"201.00","header":"Home"},{"opp":"6-3","odds":"501.00","header":"Home"},{"opp":"7-0","odds":"351.00","header":"Home"},{"opp":"7-1","odds":"351.00","header":"Home"}],"half_time_full_time":[{"opp":"BK Hacken - BK Hacken","odds":"2.60"},{"opp":"BK Hacken - Draw","odds":"15.00"},{"opp":"BK Hacken - Orebro SK","odds":"41.00"},{"opp":"Draw - BK Hacken","odds":"4.33"},{"opp":"Draw - Draw","odds":"6.00"},{"opp":"Draw - Orebro SK","odds":"11.00"},{"opp":"Orebro SK - BK Hacken","odds":"21.00"},{"opp":"Orebro SK - Draw","odds":"15.00"},{"opp":"Orebro SK - Orebro SK","odds":"8.00"}],"goals_over_under":[{"goals":"2.5","odds":"1.73","header":"Over"},{"goals":"2.5","odds":"2.08","header":"Under"}],"both_teams_to_score":[{"opp":"Yes","odds":"1.70"},{"opp":"No","odds":"2.05"}],"goalscorers":[{"name":"Alexander Jeremejeff","odds":"4.75","header":"First"},{"name":"Alexander Jeremejeff","odds":"4.75","header":"Last"},{"name":"Alexander Jeremejeff","odds":"2.05","header":"Anytime"},{"name":"Alhassan Kamara","odds":"5.50","header":"First"},{"name":"Alhassan Kamara","odds":"5.50","header":"Last"},{"name":"Alhassan Kamara","odds":"2.30","header":"Anytime"},{"name":"Guerreiro Paulinho","odds":"6.50","header":"First"},{"name":"Guerreiro Paulinho","odds":"6.50","header":"Last"},{"name":"Guerreiro Paulinho","odds":"2.62","header":"Anytime"},{"name":"Lucas Hedlund","odds":"6.50","header":"First"},{"name":"Lucas Hedlund","odds":"6.50","header":"Last"},{"name":"Lucas Hedlund","odds":"2.62","header":"Anytime"},{"name":"Viktor Lundberg","odds":"6.50","header":"First"},{"name":"Viktor Lundberg","odds":"6.50","header":"Last"},{"name":"Viktor Lundberg","odds":"2.62","header":"Anytime"},{"name":"Kennedy Igboananike","odds":"7.50","header":"First"},{"name":"Kennedy Igboananike","odds":"7.50","header":"Last"},{"name":"Kennedy Igboananike","odds":"3.00","header":"Anytime"},{"name":"Mervan Celik","odds":"7.50","header":"First"},{"name":"Mervan Celik","odds":"7.50","header":"Last"},{"name":"Mervan Celik","odds":"3.00","header":"Anytime"},{"name":"Nasiru Mohammed","odds":"7.50","header":"First"},{"name":"Nasiru Mohammed","odds":"7.50","header":"Last"},{"name":"Nasiru Mohammed","odds":"3.00","header":"Anytime"},{"name":"Daleho Irandust","odds":"9.00","header":"First"},{"name":"Daleho Irandust","odds":"9.00","header":"Last"},{"name":"Daleho Irandust","odds":"3.50","header":"Anytime"},{"name":"Isaac Boye","odds":"9.00","header":"First"},{"name":"Isaac Boye","odds":"9.00","header":"Last"},{"name":"Isaac Boye","odds":"3.50","header":"Anytime"},{"name":"Karl Bohm","odds":"9.00","header":"First"},{"name":"Karl Bohm","odds":"9.00","header":"Last"},{"name":"Karl Bohm","odds":"3.50","header":"Anytime"},{"name":"Kevin Yakob","odds":"9.00","header":"First"},{"name":"Kevin Yakob","odds":"9.00","header":"Last"},{"name":"Kevin Yakob","odds":"3.50","header":"Anytime"},{"name":"Nahir Besara","odds":"9.00","header":"First"},{"name":"Nahir Besara","odds":"9.00","header":"Last"},{"name":"Nahir Besara","odds":"3.50","header":"Anytime"},{"name":"Rodin Deprem","odds":"9.00","header":"First"},{"name":"Rodin Deprem","odds":"9.00","header":"Last"},{"name":"Rodin Deprem","odds":"3.50","header":"Anytime"},{"name":"Gustav Berggren","odds":"11.00","header":"First"},{"name":"Gustav Berggren","odds":"11.00","header":"Last"},{"name":"Gustav Berggren","odds":"4.00","header":"Anytime"},{"name":"Victor Skold","odds":"11.00","header":"First"},{"name":"Victor Skold","odds":"11.00","header":"Last"},{"name":"Victor Skold","odds":"4.00","header":"Anytime"},{"name":"Alexander Faltsetas","odds":"13.00","header":"First"},{"name":"Alexander Faltsetas","odds":"13.00","header":"Last"},{"name":"Alexander Faltsetas","odds":"5.00","header":"Anytime"},{"name":"Kevin Ackermann","odds":"13.00","header":"First"},{"name":"Kevin Ackermann","odds":"13.00","header":"Last"},{"name":"Kevin Ackermann","odds":"5.00","header":"Anytime"},{"name":"Adam Andersson","odds":"17.00","header":"First"},{"name":"Adam Andersson","odds":"17.00","header":"Last"},{"name":"Adam Andersson","odds":"6.00","header":"Anytime"},{"name":"Erik Friberg","odds":"17.00","header":"First"},{"name":"Erik Friberg","odds":"17.00","header":"Last"},{"name":"Erik Friberg","odds":"6.00","header":"Anytime"},{"name":"Michael Omoh","odds":"17.00","header":"First"},{"name":"Michael Omoh","odds":"17.00","header":"Last"},{"name":"Michael Omoh","odds":"6.00","header":"Anytime"},{"name":"Alfred Ajdarevic","odds":"19.00","header":"First"},{"name":"Alfred Ajdarevic","odds":"19.00","header":"Last"},{"name":"Alfred Ajdarevic","odds":"7.00","header":"Anytime"},{"name":"Filip Rogic","odds":"19.00","header":"First"},{"name":"Filip Rogic","odds":"19.00","header":"Last"},{"name":"Filip Rogic","odds":"7.00","header":"Anytime"},{"name":"Nordin Gerzic","odds":"19.00","header":"First"},{"name":"Nordin Gerzic","odds":"19.00","header":"Last"},{"name":"Nordin Gerzic","odds":"7.00","header":"Anytime"},{"name":"Simon Amin","odds":"19.00","header":"First"},{"name":"Simon Amin","odds":"19.00","header":"Last"},{"name":"Simon Amin","odds":"7.00","header":"Anytime"},{"name":"Teodor Walemark","odds":"21.00","header":"First"},{"name":"Teodor Walemark","odds":"21.00","header":"Last"},{"name":"Teodor Walemark","odds":"7.50","header":"Anytime"},{"name":"Kari Arkivuo","odds":"23.00","header":"First"},{"name":"Kari Arkivuo","odds":"23.00","header":"Last"},{"name":"Kari Arkivuo","odds":"9.00","header":"Anytime"},{"name":"Alexander Angelin","odds":"26.00","header":"First"},{"name":"Alexander Angelin","odds":"26.00","header":"Last"},{"name":"Alexander Angelin","odds":"10.00","header":"Anytime"},{"name":"Godswill Ekpolo","odds":"26.00","header":"First"},{"name":"Godswill Ekpolo","odds":"26.00","header":"Last"},{"name":"Godswill Ekpolo","odds":"10.00","header":"Anytime"},{"name":"Jasmin Sudic","odds":"26.00","header":"First"},{"name":"Jasmin Sudic","odds":"26.00","header":"Last"},{"name":"Jasmin Sudic","odds":"10.00","header":"Anytime"},{"name":"Johan Hammar","odds":"26.00","header":"First"},{"name":"Johan Hammar","odds":"26.00","header":"Last"},{"name":"Johan Hammar","odds":"10.00","header":"Anytime"},{"name":"Juhani Ojala","odds":"26.00","header":"First"},{"name":"Juhani Ojala","odds":"26.00","header":"Last"},{"name":"Juhani Ojala","odds":"10.00","header":"Anytime"},{"name":"Rasmus Lindgren","odds":"26.00","header":"First"},{"name":"Rasmus Lindgren","odds":"26.00","header":"Last"},{"name":"Rasmus Lindgren","odds":"10.00","header":"Anytime"},{"name":"Johan Martensson","odds":"29.00","header":"First"},{"name":"Johan Martensson","odds":"29.00","header":"Last"},{"name":"Johan Martensson","odds":"11.00","header":"Anytime"},{"name":"Oliver Kahed","odds":"29.00","header":"First"},{"name":"Oliver Kahed","odds":"29.00","header":"Last"},{"name":"Oliver Kahed","odds":"11.00","header":"Anytime"},{"name":"Daniel Bjornkvist","odds":"34.00","header":"First"},{"name":"Daniel Bjornkvist","odds":"34.00","header":"Last"},{"name":"Daniel Bjornkvist","odds":"13.00","header":"Anytime"},{"name":"Albin Granlund","odds":"41.00","header":"First"},{"name":"Albin Granlund","odds":"41.00","header":"Last"},{"name":"Albin Granlund","odds":"17.00","header":"Anytime"},{"name":"Arvid Brorsson","odds":"41.00","header":"First"},{"name":"Arvid Brorsson","odds":"41.00","header":"Last"},{"name":"Arvid Brorsson","odds":"17.00","header":"Anytime"},{"name":"Brendan Hines","odds":"41.00","header":"First"},{"name":"Brendan Hines","odds":"41.00","header":"Last"},{"name":"Brendan Hines","odds":"17.00","header":"Anytime"},{"name":"Emil Wahlstrom","odds":"41.00","header":"First"},{"name":"Emil Wahlstrom","odds":"41.00","header":"Last"},{"name":"Emil Wahlstrom","odds":"17.00","header":"Anytime"},{"name":"Martin Lorentzson","odds":"41.00","header":"First"},{"name":"Martin Lorentzson","odds":"41.00","header":"Last"},{"name":"Martin Lorentzson","odds":"17.00","header":"Anytime"},{"name":"Sebastian Ring","odds":"41.00","header":"First"},{"name":"Sebastian Ring","odds":"41.00","header":"Last"},{"name":"Sebastian Ring","odds":"17.00","header":"Anytime"},{"name":"Adam Bark","odds":"51.00","header":"First"},{"name":"Adam Bark","odds":"51.00","header":"Last"},{"name":"Adam Bark","odds":"21.00","header":"Anytime"},{"name":"Michael Almeback","odds":"51.00","header":"First"},{"name":"Michael Almeback","odds":"51.00","header":"Last"},{"name":"Michael Almeback","odds":"21.00","header":"Anytime"},{"name":"No Goalscorer","odds":"13.00","header":"First"},{"name":"No Goalscorer","odds":"13.00","header":"Last"}],"multi_scorers":[{"name":"Alexander Jeremejeff","odds":"6.00","header":"2 or More"},{"name":"Alexander Jeremejeff","odds":"21.00","header":"3 or More"},{"name":"Alhassan Kamara","odds":"7.50","header":"2 or More"},{"name":"Alhassan Kamara","odds":"29.00","header":"3 or More"},{"name":"Guerreiro Paulinho","odds":"10.00","header":"2 or More"},{"name":"Guerreiro Paulinho","odds":"41.00","header":"3 or More"},{"name":"Lucas Hedlund","odds":"10.00","header":"2 or More"},{"name":"Lucas Hedlund","odds":"41.00","header":"3 or More"},{"name":"Viktor Lundberg","odds":"10.00","header":"2 or More"},{"name":"Viktor Lundberg","odds":"41.00","header":"3 or More"},{"name":"Kennedy Igboananike","odds":"13.00","header":"2 or More"},{"name":"Kennedy Igboananike","odds":"67.00","header":"3 or More"},{"name":"Mervan Celik","odds":"13.00","header":"2 or More"},{"name":"Mervan Celik","odds":"67.00","header":"3 or More"},{"name":"Nasiru Mohammed","odds":"13.00","header":"2 or More"},{"name":"Nasiru Mohammed","odds":"67.00","header":"3 or More"},{"name":"Daleho Irandust","odds":"19.00","header":"2 or More"},{"name":"Daleho Irandust","odds":"101.00","header":"3 or More"},{"name":"Isaac Boye","odds":"19.00","header":"2 or More"},{"name":"Isaac Boye","odds":"101.00","header":"3 or More"},{"name":"Karl Bohm","odds":"19.00","header":"2 or More"},{"name":"Karl Bohm","odds":"101.00","header":"3 or More"},{"name":"Kevin Yakob","odds":"19.00","header":"2 or More"},{"name":"Kevin Yakob","odds":"101.00","header":"3 or More"},{"name":"Nahir Besara","odds":"19.00","header":"2 or More"},{"name":"Nahir Besara","odds":"101.00","header":"3 or More"},{"name":"Rodin Deprem","odds":"19.00","header":"2 or More"},{"name":"Rodin Deprem","odds":"101.00","header":"3 or More"},{"name":"Gustav Berggren","odds":"26.00","header":"2 or More"},{"name":"Gustav Berggren","odds":"101.00","header":"3 or More"},{"name":"Victor Skold","odds":"26.00","header":"2 or More"},{"name":"Victor Skold","odds":"101.00","header":"3 or More"},{"name":"Alexander Faltsetas","odds":"34.00","header":"2 or More"},{"name":"Alexander Faltsetas","odds":"126.00","header":"3 or More"},{"name":"Kevin Ackermann","odds":"34.00","header":"2 or More"},{"name":"Kevin Ackermann","odds":"126.00","header":"3 or More"},{"name":"Adam Andersson","odds":"51.00","header":"2 or More"},{"name":"Adam Andersson","odds":"151.00","header":"3 or More"},{"name":"Erik Friberg","odds":"51.00","header":"2 or More"},{"name":"Erik Friberg","odds":"151.00","header":"3 or More"},{"name":"Michael Omoh","odds":"51.00","header":"2 or More"},{"name":"Michael Omoh","odds":"151.00","header":"3 or More"},{"name":"Alfred Ajdarevic","odds":"67.00","header":"2 or More"},{"name":"Alfred Ajdarevic","odds":"201.00","header":"3 or More"},{"name":"Filip Rogic","odds":"67.00","header":"2 or More"},{"name":"Filip Rogic","odds":"201.00","header":"3 or More"},{"name":"Nordin Gerzic","odds":"67.00","header":"2 or More"},{"name":"Nordin Gerzic","odds":"201.00","header":"3 or More"},{"name":"Simon Amin","odds":"67.00","header":"2 or More"},{"name":"Simon Amin","odds":"201.00","header":"3 or More"},{"name":"Teodor Walemark","odds":"81.00","header":"2 or More"},{"name":"Teodor Walemark","odds":"251.00","header":"3 or More"},{"name":"Alexander Angelin","odds":"101.00","header":"2 or More"},{"name":"Alexander Angelin","odds":"501.00","header":"3 or More"},{"name":"Godswill Ekpolo","odds":"101.00","header":"2 or More"},{"name":"Godswill Ekpolo","odds":"501.00","header":"3 or More"},{"name":"Jasmin Sudic","odds":"101.00","header":"2 or More"},{"name":"Jasmin Sudic","odds":"501.00","header":"3 or More"},{"name":"Johan Hammar","odds":"101.00","header":"2 or More"},{"name":"Johan Hammar","odds":"501.00","header":"3 or More"},{"name":"Johan Martensson","odds":"101.00","header":"2 or More"},{"name":"Johan Martensson","odds":"501.00","header":"3 or More"},{"name":"Juhani Ojala","odds":"101.00","header":"2 or More"},{"name":"Juhani Ojala","odds":"501.00","header":"3 or More"},{"name":"Kari Arkivuo","odds":"101.00","header":"2 or More"},{"name":"Kari Arkivuo","odds":"401.00","header":"3 or More"},{"name":"Oliver Kahed","odds":"101.00","header":"2 or More"},{"name":"Oliver Kahed","odds":"501.00","header":"3 or More"},{"name":"Rasmus Lindgren","odds":"101.00","header":"2 or More"},{"name":"Rasmus Lindgren","odds":"501.00","header":"3 or More"},{"name":"Daniel Bjornkvist","odds":"126.00","header":"2 or More"},{"name":"Daniel Bjornkvist","odds":"501.00","header":"3 or More"},{"name":"Adam Bark","odds":"151.00","header":"2 or More"},{"name":"Adam Bark","odds":"501.00","header":"3 or More"},{"name":"Albin Granlund","odds":"151.00","header":"2 or More"},{"name":"Albin Granlund","odds":"501.00","header":"3 or More"},{"name":"Arvid Brorsson","odds":"151.00","header":"2 or More"},{"name":"Arvid Brorsson","odds":"501.00","header":"3 or More"},{"name":"Brendan Hines","odds":"151.00","header":"2 or More"},{"name":"Brendan Hines","odds":"501.00","header":"3 or More"},{"name":"Emil Wahlstrom","odds":"151.00","header":"2 or More"},{"name":"Emil Wahlstrom","odds":"501.00","header":"3 or More"},{"name":"Martin Lorentzson","odds":"151.00","header":"2 or More"},{"name":"Martin Lorentzson","odds":"501.00","header":"3 or More"},{"name":"Michael Almeback","odds":"151.00","header":"2 or More"},{"name":"Michael Almeback","odds":"501.00","header":"3 or More"},{"name":"Sebastian Ring","odds":"151.00","header":"2 or More"},{"name":"Sebastian Ring","odds":"501.00","header":"3 or More"}],"asian_handicap":[{"opp":"-0.5, -1.0","odds":"1.960","header":"Home"},{"opp":"+0.5, +1.0","odds":"1.940","header":"Away"}],"goal_line":[{"goals":"2.5, 3.0","odds":"1.950","header":"Over"},{"goals":"2.5, 3.0","odds":"1.900","header":"Under"}],"alternative_asian_handicap":[{"opp":"-2.5","odds":"5.750","header":"Home"},{"opp":"+2.5","odds":"1.140","header":"Away"},{"opp":"-2.0, -2.5","odds":"5.500","header":"Home"},{"opp":"+2.0, +2.5","odds":"1.150","header":"Away"},{"opp":"-2.0","odds":"4.800","header":"Home"},{"opp":"+2.0","odds":"1.175","header":"Away"},{"opp":"-1.5, -2.0","odds":"3.450","header":"Home"},{"opp":"+1.5, +2.0","odds":"1.300","header":"Away"},{"opp":"-1.5","odds":"2.850","header":"Home"},{"opp":"+1.5","odds":"1.400","header":"Away"},{"opp":"-1.0, -1.5","odds":"2.500","header":"Home"},{"opp":"+1.0, +1.5","odds":"1.500","header":"Away"},{"opp":"-1.0","odds":"2.250","header":"Home"},{"opp":"+1.0","odds":"1.625","header":"Away"},{"opp":"-0.5","odds":"1.700","header":"Home"},{"opp":"+0.5","odds":"2.100","header":"Away"},{"opp":"0.0, -0.5","odds":"1.500","header":"Home"},{"opp":"0.0, +0.5","odds":"2.500","header":"Away"},{"opp":"0.0","odds":"1.325","header":"Home"},{"opp":"0.0","odds":"3.300","header":"Away"},{"opp":"0.0, +0.5","odds":"1.260","header":"Home"},{"opp":"0.0, -0.5","odds":"3.700","header":"Away"},{"opp":"+0.5","odds":"1.220","header":"Home"},{"opp":"-0.5","odds":"4.150","header":"Away"},{"opp":"+0.5, +1.0","odds":"1.140","header":"Home"},{"opp":"-0.5, -1.0","odds":"5.750","header":"Away"}],"alternative_goal_line":[{"goals":"1.0, 1.5","odds":"1.140","header":"Over"},{"goals":"1.0, 1.5","odds":"5.750","header":"Under"},{"goals":"1.5","odds":"1.230","header":"Over"},{"goals":"1.5","odds":"4.000","header":"Under"},{"goals":"1.5, 2.0","odds":"1.275","header":"Over"},{"goals":"1.5, 2.0","odds":"3.550","header":"Under"},{"goals":"2.0","odds":"1.325","header":"Over"},{"goals":"2.0","odds":"3.300","header":"Under"},{"goals":"2.0, 2.5","odds":"1.525","header":"Over"},{"goals":"2.0, 2.5","odds":"2.425","header":"Under"},{"goals":"2.5","odds":"1.725","header":"Over"},{"goals":"2.5","odds":"2.075","header":"Under"},{"goals":"3.0","odds":"2.200","header":"Over"},{"goals":"3.0","odds":"1.650","header":"Under"},{"goals":"3.0, 3.5","odds":"2.425","header":"Over"},{"goals":"3.0, 3.5","odds":"1.525","header":"Under"},{"goals":"3.5","odds":"2.750","header":"Over"},{"goals":"3.5","odds":"1.425","header":"Under"},{"goals":"3.5, 4.0","odds":"3.300","header":"Over"},{"goals":"3.5, 4.0","odds":"1.325","header":"Under"},{"goals":"4.0","odds":"4.400","header":"Over"},{"goals":"4.0","odds":"1.200","header":"Under"},{"goals":"4.0, 4.5","odds":"4.650","header":"Over"},{"goals":"4.0, 4.5","odds":"1.180","header":"Under"},{"goals":"4.5","odds":"5.250","header":"Over"},{"goals":"4.5","odds":"1.160","header":"Under"},{"goals":"4.5, 5.0","odds":"6.600","header":"Over"},{"goals":"4.5, 5.0","odds":"1.110","header":"Under"}],"draw_no_bet":[{"opp":"BK Hacken","odds":"1.29"},{"opp":"Orebro SK","odds":"3.50"}],"result_both_teams_to_score":[{"name":"BK Hacken","odds":"3.25","header":"Yes"},{"name":"BK Hacken","odds":"3.00","header":"No"},{"name":"Orebro SK","odds":"8.00","header":"Yes"},{"name":"Orebro SK","odds":"9.00","header":"No"},{"name":"Draw","odds":"5.00","header":"Yes"},{"name":"Draw","odds":"13.00","header":"No"}],"handicap_result":[{"opp":"BK Hacken (-1)","odds":"2.75"},{"opp":"Tie - (Orebro SK +1)","odds":"3.75"},{"opp":"Orebro SK (+1)","odds":"2.30"}],"alternative_handicap_result":[{"opp":"-3.0","odds":"11.00","header":"Home"},{"opp":"+3.0","odds":"8.00","header":"Tie"},{"opp":"+3.0","odds":"1.11","header":"Away"},{"opp":"-2.0","odds":"5.50","header":"Home"},{"opp":"+2.0","odds":"4.75","header":"Tie"},{"opp":"+2.0","odds":"1.40","header":"Away"},{"opp":"+1.0","odds":"1.18","header":"Home"},{"opp":"-1.0","odds":"6.00","header":"Tie"},{"opp":"-1.0","odds":"9.50","header":"Away"},{"opp":"+2.0","odds":"1.05","header":"Home"},{"opp":"-2.0","odds":"11.00","header":"Tie"},{"opp":"-2.0","odds":"19.00","header":"Away"}],"winning_margin":[{"goals":" 1","odds":"3.75","header":"Home"},{"goals":" 1","odds":"6.00","header":"Away"},{"goals":" 2","odds":"4.75","header":"Home"},{"goals":" 2","odds":"11.00","header":"Away"},{"goals":" 3","odds":"8.00","header":"Home"},{"goals":" 3","odds":"41.00","header":"Away"},{"goals":" 4+","odds":"11.00","header":"Home"},{"goals":" 4+","odds":"81.00","header":"Away"},{"goals":"Score Draw","odds":"5.00","header":"Home"},{"goals":"No Goal","odds":"13.00","header":"Home"}]}},"player":{"updated_at":"1532571405","sp":{"goalscorers":[{"name":"Alexander Jeremejeff","odds":"4.75","header":"First"},{"name":"Alexander Jeremejeff","odds":"4.75","header":"Last"},{"name":"Alexander Jeremejeff","odds":"2.05","header":"Anytime"},{"name":"Alhassan Kamara","odds":"5.50","header":"First"},{"name":"Alhassan Kamara","odds":"5.50","header":"Last"},{"name":"Alhassan Kamara","odds":"2.30","header":"Anytime"},{"name":"Guerreiro Paulinho","odds":"6.50","header":"First"},{"name":"Guerreiro Paulinho","odds":"6.50","header":"Last"},{"name":"Guerreiro Paulinho","odds":"2.62","header":"Anytime"},{"name":"Lucas Hedlund","odds":"6.50","header":"First"},{"name":"Lucas Hedlund","odds":"6.50","header":"Last"},{"name":"Lucas Hedlund","odds":"2.62","header":"Anytime"},{"name":"Viktor Lundberg","odds":"6.50","header":"First"},{"name":"Viktor Lundberg","odds":"6.50","header":"Last"},{"name":"Viktor Lundberg","odds":"2.62","header":"Anytime"},{"name":"Kennedy Igboananike","odds":"7.50","header":"First"},{"name":"Kennedy Igboananike","odds":"7.50","header":"Last"},{"name":"Kennedy Igboananike","odds":"3.00","header":"Anytime"},{"name":"Mervan Celik","odds":"7.50","header":"First"},{"name":"Mervan Celik","odds":"7.50","header":"Last"},{"name":"Mervan Celik","odds":"3.00","header":"Anytime"},{"name":"Nasiru Mohammed","odds":"7.50","header":"First"},{"name":"Nasiru Mohammed","odds":"7.50","header":"Last"},{"name":"Nasiru Mohammed","odds":"3.00","header":"Anytime"},{"name":"Daleho Irandust","odds":"9.00","header":"First"},{"name":"Daleho Irandust","odds":"9.00","header":"Last"},{"name":"Daleho Irandust","odds":"3.50","header":"Anytime"},{"name":"Isaac Boye","odds":"9.00","header":"First"},{"name":"Isaac Boye","odds":"9.00","header":"Last"},{"name":"Isaac Boye","odds":"3.50","header":"Anytime"},{"name":"Karl Bohm","odds":"9.00","header":"First"},{"name":"Karl Bohm","odds":"9.00","header":"Last"},{"name":"Karl Bohm","odds":"3.50","header":"Anytime"},{"name":"Kevin Yakob","odds":"9.00","header":"First"},{"name":"Kevin Yakob","odds":"9.00","header":"Last"},{"name":"Kevin Yakob","odds":"3.50","header":"Anytime"},{"name":"Nahir Besara","odds":"9.00","header":"First"},{"name":"Nahir Besara","odds":"9.00","header":"Last"},{"name":"Nahir Besara","odds":"3.50","header":"Anytime"},{"name":"Rodin Deprem","odds":"9.00","header":"First"},{"name":"Rodin Deprem","odds":"9.00","header":"Last"},{"name":"Rodin Deprem","odds":"3.50","header":"Anytime"},{"name":"Gustav Berggren","odds":"11.00","header":"First"},{"name":"Gustav Berggren","odds":"11.00","header":"Last"},{"name":"Gustav Berggren","odds":"4.00","header":"Anytime"},{"name":"Victor Skold","odds":"11.00","header":"First"},{"name":"Victor Skold","odds":"11.00","header":"Last"},{"name":"Victor Skold","odds":"4.00","header":"Anytime"},{"name":"Alexander Faltsetas","odds":"13.00","header":"First"},{"name":"Alexander Faltsetas","odds":"13.00","header":"Last"},{"name":"Alexander Faltsetas","odds":"5.00","header":"Anytime"},{"name":"Kevin Ackermann","odds":"13.00","header":"First"},{"name":"Kevin Ackermann","odds":"13.00","header":"Last"},{"name":"Kevin Ackermann","odds":"5.00","header":"Anytime"},{"name":"Adam Andersson","odds":"17.00","header":"First"},{"name":"Adam Andersson","odds":"17.00","header":"Last"},{"name":"Adam Andersson","odds":"6.00","header":"Anytime"},{"name":"Erik Friberg","odds":"17.00","header":"First"},{"name":"Erik Friberg","odds":"17.00","header":"Last"},{"name":"Erik Friberg","odds":"6.00","header":"Anytime"},{"name":"Michael Omoh","odds":"17.00","header":"First"},{"name":"Michael Omoh","odds":"17.00","header":"Last"},{"name":"Michael Omoh","odds":"6.00","header":"Anytime"},{"name":"Alfred Ajdarevic","odds":"19.00","header":"First"},{"name":"Alfred Ajdarevic","odds":"19.00","header":"Last"},{"name":"Alfred Ajdarevic","odds":"7.00","header":"Anytime"},{"name":"Filip Rogic","odds":"19.00","header":"First"},{"name":"Filip Rogic","odds":"19.00","header":"Last"},{"name":"Filip Rogic","odds":"7.00","header":"Anytime"},{"name":"Nordin Gerzic","odds":"19.00","header":"First"},{"name":"Nordin Gerzic","odds":"19.00","header":"Last"},{"name":"Nordin Gerzic","odds":"7.00","header":"Anytime"},{"name":"Simon Amin","odds":"19.00","header":"First"},{"name":"Simon Amin","odds":"19.00","header":"Last"},{"name":"Simon Amin","odds":"7.00","header":"Anytime"},{"name":"Teodor Walemark","odds":"21.00","header":"First"},{"name":"Teodor Walemark","odds":"21.00","header":"Last"},{"name":"Teodor Walemark","odds":"7.50","header":"Anytime"},{"name":"Kari Arkivuo","odds":"23.00","header":"First"},{"name":"Kari Arkivuo","odds":"23.00","header":"Last"},{"name":"Kari Arkivuo","odds":"9.00","header":"Anytime"},{"name":"Alexander Angelin","odds":"26.00","header":"First"},{"name":"Alexander Angelin","odds":"26.00","header":"Last"},{"name":"Alexander Angelin","odds":"10.00","header":"Anytime"},{"name":"Godswill Ekpolo","odds":"26.00","header":"First"},{"name":"Godswill Ekpolo","odds":"26.00","header":"Last"},{"name":"Godswill Ekpolo","odds":"10.00","header":"Anytime"},{"name":"Jasmin Sudic","odds":"26.00","header":"First"},{"name":"Jasmin Sudic","odds":"26.00","header":"Last"},{"name":"Jasmin Sudic","odds":"10.00","header":"Anytime"},{"name":"Johan Hammar","odds":"26.00","header":"First"},{"name":"Johan Hammar","odds":"26.00","header":"Last"},{"name":"Johan Hammar","odds":"10.00","header":"Anytime"},{"name":"Juhani Ojala","odds":"26.00","header":"First"},{"name":"Juhani Ojala","odds":"26.00","header":"Last"},{"name":"Juhani Ojala","odds":"10.00","header":"Anytime"},{"name":"Rasmus Lindgren","odds":"26.00","header":"First"},{"name":"Rasmus Lindgren","odds":"26.00","header":"Last"},{"name":"Rasmus Lindgren","odds":"10.00","header":"Anytime"},{"name":"Johan Martensson","odds":"29.00","header":"First"},{"name":"Johan Martensson","odds":"29.00","header":"Last"},{"name":"Johan Martensson","odds":"11.00","header":"Anytime"},{"name":"Oliver Kahed","odds":"29.00","header":"First"},{"name":"Oliver Kahed","odds":"29.00","header":"Last"},{"name":"Oliver Kahed","odds":"11.00","header":"Anytime"},{"name":"Daniel Bjornkvist","odds":"34.00","header":"First"},{"name":"Daniel Bjornkvist","odds":"34.00","header":"Last"},{"name":"Daniel Bjornkvist","odds":"13.00","header":"Anytime"},{"name":"Albin Granlund","odds":"41.00","header":"First"},{"name":"Albin Granlund","odds":"41.00","header":"Last"},{"name":"Albin Granlund","odds":"17.00","header":"Anytime"},{"name":"Arvid Brorsson","odds":"41.00","header":"First"},{"name":"Arvid Brorsson","odds":"41.00","header":"Last"},{"name":"Arvid Brorsson","odds":"17.00","header":"Anytime"},{"name":"Brendan Hines","odds":"41.00","header":"First"},{"name":"Brendan Hines","odds":"41.00","header":"Last"},{"name":"Brendan Hines","odds":"17.00","header":"Anytime"},{"name":"Emil Wahlstrom","odds":"41.00","header":"First"},{"name":"Emil Wahlstrom","odds":"41.00","header":"Last"},{"name":"Emil Wahlstrom","odds":"17.00","header":"Anytime"},{"name":"Martin Lorentzson","odds":"41.00","header":"First"},{"name":"Martin Lorentzson","odds":"41.00","header":"Last"},{"name":"Martin Lorentzson","odds":"17.00","header":"Anytime"},{"name":"Sebastian Ring","odds":"41.00","header":"First"},{"name":"Sebastian Ring","odds":"41.00","header":"Last"},{"name":"Sebastian Ring","odds":"17.00","header":"Anytime"},{"name":"Adam Bark","odds":"51.00","header":"First"},{"name":"Adam Bark","odds":"51.00","header":"Last"},{"name":"Adam Bark","odds":"21.00","header":"Anytime"},{"name":"Michael Almeback","odds":"51.00","header":"First"},{"name":"Michael Almeback","odds":"51.00","header":"Last"},{"name":"Michael Almeback","odds":"21.00","header":"Anytime"},{"name":"No Goalscorer","odds":"13.00","header":"First"},{"name":"No Goalscorer","odds":"13.00","header":"Last"}],"multi_scorers":[{"name":"Alexander Jeremejeff","odds":"6.00","header":"2 or More"},{"name":"Alexander Jeremejeff","odds":"21.00","header":"3 or More"},{"name":"Alhassan Kamara","odds":"7.50","header":"2 or More"},{"name":"Alhassan Kamara","odds":"29.00","header":"3 or More"},{"name":"Guerreiro Paulinho","odds":"10.00","header":"2 or More"},{"name":"Guerreiro Paulinho","odds":"41.00","header":"3 or More"},{"name":"Lucas Hedlund","odds":"10.00","header":"2 or More"},{"name":"Lucas Hedlund","odds":"41.00","header":"3 or More"},{"name":"Viktor Lundberg","odds":"10.00","header":"2 or More"},{"name":"Viktor Lundberg","odds":"41.00","header":"3 or More"},{"name":"Kennedy Igboananike","odds":"13.00","header":"2 or More"},{"name":"Kennedy Igboananike","odds":"67.00","header":"3 or More"},{"name":"Mervan Celik","odds":"13.00","header":"2 or More"},{"name":"Mervan Celik","odds":"67.00","header":"3 or More"},{"name":"Nasiru Mohammed","odds":"13.00","header":"2 or More"},{"name":"Nasiru Mohammed","odds":"67.00","header":"3 or More"},{"name":"Daleho Irandust","odds":"19.00","header":"2 or More"},{"name":"Daleho Irandust","odds":"101.00","header":"3 or More"},{"name":"Isaac Boye","odds":"19.00","header":"2 or More"},{"name":"Isaac Boye","odds":"101.00","header":"3 or More"},{"name":"Karl Bohm","odds":"19.00","header":"2 or More"},{"name":"Karl Bohm","odds":"101.00","header":"3 or More"},{"name":"Kevin Yakob","odds":"19.00","header":"2 or More"},{"name":"Kevin Yakob","odds":"101.00","header":"3 or More"},{"name":"Nahir Besara","odds":"19.00","header":"2 or More"},{"name":"Nahir Besara","odds":"101.00","header":"3 or More"},{"name":"Rodin Deprem","odds":"19.00","header":"2 or More"},{"name":"Rodin Deprem","odds":"101.00","header":"3 or More"},{"name":"Gustav Berggren","odds":"26.00","header":"2 or More"},{"name":"Gustav Berggren","odds":"101.00","header":"3 or More"},{"name":"Victor Skold","odds":"26.00","header":"2 or More"},{"name":"Victor Skold","odds":"101.00","header":"3 or More"},{"name":"Alexander Faltsetas","odds":"34.00","header":"2 or More"},{"name":"Alexander Faltsetas","odds":"126.00","header":"3 or More"},{"name":"Kevin Ackermann","odds":"34.00","header":"2 or More"},{"name":"Kevin Ackermann","odds":"126.00","header":"3 or More"},{"name":"Adam Andersson","odds":"51.00","header":"2 or More"},{"name":"Adam Andersson","odds":"151.00","header":"3 or More"},{"name":"Erik Friberg","odds":"51.00","header":"2 or More"},{"name":"Erik Friberg","odds":"151.00","header":"3 or More"},{"name":"Michael Omoh","odds":"51.00","header":"2 or More"},{"name":"Michael Omoh","odds":"151.00","header":"3 or More"},{"name":"Alfred Ajdarevic","odds":"67.00","header":"2 or More"},{"name":"Alfred Ajdarevic","odds":"201.00","header":"3 or More"},{"name":"Filip Rogic","odds":"67.00","header":"2 or More"},{"name":"Filip Rogic","odds":"201.00","header":"3 or More"},{"name":"Nordin Gerzic","odds":"67.00","header":"2 or More"},{"name":"Nordin Gerzic","odds":"201.00","header":"3 or More"},{"name":"Simon Amin","odds":"67.00","header":"2 or More"},{"name":"Simon Amin","odds":"201.00","header":"3 or More"},{"name":"Teodor Walemark","odds":"81.00","header":"2 or More"},{"name":"Teodor Walemark","odds":"251.00","header":"3 or More"},{"name":"Alexander Angelin","odds":"101.00","header":"2 or More"},{"name":"Alexander Angelin","odds":"501.00","header":"3 or More"},{"name":"Godswill Ekpolo","odds":"101.00","header":"2 or More"},{"name":"Godswill Ekpolo","odds":"501.00","header":"3 or More"},{"name":"Jasmin Sudic","odds":"101.00","header":"2 or More"},{"name":"Jasmin Sudic","odds":"501.00","header":"3 or More"},{"name":"Johan Hammar","odds":"101.00","header":"2 or More"},{"name":"Johan Hammar","odds":"501.00","header":"3 or More"},{"name":"Johan Martensson","odds":"101.00","header":"2 or More"},{"name":"Johan Martensson","odds":"501.00","header":"3 or More"},{"name":"Juhani Ojala","odds":"101.00","header":"2 or More"},{"name":"Juhani Ojala","odds":"501.00","header":"3 or More"},{"name":"Kari Arkivuo","odds":"101.00","header":"2 or More"},{"name":"Kari Arkivuo","odds":"401.00","header":"3 or More"},{"name":"Oliver Kahed","odds":"101.00","header":"2 or More"},{"name":"Oliver Kahed","odds":"501.00","header":"3 or More"},{"name":"Rasmus Lindgren","odds":"101.00","header":"2 or More"},{"name":"Rasmus Lindgren","odds":"501.00","header":"3 or More"},{"name":"Daniel Bjornkvist","odds":"126.00","header":"2 or More"},{"name":"Daniel Bjornkvist","odds":"501.00","header":"3 or More"},{"name":"Adam Bark","odds":"151.00","header":"2 or More"},{"name":"Adam Bark","odds":"501.00","header":"3 or More"},{"name":"Albin Granlund","odds":"151.00","header":"2 or More"},{"name":"Albin Granlund","odds":"501.00","header":"3 or More"},{"name":"Arvid Brorsson","odds":"151.00","header":"2 or More"},{"name":"Arvid Brorsson","odds":"501.00","header":"3 or More"},{"name":"Brendan Hines","odds":"151.00","header":"2 or More"},{"name":"Brendan Hines","odds":"501.00","header":"3 or More"},{"name":"Emil Wahlstrom","odds":"151.00","header":"2 or More"},{"name":"Emil Wahlstrom","odds":"501.00","header":"3 or More"},{"name":"Martin Lorentzson","odds":"151.00","header":"2 or More"},{"name":"Martin Lorentzson","odds":"501.00","header":"3 or More"},{"name":"Michael Almeback","odds":"151.00","header":"2 or More"},{"name":"Michael Almeback","odds":"501.00","header":"3 or More"},{"name":"Sebastian Ring","odds":"151.00","header":"2 or More"},{"name":"Sebastian Ring","odds":"501.00","header":"3 or More"}],"team_goalscorer":[{"name":"Alexander Jeremejeff","odds":"3.10","header":"First"},{"name":"Alexander Jeremejeff","odds":"3.10","header":"Last"},{"name":"Alhassan Kamara","odds":"3.50","header":"First"},{"name":"Alhassan Kamara","odds":"3.50","header":"Last"},{"name":"Guerreiro Paulinho","odds":"4.00","header":"First"},{"name":"Guerreiro Paulinho","odds":"4.00","header":"Last"},{"name":"Lucas Hedlund","odds":"4.00","header":"First"},{"name":"Lucas Hedlund","odds":"4.00","header":"Last"},{"name":"Viktor Lundberg","odds":"4.00","header":"First"},{"name":"Viktor Lundberg","odds":"4.00","header":"Last"},{"name":"Mervan Celik","odds":"4.50","header":"First"},{"name":"Mervan Celik","odds":"4.50","header":"Last"},{"name":"Nasiru Mohammed","odds":"4.50","header":"First"},{"name":"Nasiru Mohammed","odds":"4.50","header":"Last"},{"name":"Daleho Irandust","odds":"5.50","header":"First"},{"name":"Daleho Irandust","odds":"5.50","header":"Last"},{"name":"Karl Bohm","odds":"5.50","header":"First"},{"name":"Karl Bohm","odds":"5.50","header":"Last"},{"name":"Kevin Yakob","odds":"5.50","header":"First"},{"name":"Kevin Yakob","odds":"5.50","header":"Last"},{"name":"Gustav Berggren","odds":"6.50","header":"First"},{"name":"Gustav Berggren","odds":"6.50","header":"Last"},{"name":"Alexander Faltsetas","odds":"8.50","header":"First"},{"name":"Alexander Faltsetas","odds":"8.50","header":"Last"},{"name":"Kevin Ackermann","odds":"8.50","header":"First"},{"name":"Kevin Ackermann","odds":"8.50","header":"Last"},{"name":"Adam Andersson","odds":"10.00","header":"First"},{"name":"Adam Andersson","odds":"10.00","header":"Last"},{"name":"Erik Friberg","odds":"10.00","header":"First"},{"name":"Erik Friberg","odds":"10.00","header":"Last"},{"name":"Teodor Walemark","odds":"13.00","header":"First"},{"name":"Teodor Walemark","odds":"13.00","header":"Last"},{"name":"Kari Arkivuo","odds":"15.00","header":"First"},{"name":"Kari Arkivuo","odds":"15.00","header":"Last"},{"name":"Alexander Angelin","odds":"17.00","header":"First"},{"name":"Alexander Angelin","odds":"17.00","header":"Last"},{"name":"Godswill Ekpolo","odds":"17.00","header":"First"},{"name":"Godswill Ekpolo","odds":"17.00","header":"Last"},{"name":"Jasmin Sudic","odds":"17.00","header":"First"},{"name":"Jasmin Sudic","odds":"17.00","header":"Last"},{"name":"Johan Hammar","odds":"17.00","header":"First"},{"name":"Johan Hammar","odds":"17.00","header":"Last"},{"name":"Juhani Ojala","odds":"17.00","header":"First"},{"name":"Juhani Ojala","odds":"17.00","header":"Last"},{"name":"Rasmus Lindgren","odds":"17.00","header":"First"},{"name":"Rasmus Lindgren","odds":"17.00","header":"Last"},{"name":"Emil Wahlstrom","odds":"23.00","header":"First"},{"name":"Emil Wahlstrom","odds":"23.00","header":"Last"},{"name":"No Goalscorer (BK Hacken)","odds":"5.50","header":"First"},{"name":"No Goalscorer (BK Hacken)","odds":"5.50","header":"Last"},{"name":"Kennedy Igboananike","odds":"4.00","header":"First"},{"name":"Kennedy Igboananike","odds":"4.00","header":"Last"},{"name":"Isaac Boye","odds":"4.50","header":"First"},{"name":"Isaac Boye","odds":"4.50","header":"Last"},{"name":"Nahir Besara","odds":"4.50","header":"First"},{"name":"Nahir Besara","odds":"4.50","header":"Last"},{"name":"Rodin Deprem","odds":"4.50","header":"First"},{"name":"Rodin Deprem","odds":"4.50","header":"Last"},{"name":"Victor Skold","odds":"5.50","header":"First"},{"name":"Victor Skold","odds":"5.50","header":"Last"},{"name":"Michael Omoh","odds":"8.00","header":"First"},{"name":"Michael Omoh","odds":"8.00","header":"Last"},{"name":"Alfred Ajdarevic","odds":"9.50","header":"First"},{"name":"Alfred Ajdarevic","odds":"9.50","header":"Last"},{"name":"Filip Rogic","odds":"9.50","header":"First"},{"name":"Filip Rogic","odds":"9.50","header":"Last"},{"name":"Nordin Gerzic","odds":"9.50","header":"First"},{"name":"Nordin Gerzic","odds":"9.50","header":"Last"},{"name":"Simon Amin","odds":"9.50","header":"First"},{"name":"Simon Amin","odds":"9.50","header":"Last"},{"name":"Johan Martensson","odds":"17.00","header":"First"},{"name":"Johan Martensson","odds":"17.00","header":"Last"},{"name":"Oliver Kahed","odds":"17.00","header":"First"},{"name":"Oliver Kahed","odds":"17.00","header":"Last"},{"name":"Daniel Bjornkvist","odds":"19.00","header":"First"},{"name":"Daniel Bjornkvist","odds":"19.00","header":"Last"},{"name":"Albin Granlund","odds":"21.00","header":"First"},{"name":"Albin Granlund","odds":"21.00","header":"Last"},{"name":"Arvid Brorsson","odds":"21.00","header":"First"},{"name":"Arvid Brorsson","odds":"21.00","header":"Last"},{"name":"Brendan Hines","odds":"21.00","header":"First"},{"name":"Brendan Hines","odds":"21.00","header":"Last"},{"name":"Martin Lorentzson","odds":"21.00","header":"First"},{"name":"Martin Lorentzson","odds":"21.00","header":"Last"},{"name":"Sebastian Ring","odds":"21.00","header":"First"},{"name":"Sebastian Ring","odds":"21.00","header":"Last"},{"name":"Adam Bark","odds":"23.00","header":"First"},{"name":"Adam Bark","odds":"23.00","header":"Last"},{"name":"Michael Almeback","odds":"29.00","header":"First"},{"name":"Michael Almeback","odds":"29.00","header":"Last"},{"name":"No Goalscorer (Orebro SK)","odds":"2.62","header":"First"},{"name":"No Goalscorer (Orebro SK)","odds":"2.62","header":"Last"}]}},"schedule":{"updated_at":"1532570443","sp":{"main":[{"odds":"1.950"},{"odds":"1.900"}]}},"specials":{"updated_at":"1532571411","sp":{"specials":[{"name":"To Win From Behind","odds":"8.00","header":"Home"},{"name":"To Win From Behind","odds":"17.00","header":"Away"},{"name":"To Win to Nil","odds":"3.00","header":"Home"},{"name":"To Win to Nil","odds":"9.00","header":"Away"},{"name":"To Win Either Half","odds":"1.36","header":"Home"},{"name":"To Win Either Half","odds":"2.50","header":"Away"},{"name":"To Win Both Halves","odds":"4.50","header":"Home"},{"name":"To Win Both Halves","odds":"21.00","header":"Away"},{"name":"To Score in Both Halves","odds":"2.50","header":"Home"},{"name":"To Score in Both Halves","odds":"5.50","header":"Away"}],"to_score_in_half":[{"name":"1st Half","odds":"1.67","header":"Yes"},{"name":"1st Half","odds":"2.10","header":"No"},{"name":"2nd Half","odds":"1.44","header":"Yes"},{"name":"2nd Half","odds":"2.62","header":"No"},{"name":"1st Half","odds":"2.50","header":"Yes"},{"name":"1st Half","odds":"1.50","header":"No"},{"name":"2nd Half","odds":"2.10","header":"Yes"},{"name":"2nd Half","odds":"1.67","header":"No"}],"own_goal":[{"opp":"Yes","odds":"11.00"},{"opp":"No","odds":"1.05"}]}}}]}}