{"odd":{"success":1,"results":[{"FI":"75393444","event_id":"847108","goals":{"updated_at":"1532569484","sp":{"goals_over_under":[{"goals":"2.5","odds":"1.26","header":"Over"},{"goals":"2.5","odds":"3.70","header":"Under"}],"first_team_to_score":[{"opp":"Nopsa","odds":"2.38"},{"opp":"No Goals","odds":"34.00"},{"opp":"HyPS","odds":"1.53"}],"home_team_highest_scoring_half":[{"opp":"Nopsa - 1st Half","odds":"3.40"},{"opp":"Nopsa - 2nd Half","odds":"2.40"},{"opp":"Nopsa - Tie","odds":"2.50"}],"away_team_highest_scoring_half":[{"opp":"HyPS - 1st Half","odds":"3.00"},{"opp":"HyPS - 2nd Half","odds":"2.05"},{"opp":"HyPS - Tie","odds":"3.40"}],"goals_odd_even":[{"opp":"Even","odds":"1.90"},{"opp":"Odd","odds":"1.95"}],"home_team_odd_even_goals":[{"opp":"Nopsa - Even","odds":"1.73"},{"opp":"Nopsa - Odd","odds":"2.00"}],"away_team_odd_even_goals":[{"opp":"HyPS - Even","odds":"1.83"},{"opp":"HyPS - Odd","odds":"1.83"}],"1st_half_goals_odd_even":[{"opp":"Odd","odds":"2.00"},{"opp":"Even","odds":"1.80"}]}},"half":{"updated_at":"1532569501","sp":{"half_time_result":[{"opp":"1","odds":"3.75"},{"opp":"X","odds":"2.88"},{"opp":"2","odds":"2.00"}],"half_time_double_chance":[{"opp":"1X","odds":"1.73"},{"opp":"X2","odds":"1.25"},{"opp":"12","odds":"1.40"}],"half_time_correct_score":[{"opp":"1-0","odds":"7.50","header":"Home"},{"opp":"0-0","odds":"5.00","header":"X"},{"opp":"1-0","odds":"4.75","header":"Away"},{"opp":"2-0","odds":"19.00","header":"Home"},{"opp":"1-1","odds":"8.00","header":"X"},{"opp":"2-0","odds":"7.50","header":"Away"},{"opp":"2-1","odds":"21.00","header":"Home"},{"opp":"2-2","odds":"34.00","header":"X"},{"opp":"2-1","odds":"15.00","header":"Away"},{"opp":"3-0","odds":"41.00","header":"Home"},{"opp":"3-0","odds":"17.00","header":"Away"},{"opp":"3-1","odds":"51.00","header":"Home"},{"opp":"3-1","odds":"29.00","header":"Away"},{"opp":"3-2","odds":"81.00","header":"Home"},{"opp":"3-2","odds":"67.00","header":"Away"},{"opp":"4-0","odds":"41.00","header":"Away"},{"opp":"4-1","odds":"67.00","header":"Away"},{"opp":"5-0","odds":"81.00","header":"Away"}],"1st_half_goals_odd_even":[{"opp":"Odd","odds":"2.00"},{"opp":"Even","odds":"1.80"}],"home_team_highest_scoring_half":[{"opp":"Nopsa - 1st Half","odds":"3.40"},{"opp":"Nopsa - 2nd Half","odds":"2.40"},{"opp":"Nopsa - Tie","odds":"2.50"}],"away_team_highest_scoring_half":[{"opp":"HyPS - 1st Half","odds":"3.00"},{"opp":"HyPS - 2nd Half","odds":"2.05"},{"opp":"HyPS - Tie","odds":"3.40"}],"2nd_half_goals_odd_even":[{"opp":"Even","odds":"1.83"},{"opp":"Odd","odds":"1.83"}]}},"main":{"updated_at":"1532569425","sp":{"full_time_result":[{"opp":"1","odds":"3.75"},{"opp":"X","odds":"4.75"},{"opp":"2","odds":"1.57"}],"double_chance":[{"opp":"1X","odds":"2.25"},{"opp":"X2","odds":"1.25"},{"opp":"12","odds":"1.17"}],"correct_score":[{"opp":"1-0","odds":"26.00","header":"Home"},{"opp":"0-0","odds":"34.00","header":"X"},{"opp":"1-0","odds":"17.00","header":"Away"},{"opp":"2-0","odds":"34.00","header":"Home"},{"opp":"1-1","odds":"12.00","header":"X"},{"opp":"2-0","odds":"13.00","header":"Away"},{"opp":"2-1","odds":"17.00","header":"Home"},{"opp":"2-2","odds":"13.00","header":"X"},{"opp":"2-1","odds":"10.00","header":"Away"},{"opp":"3-0","odds":"41.00","header":"Home"},{"opp":"3-3","odds":"29.00","header":"X"},{"opp":"3-0","odds":"15.00","header":"Away"},{"opp":"3-1","odds":"26.00","header":"Home"},{"opp":"4-4","odds":"67.00","header":"X"},{"opp":"3-1","odds":"12.00","header":"Away"},{"opp":"3-2","odds":"23.00","header":"Home"},{"opp":"3-2","odds":"17.00","header":"Away"},{"opp":"4-0","odds":"67.00","header":"Home"},{"opp":"4-0","odds":"21.00","header":"Away"},{"opp":"4-1","odds":"41.00","header":"Home"},{"opp":"4-1","odds":"17.00","header":"Away"},{"opp":"4-2","odds":"41.00","header":"Home"},{"opp":"4-2","odds":"23.00","header":"Away"},{"opp":"5-1","odds":"81.00","header":"Home"},{"opp":"5-0","odds":"34.00","header":"Away"},{"opp":"4-3","odds":"51.00","header":"Home"},{"opp":"5-1","odds":"29.00","header":"Away"},{"opp":"5-2","odds":"81.00","header":"Home"},{"opp":"5-2","odds":"41.00","header":"Away"},{"opp":"4-3","odds":"41.00","header":"Away"},{"opp":"5-3","odds":"51.00","header":"Away"},{"opp":"6-0","odds":"51.00","header":"Away"},{"opp":"6-1","odds":"41.00","header":"Away"},{"opp":"6-2","odds":"51.00","header":"Away"},{"opp":"7-0","odds":"81.00","header":"Away"},{"opp":"7-1","odds":"81.00","header":"Away"}],"half_time_full_time":[{"opp":"Nopsa - Nopsa","odds":"6.50"},{"opp":"Nopsa - Draw","odds":"17.00"},{"opp":"Nopsa - HyPS","odds":"15.00"},{"opp":"Draw - Nopsa","odds":"11.00"},{"opp":"Draw - Draw","odds":"10.00"},{"opp":"Draw - HyPS","odds":"5.50"},{"opp":"HyPS - Nopsa","odds":"23.00"},{"opp":"HyPS - Draw","odds":"15.00"},{"opp":"HyPS - HyPS","odds":"2.38"}],"goals_over_under":[{"goals":"2.5","odds":"1.26","header":"Over"},{"goals":"2.5","odds":"3.70","header":"Under"}],"draw_no_bet":[{"opp":"Nopsa","odds":"3.25"},{"opp":"HyPS","odds":"1.33"}]}},"schedule":{"updated_at":"1532569735","sp":{"main":[{"odds":"3.75"},{"odds":"4.75"},{"odds":"1.57"}]}}}]}}