{"odd":{"success":1,"results":[{"FI":"75245137","event_id":"833114","goals":{"updated_at":"1532570523","sp":{"goals_over_under":[{"goals":"2.5","odds":"1.62","header":"Over"},{"goals":"2.5","odds":"2.25","header":"Under"}],"first_team_to_score":[{"opp":"Blacktown City","odds":"1.62"},{"opp":"No Goals","odds":"15.00"},{"opp":"Rockdale City Suns","odds":"2.30"}],"home_team_highest_scoring_half":[{"opp":"Blacktown City - 1st Half","odds":"3.25"},{"opp":"Blacktown City - 2nd Half","odds":"2.25"},{"opp":"Blacktown City - Tie","odds":"2.75"}],"away_team_highest_scoring_half":[{"opp":"Rockdale City Suns - 1st Half","odds":"3.60"},{"opp":"Rockdale City Suns - 2nd Half","odds":"2.50"},{"opp":"Rockdale City Suns - Tie","odds":"2.30"}],"goals_odd_even":[{"opp":"Even","odds":"1.90"},{"opp":"Odd","odds":"1.95"}],"home_team_odd_even_goals":[{"opp":"Blacktown City - Even","odds":"1.80"},{"opp":"Blacktown City - Odd","odds":"1.91"}],"away_team_odd_even_goals":[{"opp":"Rockdale City Suns - Even","odds":"1.73"},{"opp":"Rockdale City Suns - Odd","odds":"2.00"}],"1st_half_goals_odd_even":[{"opp":"Odd","odds":"2.10"},{"opp":"Even","odds":"1.73"}]}},"half":{"updated_at":"1532570529","sp":{"half_time_result":[{"opp":"1","odds":"2.50"},{"opp":"X","odds":"2.40"},{"opp":"2","odds":"3.50"}],"half_time_double_chance":[{"opp":"1X","odds":"1.29"},{"opp":"X2","odds":"1.50"},{"opp":"12","odds":"1.53"}],"half_time_correct_score":[{"opp":"1-0","odds":"4.33","header":"Home"},{"opp":"0-0","odds":"3.40","header":"X"},{"opp":"1-0","odds":"5.50","header":"Away"},{"opp":"2-0","odds":"9.50","header":"Home"},{"opp":"1-1","odds":"8.50","header":"X"},{"opp":"2-0","odds":"15.00","header":"Away"},{"opp":"2-1","odds":"21.00","header":"Home"},{"opp":"2-2","odds":"51.00","header":"X"},{"opp":"2-1","odds":"26.00","header":"Away"},{"opp":"3-0","odds":"26.00","header":"Home"},{"opp":"3-0","odds":"41.00","header":"Away"},{"opp":"3-1","odds":"51.00","header":"Home"},{"opp":"3-1","odds":"67.00","header":"Away"},{"opp":"4-0","odds":"51.00","header":"Home"}],"1st_half_goals_odd_even":[{"opp":"Odd","odds":"2.10"},{"opp":"Even","odds":"1.73"}],"home_team_highest_scoring_half":[{"opp":"Blacktown City - 1st Half","odds":"3.25"},{"opp":"Blacktown City - 2nd Half","odds":"2.25"},{"opp":"Blacktown City - Tie","odds":"2.75"}],"away_team_highest_scoring_half":[{"opp":"Rockdale City Suns - 1st Half","odds":"3.60"},{"opp":"Rockdale City Suns - 2nd Half","odds":"2.50"},{"opp":"Rockdale City Suns - Tie","odds":"2.30"}],"2nd_half_goals_odd_even":[{"opp":"Even","odds":"1.80"},{"opp":"Odd","odds":"1.91"}]}},"main":{"updated_at":"1532570513","sp":{"full_time_result":[{"opp":"1","odds":"1.91"},{"opp":"X","odds":"3.75"},{"opp":"2","odds":"3.10"}],"double_chance":[{"opp":"1X","odds":"1.36"},{"opp":"X2","odds":"1.80"},{"opp":"12","odds":"1.25"}],"correct_score":[{"opp":"1-0","odds":"10.00","header":"Home"},{"opp":"0-0","odds":"15.00","header":"X"},{"opp":"1-0","odds":"13.00","header":"Away"},{"opp":"2-0","odds":"11.00","header":"Home"},{"opp":"1-1","odds":"8.00","header":"X"},{"opp":"2-0","odds":"19.00","header":"Away"},{"opp":"2-1","odds":"9.50","header":"Home"},{"opp":"2-2","odds":"13.00","header":"X"},{"opp":"2-1","odds":"13.00","header":"Away"},{"opp":"3-0","odds":"17.00","header":"Home"},{"opp":"3-3","odds":"41.00","header":"X"},{"opp":"3-0","odds":"34.00","header":"Away"},{"opp":"3-1","odds":"15.00","header":"Home"},{"opp":"3-1","odds":"23.00","header":"Away"},{"opp":"3-2","odds":"23.00","header":"Home"},{"opp":"3-2","odds":"29.00","header":"Away"},{"opp":"4-0","odds":"29.00","header":"Home"},{"opp":"4-0","odds":"51.00","header":"Away"},{"opp":"4-1","odds":"29.00","header":"Home"},{"opp":"4-1","odds":"41.00","header":"Away"},{"opp":"4-2","odds":"41.00","header":"Home"},{"opp":"4-2","odds":"51.00","header":"Away"},{"opp":"5-0","odds":"51.00","header":"Home"},{"opp":"5-1","odds":"81.00","header":"Away"},{"opp":"5-1","odds":"51.00","header":"Home"},{"opp":"4-3","odds":"81.00","header":"Away"},{"opp":"4-3","odds":"67.00","header":"Home"},{"opp":"5-2","odds":"67.00","header":"Home"},{"opp":"6-0","odds":"81.00","header":"Home"}],"half_time_full_time":[{"opp":"Blacktown City - Blacktown City","odds":"3.10"},{"opp":"Blacktown City - Draw","odds":"15.00"},{"opp":"Blacktown City - Rockdale City Suns","odds":"23.00"},{"opp":"Draw - Blacktown City","odds":"5.50"},{"opp":"Draw - Draw","odds":"7.00"},{"opp":"Draw - Rockdale City Suns","odds":"8.00"},{"opp":"Rockdale City Suns - Blacktown City","odds":"19.00"},{"opp":"Rockdale City Suns - Draw","odds":"15.00"},{"opp":"Rockdale City Suns - Rockdale City Suns","odds":"5.00"}],"goals_over_under":[{"goals":"2.5","odds":"1.62","header":"Over"},{"goals":"2.5","odds":"2.25","header":"Under"}],"draw_no_bet":[{"opp":"Blacktown City","odds":"1.50"},{"opp":"Rockdale City Suns","odds":"2.50"}]}},"schedule":{"updated_at":"1532571239","sp":{"main":[{"odds":"1.91"},{"odds":"3.75"},{"odds":"3.10"}]}}}]}}