{"odd":{"success":1,"results":[{"FI":"75229391","event_id":"616516","asian_lines":{"updated_at":"1532570269","sp":{"asian_handicap":[{"opp":"0.0","odds":"1.775","header":"Home"},{"opp":"0.0","odds":"2.100","header":"Away"}],"goal_line":[{"goals":"2.5, 3.0","odds":"2.000","header":"Over"},{"goals":"2.5, 3.0","odds":"1.850","header":"Under"}],"alternative_asian_handicap":[{"opp":"-1.5, -2.0","odds":"6.000","header":"Home"},{"opp":"+1.5, +2.0","odds":"1.125","header":"Away"},{"opp":"-1.5","odds":"4.500","header":"Home"},{"opp":"+1.5","odds":"1.190","header":"Away"},{"opp":"-1.0, -1.5","odds":"4.150","header":"Home"},{"opp":"+1.0, +1.5","odds":"1.220","header":"Away"},{"opp":"-1.0","odds":"3.700","header":"Home"},{"opp":"+1.0","odds":"1.260","header":"Away"},{"opp":"-0.5, -1.0","odds":"2.750","header":"Home"},{"opp":"+0.5, +1.0","odds":"1.425","header":"Away"},{"opp":"-0.5","odds":"2.350","header":"Home"},{"opp":"+0.5","odds":"1.575","header":"Away"},{"opp":"0.0, -0.5","odds":"2.050","header":"Home"},{"opp":"0.0, +0.5","odds":"1.750","header":"Away"},{"opp":"0.0, +0.5","odds":"1.550","header":"Home"},{"opp":"0.0, -0.5","odds":"2.375","header":"Away"},{"opp":"+0.5","odds":"1.425","header":"Home"},{"opp":"-0.5","odds":"2.750","header":"Away"},{"opp":"+0.5, +1.0","odds":"1.300","header":"Home"},{"opp":"-0.5, -1.0","odds":"3.450","header":"Away"},{"opp":"+1.0","odds":"1.180","header":"Home"},{"opp":"-1.0","odds":"4.650","header":"Away"},{"opp":"+1.0, +1.5","odds":"1.160","header":"Home"},{"opp":"-1.0, -1.5","odds":"5.250","header":"Away"},{"opp":"+1.5","odds":"1.140","header":"Home"},{"opp":"-1.5","odds":"5.750","header":"Away"}],"alternative_goal_line":[{"goals":"1.0, 1.5","odds":"1.150","header":"Over"},{"goals":"1.0, 1.5","odds":"5.500","header":"Under"},{"goals":"1.5","odds":"1.240","header":"Over"},{"goals":"1.5","odds":"3.900","header":"Under"},{"goals":"1.5, 2.0","odds":"1.275","header":"Over"},{"goals":"1.5, 2.0","odds":"3.550","header":"Under"},{"goals":"2.0","odds":"1.350","header":"Over"},{"goals":"2.0","odds":"3.100","header":"Under"},{"goals":"2.0, 2.5","odds":"1.550","header":"Over"},{"goals":"2.0, 2.5","odds":"2.375","header":"Under"},{"goals":"2.5","odds":"1.750","header":"Over"},{"goals":"2.5","odds":"2.050","header":"Under"},{"goals":"3.0","odds":"2.300","header":"Over"},{"goals":"3.0","odds":"1.600","header":"Under"},{"goals":"3.0, 3.5","odds":"2.500","header":"Over"},{"goals":"3.0, 3.5","odds":"1.500","header":"Under"},{"goals":"3.5","odds":"2.850","header":"Over"},{"goals":"3.5","odds":"1.400","header":"Under"},{"goals":"3.5, 4.0","odds":"3.450","header":"Over"},{"goals":"3.5, 4.0","odds":"1.300","header":"Under"},{"goals":"4.0","odds":"4.500","header":"Over"},{"goals":"4.0","odds":"1.190","header":"Under"},{"goals":"4.0, 4.5","odds":"5.000","header":"Over"},{"goals":"4.0, 4.5","odds":"1.170","header":"Under"},{"goals":"4.5","odds":"5.500","header":"Over"},{"goals":"4.5","odds":"1.150","header":"Under"},{"goals":"4.5, 5.0","odds":"6.800","header":"Over"},{"goals":"4.5, 5.0","odds":"1.105","header":"Under"}],"1st_half_asian_handicap":[{"opp":"0.0","odds":"1.800","header":"Home"},{"opp":"0.0","odds":"2.000","header":"Away"}],"1st_half_goal_line":[{"goals":"1.0","odds":"1.750","header":"Over"},{"goals":"1.0","odds":"2.050","header":"Under"}],"alternative_1st_half_asian_handicap":[{"opp":"-0.5, -1.0","odds":"4.000","header":"Home"},{"opp":"+0.5, +1.0","odds":"1.230","header":"Away"},{"opp":"-0.5","odds":"3.000","header":"Home"},{"opp":"+0.5","odds":"1.375","header":"Away"},{"opp":"0.0, -0.5","odds":"2.375","header":"Home"},{"opp":"0.0, +0.5","odds":"1.550","header":"Away"},{"opp":"0.0, +0.5","odds":"1.450","header":"Home"},{"opp":"0.0, -0.5","odds":"2.675","header":"Away"},{"opp":"+0.5","odds":"1.325","header":"Home"},{"opp":"-0.5","odds":"3.300","header":"Away"},{"opp":"+0.5, +1.0","odds":"1.190","header":"Home"},{"opp":"-0.5, -1.0","odds":"4.500","header":"Away"}],"alternative_1st_half_goal_line":[{"goals":"0.5, 1.0","odds":"1.475","header":"Over"},{"goals":"0.5, 1.0","odds":"2.600","header":"Under"},{"goals":"1.0, 1.5","odds":"2.200","header":"Over"},{"goals":"1.0, 1.5","odds":"1.650","header":"Under"},{"goals":"1.5","odds":"2.600","header":"Over"},{"goals":"1.5","odds":"1.475","header":"Under"},{"goals":"1.5, 2.0","odds":"3.450","header":"Over"},{"goals":"1.5, 2.0","odds":"1.300","header":"Under"},{"goals":"2.0","odds":"5.500","header":"Over"},{"goals":"2.0","odds":"1.150","header":"Under"},{"goals":"2.0, 2.5","odds":"5.900","header":"Over"},{"goals":"2.0, 2.5","odds":"1.130","header":"Under"},{"goals":"2.5","odds":"6.600","header":"Over"},{"goals":"2.5","odds":"1.110","header":"Under"}],"asian_total_corners":[{"goals":"10.0","odds":"1.950","header":"Over"},{"goals":"10.0","odds":"1.850","header":"Under"}],"1st_half_asian_corners":[{"goals":"4.5","odds":"1.800","header":"Over"},{"goals":"4.5","odds":"2.000","header":"Under"}]}},"corners":{"updated_at":"1532570282","sp":{"corners":[{"opp":"Over 10","odds":"2.20"},{"opp":"Exactly 10","odds":"7.50"},{"opp":"Under 10","odds":"2.00"}],"total_corners":[{"opp":"Under 6","odds":"11.00"},{"opp":"6 - 8","odds":"3.40"},{"opp":"9 - 11","odds":"2.60"},{"opp":"12 - 14","odds":"4.00"},{"opp":"Over 14","odds":"8.50"}],"alternative_corners":[{"goals":"4","odds":"1.02","header":"Over"},{"goals":"4","odds":"23.00","header":"Exactly"},{"goals":"4","odds":"29.00","header":"Under"},{"goals":"5","odds":"1.05","header":"Over"},{"goals":"5","odds":"15.00","header":"Exactly"},{"goals":"5","odds":"19.00","header":"Under"},{"goals":"6","odds":"1.11","header":"Over"},{"goals":"6","odds":"12.00","header":"Exactly"},{"goals":"6","odds":"11.00","header":"Under"},{"goals":"7","odds":"1.22","header":"Over"},{"goals":"7","odds":"9.00","header":"Exactly"},{"goals":"7","odds":"6.50","header":"Under"},{"goals":"8","odds":"1.44","header":"Over"},{"goals":"8","odds":"8.00","header":"Exactly"},{"goals":"8","odds":"4.00","header":"Under"},{"goals":"9","odds":"1.73","header":"Over"},{"goals":"9","odds":"7.50","header":"Exactly"},{"goals":"9","odds":"2.75","header":"Under"},{"goals":"11","odds":"2.88","header":"Over"},{"goals":"11","odds":"8.00","header":"Exactly"},{"goals":"11","odds":"1.67","header":"Under"},{"goals":"12","odds":"3.75","header":"Over"},{"goals":"12","odds":"9.50","header":"Exactly"},{"goals":"12","odds":"1.40","header":"Under"},{"goals":"13","odds":"5.50","header":"Over"},{"goals":"13","odds":"11.00","header":"Exactly"},{"goals":"13","odds":"1.25","header":"Under"},{"goals":"14","odds":"8.00","header":"Over"},{"goals":"14","odds":"13.00","header":"Exactly"},{"goals":"14","odds":"1.12","header":"Under"},{"goals":"15","odds":"12.00","header":"Over"},{"goals":"15","odds":"17.00","header":"Exactly"},{"goals":"15","odds":"1.06","header":"Under"},{"goals":"16","odds":"17.00","header":"Over"},{"goals":"16","odds":"21.00","header":"Exactly"},{"goals":"16","odds":"1.04","header":"Under"},{"goals":"17","odds":"23.00","header":"Over"},{"goals":"17","odds":"26.00","header":"Exactly"},{"goals":"17","odds":"1.02","header":"Under"},{"goals":"18","odds":"34.00","header":"Over"},{"goals":"18","odds":"34.00","header":"Exactly"},{"goals":"18","odds":"1.01","header":"Under"}],"corners_2_way":[{"opp":"Over 9.5","odds":"1.73"},{"opp":"Under 9.5","odds":"2.00"}],"first_half_corners":[{"opp":"5","odds":"2.60","header":"Over"},{"opp":"5","odds":"5.50","header":"Exactly"},{"opp":"5","odds":"2.00","header":"Under"}],"asian_total_corners":[{"goals":"10.0","odds":"1.950","header":"Over"},{"goals":"10.0","odds":"1.850","header":"Under"}],"1st_half_asian_corners":[{"goals":"4.5","odds":"1.800","header":"Over"},{"goals":"4.5","odds":"2.000","header":"Under"}]}},"goals":{"updated_at":"1532570289","sp":{"goals_over_under":[{"goals":"2.5","odds":"1.75","header":"Over"},{"goals":"2.5","odds":"2.05","header":"Under"}],"alternative_total_goals":[{"goals":"0.5","odds":"1.05","header":"Over "},{"goals":"0.5","odds":"12.00","header":"Under"},{"goals":"1.5","odds":"1.25","header":"Over "},{"goals":"1.5","odds":"3.75","header":"Under"},{"goals":"3.5","odds":"3.00","header":"Over "},{"goals":"3.5","odds":"1.36","header":"Under"},{"goals":"4.5","odds":"5.50","header":"Over "},{"goals":"4.5","odds":"1.14","header":"Under"},{"goals":"5.5","odds":"13.00","header":"Over "},{"goals":"5.5","odds":"1.04","header":"Under"},{"goals":"6.5","odds":"26.00","header":"Over "},{"goals":"6.5","odds":"1.01","header":"Under"}],"result_total_goals":[{"opp":"San Jose Earthquakes & Over 2.5","odds":"3.60"},{"opp":"San Jose Earthquakes & Under 2.5","odds":"6.00"},{"opp":"Draw & Over 2.5","odds":"11.00"},{"opp":"Draw & Under  2.5","odds":"4.50"},{"opp":"Seattle Sounders FC & Over 2.5","odds":"4.33"},{"opp":"Seattle Sounders FC & Under 2.5","odds":"6.50"}],"total_goals_both_teams_to_score":[{"opp":"Over 2.5 & Yes","odds":"2.05"},{"opp":"Over 2.5 & No","odds":"10.00"},{"opp":"Under 2.5 & Yes","odds":"6.50"},{"opp":"Under 2.5 & No","odds":"2.60"}],"exact_total_goals":[{"opp":"0 Goals","odds":"12.00"},{"opp":"1 Goal","odds":"5.50"},{"opp":"2 Goals","odds":"3.60"},{"opp":"3 Goals","odds":"4.00"},{"opp":"4 Goals","odds":"5.50"},{"opp":"5 Goals","odds":"10.00"},{"opp":"6 Goals","odds":"19.00"},{"opp":"7+ Goals","odds":"26.00"}],"number_of_goals_in_match":[{"opp":"Under 2 goals","odds":"3.75"},{"opp":"2 or 3 goals","odds":"2.00"},{"opp":"Over 3 goals","odds":"3.00"}],"both_teams_to_score":[{"opp":"Yes","odds":"1.67"},{"opp":"No","odds":"2.10"}],"teams_to_score":[{"opp":"Both Teams","odds":"1.67"},{"opp":"San Jose Earthquakes Only","odds":"4.33"},{"opp":"No Goal","odds":"12.00"},{"opp":"Seattle Sounders FC Only","odds":"5.00"}],"both_teams_to_score_in_1st_half":[{"opp":"Yes","odds":"4.33"},{"opp":"No","odds":"1.20"}],"both_teams_to_score_in_2nd_half":[{"opp":"Yes","odds":"3.00"},{"opp":"No","odds":"1.36"}],"both_teams_to_score_1st_half_2nd_half":[{"opp":"Yes \/ Yes","odds":"13.00"},{"opp":"Yes \/ No","odds":"6.00"},{"opp":"No \/ Yes","odds":"3.60"},{"opp":"No \/ No","odds":"1.67"}],"first_half_goals":[{"goals":"0.5","odds":"1.36","header":"Over"},{"goals":"0.5","odds":"3.00","header":"Under"},{"goals":"1.5","odds":"2.62","header":"Over"},{"goals":"1.5","odds":"1.44","header":"Under"},{"goals":"2.5","odds":"7.00","header":"Over"},{"goals":"2.5","odds":"1.10","header":"Under"},{"goals":"3.5","odds":"19.00","header":"Over"},{"goals":"3.5","odds":"1.02","header":"Under"}],"exact_1st_half_goals":[{"opp":"0 Goals","odds":"3.00"},{"opp":"1 Goal","odds":"2.50"},{"opp":"2 Goals","odds":"4.00"},{"opp":"3 Goals","odds":"9.50"},{"opp":"4 Goals","odds":"29.00"},{"opp":"5+ Goals","odds":"51.00"}],"total_goal_minutes":[{"opp":"Over 145 minutes","odds":"2.10"},{"opp":"125 To 145 minutes inc.","odds":"8.50"},{"opp":"Under 125 minutes","odds":"1.91"}],"first_team_to_score":[{"opp":"San Jose Earthquakes","odds":"1.80"},{"opp":"No Goals","odds":"12.00"},{"opp":"Seattle Sounders FC","odds":"2.10"}],"first_goal_method":[{"opp":"Shot","odds":"1.53"},{"opp":"Header","odds":"5.00"},{"opp":"Penalty","odds":"12.00"},{"opp":"Free Kick","odds":"17.00"},{"opp":"Own Goal","odds":"19.00"},{"opp":"No Goal","odds":"12.00"}],"early_goal":[{"opp":"Goal before 28:00","odds":"1.83"},{"opp":"No Goal before 28:00","odds":"1.83"}],"late_goal":[{"opp":"Goal after 74:59","odds":"1.83"},{"opp":"No Goal after 74:59","odds":"1.83"}],"time_of_first_goal_brackets":[{"opp":"1-10","odds":"4.33"},{"opp":"11-20","odds":"4.75"},{"opp":"21-30","odds":"6.00"},{"opp":"31-40","odds":"7.00"},{"opp":"41-50","odds":"8.00"},{"opp":"51-60","odds":"13.00"},{"opp":"61-70","odds":"17.00"},{"opp":"71-80","odds":"21.00"},{"opp":"81 - Full Time","odds":"21.00"},{"opp":"No Goal","odds":"12.00"}],"2nd_half_goals":[{"goals":"0.5","odds":"1.20","header":"Over"},{"goals":"0.5","odds":"4.33","header":"Under"},{"goals":"1.5","odds":"1.91","header":"Over"},{"goals":"1.5","odds":"1.80","header":"Under"},{"goals":"2.5","odds":"4.00","header":"Over"},{"goals":"2.5","odds":"1.22","header":"Under"},{"goals":"3.5","odds":"11.00","header":"Over"},{"goals":"3.5","odds":"1.05","header":"Under"},{"goals":"4.5","odds":"26.00","header":"Over"},{"goals":"4.5","odds":"1.01","header":"Under"}],"exact_2nd_half_goals":[{"opp":"0 Goals","odds":"4.33"},{"opp":"1 Goal","odds":"2.88"},{"opp":"2 Goals","odds":"3.50"},{"opp":"3 Goals","odds":"6.50"},{"opp":"4 Goals","odds":"15.00"},{"opp":"5+ Goals","odds":"26.00"}],"half_with_most_goals":[{"opp":"1st Half","odds":"3.10"},{"opp":"2nd Half","odds":"2.00"},{"opp":"Tie","odds":"3.60"}],"home_team_highest_scoring_half":[{"opp":"San Jose Earthquakes - 1st Half","odds":"3.40"},{"opp":"San Jose Earthquakes - 2nd Half","odds":"2.40"},{"opp":"San Jose Earthquakes - Tie","odds":"2.40"}],"away_team_highest_scoring_half":[{"opp":"Seattle Sounders FC - 1st Half","odds":"3.60"},{"opp":"Seattle Sounders FC - 2nd Half","odds":"2.50"},{"opp":"Seattle Sounders FC - Tie","odds":"2.30"}],"home_team_exact_goals":[{"opp":"San Jose Earthquakes - 0 Goals","odds":"4.00"},{"opp":"San Jose Earthquakes - 1 Goal","odds":"2.62"},{"opp":"San Jose Earthquakes - 2 Goals","odds":"3.60"},{"opp":"San Jose Earthquakes - 3+ Goals","odds":"5.00"}],"away_team_exact_goals":[{"opp":"Seattle Sounders FC - 0 Goals","odds":"3.50"},{"opp":"Seattle Sounders FC - 1 Goal","odds":"2.60"},{"opp":"Seattle Sounders FC - 2 Goals","odds":"3.75"},{"opp":"Seattle Sounders FC - 3+ Goals","odds":"6.00"}],"time_of_1st_team_goal":[{"opp":"San Jose Earthquakes - Goal before 49:00","odds":"1.83"},{"opp":"San Jose Earthquakes - No Goal before 49:00","odds":"1.83"},{"opp":"Seattle Sounders FC - Goal before 54:00","odds":"1.83"},{"opp":"Seattle Sounders FC - No Goal before 54:00","odds":"1.83"}],"goals_odd_even":[{"opp":"Even","odds":"1.90"},{"opp":"Odd","odds":"1.95"}],"home_team_odd_even_goals":[{"opp":"San Jose Earthquakes - Even","odds":"1.80"},{"opp":"San Jose Earthquakes - Odd","odds":"1.91"}],"away_team_odd_even_goals":[{"opp":"Seattle Sounders FC - Even","odds":"1.73"},{"opp":"Seattle Sounders FC - Odd","odds":"2.00"}],"1st_half_goals_odd_even":[{"opp":"Odd","odds":"2.10"},{"opp":"Even","odds":"1.73"}],"last_team_to_score":[{"opp":"San Jose Earthquakes","odds":"1.80"},{"opp":"No Goal","odds":"12.00"},{"opp":"Seattle Sounders FC","odds":"2.10"}],"first_10_minutes_(00:00_09:59)":[{"name":"Goals","handicap":"0.5","odds":"4.33","header":"Over"},{"name":"Goals","handicap":"0.5","odds":"1.20","header":"Under"}]}},"half":{"updated_at":"1532570388","sp":{"half_time_result":[{"opp":"1","odds":"3.00"},{"opp":"X","odds":"2.20"},{"opp":"2","odds":"3.40"}],"half_time_double_chance":[{"opp":"1X","odds":"1.30"},{"opp":"X2","odds":"1.36"},{"opp":"12","odds":"1.62"}],"half_time_result_both_teams_to_score":[{"opp":"San Jose Earthquakes & Yes","odds":"17.00"},{"opp":"San Jose Earthquakes & No","odds":"3.40"},{"opp":"Draw & Yes","odds":"7.00"},{"opp":"Draw & No","odds":"3.00"},{"opp":"Seattle Sounders FC & Yes","odds":"19.00"},{"opp":"Seattle Sounders FC & No","odds":"3.75"}],"half_time_result_total_goals":[{"opp":"San Jose Earthquakes & Over 1.5","odds":"7.00"},{"opp":"San Jose Earthquakes & Under 1.5","odds":"4.50"},{"opp":"Draw & Over 1.5","odds":"7.00"},{"opp":"Draw & Under 1.5","odds":"3.00"},{"opp":"Seattle Sounders FC & Over 1.5","odds":"8.50"},{"opp":"Seattle Sounders FC & Under 1.5","odds":"5.00"}],"half_time_correct_score":[{"opp":"1-0","odds":"4.50","header":"Home"},{"opp":"0-0","odds":"3.00","header":"X"},{"opp":"1-0","odds":"5.00","header":"Away"},{"opp":"2-0","odds":"13.00","header":"Home"},{"opp":"1-1","odds":"7.50","header":"X"},{"opp":"2-0","odds":"15.00","header":"Away"},{"opp":"2-1","odds":"21.00","header":"Home"},{"opp":"2-2","odds":"51.00","header":"X"},{"opp":"2-1","odds":"23.00","header":"Away"},{"opp":"3-0","odds":"41.00","header":"Home"},{"opp":"3-0","odds":"51.00","header":"Away"},{"opp":"3-1","odds":"51.00","header":"Home"},{"opp":"3-1","odds":"67.00","header":"Away"},{"opp":"3-2","odds":"151.00","header":"Home"},{"opp":"3-2","odds":"151.00","header":"Away"},{"opp":"4-0","odds":"151.00","header":"Home"},{"opp":"4-0","odds":"251.00","header":"Away"},{"opp":"4-1","odds":"251.00","header":"Home"},{"opp":"4-1","odds":"351.00","header":"Away"}],"both_teams_to_score_in_1st_half":[{"opp":"Yes","odds":"4.33"},{"opp":"No","odds":"1.20"}],"both_teams_to_score_in_2nd_half":[{"opp":"Yes","odds":"3.00"},{"opp":"No","odds":"1.36"}],"both_teams_to_score_1st_half_2nd_half":[{"opp":"Yes \/ Yes","odds":"13.00"},{"opp":"Yes \/ No","odds":"6.00"},{"opp":"No \/ Yes","odds":"3.60"},{"opp":"No \/ No","odds":"1.67"}],"1st_half_asian_handicap":[{"opp":"0.0","odds":"1.800","header":"Home"},{"opp":"0.0","odds":"2.000","header":"Away"}],"1st_half_goal_line":[{"goals":"1.0","odds":"1.750","header":"Over"},{"goals":"1.0","odds":"2.050","header":"Under"}],"alternative_1st_half_asian_handicap":[{"opp":"-0.5, -1.0","odds":"4.000","header":"Home"},{"opp":"+0.5, +1.0","odds":"1.230","header":"Away"},{"opp":"-0.5","odds":"3.000","header":"Home"},{"opp":"+0.5","odds":"1.375","header":"Away"},{"opp":"0.0, -0.5","odds":"2.375","header":"Home"},{"opp":"0.0, +0.5","odds":"1.550","header":"Away"},{"opp":"0.0, +0.5","odds":"1.450","header":"Home"},{"opp":"0.0, -0.5","odds":"2.675","header":"Away"},{"opp":"+0.5","odds":"1.325","header":"Home"},{"opp":"-0.5","odds":"3.300","header":"Away"},{"opp":"+0.5, +1.0","odds":"1.190","header":"Home"},{"opp":"-0.5, -1.0","odds":"4.500","header":"Away"}],"alternative_1st_half_goal_line":[{"goals":"0.5, 1.0","odds":"1.475","header":"Over"},{"goals":"0.5, 1.0","odds":"2.600","header":"Under"},{"goals":"1.0, 1.5","odds":"2.200","header":"Over"},{"goals":"1.0, 1.5","odds":"1.650","header":"Under"},{"goals":"1.5","odds":"2.600","header":"Over"},{"goals":"1.5","odds":"1.475","header":"Under"},{"goals":"1.5, 2.0","odds":"3.450","header":"Over"},{"goals":"1.5, 2.0","odds":"1.300","header":"Under"},{"goals":"2.0","odds":"5.500","header":"Over"},{"goals":"2.0","odds":"1.150","header":"Under"},{"goals":"2.0, 2.5","odds":"5.900","header":"Over"},{"goals":"2.0, 2.5","odds":"1.130","header":"Under"},{"goals":"2.5","odds":"6.600","header":"Over"},{"goals":"2.5","odds":"1.110","header":"Under"}],"1st_half_handicap":[{"opp":"San Jose Earthquakes  -1.0","odds":"9.50"},{"opp":"Tie - Seattle Sounders FC +1.0","odds":"3.75"},{"opp":"Seattle Sounders FC  +1.0","odds":"1.36"}],"alternative_1st_half_handicap_result":[{"opp":"-2.0","odds":"21.00","header":"Home"},{"opp":"+2.0","odds":"10.00","header":"Tie"},{"opp":"+2.0","odds":"1.06","header":"Away"},{"opp":"+1.0","odds":"1.30","header":"Home"},{"opp":"-1.0","odds":"4.00","header":"Tie"},{"opp":"-1.0","odds":"11.00","header":"Away"}],"first_half_goals":[{"goals":"0.5","odds":"1.36","header":"Over"},{"goals":"0.5","odds":"3.00","header":"Under"},{"goals":"1.5","odds":"2.62","header":"Over"},{"goals":"1.5","odds":"1.44","header":"Under"},{"goals":"2.5","odds":"7.00","header":"Over"},{"goals":"2.5","odds":"1.10","header":"Under"},{"goals":"3.5","odds":"19.00","header":"Over"},{"goals":"3.5","odds":"1.02","header":"Under"}],"exact_1st_half_goals":[{"opp":"0 Goals","odds":"3.00"},{"opp":"1 Goal","odds":"2.50"},{"opp":"2 Goals","odds":"4.00"},{"opp":"3 Goals","odds":"9.50"},{"opp":"4 Goals","odds":"29.00"},{"opp":"5+ Goals","odds":"51.00"}],"first_half_corners":[{"opp":"5","odds":"2.60","header":"Over"},{"opp":"5","odds":"5.50","header":"Exactly"},{"opp":"5","odds":"2.00","header":"Under"}],"1st_half_asian_corners":[{"goals":"4.5","odds":"1.800","header":"Over"},{"goals":"4.5","odds":"2.000","header":"Under"}],"1st_half_goals_odd_even":[{"opp":"Odd","odds":"2.10"},{"opp":"Even","odds":"1.73"}],"to_score_in_half":[{"name":"1st Half","odds":"2.00","header":"Yes"},{"name":"1st Half","odds":"1.73","header":"No"},{"name":"2nd Half","odds":"1.67","header":"Yes"},{"name":"2nd Half","odds":"2.10","header":"No"},{"name":"1st Half","odds":"2.10","header":"Yes"},{"name":"1st Half","odds":"1.67","header":"No"},{"name":"2nd Half","odds":"1.73","header":"Yes"},{"name":"2nd Half","odds":"2.00","header":"No"}],"half_with_most_goals":[{"opp":"1st Half","odds":"3.10"},{"opp":"2nd Half","odds":"2.00"},{"opp":"Tie","odds":"3.60"}],"home_team_highest_scoring_half":[{"opp":"San Jose Earthquakes - 1st Half","odds":"3.40"},{"opp":"San Jose Earthquakes - 2nd Half","odds":"2.40"},{"opp":"San Jose Earthquakes - Tie","odds":"2.40"}],"away_team_highest_scoring_half":[{"opp":"Seattle Sounders FC - 1st Half","odds":"3.60"},{"opp":"Seattle Sounders FC - 2nd Half","odds":"2.50"},{"opp":"Seattle Sounders FC - Tie","odds":"2.30"}],"2nd_half_result":[{"opp":"1","odds":"2.62"},{"opp":"X","odds":"2.50"},{"opp":"2","odds":"3.00"}],"2nd_half_goals":[{"goals":"0.5","odds":"1.20","header":"Over"},{"goals":"0.5","odds":"4.33","header":"Under"},{"goals":"1.5","odds":"1.91","header":"Over"},{"goals":"1.5","odds":"1.80","header":"Under"},{"goals":"2.5","odds":"4.00","header":"Over"},{"goals":"2.5","odds":"1.22","header":"Under"},{"goals":"3.5","odds":"11.00","header":"Over"},{"goals":"3.5","odds":"1.05","header":"Under"},{"goals":"4.5","odds":"26.00","header":"Over"},{"goals":"4.5","odds":"1.01","header":"Under"}],"exact_2nd_half_goals":[{"opp":"0 Goals","odds":"4.33"},{"opp":"1 Goal","odds":"2.88"},{"opp":"2 Goals","odds":"3.50"},{"opp":"3 Goals","odds":"6.50"},{"opp":"4 Goals","odds":"15.00"},{"opp":"5+ Goals","odds":"26.00"}],"2nd_half_goals_odd_even":[{"opp":"Even","odds":"1.80"},{"opp":"Odd","odds":"1.91"}]}},"main":{"updated_at":"1532570252","sp":{"full_time_result":[{"opp":"1","odds":"2.40"},{"opp":"X","odds":"3.40"},{"opp":"2","odds":"2.80"}],"double_chance":[{"opp":"1X","odds":"1.44"},{"opp":"X2","odds":"1.57"},{"opp":"12","odds":"1.33"}],"correct_score":[{"opp":"1-0","odds":"9.00","header":"Home"},{"opp":"0-0","odds":"12.00","header":"X"},{"opp":"1-0","odds":"10.00","header":"Away"},{"opp":"2-0","odds":"12.00","header":"Home"},{"opp":"1-1","odds":"6.50","header":"X"},{"opp":"2-0","odds":"15.00","header":"Away"},{"opp":"2-1","odds":"9.50","header":"Home"},{"opp":"2-2","odds":"12.00","header":"X"},{"opp":"2-1","odds":"10.00","header":"Away"},{"opp":"3-0","odds":"23.00","header":"Home"},{"opp":"3-3","odds":"41.00","header":"X"},{"opp":"3-0","odds":"29.00","header":"Away"},{"opp":"3-1","odds":"19.00","header":"Home"},{"opp":"4-4","odds":"201.00","header":"X"},{"opp":"3-1","odds":"21.00","header":"Away"},{"opp":"3-2","odds":"26.00","header":"Home"},{"opp":"3-2","odds":"29.00","header":"Away"},{"opp":"4-0","odds":"51.00","header":"Home"},{"opp":"4-0","odds":"51.00","header":"Away"},{"opp":"4-1","odds":"41.00","header":"Home"},{"opp":"4-1","odds":"51.00","header":"Away"},{"opp":"4-2","odds":"51.00","header":"Home"},{"opp":"4-2","odds":"51.00","header":"Away"},{"opp":"4-3","odds":"81.00","header":"Home"},{"opp":"4-3","odds":"101.00","header":"Away"},{"opp":"5-0","odds":"101.00","header":"Home"},{"opp":"5-0","odds":"151.00","header":"Away"},{"opp":"5-1","odds":"81.00","header":"Home"},{"opp":"5-1","odds":"126.00","header":"Away"},{"opp":"5-2","odds":"126.00","header":"Home"},{"opp":"5-2","odds":"151.00","header":"Away"},{"opp":"5-3","odds":"251.00","header":"Home"},{"opp":"5-3","odds":"301.00","header":"Away"},{"opp":"6-1","odds":"301.00","header":"Home"},{"opp":"6-1","odds":"451.00","header":"Away"},{"opp":"6-0","odds":"401.00","header":"Home"},{"opp":"6-2","odds":"451.00","header":"Home"}],"half_time_full_time":[{"opp":"San Jose Earthquakes - San Jose Earthquakes","odds":"3.75"},{"opp":"San Jose Earthquakes - Draw","odds":"13.00"},{"opp":"San Jose Earthquakes - Seattle Sounders FC","odds":"29.00"},{"opp":"Draw - San Jose Earthquakes","odds":"6.00"},{"opp":"Draw - Draw","odds":"5.50"},{"opp":"Draw - Seattle Sounders FC","odds":"6.50"},{"opp":"Seattle Sounders FC - San Jose Earthquakes","odds":"26.00"},{"opp":"Seattle Sounders FC - Draw","odds":"15.00"},{"opp":"Seattle Sounders FC - Seattle Sounders FC","odds":"4.50"}],"goals_over_under":[{"goals":"2.5","odds":"1.75","header":"Over"},{"goals":"2.5","odds":"2.05","header":"Under"}],"both_teams_to_score":[{"opp":"Yes","odds":"1.67"},{"opp":"No","odds":"2.10"}],"goalscorers":[{"name":"Chris Wondolowski","odds":"5.50","header":"First"},{"name":"Chris Wondolowski","odds":"5.50","header":"Last"},{"name":"Chris Wondolowski","odds":"2.30","header":"Anytime"},{"name":"Clint Dempsey","odds":"6.00","header":"First"},{"name":"Clint Dempsey","odds":"6.00","header":"Last"},{"name":"Clint Dempsey","odds":"2.50","header":"Anytime"},{"name":"Raul Ruidiaz","odds":"7.00","header":"First"},{"name":"Raul Ruidiaz","odds":"7.00","header":"Last"},{"name":"Raul Ruidiaz","odds":"2.88","header":"Anytime"},{"name":"Will Bruin","odds":"7.00","header":"First"},{"name":"Will Bruin","odds":"7.00","header":"Last"},{"name":"Will Bruin","odds":"2.88","header":"Anytime"},{"name":"Danny Hoesen","odds":"7.50","header":"First"},{"name":"Danny Hoesen","odds":"7.50","header":"Last"},{"name":"Danny Hoesen","odds":"3.00","header":"Anytime"},{"name":"Magnus Eriksson","odds":"7.50","header":"First"},{"name":"Magnus Eriksson","odds":"7.50","header":"Last"},{"name":"Magnus Eriksson","odds":"3.00","header":"Anytime"},{"name":"Valeri Qazaishvili","odds":"7.50","header":"First"},{"name":"Valeri Qazaishvili","odds":"7.50","header":"Last"},{"name":"Valeri Qazaishvili","odds":"3.00","header":"Anytime"},{"name":"Lamar Neagle","odds":"10.00","header":"First"},{"name":"Lamar Neagle","odds":"10.00","header":"Last"},{"name":"Lamar Neagle","odds":"4.00","header":"Anytime"},{"name":"Magnus Wolff Eikrem","odds":"10.00","header":"First"},{"name":"Magnus Wolff Eikrem","odds":"10.00","header":"Last"},{"name":"Magnus Wolff Eikrem","odds":"4.00","header":"Anytime"},{"name":"Nicolas Lodeiro","odds":"10.00","header":"First"},{"name":"Nicolas Lodeiro","odds":"10.00","header":"Last"},{"name":"Nicolas Lodeiro","odds":"4.00","header":"Anytime"},{"name":"Felix Chenkam","odds":"11.00","header":"First"},{"name":"Felix Chenkam","odds":"11.00","header":"Last"},{"name":"Felix Chenkam","odds":"4.33","header":"Anytime"},{"name":"Quincy Amarikwa","odds":"11.00","header":"First"},{"name":"Quincy Amarikwa","odds":"11.00","header":"Last"},{"name":"Quincy Amarikwa","odds":"4.33","header":"Anytime"},{"name":"Chris Wehan","odds":"12.00","header":"First"},{"name":"Chris Wehan","odds":"12.00","header":"Last"},{"name":"Chris Wehan","odds":"4.50","header":"Anytime"},{"name":"Eric Calvillo","odds":"15.00","header":"First"},{"name":"Eric Calvillo","odds":"15.00","header":"Last"},{"name":"Eric Calvillo","odds":"5.50","header":"Anytime"},{"name":"Jahmir Hyka","odds":"15.00","header":"First"},{"name":"Jahmir Hyka","odds":"15.00","header":"Last"},{"name":"Jahmir Hyka","odds":"5.50","header":"Anytime"},{"name":"Jordy Delem","odds":"15.00","header":"First"},{"name":"Jordy Delem","odds":"15.00","header":"Last"},{"name":"Jordy Delem","odds":"5.50","header":"Anytime"},{"name":"Victor Rodriguez","odds":"15.00","header":"First"},{"name":"Victor Rodriguez","odds":"15.00","header":"Last"},{"name":"Victor Rodriguez","odds":"5.50","header":"Anytime"},{"name":"Cristian Roldan","odds":"17.00","header":"First"},{"name":"Cristian Roldan","odds":"17.00","header":"Last"},{"name":"Cristian Roldan","odds":"6.50","header":"Anytime"},{"name":"Fatai Alashe","odds":"17.00","header":"First"},{"name":"Fatai Alashe","odds":"17.00","header":"Last"},{"name":"Fatai Alashe","odds":"6.50","header":"Anytime"},{"name":"Harry Shipp","odds":"17.00","header":"First"},{"name":"Harry Shipp","odds":"17.00","header":"Last"},{"name":"Harry Shipp","odds":"6.50","header":"Anytime"},{"name":"Henry Wingo","odds":"17.00","header":"First"},{"name":"Henry Wingo","odds":"17.00","header":"Last"},{"name":"Henry Wingo","odds":"6.50","header":"Anytime"},{"name":"Jackson Yueill","odds":"17.00","header":"First"},{"name":"Jackson Yueill","odds":"17.00","header":"Last"},{"name":"Jackson Yueill","odds":"6.50","header":"Anytime"},{"name":"Kevin Partida","odds":"17.00","header":"First"},{"name":"Kevin Partida","odds":"17.00","header":"Last"},{"name":"Kevin Partida","odds":"6.50","header":"Anytime"},{"name":"Alex Roldan","odds":"21.00","header":"First"},{"name":"Alex Roldan","odds":"21.00","header":"Last"},{"name":"Alex Roldan","odds":"8.00","header":"Anytime"},{"name":"Anibal Godoy","odds":"21.00","header":"First"},{"name":"Anibal Godoy","odds":"21.00","header":"Last"},{"name":"Anibal Godoy","odds":"8.00","header":"Anytime"},{"name":"Shea Salinas","odds":"21.00","header":"First"},{"name":"Shea Salinas","odds":"21.00","header":"Last"},{"name":"Shea Salinas","odds":"8.00","header":"Anytime"},{"name":"Yefferson Quintana","odds":"21.00","header":"First"},{"name":"Yefferson Quintana","odds":"21.00","header":"Last"},{"name":"Yefferson Quintana","odds":"8.00","header":"Anytime"},{"name":"Nick Lima","odds":"23.00","header":"First"},{"name":"Nick Lima","odds":"23.00","header":"Last"},{"name":"Nick Lima","odds":"9.00","header":"Anytime"},{"name":"Tommy Thompson","odds":"23.00","header":"First"},{"name":"Tommy Thompson","odds":"23.00","header":"Last"},{"name":"Tommy Thompson","odds":"9.00","header":"Anytime"},{"name":"Yeferson Quintana","odds":"23.00","header":"First"},{"name":"Yeferson Quintana","odds":"23.00","header":"Last"},{"name":"Yeferson Quintana","odds":"9.00","header":"Anytime"},{"name":"Chad Marshall","odds":"26.00","header":"First"},{"name":"Chad Marshall","odds":"26.00","header":"Last"},{"name":"Chad Marshall","odds":"10.00","header":"Anytime"},{"name":"Jimmy Ockford","odds":"26.00","header":"First"},{"name":"Jimmy Ockford","odds":"26.00","header":"Last"},{"name":"Jimmy Ockford","odds":"10.00","header":"Anytime"},{"name":"Kee-Hee Kim","odds":"26.00","header":"First"},{"name":"Kee-Hee Kim","odds":"26.00","header":"Last"},{"name":"Kee-Hee Kim","odds":"10.00","header":"Anytime"},{"name":"Kelvin Leerdam","odds":"26.00","header":"First"},{"name":"Kelvin Leerdam","odds":"26.00","header":"Last"},{"name":"Kelvin Leerdam","odds":"10.00","header":"Anytime"},{"name":"Osvaldo Alonso","odds":"26.00","header":"First"},{"name":"Osvaldo Alonso","odds":"26.00","header":"Last"},{"name":"Osvaldo Alonso","odds":"10.00","header":"Anytime"},{"name":"Florian Jungwirth","odds":"29.00","header":"First"},{"name":"Florian Jungwirth","odds":"29.00","header":"Last"},{"name":"Florian Jungwirth","odds":"11.00","header":"Anytime"},{"name":"Francois Affolter","odds":"34.00","header":"First"},{"name":"Francois Affolter","odds":"34.00","header":"Last"},{"name":"Francois Affolter","odds":"13.00","header":"Anytime"},{"name":"Gustav Svensson","odds":"34.00","header":"First"},{"name":"Gustav Svensson","odds":"34.00","header":"Last"},{"name":"Gustav Svensson","odds":"13.00","header":"Anytime"},{"name":"Harold Cummings","odds":"34.00","header":"First"},{"name":"Harold Cummings","odds":"34.00","header":"Last"},{"name":"Harold Cummings","odds":"13.00","header":"Anytime"},{"name":"Joel Qwiberg","odds":"34.00","header":"First"},{"name":"Joel Qwiberg","odds":"34.00","header":"Last"},{"name":"Joel Qwiberg","odds":"13.00","header":"Anytime"},{"name":"Roman Torres","odds":"34.00","header":"First"},{"name":"Roman Torres","odds":"34.00","header":"Last"},{"name":"Roman Torres","odds":"13.00","header":"Anytime"},{"name":"Tony Alfaro","odds":"34.00","header":"First"},{"name":"Tony Alfaro","odds":"34.00","header":"Last"},{"name":"Tony Alfaro","odds":"13.00","header":"Anytime"},{"name":"Nouhou Tolo","odds":"41.00","header":"First"},{"name":"Nouhou Tolo","odds":"41.00","header":"Last"},{"name":"Nouhou Tolo","odds":"17.00","header":"Anytime"},{"name":"Jordan McCrary","odds":"51.00","header":"First"},{"name":"Jordan McCrary","odds":"51.00","header":"Last"},{"name":"Jordan McCrary","odds":"21.00","header":"Anytime"},{"name":"Waylon Francis","odds":"51.00","header":"First"},{"name":"Waylon Francis","odds":"51.00","header":"Last"},{"name":"Waylon Francis","odds":"21.00","header":"Anytime"},{"name":"No Goalscorer","odds":"12.00","header":"First"},{"name":"No Goalscorer","odds":"12.00","header":"Last"}],"multi_scorers":[{"name":"Chris Wondolowski","odds":"8.00","header":"2 or More"},{"name":"Chris Wondolowski","odds":"34.00","header":"3 or More"},{"name":"Clint Dempsey","odds":"9.00","header":"2 or More"},{"name":"Clint Dempsey","odds":"41.00","header":"3 or More"},{"name":"Raul Ruidiaz","odds":"12.00","header":"2 or More"},{"name":"Raul Ruidiaz","odds":"51.00","header":"3 or More"},{"name":"Will Bruin","odds":"12.00","header":"2 or More"},{"name":"Will Bruin","odds":"51.00","header":"3 or More"},{"name":"Danny Hoesen","odds":"13.00","header":"2 or More"},{"name":"Danny Hoesen","odds":"67.00","header":"3 or More"},{"name":"Magnus Eriksson","odds":"13.00","header":"2 or More"},{"name":"Magnus Eriksson","odds":"67.00","header":"3 or More"},{"name":"Valeri Qazaishvili","odds":"13.00","header":"2 or More"},{"name":"Valeri Qazaishvili","odds":"67.00","header":"3 or More"},{"name":"Lamar Neagle","odds":"23.00","header":"2 or More"},{"name":"Lamar Neagle","odds":"101.00","header":"3 or More"},{"name":"Magnus Wolff Eikrem","odds":"23.00","header":"2 or More"},{"name":"Magnus Wolff Eikrem","odds":"101.00","header":"3 or More"},{"name":"Nicolas Lodeiro","odds":"23.00","header":"2 or More"},{"name":"Nicolas Lodeiro","odds":"101.00","header":"3 or More"},{"name":"Felix Chenkam","odds":"26.00","header":"2 or More"},{"name":"Felix Chenkam","odds":"101.00","header":"3 or More"},{"name":"Quincy Amarikwa","odds":"26.00","header":"2 or More"},{"name":"Quincy Amarikwa","odds":"101.00","header":"3 or More"},{"name":"Chris Wehan","odds":"29.00","header":"2 or More"},{"name":"Chris Wehan","odds":"126.00","header":"3 or More"},{"name":"Eric Calvillo","odds":"41.00","header":"2 or More"},{"name":"Eric Calvillo","odds":"151.00","header":"3 or More"},{"name":"Jahmir Hyka","odds":"41.00","header":"2 or More"},{"name":"Jahmir Hyka","odds":"151.00","header":"3 or More"},{"name":"Jordy Delem","odds":"41.00","header":"2 or More"},{"name":"Jordy Delem","odds":"151.00","header":"3 or More"},{"name":"Victor Rodriguez","odds":"41.00","header":"2 or More"},{"name":"Victor Rodriguez","odds":"151.00","header":"3 or More"},{"name":"Cristian Roldan","odds":"51.00","header":"2 or More"},{"name":"Cristian Roldan","odds":"201.00","header":"3 or More"},{"name":"Fatai Alashe","odds":"51.00","header":"2 or More"},{"name":"Fatai Alashe","odds":"201.00","header":"3 or More"},{"name":"Harry Shipp","odds":"51.00","header":"2 or More"},{"name":"Harry Shipp","odds":"201.00","header":"3 or More"},{"name":"Henry Wingo","odds":"51.00","header":"2 or More"},{"name":"Henry Wingo","odds":"201.00","header":"3 or More"},{"name":"Jackson Yueill","odds":"51.00","header":"2 or More"},{"name":"Jackson Yueill","odds":"201.00","header":"3 or More"},{"name":"Kevin Partida","odds":"51.00","header":"2 or More"},{"name":"Kevin Partida","odds":"201.00","header":"3 or More"},{"name":"Alex Roldan","odds":"81.00","header":"2 or More"},{"name":"Alex Roldan","odds":"301.00","header":"3 or More"},{"name":"Anibal Godoy","odds":"81.00","header":"2 or More"},{"name":"Anibal Godoy","odds":"301.00","header":"3 or More"},{"name":"Shea Salinas","odds":"81.00","header":"2 or More"},{"name":"Shea Salinas","odds":"301.00","header":"3 or More"},{"name":"Yefferson Quintana","odds":"81.00","header":"2 or More"},{"name":"Yefferson Quintana","odds":"301.00","header":"3 or More"},{"name":"Chad Marshall","odds":"101.00","header":"2 or More"},{"name":"Chad Marshall","odds":"501.00","header":"3 or More"},{"name":"Florian Jungwirth","odds":"101.00","header":"2 or More"},{"name":"Florian Jungwirth","odds":"501.00","header":"3 or More"},{"name":"Jimmy Ockford","odds":"101.00","header":"2 or More"},{"name":"Jimmy Ockford","odds":"501.00","header":"3 or More"},{"name":"Kee-Hee Kim","odds":"101.00","header":"2 or More"},{"name":"Kee-Hee Kim","odds":"501.00","header":"3 or More"},{"name":"Kelvin Leerdam","odds":"101.00","header":"2 or More"},{"name":"Kelvin Leerdam","odds":"501.00","header":"3 or More"},{"name":"Nick Lima","odds":"101.00","header":"2 or More"},{"name":"Nick Lima","odds":"401.00","header":"3 or More"},{"name":"Osvaldo Alonso","odds":"101.00","header":"2 or More"},{"name":"Osvaldo Alonso","odds":"501.00","header":"3 or More"},{"name":"Tommy Thompson","odds":"101.00","header":"2 or More"},{"name":"Tommy Thompson","odds":"401.00","header":"3 or More"},{"name":"Yeferson Quintana","odds":"101.00","header":"2 or More"},{"name":"Yeferson Quintana","odds":"401.00","header":"3 or More"},{"name":"Francois Affolter","odds":"126.00","header":"2 or More"},{"name":"Francois Affolter","odds":"501.00","header":"3 or More"},{"name":"Gustav Svensson","odds":"126.00","header":"2 or More"},{"name":"Gustav Svensson","odds":"501.00","header":"3 or More"},{"name":"Harold Cummings","odds":"126.00","header":"2 or More"},{"name":"Harold Cummings","odds":"501.00","header":"3 or More"},{"name":"Joel Qwiberg","odds":"126.00","header":"2 or More"},{"name":"Joel Qwiberg","odds":"501.00","header":"3 or More"},{"name":"Roman Torres","odds":"126.00","header":"2 or More"},{"name":"Roman Torres","odds":"501.00","header":"3 or More"},{"name":"Tony Alfaro","odds":"126.00","header":"2 or More"},{"name":"Tony Alfaro","odds":"501.00","header":"3 or More"},{"name":"Jordan McCrary","odds":"151.00","header":"2 or More"},{"name":"Jordan McCrary","odds":"501.00","header":"3 or More"},{"name":"Nouhou Tolo","odds":"151.00","header":"2 or More"},{"name":"Nouhou Tolo","odds":"501.00","header":"3 or More"},{"name":"Waylon Francis","odds":"151.00","header":"2 or More"},{"name":"Waylon Francis","odds":"501.00","header":"3 or More"}],"asian_handicap":[{"opp":"0.0","odds":"1.775","header":"Home"},{"opp":"0.0","odds":"2.100","header":"Away"}],"goal_line":[{"goals":"2.5, 3.0","odds":"2.000","header":"Over"},{"goals":"2.5, 3.0","odds":"1.850","header":"Under"}],"alternative_asian_handicap":[{"opp":"-1.5, -2.0","odds":"6.000","header":"Home"},{"opp":"+1.5, +2.0","odds":"1.125","header":"Away"},{"opp":"-1.5","odds":"4.500","header":"Home"},{"opp":"+1.5","odds":"1.190","header":"Away"},{"opp":"-1.0, -1.5","odds":"4.150","header":"Home"},{"opp":"+1.0, +1.5","odds":"1.220","header":"Away"},{"opp":"-1.0","odds":"3.700","header":"Home"},{"opp":"+1.0","odds":"1.260","header":"Away"},{"opp":"-0.5, -1.0","odds":"2.750","header":"Home"},{"opp":"+0.5, +1.0","odds":"1.425","header":"Away"},{"opp":"-0.5","odds":"2.350","header":"Home"},{"opp":"+0.5","odds":"1.575","header":"Away"},{"opp":"0.0, -0.5","odds":"2.050","header":"Home"},{"opp":"0.0, +0.5","odds":"1.750","header":"Away"},{"opp":"0.0, +0.5","odds":"1.550","header":"Home"},{"opp":"0.0, -0.5","odds":"2.375","header":"Away"},{"opp":"+0.5","odds":"1.425","header":"Home"},{"opp":"-0.5","odds":"2.750","header":"Away"},{"opp":"+0.5, +1.0","odds":"1.300","header":"Home"},{"opp":"-0.5, -1.0","odds":"3.450","header":"Away"},{"opp":"+1.0","odds":"1.180","header":"Home"},{"opp":"-1.0","odds":"4.650","header":"Away"},{"opp":"+1.0, +1.5","odds":"1.160","header":"Home"},{"opp":"-1.0, -1.5","odds":"5.250","header":"Away"},{"opp":"+1.5","odds":"1.140","header":"Home"},{"opp":"-1.5","odds":"5.750","header":"Away"}],"alternative_goal_line":[{"goals":"1.0, 1.5","odds":"1.150","header":"Over"},{"goals":"1.0, 1.5","odds":"5.500","header":"Under"},{"goals":"1.5","odds":"1.240","header":"Over"},{"goals":"1.5","odds":"3.900","header":"Under"},{"goals":"1.5, 2.0","odds":"1.275","header":"Over"},{"goals":"1.5, 2.0","odds":"3.550","header":"Under"},{"goals":"2.0","odds":"1.350","header":"Over"},{"goals":"2.0","odds":"3.100","header":"Under"},{"goals":"2.0, 2.5","odds":"1.550","header":"Over"},{"goals":"2.0, 2.5","odds":"2.375","header":"Under"},{"goals":"2.5","odds":"1.750","header":"Over"},{"goals":"2.5","odds":"2.050","header":"Under"},{"goals":"3.0","odds":"2.300","header":"Over"},{"goals":"3.0","odds":"1.600","header":"Under"},{"goals":"3.0, 3.5","odds":"2.500","header":"Over"},{"goals":"3.0, 3.5","odds":"1.500","header":"Under"},{"goals":"3.5","odds":"2.850","header":"Over"},{"goals":"3.5","odds":"1.400","header":"Under"},{"goals":"3.5, 4.0","odds":"3.450","header":"Over"},{"goals":"3.5, 4.0","odds":"1.300","header":"Under"},{"goals":"4.0","odds":"4.500","header":"Over"},{"goals":"4.0","odds":"1.190","header":"Under"},{"goals":"4.0, 4.5","odds":"5.000","header":"Over"},{"goals":"4.0, 4.5","odds":"1.170","header":"Under"},{"goals":"4.5","odds":"5.500","header":"Over"},{"goals":"4.5","odds":"1.150","header":"Under"},{"goals":"4.5, 5.0","odds":"6.800","header":"Over"},{"goals":"4.5, 5.0","odds":"1.105","header":"Under"}],"draw_no_bet":[{"opp":"San Jose Earthquakes","odds":"1.73"},{"opp":"Seattle Sounders FC","odds":"2.00"}],"result_both_teams_to_score":[{"name":"San Jose Earthquakes","odds":"4.50","header":"Yes"},{"name":"San Jose Earthquakes","odds":"4.50","header":"No"},{"name":"Seattle Sounders FC","odds":"5.00","header":"Yes"},{"name":"Seattle Sounders FC","odds":"5.50","header":"No"},{"name":"Draw","odds":"4.33","header":"Yes"},{"name":"Draw","odds":"12.00","header":"No"}],"handicap_result":[{"opp":"San Jose Earthquakes (-1)","odds":"4.50"},{"opp":"Tie - (Seattle Sounders FC +1)","odds":"4.00"},{"opp":"Seattle Sounders FC (+1)","odds":"1.57"}],"alternative_handicap_result":[{"opp":"-3.0","odds":"17.00","header":"Home"},{"opp":"+3.0","odds":"11.00","header":"Tie"},{"opp":"+3.0","odds":"1.05","header":"Away"},{"opp":"-2.0","odds":"9.50","header":"Home"},{"opp":"+2.0","odds":"6.50","header":"Tie"},{"opp":"+2.0","odds":"1.17","header":"Away"},{"opp":"+1.0","odds":"1.44","header":"Home"},{"opp":"-1.0","odds":"4.50","header":"Tie"},{"opp":"-1.0","odds":"5.50","header":"Away"},{"opp":"+2.0","odds":"1.10","header":"Home"},{"opp":"-2.0","odds":"8.00","header":"Tie"},{"opp":"-2.0","odds":"12.00","header":"Away"}],"winning_margin":[{"goals":" 1","odds":"4.00","header":"Home"},{"goals":" 1","odds":"4.50","header":"Away"},{"goals":" 2","odds":"6.50","header":"Home"},{"goals":" 2","odds":"8.00","header":"Away"},{"goals":" 3","odds":"11.00","header":"Home"},{"goals":" 3","odds":"21.00","header":"Away"},{"goals":" 4+","odds":"17.00","header":"Home"},{"goals":" 4+","odds":"41.00","header":"Away"},{"goals":"Score Draw","odds":"4.33","header":"Home"},{"goals":"No Goal","odds":"12.00","header":"Home"}]}},"player":{"updated_at":"1532570400","sp":{"goalscorers":[{"name":"Chris Wondolowski","odds":"5.50","header":"First"},{"name":"Chris Wondolowski","odds":"5.50","header":"Last"},{"name":"Chris Wondolowski","odds":"2.30","header":"Anytime"},{"name":"Clint Dempsey","odds":"6.00","header":"First"},{"name":"Clint Dempsey","odds":"6.00","header":"Last"},{"name":"Clint Dempsey","odds":"2.50","header":"Anytime"},{"name":"Raul Ruidiaz","odds":"7.00","header":"First"},{"name":"Raul Ruidiaz","odds":"7.00","header":"Last"},{"name":"Raul Ruidiaz","odds":"2.88","header":"Anytime"},{"name":"Will Bruin","odds":"7.00","header":"First"},{"name":"Will Bruin","odds":"7.00","header":"Last"},{"name":"Will Bruin","odds":"2.88","header":"Anytime"},{"name":"Danny Hoesen","odds":"7.50","header":"First"},{"name":"Danny Hoesen","odds":"7.50","header":"Last"},{"name":"Danny Hoesen","odds":"3.00","header":"Anytime"},{"name":"Magnus Eriksson","odds":"7.50","header":"First"},{"name":"Magnus Eriksson","odds":"7.50","header":"Last"},{"name":"Magnus Eriksson","odds":"3.00","header":"Anytime"},{"name":"Valeri Qazaishvili","odds":"7.50","header":"First"},{"name":"Valeri Qazaishvili","odds":"7.50","header":"Last"},{"name":"Valeri Qazaishvili","odds":"3.00","header":"Anytime"},{"name":"Lamar Neagle","odds":"10.00","header":"First"},{"name":"Lamar Neagle","odds":"10.00","header":"Last"},{"name":"Lamar Neagle","odds":"4.00","header":"Anytime"},{"name":"Magnus Wolff Eikrem","odds":"10.00","header":"First"},{"name":"Magnus Wolff Eikrem","odds":"10.00","header":"Last"},{"name":"Magnus Wolff Eikrem","odds":"4.00","header":"Anytime"},{"name":"Nicolas Lodeiro","odds":"10.00","header":"First"},{"name":"Nicolas Lodeiro","odds":"10.00","header":"Last"},{"name":"Nicolas Lodeiro","odds":"4.00","header":"Anytime"},{"name":"Felix Chenkam","odds":"11.00","header":"First"},{"name":"Felix Chenkam","odds":"11.00","header":"Last"},{"name":"Felix Chenkam","odds":"4.33","header":"Anytime"},{"name":"Quincy Amarikwa","odds":"11.00","header":"First"},{"name":"Quincy Amarikwa","odds":"11.00","header":"Last"},{"name":"Quincy Amarikwa","odds":"4.33","header":"Anytime"},{"name":"Chris Wehan","odds":"12.00","header":"First"},{"name":"Chris Wehan","odds":"12.00","header":"Last"},{"name":"Chris Wehan","odds":"4.50","header":"Anytime"},{"name":"Eric Calvillo","odds":"15.00","header":"First"},{"name":"Eric Calvillo","odds":"15.00","header":"Last"},{"name":"Eric Calvillo","odds":"5.50","header":"Anytime"},{"name":"Jahmir Hyka","odds":"15.00","header":"First"},{"name":"Jahmir Hyka","odds":"15.00","header":"Last"},{"name":"Jahmir Hyka","odds":"5.50","header":"Anytime"},{"name":"Jordy Delem","odds":"15.00","header":"First"},{"name":"Jordy Delem","odds":"15.00","header":"Last"},{"name":"Jordy Delem","odds":"5.50","header":"Anytime"},{"name":"Victor Rodriguez","odds":"15.00","header":"First"},{"name":"Victor Rodriguez","odds":"15.00","header":"Last"},{"name":"Victor Rodriguez","odds":"5.50","header":"Anytime"},{"name":"Cristian Roldan","odds":"17.00","header":"First"},{"name":"Cristian Roldan","odds":"17.00","header":"Last"},{"name":"Cristian Roldan","odds":"6.50","header":"Anytime"},{"name":"Fatai Alashe","odds":"17.00","header":"First"},{"name":"Fatai Alashe","odds":"17.00","header":"Last"},{"name":"Fatai Alashe","odds":"6.50","header":"Anytime"},{"name":"Harry Shipp","odds":"17.00","header":"First"},{"name":"Harry Shipp","odds":"17.00","header":"Last"},{"name":"Harry Shipp","odds":"6.50","header":"Anytime"},{"name":"Henry Wingo","odds":"17.00","header":"First"},{"name":"Henry Wingo","odds":"17.00","header":"Last"},{"name":"Henry Wingo","odds":"6.50","header":"Anytime"},{"name":"Jackson Yueill","odds":"17.00","header":"First"},{"name":"Jackson Yueill","odds":"17.00","header":"Last"},{"name":"Jackson Yueill","odds":"6.50","header":"Anytime"},{"name":"Kevin Partida","odds":"17.00","header":"First"},{"name":"Kevin Partida","odds":"17.00","header":"Last"},{"name":"Kevin Partida","odds":"6.50","header":"Anytime"},{"name":"Alex Roldan","odds":"21.00","header":"First"},{"name":"Alex Roldan","odds":"21.00","header":"Last"},{"name":"Alex Roldan","odds":"8.00","header":"Anytime"},{"name":"Anibal Godoy","odds":"21.00","header":"First"},{"name":"Anibal Godoy","odds":"21.00","header":"Last"},{"name":"Anibal Godoy","odds":"8.00","header":"Anytime"},{"name":"Shea Salinas","odds":"21.00","header":"First"},{"name":"Shea Salinas","odds":"21.00","header":"Last"},{"name":"Shea Salinas","odds":"8.00","header":"Anytime"},{"name":"Yefferson Quintana","odds":"21.00","header":"First"},{"name":"Yefferson Quintana","odds":"21.00","header":"Last"},{"name":"Yefferson Quintana","odds":"8.00","header":"Anytime"},{"name":"Nick Lima","odds":"23.00","header":"First"},{"name":"Nick Lima","odds":"23.00","header":"Last"},{"name":"Nick Lima","odds":"9.00","header":"Anytime"},{"name":"Tommy Thompson","odds":"23.00","header":"First"},{"name":"Tommy Thompson","odds":"23.00","header":"Last"},{"name":"Tommy Thompson","odds":"9.00","header":"Anytime"},{"name":"Yeferson Quintana","odds":"23.00","header":"First"},{"name":"Yeferson Quintana","odds":"23.00","header":"Last"},{"name":"Yeferson Quintana","odds":"9.00","header":"Anytime"},{"name":"Chad Marshall","odds":"26.00","header":"First"},{"name":"Chad Marshall","odds":"26.00","header":"Last"},{"name":"Chad Marshall","odds":"10.00","header":"Anytime"},{"name":"Jimmy Ockford","odds":"26.00","header":"First"},{"name":"Jimmy Ockford","odds":"26.00","header":"Last"},{"name":"Jimmy Ockford","odds":"10.00","header":"Anytime"},{"name":"Kee-Hee Kim","odds":"26.00","header":"First"},{"name":"Kee-Hee Kim","odds":"26.00","header":"Last"},{"name":"Kee-Hee Kim","odds":"10.00","header":"Anytime"},{"name":"Kelvin Leerdam","odds":"26.00","header":"First"},{"name":"Kelvin Leerdam","odds":"26.00","header":"Last"},{"name":"Kelvin Leerdam","odds":"10.00","header":"Anytime"},{"name":"Osvaldo Alonso","odds":"26.00","header":"First"},{"name":"Osvaldo Alonso","odds":"26.00","header":"Last"},{"name":"Osvaldo Alonso","odds":"10.00","header":"Anytime"},{"name":"Florian Jungwirth","odds":"29.00","header":"First"},{"name":"Florian Jungwirth","odds":"29.00","header":"Last"},{"name":"Florian Jungwirth","odds":"11.00","header":"Anytime"},{"name":"Francois Affolter","odds":"34.00","header":"First"},{"name":"Francois Affolter","odds":"34.00","header":"Last"},{"name":"Francois Affolter","odds":"13.00","header":"Anytime"},{"name":"Gustav Svensson","odds":"34.00","header":"First"},{"name":"Gustav Svensson","odds":"34.00","header":"Last"},{"name":"Gustav Svensson","odds":"13.00","header":"Anytime"},{"name":"Harold Cummings","odds":"34.00","header":"First"},{"name":"Harold Cummings","odds":"34.00","header":"Last"},{"name":"Harold Cummings","odds":"13.00","header":"Anytime"},{"name":"Joel Qwiberg","odds":"34.00","header":"First"},{"name":"Joel Qwiberg","odds":"34.00","header":"Last"},{"name":"Joel Qwiberg","odds":"13.00","header":"Anytime"},{"name":"Roman Torres","odds":"34.00","header":"First"},{"name":"Roman Torres","odds":"34.00","header":"Last"},{"name":"Roman Torres","odds":"13.00","header":"Anytime"},{"name":"Tony Alfaro","odds":"34.00","header":"First"},{"name":"Tony Alfaro","odds":"34.00","header":"Last"},{"name":"Tony Alfaro","odds":"13.00","header":"Anytime"},{"name":"Nouhou Tolo","odds":"41.00","header":"First"},{"name":"Nouhou Tolo","odds":"41.00","header":"Last"},{"name":"Nouhou Tolo","odds":"17.00","header":"Anytime"},{"name":"Jordan McCrary","odds":"51.00","header":"First"},{"name":"Jordan McCrary","odds":"51.00","header":"Last"},{"name":"Jordan McCrary","odds":"21.00","header":"Anytime"},{"name":"Waylon Francis","odds":"51.00","header":"First"},{"name":"Waylon Francis","odds":"51.00","header":"Last"},{"name":"Waylon Francis","odds":"21.00","header":"Anytime"},{"name":"No Goalscorer","odds":"12.00","header":"First"},{"name":"No Goalscorer","odds":"12.00","header":"Last"}],"multi_scorers":[{"name":"Chris Wondolowski","odds":"8.00","header":"2 or More"},{"name":"Chris Wondolowski","odds":"34.00","header":"3 or More"},{"name":"Clint Dempsey","odds":"9.00","header":"2 or More"},{"name":"Clint Dempsey","odds":"41.00","header":"3 or More"},{"name":"Raul Ruidiaz","odds":"12.00","header":"2 or More"},{"name":"Raul Ruidiaz","odds":"51.00","header":"3 or More"},{"name":"Will Bruin","odds":"12.00","header":"2 or More"},{"name":"Will Bruin","odds":"51.00","header":"3 or More"},{"name":"Danny Hoesen","odds":"13.00","header":"2 or More"},{"name":"Danny Hoesen","odds":"67.00","header":"3 or More"},{"name":"Magnus Eriksson","odds":"13.00","header":"2 or More"},{"name":"Magnus Eriksson","odds":"67.00","header":"3 or More"},{"name":"Valeri Qazaishvili","odds":"13.00","header":"2 or More"},{"name":"Valeri Qazaishvili","odds":"67.00","header":"3 or More"},{"name":"Lamar Neagle","odds":"23.00","header":"2 or More"},{"name":"Lamar Neagle","odds":"101.00","header":"3 or More"},{"name":"Magnus Wolff Eikrem","odds":"23.00","header":"2 or More"},{"name":"Magnus Wolff Eikrem","odds":"101.00","header":"3 or More"},{"name":"Nicolas Lodeiro","odds":"23.00","header":"2 or More"},{"name":"Nicolas Lodeiro","odds":"101.00","header":"3 or More"},{"name":"Felix Chenkam","odds":"26.00","header":"2 or More"},{"name":"Felix Chenkam","odds":"101.00","header":"3 or More"},{"name":"Quincy Amarikwa","odds":"26.00","header":"2 or More"},{"name":"Quincy Amarikwa","odds":"101.00","header":"3 or More"},{"name":"Chris Wehan","odds":"29.00","header":"2 or More"},{"name":"Chris Wehan","odds":"126.00","header":"3 or More"},{"name":"Eric Calvillo","odds":"41.00","header":"2 or More"},{"name":"Eric Calvillo","odds":"151.00","header":"3 or More"},{"name":"Jahmir Hyka","odds":"41.00","header":"2 or More"},{"name":"Jahmir Hyka","odds":"151.00","header":"3 or More"},{"name":"Jordy Delem","odds":"41.00","header":"2 or More"},{"name":"Jordy Delem","odds":"151.00","header":"3 or More"},{"name":"Victor Rodriguez","odds":"41.00","header":"2 or More"},{"name":"Victor Rodriguez","odds":"151.00","header":"3 or More"},{"name":"Cristian Roldan","odds":"51.00","header":"2 or More"},{"name":"Cristian Roldan","odds":"201.00","header":"3 or More"},{"name":"Fatai Alashe","odds":"51.00","header":"2 or More"},{"name":"Fatai Alashe","odds":"201.00","header":"3 or More"},{"name":"Harry Shipp","odds":"51.00","header":"2 or More"},{"name":"Harry Shipp","odds":"201.00","header":"3 or More"},{"name":"Henry Wingo","odds":"51.00","header":"2 or More"},{"name":"Henry Wingo","odds":"201.00","header":"3 or More"},{"name":"Jackson Yueill","odds":"51.00","header":"2 or More"},{"name":"Jackson Yueill","odds":"201.00","header":"3 or More"},{"name":"Kevin Partida","odds":"51.00","header":"2 or More"},{"name":"Kevin Partida","odds":"201.00","header":"3 or More"},{"name":"Alex Roldan","odds":"81.00","header":"2 or More"},{"name":"Alex Roldan","odds":"301.00","header":"3 or More"},{"name":"Anibal Godoy","odds":"81.00","header":"2 or More"},{"name":"Anibal Godoy","odds":"301.00","header":"3 or More"},{"name":"Shea Salinas","odds":"81.00","header":"2 or More"},{"name":"Shea Salinas","odds":"301.00","header":"3 or More"},{"name":"Yefferson Quintana","odds":"81.00","header":"2 or More"},{"name":"Yefferson Quintana","odds":"301.00","header":"3 or More"},{"name":"Chad Marshall","odds":"101.00","header":"2 or More"},{"name":"Chad Marshall","odds":"501.00","header":"3 or More"},{"name":"Florian Jungwirth","odds":"101.00","header":"2 or More"},{"name":"Florian Jungwirth","odds":"501.00","header":"3 or More"},{"name":"Jimmy Ockford","odds":"101.00","header":"2 or More"},{"name":"Jimmy Ockford","odds":"501.00","header":"3 or More"},{"name":"Kee-Hee Kim","odds":"101.00","header":"2 or More"},{"name":"Kee-Hee Kim","odds":"501.00","header":"3 or More"},{"name":"Kelvin Leerdam","odds":"101.00","header":"2 or More"},{"name":"Kelvin Leerdam","odds":"501.00","header":"3 or More"},{"name":"Nick Lima","odds":"101.00","header":"2 or More"},{"name":"Nick Lima","odds":"401.00","header":"3 or More"},{"name":"Osvaldo Alonso","odds":"101.00","header":"2 or More"},{"name":"Osvaldo Alonso","odds":"501.00","header":"3 or More"},{"name":"Tommy Thompson","odds":"101.00","header":"2 or More"},{"name":"Tommy Thompson","odds":"401.00","header":"3 or More"},{"name":"Yeferson Quintana","odds":"101.00","header":"2 or More"},{"name":"Yeferson Quintana","odds":"401.00","header":"3 or More"},{"name":"Francois Affolter","odds":"126.00","header":"2 or More"},{"name":"Francois Affolter","odds":"501.00","header":"3 or More"},{"name":"Gustav Svensson","odds":"126.00","header":"2 or More"},{"name":"Gustav Svensson","odds":"501.00","header":"3 or More"},{"name":"Harold Cummings","odds":"126.00","header":"2 or More"},{"name":"Harold Cummings","odds":"501.00","header":"3 or More"},{"name":"Joel Qwiberg","odds":"126.00","header":"2 or More"},{"name":"Joel Qwiberg","odds":"501.00","header":"3 or More"},{"name":"Roman Torres","odds":"126.00","header":"2 or More"},{"name":"Roman Torres","odds":"501.00","header":"3 or More"},{"name":"Tony Alfaro","odds":"126.00","header":"2 or More"},{"name":"Tony Alfaro","odds":"501.00","header":"3 or More"},{"name":"Jordan McCrary","odds":"151.00","header":"2 or More"},{"name":"Jordan McCrary","odds":"501.00","header":"3 or More"},{"name":"Nouhou Tolo","odds":"151.00","header":"2 or More"},{"name":"Nouhou Tolo","odds":"501.00","header":"3 or More"},{"name":"Waylon Francis","odds":"151.00","header":"2 or More"},{"name":"Waylon Francis","odds":"501.00","header":"3 or More"}],"team_goalscorer":[{"name":"Chris Wondolowski","odds":"3.25","header":"First"},{"name":"Chris Wondolowski","odds":"3.25","header":"Last"},{"name":"Danny Hoesen","odds":"4.33","header":"First"},{"name":"Danny Hoesen","odds":"4.33","header":"Last"},{"name":"Magnus Eriksson","odds":"4.33","header":"First"},{"name":"Magnus Eriksson","odds":"4.33","header":"Last"},{"name":"Valeri Qazaishvili","odds":"4.33","header":"First"},{"name":"Valeri Qazaishvili","odds":"4.33","header":"Last"},{"name":"Quincy Amarikwa","odds":"6.00","header":"First"},{"name":"Quincy Amarikwa","odds":"6.00","header":"Last"},{"name":"Chris Wehan","odds":"7.00","header":"First"},{"name":"Chris Wehan","odds":"7.00","header":"Last"},{"name":"Eric Calvillo","odds":"8.00","header":"First"},{"name":"Eric Calvillo","odds":"8.00","header":"Last"},{"name":"Jahmir Hyka","odds":"8.00","header":"First"},{"name":"Jahmir Hyka","odds":"8.00","header":"Last"},{"name":"Fatai Alashe","odds":"9.00","header":"First"},{"name":"Fatai Alashe","odds":"9.00","header":"Last"},{"name":"Jackson Yueill","odds":"9.00","header":"First"},{"name":"Jackson Yueill","odds":"9.00","header":"Last"},{"name":"Kevin Partida","odds":"9.00","header":"First"},{"name":"Kevin Partida","odds":"9.00","header":"Last"},{"name":"Anibal Godoy","odds":"11.00","header":"First"},{"name":"Anibal Godoy","odds":"11.00","header":"Last"},{"name":"Yefferson Quintana","odds":"11.00","header":"First"},{"name":"Yefferson Quintana","odds":"11.00","header":"Last"},{"name":"Shea Salinas","odds":"12.00","header":"First"},{"name":"Shea Salinas","odds":"12.00","header":"Last"},{"name":"Nick Lima","odds":"13.00","header":"First"},{"name":"Nick Lima","odds":"13.00","header":"Last"},{"name":"Tommy Thompson","odds":"13.00","header":"First"},{"name":"Tommy Thompson","odds":"13.00","header":"Last"},{"name":"Yeferson Quintana","odds":"13.00","header":"First"},{"name":"Yeferson Quintana","odds":"13.00","header":"Last"},{"name":"Jimmy Ockford","odds":"15.00","header":"First"},{"name":"Jimmy Ockford","odds":"15.00","header":"Last"},{"name":"Florian Jungwirth","odds":"17.00","header":"First"},{"name":"Florian Jungwirth","odds":"17.00","header":"Last"},{"name":"Francois Affolter","odds":"21.00","header":"First"},{"name":"Francois Affolter","odds":"21.00","header":"Last"},{"name":"Harold Cummings","odds":"21.00","header":"First"},{"name":"Harold Cummings","odds":"21.00","header":"Last"},{"name":"Joel Qwiberg","odds":"21.00","header":"First"},{"name":"Joel Qwiberg","odds":"21.00","header":"Last"},{"name":"No Goalscorer (San Jose Earthquakes)","odds":"4.00","header":"First"},{"name":"No Goalscorer (San Jose Earthquakes)","odds":"4.00","header":"Last"},{"name":"Clint Dempsey","odds":"3.50","header":"First"},{"name":"Clint Dempsey","odds":"3.50","header":"Last"},{"name":"Raul Ruidiaz","odds":"4.00","header":"First"},{"name":"Raul Ruidiaz","odds":"4.00","header":"Last"},{"name":"Will Bruin","odds":"4.00","header":"First"},{"name":"Will Bruin","odds":"4.00","header":"Last"},{"name":"Lamar Neagle","odds":"5.50","header":"First"},{"name":"Lamar Neagle","odds":"5.50","header":"Last"},{"name":"Magnus Wolff Eikrem","odds":"5.50","header":"First"},{"name":"Magnus Wolff Eikrem","odds":"5.50","header":"Last"},{"name":"Nicolas Lodeiro","odds":"5.50","header":"First"},{"name":"Nicolas Lodeiro","odds":"5.50","header":"Last"},{"name":"Felix Chenkam","odds":"6.00","header":"First"},{"name":"Felix Chenkam","odds":"6.00","header":"Last"},{"name":"Jordy Delem","odds":"8.50","header":"First"},{"name":"Jordy Delem","odds":"8.50","header":"Last"},{"name":"Victor Rodriguez","odds":"8.50","header":"First"},{"name":"Victor Rodriguez","odds":"8.50","header":"Last"},{"name":"Cristian Roldan","odds":"9.50","header":"First"},{"name":"Cristian Roldan","odds":"9.50","header":"Last"},{"name":"Harry Shipp","odds":"9.50","header":"First"},{"name":"Harry Shipp","odds":"9.50","header":"Last"},{"name":"Henry Wingo","odds":"9.50","header":"First"},{"name":"Henry Wingo","odds":"9.50","header":"Last"},{"name":"Alex Roldan","odds":"12.00","header":"First"},{"name":"Alex Roldan","odds":"12.00","header":"Last"},{"name":"Chad Marshall","odds":"15.00","header":"First"},{"name":"Chad Marshall","odds":"15.00","header":"Last"},{"name":"Kee-Hee Kim","odds":"15.00","header":"First"},{"name":"Kee-Hee Kim","odds":"15.00","header":"Last"},{"name":"Kelvin Leerdam","odds":"15.00","header":"First"},{"name":"Kelvin Leerdam","odds":"15.00","header":"Last"},{"name":"Osvaldo Alonso","odds":"15.00","header":"First"},{"name":"Osvaldo Alonso","odds":"15.00","header":"Last"},{"name":"Gustav Svensson","odds":"19.00","header":"First"},{"name":"Gustav Svensson","odds":"19.00","header":"Last"},{"name":"Roman Torres","odds":"19.00","header":"First"},{"name":"Roman Torres","odds":"19.00","header":"Last"},{"name":"Tony Alfaro","odds":"19.00","header":"First"},{"name":"Tony Alfaro","odds":"19.00","header":"Last"},{"name":"Nouhou Tolo","odds":"21.00","header":"First"},{"name":"Nouhou Tolo","odds":"21.00","header":"Last"},{"name":"Jordan McCrary","odds":"26.00","header":"First"},{"name":"Jordan McCrary","odds":"26.00","header":"Last"},{"name":"Waylon Francis","odds":"26.00","header":"First"},{"name":"Waylon Francis","odds":"26.00","header":"Last"},{"name":"No Goalscorer (Seattle Sounders FC)","odds":"3.50","header":"First"},{"name":"No Goalscorer (Seattle Sounders FC)","odds":"3.50","header":"Last"}]}},"schedule":{"updated_at":"1532570663","sp":{"main":[{"odds":"2.40"},{"odds":"3.40"},{"odds":"2.80"}]}},"specials":{"updated_at":"1532570424","sp":{"specials":[{"name":"To Win From Behind","odds":"10.00","header":"Home"},{"name":"To Win From Behind","odds":"11.00","header":"Away"},{"name":"To Win to Nil","odds":"4.50","header":"Home"},{"name":"To Win to Nil","odds":"5.50","header":"Away"},{"name":"To Win Either Half","odds":"1.67","header":"Home"},{"name":"To Win Either Half","odds":"1.83","header":"Away"},{"name":"To Win Both Halves","odds":"8.00","header":"Home"},{"name":"To Win Both Halves","odds":"11.00","header":"Away"},{"name":"To Score in Both Halves","odds":"3.25","header":"Home"},{"name":"To Score in Both Halves","odds":"3.75","header":"Away"}],"to_score_in_half":[{"name":"1st Half","odds":"2.00","header":"Yes"},{"name":"1st Half","odds":"1.73","header":"No"},{"name":"2nd Half","odds":"1.67","header":"Yes"},{"name":"2nd Half","odds":"2.10","header":"No"},{"name":"1st Half","odds":"2.10","header":"Yes"},{"name":"1st Half","odds":"1.67","header":"No"},{"name":"2nd Half","odds":"1.73","header":"Yes"},{"name":"2nd Half","odds":"2.00","header":"No"}],"to_score_a_penalty":[{"opp":"San Jose Earthquakes to score a penalty","odds":"8.00"},{"opp":"Seattle Sounders FC to score a penalty","odds":"9.00"}],"to_miss_a_penalty":[{"opp":"San Jose Earthquakes to miss a penalty","odds":"23.00"},{"opp":"Seattle Sounders FC to miss a penalty","odds":"23.00"}],"own_goal":[{"opp":"Yes","odds":"11.00"},{"opp":"No","odds":"1.05"}]}}}]}}