{"odd":{"success":1,"results":[{"FI":"75228278","event_id":"784599","asian_lines":{"updated_at":"1532570407","sp":{"asian_handicap":[{"opp":"-0.5, -1.0","odds":"1.870","header":"Home"},{"opp":"+0.5, +1.0","odds":"2.030","header":"Away"}],"goal_line":[{"goals":"2.5","odds":"1.900","header":"Over"},{"goals":"2.5","odds":"1.950","header":"Under"}],"alternative_asian_handicap":[{"opp":"-2.5","odds":"5.750","header":"Home"},{"opp":"+2.5","odds":"1.140","header":"Away"},{"opp":"-2.0, -2.5","odds":"5.250","header":"Home"},{"opp":"+2.0, +2.5","odds":"1.160","header":"Away"},{"opp":"-2.0","odds":"4.650","header":"Home"},{"opp":"+2.0","odds":"1.180","header":"Away"},{"opp":"-1.5, -2.0","odds":"3.450","header":"Home"},{"opp":"+1.5, +2.0","odds":"1.300","header":"Away"},{"opp":"-1.5","odds":"2.750","header":"Home"},{"opp":"+1.5","odds":"1.425","header":"Away"},{"opp":"-1.0, -1.5","odds":"2.425","header":"Home"},{"opp":"+1.0, +1.5","odds":"1.525","header":"Away"},{"opp":"-1.0","odds":"2.100","header":"Home"},{"opp":"+1.0","odds":"1.700","header":"Away"},{"opp":"-0.5","odds":"1.650","header":"Home"},{"opp":"+0.5","odds":"2.200","header":"Away"},{"opp":"0.0, -0.5","odds":"1.450","header":"Home"},{"opp":"0.0, +0.5","odds":"2.675","header":"Away"},{"opp":"0.0","odds":"1.275","header":"Home"},{"opp":"0.0","odds":"3.550","header":"Away"},{"opp":"0.0, +0.5","odds":"1.230","header":"Home"},{"opp":"0.0, -0.5","odds":"4.000","header":"Away"},{"opp":"+0.5","odds":"1.200","header":"Home"},{"opp":"-0.5","odds":"4.400","header":"Away"},{"opp":"+0.5, +1.0","odds":"1.125","header":"Home"},{"opp":"-0.5, -1.0","odds":"6.000","header":"Away"}],"alternative_goal_line":[{"goals":"1.0, 1.5","odds":"1.175","header":"Over"},{"goals":"1.0, 1.5","odds":"4.800","header":"Under"},{"goals":"1.5","odds":"1.275","header":"Over"},{"goals":"1.5","odds":"3.550","header":"Under"},{"goals":"1.5, 2.0","odds":"1.350","header":"Over"},{"goals":"1.5, 2.0","odds":"3.100","header":"Under"},{"goals":"2.0","odds":"1.425","header":"Over"},{"goals":"2.0","odds":"2.750","header":"Under"},{"goals":"2.0, 2.5","odds":"1.650","header":"Over"},{"goals":"2.0, 2.5","odds":"2.200","header":"Under"},{"goals":"2.5, 3.0","odds":"2.100","header":"Over"},{"goals":"2.5, 3.0","odds":"1.700","header":"Under"},{"goals":"3.0","odds":"2.500","header":"Over"},{"goals":"3.0","odds":"1.500","header":"Under"},{"goals":"3.0, 3.5","odds":"2.850","header":"Over"},{"goals":"3.0, 3.5","odds":"1.400","header":"Under"},{"goals":"3.5","odds":"3.300","header":"Over"},{"goals":"3.5","odds":"1.325","header":"Under"},{"goals":"3.5, 4.0","odds":"3.900","header":"Over"},{"goals":"3.5, 4.0","odds":"1.240","header":"Under"},{"goals":"4.0","odds":"5.500","header":"Over"},{"goals":"4.0","odds":"1.150","header":"Under"},{"goals":"4.0, 4.5","odds":"5.900","header":"Over"},{"goals":"4.0, 4.5","odds":"1.130","header":"Under"},{"goals":"4.5","odds":"6.250","header":"Over"},{"goals":"4.5","odds":"1.120","header":"Under"}],"1st_half_asian_handicap":[{"opp":"0.0, -0.5","odds":"1.825","header":"Home"},{"opp":"0.0, +0.5","odds":"1.975","header":"Away"}],"1st_half_goal_line":[{"goals":"1.0","odds":"1.850","header":"Over"},{"goals":"1.0","odds":"1.950","header":"Under"}],"alternative_1st_half_asian_handicap":[{"opp":"-1.5","odds":"6.250","header":"Home"},{"opp":"+1.5","odds":"1.120","header":"Away"},{"opp":"-1.0, -1.5","odds":"5.750","header":"Home"},{"opp":"+1.0, +1.5","odds":"1.140","header":"Away"},{"opp":"-1.0","odds":"4.650","header":"Home"},{"opp":"+1.0","odds":"1.180","header":"Away"},{"opp":"-0.5, -1.0","odds":"2.850","header":"Home"},{"opp":"+0.5, +1.0","odds":"1.400","header":"Away"},{"opp":"-0.5","odds":"2.250","header":"Home"},{"opp":"+0.5","odds":"1.625","header":"Away"},{"opp":"0.0","odds":"1.375","header":"Home"},{"opp":"0.0","odds":"3.000","header":"Away"},{"opp":"0.0, +0.5","odds":"1.230","header":"Home"},{"opp":"0.0, -0.5","odds":"4.000","header":"Away"},{"opp":"+0.5","odds":"1.170","header":"Home"},{"opp":"-0.5","odds":"5.000","header":"Away"}],"alternative_1st_half_goal_line":[{"goals":"0.5, 1.0","odds":"1.525","header":"Over"},{"goals":"0.5, 1.0","odds":"2.425","header":"Under"},{"goals":"1.0, 1.5","odds":"2.350","header":"Over"},{"goals":"1.0, 1.5","odds":"1.575","header":"Under"},{"goals":"1.5","odds":"2.750","header":"Over"},{"goals":"1.5","odds":"1.425","header":"Under"},{"goals":"1.5, 2.0","odds":"3.550","header":"Over"},{"goals":"1.5, 2.0","odds":"1.275","header":"Under"},{"goals":"2.0","odds":"5.900","header":"Over"},{"goals":"2.0","odds":"1.130","header":"Under"},{"goals":"2.0, 2.5","odds":"6.600","header":"Over"},{"goals":"2.0, 2.5","odds":"1.110","header":"Under"}],"asian_total_corners":[{"goals":"9.5","odds":"1.900","header":"Over"},{"goals":"9.5","odds":"1.900","header":"Under"}],"1st_half_asian_corners":[{"goals":"4.5","odds":"1.900","header":"Over"},{"goals":"4.5","odds":"1.900","header":"Under"}]}},"corners":{"updated_at":"1532570427","sp":{"corners":[{"opp":"Over 10","odds":"2.38"},{"opp":"Exactly 10","odds":"7.50"},{"opp":"Under 10","odds":"1.83"}],"total_corners":[{"opp":"Under 6","odds":"9.50"},{"opp":"6 - 8","odds":"3.10"},{"opp":"9 - 11","odds":"2.60"},{"opp":"12 - 14","odds":"4.33"},{"opp":"Over 14","odds":"10.00"}],"alternative_corners":[{"goals":"3","odds":"1.01","header":"Over"},{"goals":"3","odds":"29.00","header":"Exactly"},{"goals":"3","odds":"41.00","header":"Under"},{"goals":"4","odds":"1.02","header":"Over"},{"goals":"4","odds":"21.00","header":"Exactly"},{"goals":"4","odds":"26.00","header":"Under"},{"goals":"5","odds":"1.06","header":"Over"},{"goals":"5","odds":"15.00","header":"Exactly"},{"goals":"5","odds":"15.00","header":"Under"},{"goals":"6","odds":"1.14","header":"Over"},{"goals":"6","odds":"11.00","header":"Exactly"},{"goals":"6","odds":"9.00","header":"Under"},{"goals":"7","odds":"1.29","header":"Over"},{"goals":"7","odds":"8.50","header":"Exactly"},{"goals":"7","odds":"5.50","header":"Under"},{"goals":"8","odds":"1.50","header":"Over"},{"goals":"8","odds":"7.50","header":"Exactly"},{"goals":"8","odds":"3.50","header":"Under"},{"goals":"9","odds":"1.83","header":"Over"},{"goals":"9","odds":"7.50","header":"Exactly"},{"goals":"9","odds":"2.50","header":"Under"},{"goals":"11","odds":"3.20","header":"Over"},{"goals":"11","odds":"8.50","header":"Exactly"},{"goals":"11","odds":"1.53","header":"Under"},{"goals":"12","odds":"4.50","header":"Over"},{"goals":"12","odds":"9.50","header":"Exactly"},{"goals":"12","odds":"1.33","header":"Under"},{"goals":"13","odds":"6.50","header":"Over"},{"goals":"13","odds":"12.00","header":"Exactly"},{"goals":"13","odds":"1.18","header":"Under"},{"goals":"14","odds":"10.00","header":"Over"},{"goals":"14","odds":"15.00","header":"Exactly"},{"goals":"14","odds":"1.10","header":"Under"},{"goals":"15","odds":"13.00","header":"Over"},{"goals":"15","odds":"19.00","header":"Exactly"},{"goals":"15","odds":"1.05","header":"Under"},{"goals":"16","odds":"19.00","header":"Over"},{"goals":"16","odds":"23.00","header":"Exactly"},{"goals":"16","odds":"1.03","header":"Under"},{"goals":"17","odds":"26.00","header":"Over"},{"goals":"17","odds":"29.00","header":"Exactly"},{"goals":"17","odds":"1.02","header":"Under"},{"goals":"18","odds":"41.00","header":"Over"},{"goals":"18","odds":"41.00","header":"Exactly"},{"goals":"18","odds":"1.01","header":"Under"}],"corners_2_way":[{"opp":"Over 9.5","odds":"1.83"},{"opp":"Under 9.5","odds":"1.83"}],"first_half_corners":[{"opp":"4","odds":"1.83","header":"Over"},{"opp":"4","odds":"5.00","header":"Exactly"},{"opp":"4","odds":"2.88","header":"Under"}],"asian_total_corners":[{"goals":"9.5","odds":"1.900","header":"Over"},{"goals":"9.5","odds":"1.900","header":"Under"}],"1st_half_asian_corners":[{"goals":"4.5","odds":"1.900","header":"Over"},{"goals":"4.5","odds":"1.900","header":"Under"}]}},"goals":{"updated_at":"1532570440","sp":{"goals_over_under":[{"goals":"2.5","odds":"1.85","header":"Over"},{"goals":"2.5","odds":"1.95","header":"Under"}],"alternative_total_goals":[{"goals":"0.5","odds":"1.05","header":"Over "},{"goals":"0.5","odds":"12.00","header":"Under"},{"goals":"1.5","odds":"1.25","header":"Over "},{"goals":"1.5","odds":"3.75","header":"Under"},{"goals":"3.5","odds":"3.25","header":"Over "},{"goals":"3.5","odds":"1.33","header":"Under"},{"goals":"4.5","odds":"6.00","header":"Over "},{"goals":"4.5","odds":"1.12","header":"Under"},{"goals":"5.5","odds":"13.00","header":"Over "},{"goals":"5.5","odds":"1.04","header":"Under"},{"goals":"6.5","odds":"26.00","header":"Over "},{"goals":"6.5","odds":"1.01","header":"Under"}],"result_total_goals":[{"opp":"FC Copenhagen & Over 2.5","odds":"2.60"},{"opp":"FC Copenhagen & Under 2.5","odds":"4.00"},{"opp":"Draw & Over 2.5","odds":"15.00"},{"opp":"Draw & Under  2.5","odds":"5.00"},{"opp":"AaB & Over 2.5","odds":"8.00"},{"opp":"AaB & Under 2.5","odds":"9.50"}],"total_goals_both_teams_to_score":[{"opp":"Over 2.5 & Yes","odds":"2.30"},{"opp":"Over 2.5 & No","odds":"7.00"},{"opp":"Under 2.5 & Yes","odds":"7.50"},{"opp":"Under 2.5 & No","odds":"2.38"}],"exact_total_goals":[{"opp":"0 Goals","odds":"12.00"},{"opp":"1 Goal","odds":"4.75"},{"opp":"2 Goals","odds":"3.75"},{"opp":"3 Goals","odds":"4.00"},{"opp":"4 Goals","odds":"6.00"},{"opp":"5 Goals","odds":"10.00"},{"opp":"6 Goals","odds":"21.00"},{"opp":"7+ Goals","odds":"26.00"}],"number_of_goals_in_match":[{"opp":"Under 2 goals","odds":"3.75"},{"opp":"2 or 3 goals","odds":"2.00"},{"opp":"Over 3 goals","odds":"3.25"}],"both_teams_to_score":[{"opp":"Yes","odds":"1.91"},{"opp":"No","odds":"1.91"}],"teams_to_score":[{"opp":"Both Teams","odds":"1.91"},{"opp":"FC Copenhagen Only","odds":"2.62"},{"opp":"No Goal","odds":"12.00"},{"opp":"AaB Only","odds":"8.00"}],"both_teams_to_score_in_1st_half":[{"opp":"Yes","odds":"5.00"},{"opp":"No","odds":"1.17"}],"both_teams_to_score_in_2nd_half":[{"opp":"Yes","odds":"3.50"},{"opp":"No","odds":"1.29"}],"both_teams_to_score_1st_half_2nd_half":[{"opp":"Yes \/ Yes","odds":"17.00"},{"opp":"Yes \/ No","odds":"6.00"},{"opp":"No \/ Yes","odds":"4.00"},{"opp":"No \/ No","odds":"1.53"}],"first_half_goals":[{"goals":"0.5","odds":"1.36","header":"Over"},{"goals":"0.5","odds":"3.00","header":"Under"},{"goals":"1.5","odds":"2.75","header":"Over"},{"goals":"1.5","odds":"1.40","header":"Under"},{"goals":"2.5","odds":"7.00","header":"Over"},{"goals":"2.5","odds":"1.10","header":"Under"},{"goals":"3.5","odds":"21.00","header":"Over"},{"goals":"3.5","odds":"1.02","header":"Under"}],"exact_1st_half_goals":[{"opp":"0 Goals","odds":"3.00"},{"opp":"1 Goal","odds":"2.50"},{"opp":"2 Goals","odds":"4.00"},{"opp":"3 Goals","odds":"10.00"},{"opp":"4 Goals","odds":"29.00"},{"opp":"5+ Goals","odds":"51.00"}],"total_goal_minutes":[{"opp":"Over 145 minutes","odds":"2.20"},{"opp":"125 To 145 minutes inc.","odds":"8.50"},{"opp":"Under 125 minutes","odds":"1.83"}],"first_team_to_score":[{"opp":"FC Copenhagen","odds":"1.44"},{"opp":"No Goals","odds":"12.00"},{"opp":"AaB","odds":"3.00"}],"early_goal":[{"opp":"Goal before 28:00","odds":"1.83"},{"opp":"No Goal before 28:00","odds":"1.83"}],"late_goal":[{"opp":"Goal after 73:59","odds":"1.83"},{"opp":"No Goal after 73:59","odds":"1.83"}],"time_of_first_goal_brackets":[{"opp":"1-10","odds":"4.33"},{"opp":"11-20","odds":"5.00"},{"opp":"21-30","odds":"6.00"},{"opp":"31-40","odds":"7.00"},{"opp":"41-50","odds":"8.00"},{"opp":"51-60","odds":"13.00"},{"opp":"61-70","odds":"17.00"},{"opp":"71-80","odds":"19.00"},{"opp":"81 - Full Time","odds":"21.00"},{"opp":"No Goal","odds":"12.00"}],"2nd_half_goals":[{"goals":"0.5","odds":"1.22","header":"Over"},{"goals":"0.5","odds":"4.00","header":"Under"},{"goals":"1.5","odds":"2.00","header":"Over"},{"goals":"1.5","odds":"1.73","header":"Under"},{"goals":"2.5","odds":"4.33","header":"Over"},{"goals":"2.5","odds":"1.20","header":"Under"},{"goals":"3.5","odds":"11.00","header":"Over"},{"goals":"3.5","odds":"1.05","header":"Under"},{"goals":"4.5","odds":"26.00","header":"Over"},{"goals":"4.5","odds":"1.01","header":"Under"}],"exact_2nd_half_goals":[{"opp":"0 Goals","odds":"4.00"},{"opp":"1 Goal","odds":"2.75"},{"opp":"2 Goals","odds":"3.50"},{"opp":"3 Goals","odds":"6.50"},{"opp":"4 Goals","odds":"17.00"},{"opp":"5+ Goals","odds":"26.00"}],"half_with_most_goals":[{"opp":"1st Half","odds":"3.10"},{"opp":"2nd Half","odds":"2.05"},{"opp":"Tie","odds":"3.60"}],"home_team_highest_scoring_half":[{"opp":"FC Copenhagen - 1st Half","odds":"3.25"},{"opp":"FC Copenhagen - 2nd Half","odds":"2.25"},{"opp":"FC Copenhagen - Tie","odds":"2.75"}],"away_team_highest_scoring_half":[{"opp":"AaB - 1st Half","odds":"4.00"},{"opp":"AaB - 2nd Half","odds":"3.00"},{"opp":"AaB - Tie","odds":"1.91"}],"home_team_exact_goals":[{"opp":"FC Copenhagen - 0 Goals","odds":"5.50"},{"opp":"FC Copenhagen - 1 Goal","odds":"3.00"},{"opp":"FC Copenhagen - 2 Goals","odds":"3.40"},{"opp":"FC Copenhagen - 3+ Goals","odds":"3.40"}],"away_team_exact_goals":[{"opp":"AaB - 0 Goals","odds":"2.25"},{"opp":"AaB - 1 Goal","odds":"2.50"},{"opp":"AaB - 2 Goals","odds":"5.00"},{"opp":"AaB - 3+ Goals","odds":"13.00"}],"time_of_1st_team_goal":[{"opp":"FC Copenhagen - Goal before 41:00","odds":"1.83"},{"opp":"FC Copenhagen - No Goal before 41:00","odds":"1.83"},{"opp":"AaB - Goal before 76:00","odds":"1.83"},{"opp":"AaB - No Goal before 76:00","odds":"1.83"}],"goals_odd_even":[{"opp":"Even","odds":"1.90"},{"opp":"Odd","odds":"1.95"}],"home_team_odd_even_goals":[{"opp":"FC Copenhagen - Even","odds":"1.80"},{"opp":"FC Copenhagen - Odd","odds":"1.91"}],"away_team_odd_even_goals":[{"opp":"AaB - Even","odds":"1.62"},{"opp":"AaB - Odd","odds":"2.20"}],"1st_half_goals_odd_even":[{"opp":"Odd","odds":"2.10"},{"opp":"Even","odds":"1.73"}],"last_team_to_score":[{"opp":"FC Copenhagen","odds":"1.44"},{"opp":"No Goal","odds":"12.00"},{"opp":"AaB","odds":"3.00"}],"first_10_minutes_(00:00_09:59)":[{"name":"Goals","handicap":"0.5","odds":"4.33","header":"Over"},{"name":"Goals","handicap":"0.5","odds":"1.20","header":"Under"}]}},"half":{"updated_at":"1532570705","sp":{"half_time_result":[{"opp":"1","odds":"2.25"},{"opp":"X","odds":"2.25"},{"opp":"2","odds":"5.50"}],"half_time_double_chance":[{"opp":"1X","odds":"1.14"},{"opp":"X2","odds":"1.57"},{"opp":"12","odds":"1.57"}],"half_time_result_both_teams_to_score":[{"opp":"FC Copenhagen & Yes","odds":"15.00"},{"opp":"FC Copenhagen & No","odds":"2.50"},{"opp":"Draw & Yes","odds":"8.00"},{"opp":"Draw & No","odds":"2.88"},{"opp":"AaB & Yes","odds":"29.00"},{"opp":"AaB & No","odds":"5.50"}],"half_time_result_total_goals":[{"opp":"FC Copenhagen & Over 1.5","odds":"5.00"},{"opp":"FC Copenhagen & Under 1.5","odds":"3.50"},{"opp":"Draw & Over 1.5","odds":"8.00"},{"opp":"Draw & Under 1.5","odds":"3.00"},{"opp":"AaB & Over 1.5","odds":"17.00"},{"opp":"AaB & Under 1.5","odds":"6.50"}],"half_time_correct_score":[{"opp":"1-0","odds":"3.50","header":"Home"},{"opp":"0-0","odds":"3.00","header":"X"},{"opp":"1-0","odds":"6.50","header":"Away"},{"opp":"2-0","odds":"8.50","header":"Home"},{"opp":"1-1","odds":"8.50","header":"X"},{"opp":"2-0","odds":"29.00","header":"Away"},{"opp":"2-1","odds":"19.00","header":"Home"},{"opp":"2-2","odds":"51.00","header":"X"},{"opp":"2-1","odds":"34.00","header":"Away"},{"opp":"3-0","odds":"29.00","header":"Home"},{"opp":"3-0","odds":"101.00","header":"Away"},{"opp":"3-1","odds":"51.00","header":"Home"},{"opp":"3-1","odds":"126.00","header":"Away"},{"opp":"3-2","odds":"151.00","header":"Home"},{"opp":"3-2","odds":"301.00","header":"Away"},{"opp":"4-0","odds":"81.00","header":"Home"},{"opp":"4-1","odds":"151.00","header":"Home"},{"opp":"5-0","odds":"401.00","header":"Home"}],"both_teams_to_score_in_1st_half":[{"opp":"Yes","odds":"5.00"},{"opp":"No","odds":"1.17"}],"both_teams_to_score_in_2nd_half":[{"opp":"Yes","odds":"3.50"},{"opp":"No","odds":"1.29"}],"both_teams_to_score_1st_half_2nd_half":[{"opp":"Yes \/ Yes","odds":"17.00"},{"opp":"Yes \/ No","odds":"6.00"},{"opp":"No \/ Yes","odds":"4.00"},{"opp":"No \/ No","odds":"1.53"}],"1st_half_asian_handicap":[{"opp":"0.0, -0.5","odds":"1.825","header":"Home"},{"opp":"0.0, +0.5","odds":"1.975","header":"Away"}],"1st_half_goal_line":[{"goals":"1.0","odds":"1.850","header":"Over"},{"goals":"1.0","odds":"1.950","header":"Under"}],"alternative_1st_half_asian_handicap":[{"opp":"-1.5","odds":"6.250","header":"Home"},{"opp":"+1.5","odds":"1.120","header":"Away"},{"opp":"-1.0, -1.5","odds":"5.750","header":"Home"},{"opp":"+1.0, +1.5","odds":"1.140","header":"Away"},{"opp":"-1.0","odds":"4.650","header":"Home"},{"opp":"+1.0","odds":"1.180","header":"Away"},{"opp":"-0.5, -1.0","odds":"2.850","header":"Home"},{"opp":"+0.5, +1.0","odds":"1.400","header":"Away"},{"opp":"-0.5","odds":"2.250","header":"Home"},{"opp":"+0.5","odds":"1.625","header":"Away"},{"opp":"0.0","odds":"1.375","header":"Home"},{"opp":"0.0","odds":"3.000","header":"Away"},{"opp":"0.0, +0.5","odds":"1.230","header":"Home"},{"opp":"0.0, -0.5","odds":"4.000","header":"Away"},{"opp":"+0.5","odds":"1.170","header":"Home"},{"opp":"-0.5","odds":"5.000","header":"Away"}],"alternative_1st_half_goal_line":[{"goals":"0.5, 1.0","odds":"1.525","header":"Over"},{"goals":"0.5, 1.0","odds":"2.425","header":"Under"},{"goals":"1.0, 1.5","odds":"2.350","header":"Over"},{"goals":"1.0, 1.5","odds":"1.575","header":"Under"},{"goals":"1.5","odds":"2.750","header":"Over"},{"goals":"1.5","odds":"1.425","header":"Under"},{"goals":"1.5, 2.0","odds":"3.550","header":"Over"},{"goals":"1.5, 2.0","odds":"1.275","header":"Under"},{"goals":"2.0","odds":"5.900","header":"Over"},{"goals":"2.0","odds":"1.130","header":"Under"},{"goals":"2.0, 2.5","odds":"6.600","header":"Over"},{"goals":"2.0, 2.5","odds":"1.110","header":"Under"}],"1st_half_handicap":[{"opp":"FC Copenhagen  -1.0","odds":"6.00"},{"opp":"Tie - AaB +1.0","odds":"3.25"},{"opp":"AaB  +1.0","odds":"1.57"}],"alternative_1st_half_handicap_result":[{"opp":"-2.0","odds":"17.00","header":"Home"},{"opp":"+2.0","odds":"7.00","header":"Tie"},{"opp":"+2.0","odds":"1.10","header":"Away"},{"opp":"+1.0","odds":"1.14","header":"Home"},{"opp":"-1.0","odds":"5.50","header":"Tie"},{"opp":"-1.0","odds":"21.00","header":"Away"}],"first_half_goals":[{"goals":"0.5","odds":"1.36","header":"Over"},{"goals":"0.5","odds":"3.00","header":"Under"},{"goals":"1.5","odds":"2.75","header":"Over"},{"goals":"1.5","odds":"1.40","header":"Under"},{"goals":"2.5","odds":"7.00","header":"Over"},{"goals":"2.5","odds":"1.10","header":"Under"},{"goals":"3.5","odds":"21.00","header":"Over"},{"goals":"3.5","odds":"1.02","header":"Under"}],"exact_1st_half_goals":[{"opp":"0 Goals","odds":"3.00"},{"opp":"1 Goal","odds":"2.50"},{"opp":"2 Goals","odds":"4.00"},{"opp":"3 Goals","odds":"10.00"},{"opp":"4 Goals","odds":"29.00"},{"opp":"5+ Goals","odds":"51.00"}],"first_half_corners":[{"opp":"4","odds":"1.83","header":"Over"},{"opp":"4","odds":"5.00","header":"Exactly"},{"opp":"4","odds":"2.88","header":"Under"}],"1st_half_asian_corners":[{"goals":"4.5","odds":"1.900","header":"Over"},{"goals":"4.5","odds":"1.900","header":"Under"}],"1st_half_goals_odd_even":[{"opp":"Odd","odds":"2.10"},{"opp":"Even","odds":"1.73"}],"to_score_in_half":[{"name":"1st Half","odds":"1.73","header":"Yes"},{"name":"1st Half","odds":"2.00","header":"No"},{"name":"2nd Half","odds":"1.50","header":"Yes"},{"name":"2nd Half","odds":"2.50","header":"No"},{"name":"1st Half","odds":"2.75","header":"Yes"},{"name":"1st Half","odds":"1.40","header":"No"},{"name":"2nd Half","odds":"2.25","header":"Yes"},{"name":"2nd Half","odds":"1.57","header":"No"}],"half_with_most_goals":[{"opp":"1st Half","odds":"3.10"},{"opp":"2nd Half","odds":"2.05"},{"opp":"Tie","odds":"3.60"}],"home_team_highest_scoring_half":[{"opp":"FC Copenhagen - 1st Half","odds":"3.25"},{"opp":"FC Copenhagen - 2nd Half","odds":"2.25"},{"opp":"FC Copenhagen - Tie","odds":"2.75"}],"away_team_highest_scoring_half":[{"opp":"AaB - 1st Half","odds":"4.00"},{"opp":"AaB - 2nd Half","odds":"3.00"},{"opp":"AaB - Tie","odds":"1.91"}],"2nd_half_result":[{"opp":"1","odds":"1.95"},{"opp":"X","odds":"2.60"},{"opp":"2","odds":"4.75"}],"2nd_half_goals":[{"goals":"0.5","odds":"1.22","header":"Over"},{"goals":"0.5","odds":"4.00","header":"Under"},{"goals":"1.5","odds":"2.00","header":"Over"},{"goals":"1.5","odds":"1.73","header":"Under"},{"goals":"2.5","odds":"4.33","header":"Over"},{"goals":"2.5","odds":"1.20","header":"Under"},{"goals":"3.5","odds":"11.00","header":"Over"},{"goals":"3.5","odds":"1.05","header":"Under"},{"goals":"4.5","odds":"26.00","header":"Over"},{"goals":"4.5","odds":"1.01","header":"Under"}],"exact_2nd_half_goals":[{"opp":"0 Goals","odds":"4.00"},{"opp":"1 Goal","odds":"2.75"},{"opp":"2 Goals","odds":"3.50"},{"opp":"3 Goals","odds":"6.50"},{"opp":"4 Goals","odds":"17.00"},{"opp":"5+ Goals","odds":"26.00"}],"2nd_half_goals_odd_even":[{"opp":"Even","odds":"1.80"},{"opp":"Odd","odds":"1.91"}]}},"main":{"updated_at":"1532570390","sp":{"full_time_result":[{"opp":"1","odds":"1.60"},{"opp":"X","odds":"4.00"},{"opp":"2","odds":"5.00"}],"double_chance":[{"opp":"1X","odds":"1.17"},{"opp":"X2","odds":"2.25"},{"opp":"12","odds":"1.22"}],"correct_score":[{"opp":"1-0","odds":"7.00","header":"Home"},{"opp":"0-0","odds":"12.00","header":"X"},{"opp":"1-0","odds":"13.00","header":"Away"},{"opp":"2-0","odds":"7.50","header":"Home"},{"opp":"1-1","odds":"7.50","header":"X"},{"opp":"2-0","odds":"26.00","header":"Away"},{"opp":"2-1","odds":"8.00","header":"Home"},{"opp":"2-2","odds":"17.00","header":"X"},{"opp":"2-1","odds":"15.00","header":"Away"},{"opp":"3-0","odds":"12.00","header":"Home"},{"opp":"3-3","odds":"51.00","header":"X"},{"opp":"3-0","odds":"51.00","header":"Away"},{"opp":"3-1","odds":"13.00","header":"Home"},{"opp":"4-4","odds":"351.00","header":"X"},{"opp":"3-1","odds":"41.00","header":"Away"},{"opp":"3-2","odds":"26.00","header":"Home"},{"opp":"3-2","odds":"41.00","header":"Away"},{"opp":"4-0","odds":"23.00","header":"Home"},{"opp":"4-0","odds":"151.00","header":"Away"},{"opp":"4-1","odds":"26.00","header":"Home"},{"opp":"4-1","odds":"101.00","header":"Away"},{"opp":"4-2","odds":"41.00","header":"Home"},{"opp":"4-2","odds":"101.00","header":"Away"},{"opp":"4-3","odds":"101.00","header":"Home"},{"opp":"4-3","odds":"151.00","header":"Away"},{"opp":"5-0","odds":"51.00","header":"Home"},{"opp":"5-1","odds":"451.00","header":"Away"},{"opp":"5-1","odds":"51.00","header":"Home"},{"opp":"5-2","odds":"501.00","header":"Away"},{"opp":"5-2","odds":"81.00","header":"Home"},{"opp":"5-3","odds":"251.00","header":"Home"},{"opp":"6-1","odds":"126.00","header":"Home"},{"opp":"6-0","odds":"126.00","header":"Home"},{"opp":"6-2","odds":"251.00","header":"Home"},{"opp":"7-0","odds":"401.00","header":"Home"},{"opp":"7-1","odds":"451.00","header":"Home"}],"half_time_full_time":[{"opp":"FC Copenhagen - FC Copenhagen","odds":"2.50"},{"opp":"FC Copenhagen - Draw","odds":"15.00"},{"opp":"FC Copenhagen - AaB","odds":"41.00"},{"opp":"Draw - FC Copenhagen","odds":"4.33"},{"opp":"Draw - Draw","odds":"6.00"},{"opp":"Draw - AaB","odds":"11.00"},{"opp":"AaB - FC Copenhagen","odds":"21.00"},{"opp":"AaB - Draw","odds":"17.00"},{"opp":"AaB - AaB","odds":"9.00"}],"goals_over_under":[{"goals":"2.5","odds":"1.85","header":"Over"},{"goals":"2.5","odds":"1.95","header":"Under"}],"both_teams_to_score":[{"opp":"Yes","odds":"1.91"},{"opp":"No","odds":"1.91"}],"goalscorers":[{"name":"Dame N'Doye","odds":"5.50","header":"First"},{"name":"Dame N'Doye","odds":"5.50","header":"Last"},{"name":"Dame N'Doye","odds":"2.40","header":"Anytime"},{"name":"Kenan Kodro","odds":"6.00","header":"First"},{"name":"Kenan Kodro","odds":"6.00","header":"Last"},{"name":"Kenan Kodro","odds":"2.60","header":"Anytime"},{"name":"Bashkim Kadrii","odds":"6.50","header":"First"},{"name":"Bashkim Kadrii","odds":"6.50","header":"Last"},{"name":"Bashkim Kadrii","odds":"2.75","header":"Anytime"},{"name":"Viktor Fischer","odds":"6.50","header":"First"},{"name":"Viktor Fischer","odds":"6.50","header":"Last"},{"name":"Viktor Fischer","odds":"2.75","header":"Anytime"},{"name":"Carlo Holse","odds":"8.00","header":"First"},{"name":"Carlo Holse","odds":"8.00","header":"Last"},{"name":"Carlo Holse","odds":"3.25","header":"Anytime"},{"name":"Rasmus Falk Jensen","odds":"8.50","header":"First"},{"name":"Rasmus Falk Jensen","odds":"8.50","header":"Last"},{"name":"Rasmus Falk Jensen","odds":"3.50","header":"Anytime"},{"name":"Robert Skov","odds":"8.50","header":"First"},{"name":"Robert Skov","odds":"8.50","header":"Last"},{"name":"Robert Skov","odds":"3.50","header":"Anytime"},{"name":"Jannik Pohl","odds":"9.50","header":"First"},{"name":"Jannik Pohl","odds":"9.50","header":"Last"},{"name":"Jannik Pohl","odds":"3.75","header":"Anytime"},{"name":"Pavol Safranko","odds":"10.00","header":"First"},{"name":"Pavol Safranko","odds":"10.00","header":"Last"},{"name":"Pavol Safranko","odds":"4.00","header":"Anytime"},{"name":"Wessam Abou Ali","odds":"10.00","header":"First"},{"name":"Wessam Abou Ali","odds":"10.00","header":"Last"},{"name":"Wessam Abou Ali","odds":"4.00","header":"Anytime"},{"name":"Kasper Kusk","odds":"12.00","header":"First"},{"name":"Kasper Kusk","odds":"12.00","header":"Last"},{"name":"Kasper Kusk","odds":"4.75","header":"Anytime"},{"name":"Denis Vavro","odds":"13.00","header":"First"},{"name":"Denis Vavro","odds":"13.00","header":"Last"},{"name":"Denis Vavro","odds":"5.00","header":"Anytime"},{"name":"Jan Gregus","odds":"13.00","header":"First"},{"name":"Jan Gregus","odds":"13.00","header":"Last"},{"name":"Jan Gregus","odds":"5.00","header":"Anytime"},{"name":"Marco Ramkilde","odds":"13.00","header":"First"},{"name":"Marco Ramkilde","odds":"13.00","header":"Last"},{"name":"Marco Ramkilde","odds":"5.00","header":"Anytime"},{"name":"Nicolaj Thomsen","odds":"13.00","header":"First"},{"name":"Nicolaj Thomsen","odds":"13.00","header":"Last"},{"name":"Nicolaj Thomsen","odds":"5.00","header":"Anytime"},{"name":"Aboubakar Keita","odds":"17.00","header":"First"},{"name":"Aboubakar Keita","odds":"17.00","header":"Last"},{"name":"Aboubakar Keita","odds":"6.50","header":"Anytime"},{"name":"Edison Flores","odds":"17.00","header":"First"},{"name":"Edison Flores","odds":"17.00","header":"Last"},{"name":"Edison Flores","odds":"6.50","header":"Anytime"},{"name":"Fred Boersting","odds":"17.00","header":"First"},{"name":"Fred Boersting","odds":"17.00","header":"Last"},{"name":"Fred Boersting","odds":"6.50","header":"Anytime"},{"name":"Jose Carlos Zeca","odds":"17.00","header":"First"},{"name":"Jose Carlos Zeca","odds":"17.00","header":"Last"},{"name":"Jose Carlos Zeca","odds":"6.50","header":"Anytime"},{"name":"Kasper Risgard","odds":"19.00","header":"First"},{"name":"Kasper Risgard","odds":"19.00","header":"Last"},{"name":"Kasper Risgard","odds":"7.00","header":"Anytime"},{"name":"Peter Ankersen","odds":"19.00","header":"First"},{"name":"Peter Ankersen","odds":"19.00","header":"Last"},{"name":"Peter Ankersen","odds":"7.00","header":"Anytime"},{"name":"Rasmus Thellufsen","odds":"19.00","header":"First"},{"name":"Rasmus Thellufsen","odds":"19.00","header":"Last"},{"name":"Rasmus Thellufsen","odds":"7.00","header":"Anytime"},{"name":"William Kvist","odds":"21.00","header":"First"},{"name":"William Kvist","odds":"21.00","header":"Last"},{"name":"William Kvist","odds":"8.00","header":"Anytime"},{"name":"Filip Lesniak","odds":"23.00","header":"First"},{"name":"Filip Lesniak","odds":"23.00","header":"Last"},{"name":"Filip Lesniak","odds":"9.50","header":"Anytime"},{"name":"Magnus Christensen","odds":"23.00","header":"First"},{"name":"Magnus Christensen","odds":"23.00","header":"Last"},{"name":"Magnus Christensen","odds":"9.50","header":"Anytime"},{"name":"Patrick Kristensen","odds":"23.00","header":"First"},{"name":"Patrick Kristensen","odds":"23.00","header":"Last"},{"name":"Patrick Kristensen","odds":"9.50","header":"Anytime"},{"name":"Robert Kakeeto","odds":"23.00","header":"First"},{"name":"Robert Kakeeto","odds":"23.00","header":"Last"},{"name":"Robert Kakeeto","odds":"9.50","header":"Anytime"},{"name":"Andreas Bjelland","odds":"26.00","header":"First"},{"name":"Andreas Bjelland","odds":"26.00","header":"Last"},{"name":"Andreas Bjelland","odds":"10.00","header":"Anytime"},{"name":"Mads Rasmussen","odds":"26.00","header":"First"},{"name":"Mads Rasmussen","odds":"26.00","header":"Last"},{"name":"Mads Rasmussen","odds":"10.00","header":"Anytime"},{"name":"Sotirios Papagiannopoulos","odds":"26.00","header":"First"},{"name":"Sotirios Papagiannopoulos","odds":"26.00","header":"Last"},{"name":"Sotirios Papagiannopoulos","odds":"10.00","header":"Anytime"},{"name":"Michael Luftner","odds":"29.00","header":"First"},{"name":"Michael Luftner","odds":"29.00","header":"Last"},{"name":"Michael Luftner","odds":"12.00","header":"Anytime"},{"name":"Nicolai Boilesen","odds":"29.00","header":"First"},{"name":"Nicolai Boilesen","odds":"29.00","header":"Last"},{"name":"Nicolai Boilesen","odds":"12.00","header":"Anytime"},{"name":"Oliver Abildgaard","odds":"29.00","header":"First"},{"name":"Oliver Abildgaard","odds":"29.00","header":"Last"},{"name":"Oliver Abildgaard","odds":"12.00","header":"Anytime"},{"name":"Kasper Pedersen","odds":"34.00","header":"First"},{"name":"Kasper Pedersen","odds":"34.00","header":"Last"},{"name":"Kasper Pedersen","odds":"15.00","header":"Anytime"},{"name":"Nicolaj Lyngo","odds":"34.00","header":"First"},{"name":"Nicolaj Lyngo","odds":"34.00","header":"Last"},{"name":"Nicolaj Lyngo","odds":"15.00","header":"Anytime"},{"name":"Pierre Bengtsson","odds":"34.00","header":"First"},{"name":"Pierre Bengtsson","odds":"34.00","header":"Last"},{"name":"Pierre Bengtsson","odds":"15.00","header":"Anytime"},{"name":"Rasmus Wurtz","odds":"34.00","header":"First"},{"name":"Rasmus Wurtz","odds":"34.00","header":"Last"},{"name":"Rasmus Wurtz","odds":"15.00","header":"Anytime"},{"name":"Bardhec Bytyqi","odds":"41.00","header":"First"},{"name":"Bardhec Bytyqi","odds":"41.00","header":"Last"},{"name":"Bardhec Bytyqi","odds":"17.00","header":"Anytime"},{"name":"Jakob Ahlmann","odds":"41.00","header":"First"},{"name":"Jakob Ahlmann","odds":"41.00","header":"Last"},{"name":"Jakob Ahlmann","odds":"17.00","header":"Anytime"},{"name":"Jores Okore","odds":"41.00","header":"First"},{"name":"Jores Okore","odds":"41.00","header":"Last"},{"name":"Jores Okore","odds":"17.00","header":"Anytime"},{"name":"Mathias Andersen","odds":"41.00","header":"First"},{"name":"Mathias Andersen","odds":"41.00","header":"Last"},{"name":"Mathias Andersen","odds":"17.00","header":"Anytime"},{"name":"Anders Baertelsen","odds":"51.00","header":"First"},{"name":"Anders Baertelsen","odds":"51.00","header":"Last"},{"name":"Anders Baertelsen","odds":"21.00","header":"Anytime"},{"name":"Jakob Blabjerg","odds":"51.00","header":"First"},{"name":"Jakob Blabjerg","odds":"51.00","header":"Last"},{"name":"Jakob Blabjerg","odds":"21.00","header":"Anytime"},{"name":"Morten Rokkedal","odds":"51.00","header":"First"},{"name":"Morten Rokkedal","odds":"51.00","header":"Last"},{"name":"Morten Rokkedal","odds":"21.00","header":"Anytime"},{"name":"Kristoffer Pallesen","odds":"81.00","header":"First"},{"name":"Kristoffer Pallesen","odds":"81.00","header":"Last"},{"name":"Kristoffer Pallesen","odds":"29.00","header":"Anytime"},{"name":"No Goalscorer","odds":"12.00","header":"First"},{"name":"No Goalscorer","odds":"12.00","header":"Last"}],"multi_scorers":[{"name":"Dame N'Doye","odds":"8.50","header":"2 or More"},{"name":"Dame N'Doye","odds":"34.00","header":"3 or More"},{"name":"Kenan Kodro","odds":"9.50","header":"2 or More"},{"name":"Kenan Kodro","odds":"41.00","header":"3 or More"},{"name":"Bashkim Kadrii","odds":"11.00","header":"2 or More"},{"name":"Bashkim Kadrii","odds":"51.00","header":"3 or More"},{"name":"Viktor Fischer","odds":"11.00","header":"2 or More"},{"name":"Viktor Fischer","odds":"51.00","header":"3 or More"},{"name":"Carlo Holse","odds":"17.00","header":"2 or More"},{"name":"Carlo Holse","odds":"101.00","header":"3 or More"},{"name":"Rasmus Falk Jensen","odds":"19.00","header":"2 or More"},{"name":"Rasmus Falk Jensen","odds":"101.00","header":"3 or More"},{"name":"Robert Skov","odds":"19.00","header":"2 or More"},{"name":"Robert Skov","odds":"101.00","header":"3 or More"},{"name":"Jannik Pohl","odds":"21.00","header":"2 or More"},{"name":"Jannik Pohl","odds":"101.00","header":"3 or More"},{"name":"Pavol Safranko","odds":"23.00","header":"2 or More"},{"name":"Pavol Safranko","odds":"101.00","header":"3 or More"},{"name":"Wessam Abou Ali","odds":"23.00","header":"2 or More"},{"name":"Wessam Abou Ali","odds":"101.00","header":"3 or More"},{"name":"Kasper Kusk","odds":"34.00","header":"2 or More"},{"name":"Kasper Kusk","odds":"126.00","header":"3 or More"},{"name":"Denis Vavro","odds":"41.00","header":"2 or More"},{"name":"Denis Vavro","odds":"126.00","header":"3 or More"},{"name":"Jan Gregus","odds":"41.00","header":"2 or More"},{"name":"Jan Gregus","odds":"126.00","header":"3 or More"},{"name":"Marco Ramkilde","odds":"41.00","header":"2 or More"},{"name":"Marco Ramkilde","odds":"126.00","header":"3 or More"},{"name":"Nicolaj Thomsen","odds":"41.00","header":"2 or More"},{"name":"Nicolaj Thomsen","odds":"126.00","header":"3 or More"},{"name":"Aboubakar Keita","odds":"51.00","header":"2 or More"},{"name":"Aboubakar Keita","odds":"201.00","header":"3 or More"},{"name":"Edison Flores","odds":"51.00","header":"2 or More"},{"name":"Edison Flores","odds":"201.00","header":"3 or More"},{"name":"Fred Boersting","odds":"51.00","header":"2 or More"},{"name":"Fred Boersting","odds":"201.00","header":"3 or More"},{"name":"Jose Carlos Zeca","odds":"51.00","header":"2 or More"},{"name":"Jose Carlos Zeca","odds":"201.00","header":"3 or More"},{"name":"Kasper Risgard","odds":"81.00","header":"2 or More"},{"name":"Kasper Risgard","odds":"251.00","header":"3 or More"},{"name":"Peter Ankersen","odds":"81.00","header":"2 or More"},{"name":"Peter Ankersen","odds":"251.00","header":"3 or More"},{"name":"Rasmus Thellufsen","odds":"81.00","header":"2 or More"},{"name":"Rasmus Thellufsen","odds":"251.00","header":"3 or More"},{"name":"Andreas Bjelland","odds":"101.00","header":"2 or More"},{"name":"Andreas Bjelland","odds":"501.00","header":"3 or More"},{"name":"Filip Lesniak","odds":"101.00","header":"2 or More"},{"name":"Filip Lesniak","odds":"451.00","header":"3 or More"},{"name":"Mads Rasmussen","odds":"101.00","header":"2 or More"},{"name":"Mads Rasmussen","odds":"501.00","header":"3 or More"},{"name":"Magnus Christensen","odds":"101.00","header":"2 or More"},{"name":"Magnus Christensen","odds":"451.00","header":"3 or More"},{"name":"Michael Luftner","odds":"101.00","header":"2 or More"},{"name":"Michael Luftner","odds":"501.00","header":"3 or More"},{"name":"Nicolai Boilesen","odds":"101.00","header":"2 or More"},{"name":"Nicolai Boilesen","odds":"501.00","header":"3 or More"},{"name":"Oliver Abildgaard","odds":"101.00","header":"2 or More"},{"name":"Oliver Abildgaard","odds":"501.00","header":"3 or More"},{"name":"Patrick Kristensen","odds":"101.00","header":"2 or More"},{"name":"Patrick Kristensen","odds":"451.00","header":"3 or More"},{"name":"Robert Kakeeto","odds":"101.00","header":"2 or More"},{"name":"Robert Kakeeto","odds":"451.00","header":"3 or More"},{"name":"Sotirios Papagiannopoulos","odds":"101.00","header":"2 or More"},{"name":"Sotirios Papagiannopoulos","odds":"501.00","header":"3 or More"},{"name":"William Kvist","odds":"101.00","header":"2 or More"},{"name":"William Kvist","odds":"301.00","header":"3 or More"},{"name":"Kasper Pedersen","odds":"126.00","header":"2 or More"},{"name":"Kasper Pedersen","odds":"501.00","header":"3 or More"},{"name":"Nicolaj Lyngo","odds":"126.00","header":"2 or More"},{"name":"Nicolaj Lyngo","odds":"501.00","header":"3 or More"},{"name":"Pierre Bengtsson","odds":"126.00","header":"2 or More"},{"name":"Pierre Bengtsson","odds":"501.00","header":"3 or More"},{"name":"Rasmus Wurtz","odds":"126.00","header":"2 or More"},{"name":"Rasmus Wurtz","odds":"501.00","header":"3 or More"},{"name":"Bardhec Bytyqi","odds":"151.00","header":"2 or More"},{"name":"Bardhec Bytyqi","odds":"501.00","header":"3 or More"},{"name":"Jakob Ahlmann","odds":"151.00","header":"2 or More"},{"name":"Jakob Ahlmann","odds":"501.00","header":"3 or More"},{"name":"Jores Okore","odds":"151.00","header":"2 or More"},{"name":"Jores Okore","odds":"501.00","header":"3 or More"},{"name":"Mathias Andersen","odds":"151.00","header":"2 or More"},{"name":"Mathias Andersen","odds":"501.00","header":"3 or More"},{"name":"Anders Baertelsen","odds":"201.00","header":"2 or More"},{"name":"Anders Baertelsen","odds":"501.00","header":"3 or More"},{"name":"Jakob Blabjerg","odds":"201.00","header":"2 or More"},{"name":"Jakob Blabjerg","odds":"501.00","header":"3 or More"},{"name":"Morten Rokkedal","odds":"201.00","header":"2 or More"},{"name":"Morten Rokkedal","odds":"501.00","header":"3 or More"},{"name":"Kristoffer Pallesen","odds":"351.00","header":"2 or More"},{"name":"Kristoffer Pallesen","odds":"501.00","header":"3 or More"}],"asian_handicap":[{"opp":"-0.5, -1.0","odds":"1.870","header":"Home"},{"opp":"+0.5, +1.0","odds":"2.030","header":"Away"}],"goal_line":[{"goals":"2.5","odds":"1.900","header":"Over"},{"goals":"2.5","odds":"1.950","header":"Under"}],"alternative_asian_handicap":[{"opp":"-2.5","odds":"5.750","header":"Home"},{"opp":"+2.5","odds":"1.140","header":"Away"},{"opp":"-2.0, -2.5","odds":"5.250","header":"Home"},{"opp":"+2.0, +2.5","odds":"1.160","header":"Away"},{"opp":"-2.0","odds":"4.650","header":"Home"},{"opp":"+2.0","odds":"1.180","header":"Away"},{"opp":"-1.5, -2.0","odds":"3.450","header":"Home"},{"opp":"+1.5, +2.0","odds":"1.300","header":"Away"},{"opp":"-1.5","odds":"2.750","header":"Home"},{"opp":"+1.5","odds":"1.425","header":"Away"},{"opp":"-1.0, -1.5","odds":"2.425","header":"Home"},{"opp":"+1.0, +1.5","odds":"1.525","header":"Away"},{"opp":"-1.0","odds":"2.100","header":"Home"},{"opp":"+1.0","odds":"1.700","header":"Away"},{"opp":"-0.5","odds":"1.650","header":"Home"},{"opp":"+0.5","odds":"2.200","header":"Away"},{"opp":"0.0, -0.5","odds":"1.450","header":"Home"},{"opp":"0.0, +0.5","odds":"2.675","header":"Away"},{"opp":"0.0","odds":"1.275","header":"Home"},{"opp":"0.0","odds":"3.550","header":"Away"},{"opp":"0.0, +0.5","odds":"1.230","header":"Home"},{"opp":"0.0, -0.5","odds":"4.000","header":"Away"},{"opp":"+0.5","odds":"1.200","header":"Home"},{"opp":"-0.5","odds":"4.400","header":"Away"},{"opp":"+0.5, +1.0","odds":"1.125","header":"Home"},{"opp":"-0.5, -1.0","odds":"6.000","header":"Away"}],"alternative_goal_line":[{"goals":"1.0, 1.5","odds":"1.175","header":"Over"},{"goals":"1.0, 1.5","odds":"4.800","header":"Under"},{"goals":"1.5","odds":"1.275","header":"Over"},{"goals":"1.5","odds":"3.550","header":"Under"},{"goals":"1.5, 2.0","odds":"1.350","header":"Over"},{"goals":"1.5, 2.0","odds":"3.100","header":"Under"},{"goals":"2.0","odds":"1.425","header":"Over"},{"goals":"2.0","odds":"2.750","header":"Under"},{"goals":"2.0, 2.5","odds":"1.650","header":"Over"},{"goals":"2.0, 2.5","odds":"2.200","header":"Under"},{"goals":"2.5, 3.0","odds":"2.100","header":"Over"},{"goals":"2.5, 3.0","odds":"1.700","header":"Under"},{"goals":"3.0","odds":"2.500","header":"Over"},{"goals":"3.0","odds":"1.500","header":"Under"},{"goals":"3.0, 3.5","odds":"2.850","header":"Over"},{"goals":"3.0, 3.5","odds":"1.400","header":"Under"},{"goals":"3.5","odds":"3.300","header":"Over"},{"goals":"3.5","odds":"1.325","header":"Under"},{"goals":"3.5, 4.0","odds":"3.900","header":"Over"},{"goals":"3.5, 4.0","odds":"1.240","header":"Under"},{"goals":"4.0","odds":"5.500","header":"Over"},{"goals":"4.0","odds":"1.150","header":"Under"},{"goals":"4.0, 4.5","odds":"5.900","header":"Over"},{"goals":"4.0, 4.5","odds":"1.130","header":"Under"},{"goals":"4.5","odds":"6.250","header":"Over"},{"goals":"4.5","odds":"1.120","header":"Under"}],"draw_no_bet":[{"opp":"FC Copenhagen","odds":"1.29"},{"opp":"AaB","odds":"3.50"}],"result_both_teams_to_score":[{"name":"FC Copenhagen","odds":"3.60","header":"Yes"},{"name":"FC Copenhagen","odds":"2.75","header":"No"},{"name":"AaB","odds":"9.00","header":"Yes"},{"name":"AaB","odds":"8.50","header":"No"},{"name":"Draw","odds":"5.50","header":"Yes"},{"name":"Draw","odds":"12.00","header":"No"}],"handicap_result":[{"opp":"FC Copenhagen (-1)","odds":"2.62"},{"opp":"Tie - (AaB +1)","odds":"3.50"},{"opp":"AaB (+1)","odds":"2.25"}],"alternative_handicap_result":[{"opp":"-3.0","odds":"11.00","header":"Home"},{"opp":"+3.0","odds":"8.00","header":"Tie"},{"opp":"+3.0","odds":"1.11","header":"Away"},{"opp":"-2.0","odds":"5.50","header":"Home"},{"opp":"+2.0","odds":"4.50","header":"Tie"},{"opp":"+2.0","odds":"1.40","header":"Away"},{"opp":"+1.0","odds":"1.17","header":"Home"},{"opp":"-1.0","odds":"6.00","header":"Tie"},{"opp":"-1.0","odds":"11.00","header":"Away"},{"opp":"+2.0","odds":"1.04","header":"Home"},{"opp":"-2.0","odds":"13.00","header":"Tie"},{"opp":"-2.0","odds":"19.00","header":"Away"}],"winning_margin":[{"goals":" 1","odds":"3.50","header":"Home"},{"goals":" 1","odds":"6.00","header":"Away"},{"goals":" 2","odds":"4.50","header":"Home"},{"goals":" 2","odds":"13.00","header":"Away"},{"goals":" 3","odds":"8.00","header":"Home"},{"goals":" 3","odds":"41.00","header":"Away"},{"goals":" 4+","odds":"11.00","header":"Home"},{"goals":" 4+","odds":"126.00","header":"Away"},{"goals":"Score Draw","odds":"5.50","header":"Home"},{"goals":"No Goal","odds":"12.00","header":"Home"}]}},"player":{"updated_at":"1532571221","sp":{"goalscorers":[{"name":"Dame N'Doye","odds":"5.50","header":"First"},{"name":"Dame N'Doye","odds":"5.50","header":"Last"},{"name":"Dame N'Doye","odds":"2.40","header":"Anytime"},{"name":"Kenan Kodro","odds":"6.00","header":"First"},{"name":"Kenan Kodro","odds":"6.00","header":"Last"},{"name":"Kenan Kodro","odds":"2.60","header":"Anytime"},{"name":"Bashkim Kadrii","odds":"6.50","header":"First"},{"name":"Bashkim Kadrii","odds":"6.50","header":"Last"},{"name":"Bashkim Kadrii","odds":"2.75","header":"Anytime"},{"name":"Viktor Fischer","odds":"6.50","header":"First"},{"name":"Viktor Fischer","odds":"6.50","header":"Last"},{"name":"Viktor Fischer","odds":"2.75","header":"Anytime"},{"name":"Carlo Holse","odds":"8.00","header":"First"},{"name":"Carlo Holse","odds":"8.00","header":"Last"},{"name":"Carlo Holse","odds":"3.25","header":"Anytime"},{"name":"Rasmus Falk Jensen","odds":"8.50","header":"First"},{"name":"Rasmus Falk Jensen","odds":"8.50","header":"Last"},{"name":"Rasmus Falk Jensen","odds":"3.50","header":"Anytime"},{"name":"Robert Skov","odds":"8.50","header":"First"},{"name":"Robert Skov","odds":"8.50","header":"Last"},{"name":"Robert Skov","odds":"3.50","header":"Anytime"},{"name":"Jannik Pohl","odds":"9.50","header":"First"},{"name":"Jannik Pohl","odds":"9.50","header":"Last"},{"name":"Jannik Pohl","odds":"3.75","header":"Anytime"},{"name":"Pavol Safranko","odds":"10.00","header":"First"},{"name":"Pavol Safranko","odds":"10.00","header":"Last"},{"name":"Pavol Safranko","odds":"4.00","header":"Anytime"},{"name":"Wessam Abou Ali","odds":"10.00","header":"First"},{"name":"Wessam Abou Ali","odds":"10.00","header":"Last"},{"name":"Wessam Abou Ali","odds":"4.00","header":"Anytime"},{"name":"Kasper Kusk","odds":"12.00","header":"First"},{"name":"Kasper Kusk","odds":"12.00","header":"Last"},{"name":"Kasper Kusk","odds":"4.75","header":"Anytime"},{"name":"Denis Vavro","odds":"13.00","header":"First"},{"name":"Denis Vavro","odds":"13.00","header":"Last"},{"name":"Denis Vavro","odds":"5.00","header":"Anytime"},{"name":"Jan Gregus","odds":"13.00","header":"First"},{"name":"Jan Gregus","odds":"13.00","header":"Last"},{"name":"Jan Gregus","odds":"5.00","header":"Anytime"},{"name":"Marco Ramkilde","odds":"13.00","header":"First"},{"name":"Marco Ramkilde","odds":"13.00","header":"Last"},{"name":"Marco Ramkilde","odds":"5.00","header":"Anytime"},{"name":"Nicolaj Thomsen","odds":"13.00","header":"First"},{"name":"Nicolaj Thomsen","odds":"13.00","header":"Last"},{"name":"Nicolaj Thomsen","odds":"5.00","header":"Anytime"},{"name":"Aboubakar Keita","odds":"17.00","header":"First"},{"name":"Aboubakar Keita","odds":"17.00","header":"Last"},{"name":"Aboubakar Keita","odds":"6.50","header":"Anytime"},{"name":"Edison Flores","odds":"17.00","header":"First"},{"name":"Edison Flores","odds":"17.00","header":"Last"},{"name":"Edison Flores","odds":"6.50","header":"Anytime"},{"name":"Fred Boersting","odds":"17.00","header":"First"},{"name":"Fred Boersting","odds":"17.00","header":"Last"},{"name":"Fred Boersting","odds":"6.50","header":"Anytime"},{"name":"Jose Carlos Zeca","odds":"17.00","header":"First"},{"name":"Jose Carlos Zeca","odds":"17.00","header":"Last"},{"name":"Jose Carlos Zeca","odds":"6.50","header":"Anytime"},{"name":"Kasper Risgard","odds":"19.00","header":"First"},{"name":"Kasper Risgard","odds":"19.00","header":"Last"},{"name":"Kasper Risgard","odds":"7.00","header":"Anytime"},{"name":"Peter Ankersen","odds":"19.00","header":"First"},{"name":"Peter Ankersen","odds":"19.00","header":"Last"},{"name":"Peter Ankersen","odds":"7.00","header":"Anytime"},{"name":"Rasmus Thellufsen","odds":"19.00","header":"First"},{"name":"Rasmus Thellufsen","odds":"19.00","header":"Last"},{"name":"Rasmus Thellufsen","odds":"7.00","header":"Anytime"},{"name":"William Kvist","odds":"21.00","header":"First"},{"name":"William Kvist","odds":"21.00","header":"Last"},{"name":"William Kvist","odds":"8.00","header":"Anytime"},{"name":"Filip Lesniak","odds":"23.00","header":"First"},{"name":"Filip Lesniak","odds":"23.00","header":"Last"},{"name":"Filip Lesniak","odds":"9.50","header":"Anytime"},{"name":"Magnus Christensen","odds":"23.00","header":"First"},{"name":"Magnus Christensen","odds":"23.00","header":"Last"},{"name":"Magnus Christensen","odds":"9.50","header":"Anytime"},{"name":"Patrick Kristensen","odds":"23.00","header":"First"},{"name":"Patrick Kristensen","odds":"23.00","header":"Last"},{"name":"Patrick Kristensen","odds":"9.50","header":"Anytime"},{"name":"Robert Kakeeto","odds":"23.00","header":"First"},{"name":"Robert Kakeeto","odds":"23.00","header":"Last"},{"name":"Robert Kakeeto","odds":"9.50","header":"Anytime"},{"name":"Andreas Bjelland","odds":"26.00","header":"First"},{"name":"Andreas Bjelland","odds":"26.00","header":"Last"},{"name":"Andreas Bjelland","odds":"10.00","header":"Anytime"},{"name":"Mads Rasmussen","odds":"26.00","header":"First"},{"name":"Mads Rasmussen","odds":"26.00","header":"Last"},{"name":"Mads Rasmussen","odds":"10.00","header":"Anytime"},{"name":"Sotirios Papagiannopoulos","odds":"26.00","header":"First"},{"name":"Sotirios Papagiannopoulos","odds":"26.00","header":"Last"},{"name":"Sotirios Papagiannopoulos","odds":"10.00","header":"Anytime"},{"name":"Michael Luftner","odds":"29.00","header":"First"},{"name":"Michael Luftner","odds":"29.00","header":"Last"},{"name":"Michael Luftner","odds":"12.00","header":"Anytime"},{"name":"Nicolai Boilesen","odds":"29.00","header":"First"},{"name":"Nicolai Boilesen","odds":"29.00","header":"Last"},{"name":"Nicolai Boilesen","odds":"12.00","header":"Anytime"},{"name":"Oliver Abildgaard","odds":"29.00","header":"First"},{"name":"Oliver Abildgaard","odds":"29.00","header":"Last"},{"name":"Oliver Abildgaard","odds":"12.00","header":"Anytime"},{"name":"Kasper Pedersen","odds":"34.00","header":"First"},{"name":"Kasper Pedersen","odds":"34.00","header":"Last"},{"name":"Kasper Pedersen","odds":"15.00","header":"Anytime"},{"name":"Nicolaj Lyngo","odds":"34.00","header":"First"},{"name":"Nicolaj Lyngo","odds":"34.00","header":"Last"},{"name":"Nicolaj Lyngo","odds":"15.00","header":"Anytime"},{"name":"Pierre Bengtsson","odds":"34.00","header":"First"},{"name":"Pierre Bengtsson","odds":"34.00","header":"Last"},{"name":"Pierre Bengtsson","odds":"15.00","header":"Anytime"},{"name":"Rasmus Wurtz","odds":"34.00","header":"First"},{"name":"Rasmus Wurtz","odds":"34.00","header":"Last"},{"name":"Rasmus Wurtz","odds":"15.00","header":"Anytime"},{"name":"Bardhec Bytyqi","odds":"41.00","header":"First"},{"name":"Bardhec Bytyqi","odds":"41.00","header":"Last"},{"name":"Bardhec Bytyqi","odds":"17.00","header":"Anytime"},{"name":"Jakob Ahlmann","odds":"41.00","header":"First"},{"name":"Jakob Ahlmann","odds":"41.00","header":"Last"},{"name":"Jakob Ahlmann","odds":"17.00","header":"Anytime"},{"name":"Jores Okore","odds":"41.00","header":"First"},{"name":"Jores Okore","odds":"41.00","header":"Last"},{"name":"Jores Okore","odds":"17.00","header":"Anytime"},{"name":"Mathias Andersen","odds":"41.00","header":"First"},{"name":"Mathias Andersen","odds":"41.00","header":"Last"},{"name":"Mathias Andersen","odds":"17.00","header":"Anytime"},{"name":"Anders Baertelsen","odds":"51.00","header":"First"},{"name":"Anders Baertelsen","odds":"51.00","header":"Last"},{"name":"Anders Baertelsen","odds":"21.00","header":"Anytime"},{"name":"Jakob Blabjerg","odds":"51.00","header":"First"},{"name":"Jakob Blabjerg","odds":"51.00","header":"Last"},{"name":"Jakob Blabjerg","odds":"21.00","header":"Anytime"},{"name":"Morten Rokkedal","odds":"51.00","header":"First"},{"name":"Morten Rokkedal","odds":"51.00","header":"Last"},{"name":"Morten Rokkedal","odds":"21.00","header":"Anytime"},{"name":"Kristoffer Pallesen","odds":"81.00","header":"First"},{"name":"Kristoffer Pallesen","odds":"81.00","header":"Last"},{"name":"Kristoffer Pallesen","odds":"29.00","header":"Anytime"},{"name":"No Goalscorer","odds":"12.00","header":"First"},{"name":"No Goalscorer","odds":"12.00","header":"Last"}],"multi_scorers":[{"name":"Dame N'Doye","odds":"8.50","header":"2 or More"},{"name":"Dame N'Doye","odds":"34.00","header":"3 or More"},{"name":"Kenan Kodro","odds":"9.50","header":"2 or More"},{"name":"Kenan Kodro","odds":"41.00","header":"3 or More"},{"name":"Bashkim Kadrii","odds":"11.00","header":"2 or More"},{"name":"Bashkim Kadrii","odds":"51.00","header":"3 or More"},{"name":"Viktor Fischer","odds":"11.00","header":"2 or More"},{"name":"Viktor Fischer","odds":"51.00","header":"3 or More"},{"name":"Carlo Holse","odds":"17.00","header":"2 or More"},{"name":"Carlo Holse","odds":"101.00","header":"3 or More"},{"name":"Rasmus Falk Jensen","odds":"19.00","header":"2 or More"},{"name":"Rasmus Falk Jensen","odds":"101.00","header":"3 or More"},{"name":"Robert Skov","odds":"19.00","header":"2 or More"},{"name":"Robert Skov","odds":"101.00","header":"3 or More"},{"name":"Jannik Pohl","odds":"21.00","header":"2 or More"},{"name":"Jannik Pohl","odds":"101.00","header":"3 or More"},{"name":"Pavol Safranko","odds":"23.00","header":"2 or More"},{"name":"Pavol Safranko","odds":"101.00","header":"3 or More"},{"name":"Wessam Abou Ali","odds":"23.00","header":"2 or More"},{"name":"Wessam Abou Ali","odds":"101.00","header":"3 or More"},{"name":"Kasper Kusk","odds":"34.00","header":"2 or More"},{"name":"Kasper Kusk","odds":"126.00","header":"3 or More"},{"name":"Denis Vavro","odds":"41.00","header":"2 or More"},{"name":"Denis Vavro","odds":"126.00","header":"3 or More"},{"name":"Jan Gregus","odds":"41.00","header":"2 or More"},{"name":"Jan Gregus","odds":"126.00","header":"3 or More"},{"name":"Marco Ramkilde","odds":"41.00","header":"2 or More"},{"name":"Marco Ramkilde","odds":"126.00","header":"3 or More"},{"name":"Nicolaj Thomsen","odds":"41.00","header":"2 or More"},{"name":"Nicolaj Thomsen","odds":"126.00","header":"3 or More"},{"name":"Aboubakar Keita","odds":"51.00","header":"2 or More"},{"name":"Aboubakar Keita","odds":"201.00","header":"3 or More"},{"name":"Edison Flores","odds":"51.00","header":"2 or More"},{"name":"Edison Flores","odds":"201.00","header":"3 or More"},{"name":"Fred Boersting","odds":"51.00","header":"2 or More"},{"name":"Fred Boersting","odds":"201.00","header":"3 or More"},{"name":"Jose Carlos Zeca","odds":"51.00","header":"2 or More"},{"name":"Jose Carlos Zeca","odds":"201.00","header":"3 or More"},{"name":"Kasper Risgard","odds":"81.00","header":"2 or More"},{"name":"Kasper Risgard","odds":"251.00","header":"3 or More"},{"name":"Peter Ankersen","odds":"81.00","header":"2 or More"},{"name":"Peter Ankersen","odds":"251.00","header":"3 or More"},{"name":"Rasmus Thellufsen","odds":"81.00","header":"2 or More"},{"name":"Rasmus Thellufsen","odds":"251.00","header":"3 or More"},{"name":"Andreas Bjelland","odds":"101.00","header":"2 or More"},{"name":"Andreas Bjelland","odds":"501.00","header":"3 or More"},{"name":"Filip Lesniak","odds":"101.00","header":"2 or More"},{"name":"Filip Lesniak","odds":"451.00","header":"3 or More"},{"name":"Mads Rasmussen","odds":"101.00","header":"2 or More"},{"name":"Mads Rasmussen","odds":"501.00","header":"3 or More"},{"name":"Magnus Christensen","odds":"101.00","header":"2 or More"},{"name":"Magnus Christensen","odds":"451.00","header":"3 or More"},{"name":"Michael Luftner","odds":"101.00","header":"2 or More"},{"name":"Michael Luftner","odds":"501.00","header":"3 or More"},{"name":"Nicolai Boilesen","odds":"101.00","header":"2 or More"},{"name":"Nicolai Boilesen","odds":"501.00","header":"3 or More"},{"name":"Oliver Abildgaard","odds":"101.00","header":"2 or More"},{"name":"Oliver Abildgaard","odds":"501.00","header":"3 or More"},{"name":"Patrick Kristensen","odds":"101.00","header":"2 or More"},{"name":"Patrick Kristensen","odds":"451.00","header":"3 or More"},{"name":"Robert Kakeeto","odds":"101.00","header":"2 or More"},{"name":"Robert Kakeeto","odds":"451.00","header":"3 or More"},{"name":"Sotirios Papagiannopoulos","odds":"101.00","header":"2 or More"},{"name":"Sotirios Papagiannopoulos","odds":"501.00","header":"3 or More"},{"name":"William Kvist","odds":"101.00","header":"2 or More"},{"name":"William Kvist","odds":"301.00","header":"3 or More"},{"name":"Kasper Pedersen","odds":"126.00","header":"2 or More"},{"name":"Kasper Pedersen","odds":"501.00","header":"3 or More"},{"name":"Nicolaj Lyngo","odds":"126.00","header":"2 or More"},{"name":"Nicolaj Lyngo","odds":"501.00","header":"3 or More"},{"name":"Pierre Bengtsson","odds":"126.00","header":"2 or More"},{"name":"Pierre Bengtsson","odds":"501.00","header":"3 or More"},{"name":"Rasmus Wurtz","odds":"126.00","header":"2 or More"},{"name":"Rasmus Wurtz","odds":"501.00","header":"3 or More"},{"name":"Bardhec Bytyqi","odds":"151.00","header":"2 or More"},{"name":"Bardhec Bytyqi","odds":"501.00","header":"3 or More"},{"name":"Jakob Ahlmann","odds":"151.00","header":"2 or More"},{"name":"Jakob Ahlmann","odds":"501.00","header":"3 or More"},{"name":"Jores Okore","odds":"151.00","header":"2 or More"},{"name":"Jores Okore","odds":"501.00","header":"3 or More"},{"name":"Mathias Andersen","odds":"151.00","header":"2 or More"},{"name":"Mathias Andersen","odds":"501.00","header":"3 or More"},{"name":"Anders Baertelsen","odds":"201.00","header":"2 or More"},{"name":"Anders Baertelsen","odds":"501.00","header":"3 or More"},{"name":"Jakob Blabjerg","odds":"201.00","header":"2 or More"},{"name":"Jakob Blabjerg","odds":"501.00","header":"3 or More"},{"name":"Morten Rokkedal","odds":"201.00","header":"2 or More"},{"name":"Morten Rokkedal","odds":"501.00","header":"3 or More"},{"name":"Kristoffer Pallesen","odds":"351.00","header":"2 or More"},{"name":"Kristoffer Pallesen","odds":"501.00","header":"3 or More"}],"team_goalscorer":[{"name":"Dame N'Doye","odds":"3.60","header":"First"},{"name":"Dame N'Doye","odds":"3.60","header":"Last"},{"name":"Kenan Kodro","odds":"3.75","header":"First"},{"name":"Kenan Kodro","odds":"3.75","header":"Last"},{"name":"Viktor Fischer","odds":"4.00","header":"First"},{"name":"Viktor Fischer","odds":"4.00","header":"Last"},{"name":"Bashkim Kadrii","odds":"4.33","header":"First"},{"name":"Bashkim Kadrii","odds":"4.33","header":"Last"},{"name":"Carlo Holse","odds":"5.00","header":"First"},{"name":"Carlo Holse","odds":"5.00","header":"Last"},{"name":"Rasmus Falk Jensen","odds":"5.50","header":"First"},{"name":"Rasmus Falk Jensen","odds":"5.50","header":"Last"},{"name":"Robert Skov","odds":"5.50","header":"First"},{"name":"Robert Skov","odds":"5.50","header":"Last"},{"name":"Denis Vavro","odds":"8.50","header":"First"},{"name":"Denis Vavro","odds":"8.50","header":"Last"},{"name":"Jan Gregus","odds":"8.50","header":"First"},{"name":"Jan Gregus","odds":"8.50","header":"Last"},{"name":"Nicolaj Thomsen","odds":"8.50","header":"First"},{"name":"Nicolaj Thomsen","odds":"8.50","header":"Last"},{"name":"Aboubakar Keita","odds":"10.00","header":"First"},{"name":"Aboubakar Keita","odds":"10.00","header":"Last"},{"name":"Jose Carlos Zeca","odds":"10.00","header":"First"},{"name":"Jose Carlos Zeca","odds":"10.00","header":"Last"},{"name":"Peter Ankersen","odds":"11.00","header":"First"},{"name":"Peter Ankersen","odds":"11.00","header":"Last"},{"name":"William Kvist","odds":"15.00","header":"First"},{"name":"William Kvist","odds":"15.00","header":"Last"},{"name":"Andreas Bjelland","odds":"17.00","header":"First"},{"name":"Andreas Bjelland","odds":"17.00","header":"Last"},{"name":"Mads Rasmussen","odds":"17.00","header":"First"},{"name":"Mads Rasmussen","odds":"17.00","header":"Last"},{"name":"Sotirios Papagiannopoulos","odds":"17.00","header":"First"},{"name":"Sotirios Papagiannopoulos","odds":"17.00","header":"Last"},{"name":"Michael Luftner","odds":"19.00","header":"First"},{"name":"Michael Luftner","odds":"19.00","header":"Last"},{"name":"Nicolai Boilesen","odds":"19.00","header":"First"},{"name":"Nicolai Boilesen","odds":"19.00","header":"Last"},{"name":"Pierre Bengtsson","odds":"23.00","header":"First"},{"name":"Pierre Bengtsson","odds":"23.00","header":"Last"},{"name":"No Goalscorer (FC Copenhagen)","odds":"5.50","header":"First"},{"name":"No Goalscorer (FC Copenhagen)","odds":"5.50","header":"Last"},{"name":"Jannik Pohl","odds":"4.75","header":"First"},{"name":"Jannik Pohl","odds":"4.75","header":"Last"},{"name":"Pavol Safranko","odds":"5.00","header":"First"},{"name":"Pavol Safranko","odds":"5.00","header":"Last"},{"name":"Wessam Abou Ali","odds":"5.00","header":"First"},{"name":"Wessam Abou Ali","odds":"5.00","header":"Last"},{"name":"Kasper Kusk","odds":"6.00","header":"First"},{"name":"Kasper Kusk","odds":"6.00","header":"Last"},{"name":"Marco Ramkilde","odds":"7.00","header":"First"},{"name":"Marco Ramkilde","odds":"7.00","header":"Last"},{"name":"Edison Flores","odds":"8.00","header":"First"},{"name":"Edison Flores","odds":"8.00","header":"Last"},{"name":"Fred Boersting","odds":"8.00","header":"First"},{"name":"Fred Boersting","odds":"8.00","header":"Last"},{"name":"Kasper Risgard","odds":"9.00","header":"First"},{"name":"Kasper Risgard","odds":"9.00","header":"Last"},{"name":"Rasmus Thellufsen","odds":"9.00","header":"First"},{"name":"Rasmus Thellufsen","odds":"9.00","header":"Last"},{"name":"Filip Lesniak","odds":"12.00","header":"First"},{"name":"Filip Lesniak","odds":"12.00","header":"Last"},{"name":"Magnus Christensen","odds":"12.00","header":"First"},{"name":"Magnus Christensen","odds":"12.00","header":"Last"},{"name":"Patrick Kristensen","odds":"12.00","header":"First"},{"name":"Patrick Kristensen","odds":"12.00","header":"Last"},{"name":"Robert Kakeeto","odds":"12.00","header":"First"},{"name":"Robert Kakeeto","odds":"12.00","header":"Last"},{"name":"Oliver Abildgaard","odds":"15.00","header":"First"},{"name":"Oliver Abildgaard","odds":"15.00","header":"Last"},{"name":"Kasper Pedersen","odds":"19.00","header":"First"},{"name":"Kasper Pedersen","odds":"19.00","header":"Last"},{"name":"Nicolaj Lyngo","odds":"19.00","header":"First"},{"name":"Nicolaj Lyngo","odds":"19.00","header":"Last"},{"name":"Rasmus Wurtz","odds":"19.00","header":"First"},{"name":"Rasmus Wurtz","odds":"19.00","header":"Last"},{"name":"Bardhec Bytyqi","odds":"21.00","header":"First"},{"name":"Bardhec Bytyqi","odds":"21.00","header":"Last"},{"name":"Jakob Ahlmann","odds":"21.00","header":"First"},{"name":"Jakob Ahlmann","odds":"21.00","header":"Last"},{"name":"Jores Okore","odds":"21.00","header":"First"},{"name":"Jores Okore","odds":"21.00","header":"Last"},{"name":"Mathias Andersen","odds":"21.00","header":"First"},{"name":"Mathias Andersen","odds":"21.00","header":"Last"},{"name":"Anders Baertelsen","odds":"26.00","header":"First"},{"name":"Anders Baertelsen","odds":"26.00","header":"Last"},{"name":"Jakob Blabjerg","odds":"26.00","header":"First"},{"name":"Jakob Blabjerg","odds":"26.00","header":"Last"},{"name":"Morten Rokkedal","odds":"26.00","header":"First"},{"name":"Morten Rokkedal","odds":"26.00","header":"Last"},{"name":"Kristoffer Pallesen","odds":"41.00","header":"First"},{"name":"Kristoffer Pallesen","odds":"41.00","header":"Last"},{"name":"No Goalscorer (AaB)","odds":"2.25","header":"First"},{"name":"No Goalscorer (AaB)","odds":"2.25","header":"Last"}]}},"schedule":{"updated_at":"1532571095","sp":{"main":[{"odds":"1.900"},{"odds":"1.950"}]}},"specials":{"updated_at":"1532570723","sp":{"specials":[{"name":"To Win From Behind","odds":"8.00","header":"Home"},{"name":"To Win From Behind","odds":"17.00","header":"Away"},{"name":"To Win to Nil","odds":"2.75","header":"Home"},{"name":"To Win to Nil","odds":"8.50","header":"Away"},{"name":"To Win Either Half","odds":"1.36","header":"Home"},{"name":"To Win Either Half","odds":"2.75","header":"Away"},{"name":"To Win Both Halves","odds":"4.50","header":"Home"},{"name":"To Win Both Halves","odds":"26.00","header":"Away"},{"name":"To Score in Both Halves","odds":"2.62","header":"Home"},{"name":"To Score in Both Halves","odds":"6.50","header":"Away"}],"to_score_in_half":[{"name":"1st Half","odds":"1.73","header":"Yes"},{"name":"1st Half","odds":"2.00","header":"No"},{"name":"2nd Half","odds":"1.50","header":"Yes"},{"name":"2nd Half","odds":"2.50","header":"No"},{"name":"1st Half","odds":"2.75","header":"Yes"},{"name":"1st Half","odds":"1.40","header":"No"},{"name":"2nd Half","odds":"2.25","header":"Yes"},{"name":"2nd Half","odds":"1.57","header":"No"}],"own_goal":[{"opp":"Yes","odds":"11.00"},{"opp":"No","odds":"1.05"}]}}}]}}