{"odd":{"success":1,"results":[{"FI":"75228373","event_id":"721767","asian_lines":{"updated_at":"1532569593","sp":{"asian_handicap":[{"opp":"0.0","odds":"2.050","header":"Home"},{"opp":"0.0","odds":"1.800","header":"Away"}],"goal_line":[{"goals":"2.5, 3.0","odds":"1.950","header":"Over"},{"goals":"2.5, 3.0","odds":"1.900","header":"Under"}],"alternative_asian_handicap":[{"opp":"-1.5, -2.0","odds":"7.000","header":"Home"},{"opp":"+1.5, +2.0","odds":"1.100","header":"Away"},{"opp":"-1.5","odds":"5.500","header":"Home"},{"opp":"+1.5","odds":"1.150","header":"Away"},{"opp":"-1.0, -1.5","odds":"4.800","header":"Home"},{"opp":"+1.0, +1.5","odds":"1.175","header":"Away"},{"opp":"-1.0","odds":"4.400","header":"Home"},{"opp":"+1.0","odds":"1.200","header":"Away"},{"opp":"-0.5, -1.0","odds":"3.300","header":"Home"},{"opp":"+0.5, +1.0","odds":"1.325","header":"Away"},{"opp":"-0.5","odds":"2.675","header":"Home"},{"opp":"+0.5","odds":"1.450","header":"Away"},{"opp":"0.0, -0.5","odds":"2.350","header":"Home"},{"opp":"0.0, +0.5","odds":"1.575","header":"Away"},{"opp":"0.0, +0.5","odds":"1.725","header":"Home"},{"opp":"0.0, -0.5","odds":"2.075","header":"Away"},{"opp":"+0.5","odds":"1.550","header":"Home"},{"opp":"-0.5","odds":"2.375","header":"Away"},{"opp":"+0.5, +1.0","odds":"1.400","header":"Home"},{"opp":"-0.5, -1.0","odds":"2.850","header":"Away"},{"opp":"+1.0","odds":"1.260","header":"Home"},{"opp":"-1.0","odds":"3.700","header":"Away"},{"opp":"+1.0, +1.5","odds":"1.220","header":"Home"},{"opp":"-1.0, -1.5","odds":"4.150","header":"Away"},{"opp":"+1.5","odds":"1.190","header":"Home"},{"opp":"-1.5","odds":"4.500","header":"Away"},{"opp":"+1.5, +2.0","odds":"1.130","header":"Home"},{"opp":"-1.5, -2.0","odds":"5.900","header":"Away"}],"alternative_goal_line":[{"goals":"1.0, 1.5","odds":"1.140","header":"Over"},{"goals":"1.0, 1.5","odds":"5.750","header":"Under"},{"goals":"1.5","odds":"1.225","header":"Over"},{"goals":"1.5","odds":"4.100","header":"Under"},{"goals":"1.5, 2.0","odds":"1.275","header":"Over"},{"goals":"1.5, 2.0","odds":"3.550","header":"Under"},{"goals":"2.0","odds":"1.325","header":"Over"},{"goals":"2.0","odds":"3.300","header":"Under"},{"goals":"2.0, 2.5","odds":"1.525","header":"Over"},{"goals":"2.0, 2.5","odds":"2.425","header":"Under"},{"goals":"2.5","odds":"1.725","header":"Over"},{"goals":"2.5","odds":"2.075","header":"Under"},{"goals":"3.0","odds":"2.200","header":"Over"},{"goals":"3.0","odds":"1.650","header":"Under"},{"goals":"3.0, 3.5","odds":"2.425","header":"Over"},{"goals":"3.0, 3.5","odds":"1.525","header":"Under"},{"goals":"3.5","odds":"2.675","header":"Over"},{"goals":"3.5","odds":"1.450","header":"Under"},{"goals":"3.5, 4.0","odds":"3.300","header":"Over"},{"goals":"3.5, 4.0","odds":"1.325","header":"Under"},{"goals":"4.0","odds":"4.250","header":"Over"},{"goals":"4.0","odds":"1.210","header":"Under"},{"goals":"4.0, 4.5","odds":"4.500","header":"Over"},{"goals":"4.0, 4.5","odds":"1.190","header":"Under"},{"goals":"4.5","odds":"5.250","header":"Over"},{"goals":"4.5","odds":"1.160","header":"Under"},{"goals":"4.5, 5.0","odds":"6.400","header":"Over"},{"goals":"4.5, 5.0","odds":"1.115","header":"Under"}],"1st_half_asian_handicap":[{"opp":"0.0","odds":"1.975","header":"Home"},{"opp":"0.0","odds":"1.825","header":"Away"}],"1st_half_goal_line":[{"goals":"1.0","odds":"1.725","header":"Over"},{"goals":"1.0","odds":"2.075","header":"Under"}],"alternative_1st_half_asian_handicap":[{"opp":"-0.5, -1.0","odds":"4.250","header":"Home"},{"opp":"+0.5, +1.0","odds":"1.210","header":"Away"},{"opp":"-0.5","odds":"3.300","header":"Home"},{"opp":"+0.5","odds":"1.325","header":"Away"},{"opp":"0.0, -0.5","odds":"2.600","header":"Home"},{"opp":"0.0, +0.5","odds":"1.475","header":"Away"},{"opp":"0.0, +0.5","odds":"1.550","header":"Home"},{"opp":"0.0, -0.5","odds":"2.375","header":"Away"},{"opp":"+0.5","odds":"1.375","header":"Home"},{"opp":"-0.5","odds":"3.000","header":"Away"},{"opp":"+0.5, +1.0","odds":"1.230","header":"Home"},{"opp":"-0.5, -1.0","odds":"4.000","header":"Away"}],"alternative_1st_half_goal_line":[{"goals":"0.5, 1.0","odds":"1.475","header":"Over"},{"goals":"0.5, 1.0","odds":"2.600","header":"Under"},{"goals":"1.0, 1.5","odds":"2.150","header":"Over"},{"goals":"1.0, 1.5","odds":"1.675","header":"Under"},{"goals":"1.5","odds":"2.600","header":"Over"},{"goals":"1.5","odds":"1.475","header":"Under"},{"goals":"1.5, 2.0","odds":"3.300","header":"Over"},{"goals":"1.5, 2.0","odds":"1.325","header":"Under"},{"goals":"2.0","odds":"5.000","header":"Over"},{"goals":"2.0","odds":"1.170","header":"Under"},{"goals":"2.0, 2.5","odds":"5.750","header":"Over"},{"goals":"2.0, 2.5","odds":"1.140","header":"Under"},{"goals":"2.5","odds":"6.250","header":"Over"},{"goals":"2.5","odds":"1.120","header":"Under"}]}},"goals":{"updated_at":"1532570135","sp":{"goals_over_under":[{"goals":"2.5","odds":"1.73","header":"Over"},{"goals":"2.5","odds":"2.08","header":"Under"}],"alternative_total_goals":[{"goals":"0.5","odds":"1.01","header":"Over "},{"goals":"0.5","odds":"13.00","header":"Under"},{"goals":"1.5","odds":"1.22","header":"Over "},{"goals":"1.5","odds":"4.00","header":"Under"},{"goals":"3.5","odds":"2.62","header":"Over "},{"goals":"3.5","odds":"1.44","header":"Under"},{"goals":"4.5","odds":"4.50","header":"Over "},{"goals":"4.5","odds":"1.17","header":"Under"},{"goals":"5.5","odds":"8.00","header":"Over "},{"goals":"5.5","odds":"1.06","header":"Under"},{"goals":"6.5","odds":"12.00","header":"Over "},{"goals":"6.5","odds":"1.02","header":"Under"}],"result_total_goals":[{"opp":"IBV Vestmannaeyjar & Over 2.5","odds":"4.00"},{"opp":"IBV Vestmannaeyjar & Under 2.5","odds":"7.00"},{"opp":"Draw & Over 2.5","odds":"10.00"},{"opp":"Draw & Under  2.5","odds":"4.75"},{"opp":"KA Akureyri & Over 2.5","odds":"3.75"},{"opp":"KA Akureyri & Under 2.5","odds":"6.50"}],"total_goals_both_teams_to_score":[{"opp":"Over 2.5 & Yes","odds":"1.95"},{"opp":"Over 2.5 & No","odds":"9.50"},{"opp":"Under 2.5 & Yes","odds":"6.50"},{"opp":"Under 2.5 & No","odds":"2.75"}],"exact_total_goals":[{"opp":"0 Goals","odds":"13.00"},{"opp":"1 Goal","odds":"6.00"},{"opp":"2 Goals","odds":"3.75"},{"opp":"3 Goals","odds":"4.33"},{"opp":"4 Goals","odds":"5.00"},{"opp":"5 Goals","odds":"9.00"},{"opp":"6 Goals","odds":"17.00"},{"opp":"7+ Goals","odds":"12.00"}],"number_of_goals_in_match":[{"opp":"Under 2 goals","odds":"4.00"},{"opp":"2 or 3 goals","odds":"2.05"},{"opp":"Over 3 goals","odds":"2.62"}],"both_teams_to_score":[{"opp":"Yes","odds":"1.57"},{"opp":"No","odds":"2.25"}],"teams_to_score":[{"opp":"Both Teams","odds":"1.57"},{"opp":"IBV Vestmannaeyjar Only","odds":"5.00"},{"opp":"No Goal","odds":"13.00"},{"opp":"KA Akureyri Only","odds":"4.75"}],"both_teams_to_score_in_1st_half":[{"opp":"Yes","odds":"4.00"},{"opp":"No","odds":"1.22"}],"both_teams_to_score_in_2nd_half":[{"opp":"Yes","odds":"3.00"},{"opp":"No","odds":"1.36"}],"both_teams_to_score_1st_half_2nd_half":[{"opp":"Yes \/ Yes","odds":"12.00"},{"opp":"Yes \/ No","odds":"5.50"},{"opp":"No \/ Yes","odds":"3.50"},{"opp":"No \/ No","odds":"1.73"}],"first_half_goals":[{"goals":"0.5","odds":"1.33","header":"Over"},{"goals":"0.5","odds":"3.25","header":"Under"},{"goals":"1.5","odds":"2.50","header":"Over"},{"goals":"1.5","odds":"1.50","header":"Under"},{"goals":"2.5","odds":"6.50","header":"Over"},{"goals":"2.5","odds":"1.11","header":"Under"},{"goals":"3.5","odds":"17.00","header":"Over"},{"goals":"3.5","odds":"1.02","header":"Under"}],"exact_1st_half_goals":[{"opp":"0 Goals","odds":"3.25"},{"opp":"1 Goal","odds":"2.60"},{"opp":"2 Goals","odds":"4.00"},{"opp":"3 Goals","odds":"9.00"},{"opp":"4 Goals","odds":"23.00"},{"opp":"5+ Goals","odds":"41.00"}],"first_team_to_score":[{"opp":"IBV Vestmannaeyjar","odds":"2.05"},{"opp":"No Goals","odds":"13.00"},{"opp":"KA Akureyri","odds":"1.83"}],"2nd_half_goals":[{"goals":"0.5","odds":"1.18","header":"Over"},{"goals":"0.5","odds":"4.50","header":"Under"},{"goals":"1.5","odds":"1.83","header":"Over"},{"goals":"1.5","odds":"1.83","header":"Under"},{"goals":"2.5","odds":"3.75","header":"Over"},{"goals":"2.5","odds":"1.25","header":"Under"},{"goals":"3.5","odds":"9.00","header":"Over"},{"goals":"3.5","odds":"1.07","header":"Under"},{"goals":"4.5","odds":"21.00","header":"Over"},{"goals":"4.5","odds":"1.02","header":"Under"}],"exact_2nd_half_goals":[{"opp":"0 Goals","odds":"4.50"},{"opp":"1 Goal","odds":"3.00"},{"opp":"2 Goals","odds":"3.40"},{"opp":"3 Goals","odds":"6.00"},{"opp":"4 Goals","odds":"13.00"},{"opp":"5+ Goals","odds":"21.00"}],"half_with_most_goals":[{"opp":"1st Half","odds":"3.10"},{"opp":"2nd Half","odds":"2.00"},{"opp":"Tie","odds":"3.75"}],"home_team_highest_scoring_half":[{"opp":"IBV Vestmannaeyjar - 1st Half","odds":"3.50"},{"opp":"IBV Vestmannaeyjar - 2nd Half","odds":"2.40"},{"opp":"IBV Vestmannaeyjar - Tie","odds":"2.40"}],"away_team_highest_scoring_half":[{"opp":"KA Akureyri - 1st Half","odds":"3.40"},{"opp":"KA Akureyri - 2nd Half","odds":"2.40"},{"opp":"KA Akureyri - Tie","odds":"2.50"}],"home_team_exact_goals":[{"opp":"IBV Vestmannaeyjar - 0 Goals","odds":"3.75"},{"opp":"IBV Vestmannaeyjar - 1 Goal","odds":"2.62"},{"opp":"IBV Vestmannaeyjar - 2 Goals","odds":"3.60"},{"opp":"IBV Vestmannaeyjar - 3+ Goals","odds":"4.50"}],"away_team_exact_goals":[{"opp":"KA Akureyri - 0 Goals","odds":"3.75"},{"opp":"KA Akureyri - 1 Goal","odds":"2.75"},{"opp":"KA Akureyri - 2 Goals","odds":"3.60"},{"opp":"KA Akureyri - 3+ Goals","odds":"4.50"}],"goals_odd_even":[{"opp":"Even","odds":"1.90"},{"opp":"Odd","odds":"1.95"}],"home_team_odd_even_goals":[{"opp":"IBV Vestmannaeyjar - Even","odds":"1.80"},{"opp":"IBV Vestmannaeyjar - Odd","odds":"1.91"}],"away_team_odd_even_goals":[{"opp":"KA Akureyri - Even","odds":"1.80"},{"opp":"KA Akureyri - Odd","odds":"1.91"}],"1st_half_goals_odd_even":[{"opp":"Odd","odds":"2.10"},{"opp":"Even","odds":"1.73"}],"last_team_to_score":[{"opp":"IBV Vestmannaeyjar","odds":"2.05"},{"opp":"No Goal","odds":"13.00"},{"opp":"KA Akureyri","odds":"1.83"}]}},"half":{"updated_at":"1532570144","sp":{"half_time_result":[{"opp":"1","odds":"3.10"},{"opp":"X","odds":"2.25"},{"opp":"2","odds":"3.00"}],"half_time_double_chance":[{"opp":"1X","odds":"1.36"},{"opp":"X2","odds":"1.36"},{"opp":"12","odds":"1.57"}],"half_time_result_both_teams_to_score":[{"opp":"IBV Vestmannaeyjar & Yes","odds":"17.00"},{"opp":"IBV Vestmannaeyjar & No","odds":"3.60"},{"opp":"Draw & Yes","odds":"7.00"},{"opp":"Draw & No","odds":"3.10"},{"opp":"KA Akureyri & Yes","odds":"17.00"},{"opp":"KA Akureyri & No","odds":"3.50"}],"half_time_result_total_goals":[{"opp":"IBV Vestmannaeyjar & Over 1.5","odds":"7.50"},{"opp":"IBV Vestmannaeyjar & Under 1.5","odds":"4.75"},{"opp":"Draw & Over 1.5","odds":"7.00"},{"opp":"Draw & Under 1.5","odds":"3.25"},{"opp":"KA Akureyri & Over 1.5","odds":"7.00"},{"opp":"KA Akureyri & Under 1.5","odds":"4.75"}],"half_time_correct_score":[{"opp":"1-0","odds":"4.75","header":"Home"},{"opp":"0-0","odds":"3.25","header":"X"},{"opp":"1-0","odds":"4.75","header":"Away"},{"opp":"2-0","odds":"13.00","header":"Home"},{"opp":"1-1","odds":"7.50","header":"X"},{"opp":"2-0","odds":"13.00","header":"Away"},{"opp":"2-1","odds":"21.00","header":"Home"},{"opp":"2-2","odds":"51.00","header":"X"},{"opp":"2-1","odds":"21.00","header":"Away"},{"opp":"3-0","odds":"41.00","header":"Home"},{"opp":"3-0","odds":"41.00","header":"Away"},{"opp":"3-1","odds":"51.00","header":"Home"},{"opp":"3-1","odds":"51.00","header":"Away"},{"opp":"3-2","odds":"151.00","header":"Home"},{"opp":"3-2","odds":"151.00","header":"Away"},{"opp":"4-0","odds":"151.00","header":"Home"},{"opp":"4-0","odds":"126.00","header":"Away"}],"both_teams_to_score_in_1st_half":[{"opp":"Yes","odds":"4.00"},{"opp":"No","odds":"1.22"}],"both_teams_to_score_in_2nd_half":[{"opp":"Yes","odds":"3.00"},{"opp":"No","odds":"1.36"}],"both_teams_to_score_1st_half_2nd_half":[{"opp":"Yes \/ Yes","odds":"12.00"},{"opp":"Yes \/ No","odds":"5.50"},{"opp":"No \/ Yes","odds":"3.50"},{"opp":"No \/ No","odds":"1.73"}],"1st_half_asian_handicap":[{"opp":"0.0","odds":"1.975","header":"Home"},{"opp":"0.0","odds":"1.825","header":"Away"}],"1st_half_goal_line":[{"goals":"1.0","odds":"1.725","header":"Over"},{"goals":"1.0","odds":"2.075","header":"Under"}],"alternative_1st_half_asian_handicap":[{"opp":"-0.5, -1.0","odds":"4.250","header":"Home"},{"opp":"+0.5, +1.0","odds":"1.210","header":"Away"},{"opp":"-0.5","odds":"3.300","header":"Home"},{"opp":"+0.5","odds":"1.325","header":"Away"},{"opp":"0.0, -0.5","odds":"2.600","header":"Home"},{"opp":"0.0, +0.5","odds":"1.475","header":"Away"},{"opp":"0.0, +0.5","odds":"1.550","header":"Home"},{"opp":"0.0, -0.5","odds":"2.375","header":"Away"},{"opp":"+0.5","odds":"1.375","header":"Home"},{"opp":"-0.5","odds":"3.000","header":"Away"},{"opp":"+0.5, +1.0","odds":"1.230","header":"Home"},{"opp":"-0.5, -1.0","odds":"4.000","header":"Away"}],"alternative_1st_half_goal_line":[{"goals":"0.5, 1.0","odds":"1.475","header":"Over"},{"goals":"0.5, 1.0","odds":"2.600","header":"Under"},{"goals":"1.0, 1.5","odds":"2.150","header":"Over"},{"goals":"1.0, 1.5","odds":"1.675","header":"Under"},{"goals":"1.5","odds":"2.600","header":"Over"},{"goals":"1.5","odds":"1.475","header":"Under"},{"goals":"1.5, 2.0","odds":"3.300","header":"Over"},{"goals":"1.5, 2.0","odds":"1.325","header":"Under"},{"goals":"2.0","odds":"5.000","header":"Over"},{"goals":"2.0","odds":"1.170","header":"Under"},{"goals":"2.0, 2.5","odds":"5.750","header":"Over"},{"goals":"2.0, 2.5","odds":"1.140","header":"Under"},{"goals":"2.5","odds":"6.250","header":"Over"},{"goals":"2.5","odds":"1.120","header":"Under"}],"1st_half_handicap":[{"opp":"IBV Vestmannaeyjar  +1.0","odds":"1.36"},{"opp":"Tie - KA Akureyri -1.0","odds":"4.00"},{"opp":"KA Akureyri  -1.0","odds":"9.00"}],"alternative_1st_half_handicap_result":[{"opp":"-1.0","odds":"9.50","header":"Home"},{"opp":"+1.0","odds":"4.00","header":"Tie"},{"opp":"+1.0","odds":"1.36","header":"Away"},{"opp":"+2.0","odds":"1.06","header":"Home"},{"opp":"-2.0","odds":"10.00","header":"Tie"},{"opp":"-2.0","odds":"21.00","header":"Away"}],"first_half_goals":[{"goals":"0.5","odds":"1.33","header":"Over"},{"goals":"0.5","odds":"3.25","header":"Under"},{"goals":"1.5","odds":"2.50","header":"Over"},{"goals":"1.5","odds":"1.50","header":"Under"},{"goals":"2.5","odds":"6.50","header":"Over"},{"goals":"2.5","odds":"1.11","header":"Under"},{"goals":"3.5","odds":"17.00","header":"Over"},{"goals":"3.5","odds":"1.02","header":"Under"}],"exact_1st_half_goals":[{"opp":"0 Goals","odds":"3.25"},{"opp":"1 Goal","odds":"2.60"},{"opp":"2 Goals","odds":"4.00"},{"opp":"3 Goals","odds":"9.00"},{"opp":"4 Goals","odds":"23.00"},{"opp":"5+ Goals","odds":"41.00"}],"1st_half_goals_odd_even":[{"opp":"Odd","odds":"2.10"},{"opp":"Even","odds":"1.73"}],"to_score_in_half":[{"name":"1st Half","odds":"2.00","header":"Yes"},{"name":"1st Half","odds":"1.73","header":"No"},{"name":"2nd Half","odds":"1.67","header":"Yes"},{"name":"2nd Half","odds":"2.10","header":"No"},{"name":"1st Half","odds":"2.00","header":"Yes"},{"name":"1st Half","odds":"1.73","header":"No"},{"name":"2nd Half","odds":"1.67","header":"Yes"},{"name":"2nd Half","odds":"2.10","header":"No"}],"half_with_most_goals":[{"opp":"1st Half","odds":"3.10"},{"opp":"2nd Half","odds":"2.00"},{"opp":"Tie","odds":"3.75"}],"home_team_highest_scoring_half":[{"opp":"IBV Vestmannaeyjar - 1st Half","odds":"3.50"},{"opp":"IBV Vestmannaeyjar - 2nd Half","odds":"2.40"},{"opp":"IBV Vestmannaeyjar - Tie","odds":"2.40"}],"away_team_highest_scoring_half":[{"opp":"KA Akureyri - 1st Half","odds":"3.40"},{"opp":"KA Akureyri - 2nd Half","odds":"2.40"},{"opp":"KA Akureyri - Tie","odds":"2.50"}],"2nd_half_result":[{"opp":"1","odds":"2.75"},{"opp":"X","odds":"2.60"},{"opp":"2","odds":"2.62"}],"2nd_half_goals":[{"goals":"0.5","odds":"1.18","header":"Over"},{"goals":"0.5","odds":"4.50","header":"Under"},{"goals":"1.5","odds":"1.83","header":"Over"},{"goals":"1.5","odds":"1.83","header":"Under"},{"goals":"2.5","odds":"3.75","header":"Over"},{"goals":"2.5","odds":"1.25","header":"Under"},{"goals":"3.5","odds":"9.00","header":"Over"},{"goals":"3.5","odds":"1.07","header":"Under"},{"goals":"4.5","odds":"21.00","header":"Over"},{"goals":"4.5","odds":"1.02","header":"Under"}],"exact_2nd_half_goals":[{"opp":"0 Goals","odds":"4.50"},{"opp":"1 Goal","odds":"3.00"},{"opp":"2 Goals","odds":"3.40"},{"opp":"3 Goals","odds":"6.00"},{"opp":"4 Goals","odds":"13.00"},{"opp":"5+ Goals","odds":"21.00"}],"2nd_half_goals_odd_even":[{"opp":"Even","odds":"1.80"},{"opp":"Odd","odds":"1.91"}]}},"main":{"updated_at":"1532571450","sp":{"full_time_result":[{"opp":"1","odds":"2.75"},{"opp":"X","odds":"3.40"},{"opp":"2","odds":"2.45"}],"double_chance":[{"opp":"1X","odds":"1.53"},{"opp":"X2","odds":"1.40"},{"opp":"12","odds":"1.30"}],"correct_score":[{"opp":"1-0","odds":"11.00","header":"Home"},{"opp":"0-0","odds":"13.00","header":"X"},{"opp":"1-0","odds":"10.00","header":"Away"},{"opp":"2-0","odds":"15.00","header":"Home"},{"opp":"1-1","odds":"6.50","header":"X"},{"opp":"2-0","odds":"13.00","header":"Away"},{"opp":"2-1","odds":"10.00","header":"Home"},{"opp":"2-2","odds":"12.00","header":"X"},{"opp":"2-1","odds":"10.00","header":"Away"},{"opp":"3-0","odds":"26.00","header":"Home"},{"opp":"3-3","odds":"41.00","header":"X"},{"opp":"3-0","odds":"23.00","header":"Away"},{"opp":"3-1","odds":"21.00","header":"Home"},{"opp":"4-4","odds":"151.00","header":"X"},{"opp":"3-1","odds":"19.00","header":"Away"},{"opp":"3-2","odds":"26.00","header":"Home"},{"opp":"3-2","odds":"26.00","header":"Away"},{"opp":"4-0","odds":"51.00","header":"Home"},{"opp":"4-0","odds":"41.00","header":"Away"},{"opp":"4-1","odds":"41.00","header":"Home"},{"opp":"4-1","odds":"41.00","header":"Away"},{"opp":"4-2","odds":"51.00","header":"Home"},{"opp":"4-2","odds":"51.00","header":"Away"},{"opp":"4-3","odds":"81.00","header":"Home"},{"opp":"4-3","odds":"81.00","header":"Away"},{"opp":"5-0","odds":"101.00","header":"Home"},{"opp":"5-0","odds":"101.00","header":"Away"},{"opp":"5-1","odds":"81.00","header":"Home"},{"opp":"5-1","odds":"81.00","header":"Away"},{"opp":"5-2","odds":"101.00","header":"Home"},{"opp":"5-2","odds":"101.00","header":"Away"}],"half_time_full_time":[{"opp":"IBV Vestmannaeyjar - IBV Vestmannaeyjar","odds":"4.33"},{"opp":"IBV Vestmannaeyjar - Draw","odds":"15.00"},{"opp":"IBV Vestmannaeyjar - KA Akureyri","odds":"26.00"},{"opp":"Draw - IBV Vestmannaeyjar","odds":"6.50"},{"opp":"Draw - Draw","odds":"6.00"},{"opp":"Draw - KA Akureyri","odds":"6.00"},{"opp":"KA Akureyri - IBV Vestmannaeyjar","odds":"26.00"},{"opp":"KA Akureyri - Draw","odds":"15.00"},{"opp":"KA Akureyri - KA Akureyri","odds":"4.00"}],"goals_over_under":[{"goals":"2.5","odds":"1.73","header":"Over"},{"goals":"2.5","odds":"2.08","header":"Under"}],"both_teams_to_score":[{"opp":"Yes","odds":"1.57"},{"opp":"No","odds":"2.25"}],"asian_handicap":[{"opp":"0.0","odds":"2.050","header":"Home"},{"opp":"0.0","odds":"1.800","header":"Away"}],"goal_line":[{"goals":"2.5, 3.0","odds":"1.950","header":"Over"},{"goals":"2.5, 3.0","odds":"1.900","header":"Under"}],"alternative_asian_handicap":[{"opp":"-1.5, -2.0","odds":"7.000","header":"Home"},{"opp":"+1.5, +2.0","odds":"1.100","header":"Away"},{"opp":"-1.5","odds":"5.500","header":"Home"},{"opp":"+1.5","odds":"1.150","header":"Away"},{"opp":"-1.0, -1.5","odds":"4.800","header":"Home"},{"opp":"+1.0, +1.5","odds":"1.175","header":"Away"},{"opp":"-1.0","odds":"4.400","header":"Home"},{"opp":"+1.0","odds":"1.200","header":"Away"},{"opp":"-0.5, -1.0","odds":"3.300","header":"Home"},{"opp":"+0.5, +1.0","odds":"1.325","header":"Away"},{"opp":"-0.5","odds":"2.675","header":"Home"},{"opp":"+0.5","odds":"1.450","header":"Away"},{"opp":"0.0, -0.5","odds":"2.350","header":"Home"},{"opp":"0.0, +0.5","odds":"1.575","header":"Away"},{"opp":"0.0, +0.5","odds":"1.725","header":"Home"},{"opp":"0.0, -0.5","odds":"2.075","header":"Away"},{"opp":"+0.5","odds":"1.550","header":"Home"},{"opp":"-0.5","odds":"2.375","header":"Away"},{"opp":"+0.5, +1.0","odds":"1.400","header":"Home"},{"opp":"-0.5, -1.0","odds":"2.850","header":"Away"},{"opp":"+1.0","odds":"1.260","header":"Home"},{"opp":"-1.0","odds":"3.700","header":"Away"},{"opp":"+1.0, +1.5","odds":"1.220","header":"Home"},{"opp":"-1.0, -1.5","odds":"4.150","header":"Away"},{"opp":"+1.5","odds":"1.190","header":"Home"},{"opp":"-1.5","odds":"4.500","header":"Away"},{"opp":"+1.5, +2.0","odds":"1.130","header":"Home"},{"opp":"-1.5, -2.0","odds":"5.900","header":"Away"}],"alternative_goal_line":[{"goals":"1.0, 1.5","odds":"1.140","header":"Over"},{"goals":"1.0, 1.5","odds":"5.750","header":"Under"},{"goals":"1.5","odds":"1.225","header":"Over"},{"goals":"1.5","odds":"4.100","header":"Under"},{"goals":"1.5, 2.0","odds":"1.275","header":"Over"},{"goals":"1.5, 2.0","odds":"3.550","header":"Under"},{"goals":"2.0","odds":"1.325","header":"Over"},{"goals":"2.0","odds":"3.300","header":"Under"},{"goals":"2.0, 2.5","odds":"1.525","header":"Over"},{"goals":"2.0, 2.5","odds":"2.425","header":"Under"},{"goals":"2.5","odds":"1.725","header":"Over"},{"goals":"2.5","odds":"2.075","header":"Under"},{"goals":"3.0","odds":"2.200","header":"Over"},{"goals":"3.0","odds":"1.650","header":"Under"},{"goals":"3.0, 3.5","odds":"2.425","header":"Over"},{"goals":"3.0, 3.5","odds":"1.525","header":"Under"},{"goals":"3.5","odds":"2.675","header":"Over"},{"goals":"3.5","odds":"1.450","header":"Under"},{"goals":"3.5, 4.0","odds":"3.300","header":"Over"},{"goals":"3.5, 4.0","odds":"1.325","header":"Under"},{"goals":"4.0","odds":"4.250","header":"Over"},{"goals":"4.0","odds":"1.210","header":"Under"},{"goals":"4.0, 4.5","odds":"4.500","header":"Over"},{"goals":"4.0, 4.5","odds":"1.190","header":"Under"},{"goals":"4.5","odds":"5.250","header":"Over"},{"goals":"4.5","odds":"1.160","header":"Under"},{"goals":"4.5, 5.0","odds":"6.400","header":"Over"},{"goals":"4.5, 5.0","odds":"1.115","header":"Under"}],"draw_no_bet":[{"opp":"IBV Vestmannaeyjar","odds":"1.91"},{"opp":"KA Akureyri","odds":"1.80"}],"result_both_teams_to_score":[{"name":"IBV Vestmannaeyjar","odds":"4.75","header":"Yes"},{"name":"IBV Vestmannaeyjar","odds":"5.00","header":"No"},{"name":"KA Akureyri","odds":"4.50","header":"Yes"},{"name":"KA Akureyri","odds":"5.00","header":"No"},{"name":"Draw","odds":"4.33","header":"Yes"},{"name":"Draw","odds":"13.00","header":"No"}],"handicap_result":[{"opp":"IBV Vestmannaeyjar (+1)","odds":"1.53"},{"opp":"Tie - (KA Akureyri -1)","odds":"4.50"},{"opp":"KA Akureyri (-1)","odds":"4.50"}],"alternative_handicap_result":[{"opp":"-2.0","odds":"10.00","header":"Home"},{"opp":"+2.0","odds":"7.50","header":"Tie"},{"opp":"+2.0","odds":"1.12","header":"Away"},{"opp":"-1.0","odds":"5.00","header":"Home"},{"opp":"+1.0","odds":"4.75","header":"Tie"},{"opp":"+1.0","odds":"1.40","header":"Away"},{"opp":"+2.0","odds":"1.17","header":"Home"},{"opp":"-2.0","odds":"7.00","header":"Tie"},{"opp":"-2.0","odds":"9.50","header":"Away"},{"opp":"+3.0","odds":"1.05","header":"Home"},{"opp":"-3.0","odds":"11.00","header":"Tie"},{"opp":"-3.0","odds":"17.00","header":"Away"}],"winning_margin":[{"goals":" 1","odds":"4.75","header":"Home"},{"goals":" 1","odds":"4.50","header":"Away"},{"goals":" 2","odds":"7.50","header":"Home"},{"goals":" 2","odds":"7.00","header":"Away"},{"goals":" 3","odds":"19.00","header":"Home"},{"goals":" 3","odds":"11.00","header":"Away"},{"goals":" 4+","odds":"34.00","header":"Home"},{"goals":" 4+","odds":"17.00","header":"Away"},{"goals":"Score Draw","odds":"4.33","header":"Home"},{"goals":"No Goal","odds":"13.00","header":"Home"}]}},"schedule":{"updated_at":"1532569771","sp":{"main":[{"odds":"2.75"},{"odds":"3.40"},{"odds":"2.45"}]}},"specials":{"updated_at":"1532570200","sp":{"specials":[{"name":"To Win From Behind","odds":"11.00","header":"Home"},{"name":"To Win From Behind","odds":"10.00","header":"Away"},{"name":"To Win to Nil","odds":"5.00","header":"Home"},{"name":"To Win to Nil","odds":"5.00","header":"Away"},{"name":"To Win Either Half","odds":"1.73","header":"Home"},{"name":"To Win Either Half","odds":"1.73","header":"Away"},{"name":"To Win Both Halves","odds":"9.00","header":"Home"},{"name":"To Win Both Halves","odds":"9.00","header":"Away"},{"name":"To Score in Both Halves","odds":"3.50","header":"Home"},{"name":"To Score in Both Halves","odds":"3.25","header":"Away"}],"to_score_in_half":[{"name":"1st Half","odds":"2.00","header":"Yes"},{"name":"1st Half","odds":"1.73","header":"No"},{"name":"2nd Half","odds":"1.67","header":"Yes"},{"name":"2nd Half","odds":"2.10","header":"No"},{"name":"1st Half","odds":"2.00","header":"Yes"},{"name":"1st Half","odds":"1.73","header":"No"},{"name":"2nd Half","odds":"1.67","header":"Yes"},{"name":"2nd Half","odds":"2.10","header":"No"}]}}}]}}