{"odd":{"success":1,"results":[{"FI":"75228377","event_id":"846637","asian_lines":{"updated_at":"1532570004","sp":{"asian_handicap":[{"opp":"+0.5, +1.0","odds":"1.900","header":"Home"},{"opp":"-0.5, -1.0","odds":"1.950","header":"Away"}],"goal_line":[{"goals":"3.0","odds":"2.100","header":"Over"},{"goals":"3.0","odds":"1.775","header":"Under"}],"alternative_asian_handicap":[{"opp":"-0.5, -1.0","odds":"5.750","header":"Home"},{"opp":"+0.5, +1.0","odds":"1.140","header":"Away"},{"opp":"-0.5","odds":"4.250","header":"Home"},{"opp":"+0.5","odds":"1.210","header":"Away"},{"opp":"0.0, -0.5","odds":"3.800","header":"Home"},{"opp":"0.0, +0.5","odds":"1.250","header":"Away"},{"opp":"0.0","odds":"3.450","header":"Home"},{"opp":"0.0","odds":"1.300","header":"Away"},{"opp":"0.0, +0.5","odds":"2.425","header":"Home"},{"opp":"0.0, -0.5","odds":"1.525","header":"Away"},{"opp":"+0.5","odds":"2.075","header":"Home"},{"opp":"-0.5","odds":"1.725","header":"Away"},{"opp":"+1.0","odds":"1.650","header":"Home"},{"opp":"-1.0","odds":"2.200","header":"Away"},{"opp":"+1.0, +1.5","odds":"1.500","header":"Home"},{"opp":"-1.0, -1.5","odds":"2.500","header":"Away"},{"opp":"+1.5","odds":"1.425","header":"Home"},{"opp":"-1.5","odds":"2.750","header":"Away"},{"opp":"+1.5, +2.0","odds":"1.300","header":"Home"},{"opp":"-1.5, -2.0","odds":"3.450","header":"Away"},{"opp":"+2.0","odds":"1.190","header":"Home"},{"opp":"-2.0","odds":"4.500","header":"Away"},{"opp":"+2.0, +2.5","odds":"1.170","header":"Home"},{"opp":"-2.0, -2.5","odds":"5.000","header":"Away"},{"opp":"+2.5","odds":"1.150","header":"Home"},{"opp":"-2.5","odds":"5.500","header":"Away"},{"opp":"+2.5, +3.0","odds":"1.100","header":"Home"},{"opp":"-2.5, -3.0","odds":"7.000","header":"Away"}],"alternative_goal_line":[{"goals":"1.0, 1.5","odds":"1.125","header":"Over"},{"goals":"1.0, 1.5","odds":"6.000","header":"Under"},{"goals":"1.5","odds":"1.200","header":"Over"},{"goals":"1.5","odds":"4.400","header":"Under"},{"goals":"1.5, 2.0","odds":"1.240","header":"Over"},{"goals":"1.5, 2.0","odds":"3.900","header":"Under"},{"goals":"2.0","odds":"1.300","header":"Over"},{"goals":"2.0","odds":"3.450","header":"Under"},{"goals":"2.0, 2.5","odds":"1.475","header":"Over"},{"goals":"2.0, 2.5","odds":"2.600","header":"Under"},{"goals":"2.5","odds":"1.650","header":"Over"},{"goals":"2.5","odds":"2.200","header":"Under"},{"goals":"2.5, 3.0","odds":"1.800","header":"Over"},{"goals":"2.5, 3.0","odds":"2.000","header":"Under"},{"goals":"3.0, 3.5","odds":"2.300","header":"Over"},{"goals":"3.0, 3.5","odds":"1.600","header":"Under"},{"goals":"3.5","odds":"2.500","header":"Over"},{"goals":"3.5","odds":"1.500","header":"Under"},{"goals":"3.5, 4.0","odds":"3.000","header":"Over"},{"goals":"3.5, 4.0","odds":"1.375","header":"Under"},{"goals":"4.0","odds":"3.800","header":"Over"},{"goals":"4.0","odds":"1.250","header":"Under"},{"goals":"4.0, 4.5","odds":"4.150","header":"Over"},{"goals":"4.0, 4.5","odds":"1.220","header":"Under"},{"goals":"4.5","odds":"4.500","header":"Over"},{"goals":"4.5","odds":"1.190","header":"Under"},{"goals":"4.5, 5.0","odds":"5.750","header":"Over"},{"goals":"4.5, 5.0","odds":"1.140","header":"Under"}],"1st_half_asian_handicap":[{"opp":"0.0, +0.5","odds":"1.950","header":"Home"},{"opp":"0.0, -0.5","odds":"1.850","header":"Away"}],"1st_half_goal_line":[{"goals":"1.0, 1.5","odds":"2.050","header":"Over"},{"goals":"1.0, 1.5","odds":"1.750","header":"Under"}],"alternative_1st_half_asian_handicap":[{"opp":"-0.5, -1.0","odds":"6.400","header":"Home"},{"opp":"+0.5, +1.0","odds":"1.115","header":"Away"},{"opp":"-0.5","odds":"4.400","header":"Home"},{"opp":"+0.5","odds":"1.200","header":"Away"},{"opp":"0.0, -0.5","odds":"3.550","header":"Home"},{"opp":"0.0, +0.5","odds":"1.275","header":"Away"},{"opp":"0.0","odds":"2.750","header":"Home"},{"opp":"0.0","odds":"1.425","header":"Away"},{"opp":"+0.5","odds":"1.600","header":"Home"},{"opp":"-0.5","odds":"2.300","header":"Away"},{"opp":"+0.5, +1.0","odds":"1.400","header":"Home"},{"opp":"-0.5, -1.0","odds":"2.850","header":"Away"},{"opp":"+1.0","odds":"1.200","header":"Home"},{"opp":"-1.0","odds":"4.400","header":"Away"},{"opp":"+1.0, +1.5","odds":"1.160","header":"Home"},{"opp":"-1.0, -1.5","odds":"5.250","header":"Away"},{"opp":"+1.5","odds":"1.130","header":"Home"},{"opp":"-1.5","odds":"5.900","header":"Away"}],"alternative_1st_half_goal_line":[{"goals":"0.5, 1.0","odds":"1.425","header":"Over"},{"goals":"0.5, 1.0","odds":"2.750","header":"Under"},{"goals":"1.0","odds":"1.625","header":"Over"},{"goals":"1.0","odds":"2.250","header":"Under"},{"goals":"1.5","odds":"2.425","header":"Over"},{"goals":"1.5","odds":"1.525","header":"Under"},{"goals":"1.5, 2.0","odds":"3.000","header":"Over"},{"goals":"1.5, 2.0","odds":"1.375","header":"Under"},{"goals":"2.0","odds":"4.500","header":"Over"},{"goals":"2.0","odds":"1.190","header":"Under"},{"goals":"2.0, 2.5","odds":"5.250","header":"Over"},{"goals":"2.0, 2.5","odds":"1.160","header":"Under"},{"goals":"2.5","odds":"5.750","header":"Over"},{"goals":"2.5","odds":"1.140","header":"Under"}]}},"goals":{"updated_at":"1532570240","sp":{"goals_over_under":[{"goals":"2.5","odds":"1.65","header":"Over"},{"goals":"2.5","odds":"2.20","header":"Under"}],"alternative_total_goals":[{"goals":"0.5","odds":"1.01","header":"Over "},{"goals":"0.5","odds":"15.00","header":"Under"},{"goals":"1.5","odds":"1.17","header":"Over "},{"goals":"1.5","odds":"4.50","header":"Under"},{"goals":"3.5","odds":"2.38","header":"Over "},{"goals":"3.5","odds":"1.53","header":"Under"},{"goals":"4.5","odds":"4.33","header":"Over "},{"goals":"4.5","odds":"1.20","header":"Under"},{"goals":"5.5","odds":"7.50","header":"Over "},{"goals":"5.5","odds":"1.07","header":"Under"},{"goals":"6.5","odds":"10.50","header":"Over "},{"goals":"6.5","odds":"1.02","header":"Under"}],"result_total_goals":[{"opp":"Fylkir Reykjavik & Over 2.5","odds":"6.50"},{"opp":"Fylkir Reykjavik & Under 2.5","odds":"11.00"},{"opp":"Draw & Over 2.5","odds":"10.00"},{"opp":"Draw & Under  2.5","odds":"5.50"},{"opp":"Valur Reykjavik & Over 2.5","odds":"2.40"},{"opp":"Valur Reykjavik & Under 2.5","odds":"5.00"}],"total_goals_both_teams_to_score":[{"opp":"Over 2.5 & Yes","odds":"1.91"},{"opp":"Over 2.5 & No","odds":"7.00"},{"opp":"Under 2.5 & Yes","odds":"7.50"},{"opp":"Under 2.5 & No","odds":"3.00"}],"exact_total_goals":[{"opp":"0 Goals","odds":"15.00"},{"opp":"1 Goal","odds":"6.50"},{"opp":"2 Goals","odds":"4.00"},{"opp":"3 Goals","odds":"4.33"},{"opp":"4 Goals","odds":"5.00"},{"opp":"5 Goals","odds":"8.00"},{"opp":"6 Goals","odds":"15.00"},{"opp":"7+ Goals","odds":"10.50"}],"number_of_goals_in_match":[{"opp":"Under 2 goals","odds":"4.50"},{"opp":"2 or 3 goals","odds":"2.10"},{"opp":"Over 3 goals","odds":"2.38"}],"both_teams_to_score":[{"opp":"Yes","odds":"1.57"},{"opp":"No","odds":"2.25"}],"teams_to_score":[{"opp":"Both Teams","odds":"1.57"},{"opp":"Fylkir Reykjavik Only","odds":"8.50"},{"opp":"No Goal","odds":"15.00"},{"opp":"Valur Reykjavik Only","odds":"3.20"}],"both_teams_to_score_in_1st_half":[{"opp":"Yes","odds":"4.00"},{"opp":"No","odds":"1.22"}],"both_teams_to_score_in_2nd_half":[{"opp":"Yes","odds":"2.75"},{"opp":"No","odds":"1.40"}],"both_teams_to_score_1st_half_2nd_half":[{"opp":"Yes \/ Yes","odds":"12.00"},{"opp":"Yes \/ No","odds":"5.50"},{"opp":"No \/ Yes","odds":"3.50"},{"opp":"No \/ No","odds":"1.73"}],"first_half_goals":[{"goals":"0.5","odds":"1.30","header":"Over"},{"goals":"0.5","odds":"3.40","header":"Under"},{"goals":"1.5","odds":"2.38","header":"Over"},{"goals":"1.5","odds":"1.53","header":"Under"},{"goals":"2.5","odds":"5.50","header":"Over"},{"goals":"2.5","odds":"1.14","header":"Under"},{"goals":"3.5","odds":"15.00","header":"Over"},{"goals":"3.5","odds":"1.03","header":"Under"}],"exact_1st_half_goals":[{"opp":"0 Goals","odds":"3.40"},{"opp":"1 Goal","odds":"2.62"},{"opp":"2 Goals","odds":"3.75"},{"opp":"3 Goals","odds":"8.00"},{"opp":"4 Goals","odds":"21.00"},{"opp":"5+ Goals","odds":"34.00"}],"first_team_to_score":[{"opp":"Fylkir Reykjavik","odds":"2.62"},{"opp":"No Goals","odds":"15.00"},{"opp":"Valur Reykjavik","odds":"1.50"}],"2nd_half_goals":[{"goals":"0.5","odds":"1.17","header":"Over"},{"goals":"0.5","odds":"5.00","header":"Under"},{"goals":"1.5","odds":"1.80","header":"Over"},{"goals":"1.5","odds":"1.91","header":"Under"},{"goals":"2.5","odds":"3.50","header":"Over"},{"goals":"2.5","odds":"1.29","header":"Under"},{"goals":"3.5","odds":"8.00","header":"Over"},{"goals":"3.5","odds":"1.08","header":"Under"},{"goals":"4.5","odds":"19.00","header":"Over"},{"goals":"4.5","odds":"1.02","header":"Under"}],"exact_2nd_half_goals":[{"opp":"0 Goals","odds":"5.00"},{"opp":"1 Goal","odds":"3.00"},{"opp":"2 Goals","odds":"3.40"},{"opp":"3 Goals","odds":"5.50"},{"opp":"4 Goals","odds":"12.00"},{"opp":"5+ Goals","odds":"19.00"}],"half_with_most_goals":[{"opp":"1st Half","odds":"3.00"},{"opp":"2nd Half","odds":"1.95"},{"opp":"Tie","odds":"4.00"}],"home_team_highest_scoring_half":[{"opp":"Fylkir Reykjavik - 1st Half","odds":"3.75"},{"opp":"Fylkir Reykjavik - 2nd Half","odds":"2.62"},{"opp":"Fylkir Reykjavik - Tie","odds":"2.10"}],"away_team_highest_scoring_half":[{"opp":"Valur Reykjavik - 1st Half","odds":"3.20"},{"opp":"Valur Reykjavik - 2nd Half","odds":"2.20"},{"opp":"Valur Reykjavik - Tie","odds":"2.88"}],"home_team_exact_goals":[{"opp":"Fylkir Reykjavik - 0 Goals","odds":"2.75"},{"opp":"Fylkir Reykjavik - 1 Goal","odds":"2.50"},{"opp":"Fylkir Reykjavik - 2 Goals","odds":"4.33"},{"opp":"Fylkir Reykjavik - 3+ Goals","odds":"7.00"}],"away_team_exact_goals":[{"opp":"Valur Reykjavik - 0 Goals","odds":"5.50"},{"opp":"Valur Reykjavik - 1 Goal","odds":"3.20"},{"opp":"Valur Reykjavik - 2 Goals","odds":"3.25"},{"opp":"Valur Reykjavik - 3+ Goals","odds":"3.00"}],"goals_odd_even":[{"opp":"Even","odds":"1.90"},{"opp":"Odd","odds":"1.95"}],"home_team_odd_even_goals":[{"opp":"Fylkir Reykjavik - Even","odds":"1.73"},{"opp":"Fylkir Reykjavik - Odd","odds":"2.00"}],"away_team_odd_even_goals":[{"opp":"Valur Reykjavik - Even","odds":"1.83"},{"opp":"Valur Reykjavik - Odd","odds":"1.83"}],"1st_half_goals_odd_even":[{"opp":"Odd","odds":"2.00"},{"opp":"Even","odds":"1.80"}],"last_team_to_score":[{"opp":"Fylkir Reykjavik","odds":"2.62"},{"opp":"No Goal","odds":"15.00"},{"opp":"Valur Reykjavik","odds":"1.50"}]}},"half":{"updated_at":"1532570251","sp":{"half_time_result":[{"opp":"1","odds":"4.33"},{"opp":"X","odds":"2.38"},{"opp":"2","odds":"2.20"}],"half_time_double_chance":[{"opp":"1X","odds":"1.62"},{"opp":"X2","odds":"1.20"},{"opp":"12","odds":"1.53"}],"half_time_result_both_teams_to_score":[{"opp":"Fylkir Reykjavik & Yes","odds":"21.00"},{"opp":"Fylkir Reykjavik & No","odds":"5.00"},{"opp":"Draw & Yes","odds":"7.00"},{"opp":"Draw & No","odds":"3.40"},{"opp":"Valur Reykjavik & Yes","odds":"13.00"},{"opp":"Valur Reykjavik & No","odds":"2.62"}],"half_time_result_total_goals":[{"opp":"Fylkir Reykjavik & Over 1.5","odds":"11.00"},{"opp":"Fylkir Reykjavik & Under 1.5","odds":"6.50"},{"opp":"Draw & Over 1.5","odds":"7.00"},{"opp":"Draw & Under 1.5","odds":"3.40"},{"opp":"Valur Reykjavik & Over 1.5","odds":"4.50"},{"opp":"Valur Reykjavik & Under 1.5","odds":"4.00"}],"half_time_correct_score":[{"opp":"1-0","odds":"6.50","header":"Home"},{"opp":"0-0","odds":"3.40","header":"X"},{"opp":"1-0","odds":"4.00","header":"Away"},{"opp":"2-0","odds":"21.00","header":"Home"},{"opp":"1-1","odds":"7.50","header":"X"},{"opp":"2-0","odds":"8.50","header":"Away"},{"opp":"2-1","odds":"26.00","header":"Home"},{"opp":"2-2","odds":"41.00","header":"X"},{"opp":"2-1","odds":"17.00","header":"Away"},{"opp":"3-0","odds":"67.00","header":"Home"},{"opp":"3-0","odds":"26.00","header":"Away"},{"opp":"3-1","odds":"81.00","header":"Home"},{"opp":"3-1","odds":"41.00","header":"Away"},{"opp":"3-2","odds":"151.00","header":"Home"},{"opp":"3-2","odds":"101.00","header":"Away"},{"opp":"4-0","odds":"67.00","header":"Away"},{"opp":"4-1","odds":"126.00","header":"Away"}],"both_teams_to_score_in_1st_half":[{"opp":"Yes","odds":"4.00"},{"opp":"No","odds":"1.22"}],"both_teams_to_score_in_2nd_half":[{"opp":"Yes","odds":"2.75"},{"opp":"No","odds":"1.40"}],"both_teams_to_score_1st_half_2nd_half":[{"opp":"Yes \/ Yes","odds":"12.00"},{"opp":"Yes \/ No","odds":"5.50"},{"opp":"No \/ Yes","odds":"3.50"},{"opp":"No \/ No","odds":"1.73"}],"1st_half_asian_handicap":[{"opp":"0.0, +0.5","odds":"1.950","header":"Home"},{"opp":"0.0, -0.5","odds":"1.850","header":"Away"}],"1st_half_goal_line":[{"goals":"1.0, 1.5","odds":"2.050","header":"Over"},{"goals":"1.0, 1.5","odds":"1.750","header":"Under"}],"alternative_1st_half_asian_handicap":[{"opp":"-0.5, -1.0","odds":"6.400","header":"Home"},{"opp":"+0.5, +1.0","odds":"1.115","header":"Away"},{"opp":"-0.5","odds":"4.400","header":"Home"},{"opp":"+0.5","odds":"1.200","header":"Away"},{"opp":"0.0, -0.5","odds":"3.550","header":"Home"},{"opp":"0.0, +0.5","odds":"1.275","header":"Away"},{"opp":"0.0","odds":"2.750","header":"Home"},{"opp":"0.0","odds":"1.425","header":"Away"},{"opp":"+0.5","odds":"1.600","header":"Home"},{"opp":"-0.5","odds":"2.300","header":"Away"},{"opp":"+0.5, +1.0","odds":"1.400","header":"Home"},{"opp":"-0.5, -1.0","odds":"2.850","header":"Away"},{"opp":"+1.0","odds":"1.200","header":"Home"},{"opp":"-1.0","odds":"4.400","header":"Away"},{"opp":"+1.0, +1.5","odds":"1.160","header":"Home"},{"opp":"-1.0, -1.5","odds":"5.250","header":"Away"},{"opp":"+1.5","odds":"1.130","header":"Home"},{"opp":"-1.5","odds":"5.900","header":"Away"}],"alternative_1st_half_goal_line":[{"goals":"0.5, 1.0","odds":"1.425","header":"Over"},{"goals":"0.5, 1.0","odds":"2.750","header":"Under"},{"goals":"1.0","odds":"1.625","header":"Over"},{"goals":"1.0","odds":"2.250","header":"Under"},{"goals":"1.5","odds":"2.425","header":"Over"},{"goals":"1.5","odds":"1.525","header":"Under"},{"goals":"1.5, 2.0","odds":"3.000","header":"Over"},{"goals":"1.5, 2.0","odds":"1.375","header":"Under"},{"goals":"2.0","odds":"4.500","header":"Over"},{"goals":"2.0","odds":"1.190","header":"Under"},{"goals":"2.0, 2.5","odds":"5.250","header":"Over"},{"goals":"2.0, 2.5","odds":"1.160","header":"Under"},{"goals":"2.5","odds":"5.750","header":"Over"},{"goals":"2.5","odds":"1.140","header":"Under"}],"1st_half_handicap":[{"opp":"Fylkir Reykjavik  +1.0","odds":"1.62"},{"opp":"Tie - Valur Reykjavik -1.0","odds":"3.25"},{"opp":"Valur Reykjavik  -1.0","odds":"5.50"}],"alternative_1st_half_handicap_result":[{"opp":"-1.0","odds":"15.00","header":"Home"},{"opp":"+1.0","odds":"5.00","header":"Tie"},{"opp":"+1.0","odds":"1.20","header":"Away"},{"opp":"+2.0","odds":"1.10","header":"Home"},{"opp":"-2.0","odds":"7.00","header":"Tie"},{"opp":"-2.0","odds":"15.00","header":"Away"}],"first_half_goals":[{"goals":"0.5","odds":"1.30","header":"Over"},{"goals":"0.5","odds":"3.40","header":"Under"},{"goals":"1.5","odds":"2.38","header":"Over"},{"goals":"1.5","odds":"1.53","header":"Under"},{"goals":"2.5","odds":"5.50","header":"Over"},{"goals":"2.5","odds":"1.14","header":"Under"},{"goals":"3.5","odds":"15.00","header":"Over"},{"goals":"3.5","odds":"1.03","header":"Under"}],"exact_1st_half_goals":[{"opp":"0 Goals","odds":"3.40"},{"opp":"1 Goal","odds":"2.62"},{"opp":"2 Goals","odds":"3.75"},{"opp":"3 Goals","odds":"8.00"},{"opp":"4 Goals","odds":"21.00"},{"opp":"5+ Goals","odds":"34.00"}],"1st_half_goals_odd_even":[{"opp":"Odd","odds":"2.00"},{"opp":"Even","odds":"1.80"}],"to_score_in_half":[{"name":"1st Half","odds":"2.38","header":"Yes"},{"name":"1st Half","odds":"1.53","header":"No"},{"name":"2nd Half","odds":"1.91","header":"Yes"},{"name":"2nd Half","odds":"1.80","header":"No"},{"name":"1st Half","odds":"1.67","header":"Yes"},{"name":"1st Half","odds":"2.10","header":"No"},{"name":"2nd Half","odds":"1.44","header":"Yes"},{"name":"2nd Half","odds":"2.62","header":"No"}],"half_with_most_goals":[{"opp":"1st Half","odds":"3.00"},{"opp":"2nd Half","odds":"1.95"},{"opp":"Tie","odds":"4.00"}],"home_team_highest_scoring_half":[{"opp":"Fylkir Reykjavik - 1st Half","odds":"3.75"},{"opp":"Fylkir Reykjavik - 2nd Half","odds":"2.62"},{"opp":"Fylkir Reykjavik - Tie","odds":"2.10"}],"away_team_highest_scoring_half":[{"opp":"Valur Reykjavik - 1st Half","odds":"3.20"},{"opp":"Valur Reykjavik - 2nd Half","odds":"2.20"},{"opp":"Valur Reykjavik - Tie","odds":"2.88"}],"2nd_half_result":[{"opp":"1","odds":"4.00"},{"opp":"X","odds":"2.75"},{"opp":"2","odds":"2.00"}],"2nd_half_goals":[{"goals":"0.5","odds":"1.17","header":"Over"},{"goals":"0.5","odds":"5.00","header":"Under"},{"goals":"1.5","odds":"1.80","header":"Over"},{"goals":"1.5","odds":"1.91","header":"Under"},{"goals":"2.5","odds":"3.50","header":"Over"},{"goals":"2.5","odds":"1.29","header":"Under"},{"goals":"3.5","odds":"8.00","header":"Over"},{"goals":"3.5","odds":"1.08","header":"Under"},{"goals":"4.5","odds":"19.00","header":"Over"},{"goals":"4.5","odds":"1.02","header":"Under"}],"exact_2nd_half_goals":[{"opp":"0 Goals","odds":"5.00"},{"opp":"1 Goal","odds":"3.00"},{"opp":"2 Goals","odds":"3.40"},{"opp":"3 Goals","odds":"5.50"},{"opp":"4 Goals","odds":"12.00"},{"opp":"5+ Goals","odds":"19.00"}],"2nd_half_goals_odd_even":[{"opp":"Even","odds":"1.80"},{"opp":"Odd","odds":"1.91"}]}},"main":{"updated_at":"1532569937","sp":{"full_time_result":[{"opp":"1","odds":"4.50"},{"opp":"X","odds":"3.75"},{"opp":"2","odds":"1.75"}],"double_chance":[{"opp":"1X","odds":"2.00"},{"opp":"X2","odds":"1.17"},{"opp":"12","odds":"1.25"}],"correct_score":[{"opp":"1-0","odds":"17.00","header":"Home"},{"opp":"0-0","odds":"15.00","header":"X"},{"opp":"1-0","odds":"9.50","header":"Away"},{"opp":"2-0","odds":"26.00","header":"Home"},{"opp":"1-1","odds":"7.50","header":"X"},{"opp":"2-0","odds":"9.50","header":"Away"},{"opp":"2-1","odds":"15.00","header":"Home"},{"opp":"2-2","odds":"12.00","header":"X"},{"opp":"2-1","odds":"8.50","header":"Away"},{"opp":"3-0","odds":"41.00","header":"Home"},{"opp":"3-3","odds":"41.00","header":"X"},{"opp":"3-0","odds":"15.00","header":"Away"},{"opp":"3-1","odds":"34.00","header":"Home"},{"opp":"4-4","odds":"151.00","header":"X"},{"opp":"3-1","odds":"13.00","header":"Away"},{"opp":"3-2","odds":"34.00","header":"Home"},{"opp":"3-2","odds":"21.00","header":"Away"},{"opp":"4-0","odds":"101.00","header":"Home"},{"opp":"4-0","odds":"26.00","header":"Away"},{"opp":"4-1","odds":"67.00","header":"Home"},{"opp":"4-1","odds":"23.00","header":"Away"},{"opp":"4-2","odds":"67.00","header":"Home"},{"opp":"4-2","odds":"41.00","header":"Away"},{"opp":"4-3","odds":"101.00","header":"Home"},{"opp":"4-3","odds":"67.00","header":"Away"},{"opp":"5-0","odds":"51.00","header":"Away"},{"opp":"5-1","odds":"41.00","header":"Away"},{"opp":"5-2","odds":"67.00","header":"Away"},{"opp":"5-3","odds":"126.00","header":"Away"},{"opp":"6-0","odds":"101.00","header":"Away"},{"opp":"6-1","odds":"81.00","header":"Away"},{"opp":"6-2","odds":"151.00","header":"Away"}],"half_time_full_time":[{"opp":"Fylkir Reykjavik - Fylkir Reykjavik","odds":"7.00"},{"opp":"Fylkir Reykjavik - Draw","odds":"15.00"},{"opp":"Fylkir Reykjavik - Valur Reykjavik","odds":"21.00"},{"opp":"Draw - Fylkir Reykjavik","odds":"9.50"},{"opp":"Draw - Draw","odds":"6.50"},{"opp":"Draw - Valur Reykjavik","odds":"4.75"},{"opp":"Valur Reykjavik - Fylkir Reykjavik","odds":"29.00"},{"opp":"Valur Reykjavik - Draw","odds":"15.00"},{"opp":"Valur Reykjavik - Valur Reykjavik","odds":"2.62"}],"goals_over_under":[{"goals":"2.5","odds":"1.65","header":"Over"},{"goals":"2.5","odds":"2.20","header":"Under"}],"both_teams_to_score":[{"opp":"Yes","odds":"1.57"},{"opp":"No","odds":"2.25"}],"asian_handicap":[{"opp":"+0.5, +1.0","odds":"1.900","header":"Home"},{"opp":"-0.5, -1.0","odds":"1.950","header":"Away"}],"goal_line":[{"goals":"3.0","odds":"2.100","header":"Over"},{"goals":"3.0","odds":"1.775","header":"Under"}],"alternative_asian_handicap":[{"opp":"-0.5, -1.0","odds":"5.750","header":"Home"},{"opp":"+0.5, +1.0","odds":"1.140","header":"Away"},{"opp":"-0.5","odds":"4.250","header":"Home"},{"opp":"+0.5","odds":"1.210","header":"Away"},{"opp":"0.0, -0.5","odds":"3.800","header":"Home"},{"opp":"0.0, +0.5","odds":"1.250","header":"Away"},{"opp":"0.0","odds":"3.450","header":"Home"},{"opp":"0.0","odds":"1.300","header":"Away"},{"opp":"0.0, +0.5","odds":"2.425","header":"Home"},{"opp":"0.0, -0.5","odds":"1.525","header":"Away"},{"opp":"+0.5","odds":"2.075","header":"Home"},{"opp":"-0.5","odds":"1.725","header":"Away"},{"opp":"+1.0","odds":"1.650","header":"Home"},{"opp":"-1.0","odds":"2.200","header":"Away"},{"opp":"+1.0, +1.5","odds":"1.500","header":"Home"},{"opp":"-1.0, -1.5","odds":"2.500","header":"Away"},{"opp":"+1.5","odds":"1.425","header":"Home"},{"opp":"-1.5","odds":"2.750","header":"Away"},{"opp":"+1.5, +2.0","odds":"1.300","header":"Home"},{"opp":"-1.5, -2.0","odds":"3.450","header":"Away"},{"opp":"+2.0","odds":"1.190","header":"Home"},{"opp":"-2.0","odds":"4.500","header":"Away"},{"opp":"+2.0, +2.5","odds":"1.170","header":"Home"},{"opp":"-2.0, -2.5","odds":"5.000","header":"Away"},{"opp":"+2.5","odds":"1.150","header":"Home"},{"opp":"-2.5","odds":"5.500","header":"Away"},{"opp":"+2.5, +3.0","odds":"1.100","header":"Home"},{"opp":"-2.5, -3.0","odds":"7.000","header":"Away"}],"alternative_goal_line":[{"goals":"1.0, 1.5","odds":"1.125","header":"Over"},{"goals":"1.0, 1.5","odds":"6.000","header":"Under"},{"goals":"1.5","odds":"1.200","header":"Over"},{"goals":"1.5","odds":"4.400","header":"Under"},{"goals":"1.5, 2.0","odds":"1.240","header":"Over"},{"goals":"1.5, 2.0","odds":"3.900","header":"Under"},{"goals":"2.0","odds":"1.300","header":"Over"},{"goals":"2.0","odds":"3.450","header":"Under"},{"goals":"2.0, 2.5","odds":"1.475","header":"Over"},{"goals":"2.0, 2.5","odds":"2.600","header":"Under"},{"goals":"2.5","odds":"1.650","header":"Over"},{"goals":"2.5","odds":"2.200","header":"Under"},{"goals":"2.5, 3.0","odds":"1.800","header":"Over"},{"goals":"2.5, 3.0","odds":"2.000","header":"Under"},{"goals":"3.0, 3.5","odds":"2.300","header":"Over"},{"goals":"3.0, 3.5","odds":"1.600","header":"Under"},{"goals":"3.5","odds":"2.500","header":"Over"},{"goals":"3.5","odds":"1.500","header":"Under"},{"goals":"3.5, 4.0","odds":"3.000","header":"Over"},{"goals":"3.5, 4.0","odds":"1.375","header":"Under"},{"goals":"4.0","odds":"3.800","header":"Over"},{"goals":"4.0","odds":"1.250","header":"Under"},{"goals":"4.0, 4.5","odds":"4.150","header":"Over"},{"goals":"4.0, 4.5","odds":"1.220","header":"Under"},{"goals":"4.5","odds":"4.500","header":"Over"},{"goals":"4.5","odds":"1.190","header":"Under"},{"goals":"4.5, 5.0","odds":"5.750","header":"Over"},{"goals":"4.5, 5.0","odds":"1.140","header":"Under"}],"draw_no_bet":[{"opp":"Fylkir Reykjavik","odds":"3.40"},{"opp":"Valur Reykjavik","odds":"1.30"}],"result_both_teams_to_score":[{"name":"Fylkir Reykjavik","odds":"7.50","header":"Yes"},{"name":"Fylkir Reykjavik","odds":"9.00","header":"No"},{"name":"Valur Reykjavik","odds":"3.20","header":"Yes"},{"name":"Valur Reykjavik","odds":"3.40","header":"No"},{"name":"Draw","odds":"4.50","header":"Yes"},{"name":"Draw","odds":"15.00","header":"No"}],"handicap_result":[{"opp":"Fylkir Reykjavik (+1)","odds":"2.00"},{"opp":"Tie - (Valur Reykjavik -1)","odds":"4.00"},{"opp":"Valur Reykjavik (-1)","odds":"2.75"}],"alternative_handicap_result":[{"opp":"-2.0","odds":"15.00","header":"Home"},{"opp":"+2.0","odds":"10.00","header":"Tie"},{"opp":"+2.0","odds":"1.06","header":"Away"},{"opp":"-1.0","odds":"8.50","header":"Home"},{"opp":"+1.0","odds":"7.00","header":"Tie"},{"opp":"+1.0","odds":"1.17","header":"Away"},{"opp":"+2.0","odds":"1.40","header":"Home"},{"opp":"-2.0","odds":"5.00","header":"Tie"},{"opp":"-2.0","odds":"5.00","header":"Away"},{"opp":"+3.0","odds":"1.12","header":"Home"},{"opp":"-3.0","odds":"8.00","header":"Tie"},{"opp":"-3.0","odds":"10.00","header":"Away"}],"winning_margin":[{"goals":" 1","odds":"7.00","header":"Home"},{"goals":" 1","odds":"4.00","header":"Away"},{"goals":" 2","odds":"10.00","header":"Home"},{"goals":" 2","odds":"5.00","header":"Away"},{"goals":" 3","odds":"34.00","header":"Home"},{"goals":" 3","odds":"8.00","header":"Away"},{"goals":" 4+","odds":"67.00","header":"Home"},{"goals":" 4+","odds":"10.00","header":"Away"},{"goals":"Score Draw","odds":"4.50","header":"Home"},{"goals":"No Goal","odds":"15.00","header":"Home"}]}},"schedule":{"updated_at":"1532569771","sp":{"main":[{"odds":"4.50"},{"odds":"3.75"},{"odds":"1.75"}]}},"specials":{"updated_at":"1532570264","sp":{"specials":[{"name":"To Win From Behind","odds":"15.00","header":"Home"},{"name":"To Win From Behind","odds":"8.00","header":"Away"},{"name":"To Win to Nil","odds":"9.00","header":"Home"},{"name":"To Win to Nil","odds":"3.40","header":"Away"},{"name":"To Win Either Half","odds":"2.38","header":"Home"},{"name":"To Win Either Half","odds":"1.36","header":"Away"},{"name":"To Win Both Halves","odds":"19.00","header":"Home"},{"name":"To Win Both Halves","odds":"4.50","header":"Away"},{"name":"To Score in Both Halves","odds":"4.50","header":"Home"},{"name":"To Score in Both Halves","odds":"2.38","header":"Away"}],"to_score_in_half":[{"name":"1st Half","odds":"2.38","header":"Yes"},{"name":"1st Half","odds":"1.53","header":"No"},{"name":"2nd Half","odds":"1.91","header":"Yes"},{"name":"2nd Half","odds":"1.80","header":"No"},{"name":"1st Half","odds":"1.67","header":"Yes"},{"name":"1st Half","odds":"2.10","header":"No"},{"name":"2nd Half","odds":"1.44","header":"Yes"},{"name":"2nd Half","odds":"2.62","header":"No"}]}}}]}}