{"odd":{"success":1,"results":[{"FI":"75382690","event_id":"847521","asian_lines":{"updated_at":"1532570796","sp":{"asian_total_corners":[{"goals":"9.5","odds":"2.000","header":"Over"},{"goals":"9.5","odds":"1.800","header":"Under"}],"1st_half_asian_corners":[{"goals":"4.5","odds":"2.000","header":"Over"},{"goals":"4.5","odds":"1.800","header":"Under"}]}},"corners":{"updated_at":"1532570816","sp":{"corners":[{"opp":"Over 9","odds":"1.91"},{"opp":"Exactly 9","odds":"7.00"},{"opp":"Under 9","odds":"2.30"}],"total_corners":[{"opp":"Under 6","odds":"9.00"},{"opp":"6 - 8","odds":"2.88"},{"opp":"9 - 11","odds":"2.50"},{"opp":"12 - 14","odds":"4.75"},{"opp":"Over 14","odds":"13.00"}],"alternative_corners":[{"goals":"3","odds":"1.01","header":"Over"},{"goals":"3","odds":"29.00","header":"Exactly"},{"goals":"3","odds":"41.00","header":"Under"},{"goals":"4","odds":"1.02","header":"Over"},{"goals":"4","odds":"19.00","header":"Exactly"},{"goals":"4","odds":"26.00","header":"Under"},{"goals":"5","odds":"1.06","header":"Over"},{"goals":"5","odds":"15.00","header":"Exactly"},{"goals":"5","odds":"15.00","header":"Under"},{"goals":"6","odds":"1.17","header":"Over"},{"goals":"6","odds":"10.00","header":"Exactly"},{"goals":"6","odds":"8.50","header":"Under"},{"goals":"7","odds":"1.33","header":"Over"},{"goals":"7","odds":"8.00","header":"Exactly"},{"goals":"7","odds":"5.00","header":"Under"},{"goals":"8","odds":"1.57","header":"Over"},{"goals":"8","odds":"7.00","header":"Exactly"},{"goals":"8","odds":"3.25","header":"Under"},{"goals":"10","odds":"2.62","header":"Over"},{"goals":"10","odds":"7.50","header":"Exactly"},{"goals":"10","odds":"1.80","header":"Under"},{"goals":"11","odds":"3.60","header":"Over"},{"goals":"11","odds":"8.50","header":"Exactly"},{"goals":"11","odds":"1.44","header":"Under"},{"goals":"12","odds":"5.50","header":"Over"},{"goals":"12","odds":"10.00","header":"Exactly"},{"goals":"12","odds":"1.25","header":"Under"},{"goals":"13","odds":"8.00","header":"Over"},{"goals":"13","odds":"12.00","header":"Exactly"},{"goals":"13","odds":"1.14","header":"Under"},{"goals":"14","odds":"13.00","header":"Over"},{"goals":"14","odds":"17.00","header":"Exactly"},{"goals":"14","odds":"1.06","header":"Under"},{"goals":"15","odds":"17.00","header":"Over"},{"goals":"15","odds":"21.00","header":"Exactly"},{"goals":"15","odds":"1.04","header":"Under"},{"goals":"16","odds":"23.00","header":"Over"},{"goals":"16","odds":"26.00","header":"Exactly"},{"goals":"16","odds":"1.02","header":"Under"},{"goals":"17","odds":"34.00","header":"Over"},{"goals":"17","odds":"34.00","header":"Exactly"},{"goals":"17","odds":"1.01","header":"Under"}],"corners_2_way":[{"opp":"Over 9.5","odds":"1.91"},{"opp":"Under 9.5","odds":"1.80"}],"first_half_corners":[{"opp":"4","odds":"2.00","header":"Over"},{"opp":"4","odds":"4.75","header":"Exactly"},{"opp":"4","odds":"2.75","header":"Under"}],"asian_total_corners":[{"goals":"9.5","odds":"2.000","header":"Over"},{"goals":"9.5","odds":"1.800","header":"Under"}],"1st_half_asian_corners":[{"goals":"4.5","odds":"2.000","header":"Over"},{"goals":"4.5","odds":"1.800","header":"Under"}]}},"goals":{"updated_at":"1532570817","sp":{"goals_over_under":[{"goals":"2.5","odds":"1.90","header":"Over"},{"goals":"2.5","odds":"1.90","header":"Under"}],"first_team_to_score":[{"opp":"Cagliari","odds":"1.57"},{"opp":"No Goals","odds":"10.00"},{"opp":"Cremonese","odds":"2.62"}],"home_team_highest_scoring_half":[{"opp":"Cagliari - 1st Half","odds":"3.40"},{"opp":"Cagliari - 2nd Half","odds":"2.30"},{"opp":"Cagliari - Tie","odds":"2.62"}],"away_team_highest_scoring_half":[{"opp":"Cremonese - 1st Half","odds":"4.00"},{"opp":"Cremonese - 2nd Half","odds":"2.75"},{"opp":"Cremonese - Tie","odds":"2.00"}],"goals_odd_even":[{"opp":"Even","odds":"1.90"},{"opp":"Odd","odds":"1.95"}],"home_team_odd_even_goals":[{"opp":"Cagliari - Even","odds":"1.80"},{"opp":"Cagliari - Odd","odds":"1.91"}],"away_team_odd_even_goals":[{"opp":"Cremonese - Even","odds":"1.67"},{"opp":"Cremonese - Odd","odds":"2.10"}],"1st_half_goals_odd_even":[{"opp":"Odd","odds":"2.10"},{"opp":"Even","odds":"1.73"}]}},"half":{"updated_at":"1532570834","sp":{"half_time_result":[{"opp":"1","odds":"2.40"},{"opp":"X","odds":"2.10"},{"opp":"2","odds":"4.33"}],"half_time_double_chance":[{"opp":"1X","odds":"1.20"},{"opp":"X2","odds":"1.53"},{"opp":"12","odds":"1.67"}],"half_time_correct_score":[{"opp":"1-0","odds":"3.75","header":"Home"},{"opp":"0-0","odds":"2.75","header":"X"},{"opp":"1-0","odds":"6.00","header":"Away"},{"opp":"2-0","odds":"9.50","header":"Home"},{"opp":"1-1","odds":"8.50","header":"X"},{"opp":"2-0","odds":"21.00","header":"Away"},{"opp":"2-1","odds":"21.00","header":"Home"},{"opp":"2-2","odds":"51.00","header":"X"},{"opp":"2-1","odds":"34.00","header":"Away"},{"opp":"3-0","odds":"29.00","header":"Home"},{"opp":"3-0","odds":"67.00","header":"Away"},{"opp":"3-1","odds":"51.00","header":"Home"},{"opp":"3-1","odds":"101.00","header":"Away"},{"opp":"3-2","odds":"151.00","header":"Home"},{"opp":"4-0","odds":"81.00","header":"Home"}],"first_half_corners":[{"opp":"4","odds":"2.00","header":"Over"},{"opp":"4","odds":"4.75","header":"Exactly"},{"opp":"4","odds":"2.75","header":"Under"}],"1st_half_asian_corners":[{"goals":"4.5","odds":"2.000","header":"Over"},{"goals":"4.5","odds":"1.800","header":"Under"}],"1st_half_goals_odd_even":[{"opp":"Odd","odds":"2.10"},{"opp":"Even","odds":"1.73"}],"home_team_highest_scoring_half":[{"opp":"Cagliari - 1st Half","odds":"3.40"},{"opp":"Cagliari - 2nd Half","odds":"2.30"},{"opp":"Cagliari - Tie","odds":"2.62"}],"away_team_highest_scoring_half":[{"opp":"Cremonese - 1st Half","odds":"4.00"},{"opp":"Cremonese - 2nd Half","odds":"2.75"},{"opp":"Cremonese - Tie","odds":"2.00"}],"2nd_half_goals_odd_even":[{"opp":"Even","odds":"1.80"},{"opp":"Odd","odds":"1.91"}]}},"main":{"updated_at":"1532570621","sp":{"full_time_result":[{"opp":"1","odds":"1.80"},{"opp":"X","odds":"3.25"},{"opp":"2","odds":"4.00"}],"double_chance":[{"opp":"1X","odds":"1.22"},{"opp":"X2","odds":"1.91"},{"opp":"12","odds":"1.33"}],"correct_score":[{"opp":"1-0","odds":"7.50","header":"Home"},{"opp":"0-0","odds":"10.00","header":"X"},{"opp":"1-0","odds":"12.00","header":"Away"},{"opp":"2-0","odds":"8.50","header":"Home"},{"opp":"1-1","odds":"6.50","header":"X"},{"opp":"2-0","odds":"21.00","header":"Away"},{"opp":"2-1","odds":"8.50","header":"Home"},{"opp":"2-2","odds":"15.00","header":"X"},{"opp":"2-1","odds":"15.00","header":"Away"},{"opp":"3-0","odds":"15.00","header":"Home"},{"opp":"3-3","odds":"51.00","header":"X"},{"opp":"3-0","odds":"41.00","header":"Away"},{"opp":"3-1","odds":"15.00","header":"Home"},{"opp":"3-1","odds":"34.00","header":"Away"},{"opp":"3-2","odds":"26.00","header":"Home"},{"opp":"3-2","odds":"41.00","header":"Away"},{"opp":"4-0","odds":"29.00","header":"Home"},{"opp":"4-0","odds":"101.00","header":"Away"},{"opp":"4-1","odds":"29.00","header":"Home"},{"opp":"4-1","odds":"81.00","header":"Away"},{"opp":"4-2","odds":"51.00","header":"Home"},{"opp":"4-2","odds":"81.00","header":"Away"},{"opp":"4-3","odds":"101.00","header":"Home"},{"opp":"4-3","odds":"151.00","header":"Away"},{"opp":"5-0","odds":"51.00","header":"Home"},{"opp":"5-1","odds":"51.00","header":"Home"},{"opp":"5-2","odds":"101.00","header":"Home"},{"opp":"6-0","odds":"151.00","header":"Home"},{"opp":"6-1","odds":"151.00","header":"Home"}],"half_time_full_time":[{"opp":"Cagliari - Cagliari","odds":"2.88"},{"opp":"Cagliari - Draw","odds":"15.00"},{"opp":"Cagliari - Cremonese","odds":"34.00"},{"opp":"Draw - Cagliari","odds":"4.75"},{"opp":"Draw - Draw","odds":"5.50"},{"opp":"Draw - Cremonese","odds":"8.50"},{"opp":"Cremonese - Cagliari","odds":"23.00"},{"opp":"Cremonese - Draw","odds":"15.00"},{"opp":"Cremonese - Cremonese","odds":"7.00"}],"goals_over_under":[{"goals":"2.5","odds":"1.90","header":"Over"},{"goals":"2.5","odds":"1.90","header":"Under"}],"draw_no_bet":[{"opp":"Cagliari","odds":"1.33"},{"opp":"Cremonese","odds":"3.25"}]}},"schedule":{"updated_at":"1532570436","sp":{"main":[{"odds":"1.80"},{"odds":"3.25"},{"odds":"4.00"}]}}}]}}