{"odd":{"success":1,"results":[{"FI":"75382901","event_id":"847781","goals":{"updated_at":"1532570651","sp":{"goals_over_under":[{"goals":"2.5","odds":"2.15","header":"Over"},{"goals":"2.5","odds":"1.68","header":"Under"}],"first_team_to_score":[{"opp":"Qashqai Shiraz","odds":"2.88"},{"opp":"No Goals","odds":"8.00"},{"opp":"Gol Gohar","odds":"1.53"}],"home_team_highest_scoring_half":[{"opp":"Qashqai Shiraz - 1st Half","odds":"4.50"},{"opp":"Qashqai Shiraz - 2nd Half","odds":"3.25"},{"opp":"Qashqai Shiraz - Tie","odds":"1.73"}],"away_team_highest_scoring_half":[{"opp":"Gol Gohar - 1st Half","odds":"3.25"},{"opp":"Gol Gohar - 2nd Half","odds":"2.30"},{"opp":"Gol Gohar - Tie","odds":"2.62"}],"goals_odd_even":[{"opp":"Even","odds":"1.90"},{"opp":"Odd","odds":"1.95"}],"home_team_odd_even_goals":[{"opp":"Qashqai Shiraz - Even","odds":"1.53"},{"opp":"Qashqai Shiraz - Odd","odds":"2.38"}],"away_team_odd_even_goals":[{"opp":"Gol Gohar - Even","odds":"1.80"},{"opp":"Gol Gohar - Odd","odds":"1.91"}],"1st_half_goals_odd_even":[{"opp":"Odd","odds":"2.20"},{"opp":"Even","odds":"1.67"}]}},"half":{"updated_at":"1532570659","sp":{"half_time_result":[{"opp":"1","odds":"6.00"},{"opp":"X","odds":"2.05"},{"opp":"2","odds":"2.20"}],"half_time_double_chance":[{"opp":"1X","odds":"1.62"},{"opp":"X2","odds":"1.12"},{"opp":"12","odds":"1.73"}],"half_time_correct_score":[{"opp":"1-0","odds":"7.50","header":"Home"},{"opp":"0-0","odds":"2.62","header":"X"},{"opp":"1-0","odds":"3.40","header":"Away"},{"opp":"2-0","odds":"34.00","header":"Home"},{"opp":"1-1","odds":"10.00","header":"X"},{"opp":"2-0","odds":"8.50","header":"Away"},{"opp":"2-1","odds":"41.00","header":"Home"},{"opp":"2-2","odds":"81.00","header":"X"},{"opp":"2-1","odds":"23.00","header":"Away"},{"opp":"3-0","odds":"126.00","header":"Home"},{"opp":"3-0","odds":"26.00","header":"Away"},{"opp":"3-1","odds":"51.00","header":"Away"},{"opp":"4-0","odds":"81.00","header":"Away"}],"1st_half_goals_odd_even":[{"opp":"Odd","odds":"2.20"},{"opp":"Even","odds":"1.67"}],"home_team_highest_scoring_half":[{"opp":"Qashqai Shiraz - 1st Half","odds":"4.50"},{"opp":"Qashqai Shiraz - 2nd Half","odds":"3.25"},{"opp":"Qashqai Shiraz - Tie","odds":"1.73"}],"away_team_highest_scoring_half":[{"opp":"Gol Gohar - 1st Half","odds":"3.25"},{"opp":"Gol Gohar - 2nd Half","odds":"2.30"},{"opp":"Gol Gohar - Tie","odds":"2.62"}],"2nd_half_goals_odd_even":[{"opp":"Even","odds":"1.73"},{"opp":"Odd","odds":"2.00"}]}},"main":{"updated_at":"1532570638","sp":{"full_time_result":[{"opp":"1","odds":"5.50"},{"opp":"X","odds":"3.40"},{"opp":"2","odds":"1.57"}],"double_chance":[{"opp":"1X","odds":"2.25"},{"opp":"X2","odds":"1.12"},{"opp":"12","odds":"1.30"}],"correct_score":[{"opp":"1-0","odds":"13.00","header":"Home"},{"opp":"0-0","odds":"8.00","header":"X"},{"opp":"1-0","odds":"5.50","header":"Away"},{"opp":"2-0","odds":"29.00","header":"Home"},{"opp":"1-1","odds":"7.00","header":"X"},{"opp":"2-0","odds":"6.50","header":"Away"},{"opp":"2-1","odds":"21.00","header":"Home"},{"opp":"2-2","odds":"21.00","header":"X"},{"opp":"2-1","odds":"9.00","header":"Away"},{"opp":"3-0","odds":"67.00","header":"Home"},{"opp":"3-3","odds":"81.00","header":"X"},{"opp":"3-0","odds":"11.00","header":"Away"},{"opp":"3-1","odds":"51.00","header":"Home"},{"opp":"3-1","odds":"15.00","header":"Away"},{"opp":"3-2","odds":"51.00","header":"Home"},{"opp":"3-2","odds":"34.00","header":"Away"},{"opp":"4-1","odds":"151.00","header":"Home"},{"opp":"4-0","odds":"23.00","header":"Away"},{"opp":"4-1","odds":"29.00","header":"Away"},{"opp":"4-2","odds":"51.00","header":"Away"},{"opp":"4-3","odds":"151.00","header":"Away"},{"opp":"5-0","odds":"51.00","header":"Away"},{"opp":"5-1","odds":"51.00","header":"Away"},{"opp":"5-2","odds":"126.00","header":"Away"},{"opp":"6-0","odds":"101.00","header":"Away"},{"opp":"6-1","odds":"151.00","header":"Away"}],"half_time_full_time":[{"opp":"Qashqai Shiraz - Qashqai Shiraz","odds":"10.00"},{"opp":"Qashqai Shiraz - Draw","odds":"19.00"},{"opp":"Qashqai Shiraz - Gol Gohar","odds":"26.00"},{"opp":"Draw - Qashqai Shiraz","odds":"11.00"},{"opp":"Draw - Draw","odds":"5.00"},{"opp":"Draw - Gol Gohar","odds":"4.00"},{"opp":"Gol Gohar - Qashqai Shiraz","odds":"41.00"},{"opp":"Gol Gohar - Draw","odds":"15.00"},{"opp":"Gol Gohar - Gol Gohar","odds":"2.50"}],"goals_over_under":[{"goals":"2.5","odds":"2.15","header":"Over"},{"goals":"2.5","odds":"1.68","header":"Under"}],"draw_no_bet":[{"opp":"Qashqai Shiraz","odds":"4.33"},{"opp":"Gol Gohar","odds":"1.20"}]}},"schedule":{"updated_at":"1532570716","sp":{"main":[{"odds":"5.50"},{"odds":"3.40"},{"odds":"1.57"}]}}}]}}