{"odd":{"success":1,"results":[{"FI":"75226775","event_id":"825487","asian_lines":{"updated_at":"1532569821","sp":{"asian_handicap":[{"opp":"-0.5, -1.0","odds":"1.750","header":"Home"},{"opp":"+0.5, +1.0","odds":"2.125","header":"Away"}],"goal_line":[{"goals":"2.0, 2.5","odds":"1.950","header":"Over"},{"goals":"2.0, 2.5","odds":"1.900","header":"Under"}],"alternative_asian_handicap":[{"opp":"-2.5","odds":"5.750","header":"Home"},{"opp":"+2.5","odds":"1.140","header":"Away"},{"opp":"-2.0, -2.5","odds":"5.250","header":"Home"},{"opp":"+2.0, +2.5","odds":"1.160","header":"Away"},{"opp":"-2.0","odds":"4.500","header":"Home"},{"opp":"+2.0","odds":"1.190","header":"Away"},{"opp":"-1.5, -2.0","odds":"3.300","header":"Home"},{"opp":"+1.5, +2.0","odds":"1.325","header":"Away"},{"opp":"-1.5","odds":"2.675","header":"Home"},{"opp":"+1.5","odds":"1.450","header":"Away"},{"opp":"-1.0, -1.5","odds":"2.350","header":"Home"},{"opp":"+1.0, +1.5","odds":"1.575","header":"Away"},{"opp":"-1.0","odds":"2.025","header":"Home"},{"opp":"+1.0","odds":"1.775","header":"Away"},{"opp":"-0.5","odds":"1.575","header":"Home"},{"opp":"+0.5","odds":"2.350","header":"Away"},{"opp":"0.0, -0.5","odds":"1.375","header":"Home"},{"opp":"0.0, +0.5","odds":"3.000","header":"Away"},{"opp":"0.0","odds":"1.190","header":"Home"},{"opp":"0.0","odds":"4.500","header":"Away"},{"opp":"0.0, +0.5","odds":"1.150","header":"Home"},{"opp":"0.0, -0.5","odds":"5.500","header":"Away"},{"opp":"+0.5","odds":"1.125","header":"Home"},{"opp":"-0.5","odds":"6.000","header":"Away"}],"alternative_goal_line":[{"goals":"1.0","odds":"1.110","header":"Over"},{"goals":"1.0","odds":"6.600","header":"Under"},{"goals":"1.0, 1.5","odds":"1.240","header":"Over"},{"goals":"1.0, 1.5","odds":"3.900","header":"Under"},{"goals":"1.5","odds":"1.375","header":"Over"},{"goals":"1.5","odds":"3.000","header":"Under"},{"goals":"1.5, 2.0","odds":"1.475","header":"Over"},{"goals":"1.5, 2.0","odds":"2.600","header":"Under"},{"goals":"2.0","odds":"1.625","header":"Over"},{"goals":"2.0","odds":"2.250","header":"Under"},{"goals":"2.5","odds":"2.150","header":"Over"},{"goals":"2.5","odds":"1.675","header":"Under"},{"goals":"2.5, 3.0","odds":"2.500","header":"Over"},{"goals":"2.5, 3.0","odds":"1.500","header":"Under"},{"goals":"3.0","odds":"3.300","header":"Over"},{"goals":"3.0","odds":"1.325","header":"Under"},{"goals":"3.0, 3.5","odds":"3.550","header":"Over"},{"goals":"3.0, 3.5","odds":"1.275","header":"Under"},{"goals":"3.5","odds":"3.900","header":"Over"},{"goals":"3.5","odds":"1.240","header":"Under"},{"goals":"3.5, 4.0","odds":"5.000","header":"Over"},{"goals":"3.5, 4.0","odds":"1.170","header":"Under"}],"1st_half_asian_handicap":[{"opp":"0.0, -0.5","odds":"1.750","header":"Home"},{"opp":"0.0, +0.5","odds":"2.050","header":"Away"}],"1st_half_goal_line":[{"goals":"1.0","odds":"2.100","header":"Over"},{"goals":"1.0","odds":"1.700","header":"Under"}],"alternative_1st_half_asian_handicap":[{"opp":"-1.5","odds":"6.400","header":"Home"},{"opp":"+1.5","odds":"1.115","header":"Away"},{"opp":"-1.0, -1.5","odds":"5.750","header":"Home"},{"opp":"+1.0, +1.5","odds":"1.140","header":"Away"},{"opp":"-1.0","odds":"4.500","header":"Home"},{"opp":"+1.0","odds":"1.190","header":"Away"},{"opp":"-0.5, -1.0","odds":"2.750","header":"Home"},{"opp":"+0.5, +1.0","odds":"1.425","header":"Away"},{"opp":"-0.5","odds":"2.200","header":"Home"},{"opp":"+0.5","odds":"1.650","header":"Away"},{"opp":"0.0","odds":"1.275","header":"Home"},{"opp":"0.0","odds":"3.550","header":"Away"},{"opp":"0.0, +0.5","odds":"1.170","header":"Home"},{"opp":"0.0, -0.5","odds":"5.000","header":"Away"},{"opp":"+0.5","odds":"1.125","header":"Home"},{"opp":"-0.5","odds":"6.000","header":"Away"}],"alternative_1st_half_goal_line":[{"goals":"0.5, 1.0","odds":"1.675","header":"Over"},{"goals":"0.5, 1.0","odds":"2.150","header":"Under"},{"goals":"1.0, 1.5","odds":"2.675","header":"Over"},{"goals":"1.0, 1.5","odds":"1.450","header":"Under"},{"goals":"1.5","odds":"3.300","header":"Over"},{"goals":"1.5","odds":"1.325","header":"Under"},{"goals":"1.5, 2.0","odds":"4.250","header":"Over"},{"goals":"1.5, 2.0","odds":"1.210","header":"Under"}],"asian_total_corners":[{"goals":"9.0","odds":"1.925","header":"Over"},{"goals":"9.0","odds":"1.875","header":"Under"}],"1st_half_asian_corners":[{"goals":"4.0","odds":"1.725","header":"Over"},{"goals":"4.0","odds":"2.075","header":"Under"}]}},"corners":{"updated_at":"1532570431","sp":{"corners":[{"opp":"Over 9","odds":"2.10"},{"opp":"Exactly 9","odds":"7.00"},{"opp":"Under 9","odds":"2.10"}],"total_corners":[{"opp":"Under 6","odds":"7.00"},{"opp":"6 - 8","odds":"2.75"},{"opp":"9 - 11","odds":"2.62"},{"opp":"12 - 14","odds":"5.00"},{"opp":"Over 14","odds":"15.00"}],"alternative_corners":[{"goals":"3","odds":"1.02","header":"Over"},{"goals":"3","odds":"26.00","header":"Exactly"},{"goals":"3","odds":"41.00","header":"Under"},{"goals":"4","odds":"1.04","header":"Over"},{"goals":"4","odds":"17.00","header":"Exactly"},{"goals":"4","odds":"21.00","header":"Under"},{"goals":"5","odds":"1.08","header":"Over"},{"goals":"5","odds":"13.00","header":"Exactly"},{"goals":"5","odds":"13.00","header":"Under"},{"goals":"6","odds":"1.20","header":"Over"},{"goals":"6","odds":"9.00","header":"Exactly"},{"goals":"6","odds":"7.00","header":"Under"},{"goals":"7","odds":"1.40","header":"Over"},{"goals":"7","odds":"8.00","header":"Exactly"},{"goals":"7","odds":"4.33","header":"Under"},{"goals":"8","odds":"1.67","header":"Over"},{"goals":"8","odds":"7.00","header":"Exactly"},{"goals":"8","odds":"2.88","header":"Under"},{"goals":"10","odds":"2.88","header":"Over"},{"goals":"10","odds":"8.00","header":"Exactly"},{"goals":"10","odds":"1.67","header":"Under"},{"goals":"11","odds":"4.00","header":"Over"},{"goals":"11","odds":"9.00","header":"Exactly"},{"goals":"11","odds":"1.40","header":"Under"},{"goals":"12","odds":"6.00","header":"Over"},{"goals":"12","odds":"11.00","header":"Exactly"},{"goals":"12","odds":"1.22","header":"Under"},{"goals":"13","odds":"9.00","header":"Over"},{"goals":"13","odds":"13.00","header":"Exactly"},{"goals":"13","odds":"1.12","header":"Under"},{"goals":"14","odds":"13.00","header":"Over"},{"goals":"14","odds":"17.00","header":"Exactly"},{"goals":"14","odds":"1.06","header":"Under"},{"goals":"15","odds":"19.00","header":"Over"},{"goals":"15","odds":"21.00","header":"Exactly"},{"goals":"15","odds":"1.04","header":"Under"},{"goals":"16","odds":"26.00","header":"Over"},{"goals":"16","odds":"29.00","header":"Exactly"},{"goals":"16","odds":"1.02","header":"Under"},{"goals":"17","odds":"34.00","header":"Over"},{"goals":"17","odds":"41.00","header":"Exactly"},{"goals":"17","odds":"1.01","header":"Under"}],"corners_2_way":[{"opp":"Over 8.5","odds":"1.67"},{"opp":"Under 8.5","odds":"2.10"}],"first_half_corners":[{"opp":"4","odds":"2.10","header":"Over"},{"opp":"4","odds":"4.75","header":"Exactly"},{"opp":"4","odds":"2.50","header":"Under"}],"asian_total_corners":[{"goals":"9.0","odds":"1.925","header":"Over"},{"goals":"9.0","odds":"1.875","header":"Under"}],"1st_half_asian_corners":[{"goals":"4.0","odds":"1.725","header":"Over"},{"goals":"4.0","odds":"2.075","header":"Under"}]}},"goals":{"updated_at":"1532569836","sp":{"goals_over_under":[{"goals":"2.5","odds":"2.15","header":"Over"},{"goals":"2.5","odds":"1.67","header":"Under"}],"alternative_total_goals":[{"goals":"0.5","odds":"1.08","header":"Over "},{"goals":"0.5","odds":"8.00","header":"Under"},{"goals":"1.5","odds":"1.36","header":"Over "},{"goals":"1.5","odds":"3.00","header":"Under"},{"goals":"3.5","odds":"4.00","header":"Over "},{"goals":"3.5","odds":"1.22","header":"Under"},{"goals":"4.5","odds":"9.00","header":"Over "},{"goals":"4.5","odds":"1.07","header":"Under"},{"goals":"5.5","odds":"19.00","header":"Over "},{"goals":"5.5","odds":"1.02","header":"Under"}],"result_total_goals":[{"opp":"Ural & Over 2.5","odds":"2.75"},{"opp":"Ural & Under 2.5","odds":"3.25"},{"opp":"Draw & Over 2.5","odds":"19.00"},{"opp":"Draw & Under  2.5","odds":"4.33"},{"opp":"Anzhi Makhachkala & Over 2.5","odds":"13.00"},{"opp":"Anzhi Makhachkala & Under 2.5","odds":"10.00"}],"total_goals_both_teams_to_score":[{"opp":"Over 2.5 & Yes","odds":"2.88"},{"opp":"Over 2.5 & No","odds":"7.00"},{"opp":"Under 2.5 & Yes","odds":"7.00"},{"opp":"Under 2.5 & No","odds":"2.05"}],"exact_total_goals":[{"opp":"0 Goals","odds":"8.00"},{"opp":"1 Goal","odds":"4.33"},{"opp":"2 Goals","odds":"3.40"},{"opp":"3 Goals","odds":"4.33"},{"opp":"4 Goals","odds":"6.50"},{"opp":"5 Goals","odds":"13.00"},{"opp":"6 Goals","odds":"29.00"},{"opp":"7+ Goals","odds":"41.00"}],"number_of_goals_in_match":[{"opp":"Under 2 goals","odds":"3.00"},{"opp":"2 or 3 goals","odds":"1.95"},{"opp":"Over 3 goals","odds":"4.00"}],"both_teams_to_score":[{"opp":"Yes","odds":"2.10"},{"opp":"No","odds":"1.67"}],"teams_to_score":[{"opp":"Both Teams","odds":"2.10"},{"opp":"Ural Only","odds":"2.30"},{"opp":"No Goal","odds":"8.00"},{"opp":"Anzhi Makhachkala Only","odds":"9.50"}],"both_teams_to_score_in_1st_half":[{"opp":"Yes","odds":"6.00"},{"opp":"No","odds":"1.12"}],"both_teams_to_score_in_2nd_half":[{"opp":"Yes","odds":"4.00"},{"opp":"No","odds":"1.22"}],"both_teams_to_score_1st_half_2nd_half":[{"opp":"Yes \/ Yes","odds":"23.00"},{"opp":"Yes \/ No","odds":"7.00"},{"opp":"No \/ Yes","odds":"4.50"},{"opp":"No \/ No","odds":"1.40"}],"first_half_goals":[{"goals":"0.5","odds":"1.44","header":"Over"},{"goals":"0.5","odds":"2.62","header":"Under"},{"goals":"1.5","odds":"3.25","header":"Over"},{"goals":"1.5","odds":"1.33","header":"Under"},{"goals":"2.5","odds":"10.00","header":"Over"},{"goals":"2.5","odds":"1.06","header":"Under"},{"goals":"3.5","odds":"26.00","header":"Over"},{"goals":"3.5","odds":"1.01","header":"Under"}],"exact_1st_half_goals":[{"opp":"0 Goals","odds":"2.62"},{"opp":"1 Goal","odds":"2.50"},{"opp":"2 Goals","odds":"4.50"},{"opp":"3 Goals","odds":"12.00"},{"opp":"4 Goals","odds":"41.00"},{"opp":"5+ Goals","odds":"81.00"}],"total_goal_minutes":[{"opp":"Over 130 minutes","odds":"2.20"},{"opp":"110 To 130 minutes inc.","odds":"8.50"},{"opp":"Under 110 minutes","odds":"1.83"}],"first_team_to_score":[{"opp":"Ural","odds":"1.40"},{"opp":"No Goals","odds":"8.00"},{"opp":"Anzhi Makhachkala","odds":"3.50"}],"early_goal":[{"opp":"Goal before 32:00","odds":"1.83"},{"opp":"No Goal before 32:00","odds":"1.83"}],"late_goal":[{"opp":"Goal after 70:59","odds":"1.83"},{"opp":"No Goal after 70:59","odds":"1.83"}],"time_of_first_goal_brackets":[{"opp":"1-10","odds":"4.75"},{"opp":"11-20","odds":"5.50"},{"opp":"21-30","odds":"6.50"},{"opp":"31-40","odds":"7.50"},{"opp":"41-50","odds":"8.00"},{"opp":"51-60","odds":"12.00"},{"opp":"61-70","odds":"15.00"},{"opp":"71-80","odds":"19.00"},{"opp":"81 - Full Time","odds":"17.00"},{"opp":"No Goal","odds":"8.00"}],"2nd_half_goals":[{"goals":"0.5","odds":"1.29","header":"Over"},{"goals":"0.5","odds":"3.50","header":"Under"},{"goals":"1.5","odds":"2.25","header":"Over"},{"goals":"1.5","odds":"1.57","header":"Under"},{"goals":"2.5","odds":"5.50","header":"Over"},{"goals":"2.5","odds":"1.14","header":"Under"},{"goals":"3.5","odds":"15.00","header":"Over"},{"goals":"3.5","odds":"1.03","header":"Under"}],"exact_2nd_half_goals":[{"opp":"0 Goals","odds":"3.50"},{"opp":"1 Goal","odds":"2.62"},{"opp":"2 Goals","odds":"3.75"},{"opp":"3 Goals","odds":"8.00"},{"opp":"4 Goals","odds":"21.00"},{"opp":"5+ Goals","odds":"41.00"}],"half_with_most_goals":[{"opp":"1st Half","odds":"3.20"},{"opp":"2nd Half","odds":"2.10"},{"opp":"Tie","odds":"3.40"}],"home_team_highest_scoring_half":[{"opp":"Ural - 1st Half","odds":"3.25"},{"opp":"Ural - 2nd Half","odds":"2.30"},{"opp":"Ural - Tie","odds":"2.62"}],"away_team_highest_scoring_half":[{"opp":"Anzhi Makhachkala - 1st Half","odds":"4.50"},{"opp":"Anzhi Makhachkala - 2nd Half","odds":"3.25"},{"opp":"Anzhi Makhachkala - Tie","odds":"1.67"}],"home_team_exact_goals":[{"opp":"Ural - 0 Goals","odds":"5.00"},{"opp":"Ural - 1 Goal","odds":"2.88"},{"opp":"Ural - 2 Goals","odds":"3.40"},{"opp":"Ural - 3+ Goals","odds":"3.75"}],"away_team_exact_goals":[{"opp":"Anzhi Makhachkala - 0 Goals","odds":"1.91"},{"opp":"Anzhi Makhachkala - 1 Goal","odds":"2.50"},{"opp":"Anzhi Makhachkala - 2 Goals","odds":"6.50"},{"opp":"Anzhi Makhachkala - 3+ Goals","odds":"19.00"}],"time_of_1st_team_goal":[{"opp":"Ural - Goal before 43:00","odds":"1.83"},{"opp":"Ural - No Goal before 43:00","odds":"1.83"},{"opp":"Anzhi Makhachkala - Goal before 79:00","odds":"2.10"},{"opp":"Anzhi Makhachkala - No Goal before 79:00","odds":"1.67"}],"goals_odd_even":[{"opp":"Even","odds":"1.90"},{"opp":"Odd","odds":"1.95"}],"home_team_odd_even_goals":[{"opp":"Ural - Even","odds":"1.80"},{"opp":"Ural - Odd","odds":"1.91"}],"away_team_odd_even_goals":[{"opp":"Anzhi Makhachkala - Even","odds":"1.53"},{"opp":"Anzhi Makhachkala - Odd","odds":"2.38"}],"1st_half_goals_odd_even":[{"opp":"Odd","odds":"2.20"},{"opp":"Even","odds":"1.67"}],"last_team_to_score":[{"opp":"Ural","odds":"1.40"},{"opp":"No Goal","odds":"8.00"},{"opp":"Anzhi Makhachkala","odds":"3.50"}],"first_10_minutes_(00:00_09:59)":[{"name":"Goals","handicap":"0.5","odds":"5.00","header":"Over"},{"name":"Goals","handicap":"0.5","odds":"1.17","header":"Under"}]}},"half":{"updated_at":"1532569845","sp":{"half_time_result":[{"opp":"1","odds":"2.25"},{"opp":"X","odds":"2.10"},{"opp":"2","odds":"6.00"}],"half_time_double_chance":[{"opp":"1X","odds":"1.11"},{"opp":"X2","odds":"1.57"},{"opp":"12","odds":"1.67"}],"half_time_result_both_teams_to_score":[{"opp":"Ural & Yes","odds":"19.00"},{"opp":"Ural & No","odds":"2.40"},{"opp":"Draw & Yes","odds":"9.50"},{"opp":"Draw & No","odds":"2.50"},{"opp":"Anzhi Makhachkala & Yes","odds":"41.00"},{"opp":"Anzhi Makhachkala & No","odds":"6.50"}],"half_time_result_total_goals":[{"opp":"Ural & Over 1.5","odds":"5.50"},{"opp":"Ural & Under 1.5","odds":"3.40"},{"opp":"Draw & Over 1.5","odds":"9.50"},{"opp":"Draw & Under 1.5","odds":"2.62"},{"opp":"Anzhi Makhachkala & Over 1.5","odds":"23.00"},{"opp":"Anzhi Makhachkala & Under 1.5","odds":"7.00"}],"half_time_correct_score":[{"opp":"1-0","odds":"3.40","header":"Home"},{"opp":"0-0","odds":"2.62","header":"X"},{"opp":"1-0","odds":"7.00","header":"Away"},{"opp":"2-0","odds":"8.50","header":"Home"},{"opp":"1-1","odds":"9.50","header":"X"},{"opp":"2-0","odds":"34.00","header":"Away"},{"opp":"2-1","odds":"23.00","header":"Home"},{"opp":"2-2","odds":"81.00","header":"X"},{"opp":"2-1","odds":"41.00","header":"Away"},{"opp":"3-0","odds":"29.00","header":"Home"},{"opp":"3-0","odds":"151.00","header":"Away"},{"opp":"3-1","odds":"51.00","header":"Home"},{"opp":"3-1","odds":"201.00","header":"Away"},{"opp":"3-2","odds":"251.00","header":"Home"},{"opp":"3-2","odds":"501.00","header":"Away"},{"opp":"4-0","odds":"81.00","header":"Home"},{"opp":"4-1","odds":"201.00","header":"Home"},{"opp":"5-0","odds":"501.00","header":"Home"}],"both_teams_to_score_in_1st_half":[{"opp":"Yes","odds":"6.00"},{"opp":"No","odds":"1.12"}],"both_teams_to_score_in_2nd_half":[{"opp":"Yes","odds":"4.00"},{"opp":"No","odds":"1.22"}],"both_teams_to_score_1st_half_2nd_half":[{"opp":"Yes \/ Yes","odds":"23.00"},{"opp":"Yes \/ No","odds":"7.00"},{"opp":"No \/ Yes","odds":"4.50"},{"opp":"No \/ No","odds":"1.40"}],"1st_half_asian_handicap":[{"opp":"0.0, -0.5","odds":"1.750","header":"Home"},{"opp":"0.0, +0.5","odds":"2.050","header":"Away"}],"1st_half_goal_line":[{"goals":"1.0","odds":"2.100","header":"Over"},{"goals":"1.0","odds":"1.700","header":"Under"}],"alternative_1st_half_asian_handicap":[{"opp":"-1.5","odds":"6.400","header":"Home"},{"opp":"+1.5","odds":"1.115","header":"Away"},{"opp":"-1.0, -1.5","odds":"5.750","header":"Home"},{"opp":"+1.0, +1.5","odds":"1.140","header":"Away"},{"opp":"-1.0","odds":"4.500","header":"Home"},{"opp":"+1.0","odds":"1.190","header":"Away"},{"opp":"-0.5, -1.0","odds":"2.750","header":"Home"},{"opp":"+0.5, +1.0","odds":"1.425","header":"Away"},{"opp":"-0.5","odds":"2.200","header":"Home"},{"opp":"+0.5","odds":"1.650","header":"Away"},{"opp":"0.0","odds":"1.275","header":"Home"},{"opp":"0.0","odds":"3.550","header":"Away"},{"opp":"0.0, +0.5","odds":"1.170","header":"Home"},{"opp":"0.0, -0.5","odds":"5.000","header":"Away"},{"opp":"+0.5","odds":"1.125","header":"Home"},{"opp":"-0.5","odds":"6.000","header":"Away"}],"alternative_1st_half_goal_line":[{"goals":"0.5, 1.0","odds":"1.675","header":"Over"},{"goals":"0.5, 1.0","odds":"2.150","header":"Under"},{"goals":"1.0, 1.5","odds":"2.675","header":"Over"},{"goals":"1.0, 1.5","odds":"1.450","header":"Under"},{"goals":"1.5","odds":"3.300","header":"Over"},{"goals":"1.5","odds":"1.325","header":"Under"},{"goals":"1.5, 2.0","odds":"4.250","header":"Over"},{"goals":"1.5, 2.0","odds":"1.210","header":"Under"}],"1st_half_handicap":[{"opp":"Ural  -1.0","odds":"6.50"},{"opp":"Tie - Anzhi Makhachkala +1.0","odds":"3.00"},{"opp":"Anzhi Makhachkala  +1.0","odds":"1.57"}],"alternative_1st_half_handicap_result":[{"opp":"-2.0","odds":"19.00","header":"Home"},{"opp":"+2.0","odds":"7.00","header":"Tie"},{"opp":"+2.0","odds":"1.10","header":"Away"},{"opp":"+1.0","odds":"1.11","header":"Home"},{"opp":"-1.0","odds":"6.50","header":"Tie"},{"opp":"-1.0","odds":"23.00","header":"Away"}],"first_half_goals":[{"goals":"0.5","odds":"1.44","header":"Over"},{"goals":"0.5","odds":"2.62","header":"Under"},{"goals":"1.5","odds":"3.25","header":"Over"},{"goals":"1.5","odds":"1.33","header":"Under"},{"goals":"2.5","odds":"10.00","header":"Over"},{"goals":"2.5","odds":"1.06","header":"Under"},{"goals":"3.5","odds":"26.00","header":"Over"},{"goals":"3.5","odds":"1.01","header":"Under"}],"exact_1st_half_goals":[{"opp":"0 Goals","odds":"2.62"},{"opp":"1 Goal","odds":"2.50"},{"opp":"2 Goals","odds":"4.50"},{"opp":"3 Goals","odds":"12.00"},{"opp":"4 Goals","odds":"41.00"},{"opp":"5+ Goals","odds":"81.00"}],"first_half_corners":[{"opp":"4","odds":"2.10","header":"Over"},{"opp":"4","odds":"4.75","header":"Exactly"},{"opp":"4","odds":"2.50","header":"Under"}],"1st_half_asian_corners":[{"goals":"4.0","odds":"1.725","header":"Over"},{"goals":"4.0","odds":"2.075","header":"Under"}],"1st_half_goals_odd_even":[{"opp":"Odd","odds":"2.20"},{"opp":"Even","odds":"1.67"}],"to_score_in_half":[{"name":"1st Half","odds":"1.80","header":"Yes"},{"name":"1st Half","odds":"1.91","header":"No"},{"name":"2nd Half","odds":"1.53","header":"Yes"},{"name":"2nd Half","odds":"2.38","header":"No"},{"name":"1st Half","odds":"3.40","header":"Yes"},{"name":"1st Half","odds":"1.30","header":"No"},{"name":"2nd Half","odds":"2.62","header":"Yes"},{"name":"2nd Half","odds":"1.44","header":"No"}],"half_with_most_goals":[{"opp":"1st Half","odds":"3.20"},{"opp":"2nd Half","odds":"2.10"},{"opp":"Tie","odds":"3.40"}],"home_team_highest_scoring_half":[{"opp":"Ural - 1st Half","odds":"3.25"},{"opp":"Ural - 2nd Half","odds":"2.30"},{"opp":"Ural - Tie","odds":"2.62"}],"away_team_highest_scoring_half":[{"opp":"Anzhi Makhachkala - 1st Half","odds":"4.50"},{"opp":"Anzhi Makhachkala - 2nd Half","odds":"3.25"},{"opp":"Anzhi Makhachkala - Tie","odds":"1.67"}],"2nd_half_result":[{"opp":"1","odds":"1.91"},{"opp":"X","odds":"2.40"},{"opp":"2","odds":"5.50"}],"2nd_half_goals":[{"goals":"0.5","odds":"1.29","header":"Over"},{"goals":"0.5","odds":"3.50","header":"Under"},{"goals":"1.5","odds":"2.25","header":"Over"},{"goals":"1.5","odds":"1.57","header":"Under"},{"goals":"2.5","odds":"5.50","header":"Over"},{"goals":"2.5","odds":"1.14","header":"Under"},{"goals":"3.5","odds":"15.00","header":"Over"},{"goals":"3.5","odds":"1.03","header":"Under"}],"exact_2nd_half_goals":[{"opp":"0 Goals","odds":"3.50"},{"opp":"1 Goal","odds":"2.62"},{"opp":"2 Goals","odds":"3.75"},{"opp":"3 Goals","odds":"8.00"},{"opp":"4 Goals","odds":"21.00"},{"opp":"5+ Goals","odds":"41.00"}],"2nd_half_goals_odd_even":[{"opp":"Even","odds":"1.73"},{"opp":"Odd","odds":"2.00"}]}},"main":{"updated_at":"1532569811","sp":{"full_time_result":[{"opp":"1","odds":"1.57"},{"opp":"X","odds":"3.60"},{"opp":"2","odds":"6.50"}],"double_chance":[{"opp":"1X","odds":"1.12"},{"opp":"X2","odds":"2.40"},{"opp":"12","odds":"1.29"}],"correct_score":[{"opp":"1-0","odds":"5.50","header":"Home"},{"opp":"0-0","odds":"8.00","header":"X"},{"opp":"1-0","odds":"13.00","header":"Away"},{"opp":"2-0","odds":"6.50","header":"Home"},{"opp":"1-1","odds":"7.00","header":"X"},{"opp":"2-0","odds":"29.00","header":"Away"},{"opp":"2-1","odds":"8.50","header":"Home"},{"opp":"2-2","odds":"21.00","header":"X"},{"opp":"2-1","odds":"21.00","header":"Away"},{"opp":"3-0","odds":"11.00","header":"Home"},{"opp":"3-3","odds":"81.00","header":"X"},{"opp":"3-0","odds":"81.00","header":"Away"},{"opp":"3-1","odds":"15.00","header":"Home"},{"opp":"3-1","odds":"51.00","header":"Away"},{"opp":"3-2","odds":"34.00","header":"Home"},{"opp":"3-2","odds":"51.00","header":"Away"},{"opp":"4-0","odds":"23.00","header":"Home"},{"opp":"4-0","odds":"301.00","header":"Away"},{"opp":"4-1","odds":"29.00","header":"Home"},{"opp":"4-1","odds":"201.00","header":"Away"},{"opp":"4-2","odds":"51.00","header":"Home"},{"opp":"4-2","odds":"201.00","header":"Away"},{"opp":"4-3","odds":"151.00","header":"Home"},{"opp":"4-3","odds":"401.00","header":"Away"},{"opp":"5-0","odds":"51.00","header":"Home"},{"opp":"5-1","odds":"51.00","header":"Home"},{"opp":"5-2","odds":"126.00","header":"Home"},{"opp":"5-3","odds":"451.00","header":"Home"},{"opp":"6-1","odds":"151.00","header":"Home"},{"opp":"6-0","odds":"126.00","header":"Home"},{"opp":"6-2","odds":"401.00","header":"Home"},{"opp":"7-0","odds":"451.00","header":"Home"}],"half_time_full_time":[{"opp":"Ural - Ural","odds":"2.50"},{"opp":"Ural - Draw","odds":"17.00"},{"opp":"Ural - Anzhi Makhachkala","odds":"51.00"},{"opp":"Draw - Ural","odds":"3.75"},{"opp":"Draw - Draw","odds":"5.00"},{"opp":"Draw - Anzhi Makhachkala","odds":"13.00"},{"opp":"Anzhi Makhachkala - Ural","odds":"23.00"},{"opp":"Anzhi Makhachkala - Draw","odds":"17.00"},{"opp":"Anzhi Makhachkala - Anzhi Makhachkala","odds":"11.00"}],"goals_over_under":[{"goals":"2.5","odds":"2.15","header":"Over"},{"goals":"2.5","odds":"1.67","header":"Under"}],"both_teams_to_score":[{"opp":"Yes","odds":"2.10"},{"opp":"No","odds":"1.67"}],"goalscorers":[{"name":"Vladimir Iljin","odds":"6.00","header":"First"},{"name":"Vladimir Iljin","odds":"6.00","header":"Last"},{"name":"Vladimir Iljin","odds":"2.75","header":"Anytime"},{"name":"Eric Bicfalvi","odds":"7.00","header":"First"},{"name":"Eric Bicfalvi","odds":"7.00","header":"Last"},{"name":"Eric Bicfalvi","odds":"3.10","header":"Anytime"},{"name":"Aleksey Evseev","odds":"8.00","header":"First"},{"name":"Aleksey Evseev","odds":"8.00","header":"Last"},{"name":"Aleksey Evseev","odds":"3.50","header":"Anytime"},{"name":"Nikolay Dimitrov","odds":"8.50","header":"First"},{"name":"Nikolay Dimitrov","odds":"8.50","header":"Last"},{"name":"Nikolay Dimitrov","odds":"3.75","header":"Anytime"},{"name":"Amur Kalmykov","odds":"11.00","header":"First"},{"name":"Amur Kalmykov","odds":"11.00","header":"Last"},{"name":"Amur Kalmykov","odds":"4.75","header":"Anytime"},{"name":"Andrey Egorychev","odds":"12.00","header":"First"},{"name":"Andrey Egorychev","odds":"12.00","header":"Last"},{"name":"Andrey Egorychev","odds":"5.00","header":"Anytime"},{"name":"Othman El Kabir","odds":"12.00","header":"First"},{"name":"Othman El Kabir","odds":"12.00","header":"Last"},{"name":"Othman El Kabir","odds":"5.00","header":"Anytime"},{"name":"Sergey Podoksenov","odds":"12.00","header":"First"},{"name":"Sergey Podoksenov","odds":"12.00","header":"Last"},{"name":"Sergey Podoksenov","odds":"5.00","header":"Anytime"},{"name":"Yuri Bavin","odds":"12.00","header":"First"},{"name":"Yuri Bavin","odds":"12.00","header":"Last"},{"name":"Yuri Bavin","odds":"5.00","header":"Anytime"},{"name":"Ivan Markelov","odds":"13.00","header":"First"},{"name":"Ivan Markelov","odds":"13.00","header":"Last"},{"name":"Ivan Markelov","odds":"5.50","header":"Anytime"},{"name":"Nikita Glushkov","odds":"13.00","header":"First"},{"name":"Nikita Glushkov","odds":"13.00","header":"Last"},{"name":"Nikita Glushkov","odds":"5.50","header":"Anytime"},{"name":"Alexander Prudnikov","odds":"15.00","header":"First"},{"name":"Alexander Prudnikov","odds":"15.00","header":"Last"},{"name":"Alexander Prudnikov","odds":"6.50","header":"Anytime"},{"name":"Konstantin Savichev","odds":"15.00","header":"First"},{"name":"Konstantin Savichev","odds":"15.00","header":"Last"},{"name":"Konstantin Savichev","odds":"6.50","header":"Anytime"},{"name":"Mingiyan Beveev","odds":"17.00","header":"First"},{"name":"Mingiyan Beveev","odds":"17.00","header":"Last"},{"name":"Mingiyan Beveev","odds":"7.00","header":"Anytime"},{"name":"Paul Anton","odds":"17.00","header":"First"},{"name":"Paul Anton","odds":"17.00","header":"Last"},{"name":"Paul Anton","odds":"7.00","header":"Anytime"},{"name":"Petrus Boumal","odds":"17.00","header":"First"},{"name":"Petrus Boumal","odds":"17.00","header":"Last"},{"name":"Petrus Boumal","odds":"7.00","header":"Anytime"},{"name":"Adlan Katsaev","odds":"21.00","header":"First"},{"name":"Adlan Katsaev","odds":"21.00","header":"Last"},{"name":"Adlan Katsaev","odds":"9.00","header":"Anytime"},{"name":"Artem Fidler","odds":"21.00","header":"First"},{"name":"Artem Fidler","odds":"21.00","header":"Last"},{"name":"Artem Fidler","odds":"9.00","header":"Anytime"},{"name":"Gregor Balazic","odds":"21.00","header":"First"},{"name":"Gregor Balazic","odds":"21.00","header":"Last"},{"name":"Gregor Balazic","odds":"9.00","header":"Anytime"},{"name":"Roland Gigolaev","odds":"21.00","header":"First"},{"name":"Roland Gigolaev","odds":"21.00","header":"Last"},{"name":"Roland Gigolaev","odds":"9.00","header":"Anytime"},{"name":"Roman Emelyanov","odds":"21.00","header":"First"},{"name":"Roman Emelyanov","odds":"21.00","header":"Last"},{"name":"Roman Emelyanov","odds":"9.00","header":"Anytime"},{"name":"Dostonbek Khamdamov","odds":"23.00","header":"First"},{"name":"Dostonbek Khamdamov","odds":"23.00","header":"Last"},{"name":"Dostonbek Khamdamov","odds":"10.00","header":"Anytime"},{"name":"Denys Kulakov","odds":"26.00","header":"First"},{"name":"Denys Kulakov","odds":"26.00","header":"Last"},{"name":"Denys Kulakov","odds":"11.00","header":"Anytime"},{"name":"Dominik Dinga","odds":"26.00","header":"First"},{"name":"Dominik Dinga","odds":"26.00","header":"Last"},{"name":"Dominik Dinga","odds":"11.00","header":"Anytime"},{"name":"Igor Chaykovsky","odds":"26.00","header":"First"},{"name":"Igor Chaykovsky","odds":"26.00","header":"Last"},{"name":"Igor Chaykovsky","odds":"11.00","header":"Anytime"},{"name":"Sergei Bryzgalov","odds":"26.00","header":"First"},{"name":"Sergei Bryzgalov","odds":"26.00","header":"Last"},{"name":"Sergei Bryzgalov","odds":"11.00","header":"Anytime"},{"name":"Varazdat Haroyan","odds":"26.00","header":"First"},{"name":"Varazdat Haroyan","odds":"26.00","header":"Last"},{"name":"Varazdat Haroyan","odds":"11.00","header":"Anytime"},{"name":"Vladimir Khozin","odds":"26.00","header":"First"},{"name":"Vladimir Khozin","odds":"26.00","header":"Last"},{"name":"Vladimir Khozin","odds":"11.00","header":"Anytime"},{"name":"Vladislav Kulik","odds":"26.00","header":"First"},{"name":"Vladislav Kulik","odds":"26.00","header":"Last"},{"name":"Vladislav Kulik","odds":"11.00","header":"Anytime"},{"name":"Alexander Dantsev","odds":"29.00","header":"First"},{"name":"Alexander Dantsev","odds":"29.00","header":"Last"},{"name":"Alexander Dantsev","odds":"13.00","header":"Anytime"},{"name":"Mikhail Merkulov","odds":"29.00","header":"First"},{"name":"Mikhail Merkulov","odds":"29.00","header":"Last"},{"name":"Mikhail Merkulov","odds":"13.00","header":"Anytime"},{"name":"Jhon Chancellor","odds":"34.00","header":"First"},{"name":"Jhon Chancellor","odds":"34.00","header":"Last"},{"name":"Jhon Chancellor","odds":"15.00","header":"Anytime"},{"name":"Dmitri Belorukov","odds":"51.00","header":"First"},{"name":"Dmitri Belorukov","odds":"51.00","header":"Last"},{"name":"Dmitri Belorukov","odds":"23.00","header":"Anytime"},{"name":"Guram Tetrashvili","odds":"51.00","header":"First"},{"name":"Guram Tetrashvili","odds":"51.00","header":"Last"},{"name":"Guram Tetrashvili","odds":"23.00","header":"Anytime"},{"name":"Igor Armas","odds":"51.00","header":"First"},{"name":"Igor Armas","odds":"51.00","header":"Last"},{"name":"Igor Armas","odds":"23.00","header":"Anytime"},{"name":"Igor Udalyi","odds":"51.00","header":"First"},{"name":"Igor Udalyi","odds":"51.00","header":"Last"},{"name":"Igor Udalyi","odds":"23.00","header":"Anytime"},{"name":"Miral Samardzic","odds":"51.00","header":"First"},{"name":"Miral Samardzic","odds":"51.00","header":"Last"},{"name":"Miral Samardzic","odds":"23.00","header":"Anytime"},{"name":"No Goalscorer","odds":"8.00","header":"First"},{"name":"No Goalscorer","odds":"8.00","header":"Last"}],"multi_scorers":[{"name":"Vladimir Iljin","odds":"11.00","header":"2 or More"},{"name":"Vladimir Iljin","odds":"51.00","header":"3 or More"},{"name":"Eric Bicfalvi","odds":"15.00","header":"2 or More"},{"name":"Eric Bicfalvi","odds":"81.00","header":"3 or More"},{"name":"Aleksey Evseev","odds":"19.00","header":"2 or More"},{"name":"Aleksey Evseev","odds":"101.00","header":"3 or More"},{"name":"Nikolay Dimitrov","odds":"21.00","header":"2 or More"},{"name":"Nikolay Dimitrov","odds":"101.00","header":"3 or More"},{"name":"Amur Kalmykov","odds":"34.00","header":"2 or More"},{"name":"Amur Kalmykov","odds":"126.00","header":"3 or More"},{"name":"Andrey Egorychev","odds":"34.00","header":"2 or More"},{"name":"Andrey Egorychev","odds":"126.00","header":"3 or More"},{"name":"Othman El Kabir","odds":"34.00","header":"2 or More"},{"name":"Othman El Kabir","odds":"126.00","header":"3 or More"},{"name":"Sergey Podoksenov","odds":"34.00","header":"2 or More"},{"name":"Sergey Podoksenov","odds":"126.00","header":"3 or More"},{"name":"Yuri Bavin","odds":"34.00","header":"2 or More"},{"name":"Yuri Bavin","odds":"126.00","header":"3 or More"},{"name":"Ivan Markelov","odds":"41.00","header":"2 or More"},{"name":"Ivan Markelov","odds":"151.00","header":"3 or More"},{"name":"Nikita Glushkov","odds":"41.00","header":"2 or More"},{"name":"Nikita Glushkov","odds":"151.00","header":"3 or More"},{"name":"Alexander Prudnikov","odds":"51.00","header":"2 or More"},{"name":"Alexander Prudnikov","odds":"151.00","header":"3 or More"},{"name":"Konstantin Savichev","odds":"51.00","header":"2 or More"},{"name":"Konstantin Savichev","odds":"151.00","header":"3 or More"},{"name":"Mingiyan Beveev","odds":"67.00","header":"2 or More"},{"name":"Mingiyan Beveev","odds":"201.00","header":"3 or More"},{"name":"Paul Anton","odds":"67.00","header":"2 or More"},{"name":"Paul Anton","odds":"201.00","header":"3 or More"},{"name":"Petrus Boumal","odds":"67.00","header":"2 or More"},{"name":"Petrus Boumal","odds":"201.00","header":"3 or More"},{"name":"Adlan Katsaev","odds":"101.00","header":"2 or More"},{"name":"Adlan Katsaev","odds":"401.00","header":"3 or More"},{"name":"Artem Fidler","odds":"101.00","header":"2 or More"},{"name":"Artem Fidler","odds":"401.00","header":"3 or More"},{"name":"Denys Kulakov","odds":"101.00","header":"2 or More"},{"name":"Denys Kulakov","odds":"501.00","header":"3 or More"},{"name":"Dominik Dinga","odds":"101.00","header":"2 or More"},{"name":"Dominik Dinga","odds":"501.00","header":"3 or More"},{"name":"Dostonbek Khamdamov","odds":"101.00","header":"2 or More"},{"name":"Dostonbek Khamdamov","odds":"501.00","header":"3 or More"},{"name":"Gregor Balazic","odds":"101.00","header":"2 or More"},{"name":"Gregor Balazic","odds":"401.00","header":"3 or More"},{"name":"Igor Chaykovsky","odds":"101.00","header":"2 or More"},{"name":"Igor Chaykovsky","odds":"501.00","header":"3 or More"},{"name":"Roland Gigolaev","odds":"101.00","header":"2 or More"},{"name":"Roland Gigolaev","odds":"401.00","header":"3 or More"},{"name":"Roman Emelyanov","odds":"101.00","header":"2 or More"},{"name":"Roman Emelyanov","odds":"401.00","header":"3 or More"},{"name":"Sergei Bryzgalov","odds":"101.00","header":"2 or More"},{"name":"Sergei Bryzgalov","odds":"501.00","header":"3 or More"},{"name":"Varazdat Haroyan","odds":"101.00","header":"2 or More"},{"name":"Varazdat Haroyan","odds":"501.00","header":"3 or More"},{"name":"Vladimir Khozin","odds":"101.00","header":"2 or More"},{"name":"Vladimir Khozin","odds":"501.00","header":"3 or More"},{"name":"Vladislav Kulik","odds":"101.00","header":"2 or More"},{"name":"Vladislav Kulik","odds":"501.00","header":"3 or More"},{"name":"Alexander Dantsev","odds":"126.00","header":"2 or More"},{"name":"Alexander Dantsev","odds":"501.00","header":"3 or More"},{"name":"Jhon Chancellor","odds":"126.00","header":"2 or More"},{"name":"Jhon Chancellor","odds":"501.00","header":"3 or More"},{"name":"Mikhail Merkulov","odds":"126.00","header":"2 or More"},{"name":"Mikhail Merkulov","odds":"501.00","header":"3 or More"},{"name":"Dmitri Belorukov","odds":"201.00","header":"2 or More"},{"name":"Dmitri Belorukov","odds":"501.00","header":"3 or More"},{"name":"Guram Tetrashvili","odds":"201.00","header":"2 or More"},{"name":"Guram Tetrashvili","odds":"501.00","header":"3 or More"},{"name":"Igor Armas","odds":"201.00","header":"2 or More"},{"name":"Igor Armas","odds":"501.00","header":"3 or More"},{"name":"Igor Udalyi","odds":"201.00","header":"2 or More"},{"name":"Igor Udalyi","odds":"501.00","header":"3 or More"},{"name":"Miral Samardzic","odds":"201.00","header":"2 or More"},{"name":"Miral Samardzic","odds":"501.00","header":"3 or More"}],"asian_handicap":[{"opp":"-0.5, -1.0","odds":"1.750","header":"Home"},{"opp":"+0.5, +1.0","odds":"2.125","header":"Away"}],"goal_line":[{"goals":"2.0, 2.5","odds":"1.950","header":"Over"},{"goals":"2.0, 2.5","odds":"1.900","header":"Under"}],"alternative_asian_handicap":[{"opp":"-2.5","odds":"5.750","header":"Home"},{"opp":"+2.5","odds":"1.140","header":"Away"},{"opp":"-2.0, -2.5","odds":"5.250","header":"Home"},{"opp":"+2.0, +2.5","odds":"1.160","header":"Away"},{"opp":"-2.0","odds":"4.500","header":"Home"},{"opp":"+2.0","odds":"1.190","header":"Away"},{"opp":"-1.5, -2.0","odds":"3.300","header":"Home"},{"opp":"+1.5, +2.0","odds":"1.325","header":"Away"},{"opp":"-1.5","odds":"2.675","header":"Home"},{"opp":"+1.5","odds":"1.450","header":"Away"},{"opp":"-1.0, -1.5","odds":"2.350","header":"Home"},{"opp":"+1.0, +1.5","odds":"1.575","header":"Away"},{"opp":"-1.0","odds":"2.025","header":"Home"},{"opp":"+1.0","odds":"1.775","header":"Away"},{"opp":"-0.5","odds":"1.575","header":"Home"},{"opp":"+0.5","odds":"2.350","header":"Away"},{"opp":"0.0, -0.5","odds":"1.375","header":"Home"},{"opp":"0.0, +0.5","odds":"3.000","header":"Away"},{"opp":"0.0","odds":"1.190","header":"Home"},{"opp":"0.0","odds":"4.500","header":"Away"},{"opp":"0.0, +0.5","odds":"1.150","header":"Home"},{"opp":"0.0, -0.5","odds":"5.500","header":"Away"},{"opp":"+0.5","odds":"1.125","header":"Home"},{"opp":"-0.5","odds":"6.000","header":"Away"}],"alternative_goal_line":[{"goals":"1.0","odds":"1.110","header":"Over"},{"goals":"1.0","odds":"6.600","header":"Under"},{"goals":"1.0, 1.5","odds":"1.240","header":"Over"},{"goals":"1.0, 1.5","odds":"3.900","header":"Under"},{"goals":"1.5","odds":"1.375","header":"Over"},{"goals":"1.5","odds":"3.000","header":"Under"},{"goals":"1.5, 2.0","odds":"1.475","header":"Over"},{"goals":"1.5, 2.0","odds":"2.600","header":"Under"},{"goals":"2.0","odds":"1.625","header":"Over"},{"goals":"2.0","odds":"2.250","header":"Under"},{"goals":"2.5","odds":"2.150","header":"Over"},{"goals":"2.5","odds":"1.675","header":"Under"},{"goals":"2.5, 3.0","odds":"2.500","header":"Over"},{"goals":"2.5, 3.0","odds":"1.500","header":"Under"},{"goals":"3.0","odds":"3.300","header":"Over"},{"goals":"3.0","odds":"1.325","header":"Under"},{"goals":"3.0, 3.5","odds":"3.550","header":"Over"},{"goals":"3.0, 3.5","odds":"1.275","header":"Under"},{"goals":"3.5","odds":"3.900","header":"Over"},{"goals":"3.5","odds":"1.240","header":"Under"},{"goals":"3.5, 4.0","odds":"5.000","header":"Over"},{"goals":"3.5, 4.0","odds":"1.170","header":"Under"}],"draw_no_bet":[{"opp":"Ural","odds":"1.20"},{"opp":"Anzhi Makhachkala","odds":"4.33"}],"result_both_teams_to_score":[{"name":"Ural","odds":"4.00","header":"Yes"},{"name":"Ural","odds":"2.38","header":"No"},{"name":"Anzhi Makhachkala","odds":"13.00","header":"Yes"},{"name":"Anzhi Makhachkala","odds":"9.50","header":"No"},{"name":"Draw","odds":"5.50","header":"Yes"},{"name":"Draw","odds":"8.00","header":"No"}],"handicap_result":[{"opp":"Ural (-1)","odds":"2.62"},{"opp":"Tie - (Anzhi Makhachkala +1)","odds":"3.40"},{"opp":"Anzhi Makhachkala (+1)","odds":"2.40"}],"alternative_handicap_result":[{"opp":"-3.0","odds":"12.00","header":"Home"},{"opp":"+3.0","odds":"8.00","header":"Tie"},{"opp":"+3.0","odds":"1.11","header":"Away"},{"opp":"-2.0","odds":"5.50","header":"Home"},{"opp":"+2.0","odds":"4.50","header":"Tie"},{"opp":"+2.0","odds":"1.40","header":"Away"},{"opp":"+1.0","odds":"1.12","header":"Home"},{"opp":"-1.0","odds":"7.00","header":"Tie"},{"opp":"-1.0","odds":"15.00","header":"Away"},{"opp":"+2.0","odds":"1.02","header":"Home"},{"opp":"-2.0","odds":"17.00","header":"Tie"},{"opp":"-2.0","odds":"23.00","header":"Away"}],"winning_margin":[{"goals":" 1","odds":"3.40","header":"Home"},{"goals":" 1","odds":"7.00","header":"Away"},{"goals":" 2","odds":"4.50","header":"Home"},{"goals":" 2","odds":"17.00","header":"Away"},{"goals":" 3","odds":"8.00","header":"Home"},{"goals":" 3","odds":"67.00","header":"Away"},{"goals":" 4+","odds":"12.00","header":"Home"},{"goals":" 4+","odds":"251.00","header":"Away"},{"goals":"Score Draw","odds":"5.50","header":"Home"},{"goals":"No Goal","odds":"8.00","header":"Home"}]}},"player":{"updated_at":"1532570540","sp":{"goalscorers":[{"name":"Vladimir Iljin","odds":"6.00","header":"First"},{"name":"Vladimir Iljin","odds":"6.00","header":"Last"},{"name":"Vladimir Iljin","odds":"2.75","header":"Anytime"},{"name":"Eric Bicfalvi","odds":"7.00","header":"First"},{"name":"Eric Bicfalvi","odds":"7.00","header":"Last"},{"name":"Eric Bicfalvi","odds":"3.10","header":"Anytime"},{"name":"Aleksey Evseev","odds":"8.00","header":"First"},{"name":"Aleksey Evseev","odds":"8.00","header":"Last"},{"name":"Aleksey Evseev","odds":"3.50","header":"Anytime"},{"name":"Nikolay Dimitrov","odds":"8.50","header":"First"},{"name":"Nikolay Dimitrov","odds":"8.50","header":"Last"},{"name":"Nikolay Dimitrov","odds":"3.75","header":"Anytime"},{"name":"Amur Kalmykov","odds":"11.00","header":"First"},{"name":"Amur Kalmykov","odds":"11.00","header":"Last"},{"name":"Amur Kalmykov","odds":"4.75","header":"Anytime"},{"name":"Andrey Egorychev","odds":"12.00","header":"First"},{"name":"Andrey Egorychev","odds":"12.00","header":"Last"},{"name":"Andrey Egorychev","odds":"5.00","header":"Anytime"},{"name":"Othman El Kabir","odds":"12.00","header":"First"},{"name":"Othman El Kabir","odds":"12.00","header":"Last"},{"name":"Othman El Kabir","odds":"5.00","header":"Anytime"},{"name":"Sergey Podoksenov","odds":"12.00","header":"First"},{"name":"Sergey Podoksenov","odds":"12.00","header":"Last"},{"name":"Sergey Podoksenov","odds":"5.00","header":"Anytime"},{"name":"Yuri Bavin","odds":"12.00","header":"First"},{"name":"Yuri Bavin","odds":"12.00","header":"Last"},{"name":"Yuri Bavin","odds":"5.00","header":"Anytime"},{"name":"Ivan Markelov","odds":"13.00","header":"First"},{"name":"Ivan Markelov","odds":"13.00","header":"Last"},{"name":"Ivan Markelov","odds":"5.50","header":"Anytime"},{"name":"Nikita Glushkov","odds":"13.00","header":"First"},{"name":"Nikita Glushkov","odds":"13.00","header":"Last"},{"name":"Nikita Glushkov","odds":"5.50","header":"Anytime"},{"name":"Alexander Prudnikov","odds":"15.00","header":"First"},{"name":"Alexander Prudnikov","odds":"15.00","header":"Last"},{"name":"Alexander Prudnikov","odds":"6.50","header":"Anytime"},{"name":"Konstantin Savichev","odds":"15.00","header":"First"},{"name":"Konstantin Savichev","odds":"15.00","header":"Last"},{"name":"Konstantin Savichev","odds":"6.50","header":"Anytime"},{"name":"Mingiyan Beveev","odds":"17.00","header":"First"},{"name":"Mingiyan Beveev","odds":"17.00","header":"Last"},{"name":"Mingiyan Beveev","odds":"7.00","header":"Anytime"},{"name":"Paul Anton","odds":"17.00","header":"First"},{"name":"Paul Anton","odds":"17.00","header":"Last"},{"name":"Paul Anton","odds":"7.00","header":"Anytime"},{"name":"Petrus Boumal","odds":"17.00","header":"First"},{"name":"Petrus Boumal","odds":"17.00","header":"Last"},{"name":"Petrus Boumal","odds":"7.00","header":"Anytime"},{"name":"Adlan Katsaev","odds":"21.00","header":"First"},{"name":"Adlan Katsaev","odds":"21.00","header":"Last"},{"name":"Adlan Katsaev","odds":"9.00","header":"Anytime"},{"name":"Artem Fidler","odds":"21.00","header":"First"},{"name":"Artem Fidler","odds":"21.00","header":"Last"},{"name":"Artem Fidler","odds":"9.00","header":"Anytime"},{"name":"Gregor Balazic","odds":"21.00","header":"First"},{"name":"Gregor Balazic","odds":"21.00","header":"Last"},{"name":"Gregor Balazic","odds":"9.00","header":"Anytime"},{"name":"Roland Gigolaev","odds":"21.00","header":"First"},{"name":"Roland Gigolaev","odds":"21.00","header":"Last"},{"name":"Roland Gigolaev","odds":"9.00","header":"Anytime"},{"name":"Roman Emelyanov","odds":"21.00","header":"First"},{"name":"Roman Emelyanov","odds":"21.00","header":"Last"},{"name":"Roman Emelyanov","odds":"9.00","header":"Anytime"},{"name":"Dostonbek Khamdamov","odds":"23.00","header":"First"},{"name":"Dostonbek Khamdamov","odds":"23.00","header":"Last"},{"name":"Dostonbek Khamdamov","odds":"10.00","header":"Anytime"},{"name":"Denys Kulakov","odds":"26.00","header":"First"},{"name":"Denys Kulakov","odds":"26.00","header":"Last"},{"name":"Denys Kulakov","odds":"11.00","header":"Anytime"},{"name":"Dominik Dinga","odds":"26.00","header":"First"},{"name":"Dominik Dinga","odds":"26.00","header":"Last"},{"name":"Dominik Dinga","odds":"11.00","header":"Anytime"},{"name":"Igor Chaykovsky","odds":"26.00","header":"First"},{"name":"Igor Chaykovsky","odds":"26.00","header":"Last"},{"name":"Igor Chaykovsky","odds":"11.00","header":"Anytime"},{"name":"Sergei Bryzgalov","odds":"26.00","header":"First"},{"name":"Sergei Bryzgalov","odds":"26.00","header":"Last"},{"name":"Sergei Bryzgalov","odds":"11.00","header":"Anytime"},{"name":"Varazdat Haroyan","odds":"26.00","header":"First"},{"name":"Varazdat Haroyan","odds":"26.00","header":"Last"},{"name":"Varazdat Haroyan","odds":"11.00","header":"Anytime"},{"name":"Vladimir Khozin","odds":"26.00","header":"First"},{"name":"Vladimir Khozin","odds":"26.00","header":"Last"},{"name":"Vladimir Khozin","odds":"11.00","header":"Anytime"},{"name":"Vladislav Kulik","odds":"26.00","header":"First"},{"name":"Vladislav Kulik","odds":"26.00","header":"Last"},{"name":"Vladislav Kulik","odds":"11.00","header":"Anytime"},{"name":"Alexander Dantsev","odds":"29.00","header":"First"},{"name":"Alexander Dantsev","odds":"29.00","header":"Last"},{"name":"Alexander Dantsev","odds":"13.00","header":"Anytime"},{"name":"Mikhail Merkulov","odds":"29.00","header":"First"},{"name":"Mikhail Merkulov","odds":"29.00","header":"Last"},{"name":"Mikhail Merkulov","odds":"13.00","header":"Anytime"},{"name":"Jhon Chancellor","odds":"34.00","header":"First"},{"name":"Jhon Chancellor","odds":"34.00","header":"Last"},{"name":"Jhon Chancellor","odds":"15.00","header":"Anytime"},{"name":"Dmitri Belorukov","odds":"51.00","header":"First"},{"name":"Dmitri Belorukov","odds":"51.00","header":"Last"},{"name":"Dmitri Belorukov","odds":"23.00","header":"Anytime"},{"name":"Guram Tetrashvili","odds":"51.00","header":"First"},{"name":"Guram Tetrashvili","odds":"51.00","header":"Last"},{"name":"Guram Tetrashvili","odds":"23.00","header":"Anytime"},{"name":"Igor Armas","odds":"51.00","header":"First"},{"name":"Igor Armas","odds":"51.00","header":"Last"},{"name":"Igor Armas","odds":"23.00","header":"Anytime"},{"name":"Igor Udalyi","odds":"51.00","header":"First"},{"name":"Igor Udalyi","odds":"51.00","header":"Last"},{"name":"Igor Udalyi","odds":"23.00","header":"Anytime"},{"name":"Miral Samardzic","odds":"51.00","header":"First"},{"name":"Miral Samardzic","odds":"51.00","header":"Last"},{"name":"Miral Samardzic","odds":"23.00","header":"Anytime"},{"name":"No Goalscorer","odds":"8.00","header":"First"},{"name":"No Goalscorer","odds":"8.00","header":"Last"}],"multi_scorers":[{"name":"Vladimir Iljin","odds":"11.00","header":"2 or More"},{"name":"Vladimir Iljin","odds":"51.00","header":"3 or More"},{"name":"Eric Bicfalvi","odds":"15.00","header":"2 or More"},{"name":"Eric Bicfalvi","odds":"81.00","header":"3 or More"},{"name":"Aleksey Evseev","odds":"19.00","header":"2 or More"},{"name":"Aleksey Evseev","odds":"101.00","header":"3 or More"},{"name":"Nikolay Dimitrov","odds":"21.00","header":"2 or More"},{"name":"Nikolay Dimitrov","odds":"101.00","header":"3 or More"},{"name":"Amur Kalmykov","odds":"34.00","header":"2 or More"},{"name":"Amur Kalmykov","odds":"126.00","header":"3 or More"},{"name":"Andrey Egorychev","odds":"34.00","header":"2 or More"},{"name":"Andrey Egorychev","odds":"126.00","header":"3 or More"},{"name":"Othman El Kabir","odds":"34.00","header":"2 or More"},{"name":"Othman El Kabir","odds":"126.00","header":"3 or More"},{"name":"Sergey Podoksenov","odds":"34.00","header":"2 or More"},{"name":"Sergey Podoksenov","odds":"126.00","header":"3 or More"},{"name":"Yuri Bavin","odds":"34.00","header":"2 or More"},{"name":"Yuri Bavin","odds":"126.00","header":"3 or More"},{"name":"Ivan Markelov","odds":"41.00","header":"2 or More"},{"name":"Ivan Markelov","odds":"151.00","header":"3 or More"},{"name":"Nikita Glushkov","odds":"41.00","header":"2 or More"},{"name":"Nikita Glushkov","odds":"151.00","header":"3 or More"},{"name":"Alexander Prudnikov","odds":"51.00","header":"2 or More"},{"name":"Alexander Prudnikov","odds":"151.00","header":"3 or More"},{"name":"Konstantin Savichev","odds":"51.00","header":"2 or More"},{"name":"Konstantin Savichev","odds":"151.00","header":"3 or More"},{"name":"Mingiyan Beveev","odds":"67.00","header":"2 or More"},{"name":"Mingiyan Beveev","odds":"201.00","header":"3 or More"},{"name":"Paul Anton","odds":"67.00","header":"2 or More"},{"name":"Paul Anton","odds":"201.00","header":"3 or More"},{"name":"Petrus Boumal","odds":"67.00","header":"2 or More"},{"name":"Petrus Boumal","odds":"201.00","header":"3 or More"},{"name":"Adlan Katsaev","odds":"101.00","header":"2 or More"},{"name":"Adlan Katsaev","odds":"401.00","header":"3 or More"},{"name":"Artem Fidler","odds":"101.00","header":"2 or More"},{"name":"Artem Fidler","odds":"401.00","header":"3 or More"},{"name":"Denys Kulakov","odds":"101.00","header":"2 or More"},{"name":"Denys Kulakov","odds":"501.00","header":"3 or More"},{"name":"Dominik Dinga","odds":"101.00","header":"2 or More"},{"name":"Dominik Dinga","odds":"501.00","header":"3 or More"},{"name":"Dostonbek Khamdamov","odds":"101.00","header":"2 or More"},{"name":"Dostonbek Khamdamov","odds":"501.00","header":"3 or More"},{"name":"Gregor Balazic","odds":"101.00","header":"2 or More"},{"name":"Gregor Balazic","odds":"401.00","header":"3 or More"},{"name":"Igor Chaykovsky","odds":"101.00","header":"2 or More"},{"name":"Igor Chaykovsky","odds":"501.00","header":"3 or More"},{"name":"Roland Gigolaev","odds":"101.00","header":"2 or More"},{"name":"Roland Gigolaev","odds":"401.00","header":"3 or More"},{"name":"Roman Emelyanov","odds":"101.00","header":"2 or More"},{"name":"Roman Emelyanov","odds":"401.00","header":"3 or More"},{"name":"Sergei Bryzgalov","odds":"101.00","header":"2 or More"},{"name":"Sergei Bryzgalov","odds":"501.00","header":"3 or More"},{"name":"Varazdat Haroyan","odds":"101.00","header":"2 or More"},{"name":"Varazdat Haroyan","odds":"501.00","header":"3 or More"},{"name":"Vladimir Khozin","odds":"101.00","header":"2 or More"},{"name":"Vladimir Khozin","odds":"501.00","header":"3 or More"},{"name":"Vladislav Kulik","odds":"101.00","header":"2 or More"},{"name":"Vladislav Kulik","odds":"501.00","header":"3 or More"},{"name":"Alexander Dantsev","odds":"126.00","header":"2 or More"},{"name":"Alexander Dantsev","odds":"501.00","header":"3 or More"},{"name":"Jhon Chancellor","odds":"126.00","header":"2 or More"},{"name":"Jhon Chancellor","odds":"501.00","header":"3 or More"},{"name":"Mikhail Merkulov","odds":"126.00","header":"2 or More"},{"name":"Mikhail Merkulov","odds":"501.00","header":"3 or More"},{"name":"Dmitri Belorukov","odds":"201.00","header":"2 or More"},{"name":"Dmitri Belorukov","odds":"501.00","header":"3 or More"},{"name":"Guram Tetrashvili","odds":"201.00","header":"2 or More"},{"name":"Guram Tetrashvili","odds":"501.00","header":"3 or More"},{"name":"Igor Armas","odds":"201.00","header":"2 or More"},{"name":"Igor Armas","odds":"501.00","header":"3 or More"},{"name":"Igor Udalyi","odds":"201.00","header":"2 or More"},{"name":"Igor Udalyi","odds":"501.00","header":"3 or More"},{"name":"Miral Samardzic","odds":"201.00","header":"2 or More"},{"name":"Miral Samardzic","odds":"501.00","header":"3 or More"}],"team_goalscorer":[{"name":"Vladimir Iljin","odds":"4.00","header":"First"},{"name":"Vladimir Iljin","odds":"4.00","header":"Last"},{"name":"Eric Bicfalvi","odds":"4.50","header":"First"},{"name":"Eric Bicfalvi","odds":"4.50","header":"Last"},{"name":"Aleksey Evseev","odds":"5.00","header":"First"},{"name":"Aleksey Evseev","odds":"5.00","header":"Last"},{"name":"Nikolay Dimitrov","odds":"5.50","header":"First"},{"name":"Nikolay Dimitrov","odds":"5.50","header":"Last"},{"name":"Andrey Egorychev","odds":"7.50","header":"First"},{"name":"Andrey Egorychev","odds":"7.50","header":"Last"},{"name":"Othman El Kabir","odds":"7.50","header":"First"},{"name":"Othman El Kabir","odds":"7.50","header":"Last"},{"name":"Sergey Podoksenov","odds":"7.50","header":"First"},{"name":"Sergey Podoksenov","odds":"7.50","header":"Last"},{"name":"Yuri Bavin","odds":"7.50","header":"First"},{"name":"Yuri Bavin","odds":"7.50","header":"Last"},{"name":"Nikita Glushkov","odds":"8.50","header":"First"},{"name":"Nikita Glushkov","odds":"8.50","header":"Last"},{"name":"Mingiyan Beveev","odds":"10.00","header":"First"},{"name":"Mingiyan Beveev","odds":"10.00","header":"Last"},{"name":"Petrus Boumal","odds":"10.00","header":"First"},{"name":"Petrus Boumal","odds":"10.00","header":"Last"},{"name":"Artem Fidler","odds":"13.00","header":"First"},{"name":"Artem Fidler","odds":"13.00","header":"Last"},{"name":"Gregor Balazic","odds":"13.00","header":"First"},{"name":"Gregor Balazic","odds":"13.00","header":"Last"},{"name":"Roman Emelyanov","odds":"13.00","header":"First"},{"name":"Roman Emelyanov","odds":"13.00","header":"Last"},{"name":"Denys Kulakov","odds":"17.00","header":"First"},{"name":"Denys Kulakov","odds":"17.00","header":"Last"},{"name":"Dominik Dinga","odds":"17.00","header":"First"},{"name":"Dominik Dinga","odds":"17.00","header":"Last"},{"name":"Sergei Bryzgalov","odds":"17.00","header":"First"},{"name":"Sergei Bryzgalov","odds":"17.00","header":"Last"},{"name":"Varazdat Haroyan","odds":"17.00","header":"First"},{"name":"Varazdat Haroyan","odds":"17.00","header":"Last"},{"name":"Vladimir Khozin","odds":"17.00","header":"First"},{"name":"Vladimir Khozin","odds":"17.00","header":"Last"},{"name":"Alexander Dantsev","odds":"21.00","header":"First"},{"name":"Alexander Dantsev","odds":"21.00","header":"Last"},{"name":"Mikhail Merkulov","odds":"21.00","header":"First"},{"name":"Mikhail Merkulov","odds":"21.00","header":"Last"},{"name":"No Goalscorer (Ural)","odds":"5.00","header":"First"},{"name":"No Goalscorer (Ural)","odds":"5.00","header":"Last"},{"name":"Amur Kalmykov","odds":"5.50","header":"First"},{"name":"Amur Kalmykov","odds":"5.50","header":"Last"},{"name":"Ivan Markelov","odds":"6.50","header":"First"},{"name":"Ivan Markelov","odds":"6.50","header":"Last"},{"name":"Alexander Prudnikov","odds":"7.00","header":"First"},{"name":"Alexander Prudnikov","odds":"7.00","header":"Last"},{"name":"Konstantin Savichev","odds":"7.00","header":"First"},{"name":"Konstantin Savichev","odds":"7.00","header":"Last"},{"name":"Paul Anton","odds":"8.50","header":"First"},{"name":"Paul Anton","odds":"8.50","header":"Last"},{"name":"Adlan Katsaev","odds":"10.00","header":"First"},{"name":"Adlan Katsaev","odds":"10.00","header":"Last"},{"name":"Roland Gigolaev","odds":"10.00","header":"First"},{"name":"Roland Gigolaev","odds":"10.00","header":"Last"},{"name":"Dostonbek Khamdamov","odds":"12.00","header":"First"},{"name":"Dostonbek Khamdamov","odds":"12.00","header":"Last"},{"name":"Igor Chaykovsky","odds":"13.00","header":"First"},{"name":"Igor Chaykovsky","odds":"13.00","header":"Last"},{"name":"Vladislav Kulik","odds":"13.00","header":"First"},{"name":"Vladislav Kulik","odds":"13.00","header":"Last"},{"name":"Jhon Chancellor","odds":"21.00","header":"First"},{"name":"Jhon Chancellor","odds":"21.00","header":"Last"},{"name":"Guram Tetrashvili","odds":"26.00","header":"First"},{"name":"Guram Tetrashvili","odds":"26.00","header":"Last"},{"name":"Miral Samardzic","odds":"26.00","header":"First"},{"name":"Miral Samardzic","odds":"26.00","header":"Last"},{"name":"Dmitri Belorukov","odds":"29.00","header":"First"},{"name":"Dmitri Belorukov","odds":"29.00","header":"Last"},{"name":"Igor Armas","odds":"29.00","header":"First"},{"name":"Igor Armas","odds":"29.00","header":"Last"},{"name":"Igor Udalyi","odds":"29.00","header":"First"},{"name":"Igor Udalyi","odds":"29.00","header":"Last"},{"name":"No Goalscorer (Anzhi Makhachkala)","odds":"1.91","header":"First"},{"name":"No Goalscorer (Anzhi Makhachkala)","odds":"1.91","header":"Last"}]}},"schedule":{"updated_at":"1532570869","sp":{"main":[{"odds":"1.950"},{"odds":"1.900"}]}},"specials":{"updated_at":"1532570548","sp":{"specials":[{"name":"To Win From Behind","odds":"8.00","header":"Home"},{"name":"To Win From Behind","odds":"21.00","header":"Away"},{"name":"To Win to Nil","odds":"2.38","header":"Home"},{"name":"To Win to Nil","odds":"9.50","header":"Away"},{"name":"To Win Either Half","odds":"1.33","header":"Home"},{"name":"To Win Either Half","odds":"3.25","header":"Away"},{"name":"To Win Both Halves","odds":"4.33","header":"Home"},{"name":"To Win Both Halves","odds":"34.00","header":"Away"},{"name":"To Score in Both Halves","odds":"2.75","header":"Home"},{"name":"To Score in Both Halves","odds":"9.00","header":"Away"}],"to_score_in_half":[{"name":"1st Half","odds":"1.80","header":"Yes"},{"name":"1st Half","odds":"1.91","header":"No"},{"name":"2nd Half","odds":"1.53","header":"Yes"},{"name":"2nd Half","odds":"2.38","header":"No"},{"name":"1st Half","odds":"3.40","header":"Yes"},{"name":"1st Half","odds":"1.30","header":"No"},{"name":"2nd Half","odds":"2.62","header":"Yes"},{"name":"2nd Half","odds":"1.44","header":"No"}],"own_goal":[{"opp":"Yes","odds":"13.00"},{"opp":"No","odds":"1.04"}]}}}]}}