{"odd":{"success":1,"results":[{"FI":"75096751","event_id":"789914","asian_lines":{"updated_at":"1532570541","sp":{"asian_handicap":[{"opp":"-1.0","odds":"1.925","header":"Home"},{"opp":"+1.0","odds":"1.925","header":"Away"}],"goal_line":[{"goals":"2.5","odds":"1.800","header":"Over"},{"goals":"2.5","odds":"2.050","header":"Under"}],"alternative_asian_handicap":[{"opp":"-2.5, -3.0","odds":"6.000","header":"Home"},{"opp":"+2.5, +3.0","odds":"1.125","header":"Away"},{"opp":"-2.5","odds":"4.500","header":"Home"},{"opp":"+2.5","odds":"1.190","header":"Away"},{"opp":"-2.0, -2.5","odds":"4.250","header":"Home"},{"opp":"+2.0, +2.5","odds":"1.210","header":"Away"},{"opp":"-2.0","odds":"3.800","header":"Home"},{"opp":"+2.0","odds":"1.250","header":"Away"},{"opp":"-1.5, -2.0","odds":"2.850","header":"Home"},{"opp":"+1.5, +2.0","odds":"1.400","header":"Away"},{"opp":"-1.5","odds":"2.425","header":"Home"},{"opp":"+1.5","odds":"1.525","header":"Away"},{"opp":"-1.0, -1.5","odds":"2.150","header":"Home"},{"opp":"+1.0, +1.5","odds":"1.675","header":"Away"},{"opp":"-0.5, -1.0","odds":"1.650","header":"Home"},{"opp":"+0.5, +1.0","odds":"2.200","header":"Away"},{"opp":"-0.5","odds":"1.525","header":"Home"},{"opp":"+0.5","odds":"2.425","header":"Away"},{"opp":"0.0, -0.5","odds":"1.350","header":"Home"},{"opp":"0.0, +0.5","odds":"3.100","header":"Away"},{"opp":"0.0","odds":"1.175","header":"Home"},{"opp":"0.0","odds":"4.800","header":"Away"},{"opp":"0.0, +0.5","odds":"1.150","header":"Home"},{"opp":"0.0, -0.5","odds":"5.500","header":"Away"},{"opp":"+0.5","odds":"1.125","header":"Home"},{"opp":"-0.5","odds":"6.000","header":"Away"}],"alternative_goal_line":[{"goals":"1.0, 1.5","odds":"1.150","header":"Over"},{"goals":"1.0, 1.5","odds":"5.500","header":"Under"},{"goals":"1.5","odds":"1.240","header":"Over"},{"goals":"1.5","odds":"3.900","header":"Under"},{"goals":"1.5, 2.0","odds":"1.300","header":"Over"},{"goals":"1.5, 2.0","odds":"3.450","header":"Under"},{"goals":"2.0","odds":"1.375","header":"Over"},{"goals":"2.0","odds":"3.000","header":"Under"},{"goals":"2.0, 2.5","odds":"1.575","header":"Over"},{"goals":"2.0, 2.5","odds":"2.350","header":"Under"},{"goals":"2.5, 3.0","odds":"2.000","header":"Over"},{"goals":"2.5, 3.0","odds":"1.800","header":"Under"},{"goals":"3.0","odds":"2.300","header":"Over"},{"goals":"3.0","odds":"1.600","header":"Under"},{"goals":"3.0, 3.5","odds":"2.600","header":"Over"},{"goals":"3.0, 3.5","odds":"1.475","header":"Under"},{"goals":"3.5","odds":"2.850","header":"Over"},{"goals":"3.5","odds":"1.400","header":"Under"},{"goals":"3.5, 4.0","odds":"3.450","header":"Over"},{"goals":"3.5, 4.0","odds":"1.300","header":"Under"},{"goals":"4.0","odds":"4.500","header":"Over"},{"goals":"4.0","odds":"1.190","header":"Under"},{"goals":"4.0, 4.5","odds":"5.250","header":"Over"},{"goals":"4.0, 4.5","odds":"1.160","header":"Under"},{"goals":"4.5","odds":"5.500","header":"Over"},{"goals":"4.5","odds":"1.150","header":"Under"}],"1st_half_asian_handicap":[{"opp":"-0.5","odds":"2.075","header":"Home"},{"opp":"+0.5","odds":"1.725","header":"Away"}],"1st_half_goal_line":[{"goals":"1.0","odds":"1.750","header":"Over"},{"goals":"1.0","odds":"2.050","header":"Under"}],"alternative_1st_half_asian_handicap":[{"opp":"-1.5","odds":"5.500","header":"Home"},{"opp":"+1.5","odds":"1.150","header":"Away"},{"opp":"-1.0, -1.5","odds":"4.500","header":"Home"},{"opp":"+1.0, +1.5","odds":"1.190","header":"Away"},{"opp":"-1.0","odds":"3.900","header":"Home"},{"opp":"+1.0","odds":"1.240","header":"Away"},{"opp":"-0.5, -1.0","odds":"2.600","header":"Home"},{"opp":"+0.5, +1.0","odds":"1.475","header":"Away"},{"opp":"0.0, -0.5","odds":"1.675","header":"Home"},{"opp":"0.0, +0.5","odds":"2.150","header":"Away"},{"opp":"0.0","odds":"1.275","header":"Home"},{"opp":"0.0","odds":"3.550","header":"Away"},{"opp":"0.0, +0.5","odds":"1.180","header":"Home"},{"opp":"0.0, -0.5","odds":"4.650","header":"Away"},{"opp":"+0.5","odds":"1.140","header":"Home"},{"opp":"-0.5","odds":"5.750","header":"Away"}],"alternative_1st_half_goal_line":[{"goals":"0.5, 1.0","odds":"1.500","header":"Over"},{"goals":"0.5, 1.0","odds":"2.500","header":"Under"},{"goals":"1.0, 1.5","odds":"2.200","header":"Over"},{"goals":"1.0, 1.5","odds":"1.650","header":"Under"},{"goals":"1.5","odds":"2.600","header":"Over"},{"goals":"1.5","odds":"1.475","header":"Under"},{"goals":"1.5, 2.0","odds":"3.450","header":"Over"},{"goals":"1.5, 2.0","odds":"1.300","header":"Under"},{"goals":"2.0","odds":"5.250","header":"Over"},{"goals":"2.0","odds":"1.160","header":"Under"},{"goals":"2.0, 2.5","odds":"5.900","header":"Over"},{"goals":"2.0, 2.5","odds":"1.130","header":"Under"},{"goals":"2.5","odds":"6.600","header":"Over"},{"goals":"2.5","odds":"1.110","header":"Under"}],"asian_total_corners":[{"goals":"9.5","odds":"1.875","header":"Over"},{"goals":"9.5","odds":"1.925","header":"Under"}],"1st_half_asian_corners":[{"goals":"4.5","odds":"1.900","header":"Over"},{"goals":"4.5","odds":"1.900","header":"Under"}]}},"corners":{"updated_at":"1532570241","sp":{"corners":[{"opp":"Over 10","odds":"2.38"},{"opp":"Exactly 10","odds":"7.50"},{"opp":"Under 10","odds":"1.83"}],"total_corners":[{"opp":"Under 6","odds":"9.50"},{"opp":"6 - 8","odds":"3.20"},{"opp":"9 - 11","odds":"2.62"},{"opp":"12 - 14","odds":"4.33"},{"opp":"Over 14","odds":"10.00"}],"alternative_corners":[{"goals":"3","odds":"1.01","header":"Over"},{"goals":"3","odds":"29.00","header":"Exactly"},{"goals":"3","odds":"41.00","header":"Under"},{"goals":"4","odds":"1.02","header":"Over"},{"goals":"4","odds":"21.00","header":"Exactly"},{"goals":"4","odds":"26.00","header":"Under"},{"goals":"5","odds":"1.06","header":"Over"},{"goals":"5","odds":"15.00","header":"Exactly"},{"goals":"5","odds":"17.00","header":"Under"},{"goals":"6","odds":"1.14","header":"Over"},{"goals":"6","odds":"11.00","header":"Exactly"},{"goals":"6","odds":"9.00","header":"Under"},{"goals":"7","odds":"1.29","header":"Over"},{"goals":"7","odds":"8.50","header":"Exactly"},{"goals":"7","odds":"5.50","header":"Under"},{"goals":"8","odds":"1.50","header":"Over"},{"goals":"8","odds":"7.50","header":"Exactly"},{"goals":"8","odds":"3.50","header":"Under"},{"goals":"9","odds":"1.83","header":"Over"},{"goals":"9","odds":"7.50","header":"Exactly"},{"goals":"9","odds":"2.50","header":"Under"},{"goals":"11","odds":"3.20","header":"Over"},{"goals":"11","odds":"8.50","header":"Exactly"},{"goals":"11","odds":"1.57","header":"Under"},{"goals":"12","odds":"4.33","header":"Over"},{"goals":"12","odds":"9.50","header":"Exactly"},{"goals":"12","odds":"1.33","header":"Under"},{"goals":"13","odds":"6.50","header":"Over"},{"goals":"13","odds":"12.00","header":"Exactly"},{"goals":"13","odds":"1.20","header":"Under"},{"goals":"14","odds":"9.50","header":"Over"},{"goals":"14","odds":"15.00","header":"Exactly"},{"goals":"14","odds":"1.10","header":"Under"},{"goals":"15","odds":"13.00","header":"Over"},{"goals":"15","odds":"19.00","header":"Exactly"},{"goals":"15","odds":"1.05","header":"Under"},{"goals":"16","odds":"19.00","header":"Over"},{"goals":"16","odds":"23.00","header":"Exactly"},{"goals":"16","odds":"1.03","header":"Under"},{"goals":"17","odds":"26.00","header":"Over"},{"goals":"17","odds":"29.00","header":"Exactly"},{"goals":"17","odds":"1.02","header":"Under"},{"goals":"18","odds":"34.00","header":"Over"},{"goals":"18","odds":"41.00","header":"Exactly"},{"goals":"18","odds":"1.01","header":"Under"}],"corners_2_way":[{"opp":"Over 9.5","odds":"1.83"},{"opp":"Under 9.5","odds":"1.83"}],"first_half_corners":[{"opp":"4","odds":"1.83","header":"Over"},{"opp":"4","odds":"5.00","header":"Exactly"},{"opp":"4","odds":"2.88","header":"Under"}],"asian_total_corners":[{"goals":"9.5","odds":"1.875","header":"Over"},{"goals":"9.5","odds":"1.925","header":"Under"}],"1st_half_asian_corners":[{"goals":"4.5","odds":"1.900","header":"Over"},{"goals":"4.5","odds":"1.900","header":"Under"}]}},"goals":{"updated_at":"1532570247","sp":{"goals_over_under":[{"goals":"2.5","odds":"1.80","header":"Over"},{"goals":"2.5","odds":"2.00","header":"Under"}],"alternative_total_goals":[{"goals":"0.5","odds":"1.05","header":"Over "},{"goals":"0.5","odds":"11.00","header":"Under"},{"goals":"1.5","odds":"1.22","header":"Over "},{"goals":"1.5","odds":"4.00","header":"Under"},{"goals":"3.5","odds":"2.75","header":"Over "},{"goals":"3.5","odds":"1.40","header":"Under"},{"goals":"4.5","odds":"5.50","header":"Over "},{"goals":"4.5","odds":"1.14","header":"Under"},{"goals":"5.5","odds":"11.00","header":"Over "},{"goals":"5.5","odds":"1.05","header":"Under"},{"goals":"6.5","odds":"23.00","header":"Over "},{"goals":"6.5","odds":"1.01","header":"Under"}],"result_total_goals":[{"opp":"KV Oostende & Over 2.5","odds":"2.30"},{"opp":"KV Oostende & Under 2.5","odds":"4.00"},{"opp":"Draw & Over 2.5","odds":"13.00"},{"opp":"Draw & Under  2.5","odds":"4.75"},{"opp":"Mouscron-Peruwelz & Over 2.5","odds":"11.00"},{"opp":"Mouscron-Peruwelz & Under 2.5","odds":"13.00"}],"total_goals_both_teams_to_score":[{"opp":"Over 2.5 & Yes","odds":"2.25"},{"opp":"Over 2.5 & No","odds":"6.50"},{"opp":"Under 2.5 & Yes","odds":"7.00"},{"opp":"Under 2.5 & No","odds":"2.60"}],"exact_total_goals":[{"opp":"0 Goals","odds":"11.00"},{"opp":"1 Goal","odds":"5.50"},{"opp":"2 Goals","odds":"3.75"},{"opp":"3 Goals","odds":"4.00"},{"opp":"4 Goals","odds":"5.50"},{"opp":"5 Goals","odds":"9.50"},{"opp":"6 Goals","odds":"19.00"},{"opp":"7+ Goals","odds":"23.00"}],"number_of_goals_in_match":[{"opp":"Under 2 goals","odds":"4.00"},{"opp":"2 or 3 goals","odds":"2.00"},{"opp":"Over 3 goals","odds":"2.75"}],"both_teams_to_score":[{"opp":"Yes","odds":"1.80"},{"opp":"No","odds":"1.95"}],"teams_to_score":[{"opp":"Both Teams","odds":"1.80"},{"opp":"KV Oostende Only","odds":"2.60"},{"opp":"No Goal","odds":"11.00"},{"opp":"Mouscron-Peruwelz Only","odds":"11.00"}],"both_teams_to_score_in_1st_half":[{"opp":"Yes","odds":"4.50"},{"opp":"No","odds":"1.18"}],"both_teams_to_score_in_2nd_half":[{"opp":"Yes","odds":"3.40"},{"opp":"No","odds":"1.30"}],"both_teams_to_score_1st_half_2nd_half":[{"opp":"Yes \/ Yes","odds":"15.00"},{"opp":"Yes \/ No","odds":"6.00"},{"opp":"No \/ Yes","odds":"3.75"},{"opp":"No \/ No","odds":"1.57"}],"first_half_goals":[{"goals":"0.5","odds":"1.36","header":"Over"},{"goals":"0.5","odds":"3.00","header":"Under"},{"goals":"1.5","odds":"2.62","header":"Over"},{"goals":"1.5","odds":"1.44","header":"Under"},{"goals":"2.5","odds":"6.50","header":"Over"},{"goals":"2.5","odds":"1.11","header":"Under"},{"goals":"3.5","odds":"19.00","header":"Over"},{"goals":"3.5","odds":"1.02","header":"Under"}],"exact_1st_half_goals":[{"opp":"0 Goals","odds":"3.00"},{"opp":"1 Goal","odds":"2.60"},{"opp":"2 Goals","odds":"4.00"},{"opp":"3 Goals","odds":"9.00"},{"opp":"4 Goals","odds":"26.00"},{"opp":"5+ Goals","odds":"51.00"}],"total_goal_minutes":[{"opp":"Over 150 minutes","odds":"2.20"},{"opp":"130 To 150 minutes inc.","odds":"8.50"},{"opp":"Under 130 minutes","odds":"1.83"}],"first_team_to_score":[{"opp":"KV Oostende","odds":"1.40"},{"opp":"No Goals","odds":"11.00"},{"opp":"Mouscron-Peruwelz","odds":"3.25"}],"early_goal":[{"opp":"Goal before 28:00","odds":"1.83"},{"opp":"No Goal before 28:00","odds":"1.83"}],"late_goal":[{"opp":"Goal after 74:59","odds":"1.83"},{"opp":"No Goal after 74:59","odds":"1.83"}],"time_of_first_goal_brackets":[{"opp":"1-10","odds":"4.33"},{"opp":"11-20","odds":"4.75"},{"opp":"21-30","odds":"6.00"},{"opp":"31-40","odds":"7.00"},{"opp":"41-50","odds":"8.00"},{"opp":"51-60","odds":"13.00"},{"opp":"61-70","odds":"17.00"},{"opp":"71-80","odds":"21.00"},{"opp":"81 - Full Time","odds":"21.00"},{"opp":"No Goal","odds":"11.00"}],"2nd_half_goals":[{"goals":"0.5","odds":"1.20","header":"Over"},{"goals":"0.5","odds":"4.33","header":"Under"},{"goals":"1.5","odds":"1.91","header":"Over"},{"goals":"1.5","odds":"1.80","header":"Under"},{"goals":"2.5","odds":"4.00","header":"Over"},{"goals":"2.5","odds":"1.22","header":"Under"},{"goals":"3.5","odds":"10.00","header":"Over"},{"goals":"3.5","odds":"1.06","header":"Under"},{"goals":"4.5","odds":"26.00","header":"Over"},{"goals":"4.5","odds":"1.01","header":"Under"}],"exact_2nd_half_goals":[{"opp":"0 Goals","odds":"4.33"},{"opp":"1 Goal","odds":"2.88"},{"opp":"2 Goals","odds":"3.40"},{"opp":"3 Goals","odds":"6.00"},{"opp":"4 Goals","odds":"15.00"},{"opp":"5+ Goals","odds":"26.00"}],"half_with_most_goals":[{"opp":"1st Half","odds":"3.10"},{"opp":"2nd Half","odds":"2.00"},{"opp":"Tie","odds":"3.60"}],"home_team_highest_scoring_half":[{"opp":"KV Oostende - 1st Half","odds":"3.20"},{"opp":"KV Oostende - 2nd Half","odds":"2.20"},{"opp":"KV Oostende - Tie","odds":"2.88"}],"away_team_highest_scoring_half":[{"opp":"Mouscron-Peruwelz - 1st Half","odds":"4.33"},{"opp":"Mouscron-Peruwelz - 2nd Half","odds":"3.00"},{"opp":"Mouscron-Peruwelz - Tie","odds":"1.83"}],"home_team_exact_goals":[{"opp":"KV Oostende - 0 Goals","odds":"6.50"},{"opp":"KV Oostende - 1 Goal","odds":"3.20"},{"opp":"KV Oostende - 2 Goals","odds":"3.25"},{"opp":"KV Oostende - 3+ Goals","odds":"3.00"}],"away_team_exact_goals":[{"opp":"Mouscron-Peruwelz - 0 Goals","odds":"2.20"},{"opp":"Mouscron-Peruwelz - 1 Goal","odds":"2.40"},{"opp":"Mouscron-Peruwelz - 2 Goals","odds":"5.50"},{"opp":"Mouscron-Peruwelz - 3+ Goals","odds":"13.00"}],"time_of_1st_team_goal":[{"opp":"KV Oostende - Goal before 38:00","odds":"1.83"},{"opp":"KV Oostende - No Goal before 38:00","odds":"1.83"},{"opp":"Mouscron-Peruwelz - Goal before 78:00","odds":"1.83"},{"opp":"Mouscron-Peruwelz - No Goal before 78:00","odds":"1.83"}],"goals_odd_even":[{"opp":"Even","odds":"1.90"},{"opp":"Odd","odds":"1.95"}],"home_team_odd_even_goals":[{"opp":"KV Oostende - Even","odds":"1.83"},{"opp":"KV Oostende - Odd","odds":"1.83"}],"away_team_odd_even_goals":[{"opp":"Mouscron-Peruwelz - Even","odds":"1.62"},{"opp":"Mouscron-Peruwelz - Odd","odds":"2.20"}],"1st_half_goals_odd_even":[{"opp":"Odd","odds":"2.10"},{"opp":"Even","odds":"1.73"}],"last_team_to_score":[{"opp":"KV Oostende","odds":"1.40"},{"opp":"No Goal","odds":"11.00"},{"opp":"Mouscron-Peruwelz","odds":"3.25"}],"first_10_minutes_(00:00_09:59)":[{"name":"Goals","handicap":"0.5","odds":"4.33","header":"Over"},{"name":"Goals","handicap":"0.5","odds":"1.20","header":"Under"}]}},"half":{"updated_at":"1532570259","sp":{"half_time_result":[{"opp":"1","odds":"2.10"},{"opp":"X","odds":"2.30"},{"opp":"2","odds":"6.00"}],"half_time_double_chance":[{"opp":"1X","odds":"1.12"},{"opp":"X2","odds":"1.67"},{"opp":"12","odds":"1.57"}],"half_time_result_both_teams_to_score":[{"opp":"KV Oostende & Yes","odds":"13.00"},{"opp":"KV Oostende & No","odds":"2.38"},{"opp":"Draw & Yes","odds":"8.00"},{"opp":"Draw & No","odds":"3.00"},{"opp":"Mouscron-Peruwelz & Yes","odds":"34.00"},{"opp":"Mouscron-Peruwelz & No","odds":"6.50"}],"half_time_result_total_goals":[{"opp":"KV Oostende & Over 1.5","odds":"4.33"},{"opp":"KV Oostende & Under 1.5","odds":"3.50"},{"opp":"Draw & Over 1.5","odds":"8.00"},{"opp":"Draw & Under 1.5","odds":"3.00"},{"opp":"Mouscron-Peruwelz & Over 1.5","odds":"19.00"},{"opp":"Mouscron-Peruwelz & Under 1.5","odds":"7.50"}],"half_time_correct_score":[{"opp":"1-0","odds":"3.50","header":"Home"},{"opp":"0-0","odds":"3.00","header":"X"},{"opp":"1-0","odds":"7.50","header":"Away"},{"opp":"2-0","odds":"7.50","header":"Home"},{"opp":"1-1","odds":"8.00","header":"X"},{"opp":"2-0","odds":"34.00","header":"Away"},{"opp":"2-1","odds":"19.00","header":"Home"},{"opp":"2-2","odds":"51.00","header":"X"},{"opp":"2-1","odds":"34.00","header":"Away"},{"opp":"3-0","odds":"23.00","header":"Home"},{"opp":"3-0","odds":"126.00","header":"Away"},{"opp":"3-1","odds":"41.00","header":"Home"},{"opp":"3-1","odds":"151.00","header":"Away"},{"opp":"3-2","odds":"151.00","header":"Home"},{"opp":"3-2","odds":"301.00","header":"Away"},{"opp":"4-0","odds":"67.00","header":"Home"},{"opp":"4-1","odds":"151.00","header":"Home"},{"opp":"5-0","odds":"301.00","header":"Home"}],"both_teams_to_score_in_1st_half":[{"opp":"Yes","odds":"4.50"},{"opp":"No","odds":"1.18"}],"both_teams_to_score_in_2nd_half":[{"opp":"Yes","odds":"3.40"},{"opp":"No","odds":"1.30"}],"both_teams_to_score_1st_half_2nd_half":[{"opp":"Yes \/ Yes","odds":"15.00"},{"opp":"Yes \/ No","odds":"6.00"},{"opp":"No \/ Yes","odds":"3.75"},{"opp":"No \/ No","odds":"1.57"}],"1st_half_asian_handicap":[{"opp":"-0.5","odds":"2.075","header":"Home"},{"opp":"+0.5","odds":"1.725","header":"Away"}],"1st_half_goal_line":[{"goals":"1.0","odds":"1.750","header":"Over"},{"goals":"1.0","odds":"2.050","header":"Under"}],"alternative_1st_half_asian_handicap":[{"opp":"-1.5","odds":"5.500","header":"Home"},{"opp":"+1.5","odds":"1.150","header":"Away"},{"opp":"-1.0, -1.5","odds":"4.500","header":"Home"},{"opp":"+1.0, +1.5","odds":"1.190","header":"Away"},{"opp":"-1.0","odds":"3.900","header":"Home"},{"opp":"+1.0","odds":"1.240","header":"Away"},{"opp":"-0.5, -1.0","odds":"2.600","header":"Home"},{"opp":"+0.5, +1.0","odds":"1.475","header":"Away"},{"opp":"0.0, -0.5","odds":"1.675","header":"Home"},{"opp":"0.0, +0.5","odds":"2.150","header":"Away"},{"opp":"0.0","odds":"1.275","header":"Home"},{"opp":"0.0","odds":"3.550","header":"Away"},{"opp":"0.0, +0.5","odds":"1.180","header":"Home"},{"opp":"0.0, -0.5","odds":"4.650","header":"Away"},{"opp":"+0.5","odds":"1.140","header":"Home"},{"opp":"-0.5","odds":"5.750","header":"Away"}],"alternative_1st_half_goal_line":[{"goals":"0.5, 1.0","odds":"1.500","header":"Over"},{"goals":"0.5, 1.0","odds":"2.500","header":"Under"},{"goals":"1.0, 1.5","odds":"2.200","header":"Over"},{"goals":"1.0, 1.5","odds":"1.650","header":"Under"},{"goals":"1.5","odds":"2.600","header":"Over"},{"goals":"1.5","odds":"1.475","header":"Under"},{"goals":"1.5, 2.0","odds":"3.450","header":"Over"},{"goals":"1.5, 2.0","odds":"1.300","header":"Under"},{"goals":"2.0","odds":"5.250","header":"Over"},{"goals":"2.0","odds":"1.160","header":"Under"},{"goals":"2.0, 2.5","odds":"5.900","header":"Over"},{"goals":"2.0, 2.5","odds":"1.130","header":"Under"},{"goals":"2.5","odds":"6.600","header":"Over"},{"goals":"2.5","odds":"1.110","header":"Under"}],"1st_half_handicap":[{"opp":"KV Oostende  -1.0","odds":"5.50"},{"opp":"Tie - Mouscron-Peruwelz +1.0","odds":"3.00"},{"opp":"Mouscron-Peruwelz  +1.0","odds":"1.67"}],"alternative_1st_half_handicap_result":[{"opp":"-2.0","odds":"15.00","header":"Home"},{"opp":"+2.0","odds":"6.50","header":"Tie"},{"opp":"+2.0","odds":"1.11","header":"Away"},{"opp":"+1.0","odds":"1.12","header":"Home"},{"opp":"-1.0","odds":"6.00","header":"Tie"},{"opp":"-1.0","odds":"21.00","header":"Away"}],"first_half_goals":[{"goals":"0.5","odds":"1.36","header":"Over"},{"goals":"0.5","odds":"3.00","header":"Under"},{"goals":"1.5","odds":"2.62","header":"Over"},{"goals":"1.5","odds":"1.44","header":"Under"},{"goals":"2.5","odds":"6.50","header":"Over"},{"goals":"2.5","odds":"1.11","header":"Under"},{"goals":"3.5","odds":"19.00","header":"Over"},{"goals":"3.5","odds":"1.02","header":"Under"}],"exact_1st_half_goals":[{"opp":"0 Goals","odds":"3.00"},{"opp":"1 Goal","odds":"2.60"},{"opp":"2 Goals","odds":"4.00"},{"opp":"3 Goals","odds":"9.00"},{"opp":"4 Goals","odds":"26.00"},{"opp":"5+ Goals","odds":"51.00"}],"first_half_corners":[{"opp":"4","odds":"1.83","header":"Over"},{"opp":"4","odds":"5.00","header":"Exactly"},{"opp":"4","odds":"2.88","header":"Under"}],"1st_half_asian_corners":[{"goals":"4.5","odds":"1.900","header":"Over"},{"goals":"4.5","odds":"1.900","header":"Under"}],"1st_half_goals_odd_even":[{"opp":"Odd","odds":"2.10"},{"opp":"Even","odds":"1.73"}],"to_score_in_half":[{"name":"1st Half","odds":"1.62","header":"Yes"},{"name":"1st Half","odds":"2.20","header":"No"},{"name":"2nd Half","odds":"1.40","header":"Yes"},{"name":"2nd Half","odds":"2.75","header":"No"},{"name":"1st Half","odds":"2.75","header":"Yes"},{"name":"1st Half","odds":"1.40","header":"No"},{"name":"2nd Half","odds":"2.25","header":"Yes"},{"name":"2nd Half","odds":"1.57","header":"No"}],"half_with_most_goals":[{"opp":"1st Half","odds":"3.10"},{"opp":"2nd Half","odds":"2.00"},{"opp":"Tie","odds":"3.60"}],"home_team_highest_scoring_half":[{"opp":"KV Oostende - 1st Half","odds":"3.20"},{"opp":"KV Oostende - 2nd Half","odds":"2.20"},{"opp":"KV Oostende - Tie","odds":"2.88"}],"away_team_highest_scoring_half":[{"opp":"Mouscron-Peruwelz - 1st Half","odds":"4.33"},{"opp":"Mouscron-Peruwelz - 2nd Half","odds":"3.00"},{"opp":"Mouscron-Peruwelz - Tie","odds":"1.83"}],"2nd_half_result":[{"opp":"1","odds":"1.83"},{"opp":"X","odds":"2.62"},{"opp":"2","odds":"5.00"}],"2nd_half_goals":[{"goals":"0.5","odds":"1.20","header":"Over"},{"goals":"0.5","odds":"4.33","header":"Under"},{"goals":"1.5","odds":"1.91","header":"Over"},{"goals":"1.5","odds":"1.80","header":"Under"},{"goals":"2.5","odds":"4.00","header":"Over"},{"goals":"2.5","odds":"1.22","header":"Under"},{"goals":"3.5","odds":"10.00","header":"Over"},{"goals":"3.5","odds":"1.06","header":"Under"},{"goals":"4.5","odds":"26.00","header":"Over"},{"goals":"4.5","odds":"1.01","header":"Under"}],"exact_2nd_half_goals":[{"opp":"0 Goals","odds":"4.33"},{"opp":"1 Goal","odds":"2.88"},{"opp":"2 Goals","odds":"3.40"},{"opp":"3 Goals","odds":"6.00"},{"opp":"4 Goals","odds":"15.00"},{"opp":"5+ Goals","odds":"26.00"}],"2nd_half_goals_odd_even":[{"opp":"Even","odds":"1.80"},{"opp":"Odd","odds":"1.91"}]}},"main":{"updated_at":"1532570233","sp":{"full_time_result":[{"opp":"1","odds":"1.53"},{"opp":"X","odds":"3.75"},{"opp":"2","odds":"7.00"}],"double_chance":[{"opp":"1X","odds":"1.11"},{"opp":"X2","odds":"2.60"},{"opp":"12","odds":"1.29"}],"correct_score":[{"opp":"1-0","odds":"7.00","header":"Home"},{"opp":"0-0","odds":"11.00","header":"X"},{"opp":"1-0","odds":"17.00","header":"Away"},{"opp":"2-0","odds":"7.50","header":"Home"},{"opp":"1-1","odds":"7.00","header":"X"},{"opp":"2-0","odds":"34.00","header":"Away"},{"opp":"2-1","odds":"8.00","header":"Home"},{"opp":"2-2","odds":"15.00","header":"X"},{"opp":"2-1","odds":"19.00","header":"Away"},{"opp":"3-0","odds":"11.00","header":"Home"},{"opp":"3-3","odds":"51.00","header":"X"},{"opp":"3-0","odds":"67.00","header":"Away"},{"opp":"3-1","odds":"12.00","header":"Home"},{"opp":"4-4","odds":"301.00","header":"X"},{"opp":"3-1","odds":"41.00","header":"Away"},{"opp":"3-2","odds":"23.00","header":"Home"},{"opp":"3-2","odds":"51.00","header":"Away"},{"opp":"4-0","odds":"21.00","header":"Home"},{"opp":"4-0","odds":"251.00","header":"Away"},{"opp":"4-1","odds":"23.00","header":"Home"},{"opp":"4-1","odds":"126.00","header":"Away"},{"opp":"4-2","odds":"41.00","header":"Home"},{"opp":"4-2","odds":"126.00","header":"Away"},{"opp":"4-3","odds":"81.00","header":"Home"},{"opp":"4-3","odds":"201.00","header":"Away"},{"opp":"5-0","odds":"41.00","header":"Home"},{"opp":"5-1","odds":"41.00","header":"Home"},{"opp":"5-2","odds":"81.00","header":"Home"},{"opp":"5-3","odds":"201.00","header":"Home"},{"opp":"6-1","odds":"101.00","header":"Home"},{"opp":"6-0","odds":"81.00","header":"Home"},{"opp":"6-2","odds":"201.00","header":"Home"},{"opp":"7-0","odds":"251.00","header":"Home"},{"opp":"7-1","odds":"301.00","header":"Home"}],"half_time_full_time":[{"opp":"KV Oostende - KV Oostende","odds":"2.30"},{"opp":"KV Oostende - Draw","odds":"17.00"},{"opp":"KV Oostende - Mouscron-Peruwelz","odds":"51.00"},{"opp":"Draw - KV Oostende","odds":"4.00"},{"opp":"Draw - Draw","odds":"6.00"},{"opp":"Draw - Mouscron-Peruwelz","odds":"13.00"},{"opp":"Mouscron-Peruwelz - KV Oostende","odds":"21.00"},{"opp":"Mouscron-Peruwelz - Draw","odds":"17.00"},{"opp":"Mouscron-Peruwelz - Mouscron-Peruwelz","odds":"10.00"}],"goals_over_under":[{"goals":"2.5","odds":"1.80","header":"Over"},{"goals":"2.5","odds":"2.00","header":"Under"}],"both_teams_to_score":[{"opp":"Yes","odds":"1.80"},{"opp":"No","odds":"1.95"}],"asian_handicap":[{"opp":"-1.0","odds":"1.925","header":"Home"},{"opp":"+1.0","odds":"1.925","header":"Away"}],"goal_line":[{"goals":"2.5","odds":"1.800","header":"Over"},{"goals":"2.5","odds":"2.050","header":"Under"}],"alternative_asian_handicap":[{"opp":"-2.5, -3.0","odds":"6.000","header":"Home"},{"opp":"+2.5, +3.0","odds":"1.125","header":"Away"},{"opp":"-2.5","odds":"4.500","header":"Home"},{"opp":"+2.5","odds":"1.190","header":"Away"},{"opp":"-2.0, -2.5","odds":"4.250","header":"Home"},{"opp":"+2.0, +2.5","odds":"1.210","header":"Away"},{"opp":"-2.0","odds":"3.800","header":"Home"},{"opp":"+2.0","odds":"1.250","header":"Away"},{"opp":"-1.5, -2.0","odds":"2.850","header":"Home"},{"opp":"+1.5, +2.0","odds":"1.400","header":"Away"},{"opp":"-1.5","odds":"2.425","header":"Home"},{"opp":"+1.5","odds":"1.525","header":"Away"},{"opp":"-1.0, -1.5","odds":"2.150","header":"Home"},{"opp":"+1.0, +1.5","odds":"1.675","header":"Away"},{"opp":"-0.5, -1.0","odds":"1.650","header":"Home"},{"opp":"+0.5, +1.0","odds":"2.200","header":"Away"},{"opp":"-0.5","odds":"1.525","header":"Home"},{"opp":"+0.5","odds":"2.425","header":"Away"},{"opp":"0.0, -0.5","odds":"1.350","header":"Home"},{"opp":"0.0, +0.5","odds":"3.100","header":"Away"},{"opp":"0.0","odds":"1.175","header":"Home"},{"opp":"0.0","odds":"4.800","header":"Away"},{"opp":"0.0, +0.5","odds":"1.150","header":"Home"},{"opp":"0.0, -0.5","odds":"5.500","header":"Away"},{"opp":"+0.5","odds":"1.125","header":"Home"},{"opp":"-0.5","odds":"6.000","header":"Away"}],"alternative_goal_line":[{"goals":"1.0, 1.5","odds":"1.150","header":"Over"},{"goals":"1.0, 1.5","odds":"5.500","header":"Under"},{"goals":"1.5","odds":"1.240","header":"Over"},{"goals":"1.5","odds":"3.900","header":"Under"},{"goals":"1.5, 2.0","odds":"1.300","header":"Over"},{"goals":"1.5, 2.0","odds":"3.450","header":"Under"},{"goals":"2.0","odds":"1.375","header":"Over"},{"goals":"2.0","odds":"3.000","header":"Under"},{"goals":"2.0, 2.5","odds":"1.575","header":"Over"},{"goals":"2.0, 2.5","odds":"2.350","header":"Under"},{"goals":"2.5, 3.0","odds":"2.000","header":"Over"},{"goals":"2.5, 3.0","odds":"1.800","header":"Under"},{"goals":"3.0","odds":"2.300","header":"Over"},{"goals":"3.0","odds":"1.600","header":"Under"},{"goals":"3.0, 3.5","odds":"2.600","header":"Over"},{"goals":"3.0, 3.5","odds":"1.475","header":"Under"},{"goals":"3.5","odds":"2.850","header":"Over"},{"goals":"3.5","odds":"1.400","header":"Under"},{"goals":"3.5, 4.0","odds":"3.450","header":"Over"},{"goals":"3.5, 4.0","odds":"1.300","header":"Under"},{"goals":"4.0","odds":"4.500","header":"Over"},{"goals":"4.0","odds":"1.190","header":"Under"},{"goals":"4.0, 4.5","odds":"5.250","header":"Over"},{"goals":"4.0, 4.5","odds":"1.160","header":"Under"},{"goals":"4.5","odds":"5.500","header":"Over"},{"goals":"4.5","odds":"1.150","header":"Under"}],"draw_no_bet":[{"opp":"KV Oostende","odds":"1.18"},{"opp":"Mouscron-Peruwelz","odds":"4.50"}],"result_both_teams_to_score":[{"name":"KV Oostende","odds":"3.25","header":"Yes"},{"name":"KV Oostende","odds":"2.62","header":"No"},{"name":"Mouscron-Peruwelz","odds":"12.00","header":"Yes"},{"name":"Mouscron-Peruwelz","odds":"12.00","header":"No"},{"name":"Draw","odds":"5.00","header":"Yes"},{"name":"Draw","odds":"11.00","header":"No"}],"handicap_result":[{"opp":"KV Oostende (-1)","odds":"2.50"},{"opp":"Tie - (Mouscron-Peruwelz +1)","odds":"3.50"},{"opp":"Mouscron-Peruwelz (+1)","odds":"2.60"}],"alternative_handicap_result":[{"opp":"-3.0","odds":"9.50","header":"Home"},{"opp":"+3.0","odds":"7.00","header":"Tie"},{"opp":"+3.0","odds":"1.14","header":"Away"},{"opp":"-2.0","odds":"4.75","header":"Home"},{"opp":"+2.0","odds":"4.50","header":"Tie"},{"opp":"+2.0","odds":"1.50","header":"Away"},{"opp":"+1.0","odds":"1.11","header":"Home"},{"opp":"-1.0","odds":"8.00","header":"Tie"},{"opp":"-1.0","odds":"13.00","header":"Away"},{"opp":"+2.0","odds":"1.03","header":"Home"},{"opp":"-2.0","odds":"15.00","header":"Tie"},{"opp":"-2.0","odds":"21.00","header":"Away"}],"winning_margin":[{"goals":" 1","odds":"3.50","header":"Home"},{"goals":" 1","odds":"8.00","header":"Away"},{"goals":" 2","odds":"4.50","header":"Home"},{"goals":" 2","odds":"15.00","header":"Away"},{"goals":" 3","odds":"7.00","header":"Home"},{"goals":" 3","odds":"51.00","header":"Away"},{"goals":" 4+","odds":"9.50","header":"Home"},{"goals":" 4+","odds":"151.00","header":"Away"},{"goals":"Score Draw","odds":"5.00","header":"Home"},{"goals":"No Goal","odds":"11.00","header":"Home"}]}},"schedule":{"updated_at":"1532571078","sp":{"main":[{"odds":"1.53"},{"odds":"3.75"},{"odds":"7.00"}]}},"specials":{"updated_at":"1532570272","sp":{"specials":[{"name":"To Win From Behind","odds":"8.00","header":"Home"},{"name":"To Win From Behind","odds":"21.00","header":"Away"},{"name":"To Win to Nil","odds":"2.62","header":"Home"},{"name":"To Win to Nil","odds":"12.00","header":"Away"},{"name":"To Win Either Half","odds":"1.30","header":"Home"},{"name":"To Win Either Half","odds":"3.00","header":"Away"},{"name":"To Win Both Halves","odds":"4.00","header":"Home"},{"name":"To Win Both Halves","odds":"34.00","header":"Away"},{"name":"To Score in Both Halves","odds":"2.38","header":"Home"},{"name":"To Score in Both Halves","odds":"7.00","header":"Away"}],"to_score_in_half":[{"name":"1st Half","odds":"1.62","header":"Yes"},{"name":"1st Half","odds":"2.20","header":"No"},{"name":"2nd Half","odds":"1.40","header":"Yes"},{"name":"2nd Half","odds":"2.75","header":"No"},{"name":"1st Half","odds":"2.75","header":"Yes"},{"name":"1st Half","odds":"1.40","header":"No"},{"name":"2nd Half","odds":"2.25","header":"Yes"},{"name":"2nd Half","odds":"1.57","header":"No"}]}}}]}}