{"odd":{"success":1,"results":[{"FI":"75227400","event_id":"802591","asian_lines":{"updated_at":"1532569591","sp":{"asian_handicap":[{"opp":"-0.5","odds":"1.950","header":"Home"},{"opp":"+0.5","odds":"1.900","header":"Away"}],"goal_line":[{"goals":"2.5","odds":"2.100","header":"Over"},{"goals":"2.5","odds":"1.775","header":"Under"}],"alternative_asian_handicap":[{"opp":"-2.0","odds":"6.800","header":"Home"},{"opp":"+2.0","odds":"1.105","header":"Away"},{"opp":"-1.5, -2.0","odds":"4.400","header":"Home"},{"opp":"+1.5, +2.0","odds":"1.200","header":"Away"},{"opp":"-1.5","odds":"3.450","header":"Home"},{"opp":"+1.5","odds":"1.300","header":"Away"},{"opp":"-1.0, -1.5","odds":"3.100","header":"Home"},{"opp":"+1.0, +1.5","odds":"1.350","header":"Away"},{"opp":"-1.0","odds":"2.750","header":"Home"},{"opp":"+1.0","odds":"1.425","header":"Away"},{"opp":"-0.5, -1.0","odds":"2.200","header":"Home"},{"opp":"+0.5, +1.0","odds":"1.650","header":"Away"},{"opp":"0.0, -0.5","odds":"1.650","header":"Home"},{"opp":"0.0, +0.5","odds":"2.200","header":"Away"},{"opp":"0.0","odds":"1.400","header":"Home"},{"opp":"0.0","odds":"2.850","header":"Away"},{"opp":"0.0, +0.5","odds":"1.325","header":"Home"},{"opp":"0.0, -0.5","odds":"3.300","header":"Away"},{"opp":"+0.5","odds":"1.250","header":"Home"},{"opp":"-0.5","odds":"3.800","header":"Away"},{"opp":"+0.5, +1.0","odds":"1.170","header":"Home"},{"opp":"-0.5, -1.0","odds":"5.000","header":"Away"}],"alternative_goal_line":[{"goals":"1.0, 1.5","odds":"1.210","header":"Over"},{"goals":"1.0, 1.5","odds":"4.250","header":"Under"},{"goals":"1.5","odds":"1.325","header":"Over"},{"goals":"1.5","odds":"3.300","header":"Under"},{"goals":"1.5, 2.0","odds":"1.400","header":"Over"},{"goals":"1.5, 2.0","odds":"2.850","header":"Under"},{"goals":"2.0","odds":"1.525","header":"Over"},{"goals":"2.0","odds":"2.425","header":"Under"},{"goals":"2.0, 2.5","odds":"1.775","header":"Over"},{"goals":"2.0, 2.5","odds":"2.025","header":"Under"},{"goals":"2.5, 3.0","odds":"2.350","header":"Over"},{"goals":"2.5, 3.0","odds":"1.575","header":"Under"},{"goals":"3.0","odds":"2.850","header":"Over"},{"goals":"3.0","odds":"1.400","header":"Under"},{"goals":"3.0, 3.5","odds":"3.300","header":"Over"},{"goals":"3.0, 3.5","odds":"1.325","header":"Under"},{"goals":"3.5","odds":"3.550","header":"Over"},{"goals":"3.5","odds":"1.275","header":"Under"},{"goals":"3.5, 4.0","odds":"4.400","header":"Over"},{"goals":"3.5, 4.0","odds":"1.200","header":"Under"},{"goals":"4.0","odds":"6.400","header":"Over"},{"goals":"4.0","odds":"1.115","header":"Under"},{"goals":"4.0, 4.5","odds":"6.800","header":"Over"},{"goals":"4.0, 4.5","odds":"1.105","header":"Under"}],"1st_half_asian_handicap":[{"opp":"0.0, -0.5","odds":"2.050","header":"Home"},{"opp":"0.0, +0.5","odds":"1.750","header":"Away"}],"1st_half_goal_line":[{"goals":"1.0","odds":"2.000","header":"Over"},{"goals":"1.0","odds":"1.800","header":"Under"}],"alternative_1st_half_asian_handicap":[{"opp":"-1.0, -1.5","odds":"6.800","header":"Home"},{"opp":"+1.0, +1.5","odds":"1.105","header":"Away"},{"opp":"-1.0","odds":"6.000","header":"Home"},{"opp":"+1.0","odds":"1.125","header":"Away"},{"opp":"-0.5, -1.0","odds":"3.450","header":"Home"},{"opp":"+0.5, +1.0","odds":"1.300","header":"Away"},{"opp":"-0.5","odds":"2.500","header":"Home"},{"opp":"+0.5","odds":"1.500","header":"Away"},{"opp":"0.0","odds":"1.500","header":"Home"},{"opp":"0.0","odds":"2.500","header":"Away"},{"opp":"0.0, +0.5","odds":"1.300","header":"Home"},{"opp":"0.0, -0.5","odds":"3.450","header":"Away"},{"opp":"+0.5","odds":"1.210","header":"Home"},{"opp":"-0.5","odds":"4.250","header":"Away"},{"opp":"+0.5, +1.0","odds":"1.115","header":"Home"},{"opp":"-0.5, -1.0","odds":"6.400","header":"Away"}],"alternative_1st_half_goal_line":[{"goals":"0.5, 1.0","odds":"1.600","header":"Over"},{"goals":"0.5, 1.0","odds":"2.300","header":"Under"},{"goals":"1.0, 1.5","odds":"2.500","header":"Over"},{"goals":"1.0, 1.5","odds":"1.500","header":"Under"},{"goals":"1.5","odds":"3.000","header":"Over"},{"goals":"1.5","odds":"1.375","header":"Under"},{"goals":"1.5, 2.0","odds":"3.900","header":"Over"},{"goals":"1.5, 2.0","odds":"1.240","header":"Under"},{"goals":"2.0","odds":"6.600","header":"Over"},{"goals":"2.0","odds":"1.110","header":"Under"}]}},"goals":{"updated_at":"1532569599","sp":{"goals_over_under":[{"goals":"2.5","odds":"2.05","header":"Over"},{"goals":"2.5","odds":"1.75","header":"Under"}],"alternative_total_goals":[{"goals":"0.5","odds":"1.07","header":"Over "},{"goals":"0.5","odds":"9.50","header":"Under"},{"goals":"1.5","odds":"1.33","header":"Over "},{"goals":"1.5","odds":"3.25","header":"Under"},{"goals":"3.5","odds":"3.50","header":"Over "},{"goals":"3.5","odds":"1.29","header":"Under"},{"goals":"4.5","odds":"8.00","header":"Over "},{"goals":"4.5","odds":"1.08","header":"Under"},{"goals":"5.5","odds":"17.00","header":"Over "},{"goals":"5.5","odds":"1.02","header":"Under"}],"result_total_goals":[{"opp":"Rakow Czestochowa & Over 2.5","odds":"3.20"},{"opp":"Rakow Czestochowa & Under 2.5","odds":"4.00"},{"opp":"Draw & Over 2.5","odds":"15.00"},{"opp":"Draw & Under  2.5","odds":"4.00"},{"opp":"GKS Jastrzebie & Over 2.5","odds":"7.00"},{"opp":"GKS Jastrzebie & Under 2.5","odds":"7.50"}],"total_goals_both_teams_to_score":[{"opp":"Over 2.5 & Yes","odds":"2.40"},{"opp":"Over 2.5 & No","odds":"9.00"},{"opp":"Under 2.5 & Yes","odds":"6.50"},{"opp":"Under 2.5 & No","odds":"2.20"}],"exact_total_goals":[{"opp":"0 Goals","odds":"9.50"},{"opp":"1 Goal","odds":"4.50"},{"opp":"2 Goals","odds":"3.50"},{"opp":"3 Goals","odds":"4.33"},{"opp":"4 Goals","odds":"6.00"},{"opp":"5 Goals","odds":"12.00"},{"opp":"6 Goals","odds":"26.00"},{"opp":"7+ Goals","odds":"34.00"}],"number_of_goals_in_match":[{"opp":"Under 2 goals","odds":"3.25"},{"opp":"2 or 3 goals","odds":"1.95"},{"opp":"Over 3 goals","odds":"3.50"}],"both_teams_to_score":[{"opp":"Yes","odds":"1.83"},{"opp":"No","odds":"1.83"}],"teams_to_score":[{"opp":"Both Teams","odds":"1.83"},{"opp":"Rakow Czestochowa Only","odds":"3.10"},{"opp":"No Goal","odds":"9.50"},{"opp":"GKS Jastrzebie Only","odds":"6.50"}],"both_teams_to_score_in_1st_half":[{"opp":"Yes","odds":"5.00"},{"opp":"No","odds":"1.17"}],"both_teams_to_score_in_2nd_half":[{"opp":"Yes","odds":"3.50"},{"opp":"No","odds":"1.29"}],"both_teams_to_score_1st_half_2nd_half":[{"opp":"Yes \/ Yes","odds":"19.00"},{"opp":"Yes \/ No","odds":"6.50"},{"opp":"No \/ Yes","odds":"4.00"},{"opp":"No \/ No","odds":"1.50"}],"first_half_goals":[{"goals":"0.5","odds":"1.44","header":"Over"},{"goals":"0.5","odds":"2.62","header":"Under"},{"goals":"1.5","odds":"3.00","header":"Over"},{"goals":"1.5","odds":"1.36","header":"Under"},{"goals":"2.5","odds":"8.00","header":"Over"},{"goals":"2.5","odds":"1.08","header":"Under"},{"goals":"3.5","odds":"23.00","header":"Over"},{"goals":"3.5","odds":"1.01","header":"Under"}],"exact_1st_half_goals":[{"opp":"0 Goals","odds":"2.62"},{"opp":"1 Goal","odds":"2.50"},{"opp":"2 Goals","odds":"4.33"},{"opp":"3 Goals","odds":"11.00"},{"opp":"4 Goals","odds":"34.00"},{"opp":"5+ Goals","odds":"81.00"}],"first_team_to_score":[{"opp":"Rakow Czestochowa","odds":"1.62"},{"opp":"No Goals","odds":"9.50"},{"opp":"GKS Jastrzebie","odds":"2.62"}],"2nd_half_goals":[{"goals":"0.5","odds":"1.25","header":"Over"},{"goals":"0.5","odds":"3.75","header":"Under"},{"goals":"1.5","odds":"2.20","header":"Over"},{"goals":"1.5","odds":"1.62","header":"Under"},{"goals":"2.5","odds":"5.00","header":"Over"},{"goals":"2.5","odds":"1.17","header":"Under"},{"goals":"3.5","odds":"13.00","header":"Over"},{"goals":"3.5","odds":"1.04","header":"Under"}],"exact_2nd_half_goals":[{"opp":"0 Goals","odds":"3.75"},{"opp":"1 Goal","odds":"2.62"},{"opp":"2 Goals","odds":"3.60"},{"opp":"3 Goals","odds":"7.00"},{"opp":"4 Goals","odds":"19.00"},{"opp":"5+ Goals","odds":"29.00"}],"half_with_most_goals":[{"opp":"1st Half","odds":"3.10"},{"opp":"2nd Half","odds":"2.05"},{"opp":"Tie","odds":"3.40"}],"home_team_highest_scoring_half":[{"opp":"Rakow Czestochowa - 1st Half","odds":"3.40"},{"opp":"Rakow Czestochowa - 2nd Half","odds":"2.40"},{"opp":"Rakow Czestochowa - Tie","odds":"2.50"}],"away_team_highest_scoring_half":[{"opp":"GKS Jastrzebie - 1st Half","odds":"4.00"},{"opp":"GKS Jastrzebie - 2nd Half","odds":"2.88"},{"opp":"GKS Jastrzebie - Tie","odds":"1.95"}],"home_team_exact_goals":[{"opp":"Rakow Czestochowa - 0 Goals","odds":"4.00"},{"opp":"Rakow Czestochowa - 1 Goal","odds":"2.75"},{"opp":"Rakow Czestochowa - 2 Goals","odds":"3.50"},{"opp":"Rakow Czestochowa - 3+ Goals","odds":"4.33"}],"away_team_exact_goals":[{"opp":"GKS Jastrzebie - 0 Goals","odds":"2.50"},{"opp":"GKS Jastrzebie - 1 Goal","odds":"2.40"},{"opp":"GKS Jastrzebie - 2 Goals","odds":"4.75"},{"opp":"GKS Jastrzebie - 3+ Goals","odds":"11.00"}],"goals_odd_even":[{"opp":"Even","odds":"1.90"},{"opp":"Odd","odds":"1.95"}],"home_team_odd_even_goals":[{"opp":"Rakow Czestochowa - Even","odds":"1.80"},{"opp":"Rakow Czestochowa - Odd","odds":"1.91"}],"away_team_odd_even_goals":[{"opp":"GKS Jastrzebie - Even","odds":"1.67"},{"opp":"GKS Jastrzebie - Odd","odds":"2.10"}],"1st_half_goals_odd_even":[{"opp":"Odd","odds":"2.10"},{"opp":"Even","odds":"1.73"}],"last_team_to_score":[{"opp":"Rakow Czestochowa","odds":"1.62"},{"opp":"No Goal","odds":"9.50"},{"opp":"GKS Jastrzebie","odds":"2.62"}]}},"half":{"updated_at":"1532569611","sp":{"half_time_result":[{"opp":"1","odds":"2.60"},{"opp":"X","odds":"2.10"},{"opp":"2","odds":"4.33"}],"half_time_double_chance":[{"opp":"1X","odds":"1.18"},{"opp":"X2","odds":"1.50"},{"opp":"12","odds":"1.67"}],"half_time_result_both_teams_to_score":[{"opp":"Rakow Czestochowa & Yes","odds":"19.00"},{"opp":"Rakow Czestochowa & No","odds":"2.88"},{"opp":"Draw & Yes","odds":"8.00"},{"opp":"Draw & No","odds":"2.75"},{"opp":"GKS Jastrzebie & Yes","odds":"29.00"},{"opp":"GKS Jastrzebie & No","odds":"4.75"}],"half_time_result_total_goals":[{"opp":"Rakow Czestochowa & Over 1.5","odds":"6.00"},{"opp":"Rakow Czestochowa & Under 1.5","odds":"3.75"},{"opp":"Draw & Over 1.5","odds":"8.00"},{"opp":"Draw & Under 1.5","odds":"2.62"},{"opp":"GKS Jastrzebie & Over 1.5","odds":"13.00"},{"opp":"GKS Jastrzebie & Under 1.5","odds":"6.00"}],"half_time_correct_score":[{"opp":"1-0","odds":"3.75","header":"Home"},{"opp":"0-0","odds":"2.62","header":"X"},{"opp":"1-0","odds":"6.00","header":"Away"},{"opp":"2-0","odds":"10.00","header":"Home"},{"opp":"1-1","odds":"8.00","header":"X"},{"opp":"2-0","odds":"23.00","header":"Away"},{"opp":"2-1","odds":"21.00","header":"Home"},{"opp":"2-2","odds":"51.00","header":"X"},{"opp":"2-1","odds":"34.00","header":"Away"},{"opp":"3-0","odds":"34.00","header":"Home"},{"opp":"3-0","odds":"81.00","header":"Away"},{"opp":"3-1","odds":"51.00","header":"Home"},{"opp":"3-1","odds":"101.00","header":"Away"},{"opp":"3-2","odds":"201.00","header":"Home"},{"opp":"3-2","odds":"301.00","header":"Away"},{"opp":"4-0","odds":"101.00","header":"Home"},{"opp":"4-1","odds":"251.00","header":"Home"}],"both_teams_to_score_in_1st_half":[{"opp":"Yes","odds":"5.00"},{"opp":"No","odds":"1.17"}],"both_teams_to_score_in_2nd_half":[{"opp":"Yes","odds":"3.50"},{"opp":"No","odds":"1.29"}],"both_teams_to_score_1st_half_2nd_half":[{"opp":"Yes \/ Yes","odds":"19.00"},{"opp":"Yes \/ No","odds":"6.50"},{"opp":"No \/ Yes","odds":"4.00"},{"opp":"No \/ No","odds":"1.50"}],"1st_half_asian_handicap":[{"opp":"0.0, -0.5","odds":"2.050","header":"Home"},{"opp":"0.0, +0.5","odds":"1.750","header":"Away"}],"1st_half_goal_line":[{"goals":"1.0","odds":"2.000","header":"Over"},{"goals":"1.0","odds":"1.800","header":"Under"}],"alternative_1st_half_asian_handicap":[{"opp":"-1.0, -1.5","odds":"6.800","header":"Home"},{"opp":"+1.0, +1.5","odds":"1.105","header":"Away"},{"opp":"-1.0","odds":"6.000","header":"Home"},{"opp":"+1.0","odds":"1.125","header":"Away"},{"opp":"-0.5, -1.0","odds":"3.450","header":"Home"},{"opp":"+0.5, +1.0","odds":"1.300","header":"Away"},{"opp":"-0.5","odds":"2.500","header":"Home"},{"opp":"+0.5","odds":"1.500","header":"Away"},{"opp":"0.0","odds":"1.500","header":"Home"},{"opp":"0.0","odds":"2.500","header":"Away"},{"opp":"0.0, +0.5","odds":"1.300","header":"Home"},{"opp":"0.0, -0.5","odds":"3.450","header":"Away"},{"opp":"+0.5","odds":"1.210","header":"Home"},{"opp":"-0.5","odds":"4.250","header":"Away"},{"opp":"+0.5, +1.0","odds":"1.115","header":"Home"},{"opp":"-0.5, -1.0","odds":"6.400","header":"Away"}],"alternative_1st_half_goal_line":[{"goals":"0.5, 1.0","odds":"1.600","header":"Over"},{"goals":"0.5, 1.0","odds":"2.300","header":"Under"},{"goals":"1.0, 1.5","odds":"2.500","header":"Over"},{"goals":"1.0, 1.5","odds":"1.500","header":"Under"},{"goals":"1.5","odds":"3.000","header":"Over"},{"goals":"1.5","odds":"1.375","header":"Under"},{"goals":"1.5, 2.0","odds":"3.900","header":"Over"},{"goals":"1.5, 2.0","odds":"1.240","header":"Under"},{"goals":"2.0","odds":"6.600","header":"Over"},{"goals":"2.0","odds":"1.110","header":"Under"}],"1st_half_handicap":[{"opp":"Rakow Czestochowa  -1.0","odds":"7.50"},{"opp":"Tie - GKS Jastrzebie +1.0","odds":"3.40"},{"opp":"GKS Jastrzebie  +1.0","odds":"1.50"}],"alternative_1st_half_handicap_result":[{"opp":"-2.0","odds":"21.00","header":"Home"},{"opp":"+2.0","odds":"9.00","header":"Tie"},{"opp":"+2.0","odds":"1.07","header":"Away"},{"opp":"+1.0","odds":"1.18","header":"Home"},{"opp":"-1.0","odds":"5.00","header":"Tie"},{"opp":"-1.0","odds":"17.00","header":"Away"}],"first_half_goals":[{"goals":"0.5","odds":"1.44","header":"Over"},{"goals":"0.5","odds":"2.62","header":"Under"},{"goals":"1.5","odds":"3.00","header":"Over"},{"goals":"1.5","odds":"1.36","header":"Under"},{"goals":"2.5","odds":"8.00","header":"Over"},{"goals":"2.5","odds":"1.08","header":"Under"},{"goals":"3.5","odds":"23.00","header":"Over"},{"goals":"3.5","odds":"1.01","header":"Under"}],"exact_1st_half_goals":[{"opp":"0 Goals","odds":"2.62"},{"opp":"1 Goal","odds":"2.50"},{"opp":"2 Goals","odds":"4.33"},{"opp":"3 Goals","odds":"11.00"},{"opp":"4 Goals","odds":"34.00"},{"opp":"5+ Goals","odds":"81.00"}],"1st_half_goals_odd_even":[{"opp":"Odd","odds":"2.10"},{"opp":"Even","odds":"1.73"}],"to_score_in_half":[{"name":"1st Half","odds":"1.83","header":"Yes"},{"name":"1st Half","odds":"1.83","header":"No"},{"name":"2nd Half","odds":"1.62","header":"Yes"},{"name":"2nd Half","odds":"2.20","header":"No"},{"name":"1st Half","odds":"2.62","header":"Yes"},{"name":"1st Half","odds":"1.44","header":"No"},{"name":"2nd Half","odds":"2.10","header":"Yes"},{"name":"2nd Half","odds":"1.67","header":"No"}],"half_with_most_goals":[{"opp":"1st Half","odds":"3.10"},{"opp":"2nd Half","odds":"2.05"},{"opp":"Tie","odds":"3.40"}],"home_team_highest_scoring_half":[{"opp":"Rakow Czestochowa - 1st Half","odds":"3.40"},{"opp":"Rakow Czestochowa - 2nd Half","odds":"2.40"},{"opp":"Rakow Czestochowa - Tie","odds":"2.50"}],"away_team_highest_scoring_half":[{"opp":"GKS Jastrzebie - 1st Half","odds":"4.00"},{"opp":"GKS Jastrzebie - 2nd Half","odds":"2.88"},{"opp":"GKS Jastrzebie - Tie","odds":"1.95"}],"2nd_half_result":[{"opp":"1","odds":"2.25"},{"opp":"X","odds":"2.40"},{"opp":"2","odds":"4.00"}],"2nd_half_goals":[{"goals":"0.5","odds":"1.25","header":"Over"},{"goals":"0.5","odds":"3.75","header":"Under"},{"goals":"1.5","odds":"2.20","header":"Over"},{"goals":"1.5","odds":"1.62","header":"Under"},{"goals":"2.5","odds":"5.00","header":"Over"},{"goals":"2.5","odds":"1.17","header":"Under"},{"goals":"3.5","odds":"13.00","header":"Over"},{"goals":"3.5","odds":"1.04","header":"Under"}],"exact_2nd_half_goals":[{"opp":"0 Goals","odds":"3.75"},{"opp":"1 Goal","odds":"2.62"},{"opp":"2 Goals","odds":"3.60"},{"opp":"3 Goals","odds":"7.00"},{"opp":"4 Goals","odds":"19.00"},{"opp":"5+ Goals","odds":"29.00"}],"2nd_half_goals_odd_even":[{"opp":"Even","odds":"1.73"},{"opp":"Odd","odds":"2.00"}]}},"main":{"updated_at":"1532571260","sp":{"full_time_result":[{"opp":"1","odds":"1.91"},{"opp":"X","odds":"3.40"},{"opp":"2","odds":"4.00"}],"double_chance":[{"opp":"1X","odds":"1.25"},{"opp":"X2","odds":"1.91"},{"opp":"12","odds":"1.33"}],"correct_score":[{"opp":"1-0","odds":"7.00","header":"Home"},{"opp":"0-0","odds":"9.50","header":"X"},{"opp":"1-0","odds":"11.00","header":"Away"},{"opp":"2-0","odds":"8.50","header":"Home"},{"opp":"1-1","odds":"6.50","header":"X"},{"opp":"2-0","odds":"21.00","header":"Away"},{"opp":"2-1","odds":"8.50","header":"Home"},{"opp":"2-2","odds":"15.00","header":"X"},{"opp":"2-1","odds":"13.00","header":"Away"},{"opp":"3-0","odds":"17.00","header":"Home"},{"opp":"3-3","odds":"51.00","header":"X"},{"opp":"3-0","odds":"41.00","header":"Away"},{"opp":"3-1","odds":"17.00","header":"Home"},{"opp":"4-4","odds":"351.00","header":"X"},{"opp":"3-1","odds":"34.00","header":"Away"},{"opp":"3-2","odds":"29.00","header":"Home"},{"opp":"3-2","odds":"41.00","header":"Away"},{"opp":"4-0","odds":"34.00","header":"Home"},{"opp":"4-0","odds":"101.00","header":"Away"},{"opp":"4-1","odds":"34.00","header":"Home"},{"opp":"4-1","odds":"81.00","header":"Away"},{"opp":"4-2","odds":"51.00","header":"Home"},{"opp":"4-2","odds":"101.00","header":"Away"},{"opp":"4-3","odds":"126.00","header":"Home"},{"opp":"4-3","odds":"151.00","header":"Away"},{"opp":"5-0","odds":"67.00","header":"Home"},{"opp":"5-1","odds":"301.00","header":"Away"},{"opp":"5-1","odds":"67.00","header":"Home"},{"opp":"5-2","odds":"126.00","header":"Home"},{"opp":"5-3","odds":"351.00","header":"Home"},{"opp":"6-0","odds":"201.00","header":"Home"},{"opp":"6-1","odds":"201.00","header":"Home"}],"half_time_full_time":[{"opp":"Rakow Czestochowa - Rakow Czestochowa","odds":"3.00"},{"opp":"Rakow Czestochowa - Draw","odds":"15.00"},{"opp":"Rakow Czestochowa - GKS Jastrzebie","odds":"41.00"},{"opp":"Draw - Rakow Czestochowa","odds":"4.75"},{"opp":"Draw - Draw","odds":"5.00"},{"opp":"Draw - GKS Jastrzebie","odds":"8.50"},{"opp":"GKS Jastrzebie - Rakow Czestochowa","odds":"23.00"},{"opp":"GKS Jastrzebie - Draw","odds":"15.00"},{"opp":"GKS Jastrzebie - GKS Jastrzebie","odds":"6.50"}],"goals_over_under":[{"goals":"2.5","odds":"2.05","header":"Over"},{"goals":"2.5","odds":"1.75","header":"Under"}],"both_teams_to_score":[{"opp":"Yes","odds":"1.83"},{"opp":"No","odds":"1.83"}],"asian_handicap":[{"opp":"-0.5","odds":"1.950","header":"Home"},{"opp":"+0.5","odds":"1.900","header":"Away"}],"goal_line":[{"goals":"2.5","odds":"2.100","header":"Over"},{"goals":"2.5","odds":"1.775","header":"Under"}],"alternative_asian_handicap":[{"opp":"-2.0","odds":"6.800","header":"Home"},{"opp":"+2.0","odds":"1.105","header":"Away"},{"opp":"-1.5, -2.0","odds":"4.400","header":"Home"},{"opp":"+1.5, +2.0","odds":"1.200","header":"Away"},{"opp":"-1.5","odds":"3.450","header":"Home"},{"opp":"+1.5","odds":"1.300","header":"Away"},{"opp":"-1.0, -1.5","odds":"3.100","header":"Home"},{"opp":"+1.0, +1.5","odds":"1.350","header":"Away"},{"opp":"-1.0","odds":"2.750","header":"Home"},{"opp":"+1.0","odds":"1.425","header":"Away"},{"opp":"-0.5, -1.0","odds":"2.200","header":"Home"},{"opp":"+0.5, +1.0","odds":"1.650","header":"Away"},{"opp":"0.0, -0.5","odds":"1.650","header":"Home"},{"opp":"0.0, +0.5","odds":"2.200","header":"Away"},{"opp":"0.0","odds":"1.400","header":"Home"},{"opp":"0.0","odds":"2.850","header":"Away"},{"opp":"0.0, +0.5","odds":"1.325","header":"Home"},{"opp":"0.0, -0.5","odds":"3.300","header":"Away"},{"opp":"+0.5","odds":"1.250","header":"Home"},{"opp":"-0.5","odds":"3.800","header":"Away"},{"opp":"+0.5, +1.0","odds":"1.170","header":"Home"},{"opp":"-0.5, -1.0","odds":"5.000","header":"Away"}],"alternative_goal_line":[{"goals":"1.0, 1.5","odds":"1.210","header":"Over"},{"goals":"1.0, 1.5","odds":"4.250","header":"Under"},{"goals":"1.5","odds":"1.325","header":"Over"},{"goals":"1.5","odds":"3.300","header":"Under"},{"goals":"1.5, 2.0","odds":"1.400","header":"Over"},{"goals":"1.5, 2.0","odds":"2.850","header":"Under"},{"goals":"2.0","odds":"1.525","header":"Over"},{"goals":"2.0","odds":"2.425","header":"Under"},{"goals":"2.0, 2.5","odds":"1.775","header":"Over"},{"goals":"2.0, 2.5","odds":"2.025","header":"Under"},{"goals":"2.5, 3.0","odds":"2.350","header":"Over"},{"goals":"2.5, 3.0","odds":"1.575","header":"Under"},{"goals":"3.0","odds":"2.850","header":"Over"},{"goals":"3.0","odds":"1.400","header":"Under"},{"goals":"3.0, 3.5","odds":"3.300","header":"Over"},{"goals":"3.0, 3.5","odds":"1.325","header":"Under"},{"goals":"3.5","odds":"3.550","header":"Over"},{"goals":"3.5","odds":"1.275","header":"Under"},{"goals":"3.5, 4.0","odds":"4.400","header":"Over"},{"goals":"3.5, 4.0","odds":"1.200","header":"Under"},{"goals":"4.0","odds":"6.400","header":"Over"},{"goals":"4.0","odds":"1.115","header":"Under"},{"goals":"4.0, 4.5","odds":"6.800","header":"Over"},{"goals":"4.0, 4.5","odds":"1.105","header":"Under"}],"draw_no_bet":[{"opp":"Rakow Czestochowa","odds":"1.40"},{"opp":"GKS Jastrzebie","odds":"2.75"}],"result_both_teams_to_score":[{"name":"Rakow Czestochowa","odds":"4.33","header":"Yes"},{"name":"Rakow Czestochowa","odds":"3.10","header":"No"},{"name":"GKS Jastrzebie","odds":"8.00","header":"Yes"},{"name":"GKS Jastrzebie","odds":"6.50","header":"No"},{"name":"Draw","odds":"4.75","header":"Yes"},{"name":"Draw","odds":"9.50","header":"No"}],"handicap_result":[{"opp":"Rakow Czestochowa (-1)","odds":"3.40"},{"opp":"Tie - (GKS Jastrzebie +1)","odds":"3.60"},{"opp":"GKS Jastrzebie (+1)","odds":"1.91"}],"alternative_handicap_result":[{"opp":"-3.0","odds":"15.00","header":"Home"},{"opp":"+3.0","odds":"9.00","header":"Tie"},{"opp":"+3.0","odds":"1.07","header":"Away"},{"opp":"-2.0","odds":"7.50","header":"Home"},{"opp":"+2.0","odds":"5.50","header":"Tie"},{"opp":"+2.0","odds":"1.25","header":"Away"},{"opp":"+1.0","odds":"1.25","header":"Home"},{"opp":"-1.0","odds":"5.50","header":"Tie"},{"opp":"-1.0","odds":"8.50","header":"Away"},{"opp":"+2.0","odds":"1.06","header":"Home"},{"opp":"-2.0","odds":"10.00","header":"Tie"},{"opp":"-2.0","odds":"17.00","header":"Away"}],"winning_margin":[{"goals":" 1","odds":"3.60","header":"Home"},{"goals":" 1","odds":"5.50","header":"Away"},{"goals":" 2","odds":"5.50","header":"Home"},{"goals":" 2","odds":"10.00","header":"Away"},{"goals":" 3","odds":"9.00","header":"Home"},{"goals":" 3","odds":"41.00","header":"Away"},{"goals":" 4+","odds":"15.00","header":"Home"},{"goals":" 4+","odds":"81.00","header":"Away"},{"goals":"Score Draw","odds":"4.75","header":"Home"},{"goals":"No Goal","odds":"9.50","header":"Home"}]}},"schedule":{"updated_at":"1532570852","sp":{"main":[{"odds":"2.100"},{"odds":"1.775"}]}},"specials":{"updated_at":"1532569631","sp":{"specials":[{"name":"To Win From Behind","odds":"9.00","header":"Home"},{"name":"To Win From Behind","odds":"15.00","header":"Away"},{"name":"To Win to Nil","odds":"3.10","header":"Home"},{"name":"To Win to Nil","odds":"6.50","header":"Away"},{"name":"To Win Either Half","odds":"1.50","header":"Home"},{"name":"To Win Either Half","odds":"2.38","header":"Away"},{"name":"To Win Both Halves","odds":"6.00","header":"Home"},{"name":"To Win Both Halves","odds":"19.00","header":"Away"},{"name":"To Score in Both Halves","odds":"3.00","header":"Home"},{"name":"To Score in Both Halves","odds":"6.00","header":"Away"}],"to_score_in_half":[{"name":"1st Half","odds":"1.83","header":"Yes"},{"name":"1st Half","odds":"1.83","header":"No"},{"name":"2nd Half","odds":"1.62","header":"Yes"},{"name":"2nd Half","odds":"2.20","header":"No"},{"name":"1st Half","odds":"2.62","header":"Yes"},{"name":"1st Half","odds":"1.44","header":"No"},{"name":"2nd Half","odds":"2.10","header":"Yes"},{"name":"2nd Half","odds":"1.67","header":"No"}]}}}]}}