{"odd":{"success":1,"results":[{"FI":"75382674","event_id":"847569","asian_lines":{"updated_at":"1532570386","sp":{"asian_total_corners":[{"goals":"9.0","odds":"1.875","header":"Over"},{"goals":"9.0","odds":"1.925","header":"Under"}],"1st_half_asian_corners":[{"goals":"4.5","odds":"2.075","header":"Over"},{"goals":"4.5","odds":"1.725","header":"Under"}]}},"corners":{"updated_at":"1532570392","sp":{"corners":[{"opp":"Over 9","odds":"2.10"},{"opp":"Exactly 9","odds":"7.00"},{"opp":"Under 9","odds":"2.20"}],"total_corners":[{"opp":"Under 6","odds":"8.00"},{"opp":"6 - 8","odds":"2.75"},{"opp":"9 - 11","odds":"2.60"},{"opp":"12 - 14","odds":"5.00"},{"opp":"Over 14","odds":"15.00"}],"alternative_corners":[{"goals":"3","odds":"1.01","header":"Over"},{"goals":"3","odds":"29.00","header":"Exactly"},{"goals":"3","odds":"41.00","header":"Under"},{"goals":"4","odds":"1.03","header":"Over"},{"goals":"4","odds":"19.00","header":"Exactly"},{"goals":"4","odds":"23.00","header":"Under"},{"goals":"5","odds":"1.07","header":"Over"},{"goals":"5","odds":"13.00","header":"Exactly"},{"goals":"5","odds":"15.00","header":"Under"},{"goals":"6","odds":"1.18","header":"Over"},{"goals":"6","odds":"9.50","header":"Exactly"},{"goals":"6","odds":"8.00","header":"Under"},{"goals":"7","odds":"1.36","header":"Over"},{"goals":"7","odds":"7.50","header":"Exactly"},{"goals":"7","odds":"4.50","header":"Under"},{"goals":"8","odds":"1.67","header":"Over"},{"goals":"8","odds":"7.00","header":"Exactly"},{"goals":"8","odds":"3.00","header":"Under"},{"goals":"10","odds":"2.88","header":"Over"},{"goals":"10","odds":"7.50","header":"Exactly"},{"goals":"10","odds":"1.67","header":"Under"},{"goals":"11","odds":"4.00","header":"Over"},{"goals":"11","odds":"8.50","header":"Exactly"},{"goals":"11","odds":"1.40","header":"Under"},{"goals":"12","odds":"6.00","header":"Over"},{"goals":"12","odds":"10.00","header":"Exactly"},{"goals":"12","odds":"1.22","header":"Under"},{"goals":"13","odds":"9.00","header":"Over"},{"goals":"13","odds":"13.00","header":"Exactly"},{"goals":"13","odds":"1.11","header":"Under"},{"goals":"14","odds":"13.00","header":"Over"},{"goals":"14","odds":"17.00","header":"Exactly"},{"goals":"14","odds":"1.06","header":"Under"},{"goals":"15","odds":"19.00","header":"Over"},{"goals":"15","odds":"21.00","header":"Exactly"},{"goals":"15","odds":"1.03","header":"Under"},{"goals":"16","odds":"29.00","header":"Over"},{"goals":"16","odds":"29.00","header":"Exactly"},{"goals":"16","odds":"1.02","header":"Under"}],"corners_2_way":[{"opp":"Over 9.5","odds":"2.10"},{"opp":"Under 9.5","odds":"1.67"}],"first_half_corners":[{"opp":"4","odds":"2.05","header":"Over"},{"opp":"4","odds":"4.75","header":"Exactly"},{"opp":"4","odds":"2.60","header":"Under"}],"asian_total_corners":[{"goals":"9.0","odds":"1.875","header":"Over"},{"goals":"9.0","odds":"1.925","header":"Under"}],"1st_half_asian_corners":[{"goals":"4.5","odds":"2.075","header":"Over"},{"goals":"4.5","odds":"1.725","header":"Under"}]}},"goals":{"updated_at":"1532570407","sp":{"goals_over_under":[{"goals":"2.5","odds":"1.65","header":"Over"},{"goals":"2.5","odds":"2.20","header":"Under"}],"first_team_to_score":[{"opp":"Borussia M'gladbach","odds":"1.80"},{"opp":"No Goals","odds":"17.00"},{"opp":"Augsburg","odds":"2.05"}],"home_team_highest_scoring_half":[{"opp":"Borussia M'gladbach - 1st Half","odds":"3.40"},{"opp":"Borussia M'gladbach - 2nd Half","odds":"2.40"},{"opp":"Borussia M'gladbach - Tie","odds":"2.50"}],"away_team_highest_scoring_half":[{"opp":"Augsburg - 1st Half","odds":"3.40"},{"opp":"Augsburg - 2nd Half","odds":"2.40"},{"opp":"Augsburg - Tie","odds":"2.40"}],"goals_odd_even":[{"opp":"Even","odds":"1.90"},{"opp":"Odd","odds":"1.95"}],"home_team_odd_even_goals":[{"opp":"Borussia M'gladbach - Even","odds":"1.80"},{"opp":"Borussia M'gladbach - Odd","odds":"1.91"}],"away_team_odd_even_goals":[{"opp":"Augsburg - Even","odds":"1.73"},{"opp":"Augsburg - Odd","odds":"2.00"}],"1st_half_goals_odd_even":[{"opp":"Odd","odds":"2.00"},{"opp":"Even","odds":"1.80"}]}},"half":{"updated_at":"1532570412","sp":{"half_time_result":[{"opp":"1","odds":"2.88"},{"opp":"X","odds":"2.30"},{"opp":"2","odds":"3.00"}],"half_time_double_chance":[{"opp":"1X","odds":"1.36"},{"opp":"X2","odds":"1.40"},{"opp":"12","odds":"1.57"}],"half_time_correct_score":[{"opp":"1-0","odds":"4.75","header":"Home"},{"opp":"0-0","odds":"3.40","header":"X"},{"opp":"1-0","odds":"4.75","header":"Away"},{"opp":"2-0","odds":"12.00","header":"Home"},{"opp":"1-1","odds":"7.50","header":"X"},{"opp":"2-0","odds":"13.00","header":"Away"},{"opp":"2-1","odds":"21.00","header":"Home"},{"opp":"2-2","odds":"51.00","header":"X"},{"opp":"2-1","odds":"21.00","header":"Away"},{"opp":"3-0","odds":"41.00","header":"Home"},{"opp":"3-0","odds":"41.00","header":"Away"},{"opp":"3-1","odds":"51.00","header":"Home"},{"opp":"3-1","odds":"51.00","header":"Away"},{"opp":"3-2","odds":"126.00","header":"Home"},{"opp":"3-2","odds":"151.00","header":"Away"},{"opp":"4-0","odds":"126.00","header":"Home"},{"opp":"4-0","odds":"151.00","header":"Away"}],"first_half_corners":[{"opp":"4","odds":"2.05","header":"Over"},{"opp":"4","odds":"4.75","header":"Exactly"},{"opp":"4","odds":"2.60","header":"Under"}],"1st_half_asian_corners":[{"goals":"4.5","odds":"2.075","header":"Over"},{"goals":"4.5","odds":"1.725","header":"Under"}],"1st_half_goals_odd_even":[{"opp":"Odd","odds":"2.00"},{"opp":"Even","odds":"1.80"}],"home_team_highest_scoring_half":[{"opp":"Borussia M'gladbach - 1st Half","odds":"3.40"},{"opp":"Borussia M'gladbach - 2nd Half","odds":"2.40"},{"opp":"Borussia M'gladbach - Tie","odds":"2.50"}],"away_team_highest_scoring_half":[{"opp":"Augsburg - 1st Half","odds":"3.40"},{"opp":"Augsburg - 2nd Half","odds":"2.40"},{"opp":"Augsburg - Tie","odds":"2.40"}],"2nd_half_goals_odd_even":[{"opp":"Even","odds":"1.80"},{"opp":"Odd","odds":"1.91"}]}},"main":{"updated_at":"1532570366","sp":{"full_time_result":[{"opp":"1","odds":"2.25"},{"opp":"X","odds":"4.00"},{"opp":"2","odds":"2.38"}],"double_chance":[{"opp":"1X","odds":"1.53"},{"opp":"X2","odds":"1.57"},{"opp":"12","odds":"1.22"}],"correct_score":[{"opp":"1-0","odds":"10.00","header":"Home"},{"opp":"0-0","odds":"17.00","header":"X"},{"opp":"1-0","odds":"10.00","header":"Away"},{"opp":"2-0","odds":"13.00","header":"Home"},{"opp":"1-1","odds":"8.00","header":"X"},{"opp":"2-0","odds":"13.00","header":"Away"},{"opp":"2-1","odds":"9.50","header":"Home"},{"opp":"2-2","odds":"15.00","header":"X"},{"opp":"2-1","odds":"9.50","header":"Away"},{"opp":"3-0","odds":"23.00","header":"Home"},{"opp":"3-3","odds":"41.00","header":"X"},{"opp":"3-0","odds":"26.00","header":"Away"},{"opp":"3-1","odds":"17.00","header":"Home"},{"opp":"4-4","odds":"151.00","header":"X"},{"opp":"3-1","odds":"19.00","header":"Away"},{"opp":"3-2","odds":"23.00","header":"Home"},{"opp":"3-2","odds":"23.00","header":"Away"},{"opp":"4-0","odds":"41.00","header":"Home"},{"opp":"4-0","odds":"51.00","header":"Away"},{"opp":"4-1","odds":"41.00","header":"Home"},{"opp":"4-1","odds":"41.00","header":"Away"},{"opp":"4-2","odds":"41.00","header":"Home"},{"opp":"4-2","odds":"51.00","header":"Away"},{"opp":"4-3","odds":"67.00","header":"Home"},{"opp":"4-3","odds":"81.00","header":"Away"},{"opp":"5-0","odds":"81.00","header":"Home"},{"opp":"5-0","odds":"101.00","header":"Away"},{"opp":"5-1","odds":"81.00","header":"Home"},{"opp":"5-1","odds":"81.00","header":"Away"},{"opp":"5-2","odds":"101.00","header":"Home"},{"opp":"5-2","odds":"101.00","header":"Away"}],"half_time_full_time":[{"opp":"Borussia M'gladbach - Borussia M'gladbach","odds":"3.75"},{"opp":"Borussia M'gladbach - Draw","odds":"15.00"},{"opp":"Borussia M'gladbach - Augsburg","odds":"23.00"},{"opp":"Draw - Borussia M'gladbach","odds":"6.00"},{"opp":"Draw - Draw","odds":"6.00"},{"opp":"Draw - Augsburg","odds":"6.50"},{"opp":"Augsburg - Borussia M'gladbach","odds":"23.00"},{"opp":"Augsburg - Draw","odds":"15.00"},{"opp":"Augsburg - Augsburg","odds":"4.00"}],"goals_over_under":[{"goals":"2.5","odds":"1.65","header":"Over"},{"goals":"2.5","odds":"2.20","header":"Under"}],"draw_no_bet":[{"opp":"Borussia M'gladbach","odds":"1.80"},{"opp":"Augsburg","odds":"1.91"}]}},"schedule":{"updated_at":"1532570845","sp":{"main":[{"odds":"2.25"},{"odds":"4.00"},{"odds":"2.38"}]}}}]}}