{"odd":{"success":1,"results":[{"FI":"75226833","event_id":"797769","asian_lines":{"updated_at":"1532570326","sp":{"asian_handicap":[{"opp":"+0.5","odds":"1.925","header":"Home"},{"opp":"-0.5","odds":"1.875","header":"Away"}],"goal_line":[{"goals":"3.0","odds":"2.050","header":"Over"},{"goals":"3.0","odds":"1.750","header":"Under"}],"alternative_asian_handicap":[{"opp":"-1.0","odds":"7.000","header":"Home"},{"opp":"+1.0","odds":"1.100","header":"Away"},{"opp":"-0.5, -1.0","odds":"4.650","header":"Home"},{"opp":"+0.5, +1.0","odds":"1.180","header":"Away"},{"opp":"-0.5","odds":"3.700","header":"Home"},{"opp":"+0.5","odds":"1.260","header":"Away"},{"opp":"0.0, -0.5","odds":"3.300","header":"Home"},{"opp":"0.0, +0.5","odds":"1.325","header":"Away"},{"opp":"0.0","odds":"2.850","header":"Home"},{"opp":"0.0","odds":"1.400","header":"Away"},{"opp":"0.0, +0.5","odds":"2.250","header":"Home"},{"opp":"0.0, -0.5","odds":"1.625","header":"Away"},{"opp":"+0.5, +1.0","odds":"1.700","header":"Home"},{"opp":"-0.5, -1.0","odds":"2.100","header":"Away"},{"opp":"+1.0","odds":"1.500","header":"Home"},{"opp":"-1.0","odds":"2.500","header":"Away"},{"opp":"+1.0, +1.5","odds":"1.400","header":"Home"},{"opp":"-1.0, -1.5","odds":"2.850","header":"Away"},{"opp":"+1.5","odds":"1.350","header":"Home"},{"opp":"-1.5","odds":"3.100","header":"Away"},{"opp":"+1.5, +2.0","odds":"1.240","header":"Home"},{"opp":"-1.5, -2.0","odds":"3.900","header":"Away"},{"opp":"+2.0","odds":"1.150","header":"Home"},{"opp":"-2.0","odds":"5.500","header":"Away"},{"opp":"+2.0, +2.5","odds":"1.130","header":"Home"},{"opp":"-2.0, -2.5","odds":"5.900","header":"Away"},{"opp":"+2.5","odds":"1.120","header":"Home"},{"opp":"-2.5","odds":"6.250","header":"Away"}],"alternative_goal_line":[{"goals":"1.0, 1.5","odds":"1.125","header":"Over"},{"goals":"1.0, 1.5","odds":"6.000","header":"Under"},{"goals":"1.5","odds":"1.200","header":"Over"},{"goals":"1.5","odds":"4.400","header":"Under"},{"goals":"1.5, 2.0","odds":"1.240","header":"Over"},{"goals":"1.5, 2.0","odds":"3.900","header":"Under"},{"goals":"2.0","odds":"1.300","header":"Over"},{"goals":"2.0","odds":"3.450","header":"Under"},{"goals":"2.0, 2.5","odds":"1.475","header":"Over"},{"goals":"2.0, 2.5","odds":"2.600","header":"Under"},{"goals":"2.5","odds":"1.650","header":"Over"},{"goals":"2.5","odds":"2.200","header":"Under"},{"goals":"2.5, 3.0","odds":"1.800","header":"Over"},{"goals":"2.5, 3.0","odds":"2.000","header":"Under"},{"goals":"3.0, 3.5","odds":"2.300","header":"Over"},{"goals":"3.0, 3.5","odds":"1.600","header":"Under"},{"goals":"3.5","odds":"2.500","header":"Over"},{"goals":"3.5","odds":"1.500","header":"Under"},{"goals":"3.5, 4.0","odds":"3.000","header":"Over"},{"goals":"3.5, 4.0","odds":"1.375","header":"Under"},{"goals":"4.0","odds":"3.800","header":"Over"},{"goals":"4.0","odds":"1.250","header":"Under"},{"goals":"4.0, 4.5","odds":"4.250","header":"Over"},{"goals":"4.0, 4.5","odds":"1.210","header":"Under"},{"goals":"4.5","odds":"4.500","header":"Over"},{"goals":"4.5","odds":"1.190","header":"Under"},{"goals":"4.5, 5.0","odds":"5.900","header":"Over"},{"goals":"4.5, 5.0","odds":"1.130","header":"Under"}],"1st_half_asian_handicap":[{"opp":"0.0, +0.5","odds":"1.800","header":"Home"},{"opp":"0.0, -0.5","odds":"2.000","header":"Away"}],"1st_half_goal_line":[{"goals":"1.0, 1.5","odds":"2.050","header":"Over"},{"goals":"1.0, 1.5","odds":"1.750","header":"Under"}],"alternative_1st_half_asian_handicap":[{"opp":"-0.5, -1.0","odds":"5.750","header":"Home"},{"opp":"+0.5, +1.0","odds":"1.140","header":"Away"},{"opp":"-0.5","odds":"3.900","header":"Home"},{"opp":"+0.5","odds":"1.240","header":"Away"},{"opp":"0.0, -0.5","odds":"3.300","header":"Home"},{"opp":"0.0, +0.5","odds":"1.325","header":"Away"},{"opp":"0.0","odds":"2.500","header":"Home"},{"opp":"0.0","odds":"1.500","header":"Away"},{"opp":"+0.5","odds":"1.550","header":"Home"},{"opp":"-0.5","odds":"2.375","header":"Away"},{"opp":"+0.5, +1.0","odds":"1.350","header":"Home"},{"opp":"-0.5, -1.0","odds":"3.100","header":"Away"},{"opp":"+1.0","odds":"1.170","header":"Home"},{"opp":"-1.0","odds":"5.000","header":"Away"},{"opp":"+1.0, +1.5","odds":"1.140","header":"Home"},{"opp":"-1.0, -1.5","odds":"5.750","header":"Away"},{"opp":"+1.5","odds":"1.115","header":"Home"},{"opp":"-1.5","odds":"6.400","header":"Away"}],"alternative_1st_half_goal_line":[{"goals":"0.5, 1.0","odds":"1.425","header":"Over"},{"goals":"0.5, 1.0","odds":"2.750","header":"Under"},{"goals":"1.0","odds":"1.625","header":"Over"},{"goals":"1.0","odds":"2.250","header":"Under"},{"goals":"1.5","odds":"2.425","header":"Over"},{"goals":"1.5","odds":"1.525","header":"Under"},{"goals":"1.5, 2.0","odds":"3.000","header":"Over"},{"goals":"1.5, 2.0","odds":"1.375","header":"Under"},{"goals":"2.0","odds":"4.500","header":"Over"},{"goals":"2.0","odds":"1.190","header":"Under"},{"goals":"2.0, 2.5","odds":"5.250","header":"Over"},{"goals":"2.0, 2.5","odds":"1.160","header":"Under"},{"goals":"2.5","odds":"5.750","header":"Over"},{"goals":"2.5","odds":"1.140","header":"Under"}]}},"goals":{"updated_at":"1532570584","sp":{"goals_over_under":[{"goals":"2.5","odds":"1.65","header":"Over"},{"goals":"2.5","odds":"2.20","header":"Under"}],"alternative_total_goals":[{"goals":"0.5","odds":"1.01","header":"Over "},{"goals":"0.5","odds":"13.00","header":"Under"},{"goals":"1.5","odds":"1.20","header":"Over "},{"goals":"1.5","odds":"4.33","header":"Under"},{"goals":"3.5","odds":"2.50","header":"Over "},{"goals":"3.5","odds":"1.50","header":"Under"},{"goals":"4.5","odds":"4.50","header":"Over "},{"goals":"4.5","odds":"1.17","header":"Under"},{"goals":"5.5","odds":"7.50","header":"Over "},{"goals":"5.5","odds":"1.07","header":"Under"},{"goals":"6.5","odds":"11.00","header":"Over "},{"goals":"6.5","odds":"1.02","header":"Under"}],"result_total_goals":[{"opp":"FC Chiasso & Over 2.5","odds":"6.00"},{"opp":"FC Chiasso & Under 2.5","odds":"10.00"},{"opp":"Draw & Over 2.5","odds":"10.00"},{"opp":"Draw & Under  2.5","odds":"5.00"},{"opp":"Servette & Over 2.5","odds":"2.62"},{"opp":"Servette & Under 2.5","odds":"5.50"}],"total_goals_both_teams_to_score":[{"opp":"Over 2.5 & Yes","odds":"1.95"},{"opp":"Over 2.5 & No","odds":"8.00"},{"opp":"Under 2.5 & Yes","odds":"7.00"},{"opp":"Under 2.5 & No","odds":"2.88"}],"exact_total_goals":[{"opp":"0 Goals","odds":"13.00"},{"opp":"1 Goal","odds":"6.00"},{"opp":"2 Goals","odds":"4.00"},{"opp":"3 Goals","odds":"4.33"},{"opp":"4 Goals","odds":"5.00"},{"opp":"5 Goals","odds":"8.50"},{"opp":"6 Goals","odds":"15.00"},{"opp":"7+ Goals","odds":"11.00"}],"number_of_goals_in_match":[{"opp":"Under 2 goals","odds":"4.33"},{"opp":"2 or 3 goals","odds":"2.05"},{"opp":"Over 3 goals","odds":"2.50"}],"both_teams_to_score":[{"opp":"Yes","odds":"1.62"},{"opp":"No","odds":"2.20"}],"teams_to_score":[{"opp":"Both Teams","odds":"1.62"},{"opp":"FC Chiasso Only","odds":"7.50"},{"opp":"No Goal","odds":"13.00"},{"opp":"Servette Only","odds":"3.40"}],"both_teams_to_score_in_1st_half":[{"opp":"Yes","odds":"4.00"},{"opp":"No","odds":"1.22"}],"both_teams_to_score_in_2nd_half":[{"opp":"Yes","odds":"3.00"},{"opp":"No","odds":"1.36"}],"both_teams_to_score_1st_half_2nd_half":[{"opp":"Yes \/ Yes","odds":"12.00"},{"opp":"Yes \/ No","odds":"5.50"},{"opp":"No \/ Yes","odds":"3.50"},{"opp":"No \/ No","odds":"1.73"}],"first_half_goals":[{"goals":"0.5","odds":"1.30","header":"Over"},{"goals":"0.5","odds":"3.40","header":"Under"},{"goals":"1.5","odds":"2.38","header":"Over"},{"goals":"1.5","odds":"1.53","header":"Under"},{"goals":"2.5","odds":"6.00","header":"Over"},{"goals":"2.5","odds":"1.12","header":"Under"},{"goals":"3.5","odds":"17.00","header":"Over"},{"goals":"3.5","odds":"1.02","header":"Under"}],"exact_1st_half_goals":[{"opp":"0 Goals","odds":"3.40"},{"opp":"1 Goal","odds":"2.62"},{"opp":"2 Goals","odds":"3.75"},{"opp":"3 Goals","odds":"8.50"},{"opp":"4 Goals","odds":"23.00"},{"opp":"5+ Goals","odds":"41.00"}],"total_goal_minutes":[{"opp":"Over 160 minutes","odds":"2.20"},{"opp":"140 To 160 minutes inc.","odds":"8.50"},{"opp":"Under 140 minutes","odds":"1.83"}],"first_team_to_score":[{"opp":"FC Chiasso","odds":"2.50"},{"opp":"No Goals","odds":"13.00"},{"opp":"Servette","odds":"1.57"}],"early_goal":[{"opp":"Goal before 26:00","odds":"1.83"},{"opp":"No Goal before 26:00","odds":"1.83"}],"late_goal":[{"opp":"Goal after 75:59","odds":"1.83"},{"opp":"No Goal after 75:59","odds":"1.83"}],"time_of_first_goal_brackets":[{"opp":"1-10","odds":"4.00"},{"opp":"11-20","odds":"4.75"},{"opp":"21-30","odds":"6.00"},{"opp":"31-40","odds":"7.00"},{"opp":"41-50","odds":"8.00"},{"opp":"51-60","odds":"13.00"},{"opp":"61-70","odds":"19.00"},{"opp":"71-80","odds":"21.00"},{"opp":"81 - Full Time","odds":"23.00"},{"opp":"No Goal","odds":"13.00"}],"2nd_half_goals":[{"goals":"0.5","odds":"1.18","header":"Over"},{"goals":"0.5","odds":"4.50","header":"Under"},{"goals":"1.5","odds":"1.83","header":"Over"},{"goals":"1.5","odds":"1.83","header":"Under"},{"goals":"2.5","odds":"3.50","header":"Over"},{"goals":"2.5","odds":"1.29","header":"Under"},{"goals":"3.5","odds":"9.00","header":"Over"},{"goals":"3.5","odds":"1.07","header":"Under"},{"goals":"4.5","odds":"21.00","header":"Over"},{"goals":"4.5","odds":"1.02","header":"Under"}],"exact_2nd_half_goals":[{"opp":"0 Goals","odds":"4.50"},{"opp":"1 Goal","odds":"3.00"},{"opp":"2 Goals","odds":"3.40"},{"opp":"3 Goals","odds":"6.00"},{"opp":"4 Goals","odds":"13.00"},{"opp":"5+ Goals","odds":"21.00"}],"half_with_most_goals":[{"opp":"1st Half","odds":"3.10"},{"opp":"2nd Half","odds":"2.00"},{"opp":"Tie","odds":"3.75"}],"home_team_highest_scoring_half":[{"opp":"FC Chiasso - 1st Half","odds":"3.60"},{"opp":"FC Chiasso - 2nd Half","odds":"2.62"},{"opp":"FC Chiasso - Tie","odds":"2.20"}],"away_team_highest_scoring_half":[{"opp":"Servette - 1st Half","odds":"3.25"},{"opp":"Servette - 2nd Half","odds":"2.25"},{"opp":"Servette - Tie","odds":"2.75"}],"home_team_exact_goals":[{"opp":"FC Chiasso - 0 Goals","odds":"3.00"},{"opp":"FC Chiasso - 1 Goal","odds":"2.50"},{"opp":"FC Chiasso - 2 Goals","odds":"4.00"},{"opp":"FC Chiasso - 3+ Goals","odds":"6.50"}],"away_team_exact_goals":[{"opp":"Servette - 0 Goals","odds":"5.00"},{"opp":"Servette - 1 Goal","odds":"3.00"},{"opp":"Servette - 2 Goals","odds":"3.40"},{"opp":"Servette - 3+ Goals","odds":"3.40"}],"time_of_1st_team_goal":[{"opp":"FC Chiasso - Goal before 60:00","odds":"1.83"},{"opp":"FC Chiasso - No Goal before 60:00","odds":"1.83"},{"opp":"Servette - Goal before 41:00","odds":"1.83"},{"opp":"Servette - No Goal before 41:00","odds":"1.83"}],"goals_odd_even":[{"opp":"Even","odds":"1.90"},{"opp":"Odd","odds":"1.95"}],"home_team_odd_even_goals":[{"opp":"FC Chiasso - Even","odds":"1.73"},{"opp":"FC Chiasso - Odd","odds":"2.00"}],"away_team_odd_even_goals":[{"opp":"Servette - Even","odds":"1.83"},{"opp":"Servette - Odd","odds":"1.83"}],"1st_half_goals_odd_even":[{"opp":"Odd","odds":"2.10"},{"opp":"Even","odds":"1.73"}],"last_team_to_score":[{"opp":"FC Chiasso","odds":"2.50"},{"opp":"No Goal","odds":"13.00"},{"opp":"Servette","odds":"1.57"}],"first_10_minutes_(00:00_09:59)":[{"name":"Goals","handicap":"0.5","odds":"4.00","header":"Over"},{"name":"Goals","handicap":"0.5","odds":"1.22","header":"Under"}]}},"half":{"updated_at":"1532570602","sp":{"half_time_result":[{"opp":"1","odds":"4.00"},{"opp":"X","odds":"2.30"},{"opp":"2","odds":"2.38"}],"half_time_double_chance":[{"opp":"1X","odds":"1.53"},{"opp":"X2","odds":"1.22"},{"opp":"12","odds":"1.57"}],"half_time_result_both_teams_to_score":[{"opp":"FC Chiasso & Yes","odds":"21.00"},{"opp":"FC Chiasso & No","odds":"4.75"},{"opp":"Draw & Yes","odds":"7.00"},{"opp":"Draw & No","odds":"3.25"},{"opp":"Servette & Yes","odds":"13.00"},{"opp":"Servette & No","odds":"2.88"}],"half_time_result_total_goals":[{"opp":"FC Chiasso & Over 1.5","odds":"10.00"},{"opp":"FC Chiasso & Under 1.5","odds":"6.00"},{"opp":"Draw & Over 1.5","odds":"7.00"},{"opp":"Draw & Under 1.5","odds":"3.40"},{"opp":"Servette & Over 1.5","odds":"5.00"},{"opp":"Servette & Under 1.5","odds":"4.00"}],"half_time_correct_score":[{"opp":"1-0","odds":"6.00","header":"Home"},{"opp":"0-0","odds":"3.40","header":"X"},{"opp":"1-0","odds":"4.00","header":"Away"},{"opp":"2-0","odds":"19.00","header":"Home"},{"opp":"1-1","odds":"7.50","header":"X"},{"opp":"2-0","odds":"9.50","header":"Away"},{"opp":"2-1","odds":"26.00","header":"Home"},{"opp":"2-2","odds":"51.00","header":"X"},{"opp":"2-1","odds":"19.00","header":"Away"},{"opp":"3-0","odds":"51.00","header":"Home"},{"opp":"3-0","odds":"29.00","header":"Away"},{"opp":"3-1","odds":"81.00","header":"Home"},{"opp":"3-1","odds":"51.00","header":"Away"},{"opp":"3-2","odds":"151.00","header":"Home"},{"opp":"3-2","odds":"126.00","header":"Away"},{"opp":"4-0","odds":"81.00","header":"Away"},{"opp":"4-1","odds":"151.00","header":"Away"}],"both_teams_to_score_in_1st_half":[{"opp":"Yes","odds":"4.00"},{"opp":"No","odds":"1.22"}],"both_teams_to_score_in_2nd_half":[{"opp":"Yes","odds":"3.00"},{"opp":"No","odds":"1.36"}],"both_teams_to_score_1st_half_2nd_half":[{"opp":"Yes \/ Yes","odds":"12.00"},{"opp":"Yes \/ No","odds":"5.50"},{"opp":"No \/ Yes","odds":"3.50"},{"opp":"No \/ No","odds":"1.73"}],"1st_half_asian_handicap":[{"opp":"0.0, +0.5","odds":"1.800","header":"Home"},{"opp":"0.0, -0.5","odds":"2.000","header":"Away"}],"1st_half_goal_line":[{"goals":"1.0, 1.5","odds":"2.050","header":"Over"},{"goals":"1.0, 1.5","odds":"1.750","header":"Under"}],"alternative_1st_half_asian_handicap":[{"opp":"-0.5, -1.0","odds":"5.750","header":"Home"},{"opp":"+0.5, +1.0","odds":"1.140","header":"Away"},{"opp":"-0.5","odds":"3.900","header":"Home"},{"opp":"+0.5","odds":"1.240","header":"Away"},{"opp":"0.0, -0.5","odds":"3.300","header":"Home"},{"opp":"0.0, +0.5","odds":"1.325","header":"Away"},{"opp":"0.0","odds":"2.500","header":"Home"},{"opp":"0.0","odds":"1.500","header":"Away"},{"opp":"+0.5","odds":"1.550","header":"Home"},{"opp":"-0.5","odds":"2.375","header":"Away"},{"opp":"+0.5, +1.0","odds":"1.350","header":"Home"},{"opp":"-0.5, -1.0","odds":"3.100","header":"Away"},{"opp":"+1.0","odds":"1.170","header":"Home"},{"opp":"-1.0","odds":"5.000","header":"Away"},{"opp":"+1.0, +1.5","odds":"1.140","header":"Home"},{"opp":"-1.0, -1.5","odds":"5.750","header":"Away"},{"opp":"+1.5","odds":"1.115","header":"Home"},{"opp":"-1.5","odds":"6.400","header":"Away"}],"alternative_1st_half_goal_line":[{"goals":"0.5, 1.0","odds":"1.425","header":"Over"},{"goals":"0.5, 1.0","odds":"2.750","header":"Under"},{"goals":"1.0","odds":"1.625","header":"Over"},{"goals":"1.0","odds":"2.250","header":"Under"},{"goals":"1.5","odds":"2.425","header":"Over"},{"goals":"1.5","odds":"1.525","header":"Under"},{"goals":"1.5, 2.0","odds":"3.000","header":"Over"},{"goals":"1.5, 2.0","odds":"1.375","header":"Under"},{"goals":"2.0","odds":"4.500","header":"Over"},{"goals":"2.0","odds":"1.190","header":"Under"},{"goals":"2.0, 2.5","odds":"5.250","header":"Over"},{"goals":"2.0, 2.5","odds":"1.160","header":"Under"},{"goals":"2.5","odds":"5.750","header":"Over"},{"goals":"2.5","odds":"1.140","header":"Under"}],"1st_half_handicap":[{"opp":"FC Chiasso  +1.0","odds":"1.53"},{"opp":"Tie - Servette -1.0","odds":"3.40"},{"opp":"Servette  -1.0","odds":"6.50"}],"alternative_1st_half_handicap_result":[{"opp":"-1.0","odds":"13.00","header":"Home"},{"opp":"+1.0","odds":"4.75","header":"Tie"},{"opp":"+1.0","odds":"1.22","header":"Away"},{"opp":"+2.0","odds":"1.09","header":"Home"},{"opp":"-2.0","odds":"7.50","header":"Tie"},{"opp":"-2.0","odds":"17.00","header":"Away"}],"first_half_goals":[{"goals":"0.5","odds":"1.30","header":"Over"},{"goals":"0.5","odds":"3.40","header":"Under"},{"goals":"1.5","odds":"2.38","header":"Over"},{"goals":"1.5","odds":"1.53","header":"Under"},{"goals":"2.5","odds":"6.00","header":"Over"},{"goals":"2.5","odds":"1.12","header":"Under"},{"goals":"3.5","odds":"17.00","header":"Over"},{"goals":"3.5","odds":"1.02","header":"Under"}],"exact_1st_half_goals":[{"opp":"0 Goals","odds":"3.40"},{"opp":"1 Goal","odds":"2.62"},{"opp":"2 Goals","odds":"3.75"},{"opp":"3 Goals","odds":"8.50"},{"opp":"4 Goals","odds":"23.00"},{"opp":"5+ Goals","odds":"41.00"}],"1st_half_goals_odd_even":[{"opp":"Odd","odds":"2.10"},{"opp":"Even","odds":"1.73"}],"to_score_in_half":[{"name":"1st Half","odds":"2.25","header":"Yes"},{"name":"1st Half","odds":"1.57","header":"No"},{"name":"2nd Half","odds":"1.83","header":"Yes"},{"name":"2nd Half","odds":"1.83","header":"No"},{"name":"1st Half","odds":"1.73","header":"Yes"},{"name":"1st Half","odds":"2.00","header":"No"},{"name":"2nd Half","odds":"1.50","header":"Yes"},{"name":"2nd Half","odds":"2.50","header":"No"}],"half_with_most_goals":[{"opp":"1st Half","odds":"3.10"},{"opp":"2nd Half","odds":"2.00"},{"opp":"Tie","odds":"3.75"}],"home_team_highest_scoring_half":[{"opp":"FC Chiasso - 1st Half","odds":"3.60"},{"opp":"FC Chiasso - 2nd Half","odds":"2.62"},{"opp":"FC Chiasso - Tie","odds":"2.20"}],"away_team_highest_scoring_half":[{"opp":"Servette - 1st Half","odds":"3.25"},{"opp":"Servette - 2nd Half","odds":"2.25"},{"opp":"Servette - Tie","odds":"2.75"}],"2nd_half_result":[{"opp":"1","odds":"3.60"},{"opp":"X","odds":"2.75"},{"opp":"2","odds":"2.10"}],"2nd_half_goals":[{"goals":"0.5","odds":"1.18","header":"Over"},{"goals":"0.5","odds":"4.50","header":"Under"},{"goals":"1.5","odds":"1.83","header":"Over"},{"goals":"1.5","odds":"1.83","header":"Under"},{"goals":"2.5","odds":"3.50","header":"Over"},{"goals":"2.5","odds":"1.29","header":"Under"},{"goals":"3.5","odds":"9.00","header":"Over"},{"goals":"3.5","odds":"1.07","header":"Under"},{"goals":"4.5","odds":"21.00","header":"Over"},{"goals":"4.5","odds":"1.02","header":"Under"}],"exact_2nd_half_goals":[{"opp":"0 Goals","odds":"4.50"},{"opp":"1 Goal","odds":"3.00"},{"opp":"2 Goals","odds":"3.40"},{"opp":"3 Goals","odds":"6.00"},{"opp":"4 Goals","odds":"13.00"},{"opp":"5+ Goals","odds":"21.00"}],"2nd_half_goals_odd_even":[{"opp":"Even","odds":"1.80"},{"opp":"Odd","odds":"1.91"}]}},"main":{"updated_at":"1532570199","sp":{"full_time_result":[{"opp":"1","odds":"4.00"},{"opp":"X","odds":"3.50"},{"opp":"2","odds":"1.80"}],"double_chance":[{"opp":"1X","odds":"1.91"},{"opp":"X2","odds":"1.22"},{"opp":"12","odds":"1.29"}],"correct_score":[{"opp":"1-0","odds":"15.00","header":"Home"},{"opp":"0-0","odds":"13.00","header":"X"},{"opp":"1-0","odds":"9.50","header":"Away"},{"opp":"2-0","odds":"21.00","header":"Home"},{"opp":"1-1","odds":"7.00","header":"X"},{"opp":"2-0","odds":"10.00","header":"Away"},{"opp":"2-1","odds":"13.00","header":"Home"},{"opp":"2-2","odds":"12.00","header":"X"},{"opp":"2-1","odds":"8.50","header":"Away"},{"opp":"3-0","odds":"41.00","header":"Home"},{"opp":"3-3","odds":"41.00","header":"X"},{"opp":"3-0","odds":"15.00","header":"Away"},{"opp":"3-1","odds":"29.00","header":"Home"},{"opp":"4-4","odds":"151.00","header":"X"},{"opp":"3-1","odds":"13.00","header":"Away"},{"opp":"3-2","odds":"34.00","header":"Home"},{"opp":"3-2","odds":"21.00","header":"Away"},{"opp":"4-0","odds":"81.00","header":"Home"},{"opp":"4-0","odds":"29.00","header":"Away"},{"opp":"4-1","odds":"51.00","header":"Home"},{"opp":"4-1","odds":"26.00","header":"Away"},{"opp":"4-2","odds":"67.00","header":"Home"},{"opp":"4-2","odds":"41.00","header":"Away"},{"opp":"4-3","odds":"101.00","header":"Home"},{"opp":"4-3","odds":"67.00","header":"Away"},{"opp":"5-1","odds":"151.00","header":"Home"},{"opp":"5-0","odds":"51.00","header":"Away"},{"opp":"5-1","odds":"51.00","header":"Away"},{"opp":"5-2","odds":"67.00","header":"Away"},{"opp":"5-3","odds":"151.00","header":"Away"},{"opp":"6-0","odds":"126.00","header":"Away"},{"opp":"6-1","odds":"101.00","header":"Away"},{"opp":"6-2","odds":"151.00","header":"Away"}],"half_time_full_time":[{"opp":"FC Chiasso - FC Chiasso","odds":"6.00"},{"opp":"FC Chiasso - Draw","odds":"15.00"},{"opp":"FC Chiasso - Servette","odds":"21.00"},{"opp":"Draw - FC Chiasso","odds":"8.50"},{"opp":"Draw - Draw","odds":"6.00"},{"opp":"Draw - Servette","odds":"5.00"},{"opp":"Servette - FC Chiasso","odds":"29.00"},{"opp":"Servette - Draw","odds":"15.00"},{"opp":"Servette - Servette","odds":"2.88"}],"goals_over_under":[{"goals":"2.5","odds":"1.65","header":"Over"},{"goals":"2.5","odds":"2.20","header":"Under"}],"both_teams_to_score":[{"opp":"Yes","odds":"1.62"},{"opp":"No","odds":"2.20"}],"asian_handicap":[{"opp":"+0.5","odds":"1.925","header":"Home"},{"opp":"-0.5","odds":"1.875","header":"Away"}],"goal_line":[{"goals":"3.0","odds":"2.050","header":"Over"},{"goals":"3.0","odds":"1.750","header":"Under"}],"alternative_asian_handicap":[{"opp":"-1.0","odds":"7.000","header":"Home"},{"opp":"+1.0","odds":"1.100","header":"Away"},{"opp":"-0.5, -1.0","odds":"4.650","header":"Home"},{"opp":"+0.5, +1.0","odds":"1.180","header":"Away"},{"opp":"-0.5","odds":"3.700","header":"Home"},{"opp":"+0.5","odds":"1.260","header":"Away"},{"opp":"0.0, -0.5","odds":"3.300","header":"Home"},{"opp":"0.0, +0.5","odds":"1.325","header":"Away"},{"opp":"0.0","odds":"2.850","header":"Home"},{"opp":"0.0","odds":"1.400","header":"Away"},{"opp":"0.0, +0.5","odds":"2.250","header":"Home"},{"opp":"0.0, -0.5","odds":"1.625","header":"Away"},{"opp":"+0.5, +1.0","odds":"1.700","header":"Home"},{"opp":"-0.5, -1.0","odds":"2.100","header":"Away"},{"opp":"+1.0","odds":"1.500","header":"Home"},{"opp":"-1.0","odds":"2.500","header":"Away"},{"opp":"+1.0, +1.5","odds":"1.400","header":"Home"},{"opp":"-1.0, -1.5","odds":"2.850","header":"Away"},{"opp":"+1.5","odds":"1.350","header":"Home"},{"opp":"-1.5","odds":"3.100","header":"Away"},{"opp":"+1.5, +2.0","odds":"1.240","header":"Home"},{"opp":"-1.5, -2.0","odds":"3.900","header":"Away"},{"opp":"+2.0","odds":"1.150","header":"Home"},{"opp":"-2.0","odds":"5.500","header":"Away"},{"opp":"+2.0, +2.5","odds":"1.130","header":"Home"},{"opp":"-2.0, -2.5","odds":"5.900","header":"Away"},{"opp":"+2.5","odds":"1.120","header":"Home"},{"opp":"-2.5","odds":"6.250","header":"Away"}],"alternative_goal_line":[{"goals":"1.0, 1.5","odds":"1.125","header":"Over"},{"goals":"1.0, 1.5","odds":"6.000","header":"Under"},{"goals":"1.5","odds":"1.200","header":"Over"},{"goals":"1.5","odds":"4.400","header":"Under"},{"goals":"1.5, 2.0","odds":"1.240","header":"Over"},{"goals":"1.5, 2.0","odds":"3.900","header":"Under"},{"goals":"2.0","odds":"1.300","header":"Over"},{"goals":"2.0","odds":"3.450","header":"Under"},{"goals":"2.0, 2.5","odds":"1.475","header":"Over"},{"goals":"2.0, 2.5","odds":"2.600","header":"Under"},{"goals":"2.5","odds":"1.650","header":"Over"},{"goals":"2.5","odds":"2.200","header":"Under"},{"goals":"2.5, 3.0","odds":"1.800","header":"Over"},{"goals":"2.5, 3.0","odds":"2.000","header":"Under"},{"goals":"3.0, 3.5","odds":"2.300","header":"Over"},{"goals":"3.0, 3.5","odds":"1.600","header":"Under"},{"goals":"3.5","odds":"2.500","header":"Over"},{"goals":"3.5","odds":"1.500","header":"Under"},{"goals":"3.5, 4.0","odds":"3.000","header":"Over"},{"goals":"3.5, 4.0","odds":"1.375","header":"Under"},{"goals":"4.0","odds":"3.800","header":"Over"},{"goals":"4.0","odds":"1.250","header":"Under"},{"goals":"4.0, 4.5","odds":"4.250","header":"Over"},{"goals":"4.0, 4.5","odds":"1.210","header":"Under"},{"goals":"4.5","odds":"4.500","header":"Over"},{"goals":"4.5","odds":"1.190","header":"Under"},{"goals":"4.5, 5.0","odds":"5.900","header":"Over"},{"goals":"4.5, 5.0","odds":"1.130","header":"Under"}],"draw_no_bet":[{"opp":"FC Chiasso","odds":"2.75"},{"opp":"Servette","odds":"1.40"}],"result_both_teams_to_score":[{"name":"FC Chiasso","odds":"6.50","header":"Yes"},{"name":"FC Chiasso","odds":"8.00","header":"No"},{"name":"Servette","odds":"3.50","header":"Yes"},{"name":"Servette","odds":"3.60","header":"No"},{"name":"Draw","odds":"4.33","header":"Yes"},{"name":"Draw","odds":"13.00","header":"No"}],"handicap_result":[{"opp":"FC Chiasso (+1)","odds":"1.91"},{"opp":"Tie - (Servette -1)","odds":"4.00"},{"opp":"Servette (-1)","odds":"3.00"}],"alternative_handicap_result":[{"opp":"-2.0","odds":"15.00","header":"Home"},{"opp":"+2.0","odds":"10.00","header":"Tie"},{"opp":"+2.0","odds":"1.06","header":"Away"},{"opp":"-1.0","odds":"7.50","header":"Home"},{"opp":"+1.0","odds":"6.00","header":"Tie"},{"opp":"+1.0","odds":"1.22","header":"Away"},{"opp":"+2.0","odds":"1.33","header":"Home"},{"opp":"-2.0","odds":"5.50","header":"Tie"},{"opp":"-2.0","odds":"6.00","header":"Away"},{"opp":"+3.0","odds":"1.09","header":"Home"},{"opp":"-3.0","odds":"9.00","header":"Tie"},{"opp":"-3.0","odds":"12.00","header":"Away"}],"winning_margin":[{"goals":" 1","odds":"6.00","header":"Home"},{"goals":" 1","odds":"4.00","header":"Away"},{"goals":" 2","odds":"10.00","header":"Home"},{"goals":" 2","odds":"5.50","header":"Away"},{"goals":" 3","odds":"29.00","header":"Home"},{"goals":" 3","odds":"9.00","header":"Away"},{"goals":" 4+","odds":"51.00","header":"Home"},{"goals":" 4+","odds":"12.00","header":"Away"},{"goals":"Score Draw","odds":"4.33","header":"Home"},{"goals":"No Goal","odds":"13.00","header":"Home"}]}},"schedule":{"updated_at":"1532570426","sp":{"main":[{"odds":"2.050"},{"odds":"1.750"}]}},"specials":{"updated_at":"1532570619","sp":{"specials":[{"name":"To Win From Behind","odds":"15.00","header":"Home"},{"name":"To Win From Behind","odds":"9.00","header":"Away"},{"name":"To Win to Nil","odds":"8.00","header":"Home"},{"name":"To Win to Nil","odds":"3.60","header":"Away"},{"name":"To Win Either Half","odds":"2.20","header":"Home"},{"name":"To Win Either Half","odds":"1.44","header":"Away"},{"name":"To Win Both Halves","odds":"17.00","header":"Home"},{"name":"To Win Both Halves","odds":"5.50","header":"Away"},{"name":"To Score in Both Halves","odds":"4.33","header":"Home"},{"name":"To Score in Both Halves","odds":"2.62","header":"Away"}],"to_score_in_half":[{"name":"1st Half","odds":"2.25","header":"Yes"},{"name":"1st Half","odds":"1.57","header":"No"},{"name":"2nd Half","odds":"1.83","header":"Yes"},{"name":"2nd Half","odds":"1.83","header":"No"},{"name":"1st Half","odds":"1.73","header":"Yes"},{"name":"1st Half","odds":"2.00","header":"No"},{"name":"2nd Half","odds":"1.50","header":"Yes"},{"name":"2nd Half","odds":"2.50","header":"No"}]}}}]}}