{"odd":{"success":1,"results":[{"FI":"75378824","event_id":"817730","asian_lines":{"updated_at":"1532570728","sp":{"asian_total_corners":[{"goals":"8.0","odds":"1.825","header":"Over"},{"goals":"8.0","odds":"1.975","header":"Under"}],"1st_half_asian_corners":[{"goals":"4.0","odds":"2.075","header":"Over"},{"goals":"4.0","odds":"1.725","header":"Under"}]}},"corners":{"updated_at":"1532570746","sp":{"corners":[{"opp":"Over 8","odds":"2.00"},{"opp":"Exactly 8","odds":"6.50"},{"opp":"Under 8","odds":"2.20"}],"total_corners":[{"opp":"Under 6","odds":"4.75"},{"opp":"6 - 8","odds":"2.40"},{"opp":"9 - 11","odds":"2.88"},{"opp":"12 - 14","odds":"7.00"},{"opp":"Over 14","odds":"26.00"}],"alternative_corners":[{"goals":"3","odds":"1.02","header":"Over"},{"goals":"3","odds":"19.00","header":"Exactly"},{"goals":"3","odds":"29.00","header":"Under"},{"goals":"4","odds":"1.06","header":"Over"},{"goals":"4","odds":"13.00","header":"Exactly"},{"goals":"4","odds":"17.00","header":"Under"},{"goals":"5","odds":"1.17","header":"Over"},{"goals":"5","odds":"9.50","header":"Exactly"},{"goals":"5","odds":"9.00","header":"Under"},{"goals":"6","odds":"1.33","header":"Over"},{"goals":"6","odds":"7.50","header":"Exactly"},{"goals":"6","odds":"5.00","header":"Under"},{"goals":"7","odds":"1.62","header":"Over"},{"goals":"7","odds":"7.00","header":"Exactly"},{"goals":"7","odds":"3.10","header":"Under"},{"goals":"9","odds":"2.75","header":"Over"},{"goals":"9","odds":"7.00","header":"Exactly"},{"goals":"9","odds":"1.73","header":"Under"},{"goals":"10","odds":"4.00","header":"Over"},{"goals":"10","odds":"8.50","header":"Exactly"},{"goals":"10","odds":"1.40","header":"Under"},{"goals":"11","odds":"6.00","header":"Over"},{"goals":"11","odds":"10.00","header":"Exactly"},{"goals":"11","odds":"1.22","header":"Under"},{"goals":"12","odds":"9.00","header":"Over"},{"goals":"12","odds":"13.00","header":"Exactly"},{"goals":"12","odds":"1.11","header":"Under"},{"goals":"13","odds":"13.00","header":"Over"},{"goals":"13","odds":"17.00","header":"Exactly"},{"goals":"13","odds":"1.06","header":"Under"},{"goals":"14","odds":"19.00","header":"Over"},{"goals":"14","odds":"21.00","header":"Exactly"},{"goals":"14","odds":"1.03","header":"Under"},{"goals":"15","odds":"29.00","header":"Over"},{"goals":"15","odds":"29.00","header":"Exactly"},{"goals":"15","odds":"1.02","header":"Under"}],"corners_2_way":[{"opp":"Over 8.5","odds":"2.00"},{"opp":"Under 8.5","odds":"1.73"}],"first_half_corners":[{"opp":"4","odds":"2.50","header":"Over"},{"opp":"4","odds":"4.75","header":"Exactly"},{"opp":"4","odds":"2.10","header":"Under"}],"asian_total_corners":[{"goals":"8.0","odds":"1.825","header":"Over"},{"goals":"8.0","odds":"1.975","header":"Under"}],"1st_half_asian_corners":[{"goals":"4.0","odds":"2.075","header":"Over"},{"goals":"4.0","odds":"1.725","header":"Under"}]}},"goals":{"updated_at":"1532570781","sp":{"goals_over_under":[{"goals":"2.5","odds":"2.60","header":"Over"},{"goals":"2.5","odds":"1.48","header":"Under"}],"first_team_to_score":[{"opp":"Foolad Khuzestan","odds":"1.83"},{"opp":"No Goals","odds":"5.50"},{"opp":"Pars Jonoubi Jam","odds":"2.50"}],"home_team_highest_scoring_half":[{"opp":"Foolad Khuzestan - 1st Half","odds":"3.75"},{"opp":"Foolad Khuzestan - 2nd Half","odds":"2.50"},{"opp":"Foolad Khuzestan - Tie","odds":"2.20"}],"away_team_highest_scoring_half":[{"opp":"Pars Jonoubi Jam - 1st Half","odds":"4.33"},{"opp":"Pars Jonoubi Jam - 2nd Half","odds":"2.75"},{"opp":"Pars Jonoubi Jam - Tie","odds":"1.91"}],"goals_odd_even":[{"opp":"Even","odds":"1.90"},{"opp":"Odd","odds":"1.95"}],"home_team_odd_even_goals":[{"opp":"Foolad Khuzestan - Even","odds":"1.67"},{"opp":"Foolad Khuzestan - Odd","odds":"2.10"}],"away_team_odd_even_goals":[{"opp":"Pars Jonoubi Jam - Even","odds":"1.57"},{"opp":"Pars Jonoubi Jam - Odd","odds":"2.25"}],"1st_half_goals_odd_even":[{"opp":"Odd","odds":"2.38"},{"opp":"Even","odds":"1.57"}]}},"half":{"updated_at":"1532570431","sp":{"half_time_result":[{"opp":"1","odds":"3.10"},{"opp":"X","odds":"1.80"},{"opp":"2","odds":"4.33"}],"half_time_double_chance":[{"opp":"1X","odds":"1.20"},{"opp":"X2","odds":"1.36"},{"opp":"12","odds":"1.91"}],"half_time_correct_score":[{"opp":"1-0","odds":"4.33","header":"Home"},{"opp":"0-0","odds":"2.10","header":"X"},{"opp":"1-0","odds":"5.50","header":"Away"},{"opp":"2-0","odds":"13.00","header":"Home"},{"opp":"1-1","odds":"11.00","header":"X"},{"opp":"2-0","odds":"19.00","header":"Away"},{"opp":"2-1","odds":"41.00","header":"Home"},{"opp":"2-2","odds":"81.00","header":"X"},{"opp":"2-1","odds":"41.00","header":"Away"},{"opp":"3-0","odds":"41.00","header":"Home"},{"opp":"3-0","odds":"51.00","header":"Away"}],"first_half_corners":[{"opp":"4","odds":"2.50","header":"Over"},{"opp":"4","odds":"4.75","header":"Exactly"},{"opp":"4","odds":"2.10","header":"Under"}],"1st_half_asian_corners":[{"goals":"4.0","odds":"2.075","header":"Over"},{"goals":"4.0","odds":"1.725","header":"Under"}],"1st_half_goals_odd_even":[{"opp":"Odd","odds":"2.38"},{"opp":"Even","odds":"1.57"}],"home_team_highest_scoring_half":[{"opp":"Foolad Khuzestan - 1st Half","odds":"3.75"},{"opp":"Foolad Khuzestan - 2nd Half","odds":"2.50"},{"opp":"Foolad Khuzestan - Tie","odds":"2.20"}],"away_team_highest_scoring_half":[{"opp":"Pars Jonoubi Jam - 1st Half","odds":"4.33"},{"opp":"Pars Jonoubi Jam - 2nd Half","odds":"2.75"},{"opp":"Pars Jonoubi Jam - Tie","odds":"1.91"}],"2nd_half_goals_odd_even":[{"opp":"Even","odds":"1.67"},{"opp":"Odd","odds":"2.10"}]}},"main":{"updated_at":"1532570715","sp":{"full_time_result":[{"opp":"1","odds":"2.30"},{"opp":"X","odds":"2.60"},{"opp":"2","odds":"3.40"}],"double_chance":[{"opp":"1X","odds":"1.30"},{"opp":"X2","odds":"1.57"},{"opp":"12","odds":"1.50"}],"correct_score":[{"opp":"1-0","odds":"6.50","header":"Home"},{"opp":"0-0","odds":"5.50","header":"X"},{"opp":"1-0","odds":"8.50","header":"Away"},{"opp":"2-0","odds":"9.50","header":"Home"},{"opp":"1-1","odds":"6.00","header":"X"},{"opp":"2-0","odds":"15.00","header":"Away"},{"opp":"2-1","odds":"12.00","header":"Home"},{"opp":"2-2","odds":"19.00","header":"X"},{"opp":"2-1","odds":"15.00","header":"Away"},{"opp":"3-0","odds":"19.00","header":"Home"},{"opp":"3-3","odds":"67.00","header":"X"},{"opp":"3-0","odds":"34.00","header":"Away"},{"opp":"3-1","odds":"23.00","header":"Home"},{"opp":"3-1","odds":"34.00","header":"Away"},{"opp":"3-2","odds":"41.00","header":"Home"},{"opp":"3-2","odds":"51.00","header":"Away"},{"opp":"4-0","odds":"41.00","header":"Home"},{"opp":"4-0","odds":"67.00","header":"Away"},{"opp":"4-1","odds":"51.00","header":"Home"},{"opp":"4-1","odds":"67.00","header":"Away"},{"opp":"4-2","odds":"81.00","header":"Home"},{"opp":"5-0","odds":"81.00","header":"Home"}],"half_time_full_time":[{"opp":"Foolad Khuzestan - Foolad Khuzestan","odds":"4.00"},{"opp":"Foolad Khuzestan - Draw","odds":"15.00"},{"opp":"Foolad Khuzestan - Pars Jonoubi Jam","odds":"34.00"},{"opp":"Draw - Foolad Khuzestan","odds":"5.00"},{"opp":"Draw - Draw","odds":"3.75"},{"opp":"Draw - Pars Jonoubi Jam","odds":"6.50"},{"opp":"Pars Jonoubi Jam - Foolad Khuzestan","odds":"34.00"},{"opp":"Pars Jonoubi Jam - Draw","odds":"17.00"},{"opp":"Pars Jonoubi Jam - Pars Jonoubi Jam","odds":"6.00"}],"goals_over_under":[{"goals":"2.5","odds":"2.60","header":"Over"},{"goals":"2.5","odds":"1.48","header":"Under"}],"draw_no_bet":[{"opp":"Foolad Khuzestan","odds":"1.57"},{"opp":"Pars Jonoubi Jam","odds":"2.25"}]}},"schedule":{"updated_at":"1532570700","sp":{"main":[{"odds":"2.30"},{"odds":"2.60"},{"odds":"3.40"}]}}}]}}