{"odd":{"success":1,"results":[{"FI":"75382858","event_id":"838504","goals":{"updated_at":"1532570251","sp":{"goals_over_under":[{"goals":"2.5","odds":"1.50","header":"Over"},{"goals":"2.5","odds":"2.50","header":"Under"}],"first_team_to_score":[{"opp":"Veles","odds":"1.11"},{"opp":"No Goals","odds":"15.00"},{"opp":"FK Znamya Truda","odds":"6.50"}],"home_team_highest_scoring_half":[{"opp":"Veles - 1st Half","odds":"2.88"},{"opp":"Veles - 2nd Half","odds":"2.05"},{"opp":"Veles - Tie","odds":"3.60"}],"away_team_highest_scoring_half":[{"opp":"FK Znamya Truda - 1st Half","odds":"5.50"},{"opp":"FK Znamya Truda - 2nd Half","odds":"4.50"},{"opp":"FK Znamya Truda - Tie","odds":"1.40"}],"goals_odd_even":[{"opp":"Even","odds":"1.90"},{"opp":"Odd","odds":"1.95"}],"home_team_odd_even_goals":[{"opp":"Veles - Even","odds":"1.83"},{"opp":"Veles - Odd","odds":"1.83"}],"away_team_odd_even_goals":[{"opp":"FK Znamya Truda - Even","odds":"1.33"},{"opp":"FK Znamya Truda - Odd","odds":"3.25"}],"1st_half_goals_odd_even":[{"opp":"Odd","odds":"2.00"},{"opp":"Even","odds":"1.80"}]}},"half":{"updated_at":"1532570249","sp":{"half_time_result":[{"opp":"1","odds":"1.50"},{"opp":"X","odds":"2.88"},{"opp":"2","odds":"10.00"}],"half_time_double_chance":[{"opp":"1X","odds":"1.06"},{"opp":"X2","odds":"2.50"},{"opp":"12","odds":"1.40"}],"half_time_correct_score":[{"opp":"1-0","odds":"3.20","header":"Home"},{"opp":"0-0","odds":"3.75","header":"X"},{"opp":"1-0","odds":"13.00","header":"Away"},{"opp":"2-0","odds":"4.75","header":"Home"},{"opp":"1-1","odds":"15.00","header":"X"},{"opp":"2-0","odds":"51.00","header":"Away"},{"opp":"2-1","odds":"26.00","header":"Home"},{"opp":"2-2","odds":"81.00","header":"X"},{"opp":"2-1","odds":"51.00","header":"Away"},{"opp":"3-0","odds":"9.50","header":"Home"},{"opp":"3-1","odds":"41.00","header":"Home"},{"opp":"4-0","odds":"23.00","header":"Home"},{"opp":"5-0","odds":"51.00","header":"Home"}],"1st_half_goals_odd_even":[{"opp":"Odd","odds":"2.00"},{"opp":"Even","odds":"1.80"}],"home_team_highest_scoring_half":[{"opp":"Veles - 1st Half","odds":"2.88"},{"opp":"Veles - 2nd Half","odds":"2.05"},{"opp":"Veles - Tie","odds":"3.60"}],"away_team_highest_scoring_half":[{"opp":"FK Znamya Truda - 1st Half","odds":"5.50"},{"opp":"FK Znamya Truda - 2nd Half","odds":"4.50"},{"opp":"FK Znamya Truda - Tie","odds":"1.40"}],"2nd_half_goals_odd_even":[{"opp":"Even","odds":"1.83"},{"opp":"Odd","odds":"1.83"}]}},"main":{"updated_at":"1532570234","sp":{"full_time_result":[{"opp":"1","odds":"1.12"},{"opp":"X","odds":"7.00"},{"opp":"2","odds":"13.00"}],"double_chance":[{"opp":"1X","odds":"1.01"},{"opp":"X2","odds":"5.50"},{"opp":"12","odds":"1.08"}],"correct_score":[{"opp":"1-0","odds":"6.50","header":"Home"},{"opp":"0-0","odds":"15.00","header":"X"},{"opp":"1-0","odds":"34.00","header":"Away"},{"opp":"2-0","odds":"6.00","header":"Home"},{"opp":"1-1","odds":"17.00","header":"X"},{"opp":"2-0","odds":"67.00","header":"Away"},{"opp":"2-1","odds":"10.00","header":"Home"},{"opp":"2-2","odds":"41.00","header":"X"},{"opp":"2-1","odds":"41.00","header":"Away"},{"opp":"3-0","odds":"6.50","header":"Home"},{"opp":"3-1","odds":"15.00","header":"Home"},{"opp":"3-2","odds":"34.00","header":"Home"},{"opp":"4-0","odds":"8.50","header":"Home"},{"opp":"4-1","odds":"21.00","header":"Home"},{"opp":"4-2","odds":"51.00","header":"Home"},{"opp":"5-0","odds":"13.00","header":"Home"},{"opp":"5-1","odds":"34.00","header":"Home"},{"opp":"5-2","odds":"81.00","header":"Home"},{"opp":"6-0","odds":"23.00","header":"Home"},{"opp":"6-1","odds":"51.00","header":"Home"},{"opp":"7-0","odds":"41.00","header":"Home"},{"opp":"7-1","odds":"81.00","header":"Home"},{"opp":"8-0","odds":"67.00","header":"Home"}],"half_time_full_time":[{"opp":"Veles - Veles","odds":"1.57"},{"opp":"Veles - Draw","odds":"23.00"},{"opp":"Veles - FK Znamya Truda","odds":"51.00"},{"opp":"Draw - Veles","odds":"3.75"},{"opp":"Draw - Draw","odds":"11.00"},{"opp":"Draw - FK Znamya Truda","odds":"26.00"},{"opp":"FK Znamya Truda - Veles","odds":"21.00"},{"opp":"FK Znamya Truda - Draw","odds":"29.00"},{"opp":"FK Znamya Truda - FK Znamya Truda","odds":"23.00"}],"goals_over_under":[{"goals":"2.5","odds":"1.50","header":"Over"},{"goals":"2.5","odds":"2.50","header":"Under"}],"draw_no_bet":[{"opp":"Veles","odds":"1.04"},{"opp":"FK Znamya Truda","odds":"9.00"}]}},"schedule":{"updated_at":"1532570184","sp":{"main":[{"odds":"1.12"},{"odds":"7.00"},{"odds":"13.00"}]}}}]}}