{"odd":{"success":1,"results":[{"FI":"75227020","event_id":"801801","asian_lines":{"updated_at":"1532571255","sp":{"asian_handicap":[{"opp":"0.0","odds":"1.850","header":"Home"},{"opp":"0.0","odds":"1.950","header":"Away"}],"goal_line":[{"goals":"2.0","odds":"1.675","header":"Over"},{"goals":"2.0","odds":"2.150","header":"Under"}],"alternative_asian_handicap":[{"opp":"-1.5","odds":"5.750","header":"Home"},{"opp":"+1.5","odds":"1.140","header":"Away"},{"opp":"-1.0, -1.5","odds":"5.250","header":"Home"},{"opp":"+1.0, +1.5","odds":"1.160","header":"Away"},{"opp":"-1.0","odds":"4.500","header":"Home"},{"opp":"+1.0","odds":"1.190","header":"Away"},{"opp":"-0.5, -1.0","odds":"3.300","header":"Home"},{"opp":"+0.5, +1.0","odds":"1.325","header":"Away"},{"opp":"-0.5","odds":"2.600","header":"Home"},{"opp":"+0.5","odds":"1.475","header":"Away"},{"opp":"0.0, -0.5","odds":"2.250","header":"Home"},{"opp":"0.0, +0.5","odds":"1.625","header":"Away"},{"opp":"0.0, +0.5","odds":"1.575","header":"Home"},{"opp":"0.0, -0.5","odds":"2.350","header":"Away"},{"opp":"+0.5","odds":"1.450","header":"Home"},{"opp":"-0.5","odds":"2.675","header":"Away"},{"opp":"+0.5, +1.0","odds":"1.300","header":"Home"},{"opp":"-0.5, -1.0","odds":"3.450","header":"Away"},{"opp":"+1.0","odds":"1.170","header":"Home"},{"opp":"-1.0","odds":"5.000","header":"Away"},{"opp":"+1.0, +1.5","odds":"1.150","header":"Home"},{"opp":"-1.0, -1.5","odds":"5.500","header":"Away"},{"opp":"+1.5","odds":"1.125","header":"Home"},{"opp":"-1.5","odds":"6.000","header":"Away"}],"alternative_goal_line":[{"goals":"0.5, 1.0","odds":"1.105","header":"Over"},{"goals":"0.5, 1.0","odds":"6.800","header":"Under"},{"goals":"1.0","odds":"1.125","header":"Over"},{"goals":"1.0","odds":"6.000","header":"Under"},{"goals":"1.0, 1.5","odds":"1.260","header":"Over"},{"goals":"1.0, 1.5","odds":"3.700","header":"Under"},{"goals":"1.5","odds":"1.400","header":"Over"},{"goals":"1.5","odds":"2.850","header":"Under"},{"goals":"1.5, 2.0","odds":"1.500","header":"Over"},{"goals":"1.5, 2.0","odds":"2.500","header":"Under"},{"goals":"2.0, 2.5","odds":"2.000","header":"Over"},{"goals":"2.0, 2.5","odds":"1.800","header":"Under"},{"goals":"2.5","odds":"2.250","header":"Over"},{"goals":"2.5","odds":"1.625","header":"Under"},{"goals":"2.5, 3.0","odds":"2.600","header":"Over"},{"goals":"2.5, 3.0","odds":"1.475","header":"Under"},{"goals":"3.0","odds":"3.450","header":"Over"},{"goals":"3.0","odds":"1.300","header":"Under"},{"goals":"3.0, 3.5","odds":"3.700","header":"Over"},{"goals":"3.0, 3.5","odds":"1.260","header":"Under"},{"goals":"3.5","odds":"4.100","header":"Over"},{"goals":"3.5","odds":"1.225","header":"Under"},{"goals":"3.5, 4.0","odds":"5.250","header":"Over"},{"goals":"3.5, 4.0","odds":"1.160","header":"Under"}],"1st_half_asian_handicap":[{"opp":"0.0","odds":"1.875","header":"Home"},{"opp":"0.0","odds":"1.925","header":"Away"}],"1st_half_goal_line":[{"goals":"0.5, 1.0","odds":"1.725","header":"Over"},{"goals":"0.5, 1.0","odds":"2.075","header":"Under"}],"alternative_1st_half_asian_handicap":[{"opp":"-0.5, -1.0","odds":"4.650","header":"Home"},{"opp":"+0.5, +1.0","odds":"1.180","header":"Away"},{"opp":"-0.5","odds":"3.450","header":"Home"},{"opp":"+0.5","odds":"1.300","header":"Away"},{"opp":"0.0, -0.5","odds":"2.600","header":"Home"},{"opp":"0.0, +0.5","odds":"1.475","header":"Away"},{"opp":"0.0, +0.5","odds":"1.450","header":"Home"},{"opp":"0.0, -0.5","odds":"2.675","header":"Away"},{"opp":"+0.5","odds":"1.300","header":"Home"},{"opp":"-0.5","odds":"3.450","header":"Away"},{"opp":"+0.5, +1.0","odds":"1.175","header":"Home"},{"opp":"-0.5, -1.0","odds":"4.800","header":"Away"}],"alternative_1st_half_goal_line":[{"goals":"1.0","odds":"2.200","header":"Over"},{"goals":"1.0","odds":"1.650","header":"Under"},{"goals":"1.0, 1.5","odds":"2.750","header":"Over"},{"goals":"1.0, 1.5","odds":"1.425","header":"Under"},{"goals":"1.5","odds":"3.450","header":"Over"},{"goals":"1.5","odds":"1.300","header":"Under"},{"goals":"1.5, 2.0","odds":"4.500","header":"Over"},{"goals":"1.5, 2.0","odds":"1.190","header":"Under"}]}},"goals":{"updated_at":"1532569375","sp":{"goals_over_under":[{"goals":"2.5","odds":"2.25","header":"Over"},{"goals":"2.5","odds":"1.62","header":"Under"}],"alternative_total_goals":[{"goals":"0.5","odds":"1.10","header":"Over "},{"goals":"0.5","odds":"7.50","header":"Under"},{"goals":"1.5","odds":"1.40","header":"Over "},{"goals":"1.5","odds":"2.75","header":"Under"},{"goals":"3.5","odds":"4.00","header":"Over "},{"goals":"3.5","odds":"1.22","header":"Under"},{"goals":"4.5","odds":"9.00","header":"Over "},{"goals":"4.5","odds":"1.07","header":"Under"},{"goals":"5.5","odds":"19.00","header":"Over "},{"goals":"5.5","odds":"1.02","header":"Under"}],"result_total_goals":[{"opp":"FK Pribram & Over 2.5","odds":"4.75"},{"opp":"FK Pribram & Under 2.5","odds":"5.00"},{"opp":"Draw & Over 2.5","odds":"13.00"},{"opp":"Draw & Under  2.5","odds":"3.60"},{"opp":"Bohemians 1905 & Over 2.5","odds":"5.00"},{"opp":"Bohemians 1905 & Under 2.5","odds":"5.50"}],"total_goals_both_teams_to_score":[{"opp":"Over 2.5 & Yes","odds":"2.60"},{"opp":"Over 2.5 & No","odds":"12.00"},{"opp":"Under 2.5 & Yes","odds":"5.50"},{"opp":"Under 2.5 & No","odds":"2.10"}],"exact_total_goals":[{"opp":"0 Goals","odds":"7.50"},{"opp":"1 Goal","odds":"4.33"},{"opp":"2 Goals","odds":"3.25"},{"opp":"3 Goals","odds":"4.50"},{"opp":"4 Goals","odds":"7.00"},{"opp":"5 Goals","odds":"15.00"},{"opp":"6 Goals","odds":"29.00"},{"opp":"7+ Goals","odds":"41.00"}],"number_of_goals_in_match":[{"opp":"Under 2 goals","odds":"2.75"},{"opp":"2 or 3 goals","odds":"1.95"},{"opp":"Over 3 goals","odds":"4.00"}],"both_teams_to_score":[{"opp":"Yes","odds":"1.91"},{"opp":"No","odds":"1.91"}],"teams_to_score":[{"opp":"Both Teams","odds":"1.91"},{"opp":"FK Pribram Only","odds":"4.33"},{"opp":"No Goal","odds":"7.50"},{"opp":"Bohemians 1905 Only","odds":"4.33"}],"both_teams_to_score_in_1st_half":[{"opp":"Yes","odds":"5.50"},{"opp":"No","odds":"1.14"}],"both_teams_to_score_in_2nd_half":[{"opp":"Yes","odds":"3.75"},{"opp":"No","odds":"1.25"}],"both_teams_to_score_1st_half_2nd_half":[{"opp":"Yes \/ Yes","odds":"19.00"},{"opp":"Yes \/ No","odds":"6.50"},{"opp":"No \/ Yes","odds":"4.00"},{"opp":"No \/ No","odds":"1.50"}],"first_half_goals":[{"goals":"0.5","odds":"1.50","header":"Over"},{"goals":"0.5","odds":"2.50","header":"Under"},{"goals":"1.5","odds":"3.40","header":"Over"},{"goals":"1.5","odds":"1.30","header":"Under"},{"goals":"2.5","odds":"10.00","header":"Over"},{"goals":"2.5","odds":"1.06","header":"Under"}],"exact_1st_half_goals":[{"opp":"0 Goals","odds":"2.50"},{"opp":"1 Goal","odds":"2.50"},{"opp":"2 Goals","odds":"4.50"},{"opp":"3 Goals","odds":"13.00"},{"opp":"4 Goals","odds":"41.00"},{"opp":"5+ Goals","odds":"101.00"}],"total_goal_minutes":[{"opp":"Over 130 minutes","odds":"2.20"},{"opp":"110 To 130 minutes inc.","odds":"8.50"},{"opp":"Under 110 minutes","odds":"1.83"}],"first_team_to_score":[{"opp":"FK Pribram","odds":"1.91"},{"opp":"No Goals","odds":"7.50"},{"opp":"Bohemians 1905","odds":"2.20"}],"early_goal":[{"opp":"Goal before 33:00","odds":"1.83"},{"opp":"No Goal before 33:00","odds":"1.83"}],"late_goal":[{"opp":"Goal after 69:59","odds":"1.83"},{"opp":"No Goal after 69:59","odds":"1.83"}],"time_of_first_goal_brackets":[{"opp":"1-10","odds":"4.75"},{"opp":"11-20","odds":"5.50"},{"opp":"21-30","odds":"6.50"},{"opp":"31-40","odds":"7.50"},{"opp":"41-50","odds":"8.00"},{"opp":"51-60","odds":"12.00"},{"opp":"61-70","odds":"15.00"},{"opp":"71-80","odds":"17.00"},{"opp":"81 - Full Time","odds":"17.00"},{"opp":"No Goal","odds":"7.50"}],"2nd_half_goals":[{"goals":"0.5","odds":"1.29","header":"Over"},{"goals":"0.5","odds":"3.50","header":"Under"},{"goals":"1.5","odds":"2.25","header":"Over"},{"goals":"1.5","odds":"1.57","header":"Under"},{"goals":"2.5","odds":"5.50","header":"Over"},{"goals":"2.5","odds":"1.14","header":"Under"},{"goals":"3.5","odds":"15.00","header":"Over"},{"goals":"3.5","odds":"1.03","header":"Under"}],"exact_2nd_half_goals":[{"opp":"0 Goals","odds":"3.50"},{"opp":"1 Goal","odds":"2.62"},{"opp":"2 Goals","odds":"3.75"},{"opp":"3 Goals","odds":"8.00"},{"opp":"4 Goals","odds":"21.00"},{"opp":"5+ Goals","odds":"41.00"}],"half_with_most_goals":[{"opp":"1st Half","odds":"3.25"},{"opp":"2nd Half","odds":"2.05"},{"opp":"Tie","odds":"3.25"}],"home_team_highest_scoring_half":[{"opp":"FK Pribram - 1st Half","odds":"3.75"},{"opp":"FK Pribram - 2nd Half","odds":"2.60"},{"opp":"FK Pribram - Tie","odds":"2.20"}],"away_team_highest_scoring_half":[{"opp":"Bohemians 1905 - 1st Half","odds":"3.75"},{"opp":"Bohemians 1905 - 2nd Half","odds":"2.60"},{"opp":"Bohemians 1905 - Tie","odds":"2.20"}],"home_team_exact_goals":[{"opp":"FK Pribram - 0 Goals","odds":"3.00"},{"opp":"FK Pribram - 1 Goal","odds":"2.50"},{"opp":"FK Pribram - 2 Goals","odds":"4.00"},{"opp":"FK Pribram - 3+ Goals","odds":"7.00"}],"away_team_exact_goals":[{"opp":"Bohemians 1905 - 0 Goals","odds":"3.00"},{"opp":"Bohemians 1905 - 1 Goal","odds":"2.50"},{"opp":"Bohemians 1905 - 2 Goals","odds":"4.00"},{"opp":"Bohemians 1905 - 3+ Goals","odds":"8.00"}],"time_of_1st_team_goal":[{"opp":"FK Pribram - Goal before 59:00","odds":"1.83"},{"opp":"FK Pribram - No Goal before 59:00","odds":"1.83"},{"opp":"Bohemians 1905 - Goal before 61:00","odds":"1.83"},{"opp":"Bohemians 1905 - No Goal before 61:00","odds":"1.83"}],"goals_odd_even":[{"opp":"Even","odds":"1.90"},{"opp":"Odd","odds":"1.95"}],"home_team_odd_even_goals":[{"opp":"FK Pribram - Even","odds":"1.73"},{"opp":"FK Pribram - Odd","odds":"2.00"}],"away_team_odd_even_goals":[{"opp":"Bohemians 1905 - Even","odds":"1.73"},{"opp":"Bohemians 1905 - Odd","odds":"2.00"}],"1st_half_goals_odd_even":[{"opp":"Odd","odds":"2.20"},{"opp":"Even","odds":"1.67"}],"last_team_to_score":[{"opp":"FK Pribram","odds":"1.91"},{"opp":"No Goal","odds":"7.50"},{"opp":"Bohemians 1905","odds":"2.20"}],"first_10_minutes_(00:00_09:59)":[{"name":"Goals","handicap":"0.5","odds":"5.00","header":"Over"},{"name":"Goals","handicap":"0.5","odds":"1.17","header":"Under"}]}},"half":{"updated_at":"1532569395","sp":{"half_time_result":[{"opp":"1","odds":"3.40"},{"opp":"X","odds":"2.00"},{"opp":"2","odds":"3.50"}],"half_time_double_chance":[{"opp":"1X","odds":"1.29"},{"opp":"X2","odds":"1.30"},{"opp":"12","odds":"1.73"}],"half_time_result_both_teams_to_score":[{"opp":"FK Pribram & Yes","odds":"26.00"},{"opp":"FK Pribram & No","odds":"3.75"},{"opp":"Draw & Yes","odds":"8.00"},{"opp":"Draw & No","odds":"2.50"},{"opp":"Bohemians 1905 & Yes","odds":"26.00"},{"opp":"Bohemians 1905 & No","odds":"3.75"}],"half_time_result_total_goals":[{"opp":"FK Pribram & Over 1.5","odds":"10.00"},{"opp":"FK Pribram & Under 1.5","odds":"4.50"},{"opp":"Draw & Over 1.5","odds":"8.50"},{"opp":"Draw & Under 1.5","odds":"2.50"},{"opp":"Bohemians 1905 & Over 1.5","odds":"10.00"},{"opp":"Bohemians 1905 & Under 1.5","odds":"4.50"}],"half_time_correct_score":[{"opp":"1-0","odds":"4.50","header":"Home"},{"opp":"0-0","odds":"2.50","header":"X"},{"opp":"1-0","odds":"4.50","header":"Away"},{"opp":"2-0","odds":"15.00","header":"Home"},{"opp":"1-1","odds":"8.00","header":"X"},{"opp":"2-0","odds":"17.00","header":"Away"},{"opp":"2-1","odds":"29.00","header":"Home"},{"opp":"2-2","odds":"67.00","header":"X"},{"opp":"2-1","odds":"29.00","header":"Away"},{"opp":"3-0","odds":"51.00","header":"Home"},{"opp":"3-0","odds":"51.00","header":"Away"},{"opp":"3-1","odds":"81.00","header":"Home"},{"opp":"3-1","odds":"101.00","header":"Away"},{"opp":"3-2","odds":"301.00","header":"Home"},{"opp":"3-2","odds":"301.00","header":"Away"},{"opp":"4-0","odds":"301.00","header":"Home"},{"opp":"4-0","odds":"301.00","header":"Away"},{"opp":"4-1","odds":"501.00","header":"Home"}],"both_teams_to_score_in_1st_half":[{"opp":"Yes","odds":"5.50"},{"opp":"No","odds":"1.14"}],"both_teams_to_score_in_2nd_half":[{"opp":"Yes","odds":"3.75"},{"opp":"No","odds":"1.25"}],"both_teams_to_score_1st_half_2nd_half":[{"opp":"Yes \/ Yes","odds":"19.00"},{"opp":"Yes \/ No","odds":"6.50"},{"opp":"No \/ Yes","odds":"4.00"},{"opp":"No \/ No","odds":"1.50"}],"1st_half_asian_handicap":[{"opp":"0.0","odds":"1.875","header":"Home"},{"opp":"0.0","odds":"1.925","header":"Away"}],"1st_half_goal_line":[{"goals":"0.5, 1.0","odds":"1.725","header":"Over"},{"goals":"0.5, 1.0","odds":"2.075","header":"Under"}],"alternative_1st_half_asian_handicap":[{"opp":"-0.5, -1.0","odds":"4.650","header":"Home"},{"opp":"+0.5, +1.0","odds":"1.180","header":"Away"},{"opp":"-0.5","odds":"3.450","header":"Home"},{"opp":"+0.5","odds":"1.300","header":"Away"},{"opp":"0.0, -0.5","odds":"2.600","header":"Home"},{"opp":"0.0, +0.5","odds":"1.475","header":"Away"},{"opp":"0.0, +0.5","odds":"1.450","header":"Home"},{"opp":"0.0, -0.5","odds":"2.675","header":"Away"},{"opp":"+0.5","odds":"1.300","header":"Home"},{"opp":"-0.5","odds":"3.450","header":"Away"},{"opp":"+0.5, +1.0","odds":"1.175","header":"Home"},{"opp":"-0.5, -1.0","odds":"4.800","header":"Away"}],"alternative_1st_half_goal_line":[{"goals":"1.0","odds":"2.200","header":"Over"},{"goals":"1.0","odds":"1.650","header":"Under"},{"goals":"1.0, 1.5","odds":"2.750","header":"Over"},{"goals":"1.0, 1.5","odds":"1.425","header":"Under"},{"goals":"1.5","odds":"3.450","header":"Over"},{"goals":"1.5","odds":"1.300","header":"Under"},{"goals":"1.5, 2.0","odds":"4.500","header":"Over"},{"goals":"1.5, 2.0","odds":"1.190","header":"Under"}],"1st_half_handicap":[{"opp":"FK Pribram  -1.0","odds":"12.00"},{"opp":"Tie - Bohemians 1905 +1.0","odds":"4.00"},{"opp":"Bohemians 1905  +1.0","odds":"1.30"}],"alternative_1st_half_handicap_result":[{"opp":"-2.0","odds":"26.00","header":"Home"},{"opp":"+2.0","odds":"13.00","header":"Tie"},{"opp":"+2.0","odds":"1.04","header":"Away"},{"opp":"+1.0","odds":"1.29","header":"Home"},{"opp":"-1.0","odds":"4.00","header":"Tie"},{"opp":"-1.0","odds":"13.00","header":"Away"}],"first_half_goals":[{"goals":"0.5","odds":"1.50","header":"Over"},{"goals":"0.5","odds":"2.50","header":"Under"},{"goals":"1.5","odds":"3.40","header":"Over"},{"goals":"1.5","odds":"1.30","header":"Under"},{"goals":"2.5","odds":"10.00","header":"Over"},{"goals":"2.5","odds":"1.06","header":"Under"}],"exact_1st_half_goals":[{"opp":"0 Goals","odds":"2.50"},{"opp":"1 Goal","odds":"2.50"},{"opp":"2 Goals","odds":"4.50"},{"opp":"3 Goals","odds":"13.00"},{"opp":"4 Goals","odds":"41.00"},{"opp":"5+ Goals","odds":"101.00"}],"1st_half_goals_odd_even":[{"opp":"Odd","odds":"2.20"},{"opp":"Even","odds":"1.67"}],"to_score_in_half":[{"name":"1st Half","odds":"2.25","header":"Yes"},{"name":"1st Half","odds":"1.57","header":"No"},{"name":"2nd Half","odds":"1.83","header":"Yes"},{"name":"2nd Half","odds":"1.83","header":"No"},{"name":"1st Half","odds":"2.38","header":"Yes"},{"name":"1st Half","odds":"1.53","header":"No"},{"name":"2nd Half","odds":"1.83","header":"Yes"},{"name":"2nd Half","odds":"1.83","header":"No"}],"half_with_most_goals":[{"opp":"1st Half","odds":"3.25"},{"opp":"2nd Half","odds":"2.05"},{"opp":"Tie","odds":"3.25"}],"home_team_highest_scoring_half":[{"opp":"FK Pribram - 1st Half","odds":"3.75"},{"opp":"FK Pribram - 2nd Half","odds":"2.60"},{"opp":"FK Pribram - Tie","odds":"2.20"}],"away_team_highest_scoring_half":[{"opp":"Bohemians 1905 - 1st Half","odds":"3.75"},{"opp":"Bohemians 1905 - 2nd Half","odds":"2.60"},{"opp":"Bohemians 1905 - Tie","odds":"2.20"}],"2nd_half_result":[{"opp":"1","odds":"2.88"},{"opp":"X","odds":"2.30"},{"opp":"2","odds":"3.00"}],"2nd_half_goals":[{"goals":"0.5","odds":"1.29","header":"Over"},{"goals":"0.5","odds":"3.50","header":"Under"},{"goals":"1.5","odds":"2.25","header":"Over"},{"goals":"1.5","odds":"1.57","header":"Under"},{"goals":"2.5","odds":"5.50","header":"Over"},{"goals":"2.5","odds":"1.14","header":"Under"},{"goals":"3.5","odds":"15.00","header":"Over"},{"goals":"3.5","odds":"1.03","header":"Under"}],"exact_2nd_half_goals":[{"opp":"0 Goals","odds":"3.50"},{"opp":"1 Goal","odds":"2.62"},{"opp":"2 Goals","odds":"3.75"},{"opp":"3 Goals","odds":"8.00"},{"opp":"4 Goals","odds":"21.00"},{"opp":"5+ Goals","odds":"41.00"}],"2nd_half_goals_odd_even":[{"opp":"Even","odds":"1.73"},{"opp":"Odd","odds":"2.00"}]}},"main":{"updated_at":"1532571237","sp":{"full_time_result":[{"opp":"1","odds":"2.62"},{"opp":"X","odds":"3.00"},{"opp":"2","odds":"2.88"}],"double_chance":[{"opp":"1X","odds":"1.42"},{"opp":"X2","odds":"1.50"},{"opp":"12","odds":"1.40"}],"correct_score":[{"opp":"1-0","odds":"7.50","header":"Home"},{"opp":"0-0","odds":"7.50","header":"X"},{"opp":"1-0","odds":"8.00","header":"Away"},{"opp":"2-0","odds":"12.00","header":"Home"},{"opp":"1-1","odds":"5.50","header":"X"},{"opp":"2-0","odds":"13.00","header":"Away"},{"opp":"2-1","odds":"10.00","header":"Home"},{"opp":"2-2","odds":"15.00","header":"X"},{"opp":"2-1","odds":"11.00","header":"Away"},{"opp":"3-0","odds":"26.00","header":"Home"},{"opp":"3-3","odds":"51.00","header":"X"},{"opp":"3-0","odds":"29.00","header":"Away"},{"opp":"3-1","odds":"23.00","header":"Home"},{"opp":"4-4","odds":"401.00","header":"X"},{"opp":"3-1","odds":"23.00","header":"Away"},{"opp":"3-2","odds":"34.00","header":"Home"},{"opp":"3-2","odds":"41.00","header":"Away"},{"opp":"4-0","odds":"51.00","header":"Home"},{"opp":"4-0","odds":"67.00","header":"Away"},{"opp":"4-1","odds":"51.00","header":"Home"},{"opp":"4-1","odds":"51.00","header":"Away"},{"opp":"4-2","odds":"81.00","header":"Home"},{"opp":"4-2","odds":"81.00","header":"Away"},{"opp":"4-3","odds":"151.00","header":"Home"},{"opp":"4-3","odds":"151.00","header":"Away"},{"opp":"5-0","odds":"151.00","header":"Home"},{"opp":"5-0","odds":"201.00","header":"Away"},{"opp":"5-1","odds":"151.00","header":"Home"},{"opp":"5-1","odds":"151.00","header":"Away"},{"opp":"5-2","odds":"251.00","header":"Home"},{"opp":"5-2","odds":"251.00","header":"Away"}],"half_time_full_time":[{"opp":"FK Pribram - FK Pribram","odds":"4.33"},{"opp":"FK Pribram - Draw","odds":"15.00"},{"opp":"FK Pribram - Bohemians 1905","odds":"34.00"},{"opp":"Draw - FK Pribram","odds":"6.00"},{"opp":"Draw - Draw","odds":"4.50"},{"opp":"Draw - Bohemians 1905","odds":"6.00"},{"opp":"Bohemians 1905 - FK Pribram","odds":"34.00"},{"opp":"Bohemians 1905 - Draw","odds":"15.00"},{"opp":"Bohemians 1905 - Bohemians 1905","odds":"4.50"}],"goals_over_under":[{"goals":"2.5","odds":"2.25","header":"Over"},{"goals":"2.5","odds":"1.62","header":"Under"}],"both_teams_to_score":[{"opp":"Yes","odds":"1.91"},{"opp":"No","odds":"1.91"}],"asian_handicap":[{"opp":"0.0","odds":"1.850","header":"Home"},{"opp":"0.0","odds":"1.950","header":"Away"}],"goal_line":[{"goals":"2.0","odds":"1.675","header":"Over"},{"goals":"2.0","odds":"2.150","header":"Under"}],"alternative_asian_handicap":[{"opp":"-1.5","odds":"5.750","header":"Home"},{"opp":"+1.5","odds":"1.140","header":"Away"},{"opp":"-1.0, -1.5","odds":"5.250","header":"Home"},{"opp":"+1.0, +1.5","odds":"1.160","header":"Away"},{"opp":"-1.0","odds":"4.500","header":"Home"},{"opp":"+1.0","odds":"1.190","header":"Away"},{"opp":"-0.5, -1.0","odds":"3.300","header":"Home"},{"opp":"+0.5, +1.0","odds":"1.325","header":"Away"},{"opp":"-0.5","odds":"2.600","header":"Home"},{"opp":"+0.5","odds":"1.475","header":"Away"},{"opp":"0.0, -0.5","odds":"2.250","header":"Home"},{"opp":"0.0, +0.5","odds":"1.625","header":"Away"},{"opp":"0.0, +0.5","odds":"1.575","header":"Home"},{"opp":"0.0, -0.5","odds":"2.350","header":"Away"},{"opp":"+0.5","odds":"1.450","header":"Home"},{"opp":"-0.5","odds":"2.675","header":"Away"},{"opp":"+0.5, +1.0","odds":"1.300","header":"Home"},{"opp":"-0.5, -1.0","odds":"3.450","header":"Away"},{"opp":"+1.0","odds":"1.170","header":"Home"},{"opp":"-1.0","odds":"5.000","header":"Away"},{"opp":"+1.0, +1.5","odds":"1.150","header":"Home"},{"opp":"-1.0, -1.5","odds":"5.500","header":"Away"},{"opp":"+1.5","odds":"1.125","header":"Home"},{"opp":"-1.5","odds":"6.000","header":"Away"}],"alternative_goal_line":[{"goals":"0.5, 1.0","odds":"1.105","header":"Over"},{"goals":"0.5, 1.0","odds":"6.800","header":"Under"},{"goals":"1.0","odds":"1.125","header":"Over"},{"goals":"1.0","odds":"6.000","header":"Under"},{"goals":"1.0, 1.5","odds":"1.260","header":"Over"},{"goals":"1.0, 1.5","odds":"3.700","header":"Under"},{"goals":"1.5","odds":"1.400","header":"Over"},{"goals":"1.5","odds":"2.850","header":"Under"},{"goals":"1.5, 2.0","odds":"1.500","header":"Over"},{"goals":"1.5, 2.0","odds":"2.500","header":"Under"},{"goals":"2.0, 2.5","odds":"2.000","header":"Over"},{"goals":"2.0, 2.5","odds":"1.800","header":"Under"},{"goals":"2.5","odds":"2.250","header":"Over"},{"goals":"2.5","odds":"1.625","header":"Under"},{"goals":"2.5, 3.0","odds":"2.600","header":"Over"},{"goals":"2.5, 3.0","odds":"1.475","header":"Under"},{"goals":"3.0","odds":"3.450","header":"Over"},{"goals":"3.0","odds":"1.300","header":"Under"},{"goals":"3.0, 3.5","odds":"3.700","header":"Over"},{"goals":"3.0, 3.5","odds":"1.260","header":"Under"},{"goals":"3.5","odds":"4.100","header":"Over"},{"goals":"3.5","odds":"1.225","header":"Under"},{"goals":"3.5, 4.0","odds":"5.250","header":"Over"},{"goals":"3.5, 4.0","odds":"1.160","header":"Under"}],"draw_no_bet":[{"opp":"FK Pribram","odds":"1.83"},{"opp":"Bohemians 1905","odds":"1.83"}],"result_both_teams_to_score":[{"name":"FK Pribram","odds":"6.00","header":"Yes"},{"name":"FK Pribram","odds":"4.33","header":"No"},{"name":"Bohemians 1905","odds":"6.00","header":"Yes"},{"name":"Bohemians 1905","odds":"4.50","header":"No"},{"name":"Draw","odds":"4.33","header":"Yes"},{"name":"Draw","odds":"7.50","header":"No"}],"handicap_result":[{"opp":"FK Pribram (-1)","odds":"5.50"},{"opp":"Tie - (Bohemians 1905 +1)","odds":"4.00"},{"opp":"Bohemians 1905 (+1)","odds":"1.50"}],"alternative_handicap_result":[{"opp":"-3.0","odds":"21.00","header":"Home"},{"opp":"+3.0","odds":"15.00","header":"Tie"},{"opp":"+3.0","odds":"1.03","header":"Away"},{"opp":"-2.0","odds":"13.00","header":"Home"},{"opp":"+2.0","odds":"7.50","header":"Tie"},{"opp":"+2.0","odds":"1.10","header":"Away"},{"opp":"+1.0","odds":"1.42","header":"Home"},{"opp":"-1.0","odds":"4.33","header":"Tie"},{"opp":"-1.0","odds":"6.00","header":"Away"},{"opp":"+2.0","odds":"1.09","header":"Home"},{"opp":"-2.0","odds":"8.00","header":"Tie"},{"opp":"-2.0","odds":"13.00","header":"Away"}],"winning_margin":[{"goals":" 1","odds":"4.00","header":"Home"},{"goals":" 1","odds":"4.33","header":"Away"},{"goals":" 2","odds":"7.50","header":"Home"},{"goals":" 2","odds":"8.00","header":"Away"},{"goals":" 3","odds":"15.00","header":"Home"},{"goals":" 3","odds":"23.00","header":"Away"},{"goals":" 4+","odds":"21.00","header":"Home"},{"goals":" 4+","odds":"51.00","header":"Away"},{"goals":"Score Draw","odds":"4.33","header":"Home"},{"goals":"No Goal","odds":"7.50","header":"Home"}]}},"schedule":{"updated_at":"1532571087","sp":{"main":[{"odds":"2.62"},{"odds":"3.00"},{"odds":"2.88"}]}},"specials":{"updated_at":"1532569402","sp":{"specials":[{"name":"To Win From Behind","odds":"11.00","header":"Home"},{"name":"To Win From Behind","odds":"11.00","header":"Away"},{"name":"To Win to Nil","odds":"4.33","header":"Home"},{"name":"To Win to Nil","odds":"4.50","header":"Away"},{"name":"To Win Either Half","odds":"1.83","header":"Home"},{"name":"To Win Either Half","odds":"1.91","header":"Away"},{"name":"To Win Both Halves","odds":"10.00","header":"Home"},{"name":"To Win Both Halves","odds":"11.00","header":"Away"},{"name":"To Score in Both Halves","odds":"4.33","header":"Home"},{"name":"To Score in Both Halves","odds":"4.50","header":"Away"}],"to_score_in_half":[{"name":"1st Half","odds":"2.25","header":"Yes"},{"name":"1st Half","odds":"1.57","header":"No"},{"name":"2nd Half","odds":"1.83","header":"Yes"},{"name":"2nd Half","odds":"1.83","header":"No"},{"name":"1st Half","odds":"2.38","header":"Yes"},{"name":"1st Half","odds":"1.53","header":"No"},{"name":"2nd Half","odds":"1.83","header":"Yes"},{"name":"2nd Half","odds":"1.83","header":"No"}]}}}]}}