{"odd":{"success":1,"results":[{"FI":"75228342","event_id":"598051","asian_lines":{"updated_at":"1532569929","sp":{"asian_handicap":[{"opp":"-1.0","odds":"1.930","header":"Home"},{"opp":"+1.0","odds":"1.970","header":"Away"}],"goal_line":[{"goals":"2.5, 3.0","odds":"1.925","header":"Over"},{"goals":"2.5, 3.0","odds":"1.925","header":"Under"}],"alternative_asian_handicap":[{"opp":"-2.5, -3.0","odds":"5.900","header":"Home"},{"opp":"+2.5, +3.0","odds":"1.130","header":"Away"},{"opp":"-2.5","odds":"4.500","header":"Home"},{"opp":"+2.5","odds":"1.190","header":"Away"},{"opp":"-2.0, -2.5","odds":"4.150","header":"Home"},{"opp":"+2.0, +2.5","odds":"1.220","header":"Away"},{"opp":"-2.0","odds":"3.700","header":"Home"},{"opp":"+2.0","odds":"1.260","header":"Away"},{"opp":"-1.5, -2.0","odds":"2.850","header":"Home"},{"opp":"+1.5, +2.0","odds":"1.400","header":"Away"},{"opp":"-1.5","odds":"2.375","header":"Home"},{"opp":"+1.5","odds":"1.550","header":"Away"},{"opp":"-1.0, -1.5","odds":"2.150","header":"Home"},{"opp":"+1.0, +1.5","odds":"1.675","header":"Away"},{"opp":"-0.5, -1.0","odds":"1.650","header":"Home"},{"opp":"+0.5, +1.0","odds":"2.200","header":"Away"},{"opp":"-0.5","odds":"1.525","header":"Home"},{"opp":"+0.5","odds":"2.425","header":"Away"},{"opp":"0.0, -0.5","odds":"1.375","header":"Home"},{"opp":"0.0, +0.5","odds":"3.000","header":"Away"},{"opp":"0.0","odds":"1.210","header":"Home"},{"opp":"0.0","odds":"4.250","header":"Away"},{"opp":"0.0, +0.5","odds":"1.175","header":"Home"},{"opp":"0.0, -0.5","odds":"4.800","header":"Away"},{"opp":"+0.5","odds":"1.150","header":"Home"},{"opp":"-0.5","odds":"5.500","header":"Away"}],"alternative_goal_line":[{"goals":"1.0, 1.5","odds":"1.130","header":"Over"},{"goals":"1.0, 1.5","odds":"5.900","header":"Under"},{"goals":"1.5","odds":"1.220","header":"Over"},{"goals":"1.5","odds":"4.150","header":"Under"},{"goals":"1.5, 2.0","odds":"1.260","header":"Over"},{"goals":"1.5, 2.0","odds":"3.700","header":"Under"},{"goals":"2.0","odds":"1.325","header":"Over"},{"goals":"2.0","odds":"3.300","header":"Under"},{"goals":"2.0, 2.5","odds":"1.525","header":"Over"},{"goals":"2.0, 2.5","odds":"2.425","header":"Under"},{"goals":"2.5","odds":"1.700","header":"Over"},{"goals":"2.5","odds":"2.100","header":"Under"},{"goals":"3.0","odds":"2.150","header":"Over"},{"goals":"3.0","odds":"1.675","header":"Under"},{"goals":"3.0, 3.5","odds":"2.425","header":"Over"},{"goals":"3.0, 3.5","odds":"1.525","header":"Under"},{"goals":"3.5","odds":"2.750","header":"Over"},{"goals":"3.5","odds":"1.425","header":"Under"},{"goals":"3.5, 4.0","odds":"3.300","header":"Over"},{"goals":"3.5, 4.0","odds":"1.325","header":"Under"},{"goals":"4.0","odds":"4.250","header":"Over"},{"goals":"4.0","odds":"1.210","header":"Under"},{"goals":"4.0, 4.5","odds":"4.650","header":"Over"},{"goals":"4.0, 4.5","odds":"1.180","header":"Under"},{"goals":"4.5","odds":"5.250","header":"Over"},{"goals":"4.5","odds":"1.160","header":"Under"},{"goals":"4.5, 5.0","odds":"6.400","header":"Over"},{"goals":"4.5, 5.0","odds":"1.115","header":"Under"}],"1st_half_asian_handicap":[{"opp":"-0.5","odds":"2.075","header":"Home"},{"opp":"+0.5","odds":"1.725","header":"Away"}],"1st_half_goal_line":[{"goals":"1.0, 1.5","odds":"2.100","header":"Over"},{"goals":"1.0, 1.5","odds":"1.700","header":"Under"}],"alternative_1st_half_asian_handicap":[{"opp":"-1.5","odds":"5.500","header":"Home"},{"opp":"+1.5","odds":"1.150","header":"Away"},{"opp":"-1.0, -1.5","odds":"4.500","header":"Home"},{"opp":"+1.0, +1.5","odds":"1.190","header":"Away"},{"opp":"-1.0","odds":"3.900","header":"Home"},{"opp":"+1.0","odds":"1.240","header":"Away"},{"opp":"-0.5, -1.0","odds":"2.600","header":"Home"},{"opp":"+0.5, +1.0","odds":"1.475","header":"Away"},{"opp":"0.0, -0.5","odds":"1.700","header":"Home"},{"opp":"0.0, +0.5","odds":"2.100","header":"Away"},{"opp":"0.0","odds":"1.300","header":"Home"},{"opp":"0.0","odds":"3.450","header":"Away"},{"opp":"0.0, +0.5","odds":"1.200","header":"Home"},{"opp":"0.0, -0.5","odds":"4.400","header":"Away"},{"opp":"+0.5","odds":"1.150","header":"Home"},{"opp":"-0.5","odds":"5.500","header":"Away"}],"alternative_1st_half_goal_line":[{"goals":"0.5, 1.0","odds":"1.450","header":"Over"},{"goals":"0.5, 1.0","odds":"2.675","header":"Under"},{"goals":"1.0","odds":"1.675","header":"Over"},{"goals":"1.0","odds":"2.150","header":"Under"},{"goals":"1.5","odds":"2.500","header":"Over"},{"goals":"1.5","odds":"1.500","header":"Under"},{"goals":"1.5, 2.0","odds":"3.300","header":"Over"},{"goals":"1.5, 2.0","odds":"1.325","header":"Under"},{"goals":"2.0","odds":"4.800","header":"Over"},{"goals":"2.0","odds":"1.175","header":"Under"},{"goals":"2.0, 2.5","odds":"5.750","header":"Over"},{"goals":"2.0, 2.5","odds":"1.140","header":"Under"},{"goals":"2.5","odds":"6.250","header":"Over"},{"goals":"2.5","odds":"1.120","header":"Under"}],"asian_total_corners":[{"goals":"10.5","odds":"1.975","header":"Over"},{"goals":"10.5","odds":"1.825","header":"Under"}],"1st_half_asian_corners":[{"goals":"5.0","odds":"2.000","header":"Over"},{"goals":"5.0","odds":"1.800","header":"Under"}]}},"corners":{"updated_at":"1532571149","sp":{"corners":[{"opp":"Over 10","odds":"1.91"},{"opp":"Exactly 10","odds":"7.50"},{"opp":"Under 10","odds":"2.30"}],"total_corners":[{"opp":"Under 6","odds":"13.00"},{"opp":"6 - 8","odds":"3.75"},{"opp":"9 - 11","odds":"2.62"},{"opp":"12 - 14","odds":"3.60"},{"opp":"Over 14","odds":"7.00"}],"alternative_corners":[{"goals":"4","odds":"1.02","header":"Over"},{"goals":"4","odds":"26.00","header":"Exactly"},{"goals":"4","odds":"34.00","header":"Under"},{"goals":"5","odds":"1.04","header":"Over"},{"goals":"5","odds":"17.00","header":"Exactly"},{"goals":"5","odds":"21.00","header":"Under"},{"goals":"6","odds":"1.08","header":"Over"},{"goals":"6","odds":"13.00","header":"Exactly"},{"goals":"6","odds":"13.00","header":"Under"},{"goals":"7","odds":"1.18","header":"Over"},{"goals":"7","odds":"10.00","header":"Exactly"},{"goals":"7","odds":"7.50","header":"Under"},{"goals":"8","odds":"1.33","header":"Over"},{"goals":"8","odds":"8.50","header":"Exactly"},{"goals":"8","odds":"4.50","header":"Under"},{"goals":"9","odds":"1.57","header":"Over"},{"goals":"9","odds":"8.00","header":"Exactly"},{"goals":"9","odds":"3.10","header":"Under"},{"goals":"11","odds":"2.50","header":"Over"},{"goals":"11","odds":"8.00","header":"Exactly"},{"goals":"11","odds":"1.80","header":"Under"},{"goals":"12","odds":"3.40","header":"Over"},{"goals":"12","odds":"9.00","header":"Exactly"},{"goals":"12","odds":"1.50","header":"Under"},{"goals":"13","odds":"4.75","header":"Over"},{"goals":"13","odds":"10.00","header":"Exactly"},{"goals":"13","odds":"1.30","header":"Under"},{"goals":"14","odds":"6.50","header":"Over"},{"goals":"14","odds":"12.00","header":"Exactly"},{"goals":"14","odds":"1.18","header":"Under"},{"goals":"15","odds":"10.00","header":"Over"},{"goals":"15","odds":"15.00","header":"Exactly"},{"goals":"15","odds":"1.09","header":"Under"},{"goals":"16","odds":"13.00","header":"Over"},{"goals":"16","odds":"19.00","header":"Exactly"},{"goals":"16","odds":"1.05","header":"Under"},{"goals":"17","odds":"19.00","header":"Over"},{"goals":"17","odds":"23.00","header":"Exactly"},{"goals":"17","odds":"1.03","header":"Under"},{"goals":"18","odds":"26.00","header":"Over"},{"goals":"18","odds":"29.00","header":"Exactly"},{"goals":"18","odds":"1.02","header":"Under"},{"goals":"19","odds":"34.00","header":"Over"},{"goals":"19","odds":"41.00","header":"Exactly"},{"goals":"19","odds":"1.01","header":"Under"}],"corners_2_way":[{"opp":"Over 10.5","odds":"1.91"},{"opp":"Under 10.5","odds":"1.80"}],"first_half_corners":[{"opp":"5","odds":"2.38","header":"Over"},{"opp":"5","odds":"5.50","header":"Exactly"},{"opp":"5","odds":"2.10","header":"Under"}],"asian_total_corners":[{"goals":"10.5","odds":"1.975","header":"Over"},{"goals":"10.5","odds":"1.825","header":"Under"}],"1st_half_asian_corners":[{"goals":"5.0","odds":"2.000","header":"Over"},{"goals":"5.0","odds":"1.800","header":"Under"}]}},"goals":{"updated_at":"1532569947","sp":{"goals_over_under":[{"goals":"2.5","odds":"1.70","header":"Over"},{"goals":"2.5","odds":"2.10","header":"Under"}],"alternative_total_goals":[{"goals":"0.5","odds":"1.04","header":"Over "},{"goals":"0.5","odds":"13.00","header":"Under"},{"goals":"1.5","odds":"1.20","header":"Over "},{"goals":"1.5","odds":"4.33","header":"Under"},{"goals":"3.5","odds":"2.62","header":"Over "},{"goals":"3.5","odds":"1.44","header":"Under"},{"goals":"4.5","odds":"5.00","header":"Over "},{"goals":"4.5","odds":"1.17","header":"Under"},{"goals":"5.5","odds":"11.00","header":"Over "},{"goals":"5.5","odds":"1.05","header":"Under"},{"goals":"6.5","odds":"21.00","header":"Over "},{"goals":"6.5","odds":"1.02","header":"Under"}],"result_total_goals":[{"opp":"Djurgarden & Over 2.5","odds":"2.25"},{"opp":"Djurgarden & Under 2.5","odds":"4.00"},{"opp":"Draw & Over 2.5","odds":"13.00"},{"opp":"Draw & Under  2.5","odds":"5.50"},{"opp":"GIF Sundsvall & Over 2.5","odds":"9.00"},{"opp":"GIF Sundsvall & Under 2.5","odds":"12.00"}],"total_goals_both_teams_to_score":[{"opp":"Over 2.5 & Yes","odds":"2.10"},{"opp":"Over 2.5 & No","odds":"6.50"},{"opp":"Under 2.5 & Yes","odds":"8.00"},{"opp":"Under 2.5 & No","odds":"2.62"}],"exact_total_goals":[{"opp":"0 Goals","odds":"13.00"},{"opp":"1 Goal","odds":"5.50"},{"opp":"2 Goals","odds":"4.00"},{"opp":"3 Goals","odds":"4.00"},{"opp":"4 Goals","odds":"5.50"},{"opp":"5 Goals","odds":"9.00"},{"opp":"6 Goals","odds":"17.00"},{"opp":"7+ Goals","odds":"21.00"}],"number_of_goals_in_match":[{"opp":"Under 2 goals","odds":"4.33"},{"opp":"2 or 3 goals","odds":"2.05"},{"opp":"Over 3 goals","odds":"2.62"}],"both_teams_to_score":[{"opp":"Yes","odds":"1.75"},{"opp":"No","odds":"2.00"}],"teams_to_score":[{"opp":"Both Teams","odds":"1.75"},{"opp":"Djurgarden Only","odds":"2.62"},{"opp":"No Goal","odds":"13.00"},{"opp":"GIF Sundsvall Only","odds":"10.00"}],"both_teams_to_score_in_1st_half":[{"opp":"Yes","odds":"4.50"},{"opp":"No","odds":"1.18"}],"both_teams_to_score_in_2nd_half":[{"opp":"Yes","odds":"3.25"},{"opp":"No","odds":"1.33"}],"both_teams_to_score_1st_half_2nd_half":[{"opp":"Yes \/ Yes","odds":"15.00"},{"opp":"Yes \/ No","odds":"6.00"},{"opp":"No \/ Yes","odds":"3.75"},{"opp":"No \/ No","odds":"1.62"}],"first_half_goals":[{"goals":"0.5","odds":"1.33","header":"Over"},{"goals":"0.5","odds":"3.25","header":"Under"},{"goals":"1.5","odds":"2.50","header":"Over"},{"goals":"1.5","odds":"1.50","header":"Under"},{"goals":"2.5","odds":"6.50","header":"Over"},{"goals":"2.5","odds":"1.11","header":"Under"},{"goals":"3.5","odds":"17.00","header":"Over"},{"goals":"3.5","odds":"1.02","header":"Under"}],"exact_1st_half_goals":[{"opp":"0 Goals","odds":"3.25"},{"opp":"1 Goal","odds":"2.60"},{"opp":"2 Goals","odds":"3.75"},{"opp":"3 Goals","odds":"8.50"},{"opp":"4 Goals","odds":"23.00"},{"opp":"5+ Goals","odds":"51.00"}],"total_goal_minutes":[{"opp":"Over 155 minutes","odds":"2.20"},{"opp":"135 To 155 minutes inc.","odds":"8.50"},{"opp":"Under 135 minutes","odds":"1.83"}],"first_team_to_score":[{"opp":"Djurgarden","odds":"1.40"},{"opp":"No Goals","odds":"13.00"},{"opp":"GIF Sundsvall","odds":"3.10"}],"early_goal":[{"opp":"Goal before 27:00","odds":"1.83"},{"opp":"No Goal before 27:00","odds":"1.83"}],"late_goal":[{"opp":"Goal after 75:59","odds":"1.83"},{"opp":"No Goal after 75:59","odds":"1.83"}],"time_of_first_goal_brackets":[{"opp":"1-10","odds":"4.00"},{"opp":"11-20","odds":"4.75"},{"opp":"21-30","odds":"6.00"},{"opp":"31-40","odds":"7.00"},{"opp":"41-50","odds":"8.00"},{"opp":"51-60","odds":"13.00"},{"opp":"61-70","odds":"17.00"},{"opp":"71-80","odds":"21.00"},{"opp":"81 - Full Time","odds":"21.00"},{"opp":"No Goal","odds":"13.00"}],"2nd_half_goals":[{"goals":"0.5","odds":"1.18","header":"Over"},{"goals":"0.5","odds":"4.50","header":"Under"},{"goals":"1.5","odds":"1.83","header":"Over"},{"goals":"1.5","odds":"1.83","header":"Under"},{"goals":"2.5","odds":"3.75","header":"Over"},{"goals":"2.5","odds":"1.25","header":"Under"},{"goals":"3.5","odds":"10.00","header":"Over"},{"goals":"3.5","odds":"1.06","header":"Under"},{"goals":"4.5","odds":"23.00","header":"Over"},{"goals":"4.5","odds":"1.01","header":"Under"}],"exact_2nd_half_goals":[{"opp":"0 Goals","odds":"4.50"},{"opp":"1 Goal","odds":"2.88"},{"opp":"2 Goals","odds":"3.40"},{"opp":"3 Goals","odds":"6.00"},{"opp":"4 Goals","odds":"13.00"},{"opp":"5+ Goals","odds":"23.00"}],"half_with_most_goals":[{"opp":"1st Half","odds":"3.10"},{"opp":"2nd Half","odds":"2.00"},{"opp":"Tie","odds":"3.75"}],"home_team_highest_scoring_half":[{"opp":"Djurgarden - 1st Half","odds":"3.20"},{"opp":"Djurgarden - 2nd Half","odds":"2.20"},{"opp":"Djurgarden - Tie","odds":"2.88"}],"away_team_highest_scoring_half":[{"opp":"GIF Sundsvall - 1st Half","odds":"4.00"},{"opp":"GIF Sundsvall - 2nd Half","odds":"2.88"},{"opp":"GIF Sundsvall - Tie","odds":"1.91"}],"home_team_exact_goals":[{"opp":"Djurgarden - 0 Goals","odds":"6.50"},{"opp":"Djurgarden - 1 Goal","odds":"3.25"},{"opp":"Djurgarden - 2 Goals","odds":"3.25"},{"opp":"Djurgarden - 3+ Goals","odds":"2.75"}],"away_team_exact_goals":[{"opp":"GIF Sundsvall - 0 Goals","odds":"2.38"},{"opp":"GIF Sundsvall - 1 Goal","odds":"2.40"},{"opp":"GIF Sundsvall - 2 Goals","odds":"5.00"},{"opp":"GIF Sundsvall - 3+ Goals","odds":"11.00"}],"time_of_1st_team_goal":[{"opp":"Djurgarden - Goal before 37:00","odds":"1.83"},{"opp":"Djurgarden - No Goal before 37:00","odds":"1.83"},{"opp":"GIF Sundsvall - Goal before 74:00","odds":"1.83"},{"opp":"GIF Sundsvall - No Goal before 74:00","odds":"1.83"}],"goals_odd_even":[{"opp":"Even","odds":"1.90"},{"opp":"Odd","odds":"1.95"}],"home_team_odd_even_goals":[{"opp":"Djurgarden - Even","odds":"1.83"},{"opp":"Djurgarden - Odd","odds":"1.83"}],"away_team_odd_even_goals":[{"opp":"GIF Sundsvall - Even","odds":"1.62"},{"opp":"GIF Sundsvall - Odd","odds":"2.20"}],"1st_half_goals_odd_even":[{"opp":"Odd","odds":"2.00"},{"opp":"Even","odds":"1.80"}],"last_team_to_score":[{"opp":"Djurgarden","odds":"1.40"},{"opp":"No Goal","odds":"13.00"},{"opp":"GIF Sundsvall","odds":"3.10"}],"first_10_minutes_(00:00_09:59)":[{"name":"Goals","handicap":"0.5","odds":"4.00","header":"Over"},{"name":"Goals","handicap":"0.5","odds":"1.22","header":"Under"}]}},"half":{"updated_at":"1532569954","sp":{"half_time_result":[{"opp":"1","odds":"2.10"},{"opp":"X","odds":"2.38"},{"opp":"2","odds":"5.50"}],"half_time_double_chance":[{"opp":"1X","odds":"1.14"},{"opp":"X2","odds":"1.67"},{"opp":"12","odds":"1.53"}],"half_time_result_both_teams_to_score":[{"opp":"Djurgarden & Yes","odds":"13.00"},{"opp":"Djurgarden & No","odds":"2.38"},{"opp":"Draw & Yes","odds":"7.50"},{"opp":"Draw & No","odds":"3.20"},{"opp":"GIF Sundsvall & Yes","odds":"29.00"},{"opp":"GIF Sundsvall & No","odds":"6.00"}],"half_time_result_total_goals":[{"opp":"Djurgarden & Over 1.5","odds":"4.33"},{"opp":"Djurgarden & Under 1.5","odds":"3.50"},{"opp":"Draw & Over 1.5","odds":"8.00"},{"opp":"Draw & Under 1.5","odds":"3.25"},{"opp":"GIF Sundsvall & Over 1.5","odds":"17.00"},{"opp":"GIF Sundsvall & Under 1.5","odds":"7.00"}],"half_time_correct_score":[{"opp":"1-0","odds":"3.50","header":"Home"},{"opp":"0-0","odds":"3.25","header":"X"},{"opp":"1-0","odds":"7.00","header":"Away"},{"opp":"2-0","odds":"7.50","header":"Home"},{"opp":"1-1","odds":"8.00","header":"X"},{"opp":"2-0","odds":"29.00","header":"Away"},{"opp":"2-1","odds":"17.00","header":"Home"},{"opp":"2-2","odds":"51.00","header":"X"},{"opp":"2-1","odds":"34.00","header":"Away"},{"opp":"3-0","odds":"23.00","header":"Home"},{"opp":"3-0","odds":"101.00","header":"Away"},{"opp":"3-1","odds":"41.00","header":"Home"},{"opp":"3-1","odds":"126.00","header":"Away"},{"opp":"3-2","odds":"126.00","header":"Home"},{"opp":"3-2","odds":"251.00","header":"Away"},{"opp":"4-0","odds":"67.00","header":"Home"},{"opp":"4-1","odds":"126.00","header":"Home"},{"opp":"4-2","odds":"501.00","header":"Home"},{"opp":"5-0","odds":"251.00","header":"Home"}],"both_teams_to_score_in_1st_half":[{"opp":"Yes","odds":"4.50"},{"opp":"No","odds":"1.18"}],"both_teams_to_score_in_2nd_half":[{"opp":"Yes","odds":"3.25"},{"opp":"No","odds":"1.33"}],"both_teams_to_score_1st_half_2nd_half":[{"opp":"Yes \/ Yes","odds":"15.00"},{"opp":"Yes \/ No","odds":"6.00"},{"opp":"No \/ Yes","odds":"3.75"},{"opp":"No \/ No","odds":"1.62"}],"1st_half_asian_handicap":[{"opp":"-0.5","odds":"2.075","header":"Home"},{"opp":"+0.5","odds":"1.725","header":"Away"}],"1st_half_goal_line":[{"goals":"1.0, 1.5","odds":"2.100","header":"Over"},{"goals":"1.0, 1.5","odds":"1.700","header":"Under"}],"alternative_1st_half_asian_handicap":[{"opp":"-1.5","odds":"5.500","header":"Home"},{"opp":"+1.5","odds":"1.150","header":"Away"},{"opp":"-1.0, -1.5","odds":"4.500","header":"Home"},{"opp":"+1.0, +1.5","odds":"1.190","header":"Away"},{"opp":"-1.0","odds":"3.900","header":"Home"},{"opp":"+1.0","odds":"1.240","header":"Away"},{"opp":"-0.5, -1.0","odds":"2.600","header":"Home"},{"opp":"+0.5, +1.0","odds":"1.475","header":"Away"},{"opp":"0.0, -0.5","odds":"1.700","header":"Home"},{"opp":"0.0, +0.5","odds":"2.100","header":"Away"},{"opp":"0.0","odds":"1.300","header":"Home"},{"opp":"0.0","odds":"3.450","header":"Away"},{"opp":"0.0, +0.5","odds":"1.200","header":"Home"},{"opp":"0.0, -0.5","odds":"4.400","header":"Away"},{"opp":"+0.5","odds":"1.150","header":"Home"},{"opp":"-0.5","odds":"5.500","header":"Away"}],"alternative_1st_half_goal_line":[{"goals":"0.5, 1.0","odds":"1.450","header":"Over"},{"goals":"0.5, 1.0","odds":"2.675","header":"Under"},{"goals":"1.0","odds":"1.675","header":"Over"},{"goals":"1.0","odds":"2.150","header":"Under"},{"goals":"1.5","odds":"2.500","header":"Over"},{"goals":"1.5","odds":"1.500","header":"Under"},{"goals":"1.5, 2.0","odds":"3.300","header":"Over"},{"goals":"1.5, 2.0","odds":"1.325","header":"Under"},{"goals":"2.0","odds":"4.800","header":"Over"},{"goals":"2.0","odds":"1.175","header":"Under"},{"goals":"2.0, 2.5","odds":"5.750","header":"Over"},{"goals":"2.0, 2.5","odds":"1.140","header":"Under"},{"goals":"2.5","odds":"6.250","header":"Over"},{"goals":"2.5","odds":"1.120","header":"Under"}],"1st_half_handicap":[{"opp":"Djurgarden  -1.0","odds":"5.50"},{"opp":"Tie - GIF Sundsvall +1.0","odds":"3.00"},{"opp":"GIF Sundsvall  +1.0","odds":"1.67"}],"alternative_1st_half_handicap_result":[{"opp":"-2.0","odds":"15.00","header":"Home"},{"opp":"+2.0","odds":"6.50","header":"Tie"},{"opp":"+2.0","odds":"1.11","header":"Away"},{"opp":"+1.0","odds":"1.14","header":"Home"},{"opp":"-1.0","odds":"6.00","header":"Tie"},{"opp":"-1.0","odds":"21.00","header":"Away"}],"first_half_goals":[{"goals":"0.5","odds":"1.33","header":"Over"},{"goals":"0.5","odds":"3.25","header":"Under"},{"goals":"1.5","odds":"2.50","header":"Over"},{"goals":"1.5","odds":"1.50","header":"Under"},{"goals":"2.5","odds":"6.50","header":"Over"},{"goals":"2.5","odds":"1.11","header":"Under"},{"goals":"3.5","odds":"17.00","header":"Over"},{"goals":"3.5","odds":"1.02","header":"Under"}],"exact_1st_half_goals":[{"opp":"0 Goals","odds":"3.25"},{"opp":"1 Goal","odds":"2.60"},{"opp":"2 Goals","odds":"3.75"},{"opp":"3 Goals","odds":"8.50"},{"opp":"4 Goals","odds":"23.00"},{"opp":"5+ Goals","odds":"51.00"}],"first_half_corners":[{"opp":"5","odds":"2.38","header":"Over"},{"opp":"5","odds":"5.50","header":"Exactly"},{"opp":"5","odds":"2.10","header":"Under"}],"1st_half_asian_corners":[{"goals":"5.0","odds":"2.000","header":"Over"},{"goals":"5.0","odds":"1.800","header":"Under"}],"1st_half_goals_odd_even":[{"opp":"Odd","odds":"2.00"},{"opp":"Even","odds":"1.80"}],"to_score_in_half":[{"name":"1st Half","odds":"1.62","header":"Yes"},{"name":"1st Half","odds":"2.20","header":"No"},{"name":"2nd Half","odds":"1.40","header":"Yes"},{"name":"2nd Half","odds":"2.75","header":"No"},{"name":"1st Half","odds":"2.75","header":"Yes"},{"name":"1st Half","odds":"1.40","header":"No"},{"name":"2nd Half","odds":"2.20","header":"Yes"},{"name":"2nd Half","odds":"1.62","header":"No"}],"half_with_most_goals":[{"opp":"1st Half","odds":"3.10"},{"opp":"2nd Half","odds":"2.00"},{"opp":"Tie","odds":"3.75"}],"home_team_highest_scoring_half":[{"opp":"Djurgarden - 1st Half","odds":"3.20"},{"opp":"Djurgarden - 2nd Half","odds":"2.20"},{"opp":"Djurgarden - Tie","odds":"2.88"}],"away_team_highest_scoring_half":[{"opp":"GIF Sundsvall - 1st Half","odds":"4.00"},{"opp":"GIF Sundsvall - 2nd Half","odds":"2.88"},{"opp":"GIF Sundsvall - Tie","odds":"1.91"}],"2nd_half_result":[{"opp":"1","odds":"1.83"},{"opp":"X","odds":"2.75"},{"opp":"2","odds":"5.00"}],"2nd_half_goals":[{"goals":"0.5","odds":"1.18","header":"Over"},{"goals":"0.5","odds":"4.50","header":"Under"},{"goals":"1.5","odds":"1.83","header":"Over"},{"goals":"1.5","odds":"1.83","header":"Under"},{"goals":"2.5","odds":"3.75","header":"Over"},{"goals":"2.5","odds":"1.25","header":"Under"},{"goals":"3.5","odds":"10.00","header":"Over"},{"goals":"3.5","odds":"1.06","header":"Under"},{"goals":"4.5","odds":"23.00","header":"Over"},{"goals":"4.5","odds":"1.01","header":"Under"}],"exact_2nd_half_goals":[{"opp":"0 Goals","odds":"4.50"},{"opp":"1 Goal","odds":"2.88"},{"opp":"2 Goals","odds":"3.40"},{"opp":"3 Goals","odds":"6.00"},{"opp":"4 Goals","odds":"13.00"},{"opp":"5+ Goals","odds":"23.00"}],"2nd_half_goals_odd_even":[{"opp":"Even","odds":"1.80"},{"opp":"Odd","odds":"1.91"}]}},"main":{"updated_at":"1532570539","sp":{"full_time_result":[{"opp":"1","odds":"1.53"},{"opp":"X","odds":"4.20"},{"opp":"2","odds":"5.75"}],"double_chance":[{"opp":"1X","odds":"1.17"},{"opp":"X2","odds":"2.60"},{"opp":"12","odds":"1.25"}],"correct_score":[{"opp":"1-0","odds":"7.50","header":"Home"},{"opp":"0-0","odds":"13.00","header":"X"},{"opp":"1-0","odds":"17.00","header":"Away"},{"opp":"2-0","odds":"7.50","header":"Home"},{"opp":"1-1","odds":"8.00","header":"X"},{"opp":"2-0","odds":"29.00","header":"Away"},{"opp":"2-1","odds":"8.00","header":"Home"},{"opp":"2-2","odds":"15.00","header":"X"},{"opp":"2-1","odds":"17.00","header":"Away"},{"opp":"3-0","odds":"11.00","header":"Home"},{"opp":"3-3","odds":"51.00","header":"X"},{"opp":"3-0","odds":"67.00","header":"Away"},{"opp":"3-1","odds":"12.00","header":"Home"},{"opp":"4-4","odds":"251.00","header":"X"},{"opp":"3-1","odds":"41.00","header":"Away"},{"opp":"3-2","odds":"23.00","header":"Home"},{"opp":"3-2","odds":"41.00","header":"Away"},{"opp":"4-0","odds":"21.00","header":"Home"},{"opp":"4-0","odds":"201.00","header":"Away"},{"opp":"4-1","odds":"21.00","header":"Home"},{"opp":"4-1","odds":"101.00","header":"Away"},{"opp":"4-2","odds":"41.00","header":"Home"},{"opp":"4-2","odds":"101.00","header":"Away"},{"opp":"4-3","odds":"81.00","header":"Home"},{"opp":"4-3","odds":"151.00","header":"Away"},{"opp":"5-0","odds":"41.00","header":"Home"},{"opp":"5-1","odds":"501.00","header":"Away"},{"opp":"5-1","odds":"41.00","header":"Home"},{"opp":"5-2","odds":"501.00","header":"Away"},{"opp":"5-2","odds":"67.00","header":"Home"},{"opp":"5-3","odds":"151.00","header":"Home"},{"opp":"6-1","odds":"81.00","header":"Home"},{"opp":"6-0","odds":"81.00","header":"Home"},{"opp":"6-2","odds":"151.00","header":"Home"},{"opp":"6-3","odds":"501.00","header":"Home"},{"opp":"7-0","odds":"251.00","header":"Home"},{"opp":"7-1","odds":"251.00","header":"Home"},{"opp":"7-2","odds":"501.00","header":"Home"}],"half_time_full_time":[{"opp":"Djurgarden - Djurgarden","odds":"2.30"},{"opp":"Djurgarden - Draw","odds":"17.00"},{"opp":"Djurgarden - GIF Sundsvall","odds":"41.00"},{"opp":"Draw - Djurgarden","odds":"4.00"},{"opp":"Draw - Draw","odds":"6.50"},{"opp":"Draw - GIF Sundsvall","odds":"13.00"},{"opp":"GIF Sundsvall - Djurgarden","odds":"19.00"},{"opp":"GIF Sundsvall - Draw","odds":"17.00"},{"opp":"GIF Sundsvall - GIF Sundsvall","odds":"10.00"}],"goals_over_under":[{"goals":"2.5","odds":"1.70","header":"Over"},{"goals":"2.5","odds":"2.10","header":"Under"}],"both_teams_to_score":[{"opp":"Yes","odds":"1.75"},{"opp":"No","odds":"2.00"}],"goalscorers":[{"name":"Kerim Mrbati","odds":"5.00","header":"First"},{"name":"Kerim Mrbati","odds":"5.00","header":"Last"},{"name":"Kerim Mrbati","odds":"2.10","header":"Anytime"},{"name":"Aliou Badji","odds":"5.50","header":"First"},{"name":"Aliou Badji","odds":"5.50","header":"Last"},{"name":"Aliou Badji","odds":"2.30","header":"Anytime"},{"name":"Edward Chilufya","odds":"6.50","header":"First"},{"name":"Edward Chilufya","odds":"6.50","header":"Last"},{"name":"Edward Chilufya","odds":"2.60","header":"Anytime"},{"name":"Dzenis Kozica","odds":"7.50","header":"First"},{"name":"Dzenis Kozica","odds":"7.50","header":"Last"},{"name":"Dzenis Kozica","odds":"3.00","header":"Anytime"},{"name":"Linus Hallenius","odds":"8.00","header":"First"},{"name":"Linus Hallenius","odds":"8.00","header":"Last"},{"name":"Linus Hallenius","odds":"3.10","header":"Anytime"},{"name":"Jonathan Ring","odds":"8.50","header":"First"},{"name":"Jonathan Ring","odds":"8.50","header":"Last"},{"name":"Jonathan Ring","odds":"3.25","header":"Anytime"},{"name":"Joseph Ceesay","odds":"8.50","header":"First"},{"name":"Joseph Ceesay","odds":"8.50","header":"Last"},{"name":"Joseph Ceesay","odds":"3.25","header":"Anytime"},{"name":"Hampus Finndell","odds":"10.00","header":"First"},{"name":"Hampus Finndell","odds":"10.00","header":"Last"},{"name":"Hampus Finndell","odds":"3.75","header":"Anytime"},{"name":"Haris Radetinac","odds":"10.00","header":"First"},{"name":"Haris Radetinac","odds":"10.00","header":"Last"},{"name":"Haris Radetinac","odds":"3.75","header":"Anytime"},{"name":"Jesper Karlstrom","odds":"11.00","header":"First"},{"name":"Jesper Karlstrom","odds":"11.00","header":"Last"},{"name":"Jesper Karlstrom","odds":"4.00","header":"Anytime"},{"name":"Kevin Walker","odds":"11.00","header":"First"},{"name":"Kevin Walker","odds":"11.00","header":"Last"},{"name":"Kevin Walker","odds":"4.00","header":"Anytime"},{"name":"Peter Wilson","odds":"15.00","header":"First"},{"name":"Peter Wilson","odds":"15.00","header":"Last"},{"name":"Peter Wilson","odds":"5.50","header":"Anytime"},{"name":"Cristian Sivodedov","odds":"17.00","header":"First"},{"name":"Cristian Sivodedov","odds":"17.00","header":"Last"},{"name":"Cristian Sivodedov","odds":"6.00","header":"Anytime"},{"name":"Fredrik Ulvestad","odds":"17.00","header":"First"},{"name":"Fredrik Ulvestad","odds":"17.00","header":"Last"},{"name":"Fredrik Ulvestad","odds":"6.00","header":"Anytime"},{"name":"Kim Skoglund","odds":"17.00","header":"First"},{"name":"Kim Skoglund","odds":"17.00","header":"Last"},{"name":"Kim Skoglund","odds":"6.00","header":"Anytime"},{"name":"Maic Sema","odds":"17.00","header":"First"},{"name":"Maic Sema","odds":"17.00","header":"Last"},{"name":"Maic Sema","odds":"6.00","header":"Anytime"},{"name":"Paya Pichkah","odds":"17.00","header":"First"},{"name":"Paya Pichkah","odds":"17.00","header":"Last"},{"name":"Paya Pichkah","odds":"6.00","header":"Anytime"},{"name":"David Haro","odds":"19.00","header":"First"},{"name":"David Haro","odds":"19.00","header":"Last"},{"name":"David Haro","odds":"7.00","header":"Anytime"},{"name":"Johan Andersson","odds":"19.00","header":"First"},{"name":"Johan Andersson","odds":"19.00","header":"Last"},{"name":"Johan Andersson","odds":"7.00","header":"Anytime"},{"name":"Jonathan Morsay","odds":"19.00","header":"First"},{"name":"Jonathan Morsay","odds":"19.00","header":"Last"},{"name":"Jonathan Morsay","odds":"7.00","header":"Anytime"},{"name":"Marcus Danielsson","odds":"19.00","header":"First"},{"name":"Marcus Danielsson","odds":"19.00","header":"Last"},{"name":"Marcus Danielsson","odds":"7.00","header":"Anytime"},{"name":"Amaro Bahtijar","odds":"21.00","header":"First"},{"name":"Amaro Bahtijar","odds":"21.00","header":"Last"},{"name":"Amaro Bahtijar","odds":"7.50","header":"Anytime"},{"name":"Niklas Gunnarsson","odds":"21.00","header":"First"},{"name":"Niklas Gunnarsson","odds":"21.00","header":"Last"},{"name":"Niklas Gunnarsson","odds":"7.50","header":"Anytime"},{"name":"David Batanero","odds":"23.00","header":"First"},{"name":"David Batanero","odds":"23.00","header":"Last"},{"name":"David Batanero","odds":"8.50","header":"Anytime"},{"name":"Erik Granat","odds":"23.00","header":"First"},{"name":"Erik Granat","odds":"23.00","header":"Last"},{"name":"Erik Granat","odds":"8.50","header":"Anytime"},{"name":"Jonas Olsson","odds":"23.00","header":"First"},{"name":"Jonas Olsson","odds":"23.00","header":"Last"},{"name":"Jonas Olsson","odds":"8.50","header":"Anytime"},{"name":"Matteo Catenacci","odds":"23.00","header":"First"},{"name":"Matteo Catenacci","odds":"23.00","header":"Last"},{"name":"Matteo Catenacci","odds":"8.50","header":"Anytime"},{"name":"Sebastian Friman","odds":"23.00","header":"First"},{"name":"Sebastian Friman","odds":"23.00","header":"Last"},{"name":"Sebastian Friman","odds":"8.50","header":"Anytime"},{"name":"Erik Johansson","odds":"29.00","header":"First"},{"name":"Erik Johansson","odds":"29.00","header":"Last"},{"name":"Erik Johansson","odds":"11.00","header":"Anytime"},{"name":"Jacob Une Larsson","odds":"29.00","header":"First"},{"name":"Jacob Une Larsson","odds":"29.00","header":"Last"},{"name":"Jacob Une Larsson","odds":"11.00","header":"Anytime"},{"name":"Jonathan Augustinsson","odds":"29.00","header":"First"},{"name":"Jonathan Augustinsson","odds":"29.00","header":"Last"},{"name":"Jonathan Augustinsson","odds":"11.00","header":"Anytime"},{"name":"Juanjo Ciercoles","odds":"29.00","header":"First"},{"name":"Juanjo Ciercoles","odds":"29.00","header":"Last"},{"name":"Juanjo Ciercoles","odds":"11.00","header":"Anytime"},{"name":"David Myrestam","odds":"34.00","header":"First"},{"name":"David Myrestam","odds":"34.00","header":"Last"},{"name":"David Myrestam","odds":"13.00","header":"Anytime"},{"name":"Dennis Olsson","odds":"34.00","header":"First"},{"name":"Dennis Olsson","odds":"34.00","header":"Last"},{"name":"Dennis Olsson","odds":"13.00","header":"Anytime"},{"name":"Eric Bjorkander","odds":"34.00","header":"First"},{"name":"Eric Bjorkander","odds":"34.00","header":"Last"},{"name":"Eric Bjorkander","odds":"13.00","header":"Anytime"},{"name":"Jonathan Tamimi","odds":"34.00","header":"First"},{"name":"Jonathan Tamimi","odds":"34.00","header":"Last"},{"name":"Jonathan Tamimi","odds":"13.00","header":"Anytime"},{"name":"Carlos Moros Gracia","odds":"41.00","header":"First"},{"name":"Carlos Moros Gracia","odds":"41.00","header":"Last"},{"name":"Carlos Moros Gracia","odds":"17.00","header":"Anytime"},{"name":"Filip Tagtstrom","odds":"41.00","header":"First"},{"name":"Filip Tagtstrom","odds":"41.00","header":"Last"},{"name":"Filip Tagtstrom","odds":"17.00","header":"Anytime"},{"name":"Pol Moreno","odds":"41.00","header":"First"},{"name":"Pol Moreno","odds":"41.00","header":"Last"},{"name":"Pol Moreno","odds":"17.00","header":"Anytime"},{"name":"Juho Pirttjoki","odds":"51.00","header":"First"},{"name":"Juho Pirttjoki","odds":"51.00","header":"Last"},{"name":"Juho Pirttjoki","odds":"21.00","header":"Anytime"},{"name":"No Goalscorer","odds":"13.00","header":"First"},{"name":"No Goalscorer","odds":"13.00","header":"Last"}],"multi_scorers":[{"name":"Kerim Mrbati","odds":"6.50","header":"2 or More"},{"name":"Kerim Mrbati","odds":"26.00","header":"3 or More"},{"name":"Aliou Badji","odds":"7.50","header":"2 or More"},{"name":"Aliou Badji","odds":"29.00","header":"3 or More"},{"name":"Edward Chilufya","odds":"10.00","header":"2 or More"},{"name":"Edward Chilufya","odds":"41.00","header":"3 or More"},{"name":"Dzenis Kozica","odds":"13.00","header":"2 or More"},{"name":"Dzenis Kozica","odds":"67.00","header":"3 or More"},{"name":"Linus Hallenius","odds":"15.00","header":"2 or More"},{"name":"Linus Hallenius","odds":"81.00","header":"3 or More"},{"name":"Jonathan Ring","odds":"17.00","header":"2 or More"},{"name":"Jonathan Ring","odds":"101.00","header":"3 or More"},{"name":"Joseph Ceesay","odds":"17.00","header":"2 or More"},{"name":"Joseph Ceesay","odds":"101.00","header":"3 or More"},{"name":"Hampus Finndell","odds":"21.00","header":"2 or More"},{"name":"Hampus Finndell","odds":"101.00","header":"3 or More"},{"name":"Haris Radetinac","odds":"21.00","header":"2 or More"},{"name":"Haris Radetinac","odds":"101.00","header":"3 or More"},{"name":"Jesper Karlstrom","odds":"23.00","header":"2 or More"},{"name":"Jesper Karlstrom","odds":"101.00","header":"3 or More"},{"name":"Kevin Walker","odds":"23.00","header":"2 or More"},{"name":"Kevin Walker","odds":"101.00","header":"3 or More"},{"name":"Peter Wilson","odds":"41.00","header":"2 or More"},{"name":"Peter Wilson","odds":"151.00","header":"3 or More"},{"name":"Cristian Sivodedov","odds":"51.00","header":"2 or More"},{"name":"Cristian Sivodedov","odds":"151.00","header":"3 or More"},{"name":"Fredrik Ulvestad","odds":"51.00","header":"2 or More"},{"name":"Fredrik Ulvestad","odds":"151.00","header":"3 or More"},{"name":"Kim Skoglund","odds":"51.00","header":"2 or More"},{"name":"Kim Skoglund","odds":"151.00","header":"3 or More"},{"name":"Maic Sema","odds":"51.00","header":"2 or More"},{"name":"Maic Sema","odds":"151.00","header":"3 or More"},{"name":"Paya Pichkah","odds":"51.00","header":"2 or More"},{"name":"Paya Pichkah","odds":"151.00","header":"3 or More"},{"name":"David Haro","odds":"67.00","header":"2 or More"},{"name":"David Haro","odds":"201.00","header":"3 or More"},{"name":"Johan Andersson","odds":"67.00","header":"2 or More"},{"name":"Johan Andersson","odds":"201.00","header":"3 or More"},{"name":"Jonathan Morsay","odds":"67.00","header":"2 or More"},{"name":"Jonathan Morsay","odds":"201.00","header":"3 or More"},{"name":"Marcus Danielsson","odds":"67.00","header":"2 or More"},{"name":"Marcus Danielsson","odds":"201.00","header":"3 or More"},{"name":"Amaro Bahtijar","odds":"81.00","header":"2 or More"},{"name":"Amaro Bahtijar","odds":"251.00","header":"3 or More"},{"name":"Niklas Gunnarsson","odds":"81.00","header":"2 or More"},{"name":"Niklas Gunnarsson","odds":"251.00","header":"3 or More"},{"name":"David Batanero","odds":"101.00","header":"2 or More"},{"name":"David Batanero","odds":"351.00","header":"3 or More"},{"name":"Erik Granat","odds":"101.00","header":"2 or More"},{"name":"Erik Granat","odds":"351.00","header":"3 or More"},{"name":"Erik Johansson","odds":"101.00","header":"2 or More"},{"name":"Erik Johansson","odds":"501.00","header":"3 or More"},{"name":"Jacob Une Larsson","odds":"101.00","header":"2 or More"},{"name":"Jacob Une Larsson","odds":"501.00","header":"3 or More"},{"name":"Jonas Olsson","odds":"101.00","header":"2 or More"},{"name":"Jonas Olsson","odds":"351.00","header":"3 or More"},{"name":"Jonathan Augustinsson","odds":"101.00","header":"2 or More"},{"name":"Jonathan Augustinsson","odds":"501.00","header":"3 or More"},{"name":"Juanjo Ciercoles","odds":"101.00","header":"2 or More"},{"name":"Juanjo Ciercoles","odds":"501.00","header":"3 or More"},{"name":"Matteo Catenacci","odds":"101.00","header":"2 or More"},{"name":"Matteo Catenacci","odds":"351.00","header":"3 or More"},{"name":"Sebastian Friman","odds":"101.00","header":"2 or More"},{"name":"Sebastian Friman","odds":"351.00","header":"3 or More"},{"name":"David Myrestam","odds":"126.00","header":"2 or More"},{"name":"David Myrestam","odds":"501.00","header":"3 or More"},{"name":"Dennis Olsson","odds":"126.00","header":"2 or More"},{"name":"Dennis Olsson","odds":"501.00","header":"3 or More"},{"name":"Eric Bjorkander","odds":"126.00","header":"2 or More"},{"name":"Eric Bjorkander","odds":"501.00","header":"3 or More"},{"name":"Jonathan Tamimi","odds":"126.00","header":"2 or More"},{"name":"Jonathan Tamimi","odds":"501.00","header":"3 or More"},{"name":"Carlos Moros Gracia","odds":"151.00","header":"2 or More"},{"name":"Carlos Moros Gracia","odds":"501.00","header":"3 or More"},{"name":"Filip Tagtstrom","odds":"151.00","header":"2 or More"},{"name":"Filip Tagtstrom","odds":"501.00","header":"3 or More"},{"name":"Juho Pirttjoki","odds":"151.00","header":"2 or More"},{"name":"Juho Pirttjoki","odds":"501.00","header":"3 or More"},{"name":"Pol Moreno","odds":"151.00","header":"2 or More"},{"name":"Pol Moreno","odds":"501.00","header":"3 or More"}],"asian_handicap":[{"opp":"-1.0","odds":"1.930","header":"Home"},{"opp":"+1.0","odds":"1.970","header":"Away"}],"goal_line":[{"goals":"2.5, 3.0","odds":"1.925","header":"Over"},{"goals":"2.5, 3.0","odds":"1.925","header":"Under"}],"alternative_asian_handicap":[{"opp":"-2.5, -3.0","odds":"5.900","header":"Home"},{"opp":"+2.5, +3.0","odds":"1.130","header":"Away"},{"opp":"-2.5","odds":"4.500","header":"Home"},{"opp":"+2.5","odds":"1.190","header":"Away"},{"opp":"-2.0, -2.5","odds":"4.150","header":"Home"},{"opp":"+2.0, +2.5","odds":"1.220","header":"Away"},{"opp":"-2.0","odds":"3.700","header":"Home"},{"opp":"+2.0","odds":"1.260","header":"Away"},{"opp":"-1.5, -2.0","odds":"2.850","header":"Home"},{"opp":"+1.5, +2.0","odds":"1.400","header":"Away"},{"opp":"-1.5","odds":"2.375","header":"Home"},{"opp":"+1.5","odds":"1.550","header":"Away"},{"opp":"-1.0, -1.5","odds":"2.150","header":"Home"},{"opp":"+1.0, +1.5","odds":"1.675","header":"Away"},{"opp":"-0.5, -1.0","odds":"1.650","header":"Home"},{"opp":"+0.5, +1.0","odds":"2.200","header":"Away"},{"opp":"-0.5","odds":"1.525","header":"Home"},{"opp":"+0.5","odds":"2.425","header":"Away"},{"opp":"0.0, -0.5","odds":"1.375","header":"Home"},{"opp":"0.0, +0.5","odds":"3.000","header":"Away"},{"opp":"0.0","odds":"1.210","header":"Home"},{"opp":"0.0","odds":"4.250","header":"Away"},{"opp":"0.0, +0.5","odds":"1.175","header":"Home"},{"opp":"0.0, -0.5","odds":"4.800","header":"Away"},{"opp":"+0.5","odds":"1.150","header":"Home"},{"opp":"-0.5","odds":"5.500","header":"Away"}],"alternative_goal_line":[{"goals":"1.0, 1.5","odds":"1.130","header":"Over"},{"goals":"1.0, 1.5","odds":"5.900","header":"Under"},{"goals":"1.5","odds":"1.220","header":"Over"},{"goals":"1.5","odds":"4.150","header":"Under"},{"goals":"1.5, 2.0","odds":"1.260","header":"Over"},{"goals":"1.5, 2.0","odds":"3.700","header":"Under"},{"goals":"2.0","odds":"1.325","header":"Over"},{"goals":"2.0","odds":"3.300","header":"Under"},{"goals":"2.0, 2.5","odds":"1.525","header":"Over"},{"goals":"2.0, 2.5","odds":"2.425","header":"Under"},{"goals":"2.5","odds":"1.700","header":"Over"},{"goals":"2.5","odds":"2.100","header":"Under"},{"goals":"3.0","odds":"2.150","header":"Over"},{"goals":"3.0","odds":"1.675","header":"Under"},{"goals":"3.0, 3.5","odds":"2.425","header":"Over"},{"goals":"3.0, 3.5","odds":"1.525","header":"Under"},{"goals":"3.5","odds":"2.750","header":"Over"},{"goals":"3.5","odds":"1.425","header":"Under"},{"goals":"3.5, 4.0","odds":"3.300","header":"Over"},{"goals":"3.5, 4.0","odds":"1.325","header":"Under"},{"goals":"4.0","odds":"4.250","header":"Over"},{"goals":"4.0","odds":"1.210","header":"Under"},{"goals":"4.0, 4.5","odds":"4.650","header":"Over"},{"goals":"4.0, 4.5","odds":"1.180","header":"Under"},{"goals":"4.5","odds":"5.250","header":"Over"},{"goals":"4.5","odds":"1.160","header":"Under"},{"goals":"4.5, 5.0","odds":"6.400","header":"Over"},{"goals":"4.5, 5.0","odds":"1.115","header":"Under"}],"draw_no_bet":[{"opp":"Djurgarden","odds":"1.20"},{"opp":"GIF Sundsvall","odds":"4.33"}],"result_both_teams_to_score":[{"name":"Djurgarden","odds":"3.20","header":"Yes"},{"name":"Djurgarden","odds":"2.75","header":"No"},{"name":"GIF Sundsvall","odds":"10.00","header":"Yes"},{"name":"GIF Sundsvall","odds":"10.00","header":"No"},{"name":"Draw","odds":"5.50","header":"Yes"},{"name":"Draw","odds":"13.00","header":"No"}],"handicap_result":[{"opp":"Djurgarden (-1)","odds":"2.40"},{"opp":"Tie - (GIF Sundsvall +1)","odds":"3.60"},{"opp":"GIF Sundsvall (+1)","odds":"2.60"}],"alternative_handicap_result":[{"opp":"-3.0","odds":"9.00","header":"Home"},{"opp":"+3.0","odds":"7.00","header":"Tie"},{"opp":"+3.0","odds":"1.17","header":"Away"},{"opp":"-2.0","odds":"4.50","header":"Home"},{"opp":"+2.0","odds":"4.50","header":"Tie"},{"opp":"+2.0","odds":"1.50","header":"Away"},{"opp":"+1.0","odds":"1.17","header":"Home"},{"opp":"-1.0","odds":"7.00","header":"Tie"},{"opp":"-1.0","odds":"12.00","header":"Away"},{"opp":"+2.0","odds":"1.04","header":"Home"},{"opp":"-2.0","odds":"13.00","header":"Tie"},{"opp":"-2.0","odds":"21.00","header":"Away"}],"winning_margin":[{"goals":" 1","odds":"3.60","header":"Home"},{"goals":" 1","odds":"7.00","header":"Away"},{"goals":" 2","odds":"4.50","header":"Home"},{"goals":" 2","odds":"13.00","header":"Away"},{"goals":" 3","odds":"7.00","header":"Home"},{"goals":" 3","odds":"51.00","header":"Away"},{"goals":" 4+","odds":"9.00","header":"Home"},{"goals":" 4+","odds":"126.00","header":"Away"},{"goals":"Score Draw","odds":"5.50","header":"Home"},{"goals":"No Goal","odds":"13.00","header":"Home"}]}},"player":{"updated_at":"1532571170","sp":{"goalscorers":[{"name":"Kerim Mrbati","odds":"5.00","header":"First"},{"name":"Kerim Mrbati","odds":"5.00","header":"Last"},{"name":"Kerim Mrbati","odds":"2.10","header":"Anytime"},{"name":"Aliou Badji","odds":"5.50","header":"First"},{"name":"Aliou Badji","odds":"5.50","header":"Last"},{"name":"Aliou Badji","odds":"2.30","header":"Anytime"},{"name":"Edward Chilufya","odds":"6.50","header":"First"},{"name":"Edward Chilufya","odds":"6.50","header":"Last"},{"name":"Edward Chilufya","odds":"2.60","header":"Anytime"},{"name":"Dzenis Kozica","odds":"7.50","header":"First"},{"name":"Dzenis Kozica","odds":"7.50","header":"Last"},{"name":"Dzenis Kozica","odds":"3.00","header":"Anytime"},{"name":"Linus Hallenius","odds":"8.00","header":"First"},{"name":"Linus Hallenius","odds":"8.00","header":"Last"},{"name":"Linus Hallenius","odds":"3.10","header":"Anytime"},{"name":"Jonathan Ring","odds":"8.50","header":"First"},{"name":"Jonathan Ring","odds":"8.50","header":"Last"},{"name":"Jonathan Ring","odds":"3.25","header":"Anytime"},{"name":"Joseph Ceesay","odds":"8.50","header":"First"},{"name":"Joseph Ceesay","odds":"8.50","header":"Last"},{"name":"Joseph Ceesay","odds":"3.25","header":"Anytime"},{"name":"Hampus Finndell","odds":"10.00","header":"First"},{"name":"Hampus Finndell","odds":"10.00","header":"Last"},{"name":"Hampus Finndell","odds":"3.75","header":"Anytime"},{"name":"Haris Radetinac","odds":"10.00","header":"First"},{"name":"Haris Radetinac","odds":"10.00","header":"Last"},{"name":"Haris Radetinac","odds":"3.75","header":"Anytime"},{"name":"Jesper Karlstrom","odds":"11.00","header":"First"},{"name":"Jesper Karlstrom","odds":"11.00","header":"Last"},{"name":"Jesper Karlstrom","odds":"4.00","header":"Anytime"},{"name":"Kevin Walker","odds":"11.00","header":"First"},{"name":"Kevin Walker","odds":"11.00","header":"Last"},{"name":"Kevin Walker","odds":"4.00","header":"Anytime"},{"name":"Peter Wilson","odds":"15.00","header":"First"},{"name":"Peter Wilson","odds":"15.00","header":"Last"},{"name":"Peter Wilson","odds":"5.50","header":"Anytime"},{"name":"Cristian Sivodedov","odds":"17.00","header":"First"},{"name":"Cristian Sivodedov","odds":"17.00","header":"Last"},{"name":"Cristian Sivodedov","odds":"6.00","header":"Anytime"},{"name":"Fredrik Ulvestad","odds":"17.00","header":"First"},{"name":"Fredrik Ulvestad","odds":"17.00","header":"Last"},{"name":"Fredrik Ulvestad","odds":"6.00","header":"Anytime"},{"name":"Kim Skoglund","odds":"17.00","header":"First"},{"name":"Kim Skoglund","odds":"17.00","header":"Last"},{"name":"Kim Skoglund","odds":"6.00","header":"Anytime"},{"name":"Maic Sema","odds":"17.00","header":"First"},{"name":"Maic Sema","odds":"17.00","header":"Last"},{"name":"Maic Sema","odds":"6.00","header":"Anytime"},{"name":"Paya Pichkah","odds":"17.00","header":"First"},{"name":"Paya Pichkah","odds":"17.00","header":"Last"},{"name":"Paya Pichkah","odds":"6.00","header":"Anytime"},{"name":"David Haro","odds":"19.00","header":"First"},{"name":"David Haro","odds":"19.00","header":"Last"},{"name":"David Haro","odds":"7.00","header":"Anytime"},{"name":"Johan Andersson","odds":"19.00","header":"First"},{"name":"Johan Andersson","odds":"19.00","header":"Last"},{"name":"Johan Andersson","odds":"7.00","header":"Anytime"},{"name":"Jonathan Morsay","odds":"19.00","header":"First"},{"name":"Jonathan Morsay","odds":"19.00","header":"Last"},{"name":"Jonathan Morsay","odds":"7.00","header":"Anytime"},{"name":"Marcus Danielsson","odds":"19.00","header":"First"},{"name":"Marcus Danielsson","odds":"19.00","header":"Last"},{"name":"Marcus Danielsson","odds":"7.00","header":"Anytime"},{"name":"Amaro Bahtijar","odds":"21.00","header":"First"},{"name":"Amaro Bahtijar","odds":"21.00","header":"Last"},{"name":"Amaro Bahtijar","odds":"7.50","header":"Anytime"},{"name":"Niklas Gunnarsson","odds":"21.00","header":"First"},{"name":"Niklas Gunnarsson","odds":"21.00","header":"Last"},{"name":"Niklas Gunnarsson","odds":"7.50","header":"Anytime"},{"name":"David Batanero","odds":"23.00","header":"First"},{"name":"David Batanero","odds":"23.00","header":"Last"},{"name":"David Batanero","odds":"8.50","header":"Anytime"},{"name":"Erik Granat","odds":"23.00","header":"First"},{"name":"Erik Granat","odds":"23.00","header":"Last"},{"name":"Erik Granat","odds":"8.50","header":"Anytime"},{"name":"Jonas Olsson","odds":"23.00","header":"First"},{"name":"Jonas Olsson","odds":"23.00","header":"Last"},{"name":"Jonas Olsson","odds":"8.50","header":"Anytime"},{"name":"Matteo Catenacci","odds":"23.00","header":"First"},{"name":"Matteo Catenacci","odds":"23.00","header":"Last"},{"name":"Matteo Catenacci","odds":"8.50","header":"Anytime"},{"name":"Sebastian Friman","odds":"23.00","header":"First"},{"name":"Sebastian Friman","odds":"23.00","header":"Last"},{"name":"Sebastian Friman","odds":"8.50","header":"Anytime"},{"name":"Erik Johansson","odds":"29.00","header":"First"},{"name":"Erik Johansson","odds":"29.00","header":"Last"},{"name":"Erik Johansson","odds":"11.00","header":"Anytime"},{"name":"Jacob Une Larsson","odds":"29.00","header":"First"},{"name":"Jacob Une Larsson","odds":"29.00","header":"Last"},{"name":"Jacob Une Larsson","odds":"11.00","header":"Anytime"},{"name":"Jonathan Augustinsson","odds":"29.00","header":"First"},{"name":"Jonathan Augustinsson","odds":"29.00","header":"Last"},{"name":"Jonathan Augustinsson","odds":"11.00","header":"Anytime"},{"name":"Juanjo Ciercoles","odds":"29.00","header":"First"},{"name":"Juanjo Ciercoles","odds":"29.00","header":"Last"},{"name":"Juanjo Ciercoles","odds":"11.00","header":"Anytime"},{"name":"David Myrestam","odds":"34.00","header":"First"},{"name":"David Myrestam","odds":"34.00","header":"Last"},{"name":"David Myrestam","odds":"13.00","header":"Anytime"},{"name":"Dennis Olsson","odds":"34.00","header":"First"},{"name":"Dennis Olsson","odds":"34.00","header":"Last"},{"name":"Dennis Olsson","odds":"13.00","header":"Anytime"},{"name":"Eric Bjorkander","odds":"34.00","header":"First"},{"name":"Eric Bjorkander","odds":"34.00","header":"Last"},{"name":"Eric Bjorkander","odds":"13.00","header":"Anytime"},{"name":"Jonathan Tamimi","odds":"34.00","header":"First"},{"name":"Jonathan Tamimi","odds":"34.00","header":"Last"},{"name":"Jonathan Tamimi","odds":"13.00","header":"Anytime"},{"name":"Carlos Moros Gracia","odds":"41.00","header":"First"},{"name":"Carlos Moros Gracia","odds":"41.00","header":"Last"},{"name":"Carlos Moros Gracia","odds":"17.00","header":"Anytime"},{"name":"Filip Tagtstrom","odds":"41.00","header":"First"},{"name":"Filip Tagtstrom","odds":"41.00","header":"Last"},{"name":"Filip Tagtstrom","odds":"17.00","header":"Anytime"},{"name":"Pol Moreno","odds":"41.00","header":"First"},{"name":"Pol Moreno","odds":"41.00","header":"Last"},{"name":"Pol Moreno","odds":"17.00","header":"Anytime"},{"name":"Juho Pirttjoki","odds":"51.00","header":"First"},{"name":"Juho Pirttjoki","odds":"51.00","header":"Last"},{"name":"Juho Pirttjoki","odds":"21.00","header":"Anytime"},{"name":"No Goalscorer","odds":"13.00","header":"First"},{"name":"No Goalscorer","odds":"13.00","header":"Last"}],"multi_scorers":[{"name":"Kerim Mrbati","odds":"6.50","header":"2 or More"},{"name":"Kerim Mrbati","odds":"26.00","header":"3 or More"},{"name":"Aliou Badji","odds":"7.50","header":"2 or More"},{"name":"Aliou Badji","odds":"29.00","header":"3 or More"},{"name":"Edward Chilufya","odds":"10.00","header":"2 or More"},{"name":"Edward Chilufya","odds":"41.00","header":"3 or More"},{"name":"Dzenis Kozica","odds":"13.00","header":"2 or More"},{"name":"Dzenis Kozica","odds":"67.00","header":"3 or More"},{"name":"Linus Hallenius","odds":"15.00","header":"2 or More"},{"name":"Linus Hallenius","odds":"81.00","header":"3 or More"},{"name":"Jonathan Ring","odds":"17.00","header":"2 or More"},{"name":"Jonathan Ring","odds":"101.00","header":"3 or More"},{"name":"Joseph Ceesay","odds":"17.00","header":"2 or More"},{"name":"Joseph Ceesay","odds":"101.00","header":"3 or More"},{"name":"Hampus Finndell","odds":"21.00","header":"2 or More"},{"name":"Hampus Finndell","odds":"101.00","header":"3 or More"},{"name":"Haris Radetinac","odds":"21.00","header":"2 or More"},{"name":"Haris Radetinac","odds":"101.00","header":"3 or More"},{"name":"Jesper Karlstrom","odds":"23.00","header":"2 or More"},{"name":"Jesper Karlstrom","odds":"101.00","header":"3 or More"},{"name":"Kevin Walker","odds":"23.00","header":"2 or More"},{"name":"Kevin Walker","odds":"101.00","header":"3 or More"},{"name":"Peter Wilson","odds":"41.00","header":"2 or More"},{"name":"Peter Wilson","odds":"151.00","header":"3 or More"},{"name":"Cristian Sivodedov","odds":"51.00","header":"2 or More"},{"name":"Cristian Sivodedov","odds":"151.00","header":"3 or More"},{"name":"Fredrik Ulvestad","odds":"51.00","header":"2 or More"},{"name":"Fredrik Ulvestad","odds":"151.00","header":"3 or More"},{"name":"Kim Skoglund","odds":"51.00","header":"2 or More"},{"name":"Kim Skoglund","odds":"151.00","header":"3 or More"},{"name":"Maic Sema","odds":"51.00","header":"2 or More"},{"name":"Maic Sema","odds":"151.00","header":"3 or More"},{"name":"Paya Pichkah","odds":"51.00","header":"2 or More"},{"name":"Paya Pichkah","odds":"151.00","header":"3 or More"},{"name":"David Haro","odds":"67.00","header":"2 or More"},{"name":"David Haro","odds":"201.00","header":"3 or More"},{"name":"Johan Andersson","odds":"67.00","header":"2 or More"},{"name":"Johan Andersson","odds":"201.00","header":"3 or More"},{"name":"Jonathan Morsay","odds":"67.00","header":"2 or More"},{"name":"Jonathan Morsay","odds":"201.00","header":"3 or More"},{"name":"Marcus Danielsson","odds":"67.00","header":"2 or More"},{"name":"Marcus Danielsson","odds":"201.00","header":"3 or More"},{"name":"Amaro Bahtijar","odds":"81.00","header":"2 or More"},{"name":"Amaro Bahtijar","odds":"251.00","header":"3 or More"},{"name":"Niklas Gunnarsson","odds":"81.00","header":"2 or More"},{"name":"Niklas Gunnarsson","odds":"251.00","header":"3 or More"},{"name":"David Batanero","odds":"101.00","header":"2 or More"},{"name":"David Batanero","odds":"351.00","header":"3 or More"},{"name":"Erik Granat","odds":"101.00","header":"2 or More"},{"name":"Erik Granat","odds":"351.00","header":"3 or More"},{"name":"Erik Johansson","odds":"101.00","header":"2 or More"},{"name":"Erik Johansson","odds":"501.00","header":"3 or More"},{"name":"Jacob Une Larsson","odds":"101.00","header":"2 or More"},{"name":"Jacob Une Larsson","odds":"501.00","header":"3 or More"},{"name":"Jonas Olsson","odds":"101.00","header":"2 or More"},{"name":"Jonas Olsson","odds":"351.00","header":"3 or More"},{"name":"Jonathan Augustinsson","odds":"101.00","header":"2 or More"},{"name":"Jonathan Augustinsson","odds":"501.00","header":"3 or More"},{"name":"Juanjo Ciercoles","odds":"101.00","header":"2 or More"},{"name":"Juanjo Ciercoles","odds":"501.00","header":"3 or More"},{"name":"Matteo Catenacci","odds":"101.00","header":"2 or More"},{"name":"Matteo Catenacci","odds":"351.00","header":"3 or More"},{"name":"Sebastian Friman","odds":"101.00","header":"2 or More"},{"name":"Sebastian Friman","odds":"351.00","header":"3 or More"},{"name":"David Myrestam","odds":"126.00","header":"2 or More"},{"name":"David Myrestam","odds":"501.00","header":"3 or More"},{"name":"Dennis Olsson","odds":"126.00","header":"2 or More"},{"name":"Dennis Olsson","odds":"501.00","header":"3 or More"},{"name":"Eric Bjorkander","odds":"126.00","header":"2 or More"},{"name":"Eric Bjorkander","odds":"501.00","header":"3 or More"},{"name":"Jonathan Tamimi","odds":"126.00","header":"2 or More"},{"name":"Jonathan Tamimi","odds":"501.00","header":"3 or More"},{"name":"Carlos Moros Gracia","odds":"151.00","header":"2 or More"},{"name":"Carlos Moros Gracia","odds":"501.00","header":"3 or More"},{"name":"Filip Tagtstrom","odds":"151.00","header":"2 or More"},{"name":"Filip Tagtstrom","odds":"501.00","header":"3 or More"},{"name":"Juho Pirttjoki","odds":"151.00","header":"2 or More"},{"name":"Juho Pirttjoki","odds":"501.00","header":"3 or More"},{"name":"Pol Moreno","odds":"151.00","header":"2 or More"},{"name":"Pol Moreno","odds":"501.00","header":"3 or More"}],"team_goalscorer":[{"name":"Kerim Mrbati","odds":"3.20","header":"First"},{"name":"Kerim Mrbati","odds":"3.20","header":"Last"},{"name":"Aliou Badji","odds":"3.60","header":"First"},{"name":"Aliou Badji","odds":"3.60","header":"Last"},{"name":"Edward Chilufya","odds":"4.00","header":"First"},{"name":"Edward Chilufya","odds":"4.00","header":"Last"},{"name":"Dzenis Kozica","odds":"4.75","header":"First"},{"name":"Dzenis Kozica","odds":"4.75","header":"Last"},{"name":"Jonathan Ring","odds":"5.50","header":"First"},{"name":"Jonathan Ring","odds":"5.50","header":"Last"},{"name":"Joseph Ceesay","odds":"5.50","header":"First"},{"name":"Joseph Ceesay","odds":"5.50","header":"Last"},{"name":"Hampus Finndell","odds":"6.00","header":"First"},{"name":"Hampus Finndell","odds":"6.00","header":"Last"},{"name":"Haris Radetinac","odds":"6.00","header":"First"},{"name":"Haris Radetinac","odds":"6.00","header":"Last"},{"name":"Jesper Karlstrom","odds":"7.00","header":"First"},{"name":"Jesper Karlstrom","odds":"7.00","header":"Last"},{"name":"Kevin Walker","odds":"7.00","header":"First"},{"name":"Kevin Walker","odds":"7.00","header":"Last"},{"name":"Fredrik Ulvestad","odds":"10.00","header":"First"},{"name":"Fredrik Ulvestad","odds":"10.00","header":"Last"},{"name":"Johan Andersson","odds":"12.00","header":"First"},{"name":"Johan Andersson","odds":"12.00","header":"Last"},{"name":"Marcus Danielsson","odds":"12.00","header":"First"},{"name":"Marcus Danielsson","odds":"12.00","header":"Last"},{"name":"Niklas Gunnarsson","odds":"13.00","header":"First"},{"name":"Niklas Gunnarsson","odds":"13.00","header":"Last"},{"name":"Jonas Olsson","odds":"15.00","header":"First"},{"name":"Jonas Olsson","odds":"15.00","header":"Last"},{"name":"Matteo Catenacci","odds":"15.00","header":"First"},{"name":"Matteo Catenacci","odds":"15.00","header":"Last"},{"name":"Erik Johansson","odds":"19.00","header":"First"},{"name":"Erik Johansson","odds":"19.00","header":"Last"},{"name":"Jacob Une Larsson","odds":"19.00","header":"First"},{"name":"Jacob Une Larsson","odds":"19.00","header":"Last"},{"name":"Jonathan Augustinsson","odds":"19.00","header":"First"},{"name":"Jonathan Augustinsson","odds":"19.00","header":"Last"},{"name":"No Goalscorer (Djurgarden)","odds":"6.50","header":"First"},{"name":"No Goalscorer (Djurgarden)","odds":"6.50","header":"Last"},{"name":"Linus Hallenius","odds":"3.75","header":"First"},{"name":"Linus Hallenius","odds":"3.75","header":"Last"},{"name":"Peter Wilson","odds":"7.00","header":"First"},{"name":"Peter Wilson","odds":"7.00","header":"Last"},{"name":"Kim Skoglund","odds":"7.50","header":"First"},{"name":"Kim Skoglund","odds":"7.50","header":"Last"},{"name":"Maic Sema","odds":"7.50","header":"First"},{"name":"Maic Sema","odds":"7.50","header":"Last"},{"name":"Paya Pichkah","odds":"7.50","header":"First"},{"name":"Paya Pichkah","odds":"7.50","header":"Last"},{"name":"Cristian Sivodedov","odds":"8.00","header":"First"},{"name":"Cristian Sivodedov","odds":"8.00","header":"Last"},{"name":"David Haro","odds":"9.00","header":"First"},{"name":"David Haro","odds":"9.00","header":"Last"},{"name":"Jonathan Morsay","odds":"9.00","header":"First"},{"name":"Jonathan Morsay","odds":"9.00","header":"Last"},{"name":"Amaro Bahtijar","odds":"10.00","header":"First"},{"name":"Amaro Bahtijar","odds":"10.00","header":"Last"},{"name":"David Batanero","odds":"12.00","header":"First"},{"name":"David Batanero","odds":"12.00","header":"Last"},{"name":"Erik Granat","odds":"12.00","header":"First"},{"name":"Erik Granat","odds":"12.00","header":"Last"},{"name":"Sebastian Friman","odds":"12.00","header":"First"},{"name":"Sebastian Friman","odds":"12.00","header":"Last"},{"name":"Juanjo Ciercoles","odds":"15.00","header":"First"},{"name":"Juanjo Ciercoles","odds":"15.00","header":"Last"},{"name":"David Myrestam","odds":"17.00","header":"First"},{"name":"David Myrestam","odds":"17.00","header":"Last"},{"name":"Dennis Olsson","odds":"17.00","header":"First"},{"name":"Dennis Olsson","odds":"17.00","header":"Last"},{"name":"Eric Bjorkander","odds":"17.00","header":"First"},{"name":"Eric Bjorkander","odds":"17.00","header":"Last"},{"name":"Jonathan Tamimi","odds":"17.00","header":"First"},{"name":"Jonathan Tamimi","odds":"17.00","header":"Last"},{"name":"Carlos Moros Gracia","odds":"21.00","header":"First"},{"name":"Carlos Moros Gracia","odds":"21.00","header":"Last"},{"name":"Filip Tagtstrom","odds":"21.00","header":"First"},{"name":"Filip Tagtstrom","odds":"21.00","header":"Last"},{"name":"Pol Moreno","odds":"21.00","header":"First"},{"name":"Pol Moreno","odds":"21.00","header":"Last"},{"name":"Juho Pirttjoki","odds":"26.00","header":"First"},{"name":"Juho Pirttjoki","odds":"26.00","header":"Last"},{"name":"No Goalscorer (GIF Sundsvall)","odds":"2.25","header":"First"},{"name":"No Goalscorer (GIF Sundsvall)","odds":"2.25","header":"Last"}]}},"schedule":{"updated_at":"1532570443","sp":{"main":[{"odds":"1.925"},{"odds":"1.925"}]}},"specials":{"updated_at":"1532569972","sp":{"specials":[{"name":"To Win From Behind","odds":"8.00","header":"Home"},{"name":"To Win From Behind","odds":"19.00","header":"Away"},{"name":"To Win to Nil","odds":"2.75","header":"Home"},{"name":"To Win to Nil","odds":"10.00","header":"Away"},{"name":"To Win Either Half","odds":"1.29","header":"Home"},{"name":"To Win Either Half","odds":"3.00","header":"Away"},{"name":"To Win Both Halves","odds":"3.75","header":"Home"},{"name":"To Win Both Halves","odds":"29.00","header":"Away"},{"name":"To Score in Both Halves","odds":"2.25","header":"Home"},{"name":"To Score in Both Halves","odds":"6.50","header":"Away"}],"to_score_in_half":[{"name":"1st Half","odds":"1.62","header":"Yes"},{"name":"1st Half","odds":"2.20","header":"No"},{"name":"2nd Half","odds":"1.40","header":"Yes"},{"name":"2nd Half","odds":"2.75","header":"No"},{"name":"1st Half","odds":"2.75","header":"Yes"},{"name":"1st Half","odds":"1.40","header":"No"},{"name":"2nd Half","odds":"2.20","header":"Yes"},{"name":"2nd Half","odds":"1.62","header":"No"}],"own_goal":[{"opp":"Yes","odds":"11.00"},{"opp":"No","odds":"1.05"}]}}}]}}