{"odd":{"success":1,"results":[{"FI":"75221395","event_id":"833937","asian_lines":{"updated_at":"1532570363","sp":{"asian_handicap":[{"opp":"-0.5, -1.0","odds":"1.850","header":"Home"},{"opp":"+0.5, +1.0","odds":"2.000","header":"Away"}],"goal_line":[{"goals":"2.5, 3.0","odds":"1.975","header":"Over"},{"goals":"2.5, 3.0","odds":"1.875","header":"Under"}],"alternative_asian_handicap":[{"opp":"-2.5, -3.0","odds":"7.000","header":"Home"},{"opp":"+2.5, +3.0","odds":"1.100","header":"Away"},{"opp":"-2.5","odds":"5.500","header":"Home"},{"opp":"+2.5","odds":"1.150","header":"Away"},{"opp":"-2.0, -2.5","odds":"5.000","header":"Home"},{"opp":"+2.0, +2.5","odds":"1.170","header":"Away"},{"opp":"-2.0","odds":"4.500","header":"Home"},{"opp":"+2.0","odds":"1.190","header":"Away"},{"opp":"-1.5, -2.0","odds":"3.300","header":"Home"},{"opp":"+1.5, +2.0","odds":"1.325","header":"Away"},{"opp":"-1.5","odds":"2.750","header":"Home"},{"opp":"+1.5","odds":"1.425","header":"Away"},{"opp":"-1.0, -1.5","odds":"2.375","header":"Home"},{"opp":"+1.0, +1.5","odds":"1.550","header":"Away"},{"opp":"-1.0","odds":"2.100","header":"Home"},{"opp":"+1.0","odds":"1.700","header":"Away"},{"opp":"-0.5","odds":"1.650","header":"Home"},{"opp":"+0.5","odds":"2.200","header":"Away"},{"opp":"0.0, -0.5","odds":"1.475","header":"Home"},{"opp":"0.0, +0.5","odds":"2.600","header":"Away"},{"opp":"0.0","odds":"1.275","header":"Home"},{"opp":"0.0","odds":"3.550","header":"Away"},{"opp":"0.0, +0.5","odds":"1.240","header":"Home"},{"opp":"0.0, -0.5","odds":"3.900","header":"Away"},{"opp":"+0.5","odds":"1.200","header":"Home"},{"opp":"-0.5","odds":"4.400","header":"Away"},{"opp":"+0.5, +1.0","odds":"1.130","header":"Home"},{"opp":"-0.5, -1.0","odds":"5.900","header":"Away"}],"alternative_goal_line":[{"goals":"1.0, 1.5","odds":"1.140","header":"Over"},{"goals":"1.0, 1.5","odds":"5.750","header":"Under"},{"goals":"1.5","odds":"1.230","header":"Over"},{"goals":"1.5","odds":"4.000","header":"Under"},{"goals":"1.5, 2.0","odds":"1.275","header":"Over"},{"goals":"1.5, 2.0","odds":"3.550","header":"Under"},{"goals":"2.0","odds":"1.350","header":"Over"},{"goals":"2.0","odds":"3.100","header":"Under"},{"goals":"2.0, 2.5","odds":"1.550","header":"Over"},{"goals":"2.0, 2.5","odds":"2.375","header":"Under"},{"goals":"2.5","odds":"1.725","header":"Over"},{"goals":"2.5","odds":"2.075","header":"Under"},{"goals":"3.0","odds":"2.250","header":"Over"},{"goals":"3.0","odds":"1.625","header":"Under"},{"goals":"3.0, 3.5","odds":"2.500","header":"Over"},{"goals":"3.0, 3.5","odds":"1.500","header":"Under"},{"goals":"3.5","odds":"2.750","header":"Over"},{"goals":"3.5","odds":"1.425","header":"Under"},{"goals":"3.5, 4.0","odds":"3.450","header":"Over"},{"goals":"3.5, 4.0","odds":"1.300","header":"Under"},{"goals":"4.0","odds":"4.400","header":"Over"},{"goals":"4.0","odds":"1.200","header":"Under"},{"goals":"4.0, 4.5","odds":"4.800","header":"Over"},{"goals":"4.0, 4.5","odds":"1.175","header":"Under"},{"goals":"4.5","odds":"5.250","header":"Over"},{"goals":"4.5","odds":"1.160","header":"Under"},{"goals":"4.5, 5.0","odds":"6.800","header":"Over"},{"goals":"4.5, 5.0","odds":"1.105","header":"Under"}],"1st_half_asian_handicap":[{"opp":"0.0, -0.5","odds":"1.800","header":"Home"},{"opp":"0.0, +0.5","odds":"2.000","header":"Away"}],"1st_half_goal_line":[{"goals":"1.0","odds":"1.725","header":"Over"},{"goals":"1.0","odds":"2.075","header":"Under"}],"alternative_1st_half_asian_handicap":[{"opp":"-1.5","odds":"5.900","header":"Home"},{"opp":"+1.5","odds":"1.130","header":"Away"},{"opp":"-1.0, -1.5","odds":"5.250","header":"Home"},{"opp":"+1.0, +1.5","odds":"1.160","header":"Away"},{"opp":"-1.0","odds":"4.400","header":"Home"},{"opp":"+1.0","odds":"1.200","header":"Away"},{"opp":"-0.5, -1.0","odds":"2.750","header":"Home"},{"opp":"+0.5, +1.0","odds":"1.425","header":"Away"},{"opp":"-0.5","odds":"2.200","header":"Home"},{"opp":"+0.5","odds":"1.650","header":"Away"},{"opp":"0.0","odds":"1.375","header":"Home"},{"opp":"0.0","odds":"3.000","header":"Away"},{"opp":"0.0, +0.5","odds":"1.240","header":"Home"},{"opp":"0.0, -0.5","odds":"3.900","header":"Away"},{"opp":"+0.5","odds":"1.175","header":"Home"},{"opp":"-0.5","odds":"4.800","header":"Away"},{"opp":"+0.5, +1.0","odds":"1.100","header":"Home"},{"opp":"-0.5, -1.0","odds":"7.000","header":"Away"}],"alternative_1st_half_goal_line":[{"goals":"0.5, 1.0","odds":"1.475","header":"Over"},{"goals":"0.5, 1.0","odds":"2.600","header":"Under"},{"goals":"1.0, 1.5","odds":"2.150","header":"Over"},{"goals":"1.0, 1.5","odds":"1.675","header":"Under"},{"goals":"1.5","odds":"2.600","header":"Over"},{"goals":"1.5","odds":"1.475","header":"Under"},{"goals":"1.5, 2.0","odds":"3.300","header":"Over"},{"goals":"1.5, 2.0","odds":"1.325","header":"Under"},{"goals":"2.0","odds":"5.250","header":"Over"},{"goals":"2.0","odds":"1.160","header":"Under"},{"goals":"2.0, 2.5","odds":"5.900","header":"Over"},{"goals":"2.0, 2.5","odds":"1.130","header":"Under"},{"goals":"2.5","odds":"6.400","header":"Over"},{"goals":"2.5","odds":"1.115","header":"Under"}],"asian_total_corners":[{"goals":"10.5","odds":"2.000","header":"Over"},{"goals":"10.5","odds":"1.800","header":"Under"}],"1st_half_asian_corners":[{"goals":"5.0","odds":"2.025","header":"Over"},{"goals":"5.0","odds":"1.775","header":"Under"}]}},"corners":{"updated_at":"1532569413","sp":{"corners":[{"opp":"Over 10","odds":"1.91"},{"opp":"Exactly 10","odds":"7.50"},{"opp":"Under 10","odds":"2.25"}],"total_corners":[{"opp":"Under 6","odds":"13.00"},{"opp":"6 - 8","odds":"3.75"},{"opp":"9 - 11","odds":"2.62"},{"opp":"12 - 14","odds":"3.75"},{"opp":"Over 14","odds":"7.00"}],"alternative_corners":[{"goals":"4","odds":"1.02","header":"Over"},{"goals":"4","odds":"26.00","header":"Exactly"},{"goals":"4","odds":"34.00","header":"Under"},{"goals":"5","odds":"1.04","header":"Over"},{"goals":"5","odds":"17.00","header":"Exactly"},{"goals":"5","odds":"21.00","header":"Under"},{"goals":"6","odds":"1.08","header":"Over"},{"goals":"6","odds":"13.00","header":"Exactly"},{"goals":"6","odds":"12.00","header":"Under"},{"goals":"7","odds":"1.20","header":"Over"},{"goals":"7","odds":"10.00","header":"Exactly"},{"goals":"7","odds":"7.00","header":"Under"},{"goals":"8","odds":"1.36","header":"Over"},{"goals":"8","odds":"8.50","header":"Exactly"},{"goals":"8","odds":"4.50","header":"Under"},{"goals":"9","odds":"1.62","header":"Over"},{"goals":"9","odds":"8.00","header":"Exactly"},{"goals":"9","odds":"3.00","header":"Under"},{"goals":"11","odds":"2.60","header":"Over"},{"goals":"11","odds":"8.00","header":"Exactly"},{"goals":"11","odds":"1.80","header":"Under"},{"goals":"12","odds":"3.40","header":"Over"},{"goals":"12","odds":"9.00","header":"Exactly"},{"goals":"12","odds":"1.50","header":"Under"},{"goals":"13","odds":"4.75","header":"Over"},{"goals":"13","odds":"10.00","header":"Exactly"},{"goals":"13","odds":"1.29","header":"Under"},{"goals":"14","odds":"7.00","header":"Over"},{"goals":"14","odds":"13.00","header":"Exactly"},{"goals":"14","odds":"1.17","header":"Under"},{"goals":"15","odds":"10.00","header":"Over"},{"goals":"15","odds":"15.00","header":"Exactly"},{"goals":"15","odds":"1.09","header":"Under"},{"goals":"16","odds":"15.00","header":"Over"},{"goals":"16","odds":"19.00","header":"Exactly"},{"goals":"16","odds":"1.05","header":"Under"},{"goals":"17","odds":"19.00","header":"Over"},{"goals":"17","odds":"23.00","header":"Exactly"},{"goals":"17","odds":"1.03","header":"Under"},{"goals":"18","odds":"26.00","header":"Over"},{"goals":"18","odds":"29.00","header":"Exactly"},{"goals":"18","odds":"1.02","header":"Under"},{"goals":"19","odds":"34.00","header":"Over"},{"goals":"19","odds":"41.00","header":"Exactly"},{"goals":"19","odds":"1.01","header":"Under"}],"corners_2_way":[{"opp":"Over 10.5","odds":"1.91"},{"opp":"Under 10.5","odds":"1.80"}],"first_half_corners":[{"opp":"5","odds":"2.40","header":"Over"},{"opp":"5","odds":"5.50","header":"Exactly"},{"opp":"5","odds":"2.10","header":"Under"}],"asian_total_corners":[{"goals":"10.5","odds":"2.000","header":"Over"},{"goals":"10.5","odds":"1.800","header":"Under"}],"1st_half_asian_corners":[{"goals":"5.0","odds":"2.025","header":"Over"},{"goals":"5.0","odds":"1.775","header":"Under"}]}},"goals":{"updated_at":"1532569419","sp":{"goals_over_under":[{"goals":"2.5","odds":"1.73","header":"Over"},{"goals":"2.5","odds":"2.08","header":"Under"}],"alternative_total_goals":[{"goals":"0.5","odds":"1.04","header":"Over "},{"goals":"0.5","odds":"13.00","header":"Under"},{"goals":"1.5","odds":"1.22","header":"Over "},{"goals":"1.5","odds":"4.00","header":"Under"},{"goals":"3.5","odds":"2.75","header":"Over "},{"goals":"3.5","odds":"1.40","header":"Under"},{"goals":"4.5","odds":"5.50","header":"Over "},{"goals":"4.5","odds":"1.14","header":"Under"},{"goals":"5.5","odds":"11.00","header":"Over "},{"goals":"5.5","odds":"1.05","header":"Under"},{"goals":"6.5","odds":"23.00","header":"Over "},{"goals":"6.5","odds":"1.01","header":"Under"}],"result_total_goals":[{"opp":"FK Austria Vienna & Over 2.5","odds":"2.50"},{"opp":"FK Austria Vienna & Under 2.5","odds":"4.33"},{"opp":"Draw & Over 2.5","odds":"13.00"},{"opp":"Draw & Under  2.5","odds":"5.50"},{"opp":"FC Wacker Innsbruck & Over 2.5","odds":"7.50"},{"opp":"FC Wacker Innsbruck & Under 2.5","odds":"10.00"}],"total_goals_both_teams_to_score":[{"opp":"Over 2.5 & Yes","odds":"2.10"},{"opp":"Over 2.5 & No","odds":"7.00"},{"opp":"Under 2.5 & Yes","odds":"7.50"},{"opp":"Under 2.5 & No","odds":"2.60"}],"exact_total_goals":[{"opp":"0 Goals","odds":"13.00"},{"opp":"1 Goal","odds":"5.50"},{"opp":"2 Goals","odds":"3.75"},{"opp":"3 Goals","odds":"4.00"},{"opp":"4 Goals","odds":"5.50"},{"opp":"5 Goals","odds":"9.00"},{"opp":"6 Goals","odds":"19.00"},{"opp":"7+ Goals","odds":"23.00"}],"number_of_goals_in_match":[{"opp":"Under 2 goals","odds":"4.00"},{"opp":"2 or 3 goals","odds":"2.00"},{"opp":"Over 3 goals","odds":"2.75"}],"both_teams_to_score":[{"opp":"Yes","odds":"1.75"},{"opp":"No","odds":"2.00"}],"teams_to_score":[{"opp":"Both Teams","odds":"1.75"},{"opp":"FK Austria Vienna Only","odds":"2.88"},{"opp":"No Goal","odds":"13.00"},{"opp":"FC Wacker Innsbruck Only","odds":"8.50"}],"both_teams_to_score_in_1st_half":[{"opp":"Yes","odds":"4.50"},{"opp":"No","odds":"1.18"}],"both_teams_to_score_in_2nd_half":[{"opp":"Yes","odds":"3.25"},{"opp":"No","odds":"1.33"}],"both_teams_to_score_1st_half_2nd_half":[{"opp":"Yes \/ Yes","odds":"15.00"},{"opp":"Yes \/ No","odds":"6.00"},{"opp":"No \/ Yes","odds":"3.75"},{"opp":"No \/ No","odds":"1.62"}],"first_half_goals":[{"goals":"0.5","odds":"1.33","header":"Over"},{"goals":"0.5","odds":"3.25","header":"Under"},{"goals":"1.5","odds":"2.62","header":"Over"},{"goals":"1.5","odds":"1.44","header":"Under"},{"goals":"2.5","odds":"6.50","header":"Over"},{"goals":"2.5","odds":"1.11","header":"Under"},{"goals":"3.5","odds":"19.00","header":"Over"},{"goals":"3.5","odds":"1.02","header":"Under"}],"exact_1st_half_goals":[{"opp":"0 Goals","odds":"3.25"},{"opp":"1 Goal","odds":"2.50"},{"opp":"2 Goals","odds":"4.00"},{"opp":"3 Goals","odds":"9.00"},{"opp":"4 Goals","odds":"26.00"},{"opp":"5+ Goals","odds":"51.00"}],"total_goal_minutes":[{"opp":"Over 150 minutes","odds":"2.20"},{"opp":"130 To 150 minutes inc.","odds":"8.50"},{"opp":"Under 130 minutes","odds":"1.91"}],"first_team_to_score":[{"opp":"FK Austria Vienna","odds":"1.44"},{"opp":"No Goals","odds":"13.00"},{"opp":"FC Wacker Innsbruck","odds":"2.88"}],"early_goal":[{"opp":"Goal before 27:00","odds":"1.83"},{"opp":"No Goal before 27:00","odds":"1.83"}],"late_goal":[{"opp":"Goal after 74:59","odds":"1.83"},{"opp":"No Goal after 74:59","odds":"1.83"}],"time_of_first_goal_brackets":[{"opp":"1-10","odds":"4.00"},{"opp":"11-20","odds":"4.75"},{"opp":"21-30","odds":"6.00"},{"opp":"31-40","odds":"7.00"},{"opp":"41-50","odds":"8.00"},{"opp":"51-60","odds":"13.00"},{"opp":"61-70","odds":"17.00"},{"opp":"71-80","odds":"21.00"},{"opp":"81 - Full Time","odds":"21.00"},{"opp":"No Goal","odds":"13.00"}],"2nd_half_goals":[{"goals":"0.5","odds":"1.18","header":"Over"},{"goals":"0.5","odds":"4.50","header":"Under"},{"goals":"1.5","odds":"1.91","header":"Over"},{"goals":"1.5","odds":"1.80","header":"Under"},{"goals":"2.5","odds":"4.00","header":"Over"},{"goals":"2.5","odds":"1.22","header":"Under"},{"goals":"3.5","odds":"10.00","header":"Over"},{"goals":"3.5","odds":"1.06","header":"Under"},{"goals":"4.5","odds":"23.00","header":"Over"},{"goals":"4.5","odds":"1.01","header":"Under"}],"exact_2nd_half_goals":[{"opp":"0 Goals","odds":"4.50"},{"opp":"1 Goal","odds":"2.88"},{"opp":"2 Goals","odds":"3.40"},{"opp":"3 Goals","odds":"6.00"},{"opp":"4 Goals","odds":"15.00"},{"opp":"5+ Goals","odds":"23.00"}],"half_with_most_goals":[{"opp":"1st Half","odds":"3.10"},{"opp":"2nd Half","odds":"2.00"},{"opp":"Tie","odds":"3.75"}],"home_team_highest_scoring_half":[{"opp":"FK Austria Vienna - 1st Half","odds":"3.20"},{"opp":"FK Austria Vienna - 2nd Half","odds":"2.25"},{"opp":"FK Austria Vienna - Tie","odds":"2.88"}],"away_team_highest_scoring_half":[{"opp":"FC Wacker Innsbruck - 1st Half","odds":"4.00"},{"opp":"FC Wacker Innsbruck - 2nd Half","odds":"2.75"},{"opp":"FC Wacker Innsbruck - Tie","odds":"1.95"}],"home_team_exact_goals":[{"opp":"FK Austria Vienna - 0 Goals","odds":"5.50"},{"opp":"FK Austria Vienna - 1 Goal","odds":"3.10"},{"opp":"FK Austria Vienna - 2 Goals","odds":"3.25"},{"opp":"FK Austria Vienna - 3+ Goals","odds":"3.25"}],"away_team_exact_goals":[{"opp":"FC Wacker Innsbruck - 0 Goals","odds":"2.50"},{"opp":"FC Wacker Innsbruck - 1 Goal","odds":"2.50"},{"opp":"FC Wacker Innsbruck - 2 Goals","odds":"4.75"},{"opp":"FC Wacker Innsbruck - 3+ Goals","odds":"10.00"}],"time_of_1st_team_goal":[{"opp":"FK Austria Vienna - Goal before 40:00","odds":"1.83"},{"opp":"FK Austria Vienna - No Goal before 40:00","odds":"1.83"},{"opp":"FC Wacker Innsbruck - Goal before 70:00","odds":"1.83"},{"opp":"FC Wacker Innsbruck - No Goal before 70:00","odds":"1.83"}],"goals_odd_even":[{"opp":"Even","odds":"1.90"},{"opp":"Odd","odds":"1.95"}],"home_team_odd_even_goals":[{"opp":"FK Austria Vienna - Even","odds":"1.83"},{"opp":"FK Austria Vienna - Odd","odds":"1.83"}],"away_team_odd_even_goals":[{"opp":"FC Wacker Innsbruck - Even","odds":"1.67"},{"opp":"FC Wacker Innsbruck - Odd","odds":"2.10"}],"1st_half_goals_odd_even":[{"opp":"Odd","odds":"2.10"},{"opp":"Even","odds":"1.73"}],"last_team_to_score":[{"opp":"FK Austria Vienna","odds":"1.44"},{"opp":"No Goal","odds":"13.00"},{"opp":"FC Wacker Innsbruck","odds":"2.88"}],"first_10_minutes_(00:00_09:59)":[{"name":"Goals","handicap":"0.5","odds":"4.00","header":"Over"},{"name":"Goals","handicap":"0.5","odds":"1.22","header":"Under"}]}},"half":{"updated_at":"1532569433","sp":{"half_time_result":[{"opp":"1","odds":"2.20"},{"opp":"X","odds":"2.30"},{"opp":"2","odds":"5.00"}],"half_time_double_chance":[{"opp":"1X","odds":"1.17"},{"opp":"X2","odds":"1.62"},{"opp":"12","odds":"1.57"}],"half_time_result_both_teams_to_score":[{"opp":"FK Austria Vienna & Yes","odds":"15.00"},{"opp":"FK Austria Vienna & No","odds":"2.50"},{"opp":"Draw & Yes","odds":"7.50"},{"opp":"Draw & No","odds":"3.10"},{"opp":"FC Wacker Innsbruck & Yes","odds":"29.00"},{"opp":"FC Wacker Innsbruck & No","odds":"5.50"}],"half_time_result_total_goals":[{"opp":"FK Austria Vienna & Over 1.5","odds":"4.75"},{"opp":"FK Austria Vienna & Under 1.5","odds":"3.60"},{"opp":"Draw & Over 1.5","odds":"7.50"},{"opp":"Draw & Under 1.5","odds":"3.25"},{"opp":"FC Wacker Innsbruck & Over 1.5","odds":"15.00"},{"opp":"FC Wacker Innsbruck & Under 1.5","odds":"6.50"}],"half_time_correct_score":[{"opp":"1-0","odds":"3.60","header":"Home"},{"opp":"0-0","odds":"3.25","header":"X"},{"opp":"1-0","odds":"6.50","header":"Away"},{"opp":"2-0","odds":"8.50","header":"Home"},{"opp":"1-1","odds":"8.00","header":"X"},{"opp":"2-0","odds":"26.00","header":"Away"},{"opp":"2-1","odds":"19.00","header":"Home"},{"opp":"2-2","odds":"51.00","header":"X"},{"opp":"2-1","odds":"29.00","header":"Away"},{"opp":"3-0","odds":"26.00","header":"Home"},{"opp":"3-0","odds":"101.00","header":"Away"},{"opp":"3-1","odds":"51.00","header":"Home"},{"opp":"3-1","odds":"101.00","header":"Away"},{"opp":"3-2","odds":"151.00","header":"Home"},{"opp":"3-2","odds":"251.00","header":"Away"},{"opp":"4-0","odds":"81.00","header":"Home"},{"opp":"4-1","odds":"151.00","header":"Home"},{"opp":"5-0","odds":"351.00","header":"Home"}],"both_teams_to_score_in_1st_half":[{"opp":"Yes","odds":"4.50"},{"opp":"No","odds":"1.18"}],"both_teams_to_score_in_2nd_half":[{"opp":"Yes","odds":"3.25"},{"opp":"No","odds":"1.33"}],"both_teams_to_score_1st_half_2nd_half":[{"opp":"Yes \/ Yes","odds":"15.00"},{"opp":"Yes \/ No","odds":"6.00"},{"opp":"No \/ Yes","odds":"3.75"},{"opp":"No \/ No","odds":"1.62"}],"1st_half_asian_handicap":[{"opp":"0.0, -0.5","odds":"1.800","header":"Home"},{"opp":"0.0, +0.5","odds":"2.000","header":"Away"}],"1st_half_goal_line":[{"goals":"1.0","odds":"1.725","header":"Over"},{"goals":"1.0","odds":"2.075","header":"Under"}],"alternative_1st_half_asian_handicap":[{"opp":"-1.5","odds":"5.900","header":"Home"},{"opp":"+1.5","odds":"1.130","header":"Away"},{"opp":"-1.0, -1.5","odds":"5.250","header":"Home"},{"opp":"+1.0, +1.5","odds":"1.160","header":"Away"},{"opp":"-1.0","odds":"4.400","header":"Home"},{"opp":"+1.0","odds":"1.200","header":"Away"},{"opp":"-0.5, -1.0","odds":"2.750","header":"Home"},{"opp":"+0.5, +1.0","odds":"1.425","header":"Away"},{"opp":"-0.5","odds":"2.200","header":"Home"},{"opp":"+0.5","odds":"1.650","header":"Away"},{"opp":"0.0","odds":"1.375","header":"Home"},{"opp":"0.0","odds":"3.000","header":"Away"},{"opp":"0.0, +0.5","odds":"1.240","header":"Home"},{"opp":"0.0, -0.5","odds":"3.900","header":"Away"},{"opp":"+0.5","odds":"1.175","header":"Home"},{"opp":"-0.5","odds":"4.800","header":"Away"},{"opp":"+0.5, +1.0","odds":"1.100","header":"Home"},{"opp":"-0.5, -1.0","odds":"7.000","header":"Away"}],"alternative_1st_half_goal_line":[{"goals":"0.5, 1.0","odds":"1.475","header":"Over"},{"goals":"0.5, 1.0","odds":"2.600","header":"Under"},{"goals":"1.0, 1.5","odds":"2.150","header":"Over"},{"goals":"1.0, 1.5","odds":"1.675","header":"Under"},{"goals":"1.5","odds":"2.600","header":"Over"},{"goals":"1.5","odds":"1.475","header":"Under"},{"goals":"1.5, 2.0","odds":"3.300","header":"Over"},{"goals":"1.5, 2.0","odds":"1.325","header":"Under"},{"goals":"2.0","odds":"5.250","header":"Over"},{"goals":"2.0","odds":"1.160","header":"Under"},{"goals":"2.0, 2.5","odds":"5.900","header":"Over"},{"goals":"2.0, 2.5","odds":"1.130","header":"Under"},{"goals":"2.5","odds":"6.400","header":"Over"},{"goals":"2.5","odds":"1.115","header":"Under"}],"1st_half_handicap":[{"opp":"FK Austria Vienna  -1.0","odds":"6.00"},{"opp":"Tie - FC Wacker Innsbruck +1.0","odds":"3.10"},{"opp":"FC Wacker Innsbruck  +1.0","odds":"1.62"}],"alternative_1st_half_handicap_result":[{"opp":"-2.0","odds":"17.00","header":"Home"},{"opp":"+2.0","odds":"7.00","header":"Tie"},{"opp":"+2.0","odds":"1.10","header":"Away"},{"opp":"+1.0","odds":"1.17","header":"Home"},{"opp":"-1.0","odds":"5.50","header":"Tie"},{"opp":"-1.0","odds":"19.00","header":"Away"}],"first_half_goals":[{"goals":"0.5","odds":"1.33","header":"Over"},{"goals":"0.5","odds":"3.25","header":"Under"},{"goals":"1.5","odds":"2.62","header":"Over"},{"goals":"1.5","odds":"1.44","header":"Under"},{"goals":"2.5","odds":"6.50","header":"Over"},{"goals":"2.5","odds":"1.11","header":"Under"},{"goals":"3.5","odds":"19.00","header":"Over"},{"goals":"3.5","odds":"1.02","header":"Under"}],"exact_1st_half_goals":[{"opp":"0 Goals","odds":"3.25"},{"opp":"1 Goal","odds":"2.50"},{"opp":"2 Goals","odds":"4.00"},{"opp":"3 Goals","odds":"9.00"},{"opp":"4 Goals","odds":"26.00"},{"opp":"5+ Goals","odds":"51.00"}],"first_half_corners":[{"opp":"5","odds":"2.40","header":"Over"},{"opp":"5","odds":"5.50","header":"Exactly"},{"opp":"5","odds":"2.10","header":"Under"}],"1st_half_asian_corners":[{"goals":"5.0","odds":"2.025","header":"Over"},{"goals":"5.0","odds":"1.775","header":"Under"}],"1st_half_goals_odd_even":[{"opp":"Odd","odds":"2.10"},{"opp":"Even","odds":"1.73"}],"to_score_in_half":[{"name":"1st Half","odds":"1.67","header":"Yes"},{"name":"1st Half","odds":"2.10","header":"No"},{"name":"2nd Half","odds":"1.44","header":"Yes"},{"name":"2nd Half","odds":"2.62","header":"No"},{"name":"1st Half","odds":"2.62","header":"Yes"},{"name":"1st Half","odds":"1.44","header":"No"},{"name":"2nd Half","odds":"2.10","header":"Yes"},{"name":"2nd Half","odds":"1.67","header":"No"}],"half_with_most_goals":[{"opp":"1st Half","odds":"3.10"},{"opp":"2nd Half","odds":"2.00"},{"opp":"Tie","odds":"3.75"}],"home_team_highest_scoring_half":[{"opp":"FK Austria Vienna - 1st Half","odds":"3.20"},{"opp":"FK Austria Vienna - 2nd Half","odds":"2.25"},{"opp":"FK Austria Vienna - Tie","odds":"2.88"}],"away_team_highest_scoring_half":[{"opp":"FC Wacker Innsbruck - 1st Half","odds":"4.00"},{"opp":"FC Wacker Innsbruck - 2nd Half","odds":"2.75"},{"opp":"FC Wacker Innsbruck - Tie","odds":"1.95"}],"2nd_half_result":[{"opp":"1","odds":"1.95"},{"opp":"X","odds":"2.62"},{"opp":"2","odds":"4.50"}],"2nd_half_goals":[{"goals":"0.5","odds":"1.18","header":"Over"},{"goals":"0.5","odds":"4.50","header":"Under"},{"goals":"1.5","odds":"1.91","header":"Over"},{"goals":"1.5","odds":"1.80","header":"Under"},{"goals":"2.5","odds":"4.00","header":"Over"},{"goals":"2.5","odds":"1.22","header":"Under"},{"goals":"3.5","odds":"10.00","header":"Over"},{"goals":"3.5","odds":"1.06","header":"Under"},{"goals":"4.5","odds":"23.00","header":"Over"},{"goals":"4.5","odds":"1.01","header":"Under"}],"exact_2nd_half_goals":[{"opp":"0 Goals","odds":"4.50"},{"opp":"1 Goal","odds":"2.88"},{"opp":"2 Goals","odds":"3.40"},{"opp":"3 Goals","odds":"6.00"},{"opp":"4 Goals","odds":"15.00"},{"opp":"5+ Goals","odds":"23.00"}],"2nd_half_goals_odd_even":[{"opp":"Even","odds":"1.80"},{"opp":"Odd","odds":"1.91"}]}},"main":{"updated_at":"1532569393","sp":{"full_time_result":[{"opp":"1","odds":"1.62"},{"opp":"X","odds":"4.00"},{"opp":"2","odds":"5.00"}],"double_chance":[{"opp":"1X","odds":"1.18"},{"opp":"X2","odds":"2.30"},{"opp":"12","odds":"1.25"}],"correct_score":[{"opp":"1-0","odds":"7.50","header":"Home"},{"opp":"0-0","odds":"13.00","header":"X"},{"opp":"1-0","odds":"15.00","header":"Away"},{"opp":"2-0","odds":"8.00","header":"Home"},{"opp":"1-1","odds":"7.50","header":"X"},{"opp":"2-0","odds":"26.00","header":"Away"},{"opp":"2-1","odds":"8.00","header":"Home"},{"opp":"2-2","odds":"15.00","header":"X"},{"opp":"2-1","odds":"15.00","header":"Away"},{"opp":"3-0","odds":"13.00","header":"Home"},{"opp":"3-3","odds":"51.00","header":"X"},{"opp":"3-0","odds":"51.00","header":"Away"},{"opp":"3-1","odds":"13.00","header":"Home"},{"opp":"4-4","odds":"251.00","header":"X"},{"opp":"3-1","odds":"41.00","header":"Away"},{"opp":"3-2","odds":"23.00","header":"Home"},{"opp":"3-2","odds":"41.00","header":"Away"},{"opp":"4-0","odds":"26.00","header":"Home"},{"opp":"4-0","odds":"151.00","header":"Away"},{"opp":"4-1","odds":"23.00","header":"Home"},{"opp":"4-1","odds":"81.00","header":"Away"},{"opp":"4-2","odds":"41.00","header":"Home"},{"opp":"4-2","odds":"101.00","header":"Away"},{"opp":"4-3","odds":"81.00","header":"Home"},{"opp":"4-3","odds":"126.00","header":"Away"},{"opp":"5-0","odds":"51.00","header":"Home"},{"opp":"5-1","odds":"351.00","header":"Away"},{"opp":"5-1","odds":"51.00","header":"Home"},{"opp":"5-2","odds":"401.00","header":"Away"},{"opp":"5-2","odds":"81.00","header":"Home"},{"opp":"5-3","odds":"201.00","header":"Home"},{"opp":"6-1","odds":"101.00","header":"Home"},{"opp":"6-0","odds":"101.00","header":"Home"},{"opp":"6-2","odds":"201.00","header":"Home"},{"opp":"6-3","odds":"501.00","header":"Home"},{"opp":"7-0","odds":"351.00","header":"Home"},{"opp":"7-1","odds":"351.00","header":"Home"}],"half_time_full_time":[{"opp":"FK Austria Vienna - FK Austria Vienna","odds":"2.50"},{"opp":"FK Austria Vienna - Draw","odds":"15.00"},{"opp":"FK Austria Vienna - FC Wacker Innsbruck","odds":"41.00"},{"opp":"Draw - FK Austria Vienna","odds":"4.33"},{"opp":"Draw - Draw","odds":"6.00"},{"opp":"Draw - FC Wacker Innsbruck","odds":"11.00"},{"opp":"FC Wacker Innsbruck - FK Austria Vienna","odds":"21.00"},{"opp":"FC Wacker Innsbruck - Draw","odds":"15.00"},{"opp":"FC Wacker Innsbruck - FC Wacker Innsbruck","odds":"8.50"}],"goals_over_under":[{"goals":"2.5","odds":"1.73","header":"Over"},{"goals":"2.5","odds":"2.08","header":"Under"}],"both_teams_to_score":[{"opp":"Yes","odds":"1.75"},{"opp":"No","odds":"2.00"}],"asian_handicap":[{"opp":"-0.5, -1.0","odds":"1.850","header":"Home"},{"opp":"+0.5, +1.0","odds":"2.000","header":"Away"}],"goal_line":[{"goals":"2.5, 3.0","odds":"1.975","header":"Over"},{"goals":"2.5, 3.0","odds":"1.875","header":"Under"}],"alternative_asian_handicap":[{"opp":"-2.5, -3.0","odds":"7.000","header":"Home"},{"opp":"+2.5, +3.0","odds":"1.100","header":"Away"},{"opp":"-2.5","odds":"5.500","header":"Home"},{"opp":"+2.5","odds":"1.150","header":"Away"},{"opp":"-2.0, -2.5","odds":"5.000","header":"Home"},{"opp":"+2.0, +2.5","odds":"1.170","header":"Away"},{"opp":"-2.0","odds":"4.500","header":"Home"},{"opp":"+2.0","odds":"1.190","header":"Away"},{"opp":"-1.5, -2.0","odds":"3.300","header":"Home"},{"opp":"+1.5, +2.0","odds":"1.325","header":"Away"},{"opp":"-1.5","odds":"2.750","header":"Home"},{"opp":"+1.5","odds":"1.425","header":"Away"},{"opp":"-1.0, -1.5","odds":"2.375","header":"Home"},{"opp":"+1.0, +1.5","odds":"1.550","header":"Away"},{"opp":"-1.0","odds":"2.100","header":"Home"},{"opp":"+1.0","odds":"1.700","header":"Away"},{"opp":"-0.5","odds":"1.650","header":"Home"},{"opp":"+0.5","odds":"2.200","header":"Away"},{"opp":"0.0, -0.5","odds":"1.475","header":"Home"},{"opp":"0.0, +0.5","odds":"2.600","header":"Away"},{"opp":"0.0","odds":"1.275","header":"Home"},{"opp":"0.0","odds":"3.550","header":"Away"},{"opp":"0.0, +0.5","odds":"1.240","header":"Home"},{"opp":"0.0, -0.5","odds":"3.900","header":"Away"},{"opp":"+0.5","odds":"1.200","header":"Home"},{"opp":"-0.5","odds":"4.400","header":"Away"},{"opp":"+0.5, +1.0","odds":"1.130","header":"Home"},{"opp":"-0.5, -1.0","odds":"5.900","header":"Away"}],"alternative_goal_line":[{"goals":"1.0, 1.5","odds":"1.140","header":"Over"},{"goals":"1.0, 1.5","odds":"5.750","header":"Under"},{"goals":"1.5","odds":"1.230","header":"Over"},{"goals":"1.5","odds":"4.000","header":"Under"},{"goals":"1.5, 2.0","odds":"1.275","header":"Over"},{"goals":"1.5, 2.0","odds":"3.550","header":"Under"},{"goals":"2.0","odds":"1.350","header":"Over"},{"goals":"2.0","odds":"3.100","header":"Under"},{"goals":"2.0, 2.5","odds":"1.550","header":"Over"},{"goals":"2.0, 2.5","odds":"2.375","header":"Under"},{"goals":"2.5","odds":"1.725","header":"Over"},{"goals":"2.5","odds":"2.075","header":"Under"},{"goals":"3.0","odds":"2.250","header":"Over"},{"goals":"3.0","odds":"1.625","header":"Under"},{"goals":"3.0, 3.5","odds":"2.500","header":"Over"},{"goals":"3.0, 3.5","odds":"1.500","header":"Under"},{"goals":"3.5","odds":"2.750","header":"Over"},{"goals":"3.5","odds":"1.425","header":"Under"},{"goals":"3.5, 4.0","odds":"3.450","header":"Over"},{"goals":"3.5, 4.0","odds":"1.300","header":"Under"},{"goals":"4.0","odds":"4.400","header":"Over"},{"goals":"4.0","odds":"1.200","header":"Under"},{"goals":"4.0, 4.5","odds":"4.800","header":"Over"},{"goals":"4.0, 4.5","odds":"1.175","header":"Under"},{"goals":"4.5","odds":"5.250","header":"Over"},{"goals":"4.5","odds":"1.160","header":"Under"},{"goals":"4.5, 5.0","odds":"6.800","header":"Over"},{"goals":"4.5, 5.0","odds":"1.105","header":"Under"}],"draw_no_bet":[{"opp":"FK Austria Vienna","odds":"1.29"},{"opp":"FC Wacker Innsbruck","odds":"3.50"}],"result_both_teams_to_score":[{"name":"FK Austria Vienna","odds":"3.40","header":"Yes"},{"name":"FK Austria Vienna","odds":"2.88","header":"No"},{"name":"FC Wacker Innsbruck","odds":"8.50","header":"Yes"},{"name":"FC Wacker Innsbruck","odds":"9.00","header":"No"},{"name":"Draw","odds":"5.00","header":"Yes"},{"name":"Draw","odds":"13.00","header":"No"}],"handicap_result":[{"opp":"FK Austria Vienna (-1)","odds":"2.62"},{"opp":"Tie - (FC Wacker Innsbruck +1)","odds":"3.60"},{"opp":"FC Wacker Innsbruck (+1)","odds":"2.30"}],"alternative_handicap_result":[{"opp":"-3.0","odds":"11.00","header":"Home"},{"opp":"+3.0","odds":"8.00","header":"Tie"},{"opp":"+3.0","odds":"1.11","header":"Away"},{"opp":"-2.0","odds":"5.00","header":"Home"},{"opp":"+2.0","odds":"4.75","header":"Tie"},{"opp":"+2.0","odds":"1.40","header":"Away"},{"opp":"+1.0","odds":"1.18","header":"Home"},{"opp":"-1.0","odds":"6.00","header":"Tie"},{"opp":"-1.0","odds":"10.00","header":"Away"},{"opp":"+2.0","odds":"1.05","header":"Home"},{"opp":"-2.0","odds":"11.00","header":"Tie"},{"opp":"-2.0","odds":"19.00","header":"Away"}],"winning_margin":[{"goals":" 1","odds":"3.60","header":"Home"},{"goals":" 1","odds":"6.00","header":"Away"},{"goals":" 2","odds":"4.75","header":"Home"},{"goals":" 2","odds":"11.00","header":"Away"},{"goals":" 3","odds":"8.00","header":"Home"},{"goals":" 3","odds":"41.00","header":"Away"},{"goals":" 4+","odds":"11.00","header":"Home"},{"goals":" 4+","odds":"101.00","header":"Away"},{"goals":"Score Draw","odds":"5.00","header":"Home"},{"goals":"No Goal","odds":"13.00","header":"Home"}]}},"schedule":{"updated_at":"1532571069","sp":{"main":[{"odds":"1.62"},{"odds":"4.00"},{"odds":"5.00"}]}},"specials":{"updated_at":"1532569441","sp":{"specials":[{"name":"To Win From Behind","odds":"8.00","header":"Home"},{"name":"To Win From Behind","odds":"17.00","header":"Away"},{"name":"To Win to Nil","odds":"2.88","header":"Home"},{"name":"To Win to Nil","odds":"9.00","header":"Away"},{"name":"To Win Either Half","odds":"1.33","header":"Home"},{"name":"To Win Either Half","odds":"2.62","header":"Away"},{"name":"To Win Both Halves","odds":"4.33","header":"Home"},{"name":"To Win Both Halves","odds":"23.00","header":"Away"},{"name":"To Score in Both Halves","odds":"2.50","header":"Home"},{"name":"To Score in Both Halves","odds":"5.50","header":"Away"}],"to_score_in_half":[{"name":"1st Half","odds":"1.67","header":"Yes"},{"name":"1st Half","odds":"2.10","header":"No"},{"name":"2nd Half","odds":"1.44","header":"Yes"},{"name":"2nd Half","odds":"2.62","header":"No"},{"name":"1st Half","odds":"2.62","header":"Yes"},{"name":"1st Half","odds":"1.44","header":"No"},{"name":"2nd Half","odds":"2.10","header":"Yes"},{"name":"2nd Half","odds":"1.67","header":"No"}]}}}]}}