{"odd":{"success":1,"results":[{"FI":"75367871","event_id":"840272","asian_lines":{"updated_at":"1532570763","sp":{"asian_handicap":[{"opp":"+0.5","odds":"2.200","header":"Home"},{"opp":"-0.5","odds":"1.650","header":"Away"}],"goal_line":[{"goals":"2.5","odds":"1.750","header":"Over"},{"goals":"2.5","odds":"2.050","header":"Under"}],"alternative_asian_handicap":[{"opp":"-0.5, -1.0","odds":"6.600","header":"Home"},{"opp":"+0.5, +1.0","odds":"1.110","header":"Away"},{"opp":"-0.5","odds":"5.000","header":"Home"},{"opp":"+0.5","odds":"1.170","header":"Away"},{"opp":"0.0, -0.5","odds":"4.250","header":"Home"},{"opp":"0.0, +0.5","odds":"1.210","header":"Away"},{"opp":"0.0","odds":"3.700","header":"Home"},{"opp":"0.0","odds":"1.260","header":"Away"},{"opp":"0.0, +0.5","odds":"2.675","header":"Home"},{"opp":"0.0, -0.5","odds":"1.450","header":"Away"},{"opp":"+0.5, +1.0","odds":"1.975","header":"Home"},{"opp":"-0.5, -1.0","odds":"1.825","header":"Away"},{"opp":"+1.0","odds":"1.725","header":"Home"},{"opp":"-1.0","odds":"2.075","header":"Away"},{"opp":"+1.0, +1.5","odds":"1.550","header":"Home"},{"opp":"-1.0, -1.5","odds":"2.375","header":"Away"},{"opp":"+1.5","odds":"1.450","header":"Home"},{"opp":"-1.5","odds":"2.675","header":"Away"},{"opp":"+1.5, +2.0","odds":"1.325","header":"Home"},{"opp":"-1.5, -2.0","odds":"3.300","header":"Away"},{"opp":"+2.0","odds":"1.210","header":"Home"},{"opp":"-2.0","odds":"4.250","header":"Away"},{"opp":"+2.0, +2.5","odds":"1.180","header":"Home"},{"opp":"-2.0, -2.5","odds":"4.650","header":"Away"},{"opp":"+2.5","odds":"1.160","header":"Home"},{"opp":"-2.5","odds":"5.250","header":"Away"}],"alternative_goal_line":[{"goals":"1.0, 1.5","odds":"1.140","header":"Over"},{"goals":"1.0, 1.5","odds":"5.750","header":"Under"},{"goals":"1.5","odds":"1.230","header":"Over"},{"goals":"1.5","odds":"4.000","header":"Under"},{"goals":"1.5, 2.0","odds":"1.275","header":"Over"},{"goals":"1.5, 2.0","odds":"3.550","header":"Under"},{"goals":"2.0","odds":"1.350","header":"Over"},{"goals":"2.0","odds":"3.100","header":"Under"},{"goals":"2.0, 2.5","odds":"1.550","header":"Over"},{"goals":"2.0, 2.5","odds":"2.375","header":"Under"},{"goals":"2.5, 3.0","odds":"1.950","header":"Over"},{"goals":"2.5, 3.0","odds":"1.850","header":"Under"},{"goals":"3.0","odds":"2.250","header":"Over"},{"goals":"3.0","odds":"1.625","header":"Under"},{"goals":"3.0, 3.5","odds":"2.500","header":"Over"},{"goals":"3.0, 3.5","odds":"1.500","header":"Under"},{"goals":"3.5","odds":"2.750","header":"Over"},{"goals":"3.5","odds":"1.425","header":"Under"},{"goals":"3.5, 4.0","odds":"3.300","header":"Over"},{"goals":"3.5, 4.0","odds":"1.325","header":"Under"},{"goals":"4.0","odds":"4.400","header":"Over"},{"goals":"4.0","odds":"1.200","header":"Under"},{"goals":"4.0, 4.5","odds":"4.650","header":"Over"},{"goals":"4.0, 4.5","odds":"1.180","header":"Under"},{"goals":"4.5","odds":"5.250","header":"Over"},{"goals":"4.5","odds":"1.160","header":"Under"}],"1st_half_asian_handicap":[{"opp":"0.0, +0.5","odds":"2.025","header":"Home"},{"opp":"0.0, -0.5","odds":"1.775","header":"Away"}],"1st_half_goal_line":[{"goals":"1.0","odds":"1.725","header":"Over"},{"goals":"1.0","odds":"2.075","header":"Under"}],"alternative_1st_half_asian_handicap":[{"opp":"-0.5","odds":"5.000","header":"Home"},{"opp":"+0.5","odds":"1.170","header":"Away"},{"opp":"0.0, -0.5","odds":"4.100","header":"Home"},{"opp":"0.0, +0.5","odds":"1.225","header":"Away"},{"opp":"0.0","odds":"3.100","header":"Home"},{"opp":"0.0","odds":"1.350","header":"Away"},{"opp":"+0.5","odds":"1.650","header":"Home"},{"opp":"-0.5","odds":"2.200","header":"Away"},{"opp":"+0.5, +1.0","odds":"1.425","header":"Home"},{"opp":"-0.5, -1.0","odds":"2.750","header":"Away"},{"opp":"+1.0","odds":"1.220","header":"Home"},{"opp":"-1.0","odds":"4.150","header":"Away"},{"opp":"+1.0, +1.5","odds":"1.170","header":"Home"},{"opp":"-1.0, -1.5","odds":"5.000","header":"Away"},{"opp":"+1.5","odds":"1.140","header":"Home"},{"opp":"-1.5","odds":"5.750","header":"Away"}],"alternative_1st_half_goal_line":[{"goals":"0.5, 1.0","odds":"1.475","header":"Over"},{"goals":"0.5, 1.0","odds":"2.600","header":"Under"},{"goals":"1.0, 1.5","odds":"2.150","header":"Over"},{"goals":"1.0, 1.5","odds":"1.675","header":"Under"},{"goals":"1.5","odds":"2.600","header":"Over"},{"goals":"1.5","odds":"1.475","header":"Under"},{"goals":"1.5, 2.0","odds":"3.300","header":"Over"},{"goals":"1.5, 2.0","odds":"1.325","header":"Under"},{"goals":"2.0","odds":"5.000","header":"Over"},{"goals":"2.0","odds":"1.170","header":"Under"},{"goals":"2.0, 2.5","odds":"5.750","header":"Over"},{"goals":"2.0, 2.5","odds":"1.140","header":"Under"},{"goals":"2.5","odds":"6.250","header":"Over"},{"goals":"2.5","odds":"1.120","header":"Under"}],"asian_total_corners":[{"goals":"9.5","odds":"1.825","header":"Over"},{"goals":"9.5","odds":"1.975","header":"Under"}],"1st_half_asian_corners":[{"goals":"4.5","odds":"1.875","header":"Over"},{"goals":"4.5","odds":"1.925","header":"Under"}]}},"corners":{"updated_at":"1532570867","sp":{"corners":[{"opp":"Over 10","odds":"2.30"},{"opp":"Exactly 10","odds":"7.50"},{"opp":"Under 10","odds":"1.91"}],"total_corners":[{"opp":"Under 6","odds":"11.00"},{"opp":"6 - 8","odds":"3.20"},{"opp":"9 - 11","odds":"2.50"},{"opp":"12 - 14","odds":"4.00"},{"opp":"Over 14","odds":"10.00"}],"alternative_corners":[{"goals":"4","odds":"1.02","header":"Over"},{"goals":"4","odds":"21.00","header":"Exactly"},{"goals":"4","odds":"29.00","header":"Under"},{"goals":"5","odds":"1.05","header":"Over"},{"goals":"5","odds":"15.00","header":"Exactly"},{"goals":"5","odds":"17.00","header":"Under"},{"goals":"6","odds":"1.11","header":"Over"},{"goals":"6","odds":"11.00","header":"Exactly"},{"goals":"6","odds":"10.00","header":"Under"},{"goals":"7","odds":"1.25","header":"Over"},{"goals":"7","odds":"8.50","header":"Exactly"},{"goals":"7","odds":"6.00","header":"Under"},{"goals":"8","odds":"1.44","header":"Over"},{"goals":"8","odds":"7.50","header":"Exactly"},{"goals":"8","odds":"3.75","header":"Under"},{"goals":"9","odds":"1.80","header":"Over"},{"goals":"9","odds":"7.00","header":"Exactly"},{"goals":"9","odds":"2.60","header":"Under"},{"goals":"11","odds":"3.10","header":"Over"},{"goals":"11","odds":"8.00","header":"Exactly"},{"goals":"11","odds":"1.57","header":"Under"},{"goals":"12","odds":"4.50","header":"Over"},{"goals":"12","odds":"9.50","header":"Exactly"},{"goals":"12","odds":"1.33","header":"Under"},{"goals":"13","odds":"6.50","header":"Over"},{"goals":"13","odds":"11.00","header":"Exactly"},{"goals":"13","odds":"1.18","header":"Under"},{"goals":"14","odds":"10.00","header":"Over"},{"goals":"14","odds":"15.00","header":"Exactly"},{"goals":"14","odds":"1.10","header":"Under"},{"goals":"15","odds":"15.00","header":"Over"},{"goals":"15","odds":"19.00","header":"Exactly"},{"goals":"15","odds":"1.05","header":"Under"},{"goals":"16","odds":"21.00","header":"Over"},{"goals":"16","odds":"23.00","header":"Exactly"},{"goals":"16","odds":"1.03","header":"Under"},{"goals":"17","odds":"29.00","header":"Over"},{"goals":"17","odds":"29.00","header":"Exactly"},{"goals":"17","odds":"1.02","header":"Under"}],"corners_2_way":[{"opp":"Over 9.5","odds":"1.80"},{"opp":"Under 9.5","odds":"1.91"}],"first_half_corners":[{"opp":"5","odds":"2.75","header":"Over"},{"opp":"5","odds":"5.50","header":"Exactly"},{"opp":"5","odds":"1.91","header":"Under"}],"asian_total_corners":[{"goals":"9.5","odds":"1.825","header":"Over"},{"goals":"9.5","odds":"1.975","header":"Under"}],"1st_half_asian_corners":[{"goals":"4.5","odds":"1.875","header":"Over"},{"goals":"4.5","odds":"1.925","header":"Under"}]}},"goals":{"updated_at":"1532570912","sp":{"goals_over_under":[{"goals":"2.5","odds":"1.75","header":"Over"},{"goals":"2.5","odds":"2.05","header":"Under"}],"alternative_total_goals":[{"goals":"0.5","odds":"1.02","header":"Over "},{"goals":"0.5","odds":"12.00","header":"Under"},{"goals":"1.5","odds":"1.22","header":"Over "},{"goals":"1.5","odds":"4.00","header":"Under"},{"goals":"3.5","odds":"2.75","header":"Over "},{"goals":"3.5","odds":"1.40","header":"Under"},{"goals":"4.5","odds":"5.00","header":"Over "},{"goals":"4.5","odds":"1.14","header":"Under"},{"goals":"5.5","odds":"8.50","header":"Over "},{"goals":"5.5","odds":"1.05","header":"Under"},{"goals":"6.5","odds":"12.00","header":"Over "},{"goals":"6.5","odds":"1.02","header":"Under"}],"result_total_goals":[{"opp":"Stjarnan & Over 2.5","odds":"8.00"},{"opp":"Stjarnan & Under 2.5","odds":"11.00"},{"opp":"Draw & Over 2.5","odds":"12.00"},{"opp":"Draw & Under  2.5","odds":"4.75"},{"opp":"FC Copenhagen & Over 2.5","odds":"2.50"},{"opp":"FC Copenhagen & Under 2.5","odds":"4.33"}],"total_goals_both_teams_to_score":[{"opp":"Over 2.5 & Yes","odds":"2.20"},{"opp":"Over 2.5 & No","odds":"7.00"},{"opp":"Under 2.5 & Yes","odds":"7.00"},{"opp":"Under 2.5 & No","odds":"2.62"}],"exact_total_goals":[{"opp":"0 Goals","odds":"12.00"},{"opp":"1 Goal","odds":"5.50"},{"opp":"2 Goals","odds":"3.75"},{"opp":"3 Goals","odds":"4.33"},{"opp":"4 Goals","odds":"5.50"},{"opp":"5 Goals","odds":"9.50"},{"opp":"6 Goals","odds":"17.00"},{"opp":"7+ Goals","odds":"12.00"}],"number_of_goals_in_match":[{"opp":"Under 2 goals","odds":"4.00"},{"opp":"2 or 3 goals","odds":"2.05"},{"opp":"Over 3 goals","odds":"2.75"}],"both_teams_to_score":[{"opp":"Yes","odds":"1.73"},{"opp":"No","odds":"2.00"}],"teams_to_score":[{"opp":"Both Teams","odds":"1.73"},{"opp":"Stjarnan Only","odds":"9.00"},{"opp":"No Goal","odds":"12.00"},{"opp":"FC Copenhagen Only","odds":"2.88"}],"both_teams_to_score_in_1st_half":[{"opp":"Yes","odds":"4.33"},{"opp":"No","odds":"1.20"}],"both_teams_to_score_in_2nd_half":[{"opp":"Yes","odds":"3.40"},{"opp":"No","odds":"1.30"}],"both_teams_to_score_1st_half_2nd_half":[{"opp":"Yes \/ Yes","odds":"15.00"},{"opp":"Yes \/ No","odds":"6.00"},{"opp":"No \/ Yes","odds":"3.75"},{"opp":"No \/ No","odds":"1.62"}],"first_half_goals":[{"goals":"0.5","odds":"1.33","header":"Over"},{"goals":"0.5","odds":"3.25","header":"Under"},{"goals":"1.5","odds":"2.62","header":"Over"},{"goals":"1.5","odds":"1.44","header":"Under"},{"goals":"2.5","odds":"6.50","header":"Over"},{"goals":"2.5","odds":"1.11","header":"Under"},{"goals":"3.5","odds":"17.00","header":"Over"},{"goals":"3.5","odds":"1.02","header":"Under"}],"exact_1st_half_goals":[{"opp":"0 Goals","odds":"3.25"},{"opp":"1 Goal","odds":"2.60"},{"opp":"2 Goals","odds":"4.00"},{"opp":"3 Goals","odds":"9.00"},{"opp":"4 Goals","odds":"26.00"},{"opp":"5+ Goals","odds":"51.00"}],"first_team_to_score":[{"opp":"Stjarnan","odds":"2.88"},{"opp":"No Goals","odds":"12.00"},{"opp":"FC Copenhagen","odds":"1.44"}],"2nd_half_goals":[{"goals":"0.5","odds":"1.20","header":"Over"},{"goals":"0.5","odds":"4.33","header":"Under"},{"goals":"1.5","odds":"1.91","header":"Over"},{"goals":"1.5","odds":"1.80","header":"Under"},{"goals":"2.5","odds":"4.00","header":"Over"},{"goals":"2.5","odds":"1.22","header":"Under"},{"goals":"3.5","odds":"10.00","header":"Over"},{"goals":"3.5","odds":"1.06","header":"Under"},{"goals":"4.5","odds":"23.00","header":"Over"},{"goals":"4.5","odds":"1.01","header":"Under"}],"exact_2nd_half_goals":[{"opp":"0 Goals","odds":"4.33"},{"opp":"1 Goal","odds":"2.88"},{"opp":"2 Goals","odds":"3.50"},{"opp":"3 Goals","odds":"6.00"},{"opp":"4 Goals","odds":"15.00"},{"opp":"5+ Goals","odds":"23.00"}],"half_with_most_goals":[{"opp":"1st Half","odds":"3.10"},{"opp":"2nd Half","odds":"2.00"},{"opp":"Tie","odds":"3.75"}],"home_team_highest_scoring_half":[{"opp":"Stjarnan - 1st Half","odds":"4.00"},{"opp":"Stjarnan - 2nd Half","odds":"2.88"},{"opp":"Stjarnan - Tie","odds":"1.95"}],"away_team_highest_scoring_half":[{"opp":"FC Copenhagen - 1st Half","odds":"3.20"},{"opp":"FC Copenhagen - 2nd Half","odds":"2.25"},{"opp":"FC Copenhagen - Tie","odds":"2.88"}],"home_team_exact_goals":[{"opp":"Stjarnan - 0 Goals","odds":"2.50"},{"opp":"Stjarnan - 1 Goal","odds":"2.50"},{"opp":"Stjarnan - 2 Goals","odds":"4.75"},{"opp":"Stjarnan - 3+ Goals","odds":"8.00"}],"away_team_exact_goals":[{"opp":"FC Copenhagen - 0 Goals","odds":"5.00"},{"opp":"FC Copenhagen - 1 Goal","odds":"3.10"},{"opp":"FC Copenhagen - 2 Goals","odds":"3.40"},{"opp":"FC Copenhagen - 3+ Goals","odds":"3.25"}],"goals_odd_even":[{"opp":"Even","odds":"1.90"},{"opp":"Odd","odds":"1.95"}],"home_team_odd_even_goals":[{"opp":"Stjarnan - Even","odds":"1.67"},{"opp":"Stjarnan - Odd","odds":"2.10"}],"away_team_odd_even_goals":[{"opp":"FC Copenhagen - Even","odds":"1.83"},{"opp":"FC Copenhagen - Odd","odds":"1.83"}],"1st_half_goals_odd_even":[{"opp":"Odd","odds":"2.10"},{"opp":"Even","odds":"1.73"}],"last_team_to_score":[{"opp":"Stjarnan","odds":"2.88"},{"opp":"No Goal","odds":"12.00"},{"opp":"FC Copenhagen","odds":"1.44"}]}},"half":{"updated_at":"1532570377","sp":{"half_time_result":[{"opp":"1","odds":"4.75"},{"opp":"X","odds":"2.25"},{"opp":"2","odds":"2.20"}],"half_time_double_chance":[{"opp":"1X","odds":"1.62"},{"opp":"X2","odds":"1.18"},{"opp":"12","odds":"1.57"}],"half_time_result_both_teams_to_score":[{"opp":"Stjarnan & Yes","odds":"26.00"},{"opp":"Stjarnan & No","odds":"5.50"},{"opp":"Draw & Yes","odds":"7.50"},{"opp":"Draw & No","odds":"3.00"},{"opp":"FC Copenhagen & Yes","odds":"15.00"},{"opp":"FC Copenhagen & No","odds":"2.50"}],"half_time_result_total_goals":[{"opp":"Stjarnan & Over 1.5","odds":"13.00"},{"opp":"Stjarnan & Under 1.5","odds":"7.00"},{"opp":"Draw & Over 1.5","odds":"8.00"},{"opp":"Draw & Under 1.5","odds":"3.25"},{"opp":"FC Copenhagen & Over 1.5","odds":"4.75"},{"opp":"FC Copenhagen & Under 1.5","odds":"3.75"}],"half_time_correct_score":[{"opp":"1-0","odds":"7.00","header":"Home"},{"opp":"0-0","odds":"3.25","header":"X"},{"opp":"1-0","odds":"3.75","header":"Away"},{"opp":"2-0","odds":"26.00","header":"Home"},{"opp":"1-1","odds":"8.00","header":"X"},{"opp":"2-0","odds":"8.00","header":"Away"},{"opp":"2-1","odds":"34.00","header":"Home"},{"opp":"2-2","odds":"51.00","header":"X"},{"opp":"2-1","odds":"19.00","header":"Away"},{"opp":"3-0","odds":"81.00","header":"Home"},{"opp":"3-0","odds":"23.00","header":"Away"},{"opp":"3-1","odds":"101.00","header":"Home"},{"opp":"3-1","odds":"51.00","header":"Away"},{"opp":"4-0","odds":"67.00","header":"Away"},{"opp":"4-1","odds":"151.00","header":"Away"},{"opp":"3-2","odds":"151.00","header":"Away"}],"both_teams_to_score_in_1st_half":[{"opp":"Yes","odds":"4.33"},{"opp":"No","odds":"1.20"}],"both_teams_to_score_in_2nd_half":[{"opp":"Yes","odds":"3.40"},{"opp":"No","odds":"1.30"}],"both_teams_to_score_1st_half_2nd_half":[{"opp":"Yes \/ Yes","odds":"15.00"},{"opp":"Yes \/ No","odds":"6.00"},{"opp":"No \/ Yes","odds":"3.75"},{"opp":"No \/ No","odds":"1.62"}],"1st_half_asian_handicap":[{"opp":"0.0, +0.5","odds":"2.025","header":"Home"},{"opp":"0.0, -0.5","odds":"1.775","header":"Away"}],"1st_half_goal_line":[{"goals":"1.0","odds":"1.725","header":"Over"},{"goals":"1.0","odds":"2.075","header":"Under"}],"alternative_1st_half_asian_handicap":[{"opp":"-0.5","odds":"5.000","header":"Home"},{"opp":"+0.5","odds":"1.170","header":"Away"},{"opp":"0.0, -0.5","odds":"4.100","header":"Home"},{"opp":"0.0, +0.5","odds":"1.225","header":"Away"},{"opp":"0.0","odds":"3.100","header":"Home"},{"opp":"0.0","odds":"1.350","header":"Away"},{"opp":"+0.5","odds":"1.650","header":"Home"},{"opp":"-0.5","odds":"2.200","header":"Away"},{"opp":"+0.5, +1.0","odds":"1.425","header":"Home"},{"opp":"-0.5, -1.0","odds":"2.750","header":"Away"},{"opp":"+1.0","odds":"1.220","header":"Home"},{"opp":"-1.0","odds":"4.150","header":"Away"},{"opp":"+1.0, +1.5","odds":"1.170","header":"Home"},{"opp":"-1.0, -1.5","odds":"5.000","header":"Away"},{"opp":"+1.5","odds":"1.140","header":"Home"},{"opp":"-1.5","odds":"5.750","header":"Away"}],"alternative_1st_half_goal_line":[{"goals":"0.5, 1.0","odds":"1.475","header":"Over"},{"goals":"0.5, 1.0","odds":"2.600","header":"Under"},{"goals":"1.0, 1.5","odds":"2.150","header":"Over"},{"goals":"1.0, 1.5","odds":"1.675","header":"Under"},{"goals":"1.5","odds":"2.600","header":"Over"},{"goals":"1.5","odds":"1.475","header":"Under"},{"goals":"1.5, 2.0","odds":"3.300","header":"Over"},{"goals":"1.5, 2.0","odds":"1.325","header":"Under"},{"goals":"2.0","odds":"5.000","header":"Over"},{"goals":"2.0","odds":"1.170","header":"Under"},{"goals":"2.0, 2.5","odds":"5.750","header":"Over"},{"goals":"2.0, 2.5","odds":"1.140","header":"Under"},{"goals":"2.5","odds":"6.250","header":"Over"},{"goals":"2.5","odds":"1.120","header":"Under"}],"1st_half_handicap":[{"opp":"Stjarnan  +1.0","odds":"1.62"},{"opp":"Tie - FC Copenhagen -1.0","odds":"3.20"},{"opp":"FC Copenhagen  -1.0","odds":"5.50"}],"alternative_1st_half_handicap_result":[{"opp":"-1.0","odds":"17.00","header":"Home"},{"opp":"+1.0","odds":"5.50","header":"Tie"},{"opp":"+1.0","odds":"1.18","header":"Away"},{"opp":"+2.0","odds":"1.10","header":"Home"},{"opp":"-2.0","odds":"7.00","header":"Tie"},{"opp":"-2.0","odds":"15.00","header":"Away"}],"first_half_goals":[{"goals":"0.5","odds":"1.33","header":"Over"},{"goals":"0.5","odds":"3.25","header":"Under"},{"goals":"1.5","odds":"2.62","header":"Over"},{"goals":"1.5","odds":"1.44","header":"Under"},{"goals":"2.5","odds":"6.50","header":"Over"},{"goals":"2.5","odds":"1.11","header":"Under"},{"goals":"3.5","odds":"17.00","header":"Over"},{"goals":"3.5","odds":"1.02","header":"Under"}],"exact_1st_half_goals":[{"opp":"0 Goals","odds":"3.25"},{"opp":"1 Goal","odds":"2.60"},{"opp":"2 Goals","odds":"4.00"},{"opp":"3 Goals","odds":"9.00"},{"opp":"4 Goals","odds":"26.00"},{"opp":"5+ Goals","odds":"51.00"}],"first_half_corners":[{"opp":"5","odds":"2.75","header":"Over"},{"opp":"5","odds":"5.50","header":"Exactly"},{"opp":"5","odds":"1.91","header":"Under"}],"1st_half_asian_corners":[{"goals":"4.5","odds":"1.875","header":"Over"},{"goals":"4.5","odds":"1.925","header":"Under"}],"1st_half_goals_odd_even":[{"opp":"Odd","odds":"2.10"},{"opp":"Even","odds":"1.73"}],"to_score_in_half":[{"name":"1st Half","odds":"2.62","header":"Yes"},{"name":"1st Half","odds":"1.44","header":"No"},{"name":"2nd Half","odds":"2.20","header":"Yes"},{"name":"2nd Half","odds":"1.62","header":"No"},{"name":"1st Half","odds":"1.67","header":"Yes"},{"name":"1st Half","odds":"2.10","header":"No"},{"name":"2nd Half","odds":"1.44","header":"Yes"},{"name":"2nd Half","odds":"2.62","header":"No"}],"half_with_most_goals":[{"opp":"1st Half","odds":"3.10"},{"opp":"2nd Half","odds":"2.00"},{"opp":"Tie","odds":"3.75"}],"home_team_highest_scoring_half":[{"opp":"Stjarnan - 1st Half","odds":"4.00"},{"opp":"Stjarnan - 2nd Half","odds":"2.88"},{"opp":"Stjarnan - Tie","odds":"1.95"}],"away_team_highest_scoring_half":[{"opp":"FC Copenhagen - 1st Half","odds":"3.20"},{"opp":"FC Copenhagen - 2nd Half","odds":"2.25"},{"opp":"FC Copenhagen - Tie","odds":"2.88"}],"2nd_half_result":[{"opp":"1","odds":"4.50"},{"opp":"X","odds":"2.62"},{"opp":"2","odds":"1.95"}],"2nd_half_goals":[{"goals":"0.5","odds":"1.20","header":"Over"},{"goals":"0.5","odds":"4.33","header":"Under"},{"goals":"1.5","odds":"1.91","header":"Over"},{"goals":"1.5","odds":"1.80","header":"Under"},{"goals":"2.5","odds":"4.00","header":"Over"},{"goals":"2.5","odds":"1.22","header":"Under"},{"goals":"3.5","odds":"10.00","header":"Over"},{"goals":"3.5","odds":"1.06","header":"Under"},{"goals":"4.5","odds":"23.00","header":"Over"},{"goals":"4.5","odds":"1.01","header":"Under"}],"exact_2nd_half_goals":[{"opp":"0 Goals","odds":"4.33"},{"opp":"1 Goal","odds":"2.88"},{"opp":"2 Goals","odds":"3.50"},{"opp":"3 Goals","odds":"6.00"},{"opp":"4 Goals","odds":"15.00"},{"opp":"5+ Goals","odds":"23.00"}],"2nd_half_goals_odd_even":[{"opp":"Even","odds":"1.80"},{"opp":"Odd","odds":"1.91"}]}},"main":{"updated_at":"1532570452","sp":{"full_time_result":[{"opp":"1","odds":"5.25"},{"opp":"X","odds":"3.50"},{"opp":"2","odds":"1.62"}],"double_chance":[{"opp":"1X","odds":"2.20"},{"opp":"X2","odds":"1.14"},{"opp":"12","odds":"1.29"}],"correct_score":[{"opp":"1-0","odds":"15.00","header":"Home"},{"opp":"0-0","odds":"12.00","header":"X"},{"opp":"1-0","odds":"8.00","header":"Away"},{"opp":"2-0","odds":"26.00","header":"Home"},{"opp":"1-1","odds":"7.00","header":"X"},{"opp":"2-0","odds":"8.50","header":"Away"},{"opp":"2-1","odds":"17.00","header":"Home"},{"opp":"2-2","odds":"15.00","header":"X"},{"opp":"2-1","odds":"8.50","header":"Away"},{"opp":"3-0","odds":"51.00","header":"Home"},{"opp":"3-3","odds":"41.00","header":"X"},{"opp":"3-0","odds":"13.00","header":"Away"},{"opp":"3-1","odds":"41.00","header":"Home"},{"opp":"3-1","odds":"13.00","header":"Away"},{"opp":"3-2","odds":"41.00","header":"Home"},{"opp":"3-2","odds":"23.00","header":"Away"},{"opp":"4-0","odds":"126.00","header":"Home"},{"opp":"4-0","odds":"23.00","header":"Away"},{"opp":"4-1","odds":"81.00","header":"Home"},{"opp":"4-1","odds":"26.00","header":"Away"},{"opp":"4-2","odds":"101.00","header":"Home"},{"opp":"4-2","odds":"41.00","header":"Away"},{"opp":"4-3","odds":"151.00","header":"Home"},{"opp":"4-3","odds":"81.00","header":"Away"},{"opp":"5-0","odds":"41.00","header":"Away"},{"opp":"5-1","odds":"51.00","header":"Away"},{"opp":"5-2","odds":"81.00","header":"Away"},{"opp":"6-0","odds":"101.00","header":"Away"},{"opp":"6-1","odds":"101.00","header":"Away"},{"opp":"5-3","odds":"151.00","header":"Away"}],"half_time_full_time":[{"opp":"Stjarnan - Stjarnan","odds":"8.00"},{"opp":"Stjarnan - Draw","odds":"17.00"},{"opp":"Stjarnan - FC Copenhagen","odds":"21.00"},{"opp":"Draw - Stjarnan","odds":"10.00"},{"opp":"Draw - Draw","odds":"6.00"},{"opp":"Draw - FC Copenhagen","odds":"4.50"},{"opp":"FC Copenhagen - Stjarnan","odds":"34.00"},{"opp":"FC Copenhagen - Draw","odds":"15.00"},{"opp":"FC Copenhagen - FC Copenhagen","odds":"2.60"}],"goals_over_under":[{"goals":"2.5","odds":"1.75","header":"Over"},{"goals":"2.5","odds":"2.05","header":"Under"}],"both_teams_to_score":[{"opp":"Yes","odds":"1.73"},{"opp":"No","odds":"2.00"}],"asian_handicap":[{"opp":"+0.5","odds":"2.200","header":"Home"},{"opp":"-0.5","odds":"1.650","header":"Away"}],"goal_line":[{"goals":"2.5","odds":"1.750","header":"Over"},{"goals":"2.5","odds":"2.050","header":"Under"}],"alternative_asian_handicap":[{"opp":"-0.5, -1.0","odds":"6.600","header":"Home"},{"opp":"+0.5, +1.0","odds":"1.110","header":"Away"},{"opp":"-0.5","odds":"5.000","header":"Home"},{"opp":"+0.5","odds":"1.170","header":"Away"},{"opp":"0.0, -0.5","odds":"4.250","header":"Home"},{"opp":"0.0, +0.5","odds":"1.210","header":"Away"},{"opp":"0.0","odds":"3.700","header":"Home"},{"opp":"0.0","odds":"1.260","header":"Away"},{"opp":"0.0, +0.5","odds":"2.675","header":"Home"},{"opp":"0.0, -0.5","odds":"1.450","header":"Away"},{"opp":"+0.5, +1.0","odds":"1.975","header":"Home"},{"opp":"-0.5, -1.0","odds":"1.825","header":"Away"},{"opp":"+1.0","odds":"1.725","header":"Home"},{"opp":"-1.0","odds":"2.075","header":"Away"},{"opp":"+1.0, +1.5","odds":"1.550","header":"Home"},{"opp":"-1.0, -1.5","odds":"2.375","header":"Away"},{"opp":"+1.5","odds":"1.450","header":"Home"},{"opp":"-1.5","odds":"2.675","header":"Away"},{"opp":"+1.5, +2.0","odds":"1.325","header":"Home"},{"opp":"-1.5, -2.0","odds":"3.300","header":"Away"},{"opp":"+2.0","odds":"1.210","header":"Home"},{"opp":"-2.0","odds":"4.250","header":"Away"},{"opp":"+2.0, +2.5","odds":"1.180","header":"Home"},{"opp":"-2.0, -2.5","odds":"4.650","header":"Away"},{"opp":"+2.5","odds":"1.160","header":"Home"},{"opp":"-2.5","odds":"5.250","header":"Away"}],"alternative_goal_line":[{"goals":"1.0, 1.5","odds":"1.140","header":"Over"},{"goals":"1.0, 1.5","odds":"5.750","header":"Under"},{"goals":"1.5","odds":"1.230","header":"Over"},{"goals":"1.5","odds":"4.000","header":"Under"},{"goals":"1.5, 2.0","odds":"1.275","header":"Over"},{"goals":"1.5, 2.0","odds":"3.550","header":"Under"},{"goals":"2.0","odds":"1.350","header":"Over"},{"goals":"2.0","odds":"3.100","header":"Under"},{"goals":"2.0, 2.5","odds":"1.550","header":"Over"},{"goals":"2.0, 2.5","odds":"2.375","header":"Under"},{"goals":"2.5, 3.0","odds":"1.950","header":"Over"},{"goals":"2.5, 3.0","odds":"1.850","header":"Under"},{"goals":"3.0","odds":"2.250","header":"Over"},{"goals":"3.0","odds":"1.625","header":"Under"},{"goals":"3.0, 3.5","odds":"2.500","header":"Over"},{"goals":"3.0, 3.5","odds":"1.500","header":"Under"},{"goals":"3.5","odds":"2.750","header":"Over"},{"goals":"3.5","odds":"1.425","header":"Under"},{"goals":"3.5, 4.0","odds":"3.300","header":"Over"},{"goals":"3.5, 4.0","odds":"1.325","header":"Under"},{"goals":"4.0","odds":"4.400","header":"Over"},{"goals":"4.0","odds":"1.200","header":"Under"},{"goals":"4.0, 4.5","odds":"4.650","header":"Over"},{"goals":"4.0, 4.5","odds":"1.180","header":"Under"},{"goals":"4.5","odds":"5.250","header":"Over"},{"goals":"4.5","odds":"1.160","header":"Under"}],"draw_no_bet":[{"opp":"Stjarnan","odds":"3.75"},{"opp":"FC Copenhagen","odds":"1.25"}],"result_both_teams_to_score":[{"name":"Stjarnan","odds":"9.00","header":"Yes"},{"name":"Stjarnan","odds":"9.50","header":"No"},{"name":"FC Copenhagen","odds":"3.50","header":"Yes"},{"name":"FC Copenhagen","odds":"3.00","header":"No"},{"name":"Draw","odds":"4.75","header":"Yes"},{"name":"Draw","odds":"12.00","header":"No"}],"handicap_result":[{"opp":"Stjarnan (+1)","odds":"2.20"},{"opp":"Tie - (FC Copenhagen -1)","odds":"3.75"},{"opp":"FC Copenhagen (-1)","odds":"2.62"}],"alternative_handicap_result":[{"opp":"-2.0","odds":"17.00","header":"Home"},{"opp":"+2.0","odds":"11.00","header":"Tie"},{"opp":"+2.0","odds":"1.05","header":"Away"},{"opp":"-1.0","odds":"10.00","header":"Home"},{"opp":"+1.0","odds":"6.50","header":"Tie"},{"opp":"+1.0","odds":"1.14","header":"Away"},{"opp":"+2.0","odds":"1.40","header":"Home"},{"opp":"-2.0","odds":"4.75","header":"Tie"},{"opp":"-2.0","odds":"5.00","header":"Away"},{"opp":"+3.0","odds":"1.12","header":"Home"},{"opp":"-3.0","odds":"8.00","header":"Tie"},{"opp":"-3.0","odds":"10.00","header":"Away"}],"winning_margin":[{"goals":" 1","odds":"6.50","header":"Home"},{"goals":" 1","odds":"3.75","header":"Away"},{"goals":" 2","odds":"11.00","header":"Home"},{"goals":" 2","odds":"4.75","header":"Away"},{"goals":" 3","odds":"41.00","header":"Home"},{"goals":" 3","odds":"8.00","header":"Away"},{"goals":" 4+","odds":"81.00","header":"Home"},{"goals":" 4+","odds":"10.00","header":"Away"},{"goals":"Score Draw","odds":"4.75","header":"Home"},{"goals":"No Goal","odds":"12.00","header":"Home"}]}},"schedule":{"updated_at":"1532570978","sp":{"main":[{"odds":"1.750"},{"odds":"2.050"}]}},"specials":{"updated_at":"1532570917","sp":{"specials":[{"name":"To Win From Behind","odds":"17.00","header":"Home"},{"name":"To Win From Behind","odds":"8.00","header":"Away"},{"name":"To Win to Nil","odds":"9.50","header":"Home"},{"name":"To Win to Nil","odds":"3.00","header":"Away"},{"name":"To Win Either Half","odds":"2.62","header":"Home"},{"name":"To Win Either Half","odds":"1.33","header":"Away"},{"name":"To Win Both Halves","odds":"23.00","header":"Home"},{"name":"To Win Both Halves","odds":"4.33","header":"Away"},{"name":"To Score in Both Halves","odds":"6.00","header":"Home"},{"name":"To Score in Both Halves","odds":"2.50","header":"Away"}],"to_score_in_half":[{"name":"1st Half","odds":"2.62","header":"Yes"},{"name":"1st Half","odds":"1.44","header":"No"},{"name":"2nd Half","odds":"2.20","header":"Yes"},{"name":"2nd Half","odds":"1.62","header":"No"},{"name":"1st Half","odds":"1.67","header":"Yes"},{"name":"1st Half","odds":"2.10","header":"No"},{"name":"2nd Half","odds":"1.44","header":"Yes"},{"name":"2nd Half","odds":"2.62","header":"No"}]}}}]}}