{"odd":{"success":1,"results":[{"FI":"75226830","event_id":"847780","asian_lines":{"updated_at":"1532570492","sp":{"asian_handicap":[{"opp":"+0.5, +1.0","odds":"1.825","header":"Home"},{"opp":"-0.5, -1.0","odds":"1.975","header":"Away"}],"goal_line":[{"goals":"3.0","odds":"2.050","header":"Over"},{"goals":"3.0","odds":"1.750","header":"Under"}],"alternative_asian_handicap":[{"opp":"-0.5, -1.0","odds":"5.250","header":"Home"},{"opp":"+0.5, +1.0","odds":"1.160","header":"Away"},{"opp":"-0.5","odds":"4.000","header":"Home"},{"opp":"+0.5","odds":"1.230","header":"Away"},{"opp":"0.0, -0.5","odds":"3.550","header":"Home"},{"opp":"0.0, +0.5","odds":"1.275","header":"Away"},{"opp":"0.0","odds":"3.100","header":"Home"},{"opp":"0.0","odds":"1.350","header":"Away"},{"opp":"0.0, +0.5","odds":"2.375","header":"Home"},{"opp":"0.0, -0.5","odds":"1.550","header":"Away"},{"opp":"+0.5","odds":"2.050","header":"Home"},{"opp":"-0.5","odds":"1.750","header":"Away"},{"opp":"+1.0","odds":"1.600","header":"Home"},{"opp":"-1.0","odds":"2.300","header":"Away"},{"opp":"+1.0, +1.5","odds":"1.475","header":"Home"},{"opp":"-1.0, -1.5","odds":"2.600","header":"Away"},{"opp":"+1.5","odds":"1.400","header":"Home"},{"opp":"-1.5","odds":"2.850","header":"Away"},{"opp":"+1.5, +2.0","odds":"1.275","header":"Home"},{"opp":"-1.5, -2.0","odds":"3.550","header":"Away"},{"opp":"+2.0","odds":"1.180","header":"Home"},{"opp":"-2.0","odds":"4.650","header":"Away"},{"opp":"+2.0, +2.5","odds":"1.160","header":"Home"},{"opp":"-2.0, -2.5","odds":"5.250","header":"Away"},{"opp":"+2.5","odds":"1.140","header":"Home"},{"opp":"-2.5","odds":"5.750","header":"Away"}],"alternative_goal_line":[{"goals":"1.0, 1.5","odds":"1.120","header":"Over"},{"goals":"1.0, 1.5","odds":"6.250","header":"Under"},{"goals":"1.5","odds":"1.200","header":"Over"},{"goals":"1.5","odds":"4.400","header":"Under"},{"goals":"1.5, 2.0","odds":"1.240","header":"Over"},{"goals":"1.5, 2.0","odds":"3.900","header":"Under"},{"goals":"2.0","odds":"1.300","header":"Over"},{"goals":"2.0","odds":"3.450","header":"Under"},{"goals":"2.0, 2.5","odds":"1.475","header":"Over"},{"goals":"2.0, 2.5","odds":"2.600","header":"Under"},{"goals":"2.5","odds":"1.650","header":"Over"},{"goals":"2.5","odds":"2.200","header":"Under"},{"goals":"2.5, 3.0","odds":"1.800","header":"Over"},{"goals":"2.5, 3.0","odds":"2.000","header":"Under"},{"goals":"3.0, 3.5","odds":"2.300","header":"Over"},{"goals":"3.0, 3.5","odds":"1.600","header":"Under"},{"goals":"3.5","odds":"2.500","header":"Over"},{"goals":"3.5","odds":"1.500","header":"Under"},{"goals":"3.5, 4.0","odds":"3.000","header":"Over"},{"goals":"3.5, 4.0","odds":"1.375","header":"Under"},{"goals":"4.0","odds":"3.800","header":"Over"},{"goals":"4.0","odds":"1.250","header":"Under"},{"goals":"4.0, 4.5","odds":"4.150","header":"Over"},{"goals":"4.0, 4.5","odds":"1.220","header":"Under"},{"goals":"4.5","odds":"4.500","header":"Over"},{"goals":"4.5","odds":"1.190","header":"Under"},{"goals":"4.5, 5.0","odds":"5.750","header":"Over"},{"goals":"4.5, 5.0","odds":"1.140","header":"Under"}],"1st_half_asian_handicap":[{"opp":"0.0, +0.5","odds":"1.900","header":"Home"},{"opp":"0.0, -0.5","odds":"1.900","header":"Away"}],"1st_half_goal_line":[{"goals":"1.0, 1.5","odds":"2.050","header":"Over"},{"goals":"1.0, 1.5","odds":"1.750","header":"Under"}],"alternative_1st_half_asian_handicap":[{"opp":"-0.5, -1.0","odds":"6.000","header":"Home"},{"opp":"+0.5, +1.0","odds":"1.125","header":"Away"},{"opp":"-0.5","odds":"4.250","header":"Home"},{"opp":"+0.5","odds":"1.210","header":"Away"},{"opp":"0.0, -0.5","odds":"3.450","header":"Home"},{"opp":"0.0, +0.5","odds":"1.300","header":"Away"},{"opp":"0.0","odds":"2.675","header":"Home"},{"opp":"0.0","odds":"1.450","header":"Away"},{"opp":"+0.5","odds":"1.600","header":"Home"},{"opp":"-0.5","odds":"2.300","header":"Away"},{"opp":"+0.5, +1.0","odds":"1.400","header":"Home"},{"opp":"-0.5, -1.0","odds":"2.850","header":"Away"},{"opp":"+1.0","odds":"1.190","header":"Home"},{"opp":"-1.0","odds":"4.500","header":"Away"},{"opp":"+1.0, +1.5","odds":"1.150","header":"Home"},{"opp":"-1.0, -1.5","odds":"5.500","header":"Away"},{"opp":"+1.5","odds":"1.125","header":"Home"},{"opp":"-1.5","odds":"6.000","header":"Away"}],"alternative_1st_half_goal_line":[{"goals":"0.5, 1.0","odds":"1.425","header":"Over"},{"goals":"0.5, 1.0","odds":"2.750","header":"Under"},{"goals":"1.0","odds":"1.625","header":"Over"},{"goals":"1.0","odds":"2.250","header":"Under"},{"goals":"1.5","odds":"2.425","header":"Over"},{"goals":"1.5","odds":"1.525","header":"Under"},{"goals":"1.5, 2.0","odds":"3.000","header":"Over"},{"goals":"1.5, 2.0","odds":"1.375","header":"Under"},{"goals":"2.0","odds":"4.500","header":"Over"},{"goals":"2.0","odds":"1.190","header":"Under"},{"goals":"2.0, 2.5","odds":"5.250","header":"Over"},{"goals":"2.0, 2.5","odds":"1.160","header":"Under"},{"goals":"2.5","odds":"5.750","header":"Over"},{"goals":"2.5","odds":"1.140","header":"Under"}]}},"goals":{"updated_at":"1532570500","sp":{"goals_over_under":[{"goals":"2.5","odds":"1.65","header":"Over"},{"goals":"2.5","odds":"2.20","header":"Under"}],"alternative_total_goals":[{"goals":"0.5","odds":"1.01","header":"Over "},{"goals":"0.5","odds":"15.00","header":"Under"},{"goals":"1.5","odds":"1.20","header":"Over "},{"goals":"1.5","odds":"4.33","header":"Under"},{"goals":"3.5","odds":"2.50","header":"Over "},{"goals":"3.5","odds":"1.50","header":"Under"},{"goals":"4.5","odds":"4.33","header":"Over "},{"goals":"4.5","odds":"1.20","header":"Under"},{"goals":"5.5","odds":"8.00","header":"Over "},{"goals":"5.5","odds":"1.06","header":"Under"},{"goals":"6.5","odds":"11.00","header":"Over "},{"goals":"6.5","odds":"1.02","header":"Under"}],"result_total_goals":[{"opp":"Kriens & Over 2.5","odds":"6.50"},{"opp":"Kriens & Under 2.5","odds":"10.00"},{"opp":"Draw & Over 2.5","odds":"11.00"},{"opp":"Draw & Under  2.5","odds":"5.50"},{"opp":"FC Rapperswil-Jona & Over 2.5","odds":"2.50"},{"opp":"FC Rapperswil-Jona & Under 2.5","odds":"5.00"}],"total_goals_both_teams_to_score":[{"opp":"Over 2.5 & Yes","odds":"2.00"},{"opp":"Over 2.5 & No","odds":"7.50"},{"opp":"Under 2.5 & Yes","odds":"7.50"},{"opp":"Under 2.5 & No","odds":"2.88"}],"exact_total_goals":[{"opp":"0 Goals","odds":"15.00"},{"opp":"1 Goal","odds":"6.00"},{"opp":"2 Goals","odds":"4.00"},{"opp":"3 Goals","odds":"4.00"},{"opp":"4 Goals","odds":"5.00"},{"opp":"5 Goals","odds":"8.50"},{"opp":"6 Goals","odds":"15.00"},{"opp":"7+ Goals","odds":"11.00"}],"number_of_goals_in_match":[{"opp":"Under 2 goals","odds":"4.33"},{"opp":"2 or 3 goals","odds":"2.05"},{"opp":"Over 3 goals","odds":"2.50"}],"both_teams_to_score":[{"opp":"Yes","odds":"1.62"},{"opp":"No","odds":"2.20"}],"teams_to_score":[{"opp":"Both Teams","odds":"1.62"},{"opp":"Kriens Only","odds":"8.00"},{"opp":"No Goal","odds":"15.00"},{"opp":"FC Rapperswil-Jona Only","odds":"3.20"}],"both_teams_to_score_in_1st_half":[{"opp":"Yes","odds":"4.00"},{"opp":"No","odds":"1.22"}],"both_teams_to_score_in_2nd_half":[{"opp":"Yes","odds":"3.00"},{"opp":"No","odds":"1.36"}],"both_teams_to_score_1st_half_2nd_half":[{"opp":"Yes \/ Yes","odds":"12.00"},{"opp":"Yes \/ No","odds":"5.50"},{"opp":"No \/ Yes","odds":"3.60"},{"opp":"No \/ No","odds":"1.73"}],"first_half_goals":[{"goals":"0.5","odds":"1.30","header":"Over"},{"goals":"0.5","odds":"3.40","header":"Under"},{"goals":"1.5","odds":"2.38","header":"Over"},{"goals":"1.5","odds":"1.53","header":"Under"},{"goals":"2.5","odds":"6.00","header":"Over"},{"goals":"2.5","odds":"1.12","header":"Under"},{"goals":"3.5","odds":"15.00","header":"Over"},{"goals":"3.5","odds":"1.03","header":"Under"}],"exact_1st_half_goals":[{"opp":"0 Goals","odds":"3.40"},{"opp":"1 Goal","odds":"2.62"},{"opp":"2 Goals","odds":"3.75"},{"opp":"3 Goals","odds":"8.00"},{"opp":"4 Goals","odds":"23.00"},{"opp":"5+ Goals","odds":"41.00"}],"total_goal_minutes":[{"opp":"Over 160 minutes","odds":"2.20"},{"opp":"140 To 160 minutes inc.","odds":"8.50"},{"opp":"Under 140 minutes","odds":"1.83"}],"first_team_to_score":[{"opp":"Kriens","odds":"2.62"},{"opp":"No Goals","odds":"15.00"},{"opp":"FC Rapperswil-Jona","odds":"1.50"}],"early_goal":[{"opp":"Goal before 26:00","odds":"1.83"},{"opp":"No Goal before 26:00","odds":"1.83"}],"late_goal":[{"opp":"Goal after 75:59","odds":"1.83"},{"opp":"No Goal after 75:59","odds":"1.83"}],"time_of_first_goal_brackets":[{"opp":"1-10","odds":"4.00"},{"opp":"11-20","odds":"4.50"},{"opp":"21-30","odds":"6.00"},{"opp":"31-40","odds":"7.00"},{"opp":"41-50","odds":"8.00"},{"opp":"51-60","odds":"13.00"},{"opp":"61-70","odds":"19.00"},{"opp":"71-80","odds":"21.00"},{"opp":"81 - Full Time","odds":"23.00"},{"opp":"No Goal","odds":"15.00"}],"2nd_half_goals":[{"goals":"0.5","odds":"1.18","header":"Over"},{"goals":"0.5","odds":"4.50","header":"Under"},{"goals":"1.5","odds":"1.83","header":"Over"},{"goals":"1.5","odds":"1.83","header":"Under"},{"goals":"2.5","odds":"3.75","header":"Over"},{"goals":"2.5","odds":"1.25","header":"Under"},{"goals":"3.5","odds":"9.00","header":"Over"},{"goals":"3.5","odds":"1.07","header":"Under"},{"goals":"4.5","odds":"21.00","header":"Over"},{"goals":"4.5","odds":"1.02","header":"Under"}],"exact_2nd_half_goals":[{"opp":"0 Goals","odds":"4.50"},{"opp":"1 Goal","odds":"3.00"},{"opp":"2 Goals","odds":"3.40"},{"opp":"3 Goals","odds":"6.00"},{"opp":"4 Goals","odds":"13.00"},{"opp":"5+ Goals","odds":"21.00"}],"half_with_most_goals":[{"opp":"1st Half","odds":"3.00"},{"opp":"2nd Half","odds":"2.00"},{"opp":"Tie","odds":"3.75"}],"home_team_highest_scoring_half":[{"opp":"Kriens - 1st Half","odds":"3.75"},{"opp":"Kriens - 2nd Half","odds":"2.62"},{"opp":"Kriens - Tie","odds":"2.10"}],"away_team_highest_scoring_half":[{"opp":"FC Rapperswil-Jona - 1st Half","odds":"3.20"},{"opp":"FC Rapperswil-Jona - 2nd Half","odds":"2.25"},{"opp":"FC Rapperswil-Jona - Tie","odds":"2.88"}],"home_team_exact_goals":[{"opp":"Kriens - 0 Goals","odds":"2.75"},{"opp":"Kriens - 1 Goal","odds":"2.50"},{"opp":"Kriens - 2 Goals","odds":"4.33"},{"opp":"Kriens - 3+ Goals","odds":"7.00"}],"away_team_exact_goals":[{"opp":"FC Rapperswil-Jona - 0 Goals","odds":"5.00"},{"opp":"FC Rapperswil-Jona - 1 Goal","odds":"3.10"},{"opp":"FC Rapperswil-Jona - 2 Goals","odds":"3.40"},{"opp":"FC Rapperswil-Jona - 3+ Goals","odds":"3.25"}],"time_of_1st_team_goal":[{"opp":"Kriens - Goal before 63:00","odds":"1.83"},{"opp":"Kriens - No Goal before 63:00","odds":"1.83"},{"opp":"FC Rapperswil-Jona - Goal before 40:00","odds":"1.83"},{"opp":"FC Rapperswil-Jona - No Goal before 40:00","odds":"1.83"}],"goals_odd_even":[{"opp":"Even","odds":"1.90"},{"opp":"Odd","odds":"1.95"}],"home_team_odd_even_goals":[{"opp":"Kriens - Even","odds":"1.67"},{"opp":"Kriens - Odd","odds":"2.10"}],"away_team_odd_even_goals":[{"opp":"FC Rapperswil-Jona - Even","odds":"1.83"},{"opp":"FC Rapperswil-Jona - Odd","odds":"1.83"}],"1st_half_goals_odd_even":[{"opp":"Odd","odds":"2.00"},{"opp":"Even","odds":"1.80"}],"last_team_to_score":[{"opp":"Kriens","odds":"2.62"},{"opp":"No Goal","odds":"15.00"},{"opp":"FC Rapperswil-Jona","odds":"1.50"}],"first_10_minutes_(00:00_09:59)":[{"name":"Goals","handicap":"0.5","odds":"4.00","header":"Over"},{"name":"Goals","handicap":"0.5","odds":"1.22","header":"Under"}]}},"half":{"updated_at":"1532570507","sp":{"half_time_result":[{"opp":"1","odds":"4.33"},{"opp":"X","odds":"2.30"},{"opp":"2","odds":"2.25"}],"half_time_double_chance":[{"opp":"1X","odds":"1.57"},{"opp":"X2","odds":"1.20"},{"opp":"12","odds":"1.57"}],"half_time_result_both_teams_to_score":[{"opp":"Kriens & Yes","odds":"23.00"},{"opp":"Kriens & No","odds":"5.00"},{"opp":"Draw & Yes","odds":"7.00"},{"opp":"Draw & No","odds":"3.25"},{"opp":"FC Rapperswil-Jona & Yes","odds":"13.00"},{"opp":"FC Rapperswil-Jona & No","odds":"2.62"}],"half_time_result_total_goals":[{"opp":"Kriens & Over 1.5","odds":"11.00"},{"opp":"Kriens & Under 1.5","odds":"6.50"},{"opp":"Draw & Over 1.5","odds":"7.50"},{"opp":"Draw & Under 1.5","odds":"3.40"},{"opp":"FC Rapperswil-Jona & Over 1.5","odds":"4.75"},{"opp":"FC Rapperswil-Jona & Under 1.5","odds":"4.00"}],"half_time_correct_score":[{"opp":"1-0","odds":"6.50","header":"Home"},{"opp":"0-0","odds":"3.40","header":"X"},{"opp":"1-0","odds":"4.00","header":"Away"},{"opp":"2-0","odds":"21.00","header":"Home"},{"opp":"1-1","odds":"7.50","header":"X"},{"opp":"2-0","odds":"9.00","header":"Away"},{"opp":"2-1","odds":"26.00","header":"Home"},{"opp":"2-2","odds":"51.00","header":"X"},{"opp":"2-1","odds":"19.00","header":"Away"},{"opp":"3-0","odds":"67.00","header":"Home"},{"opp":"3-0","odds":"26.00","header":"Away"},{"opp":"3-1","odds":"81.00","header":"Home"},{"opp":"3-1","odds":"41.00","header":"Away"},{"opp":"3-2","odds":"151.00","header":"Home"},{"opp":"3-2","odds":"126.00","header":"Away"},{"opp":"4-0","odds":"67.00","header":"Away"},{"opp":"4-1","odds":"126.00","header":"Away"}],"both_teams_to_score_in_1st_half":[{"opp":"Yes","odds":"4.00"},{"opp":"No","odds":"1.22"}],"both_teams_to_score_in_2nd_half":[{"opp":"Yes","odds":"3.00"},{"opp":"No","odds":"1.36"}],"both_teams_to_score_1st_half_2nd_half":[{"opp":"Yes \/ Yes","odds":"12.00"},{"opp":"Yes \/ No","odds":"5.50"},{"opp":"No \/ Yes","odds":"3.60"},{"opp":"No \/ No","odds":"1.73"}],"1st_half_asian_handicap":[{"opp":"0.0, +0.5","odds":"1.900","header":"Home"},{"opp":"0.0, -0.5","odds":"1.900","header":"Away"}],"1st_half_goal_line":[{"goals":"1.0, 1.5","odds":"2.050","header":"Over"},{"goals":"1.0, 1.5","odds":"1.750","header":"Under"}],"alternative_1st_half_asian_handicap":[{"opp":"-0.5, -1.0","odds":"6.000","header":"Home"},{"opp":"+0.5, +1.0","odds":"1.125","header":"Away"},{"opp":"-0.5","odds":"4.250","header":"Home"},{"opp":"+0.5","odds":"1.210","header":"Away"},{"opp":"0.0, -0.5","odds":"3.450","header":"Home"},{"opp":"0.0, +0.5","odds":"1.300","header":"Away"},{"opp":"0.0","odds":"2.675","header":"Home"},{"opp":"0.0","odds":"1.450","header":"Away"},{"opp":"+0.5","odds":"1.600","header":"Home"},{"opp":"-0.5","odds":"2.300","header":"Away"},{"opp":"+0.5, +1.0","odds":"1.400","header":"Home"},{"opp":"-0.5, -1.0","odds":"2.850","header":"Away"},{"opp":"+1.0","odds":"1.190","header":"Home"},{"opp":"-1.0","odds":"4.500","header":"Away"},{"opp":"+1.0, +1.5","odds":"1.150","header":"Home"},{"opp":"-1.0, -1.5","odds":"5.500","header":"Away"},{"opp":"+1.5","odds":"1.125","header":"Home"},{"opp":"-1.5","odds":"6.000","header":"Away"}],"alternative_1st_half_goal_line":[{"goals":"0.5, 1.0","odds":"1.425","header":"Over"},{"goals":"0.5, 1.0","odds":"2.750","header":"Under"},{"goals":"1.0","odds":"1.625","header":"Over"},{"goals":"1.0","odds":"2.250","header":"Under"},{"goals":"1.5","odds":"2.425","header":"Over"},{"goals":"1.5","odds":"1.525","header":"Under"},{"goals":"1.5, 2.0","odds":"3.000","header":"Over"},{"goals":"1.5, 2.0","odds":"1.375","header":"Under"},{"goals":"2.0","odds":"4.500","header":"Over"},{"goals":"2.0","odds":"1.190","header":"Under"},{"goals":"2.0, 2.5","odds":"5.250","header":"Over"},{"goals":"2.0, 2.5","odds":"1.160","header":"Under"},{"goals":"2.5","odds":"5.750","header":"Over"},{"goals":"2.5","odds":"1.140","header":"Under"}],"1st_half_handicap":[{"opp":"Kriens  +1.0","odds":"1.57"},{"opp":"Tie - FC Rapperswil-Jona -1.0","odds":"3.25"},{"opp":"FC Rapperswil-Jona  -1.0","odds":"6.00"}],"alternative_1st_half_handicap_result":[{"opp":"-1.0","odds":"15.00","header":"Home"},{"opp":"+1.0","odds":"5.00","header":"Tie"},{"opp":"+1.0","odds":"1.20","header":"Away"},{"opp":"+2.0","odds":"1.10","header":"Home"},{"opp":"-2.0","odds":"7.50","header":"Tie"},{"opp":"-2.0","odds":"15.00","header":"Away"}],"first_half_goals":[{"goals":"0.5","odds":"1.30","header":"Over"},{"goals":"0.5","odds":"3.40","header":"Under"},{"goals":"1.5","odds":"2.38","header":"Over"},{"goals":"1.5","odds":"1.53","header":"Under"},{"goals":"2.5","odds":"6.00","header":"Over"},{"goals":"2.5","odds":"1.12","header":"Under"},{"goals":"3.5","odds":"15.00","header":"Over"},{"goals":"3.5","odds":"1.03","header":"Under"}],"exact_1st_half_goals":[{"opp":"0 Goals","odds":"3.40"},{"opp":"1 Goal","odds":"2.62"},{"opp":"2 Goals","odds":"3.75"},{"opp":"3 Goals","odds":"8.00"},{"opp":"4 Goals","odds":"23.00"},{"opp":"5+ Goals","odds":"41.00"}],"1st_half_goals_odd_even":[{"opp":"Odd","odds":"2.00"},{"opp":"Even","odds":"1.80"}],"to_score_in_half":[{"name":"1st Half","odds":"2.38","header":"Yes"},{"name":"1st Half","odds":"1.53","header":"No"},{"name":"2nd Half","odds":"1.91","header":"Yes"},{"name":"2nd Half","odds":"1.80","header":"No"},{"name":"1st Half","odds":"1.67","header":"Yes"},{"name":"1st Half","odds":"2.10","header":"No"},{"name":"2nd Half","odds":"1.44","header":"Yes"},{"name":"2nd Half","odds":"2.62","header":"No"}],"half_with_most_goals":[{"opp":"1st Half","odds":"3.00"},{"opp":"2nd Half","odds":"2.00"},{"opp":"Tie","odds":"3.75"}],"home_team_highest_scoring_half":[{"opp":"Kriens - 1st Half","odds":"3.75"},{"opp":"Kriens - 2nd Half","odds":"2.62"},{"opp":"Kriens - Tie","odds":"2.10"}],"away_team_highest_scoring_half":[{"opp":"FC Rapperswil-Jona - 1st Half","odds":"3.20"},{"opp":"FC Rapperswil-Jona - 2nd Half","odds":"2.25"},{"opp":"FC Rapperswil-Jona - Tie","odds":"2.88"}],"2nd_half_result":[{"opp":"1","odds":"4.00"},{"opp":"X","odds":"2.75"},{"opp":"2","odds":"2.05"}],"2nd_half_goals":[{"goals":"0.5","odds":"1.18","header":"Over"},{"goals":"0.5","odds":"4.50","header":"Under"},{"goals":"1.5","odds":"1.83","header":"Over"},{"goals":"1.5","odds":"1.83","header":"Under"},{"goals":"2.5","odds":"3.75","header":"Over"},{"goals":"2.5","odds":"1.25","header":"Under"},{"goals":"3.5","odds":"9.00","header":"Over"},{"goals":"3.5","odds":"1.07","header":"Under"},{"goals":"4.5","odds":"21.00","header":"Over"},{"goals":"4.5","odds":"1.02","header":"Under"}],"exact_2nd_half_goals":[{"opp":"0 Goals","odds":"4.50"},{"opp":"1 Goal","odds":"3.00"},{"opp":"2 Goals","odds":"3.40"},{"opp":"3 Goals","odds":"6.00"},{"opp":"4 Goals","odds":"13.00"},{"opp":"5+ Goals","odds":"21.00"}],"2nd_half_goals_odd_even":[{"opp":"Even","odds":"1.80"},{"opp":"Odd","odds":"1.91"}]}},"main":{"updated_at":"1532570475","sp":{"full_time_result":[{"opp":"1","odds":"4.50"},{"opp":"X","odds":"3.70"},{"opp":"2","odds":"1.67"}],"double_chance":[{"opp":"1X","odds":"2.10"},{"opp":"X2","odds":"1.17"},{"opp":"12","odds":"1.29"}],"correct_score":[{"opp":"1-0","odds":"15.00","header":"Home"},{"opp":"0-0","odds":"15.00","header":"X"},{"opp":"1-0","odds":"9.00","header":"Away"},{"opp":"2-0","odds":"23.00","header":"Home"},{"opp":"1-1","odds":"7.50","header":"X"},{"opp":"2-0","odds":"9.50","header":"Away"},{"opp":"2-1","odds":"15.00","header":"Home"},{"opp":"2-2","odds":"13.00","header":"X"},{"opp":"2-1","odds":"8.50","header":"Away"},{"opp":"3-0","odds":"41.00","header":"Home"},{"opp":"3-3","odds":"41.00","header":"X"},{"opp":"3-0","odds":"15.00","header":"Away"},{"opp":"3-1","odds":"29.00","header":"Home"},{"opp":"4-4","odds":"151.00","header":"X"},{"opp":"3-1","odds":"13.00","header":"Away"},{"opp":"3-2","odds":"34.00","header":"Home"},{"opp":"3-2","odds":"21.00","header":"Away"},{"opp":"4-0","odds":"101.00","header":"Home"},{"opp":"4-0","odds":"26.00","header":"Away"},{"opp":"4-1","odds":"67.00","header":"Home"},{"opp":"4-1","odds":"26.00","header":"Away"},{"opp":"4-2","odds":"67.00","header":"Home"},{"opp":"4-2","odds":"41.00","header":"Away"},{"opp":"4-3","odds":"101.00","header":"Home"},{"opp":"4-3","odds":"67.00","header":"Away"},{"opp":"5-0","odds":"51.00","header":"Away"},{"opp":"5-1","odds":"51.00","header":"Away"},{"opp":"5-2","odds":"67.00","header":"Away"},{"opp":"5-3","odds":"151.00","header":"Away"},{"opp":"6-0","odds":"101.00","header":"Away"},{"opp":"6-1","odds":"101.00","header":"Away"},{"opp":"6-2","odds":"151.00","header":"Away"}],"half_time_full_time":[{"opp":"Kriens - Kriens","odds":"6.50"},{"opp":"Kriens - Draw","odds":"15.00"},{"opp":"Kriens - FC Rapperswil-Jona","odds":"21.00"},{"opp":"Draw - Kriens","odds":"9.00"},{"opp":"Draw - Draw","odds":"6.50"},{"opp":"Draw - FC Rapperswil-Jona","odds":"4.75"},{"opp":"FC Rapperswil-Jona - Kriens","odds":"29.00"},{"opp":"FC Rapperswil-Jona - Draw","odds":"15.00"},{"opp":"FC Rapperswil-Jona - FC Rapperswil-Jona","odds":"2.75"}],"goals_over_under":[{"goals":"2.5","odds":"1.65","header":"Over"},{"goals":"2.5","odds":"2.20","header":"Under"}],"both_teams_to_score":[{"opp":"Yes","odds":"1.62"},{"opp":"No","odds":"2.20"}],"asian_handicap":[{"opp":"+0.5, +1.0","odds":"1.825","header":"Home"},{"opp":"-0.5, -1.0","odds":"1.975","header":"Away"}],"goal_line":[{"goals":"3.0","odds":"2.050","header":"Over"},{"goals":"3.0","odds":"1.750","header":"Under"}],"alternative_asian_handicap":[{"opp":"-0.5, -1.0","odds":"5.250","header":"Home"},{"opp":"+0.5, +1.0","odds":"1.160","header":"Away"},{"opp":"-0.5","odds":"4.000","header":"Home"},{"opp":"+0.5","odds":"1.230","header":"Away"},{"opp":"0.0, -0.5","odds":"3.550","header":"Home"},{"opp":"0.0, +0.5","odds":"1.275","header":"Away"},{"opp":"0.0","odds":"3.100","header":"Home"},{"opp":"0.0","odds":"1.350","header":"Away"},{"opp":"0.0, +0.5","odds":"2.375","header":"Home"},{"opp":"0.0, -0.5","odds":"1.550","header":"Away"},{"opp":"+0.5","odds":"2.050","header":"Home"},{"opp":"-0.5","odds":"1.750","header":"Away"},{"opp":"+1.0","odds":"1.600","header":"Home"},{"opp":"-1.0","odds":"2.300","header":"Away"},{"opp":"+1.0, +1.5","odds":"1.475","header":"Home"},{"opp":"-1.0, -1.5","odds":"2.600","header":"Away"},{"opp":"+1.5","odds":"1.400","header":"Home"},{"opp":"-1.5","odds":"2.850","header":"Away"},{"opp":"+1.5, +2.0","odds":"1.275","header":"Home"},{"opp":"-1.5, -2.0","odds":"3.550","header":"Away"},{"opp":"+2.0","odds":"1.180","header":"Home"},{"opp":"-2.0","odds":"4.650","header":"Away"},{"opp":"+2.0, +2.5","odds":"1.160","header":"Home"},{"opp":"-2.0, -2.5","odds":"5.250","header":"Away"},{"opp":"+2.5","odds":"1.140","header":"Home"},{"opp":"-2.5","odds":"5.750","header":"Away"}],"alternative_goal_line":[{"goals":"1.0, 1.5","odds":"1.120","header":"Over"},{"goals":"1.0, 1.5","odds":"6.250","header":"Under"},{"goals":"1.5","odds":"1.200","header":"Over"},{"goals":"1.5","odds":"4.400","header":"Under"},{"goals":"1.5, 2.0","odds":"1.240","header":"Over"},{"goals":"1.5, 2.0","odds":"3.900","header":"Under"},{"goals":"2.0","odds":"1.300","header":"Over"},{"goals":"2.0","odds":"3.450","header":"Under"},{"goals":"2.0, 2.5","odds":"1.475","header":"Over"},{"goals":"2.0, 2.5","odds":"2.600","header":"Under"},{"goals":"2.5","odds":"1.650","header":"Over"},{"goals":"2.5","odds":"2.200","header":"Under"},{"goals":"2.5, 3.0","odds":"1.800","header":"Over"},{"goals":"2.5, 3.0","odds":"2.000","header":"Under"},{"goals":"3.0, 3.5","odds":"2.300","header":"Over"},{"goals":"3.0, 3.5","odds":"1.600","header":"Under"},{"goals":"3.5","odds":"2.500","header":"Over"},{"goals":"3.5","odds":"1.500","header":"Under"},{"goals":"3.5, 4.0","odds":"3.000","header":"Over"},{"goals":"3.5, 4.0","odds":"1.375","header":"Under"},{"goals":"4.0","odds":"3.800","header":"Over"},{"goals":"4.0","odds":"1.250","header":"Under"},{"goals":"4.0, 4.5","odds":"4.150","header":"Over"},{"goals":"4.0, 4.5","odds":"1.220","header":"Under"},{"goals":"4.5","odds":"4.500","header":"Over"},{"goals":"4.5","odds":"1.190","header":"Under"},{"goals":"4.5, 5.0","odds":"5.750","header":"Over"},{"goals":"4.5, 5.0","odds":"1.140","header":"Under"}],"draw_no_bet":[{"opp":"Kriens","odds":"3.25"},{"opp":"FC Rapperswil-Jona","odds":"1.33"}],"result_both_teams_to_score":[{"name":"Kriens","odds":"7.00","header":"Yes"},{"name":"Kriens","odds":"8.50","header":"No"},{"name":"FC Rapperswil-Jona","odds":"3.40","header":"Yes"},{"name":"FC Rapperswil-Jona","odds":"3.25","header":"No"},{"name":"Draw","odds":"4.75","header":"Yes"},{"name":"Draw","odds":"15.00","header":"No"}],"handicap_result":[{"opp":"Kriens (+1)","odds":"2.10"},{"opp":"Tie - (FC Rapperswil-Jona -1)","odds":"3.75"},{"opp":"FC Rapperswil-Jona (-1)","odds":"2.88"}],"alternative_handicap_result":[{"opp":"-2.0","odds":"15.00","header":"Home"},{"opp":"+2.0","odds":"10.00","header":"Tie"},{"opp":"+2.0","odds":"1.06","header":"Away"},{"opp":"-1.0","odds":"8.50","header":"Home"},{"opp":"+1.0","odds":"7.00","header":"Tie"},{"opp":"+1.0","odds":"1.17","header":"Away"},{"opp":"+2.0","odds":"1.36","header":"Home"},{"opp":"-2.0","odds":"5.00","header":"Tie"},{"opp":"-2.0","odds":"5.50","header":"Away"},{"opp":"+3.0","odds":"1.11","header":"Home"},{"opp":"-3.0","odds":"8.50","header":"Tie"},{"opp":"-3.0","odds":"11.00","header":"Away"}],"winning_margin":[{"goals":" 1","odds":"7.00","header":"Home"},{"goals":" 1","odds":"3.75","header":"Away"},{"goals":" 2","odds":"10.00","header":"Home"},{"goals":" 2","odds":"5.00","header":"Away"},{"goals":" 3","odds":"34.00","header":"Home"},{"goals":" 3","odds":"8.50","header":"Away"},{"goals":" 4+","odds":"67.00","header":"Home"},{"goals":" 4+","odds":"11.00","header":"Away"},{"goals":"Score Draw","odds":"4.75","header":"Home"},{"goals":"No Goal","odds":"15.00","header":"Home"}]}},"schedule":{"updated_at":"1532570426","sp":{"main":[{"odds":"2.050"},{"odds":"1.750"}]}},"specials":{"updated_at":"1532570522","sp":{"specials":[{"name":"To Win From Behind","odds":"15.00","header":"Home"},{"name":"To Win From Behind","odds":"8.00","header":"Away"},{"name":"To Win to Nil","odds":"8.50","header":"Home"},{"name":"To Win to Nil","odds":"3.25","header":"Away"},{"name":"To Win Either Half","odds":"2.38","header":"Home"},{"name":"To Win Either Half","odds":"1.40","header":"Away"},{"name":"To Win Both Halves","odds":"19.00","header":"Home"},{"name":"To Win Both Halves","odds":"5.00","header":"Away"},{"name":"To Score in Both Halves","odds":"5.00","header":"Home"},{"name":"To Score in Both Halves","odds":"2.50","header":"Away"}],"to_score_in_half":[{"name":"1st Half","odds":"2.38","header":"Yes"},{"name":"1st Half","odds":"1.53","header":"No"},{"name":"2nd Half","odds":"1.91","header":"Yes"},{"name":"2nd Half","odds":"1.80","header":"No"},{"name":"1st Half","odds":"1.67","header":"Yes"},{"name":"1st Half","odds":"2.10","header":"No"},{"name":"2nd Half","odds":"1.44","header":"Yes"},{"name":"2nd Half","odds":"2.62","header":"No"}]}}}]}}