{"odd":{"success":1,"results":[{"FI":"75367794","event_id":"840692","asian_lines":{"updated_at":"1532570842","sp":{"asian_handicap":[{"opp":"-2.0","odds":"1.950","header":"Home"},{"opp":"+2.0","odds":"1.850","header":"Away"}],"goal_line":[{"goals":"3.0","odds":"1.850","header":"Over"},{"goals":"3.0","odds":"1.950","header":"Under"}],"alternative_asian_handicap":[{"opp":"-3.5, -4.0","odds":"5.250","header":"Home"},{"opp":"+3.5, +4.0","odds":"1.160","header":"Away"},{"opp":"-3.5","odds":"4.150","header":"Home"},{"opp":"+3.5","odds":"1.220","header":"Away"},{"opp":"-3.0, -3.5","odds":"3.800","header":"Home"},{"opp":"+3.0, +3.5","odds":"1.250","header":"Away"},{"opp":"-3.0","odds":"3.450","header":"Home"},{"opp":"+3.0","odds":"1.300","header":"Away"},{"opp":"-2.5, -3.0","odds":"2.750","header":"Home"},{"opp":"+2.5, +3.0","odds":"1.425","header":"Away"},{"opp":"-2.5","odds":"2.375","header":"Home"},{"opp":"+2.5","odds":"1.550","header":"Away"},{"opp":"-2.0, -2.5","odds":"2.150","header":"Home"},{"opp":"+2.0, +2.5","odds":"1.675","header":"Away"},{"opp":"-1.5, -2.0","odds":"1.725","header":"Home"},{"opp":"+1.5, +2.0","odds":"2.075","header":"Away"},{"opp":"-1.5","odds":"1.575","header":"Home"},{"opp":"+1.5","odds":"2.350","header":"Away"},{"opp":"-1.0, -1.5","odds":"1.400","header":"Home"},{"opp":"+1.0, +1.5","odds":"2.850","header":"Away"},{"opp":"-1.0","odds":"1.240","header":"Home"},{"opp":"+1.0","odds":"3.900","header":"Away"},{"opp":"-0.5, -1.0","odds":"1.200","header":"Home"},{"opp":"+0.5, +1.0","odds":"4.400","header":"Away"},{"opp":"-0.5","odds":"1.170","header":"Home"},{"opp":"+0.5","odds":"5.000","header":"Away"},{"opp":"0.0, -0.5","odds":"1.105","header":"Home"},{"opp":"0.0, +0.5","odds":"6.800","header":"Away"}],"alternative_goal_line":[{"goals":"1.0, 1.5","odds":"1.100","header":"Over"},{"goals":"1.0, 1.5","odds":"7.000","header":"Under"},{"goals":"1.5","odds":"1.180","header":"Over"},{"goals":"1.5","odds":"4.650","header":"Under"},{"goals":"1.5, 2.0","odds":"1.210","header":"Over"},{"goals":"1.5, 2.0","odds":"4.250","header":"Under"},{"goals":"2.0","odds":"1.240","header":"Over"},{"goals":"2.0","odds":"3.900","header":"Under"},{"goals":"2.0, 2.5","odds":"1.375","header":"Over"},{"goals":"2.0, 2.5","odds":"3.000","header":"Under"},{"goals":"2.5","odds":"1.525","header":"Over"},{"goals":"2.5","odds":"2.425","header":"Under"},{"goals":"2.5, 3.0","odds":"1.650","header":"Over"},{"goals":"2.5, 3.0","odds":"2.200","header":"Under"},{"goals":"3.0, 3.5","odds":"2.100","header":"Over"},{"goals":"3.0, 3.5","odds":"1.700","header":"Under"},{"goals":"3.5","odds":"2.350","header":"Over"},{"goals":"3.5","odds":"1.575","header":"Under"},{"goals":"3.5, 4.0","odds":"2.675","header":"Over"},{"goals":"3.5, 4.0","odds":"1.450","header":"Under"},{"goals":"4.0","odds":"3.450","header":"Over"},{"goals":"4.0","odds":"1.300","header":"Under"},{"goals":"4.0, 4.5","odds":"3.550","header":"Over"},{"goals":"4.0, 4.5","odds":"1.275","header":"Under"},{"goals":"4.5","odds":"3.900","header":"Over"},{"goals":"4.5","odds":"1.240","header":"Under"},{"goals":"4.5, 5.0","odds":"5.000","header":"Over"},{"goals":"4.5, 5.0","odds":"1.170","header":"Under"},{"goals":"5.0","odds":"6.800","header":"Over"},{"goals":"5.0","odds":"1.105","header":"Under"}],"1st_half_asian_handicap":[{"opp":"-0.5, -1.0","odds":"1.775","header":"Home"},{"opp":"+0.5, +1.0","odds":"2.025","header":"Away"}],"1st_half_goal_line":[{"goals":"1.0, 1.5","odds":"1.900","header":"Over"},{"goals":"1.0, 1.5","odds":"1.900","header":"Under"}],"alternative_1st_half_asian_handicap":[{"opp":"-2.0","odds":"6.600","header":"Home"},{"opp":"+2.0","odds":"1.110","header":"Away"},{"opp":"-1.5, -2.0","odds":"4.100","header":"Home"},{"opp":"+1.5, +2.0","odds":"1.225","header":"Away"},{"opp":"-1.5","odds":"3.100","header":"Home"},{"opp":"+1.5","odds":"1.350","header":"Away"},{"opp":"-1.0, -1.5","odds":"2.675","header":"Home"},{"opp":"+1.0, +1.5","odds":"1.450","header":"Away"},{"opp":"-1.0","odds":"2.200","header":"Home"},{"opp":"+1.0","odds":"1.650","header":"Away"},{"opp":"-0.5","odds":"1.575","header":"Home"},{"opp":"+0.5","odds":"2.350","header":"Away"},{"opp":"0.0, -0.5","odds":"1.325","header":"Home"},{"opp":"0.0, +0.5","odds":"3.300","header":"Away"},{"opp":"0.0","odds":"1.100","header":"Home"},{"opp":"0.0","odds":"7.000","header":"Away"}],"alternative_1st_half_goal_line":[{"goals":"0.5, 1.0","odds":"1.350","header":"Over"},{"goals":"0.5, 1.0","odds":"3.100","header":"Under"},{"goals":"1.0","odds":"1.500","header":"Over"},{"goals":"1.0","odds":"2.500","header":"Under"},{"goals":"1.5","odds":"2.250","header":"Over"},{"goals":"1.5","odds":"1.625","header":"Under"},{"goals":"1.5, 2.0","odds":"2.750","header":"Over"},{"goals":"1.5, 2.0","odds":"1.425","header":"Under"},{"goals":"2.0","odds":"3.800","header":"Over"},{"goals":"2.0","odds":"1.250","header":"Under"},{"goals":"2.0, 2.5","odds":"4.400","header":"Over"},{"goals":"2.0, 2.5","odds":"1.200","header":"Under"},{"goals":"2.5","odds":"5.000","header":"Over"},{"goals":"2.5","odds":"1.170","header":"Under"},{"goals":"2.5, 3.0","odds":"6.800","header":"Over"},{"goals":"2.5, 3.0","odds":"1.105","header":"Under"}],"asian_total_corners":[{"goals":"9.5","odds":"1.850","header":"Over"},{"goals":"9.5","odds":"1.950","header":"Under"}],"1st_half_asian_corners":[{"goals":"4.5","odds":"1.900","header":"Over"},{"goals":"4.5","odds":"1.900","header":"Under"}]}},"corners":{"updated_at":"1532570860","sp":{"corners":[{"opp":"Over 10","odds":"2.38"},{"opp":"Exactly 10","odds":"7.50"},{"opp":"Under 10","odds":"1.83"}],"total_corners":[{"opp":"Under 6","odds":"11.00"},{"opp":"6 - 8","odds":"3.20"},{"opp":"9 - 11","odds":"2.50"},{"opp":"12 - 14","odds":"4.33"},{"opp":"Over 14","odds":"11.00"}],"alternative_corners":[{"goals":"4","odds":"1.02","header":"Over"},{"goals":"4","odds":"21.00","header":"Exactly"},{"goals":"4","odds":"29.00","header":"Under"},{"goals":"5","odds":"1.05","header":"Over"},{"goals":"5","odds":"15.00","header":"Exactly"},{"goals":"5","odds":"17.00","header":"Under"},{"goals":"6","odds":"1.12","header":"Over"},{"goals":"6","odds":"11.00","header":"Exactly"},{"goals":"6","odds":"10.00","header":"Under"},{"goals":"7","odds":"1.25","header":"Over"},{"goals":"7","odds":"8.50","header":"Exactly"},{"goals":"7","odds":"6.00","header":"Under"},{"goals":"8","odds":"1.50","header":"Over"},{"goals":"8","odds":"7.50","header":"Exactly"},{"goals":"8","odds":"3.75","header":"Under"},{"goals":"9","odds":"1.83","header":"Over"},{"goals":"9","odds":"7.00","header":"Exactly"},{"goals":"9","odds":"2.60","header":"Under"},{"goals":"11","odds":"3.20","header":"Over"},{"goals":"11","odds":"8.00","header":"Exactly"},{"goals":"11","odds":"1.57","header":"Under"},{"goals":"12","odds":"4.50","header":"Over"},{"goals":"12","odds":"9.50","header":"Exactly"},{"goals":"12","odds":"1.33","header":"Under"},{"goals":"13","odds":"7.00","header":"Over"},{"goals":"13","odds":"11.00","header":"Exactly"},{"goals":"13","odds":"1.18","header":"Under"},{"goals":"14","odds":"10.00","header":"Over"},{"goals":"14","odds":"15.00","header":"Exactly"},{"goals":"14","odds":"1.09","header":"Under"},{"goals":"15","odds":"15.00","header":"Over"},{"goals":"15","odds":"19.00","header":"Exactly"},{"goals":"15","odds":"1.05","header":"Under"},{"goals":"16","odds":"21.00","header":"Over"},{"goals":"16","odds":"23.00","header":"Exactly"},{"goals":"16","odds":"1.02","header":"Under"},{"goals":"17","odds":"29.00","header":"Over"},{"goals":"17","odds":"34.00","header":"Exactly"},{"goals":"17","odds":"1.02","header":"Under"}],"corners_2_way":[{"opp":"Over 9.5","odds":"1.83"},{"opp":"Under 9.5","odds":"1.83"}],"first_half_corners":[{"opp":"5","odds":"2.75","header":"Over"},{"opp":"5","odds":"5.50","header":"Exactly"},{"opp":"5","odds":"1.83","header":"Under"}],"asian_total_corners":[{"goals":"9.5","odds":"1.850","header":"Over"},{"goals":"9.5","odds":"1.950","header":"Under"}],"1st_half_asian_corners":[{"goals":"4.5","odds":"1.900","header":"Over"},{"goals":"4.5","odds":"1.900","header":"Under"}]}},"goals":{"updated_at":"1532570880","sp":{"goals_over_under":[{"goals":"2.5","odds":"1.53","header":"Over"},{"goals":"2.5","odds":"2.40","header":"Under"}],"alternative_total_goals":[{"goals":"0.5","odds":"1.01","header":"Over "},{"goals":"0.5","odds":"15.00","header":"Under"},{"goals":"1.5","odds":"1.17","header":"Over "},{"goals":"1.5","odds":"4.50","header":"Under"},{"goals":"3.5","odds":"2.25","header":"Over "},{"goals":"3.5","odds":"1.57","header":"Under"},{"goals":"4.5","odds":"4.00","header":"Over "},{"goals":"4.5","odds":"1.22","header":"Under"},{"goals":"5.5","odds":"7.00","header":"Over "},{"goals":"5.5","odds":"1.08","header":"Under"},{"goals":"6.5","odds":"10.50","header":"Over "},{"goals":"6.5","odds":"1.02","header":"Under"}],"result_total_goals":[{"opp":"Atalanta & Over 3.5","odds":"2.50"},{"opp":"Atalanta & Under 3.5","odds":"2.00"},{"opp":"Draw & Over 3.5","odds":"29.00"},{"opp":"Draw & Under  3.5","odds":"8.50"},{"opp":"FK Sarajevo & Over 3.5","odds":"51.00"},{"opp":"FK Sarajevo & Under 3.5","odds":"15.00"}],"total_goals_both_teams_to_score":[{"opp":"Over 2.5 & Yes","odds":"2.75"},{"opp":"Over 2.5 & No","odds":"3.00"},{"opp":"Under 2.5 & Yes","odds":"15.00"},{"opp":"Under 2.5 & No","odds":"2.75"}],"exact_total_goals":[{"opp":"0 Goals","odds":"15.00"},{"opp":"1 Goal","odds":"6.50"},{"opp":"2 Goals","odds":"4.33"},{"opp":"3 Goals","odds":"4.00"},{"opp":"4 Goals","odds":"5.00"},{"opp":"5 Goals","odds":"7.50"},{"opp":"6 Goals","odds":"13.00"},{"opp":"7+ Goals","odds":"10.50"}],"number_of_goals_in_match":[{"opp":"Under 2 goals","odds":"4.50"},{"opp":"2 or 3 goals","odds":"2.10"},{"opp":"Over 3 goals","odds":"2.25"}],"both_teams_to_score":[{"opp":"Yes","odds":"2.50"},{"opp":"No","odds":"1.50"}],"teams_to_score":[{"opp":"Both Teams","odds":"2.50"},{"opp":"Atalanta Only","odds":"1.67"},{"opp":"No Goal","odds":"15.00"},{"opp":"FK Sarajevo Only","odds":"21.00"}],"both_teams_to_score_in_1st_half":[{"opp":"Yes","odds":"6.00"},{"opp":"No","odds":"1.11"}],"both_teams_to_score_in_2nd_half":[{"opp":"Yes","odds":"4.33"},{"opp":"No","odds":"1.20"}],"both_teams_to_score_1st_half_2nd_half":[{"opp":"Yes \/ Yes","odds":"26.00"},{"opp":"Yes \/ No","odds":"7.00"},{"opp":"No \/ Yes","odds":"4.75"},{"opp":"No \/ No","odds":"1.36"}],"first_half_goals":[{"goals":"0.5","odds":"1.25","header":"Over"},{"goals":"0.5","odds":"3.75","header":"Under"},{"goals":"1.5","odds":"2.20","header":"Over"},{"goals":"1.5","odds":"1.62","header":"Under"},{"goals":"2.5","odds":"5.00","header":"Over"},{"goals":"2.5","odds":"1.17","header":"Under"},{"goals":"3.5","odds":"13.00","header":"Over"},{"goals":"3.5","odds":"1.04","header":"Under"}],"exact_1st_half_goals":[{"opp":"0 Goals","odds":"3.75"},{"opp":"1 Goal","odds":"2.62"},{"opp":"2 Goals","odds":"3.75"},{"opp":"3 Goals","odds":"7.50"},{"opp":"4 Goals","odds":"19.00"},{"opp":"5+ Goals","odds":"34.00"}],"first_team_to_score":[{"opp":"Atalanta","odds":"1.14"},{"opp":"No Goals","odds":"15.00"},{"opp":"FK Sarajevo","odds":"6.00"}],"2nd_half_goals":[{"goals":"0.5","odds":"1.14","header":"Over"},{"goals":"0.5","odds":"5.50","header":"Under"},{"goals":"1.5","odds":"1.73","header":"Over"},{"goals":"1.5","odds":"2.00","header":"Under"},{"goals":"2.5","odds":"3.40","header":"Over"},{"goals":"2.5","odds":"1.30","header":"Under"},{"goals":"3.5","odds":"8.00","header":"Over"},{"goals":"3.5","odds":"1.08","header":"Under"},{"goals":"4.5","odds":"19.00","header":"Over"},{"goals":"4.5","odds":"1.02","header":"Under"}],"exact_2nd_half_goals":[{"opp":"0 Goals","odds":"5.50"},{"opp":"1 Goal","odds":"3.00"},{"opp":"2 Goals","odds":"3.40"},{"opp":"3 Goals","odds":"5.50"},{"opp":"4 Goals","odds":"12.00"},{"opp":"5+ Goals","odds":"19.00"}],"half_with_most_goals":[{"opp":"1st Half","odds":"3.00"},{"opp":"2nd Half","odds":"2.00"},{"opp":"Tie","odds":"4.00"}],"home_team_highest_scoring_half":[{"opp":"Atalanta - 1st Half","odds":"3.00"},{"opp":"Atalanta - 2nd Half","odds":"2.05"},{"opp":"Atalanta - Tie","odds":"3.50"}],"away_team_highest_scoring_half":[{"opp":"FK Sarajevo - 1st Half","odds":"5.00"},{"opp":"FK Sarajevo - 2nd Half","odds":"4.00"},{"opp":"FK Sarajevo - Tie","odds":"1.50"}],"home_team_exact_goals":[{"opp":"Atalanta - 0 Goals","odds":"8.50"},{"opp":"Atalanta - 1 Goal","odds":"4.50"},{"opp":"Atalanta - 2 Goals","odds":"3.60"},{"opp":"Atalanta - 3+ Goals","odds":"1.83"}],"away_team_exact_goals":[{"opp":"FK Sarajevo - 0 Goals","odds":"1.57"},{"opp":"FK Sarajevo - 1 Goal","odds":"2.88"},{"opp":"FK Sarajevo - 2 Goals","odds":"9.00"},{"opp":"FK Sarajevo - 3+ Goals","odds":"15.00"}],"goals_odd_even":[{"opp":"Even","odds":"1.90"},{"opp":"Odd","odds":"1.95"}],"home_team_odd_even_goals":[{"opp":"Atalanta - Even","odds":"1.83"},{"opp":"Atalanta - Odd","odds":"1.83"}],"away_team_odd_even_goals":[{"opp":"FK Sarajevo - Even","odds":"1.40"},{"opp":"FK Sarajevo - Odd","odds":"2.75"}],"1st_half_goals_odd_even":[{"opp":"Odd","odds":"2.00"},{"opp":"Even","odds":"1.80"}],"last_team_to_score":[{"opp":"Atalanta","odds":"1.14"},{"opp":"No Goal","odds":"15.00"},{"opp":"FK Sarajevo","odds":"6.00"}]}},"half":{"updated_at":"1532570874","sp":{"half_time_result":[{"opp":"1","odds":"1.53"},{"opp":"X","odds":"2.75"},{"opp":"2","odds":"10.00"}],"half_time_double_chance":[{"opp":"1X","odds":"1.06"},{"opp":"X2","odds":"2.38"},{"opp":"12","odds":"1.40"}],"half_time_result_both_teams_to_score":[{"opp":"Atalanta & Yes","odds":"13.00"},{"opp":"Atalanta & No","odds":"1.73"},{"opp":"Draw & Yes","odds":"11.00"},{"opp":"Draw & No","odds":"3.50"},{"opp":"FK Sarajevo & Yes","odds":"51.00"},{"opp":"FK Sarajevo & No","odds":"11.00"}],"half_time_result_total_goals":[{"opp":"Atalanta & Over 1.5","odds":"2.75"},{"opp":"Atalanta & Under 1.5","odds":"3.10"},{"opp":"Draw & Over 1.5","odds":"11.00"},{"opp":"Draw & Under 1.5","odds":"3.75"},{"opp":"FK Sarajevo & Over 1.5","odds":"34.00"},{"opp":"FK Sarajevo & Under 1.5","odds":"13.00"}],"half_time_correct_score":[{"opp":"1-0","odds":"3.10","header":"Home"},{"opp":"0-0","odds":"3.75","header":"X"},{"opp":"1-0","odds":"13.00","header":"Away"},{"opp":"2-0","odds":"5.00","header":"Home"},{"opp":"1-1","odds":"12.00","header":"X"},{"opp":"2-0","odds":"51.00","header":"Away"},{"opp":"2-1","odds":"21.00","header":"Home"},{"opp":"2-2","odds":"81.00","header":"X"},{"opp":"2-1","odds":"51.00","header":"Away"},{"opp":"3-0","odds":"11.00","header":"Home"},{"opp":"3-1","odds":"41.00","header":"Home"},{"opp":"4-0","odds":"29.00","header":"Home"},{"opp":"4-1","odds":"81.00","header":"Home"},{"opp":"5-0","odds":"67.00","header":"Home"}],"both_teams_to_score_in_1st_half":[{"opp":"Yes","odds":"6.00"},{"opp":"No","odds":"1.11"}],"both_teams_to_score_in_2nd_half":[{"opp":"Yes","odds":"4.33"},{"opp":"No","odds":"1.20"}],"both_teams_to_score_1st_half_2nd_half":[{"opp":"Yes \/ Yes","odds":"26.00"},{"opp":"Yes \/ No","odds":"7.00"},{"opp":"No \/ Yes","odds":"4.75"},{"opp":"No \/ No","odds":"1.36"}],"1st_half_asian_handicap":[{"opp":"-0.5, -1.0","odds":"1.775","header":"Home"},{"opp":"+0.5, +1.0","odds":"2.025","header":"Away"}],"1st_half_goal_line":[{"goals":"1.0, 1.5","odds":"1.900","header":"Over"},{"goals":"1.0, 1.5","odds":"1.900","header":"Under"}],"alternative_1st_half_asian_handicap":[{"opp":"-2.0","odds":"6.600","header":"Home"},{"opp":"+2.0","odds":"1.110","header":"Away"},{"opp":"-1.5, -2.0","odds":"4.100","header":"Home"},{"opp":"+1.5, +2.0","odds":"1.225","header":"Away"},{"opp":"-1.5","odds":"3.100","header":"Home"},{"opp":"+1.5","odds":"1.350","header":"Away"},{"opp":"-1.0, -1.5","odds":"2.675","header":"Home"},{"opp":"+1.0, +1.5","odds":"1.450","header":"Away"},{"opp":"-1.0","odds":"2.200","header":"Home"},{"opp":"+1.0","odds":"1.650","header":"Away"},{"opp":"-0.5","odds":"1.575","header":"Home"},{"opp":"+0.5","odds":"2.350","header":"Away"},{"opp":"0.0, -0.5","odds":"1.325","header":"Home"},{"opp":"0.0, +0.5","odds":"3.300","header":"Away"},{"opp":"0.0","odds":"1.100","header":"Home"},{"opp":"0.0","odds":"7.000","header":"Away"}],"alternative_1st_half_goal_line":[{"goals":"0.5, 1.0","odds":"1.350","header":"Over"},{"goals":"0.5, 1.0","odds":"3.100","header":"Under"},{"goals":"1.0","odds":"1.500","header":"Over"},{"goals":"1.0","odds":"2.500","header":"Under"},{"goals":"1.5","odds":"2.250","header":"Over"},{"goals":"1.5","odds":"1.625","header":"Under"},{"goals":"1.5, 2.0","odds":"2.750","header":"Over"},{"goals":"1.5, 2.0","odds":"1.425","header":"Under"},{"goals":"2.0","odds":"3.800","header":"Over"},{"goals":"2.0","odds":"1.250","header":"Under"},{"goals":"2.0, 2.5","odds":"4.400","header":"Over"},{"goals":"2.0, 2.5","odds":"1.200","header":"Under"},{"goals":"2.5","odds":"5.000","header":"Over"},{"goals":"2.5","odds":"1.170","header":"Under"},{"goals":"2.5, 3.0","odds":"6.800","header":"Over"},{"goals":"2.5, 3.0","odds":"1.105","header":"Under"}],"1st_half_handicap":[{"opp":"Atalanta  -1.0","odds":"3.10"},{"opp":"Tie - FK Sarajevo +1.0","odds":"2.75"},{"opp":"FK Sarajevo  +1.0","odds":"2.38"}],"alternative_1st_half_handicap_result":[{"opp":"-2.0","odds":"7.50","header":"Home"},{"opp":"+2.0","odds":"4.50","header":"Tie"},{"opp":"+2.0","odds":"1.30","header":"Away"},{"opp":"+1.0","odds":"1.06","header":"Home"},{"opp":"-1.0","odds":"11.00","header":"Tie"},{"opp":"-1.0","odds":"29.00","header":"Away"}],"first_half_goals":[{"goals":"0.5","odds":"1.25","header":"Over"},{"goals":"0.5","odds":"3.75","header":"Under"},{"goals":"1.5","odds":"2.20","header":"Over"},{"goals":"1.5","odds":"1.62","header":"Under"},{"goals":"2.5","odds":"5.00","header":"Over"},{"goals":"2.5","odds":"1.17","header":"Under"},{"goals":"3.5","odds":"13.00","header":"Over"},{"goals":"3.5","odds":"1.04","header":"Under"}],"exact_1st_half_goals":[{"opp":"0 Goals","odds":"3.75"},{"opp":"1 Goal","odds":"2.62"},{"opp":"2 Goals","odds":"3.75"},{"opp":"3 Goals","odds":"7.50"},{"opp":"4 Goals","odds":"19.00"},{"opp":"5+ Goals","odds":"34.00"}],"first_half_corners":[{"opp":"5","odds":"2.75","header":"Over"},{"opp":"5","odds":"5.50","header":"Exactly"},{"opp":"5","odds":"1.83","header":"Under"}],"1st_half_asian_corners":[{"goals":"4.5","odds":"1.900","header":"Over"},{"goals":"4.5","odds":"1.900","header":"Under"}],"1st_half_goals_odd_even":[{"opp":"Odd","odds":"2.00"},{"opp":"Even","odds":"1.80"}],"to_score_in_half":[{"name":"1st Half","odds":"1.40","header":"Yes"},{"name":"1st Half","odds":"2.75","header":"No"},{"name":"2nd Half","odds":"1.25","header":"Yes"},{"name":"2nd Half","odds":"3.75","header":"No"},{"name":"1st Half","odds":"4.33","header":"Yes"},{"name":"1st Half","odds":"1.20","header":"No"},{"name":"2nd Half","odds":"3.50","header":"Yes"},{"name":"2nd Half","odds":"1.29","header":"No"}],"half_with_most_goals":[{"opp":"1st Half","odds":"3.00"},{"opp":"2nd Half","odds":"2.00"},{"opp":"Tie","odds":"4.00"}],"home_team_highest_scoring_half":[{"opp":"Atalanta - 1st Half","odds":"3.00"},{"opp":"Atalanta - 2nd Half","odds":"2.05"},{"opp":"Atalanta - Tie","odds":"3.50"}],"away_team_highest_scoring_half":[{"opp":"FK Sarajevo - 1st Half","odds":"5.00"},{"opp":"FK Sarajevo - 2nd Half","odds":"4.00"},{"opp":"FK Sarajevo - Tie","odds":"1.50"}],"2nd_half_result":[{"opp":"1","odds":"1.40"},{"opp":"X","odds":"3.40"},{"opp":"2","odds":"10.00"}],"2nd_half_goals":[{"goals":"0.5","odds":"1.14","header":"Over"},{"goals":"0.5","odds":"5.50","header":"Under"},{"goals":"1.5","odds":"1.73","header":"Over"},{"goals":"1.5","odds":"2.00","header":"Under"},{"goals":"2.5","odds":"3.40","header":"Over"},{"goals":"2.5","odds":"1.30","header":"Under"},{"goals":"3.5","odds":"8.00","header":"Over"},{"goals":"3.5","odds":"1.08","header":"Under"},{"goals":"4.5","odds":"19.00","header":"Over"},{"goals":"4.5","odds":"1.02","header":"Under"}],"exact_2nd_half_goals":[{"opp":"0 Goals","odds":"5.50"},{"opp":"1 Goal","odds":"3.00"},{"opp":"2 Goals","odds":"3.40"},{"opp":"3 Goals","odds":"5.50"},{"opp":"4 Goals","odds":"12.00"},{"opp":"5+ Goals","odds":"19.00"}],"2nd_half_goals_odd_even":[{"opp":"Even","odds":"1.80"},{"opp":"Odd","odds":"1.91"}]}},"main":{"updated_at":"1532570828","sp":{"full_time_result":[{"opp":"1","odds":"1.17"},{"opp":"X","odds":"7.00"},{"opp":"2","odds":"11.00"}],"double_chance":[{"opp":"1X","odds":"1.02"},{"opp":"X2","odds":"4.50"},{"opp":"12","odds":"1.08"}],"correct_score":[{"opp":"1-0","odds":"7.50","header":"Home"},{"opp":"0-0","odds":"15.00","header":"X"},{"opp":"1-0","odds":"26.00","header":"Away"},{"opp":"2-0","odds":"6.00","header":"Home"},{"opp":"1-1","odds":"15.00","header":"X"},{"opp":"2-0","odds":"51.00","header":"Away"},{"opp":"2-1","odds":"11.00","header":"Home"},{"opp":"2-2","odds":"34.00","header":"X"},{"opp":"2-1","odds":"34.00","header":"Away"},{"opp":"3-0","odds":"6.50","header":"Home"},{"opp":"3-3","odds":"101.00","header":"X"},{"opp":"3-1","odds":"101.00","header":"Away"},{"opp":"3-1","odds":"12.00","header":"Home"},{"opp":"3-2","odds":"81.00","header":"Away"},{"opp":"3-2","odds":"34.00","header":"Home"},{"opp":"4-0","odds":"9.00","header":"Home"},{"opp":"4-1","odds":"17.00","header":"Home"},{"opp":"4-2","odds":"41.00","header":"Home"},{"opp":"5-0","odds":"17.00","header":"Home"},{"opp":"5-1","odds":"29.00","header":"Home"},{"opp":"5-2","odds":"67.00","header":"Home"},{"opp":"6-0","odds":"29.00","header":"Home"},{"opp":"6-1","odds":"51.00","header":"Home"},{"opp":"6-2","odds":"126.00","header":"Home"},{"opp":"7-0","odds":"51.00","header":"Home"},{"opp":"7-1","odds":"81.00","header":"Home"},{"opp":"8-0","odds":"101.00","header":"Home"},{"opp":"4-3","odds":"151.00","header":"Home"}],"half_time_full_time":[{"opp":"Atalanta - Atalanta","odds":"1.62"},{"opp":"Atalanta - Draw","odds":"21.00"},{"opp":"Atalanta - FK Sarajevo","odds":"51.00"},{"opp":"Draw - Atalanta","odds":"3.75"},{"opp":"Draw - Draw","odds":"9.50"},{"opp":"Draw - FK Sarajevo","odds":"23.00"},{"opp":"FK Sarajevo - Atalanta","odds":"21.00"},{"opp":"FK Sarajevo - Draw","odds":"29.00"},{"opp":"FK Sarajevo - FK Sarajevo","odds":"23.00"}],"goals_over_under":[{"goals":"2.5","odds":"1.53","header":"Over"},{"goals":"2.5","odds":"2.40","header":"Under"}],"both_teams_to_score":[{"opp":"Yes","odds":"2.50"},{"opp":"No","odds":"1.50"}],"asian_handicap":[{"opp":"-2.0","odds":"1.950","header":"Home"},{"opp":"+2.0","odds":"1.850","header":"Away"}],"goal_line":[{"goals":"3.0","odds":"1.850","header":"Over"},{"goals":"3.0","odds":"1.950","header":"Under"}],"alternative_asian_handicap":[{"opp":"-3.5, -4.0","odds":"5.250","header":"Home"},{"opp":"+3.5, +4.0","odds":"1.160","header":"Away"},{"opp":"-3.5","odds":"4.150","header":"Home"},{"opp":"+3.5","odds":"1.220","header":"Away"},{"opp":"-3.0, -3.5","odds":"3.800","header":"Home"},{"opp":"+3.0, +3.5","odds":"1.250","header":"Away"},{"opp":"-3.0","odds":"3.450","header":"Home"},{"opp":"+3.0","odds":"1.300","header":"Away"},{"opp":"-2.5, -3.0","odds":"2.750","header":"Home"},{"opp":"+2.5, +3.0","odds":"1.425","header":"Away"},{"opp":"-2.5","odds":"2.375","header":"Home"},{"opp":"+2.5","odds":"1.550","header":"Away"},{"opp":"-2.0, -2.5","odds":"2.150","header":"Home"},{"opp":"+2.0, +2.5","odds":"1.675","header":"Away"},{"opp":"-1.5, -2.0","odds":"1.725","header":"Home"},{"opp":"+1.5, +2.0","odds":"2.075","header":"Away"},{"opp":"-1.5","odds":"1.575","header":"Home"},{"opp":"+1.5","odds":"2.350","header":"Away"},{"opp":"-1.0, -1.5","odds":"1.400","header":"Home"},{"opp":"+1.0, +1.5","odds":"2.850","header":"Away"},{"opp":"-1.0","odds":"1.240","header":"Home"},{"opp":"+1.0","odds":"3.900","header":"Away"},{"opp":"-0.5, -1.0","odds":"1.200","header":"Home"},{"opp":"+0.5, +1.0","odds":"4.400","header":"Away"},{"opp":"-0.5","odds":"1.170","header":"Home"},{"opp":"+0.5","odds":"5.000","header":"Away"},{"opp":"0.0, -0.5","odds":"1.105","header":"Home"},{"opp":"0.0, +0.5","odds":"6.800","header":"Away"}],"alternative_goal_line":[{"goals":"1.0, 1.5","odds":"1.100","header":"Over"},{"goals":"1.0, 1.5","odds":"7.000","header":"Under"},{"goals":"1.5","odds":"1.180","header":"Over"},{"goals":"1.5","odds":"4.650","header":"Under"},{"goals":"1.5, 2.0","odds":"1.210","header":"Over"},{"goals":"1.5, 2.0","odds":"4.250","header":"Under"},{"goals":"2.0","odds":"1.240","header":"Over"},{"goals":"2.0","odds":"3.900","header":"Under"},{"goals":"2.0, 2.5","odds":"1.375","header":"Over"},{"goals":"2.0, 2.5","odds":"3.000","header":"Under"},{"goals":"2.5","odds":"1.525","header":"Over"},{"goals":"2.5","odds":"2.425","header":"Under"},{"goals":"2.5, 3.0","odds":"1.650","header":"Over"},{"goals":"2.5, 3.0","odds":"2.200","header":"Under"},{"goals":"3.0, 3.5","odds":"2.100","header":"Over"},{"goals":"3.0, 3.5","odds":"1.700","header":"Under"},{"goals":"3.5","odds":"2.350","header":"Over"},{"goals":"3.5","odds":"1.575","header":"Under"},{"goals":"3.5, 4.0","odds":"2.675","header":"Over"},{"goals":"3.5, 4.0","odds":"1.450","header":"Under"},{"goals":"4.0","odds":"3.450","header":"Over"},{"goals":"4.0","odds":"1.300","header":"Under"},{"goals":"4.0, 4.5","odds":"3.550","header":"Over"},{"goals":"4.0, 4.5","odds":"1.275","header":"Under"},{"goals":"4.5","odds":"3.900","header":"Over"},{"goals":"4.5","odds":"1.240","header":"Under"},{"goals":"4.5, 5.0","odds":"5.000","header":"Over"},{"goals":"4.5, 5.0","odds":"1.170","header":"Under"},{"goals":"5.0","odds":"6.800","header":"Over"},{"goals":"5.0","odds":"1.105","header":"Under"}],"draw_no_bet":[{"opp":"Atalanta","odds":"1.05"},{"opp":"FK Sarajevo","odds":"8.50"}],"result_both_teams_to_score":[{"name":"Atalanta","odds":"3.25","header":"Yes"},{"name":"Atalanta","odds":"1.67","header":"No"},{"name":"FK Sarajevo","odds":"23.00","header":"Yes"},{"name":"FK Sarajevo","odds":"21.00","header":"No"},{"name":"Draw","odds":"10.00","header":"Yes"},{"name":"Draw","odds":"15.00","header":"No"}],"handicap_result":[{"opp":"Atalanta (-2)","odds":"2.30"},{"opp":"Tie - (FK Sarajevo +2)","odds":"4.00"},{"opp":"FK Sarajevo (+2)","odds":"2.38"}],"alternative_handicap_result":[{"opp":"-4.0","odds":"7.50","header":"Home"},{"opp":"+4.0","odds":"7.00","header":"Tie"},{"opp":"+4.0","odds":"1.20","header":"Away"},{"opp":"-3.0","odds":"4.00","header":"Home"},{"opp":"+3.0","odds":"4.75","header":"Tie"},{"opp":"+3.0","odds":"1.53","header":"Away"},{"opp":"-1.0","odds":"1.53","header":"Home"},{"opp":"+1.0","odds":"4.00","header":"Tie"},{"opp":"+1.0","odds":"4.50","header":"Away"},{"opp":"+1.0","odds":"1.02","header":"Home"},{"opp":"-1.0","odds":"17.00","header":"Tie"},{"opp":"-1.0","odds":"21.00","header":"Away"}],"winning_margin":[{"goals":" 1","odds":"4.00","header":"Home"},{"goals":" 1","odds":"17.00","header":"Away"},{"goals":" 2","odds":"4.00","header":"Home"},{"goals":" 2","odds":"51.00","header":"Away"},{"goals":" 3","odds":"4.75","header":"Home"},{"goals":" 3","odds":"151.00","header":"Away"},{"goals":" 4+","odds":"4.00","header":"Home"},{"goals":" 4+","odds":"251.00","header":"Away"},{"goals":"Score Draw","odds":"10.00","header":"Home"},{"goals":"No Goal","odds":"15.00","header":"Home"}]}},"schedule":{"updated_at":"1532570967","sp":{"main":[{"odds":"1.850"},{"odds":"1.950"}]}},"specials":{"updated_at":"1532570894","sp":{"specials":[{"name":"To Win From Behind","odds":"8.00","header":"Home"},{"name":"To Win From Behind","odds":"41.00","header":"Away"},{"name":"To Win to Nil","odds":"1.67","header":"Home"},{"name":"To Win to Nil","odds":"21.00","header":"Away"},{"name":"To Win Either Half","odds":"1.10","header":"Home"},{"name":"To Win Either Half","odds":"5.50","header":"Away"},{"name":"To Win Both Halves","odds":"2.20","header":"Home"},{"name":"To Win Both Halves","odds":"101.00","header":"Away"},{"name":"To Score in Both Halves","odds":"1.73","header":"Home"},{"name":"To Score in Both Halves","odds":"17.00","header":"Away"}],"to_score_in_half":[{"name":"1st Half","odds":"1.40","header":"Yes"},{"name":"1st Half","odds":"2.75","header":"No"},{"name":"2nd Half","odds":"1.25","header":"Yes"},{"name":"2nd Half","odds":"3.75","header":"No"},{"name":"1st Half","odds":"4.33","header":"Yes"},{"name":"1st Half","odds":"1.20","header":"No"},{"name":"2nd Half","odds":"3.50","header":"Yes"},{"name":"2nd Half","odds":"1.29","header":"No"}]}}}]}}