{"odd":{"success":1,"results":[{"FI":"75382714","event_id":"847530","asian_lines":{"updated_at":"1532570686","sp":[]},"goals":{"updated_at":"1532570803","sp":{"goals_over_under":[{"goals":"2.5","odds":"1.90","header":"Over"},{"goals":"2.5","odds":"1.90","header":"Under"}],"first_team_to_score":[{"opp":"Giannina","odds":"1.95"},{"opp":"No Goals","odds":"11.00"},{"opp":"Levadiakos","odds":"1.95"}],"home_team_highest_scoring_half":[{"opp":"Giannina - 1st Half","odds":"3.60"},{"opp":"Giannina - 2nd Half","odds":"2.40"},{"opp":"Giannina - Tie","odds":"2.30"}],"away_team_highest_scoring_half":[{"opp":"Levadiakos - 1st Half","odds":"3.60"},{"opp":"Levadiakos - 2nd Half","odds":"2.40"},{"opp":"Levadiakos - Tie","odds":"2.30"}],"goals_odd_even":[{"opp":"Even","odds":"1.90"},{"opp":"Odd","odds":"1.95"}],"home_team_odd_even_goals":[{"opp":"Giannina - Even","odds":"1.73"},{"opp":"Giannina - Odd","odds":"2.00"}],"away_team_odd_even_goals":[{"opp":"Levadiakos - Even","odds":"1.73"},{"opp":"Levadiakos - Odd","odds":"2.00"}],"1st_half_goals_odd_even":[{"opp":"Odd","odds":"2.10"},{"opp":"Even","odds":"1.73"}]}},"half":{"updated_at":"1532570303","sp":{"half_time_result":[{"opp":"1","odds":"3.10"},{"opp":"X","odds":"2.10"},{"opp":"2","odds":"3.10"}],"half_time_double_chance":[{"opp":"1X","odds":"1.36"},{"opp":"X2","odds":"1.36"},{"opp":"12","odds":"1.67"}],"half_time_correct_score":[{"opp":"1-0","odds":"4.75","header":"Home"},{"opp":"0-0","odds":"2.75","header":"X"},{"opp":"1-0","odds":"4.75","header":"Away"},{"opp":"2-0","odds":"15.00","header":"Home"},{"opp":"1-1","odds":"8.00","header":"X"},{"opp":"2-0","odds":"15.00","header":"Away"},{"opp":"2-1","odds":"23.00","header":"Home"},{"opp":"2-2","odds":"51.00","header":"X"},{"opp":"2-1","odds":"23.00","header":"Away"},{"opp":"3-0","odds":"41.00","header":"Home"},{"opp":"3-0","odds":"41.00","header":"Away"},{"opp":"3-1","odds":"67.00","header":"Home"},{"opp":"3-1","odds":"67.00","header":"Away"},{"opp":"4-0","odds":"151.00","header":"Home"},{"opp":"4-0","odds":"151.00","header":"Away"}],"1st_half_goals_odd_even":[{"opp":"Odd","odds":"2.10"},{"opp":"Even","odds":"1.73"}],"home_team_highest_scoring_half":[{"opp":"Giannina - 1st Half","odds":"3.60"},{"opp":"Giannina - 2nd Half","odds":"2.40"},{"opp":"Giannina - Tie","odds":"2.30"}],"away_team_highest_scoring_half":[{"opp":"Levadiakos - 1st Half","odds":"3.60"},{"opp":"Levadiakos - 2nd Half","odds":"2.40"},{"opp":"Levadiakos - Tie","odds":"2.30"}],"2nd_half_goals_odd_even":[{"opp":"Even","odds":"1.80"},{"opp":"Odd","odds":"1.91"}]}},"main":{"updated_at":"1532570662","sp":{"full_time_result":[{"opp":"1","odds":"2.50"},{"opp":"X","odds":"3.20"},{"opp":"2","odds":"2.50"}],"double_chance":[{"opp":"1X","odds":"1.50"},{"opp":"X2","odds":"1.50"},{"opp":"12","odds":"1.36"}],"correct_score":[{"opp":"1-0","odds":"9.00","header":"Home"},{"opp":"0-0","odds":"11.00","header":"X"},{"opp":"1-0","odds":"9.00","header":"Away"},{"opp":"2-0","odds":"13.00","header":"Home"},{"opp":"1-1","odds":"6.50","header":"X"},{"opp":"2-0","odds":"13.00","header":"Away"},{"opp":"2-1","odds":"10.00","header":"Home"},{"opp":"2-2","odds":"13.00","header":"X"},{"opp":"2-1","odds":"10.00","header":"Away"},{"opp":"3-0","odds":"26.00","header":"Home"},{"opp":"3-3","odds":"41.00","header":"X"},{"opp":"3-0","odds":"26.00","header":"Away"},{"opp":"3-1","odds":"21.00","header":"Home"},{"opp":"3-1","odds":"21.00","header":"Away"},{"opp":"3-2","odds":"29.00","header":"Home"},{"opp":"3-2","odds":"29.00","header":"Away"},{"opp":"4-0","odds":"51.00","header":"Home"},{"opp":"4-0","odds":"51.00","header":"Away"},{"opp":"4-1","odds":"41.00","header":"Home"},{"opp":"4-1","odds":"41.00","header":"Away"},{"opp":"4-2","odds":"51.00","header":"Home"},{"opp":"4-2","odds":"51.00","header":"Away"},{"opp":"4-3","odds":"101.00","header":"Home"},{"opp":"4-3","odds":"101.00","header":"Away"},{"opp":"5-0","odds":"126.00","header":"Home"},{"opp":"5-0","odds":"126.00","header":"Away"},{"opp":"5-1","odds":"101.00","header":"Home"},{"opp":"5-1","odds":"101.00","header":"Away"},{"opp":"5-2","odds":"151.00","header":"Home"},{"opp":"5-2","odds":"151.00","header":"Away"}],"half_time_full_time":[{"opp":"Giannina - Giannina","odds":"4.33"},{"opp":"Giannina - Draw","odds":"15.00"},{"opp":"Giannina - Levadiakos","odds":"26.00"},{"opp":"Draw - Giannina","odds":"6.00"},{"opp":"Draw - Draw","odds":"5.50"},{"opp":"Draw - Levadiakos","odds":"6.00"},{"opp":"Levadiakos - Giannina","odds":"26.00"},{"opp":"Levadiakos - Draw","odds":"15.00"},{"opp":"Levadiakos - Levadiakos","odds":"4.33"}],"goals_over_under":[{"goals":"2.5","odds":"1.90","header":"Over"},{"goals":"2.5","odds":"1.90","header":"Under"}],"draw_no_bet":[{"opp":"Giannina","odds":"1.83"},{"opp":"Levadiakos","odds":"1.83"}]}},"schedule":{"updated_at":"1532570436","sp":{"main":[{"odds":"2.50"},{"odds":"3.20"},{"odds":"2.50"}]}}}]}}