{"odd":{"success":1,"results":[{"FI":"75367843","event_id":"845012","asian_lines":{"updated_at":"1532570628","sp":{"asian_handicap":[{"opp":"0.0, -0.5","odds":"2.050","header":"Home"},{"opp":"0.0, +0.5","odds":"1.750","header":"Away"}],"goal_line":[{"goals":"2.5","odds":"2.075","header":"Over"},{"goals":"2.5","odds":"1.725","header":"Under"}],"alternative_asian_handicap":[{"opp":"-1.5, -2.0","odds":"6.250","header":"Home"},{"opp":"+1.5, +2.0","odds":"1.120","header":"Away"},{"opp":"-1.5","odds":"4.650","header":"Home"},{"opp":"+1.5","odds":"1.180","header":"Away"},{"opp":"-1.0, -1.5","odds":"4.250","header":"Home"},{"opp":"+1.0, +1.5","odds":"1.210","header":"Away"},{"opp":"-1.0","odds":"3.700","header":"Home"},{"opp":"+1.0","odds":"1.260","header":"Away"},{"opp":"-0.5, -1.0","odds":"2.750","header":"Home"},{"opp":"+0.5, +1.0","odds":"1.425","header":"Away"},{"opp":"-0.5","odds":"2.350","header":"Home"},{"opp":"+0.5","odds":"1.575","header":"Away"},{"opp":"0.0","odds":"1.750","header":"Home"},{"opp":"0.0","odds":"2.050","header":"Away"},{"opp":"0.0, +0.5","odds":"1.550","header":"Home"},{"opp":"0.0, -0.5","odds":"2.375","header":"Away"},{"opp":"+0.5","odds":"1.425","header":"Home"},{"opp":"-0.5","odds":"2.750","header":"Away"},{"opp":"+0.5, +1.0","odds":"1.300","header":"Home"},{"opp":"-0.5, -1.0","odds":"3.450","header":"Away"},{"opp":"+1.0","odds":"1.170","header":"Home"},{"opp":"-1.0","odds":"5.000","header":"Away"},{"opp":"+1.0, +1.5","odds":"1.150","header":"Home"},{"opp":"-1.0, -1.5","odds":"5.500","header":"Away"},{"opp":"+1.5","odds":"1.130","header":"Home"},{"opp":"-1.5","odds":"5.900","header":"Away"}],"alternative_goal_line":[{"goals":"1.0, 1.5","odds":"1.225","header":"Over"},{"goals":"1.0, 1.5","odds":"4.100","header":"Under"},{"goals":"1.5","odds":"1.350","header":"Over"},{"goals":"1.5","odds":"3.100","header":"Under"},{"goals":"1.5, 2.0","odds":"1.450","header":"Over"},{"goals":"1.5, 2.0","odds":"2.675","header":"Under"},{"goals":"2.0","odds":"1.575","header":"Over"},{"goals":"2.0","odds":"2.350","header":"Under"},{"goals":"2.0, 2.5","odds":"1.825","header":"Over"},{"goals":"2.0, 2.5","odds":"1.975","header":"Under"},{"goals":"2.5, 3.0","odds":"2.375","header":"Over"},{"goals":"2.5, 3.0","odds":"1.550","header":"Under"},{"goals":"3.0","odds":"3.000","header":"Over"},{"goals":"3.0","odds":"1.375","header":"Under"},{"goals":"3.0, 3.5","odds":"3.450","header":"Over"},{"goals":"3.0, 3.5","odds":"1.300","header":"Under"},{"goals":"3.5","odds":"3.700","header":"Over"},{"goals":"3.5","odds":"1.260","header":"Under"},{"goals":"3.5, 4.0","odds":"4.500","header":"Over"},{"goals":"3.5, 4.0","odds":"1.190","header":"Under"},{"goals":"4.0","odds":"6.600","header":"Over"},{"goals":"4.0","odds":"1.110","header":"Under"},{"goals":"4.0, 4.5","odds":"7.000","header":"Over"},{"goals":"4.0, 4.5","odds":"1.100","header":"Under"}],"1st_half_asian_handicap":[{"opp":"0.0","odds":"1.775","header":"Home"},{"opp":"0.0","odds":"2.025","header":"Away"}],"1st_half_goal_line":[{"goals":"1.0","odds":"2.050","header":"Over"},{"goals":"1.0","odds":"1.750","header":"Under"}],"alternative_1st_half_asian_handicap":[{"opp":"-0.5, -1.0","odds":"4.150","header":"Home"},{"opp":"+0.5, +1.0","odds":"1.220","header":"Away"},{"opp":"-0.5","odds":"3.100","header":"Home"},{"opp":"+0.5","odds":"1.350","header":"Away"},{"opp":"0.0, -0.5","odds":"2.425","header":"Home"},{"opp":"0.0, +0.5","odds":"1.525","header":"Away"},{"opp":"0.0, +0.5","odds":"1.425","header":"Home"},{"opp":"0.0, -0.5","odds":"2.750","header":"Away"},{"opp":"+0.5","odds":"1.300","header":"Home"},{"opp":"-0.5","odds":"3.450","header":"Away"},{"opp":"+0.5, +1.0","odds":"1.175","header":"Home"},{"opp":"-0.5, -1.0","odds":"4.800","header":"Away"}],"alternative_1st_half_goal_line":[{"goals":"0.5, 1.0","odds":"1.650","header":"Over"},{"goals":"0.5, 1.0","odds":"2.200","header":"Under"},{"goals":"1.0, 1.5","odds":"2.600","header":"Over"},{"goals":"1.0, 1.5","odds":"1.475","header":"Under"},{"goals":"1.5","odds":"3.100","header":"Over"},{"goals":"1.5","odds":"1.350","header":"Under"},{"goals":"1.5, 2.0","odds":"4.100","header":"Over"},{"goals":"1.5, 2.0","odds":"1.225","header":"Under"},{"goals":"2.0","odds":"6.800","header":"Over"},{"goals":"2.0","odds":"1.105","header":"Under"}],"asian_total_corners":[{"goals":"9.5","odds":"1.950","header":"Over"},{"goals":"9.5","odds":"1.850","header":"Under"}],"1st_half_asian_corners":[{"goals":"4.5","odds":"1.975","header":"Over"},{"goals":"4.5","odds":"1.825","header":"Under"}]}},"corners":{"updated_at":"1532570653","sp":{"corners":[{"opp":"Over 9","odds":"1.83"},{"opp":"Exactly 9","odds":"7.00"},{"opp":"Under 9","odds":"2.38"}],"total_corners":[{"opp":"Under 6","odds":"9.50"},{"opp":"6 - 8","odds":"3.00"},{"opp":"9 - 11","odds":"2.50"},{"opp":"12 - 14","odds":"4.50"},{"opp":"Over 14","odds":"13.00"}],"alternative_corners":[{"goals":"3","odds":"1.01","header":"Over"},{"goals":"3","odds":"34.00","header":"Exactly"},{"goals":"3","odds":"41.00","header":"Under"},{"goals":"4","odds":"1.02","header":"Over"},{"goals":"4","odds":"21.00","header":"Exactly"},{"goals":"4","odds":"29.00","header":"Under"},{"goals":"5","odds":"1.06","header":"Over"},{"goals":"5","odds":"15.00","header":"Exactly"},{"goals":"5","odds":"17.00","header":"Under"},{"goals":"6","odds":"1.14","header":"Over"},{"goals":"6","odds":"10.00","header":"Exactly"},{"goals":"6","odds":"9.00","header":"Under"},{"goals":"7","odds":"1.30","header":"Over"},{"goals":"7","odds":"8.00","header":"Exactly"},{"goals":"7","odds":"5.50","header":"Under"},{"goals":"8","odds":"1.53","header":"Over"},{"goals":"8","odds":"7.50","header":"Exactly"},{"goals":"8","odds":"3.40","header":"Under"},{"goals":"10","odds":"2.50","header":"Over"},{"goals":"10","odds":"7.50","header":"Exactly"},{"goals":"10","odds":"1.83","header":"Under"},{"goals":"11","odds":"3.50","header":"Over"},{"goals":"11","odds":"8.00","header":"Exactly"},{"goals":"11","odds":"1.50","header":"Under"},{"goals":"12","odds":"5.00","header":"Over"},{"goals":"12","odds":"9.50","header":"Exactly"},{"goals":"12","odds":"1.29","header":"Under"},{"goals":"13","odds":"7.50","header":"Over"},{"goals":"13","odds":"12.00","header":"Exactly"},{"goals":"13","odds":"1.17","header":"Under"},{"goals":"14","odds":"12.00","header":"Over"},{"goals":"14","odds":"17.00","header":"Exactly"},{"goals":"14","odds":"1.07","header":"Under"},{"goals":"15","odds":"17.00","header":"Over"},{"goals":"15","odds":"19.00","header":"Exactly"},{"goals":"15","odds":"1.04","header":"Under"},{"goals":"16","odds":"23.00","header":"Over"},{"goals":"16","odds":"26.00","header":"Exactly"},{"goals":"16","odds":"1.02","header":"Under"},{"goals":"17","odds":"34.00","header":"Over"},{"goals":"17","odds":"34.00","header":"Exactly"},{"goals":"17","odds":"1.01","header":"Under"}],"corners_2_way":[{"opp":"Over 9.5","odds":"1.83"},{"opp":"Under 9.5","odds":"1.83"}],"first_half_corners":[{"opp":"4","odds":"1.95","header":"Over"},{"opp":"4","odds":"4.75","header":"Exactly"},{"opp":"4","odds":"2.75","header":"Under"}],"asian_total_corners":[{"goals":"9.5","odds":"1.950","header":"Over"},{"goals":"9.5","odds":"1.850","header":"Under"}],"1st_half_asian_corners":[{"goals":"4.5","odds":"1.975","header":"Over"},{"goals":"4.5","odds":"1.825","header":"Under"}]}},"goals":{"updated_at":"1532570661","sp":{"goals_over_under":[{"goals":"2.5","odds":"2.08","header":"Over"},{"goals":"2.5","odds":"1.73","header":"Under"}],"alternative_total_goals":[{"goals":"0.5","odds":"1.04","header":"Over "},{"goals":"0.5","odds":"9.50","header":"Under"},{"goals":"1.5","odds":"1.33","header":"Over "},{"goals":"1.5","odds":"3.25","header":"Under"},{"goals":"3.5","odds":"3.50","header":"Over "},{"goals":"3.5","odds":"1.29","header":"Under"},{"goals":"4.5","odds":"7.00","header":"Over "},{"goals":"4.5","odds":"1.08","header":"Under"},{"goals":"5.5","odds":"10.50","header":"Over "},{"goals":"5.5","odds":"1.02","header":"Under"}],"result_total_goals":[{"opp":"Hibernian & Over 2.5","odds":"4.00"},{"opp":"Hibernian & Under 2.5","odds":"5.00"},{"opp":"Draw & Over 2.5","odds":"15.00"},{"opp":"Draw & Under  2.5","odds":"4.33"},{"opp":"Asteras Tripolis & Over 2.5","odds":"5.00"},{"opp":"Asteras Tripolis & Under 2.5","odds":"6.00"}],"total_goals_both_teams_to_score":[{"opp":"Over 2.5 & Yes","odds":"2.40"},{"opp":"Over 2.5 & No","odds":"10.00"},{"opp":"Under 2.5 & Yes","odds":"6.50"},{"opp":"Under 2.5 & No","odds":"2.20"}],"exact_total_goals":[{"opp":"0 Goals","odds":"9.50"},{"opp":"1 Goal","odds":"4.33"},{"opp":"2 Goals","odds":"3.50"},{"opp":"3 Goals","odds":"4.33"},{"opp":"4 Goals","odds":"6.50"},{"opp":"5 Goals","odds":"12.00"},{"opp":"6 Goals","odds":"26.00"},{"opp":"7+ Goals","odds":"17.00"}],"number_of_goals_in_match":[{"opp":"Under 2 goals","odds":"3.25"},{"opp":"2 or 3 goals","odds":"2.00"},{"opp":"Over 3 goals","odds":"3.50"}],"both_teams_to_score":[{"opp":"Yes","odds":"1.83"},{"opp":"No","odds":"1.83"}],"teams_to_score":[{"opp":"Both Teams","odds":"1.83"},{"opp":"Hibernian Only","odds":"3.75"},{"opp":"No Goal","odds":"9.50"},{"opp":"Asteras Tripolis Only","odds":"4.75"}],"both_teams_to_score_in_1st_half":[{"opp":"Yes","odds":"4.50"},{"opp":"No","odds":"1.17"}],"both_teams_to_score_in_2nd_half":[{"opp":"Yes","odds":"3.50"},{"opp":"No","odds":"1.29"}],"both_teams_to_score_1st_half_2nd_half":[{"opp":"Yes \/ Yes","odds":"17.00"},{"opp":"Yes \/ No","odds":"6.00"},{"opp":"No \/ Yes","odds":"4.00"},{"opp":"No \/ No","odds":"1.50"}],"first_half_goals":[{"goals":"0.5","odds":"1.44","header":"Over"},{"goals":"0.5","odds":"2.62","header":"Under"},{"goals":"1.5","odds":"3.00","header":"Over"},{"goals":"1.5","odds":"1.36","header":"Under"},{"goals":"2.5","odds":"9.00","header":"Over"},{"goals":"2.5","odds":"1.07","header":"Under"},{"goals":"3.5","odds":"23.00","header":"Over"},{"goals":"3.5","odds":"1.01","header":"Under"}],"exact_1st_half_goals":[{"opp":"0 Goals","odds":"2.62"},{"opp":"1 Goal","odds":"2.50"},{"opp":"2 Goals","odds":"4.33"},{"opp":"3 Goals","odds":"11.00"},{"opp":"4 Goals","odds":"34.00"},{"opp":"5+ Goals","odds":"81.00"}],"first_team_to_score":[{"opp":"Hibernian","odds":"1.80"},{"opp":"No Goals","odds":"9.50"},{"opp":"Asteras Tripolis","odds":"2.20"}],"2nd_half_goals":[{"goals":"0.5","odds":"1.25","header":"Over"},{"goals":"0.5","odds":"3.75","header":"Under"},{"goals":"1.5","odds":"2.20","header":"Over"},{"goals":"1.5","odds":"1.62","header":"Under"},{"goals":"2.5","odds":"5.00","header":"Over"},{"goals":"2.5","odds":"1.17","header":"Under"},{"goals":"3.5","odds":"13.00","header":"Over"},{"goals":"3.5","odds":"1.04","header":"Under"}],"exact_2nd_half_goals":[{"opp":"0 Goals","odds":"3.75"},{"opp":"1 Goal","odds":"2.62"},{"opp":"2 Goals","odds":"3.60"},{"opp":"3 Goals","odds":"7.50"},{"opp":"4 Goals","odds":"19.00"},{"opp":"5+ Goals","odds":"29.00"}],"half_with_most_goals":[{"opp":"1st Half","odds":"3.10"},{"opp":"2nd Half","odds":"2.05"},{"opp":"Tie","odds":"3.40"}],"home_team_highest_scoring_half":[{"opp":"Hibernian - 1st Half","odds":"3.50"},{"opp":"Hibernian - 2nd Half","odds":"2.50"},{"opp":"Hibernian - Tie","odds":"2.30"}],"away_team_highest_scoring_half":[{"opp":"Asteras Tripolis - 1st Half","odds":"3.75"},{"opp":"Asteras Tripolis - 2nd Half","odds":"2.62"},{"opp":"Asteras Tripolis - Tie","odds":"2.20"}],"home_team_exact_goals":[{"opp":"Hibernian - 0 Goals","odds":"3.40"},{"opp":"Hibernian - 1 Goal","odds":"2.60"},{"opp":"Hibernian - 2 Goals","odds":"3.75"},{"opp":"Hibernian - 3+ Goals","odds":"5.00"}],"away_team_exact_goals":[{"opp":"Asteras Tripolis - 0 Goals","odds":"3.00"},{"opp":"Asteras Tripolis - 1 Goal","odds":"2.50"},{"opp":"Asteras Tripolis - 2 Goals","odds":"4.33"},{"opp":"Asteras Tripolis - 3+ Goals","odds":"6.50"}],"goals_odd_even":[{"opp":"Even","odds":"1.90"},{"opp":"Odd","odds":"1.95"}],"home_team_odd_even_goals":[{"opp":"Hibernian - Even","odds":"1.73"},{"opp":"Hibernian - Odd","odds":"2.00"}],"away_team_odd_even_goals":[{"opp":"Asteras Tripolis - Even","odds":"1.73"},{"opp":"Asteras Tripolis - Odd","odds":"2.00"}],"1st_half_goals_odd_even":[{"opp":"Odd","odds":"2.10"},{"opp":"Even","odds":"1.73"}],"last_team_to_score":[{"opp":"Hibernian","odds":"1.80"},{"opp":"No Goal","odds":"9.50"},{"opp":"Asteras Tripolis","odds":"2.20"}]}},"half":{"updated_at":"1532570674","sp":{"half_time_result":[{"opp":"1","odds":"3.00"},{"opp":"X","odds":"2.10"},{"opp":"2","odds":"3.40"}],"half_time_double_chance":[{"opp":"1X","odds":"1.30"},{"opp":"X2","odds":"1.36"},{"opp":"12","odds":"1.67"}],"half_time_result_both_teams_to_score":[{"opp":"Hibernian & Yes","odds":"19.00"},{"opp":"Hibernian & No","odds":"3.40"},{"opp":"Draw & Yes","odds":"7.50"},{"opp":"Draw & No","odds":"2.62"},{"opp":"Asteras Tripolis & Yes","odds":"23.00"},{"opp":"Asteras Tripolis & No","odds":"3.75"}],"half_time_result_total_goals":[{"opp":"Hibernian & Over 1.5","odds":"8.00"},{"opp":"Hibernian & Under 1.5","odds":"4.33"},{"opp":"Draw & Over 1.5","odds":"8.50"},{"opp":"Draw & Under 1.5","odds":"2.62"},{"opp":"Asteras Tripolis & Over 1.5","odds":"9.50"},{"opp":"Asteras Tripolis & Under 1.5","odds":"4.75"}],"half_time_correct_score":[{"opp":"1-0","odds":"4.33","header":"Home"},{"opp":"0-0","odds":"2.62","header":"X"},{"opp":"1-0","odds":"4.75","header":"Away"},{"opp":"2-0","odds":"13.00","header":"Home"},{"opp":"1-1","odds":"8.50","header":"X"},{"opp":"2-0","odds":"17.00","header":"Away"},{"opp":"2-1","odds":"26.00","header":"Home"},{"opp":"2-2","odds":"67.00","header":"X"},{"opp":"2-1","odds":"29.00","header":"Away"},{"opp":"3-0","odds":"41.00","header":"Home"},{"opp":"3-0","odds":"51.00","header":"Away"},{"opp":"3-1","odds":"67.00","header":"Home"},{"opp":"3-1","odds":"81.00","header":"Away"},{"opp":"4-0","odds":"151.00","header":"Home"}],"both_teams_to_score_in_1st_half":[{"opp":"Yes","odds":"4.50"},{"opp":"No","odds":"1.17"}],"both_teams_to_score_in_2nd_half":[{"opp":"Yes","odds":"3.50"},{"opp":"No","odds":"1.29"}],"both_teams_to_score_1st_half_2nd_half":[{"opp":"Yes \/ Yes","odds":"17.00"},{"opp":"Yes \/ No","odds":"6.00"},{"opp":"No \/ Yes","odds":"4.00"},{"opp":"No \/ No","odds":"1.50"}],"1st_half_asian_handicap":[{"opp":"0.0","odds":"1.775","header":"Home"},{"opp":"0.0","odds":"2.025","header":"Away"}],"1st_half_goal_line":[{"goals":"1.0","odds":"2.050","header":"Over"},{"goals":"1.0","odds":"1.750","header":"Under"}],"alternative_1st_half_asian_handicap":[{"opp":"-0.5, -1.0","odds":"4.150","header":"Home"},{"opp":"+0.5, +1.0","odds":"1.220","header":"Away"},{"opp":"-0.5","odds":"3.100","header":"Home"},{"opp":"+0.5","odds":"1.350","header":"Away"},{"opp":"0.0, -0.5","odds":"2.425","header":"Home"},{"opp":"0.0, +0.5","odds":"1.525","header":"Away"},{"opp":"0.0, +0.5","odds":"1.425","header":"Home"},{"opp":"0.0, -0.5","odds":"2.750","header":"Away"},{"opp":"+0.5","odds":"1.300","header":"Home"},{"opp":"-0.5","odds":"3.450","header":"Away"},{"opp":"+0.5, +1.0","odds":"1.175","header":"Home"},{"opp":"-0.5, -1.0","odds":"4.800","header":"Away"}],"alternative_1st_half_goal_line":[{"goals":"0.5, 1.0","odds":"1.650","header":"Over"},{"goals":"0.5, 1.0","odds":"2.200","header":"Under"},{"goals":"1.0, 1.5","odds":"2.600","header":"Over"},{"goals":"1.0, 1.5","odds":"1.475","header":"Under"},{"goals":"1.5","odds":"3.100","header":"Over"},{"goals":"1.5","odds":"1.350","header":"Under"},{"goals":"1.5, 2.0","odds":"4.100","header":"Over"},{"goals":"1.5, 2.0","odds":"1.225","header":"Under"},{"goals":"2.0","odds":"6.800","header":"Over"},{"goals":"2.0","odds":"1.105","header":"Under"}],"1st_half_handicap":[{"opp":"Hibernian  -1.0","odds":"9.50"},{"opp":"Tie - Asteras Tripolis +1.0","odds":"3.75"},{"opp":"Asteras Tripolis  +1.0","odds":"1.36"}],"alternative_1st_half_handicap_result":[{"opp":"-2.0","odds":"21.00","header":"Home"},{"opp":"+2.0","odds":"11.00","header":"Tie"},{"opp":"+2.0","odds":"1.05","header":"Away"},{"opp":"+1.0","odds":"1.30","header":"Home"},{"opp":"-1.0","odds":"4.33","header":"Tie"},{"opp":"-1.0","odds":"12.00","header":"Away"}],"first_half_goals":[{"goals":"0.5","odds":"1.44","header":"Over"},{"goals":"0.5","odds":"2.62","header":"Under"},{"goals":"1.5","odds":"3.00","header":"Over"},{"goals":"1.5","odds":"1.36","header":"Under"},{"goals":"2.5","odds":"9.00","header":"Over"},{"goals":"2.5","odds":"1.07","header":"Under"},{"goals":"3.5","odds":"23.00","header":"Over"},{"goals":"3.5","odds":"1.01","header":"Under"}],"exact_1st_half_goals":[{"opp":"0 Goals","odds":"2.62"},{"opp":"1 Goal","odds":"2.50"},{"opp":"2 Goals","odds":"4.33"},{"opp":"3 Goals","odds":"11.00"},{"opp":"4 Goals","odds":"34.00"},{"opp":"5+ Goals","odds":"81.00"}],"first_half_corners":[{"opp":"4","odds":"1.95","header":"Over"},{"opp":"4","odds":"4.75","header":"Exactly"},{"opp":"4","odds":"2.75","header":"Under"}],"1st_half_asian_corners":[{"goals":"4.5","odds":"1.975","header":"Over"},{"goals":"4.5","odds":"1.825","header":"Under"}],"1st_half_goals_odd_even":[{"opp":"Odd","odds":"2.10"},{"opp":"Even","odds":"1.73"}],"to_score_in_half":[{"name":"1st Half","odds":"2.10","header":"Yes"},{"name":"1st Half","odds":"1.67","header":"No"},{"name":"2nd Half","odds":"1.80","header":"Yes"},{"name":"2nd Half","odds":"1.91","header":"No"},{"name":"1st Half","odds":"2.25","header":"Yes"},{"name":"1st Half","odds":"1.57","header":"No"},{"name":"2nd Half","odds":"1.91","header":"Yes"},{"name":"2nd Half","odds":"1.80","header":"No"}],"half_with_most_goals":[{"opp":"1st Half","odds":"3.10"},{"opp":"2nd Half","odds":"2.05"},{"opp":"Tie","odds":"3.40"}],"home_team_highest_scoring_half":[{"opp":"Hibernian - 1st Half","odds":"3.50"},{"opp":"Hibernian - 2nd Half","odds":"2.50"},{"opp":"Hibernian - Tie","odds":"2.30"}],"away_team_highest_scoring_half":[{"opp":"Asteras Tripolis - 1st Half","odds":"3.75"},{"opp":"Asteras Tripolis - 2nd Half","odds":"2.62"},{"opp":"Asteras Tripolis - Tie","odds":"2.20"}],"2nd_half_result":[{"opp":"1","odds":"2.62"},{"opp":"X","odds":"2.40"},{"opp":"2","odds":"3.10"}],"2nd_half_goals":[{"goals":"0.5","odds":"1.25","header":"Over"},{"goals":"0.5","odds":"3.75","header":"Under"},{"goals":"1.5","odds":"2.20","header":"Over"},{"goals":"1.5","odds":"1.62","header":"Under"},{"goals":"2.5","odds":"5.00","header":"Over"},{"goals":"2.5","odds":"1.17","header":"Under"},{"goals":"3.5","odds":"13.00","header":"Over"},{"goals":"3.5","odds":"1.04","header":"Under"}],"exact_2nd_half_goals":[{"opp":"0 Goals","odds":"3.75"},{"opp":"1 Goal","odds":"2.62"},{"opp":"2 Goals","odds":"3.60"},{"opp":"3 Goals","odds":"7.50"},{"opp":"4 Goals","odds":"19.00"},{"opp":"5+ Goals","odds":"29.00"}],"2nd_half_goals_odd_even":[{"opp":"Even","odds":"1.73"},{"opp":"Odd","odds":"2.00"}]}},"main":{"updated_at":"1532570576","sp":{"full_time_result":[{"opp":"1","odds":"2.25"},{"opp":"X","odds":"3.40"},{"opp":"2","odds":"2.80"}],"double_chance":[{"opp":"1X","odds":"1.40"},{"opp":"X2","odds":"1.57"},{"opp":"12","odds":"1.30"}],"correct_score":[{"opp":"1-0","odds":"7.50","header":"Home"},{"opp":"0-0","odds":"9.50","header":"X"},{"opp":"1-0","odds":"8.50","header":"Away"},{"opp":"2-0","odds":"11.00","header":"Home"},{"opp":"1-1","odds":"6.50","header":"X"},{"opp":"2-0","odds":"13.00","header":"Away"},{"opp":"2-1","odds":"9.50","header":"Home"},{"opp":"2-2","odds":"15.00","header":"X"},{"opp":"2-1","odds":"11.00","header":"Away"},{"opp":"3-0","odds":"21.00","header":"Home"},{"opp":"3-3","odds":"51.00","header":"X"},{"opp":"3-0","odds":"29.00","header":"Away"},{"opp":"3-1","odds":"21.00","header":"Home"},{"opp":"3-1","odds":"23.00","header":"Away"},{"opp":"3-2","odds":"34.00","header":"Home"},{"opp":"3-2","odds":"34.00","header":"Away"},{"opp":"4-0","odds":"41.00","header":"Home"},{"opp":"4-0","odds":"51.00","header":"Away"},{"opp":"4-1","odds":"41.00","header":"Home"},{"opp":"4-1","odds":"51.00","header":"Away"},{"opp":"4-2","odds":"51.00","header":"Home"},{"opp":"4-2","odds":"67.00","header":"Away"},{"opp":"4-3","odds":"126.00","header":"Home"},{"opp":"4-3","odds":"126.00","header":"Away"},{"opp":"5-0","odds":"101.00","header":"Home"},{"opp":"5-0","odds":"151.00","header":"Away"},{"opp":"5-1","odds":"101.00","header":"Home"},{"opp":"5-1","odds":"151.00","header":"Away"},{"opp":"5-2","odds":"151.00","header":"Home"}],"half_time_full_time":[{"opp":"Hibernian - Hibernian","odds":"3.75"},{"opp":"Hibernian - Draw","odds":"15.00"},{"opp":"Hibernian - Asteras Tripolis","odds":"29.00"},{"opp":"Draw - Hibernian","odds":"5.50"},{"opp":"Draw - Draw","odds":"5.00"},{"opp":"Draw - Asteras Tripolis","odds":"6.50"},{"opp":"Asteras Tripolis - Hibernian","odds":"26.00"},{"opp":"Asteras Tripolis - Draw","odds":"15.00"},{"opp":"Asteras Tripolis - Asteras Tripolis","odds":"4.75"}],"goals_over_under":[{"goals":"2.5","odds":"2.08","header":"Over"},{"goals":"2.5","odds":"1.73","header":"Under"}],"both_teams_to_score":[{"opp":"Yes","odds":"1.83"},{"opp":"No","odds":"1.83"}],"asian_handicap":[{"opp":"0.0, -0.5","odds":"2.050","header":"Home"},{"opp":"0.0, +0.5","odds":"1.750","header":"Away"}],"goal_line":[{"goals":"2.5","odds":"2.075","header":"Over"},{"goals":"2.5","odds":"1.725","header":"Under"}],"alternative_asian_handicap":[{"opp":"-1.5, -2.0","odds":"6.250","header":"Home"},{"opp":"+1.5, +2.0","odds":"1.120","header":"Away"},{"opp":"-1.5","odds":"4.650","header":"Home"},{"opp":"+1.5","odds":"1.180","header":"Away"},{"opp":"-1.0, -1.5","odds":"4.250","header":"Home"},{"opp":"+1.0, +1.5","odds":"1.210","header":"Away"},{"opp":"-1.0","odds":"3.700","header":"Home"},{"opp":"+1.0","odds":"1.260","header":"Away"},{"opp":"-0.5, -1.0","odds":"2.750","header":"Home"},{"opp":"+0.5, +1.0","odds":"1.425","header":"Away"},{"opp":"-0.5","odds":"2.350","header":"Home"},{"opp":"+0.5","odds":"1.575","header":"Away"},{"opp":"0.0","odds":"1.750","header":"Home"},{"opp":"0.0","odds":"2.050","header":"Away"},{"opp":"0.0, +0.5","odds":"1.550","header":"Home"},{"opp":"0.0, -0.5","odds":"2.375","header":"Away"},{"opp":"+0.5","odds":"1.425","header":"Home"},{"opp":"-0.5","odds":"2.750","header":"Away"},{"opp":"+0.5, +1.0","odds":"1.300","header":"Home"},{"opp":"-0.5, -1.0","odds":"3.450","header":"Away"},{"opp":"+1.0","odds":"1.170","header":"Home"},{"opp":"-1.0","odds":"5.000","header":"Away"},{"opp":"+1.0, +1.5","odds":"1.150","header":"Home"},{"opp":"-1.0, -1.5","odds":"5.500","header":"Away"},{"opp":"+1.5","odds":"1.130","header":"Home"},{"opp":"-1.5","odds":"5.900","header":"Away"}],"alternative_goal_line":[{"goals":"1.0, 1.5","odds":"1.225","header":"Over"},{"goals":"1.0, 1.5","odds":"4.100","header":"Under"},{"goals":"1.5","odds":"1.350","header":"Over"},{"goals":"1.5","odds":"3.100","header":"Under"},{"goals":"1.5, 2.0","odds":"1.450","header":"Over"},{"goals":"1.5, 2.0","odds":"2.675","header":"Under"},{"goals":"2.0","odds":"1.575","header":"Over"},{"goals":"2.0","odds":"2.350","header":"Under"},{"goals":"2.0, 2.5","odds":"1.825","header":"Over"},{"goals":"2.0, 2.5","odds":"1.975","header":"Under"},{"goals":"2.5, 3.0","odds":"2.375","header":"Over"},{"goals":"2.5, 3.0","odds":"1.550","header":"Under"},{"goals":"3.0","odds":"3.000","header":"Over"},{"goals":"3.0","odds":"1.375","header":"Under"},{"goals":"3.0, 3.5","odds":"3.450","header":"Over"},{"goals":"3.0, 3.5","odds":"1.300","header":"Under"},{"goals":"3.5","odds":"3.700","header":"Over"},{"goals":"3.5","odds":"1.260","header":"Under"},{"goals":"3.5, 4.0","odds":"4.500","header":"Over"},{"goals":"3.5, 4.0","odds":"1.190","header":"Under"},{"goals":"4.0","odds":"6.600","header":"Over"},{"goals":"4.0","odds":"1.110","header":"Under"},{"goals":"4.0, 4.5","odds":"7.000","header":"Over"},{"goals":"4.0, 4.5","odds":"1.100","header":"Under"}],"draw_no_bet":[{"opp":"Hibernian","odds":"1.73"},{"opp":"Asteras Tripolis","odds":"2.00"}],"result_both_teams_to_score":[{"name":"Hibernian","odds":"5.00","header":"Yes"},{"name":"Hibernian","odds":"4.00","header":"No"},{"name":"Asteras Tripolis","odds":"6.00","header":"Yes"},{"name":"Asteras Tripolis","odds":"4.75","header":"No"},{"name":"Draw","odds":"4.75","header":"Yes"},{"name":"Draw","odds":"9.50","header":"No"}],"handicap_result":[{"opp":"Hibernian (-1)","odds":"4.50"},{"opp":"Tie - (Asteras Tripolis +1)","odds":"4.00"},{"opp":"Asteras Tripolis (+1)","odds":"1.57"}],"alternative_handicap_result":[{"opp":"-3.0","odds":"17.00","header":"Home"},{"opp":"+3.0","odds":"11.00","header":"Tie"},{"opp":"+3.0","odds":"1.05","header":"Away"},{"opp":"-2.0","odds":"10.00","header":"Home"},{"opp":"+2.0","odds":"6.50","header":"Tie"},{"opp":"+2.0","odds":"1.17","header":"Away"},{"opp":"+1.0","odds":"1.40","header":"Home"},{"opp":"-1.0","odds":"4.33","header":"Tie"},{"opp":"-1.0","odds":"6.00","header":"Away"},{"opp":"+2.0","odds":"1.09","header":"Home"},{"opp":"-2.0","odds":"8.00","header":"Tie"},{"opp":"-2.0","odds":"13.00","header":"Away"}],"winning_margin":[{"goals":" 1","odds":"4.00","header":"Home"},{"goals":" 1","odds":"4.33","header":"Away"},{"goals":" 2","odds":"6.50","header":"Home"},{"goals":" 2","odds":"8.00","header":"Away"},{"goals":" 3","odds":"11.00","header":"Home"},{"goals":" 3","odds":"23.00","header":"Away"},{"goals":" 4+","odds":"17.00","header":"Home"},{"goals":" 4+","odds":"41.00","header":"Away"},{"goals":"Score Draw","odds":"4.75","header":"Home"},{"goals":"No Goal","odds":"9.50","header":"Home"}]}},"schedule":{"updated_at":"1532570967","sp":{"main":[{"odds":"2.075"},{"odds":"1.725"}]}},"specials":{"updated_at":"1532570668","sp":{"specials":[{"name":"To Win From Behind","odds":"10.00","header":"Home"},{"name":"To Win From Behind","odds":"11.00","header":"Away"},{"name":"To Win to Nil","odds":"4.00","header":"Home"},{"name":"To Win to Nil","odds":"4.75","header":"Away"},{"name":"To Win Either Half","odds":"1.67","header":"Home"},{"name":"To Win Either Half","odds":"1.91","header":"Away"},{"name":"To Win Both Halves","odds":"8.00","header":"Home"},{"name":"To Win Both Halves","odds":"11.00","header":"Away"},{"name":"To Score in Both Halves","odds":"3.75","header":"Home"},{"name":"To Score in Both Halves","odds":"4.50","header":"Away"}],"to_score_in_half":[{"name":"1st Half","odds":"2.10","header":"Yes"},{"name":"1st Half","odds":"1.67","header":"No"},{"name":"2nd Half","odds":"1.80","header":"Yes"},{"name":"2nd Half","odds":"1.91","header":"No"},{"name":"1st Half","odds":"2.25","header":"Yes"},{"name":"1st Half","odds":"1.57","header":"No"},{"name":"2nd Half","odds":"1.91","header":"Yes"},{"name":"2nd Half","odds":"1.80","header":"No"}]}}}]}}