{"odd":{"success":1,"results":[{"FI":"75228139","event_id":"641361","asian_lines":{"updated_at":"1532570841","sp":{"asian_handicap":[{"opp":"0.0","odds":"1.825","header":"Home"},{"opp":"0.0","odds":"2.025","header":"Away"}],"goal_line":[{"goals":"2.0, 2.5","odds":"1.800","header":"Over"},{"goals":"2.0, 2.5","odds":"2.050","header":"Under"}],"alternative_asian_handicap":[{"opp":"-1.5, -2.0","odds":"7.000","header":"Home"},{"opp":"+1.5, +2.0","odds":"1.100","header":"Away"},{"opp":"-1.5","odds":"5.250","header":"Home"},{"opp":"+1.5","odds":"1.160","header":"Away"},{"opp":"-1.0, -1.5","odds":"4.650","header":"Home"},{"opp":"+1.0, +1.5","odds":"1.180","header":"Away"},{"opp":"-1.0","odds":"4.150","header":"Home"},{"opp":"+1.0","odds":"1.220","header":"Away"},{"opp":"-0.5, -1.0","odds":"3.000","header":"Home"},{"opp":"+0.5, +1.0","odds":"1.375","header":"Away"},{"opp":"-0.5","odds":"2.425","header":"Home"},{"opp":"+0.5","odds":"1.525","header":"Away"},{"opp":"0.0, -0.5","odds":"2.150","header":"Home"},{"opp":"0.0, +0.5","odds":"1.675","header":"Away"},{"opp":"0.0, +0.5","odds":"1.575","header":"Home"},{"opp":"0.0, -0.5","odds":"2.350","header":"Away"},{"opp":"+0.5","odds":"1.425","header":"Home"},{"opp":"-0.5","odds":"2.750","header":"Away"},{"opp":"+0.5, +1.0","odds":"1.300","header":"Home"},{"opp":"-0.5, -1.0","odds":"3.450","header":"Away"},{"opp":"+1.0","odds":"1.175","header":"Home"},{"opp":"-1.0","odds":"4.800","header":"Away"},{"opp":"+1.0, +1.5","odds":"1.150","header":"Home"},{"opp":"-1.0, -1.5","odds":"5.500","header":"Away"},{"opp":"+1.5","odds":"1.130","header":"Home"},{"opp":"-1.5","odds":"5.900","header":"Away"}],"alternative_goal_line":[{"goals":"1.0, 1.5","odds":"1.210","header":"Over"},{"goals":"1.0, 1.5","odds":"4.250","header":"Under"},{"goals":"1.5","odds":"1.325","header":"Over"},{"goals":"1.5","odds":"3.300","header":"Under"},{"goals":"1.5, 2.0","odds":"1.400","header":"Over"},{"goals":"1.5, 2.0","odds":"2.850","header":"Under"},{"goals":"2.0","odds":"1.525","header":"Over"},{"goals":"2.0","odds":"2.425","header":"Under"},{"goals":"2.5","odds":"2.050","header":"Over"},{"goals":"2.5","odds":"1.750","header":"Under"},{"goals":"2.5, 3.0","odds":"2.350","header":"Over"},{"goals":"2.5, 3.0","odds":"1.575","header":"Under"},{"goals":"3.0","odds":"2.850","header":"Over"},{"goals":"3.0","odds":"1.400","header":"Under"},{"goals":"3.0, 3.5","odds":"3.100","header":"Over"},{"goals":"3.0, 3.5","odds":"1.350","header":"Under"},{"goals":"3.5","odds":"3.450","header":"Over"},{"goals":"3.5","odds":"1.300","header":"Under"},{"goals":"3.5, 4.0","odds":"4.400","header":"Over"},{"goals":"3.5, 4.0","odds":"1.200","header":"Under"},{"goals":"4.0","odds":"6.250","header":"Over"},{"goals":"4.0","odds":"1.120","header":"Under"},{"goals":"4.0, 4.5","odds":"6.800","header":"Over"},{"goals":"4.0, 4.5","odds":"1.105","header":"Under"}],"1st_half_asian_handicap":[{"opp":"0.0","odds":"1.825","header":"Home"},{"opp":"0.0","odds":"1.975","header":"Away"}],"1st_half_goal_line":[{"goals":"1.0","odds":"2.000","header":"Over"},{"goals":"1.0","odds":"1.800","header":"Under"}],"alternative_1st_half_asian_handicap":[{"opp":"-0.5, -1.0","odds":"4.400","header":"Home"},{"opp":"+0.5, +1.0","odds":"1.200","header":"Away"},{"opp":"-0.5","odds":"3.100","header":"Home"},{"opp":"+0.5","odds":"1.350","header":"Away"},{"opp":"0.0, -0.5","odds":"2.500","header":"Home"},{"opp":"0.0, +0.5","odds":"1.500","header":"Away"},{"opp":"0.0, +0.5","odds":"1.450","header":"Home"},{"opp":"0.0, -0.5","odds":"2.675","header":"Away"},{"opp":"+0.5","odds":"1.300","header":"Home"},{"opp":"-0.5","odds":"3.450","header":"Away"},{"opp":"+0.5, +1.0","odds":"1.180","header":"Home"},{"opp":"-0.5, -1.0","odds":"4.650","header":"Away"}],"alternative_1st_half_goal_line":[{"goals":"0.5, 1.0","odds":"1.600","header":"Over"},{"goals":"0.5, 1.0","odds":"2.300","header":"Under"},{"goals":"1.0, 1.5","odds":"2.500","header":"Over"},{"goals":"1.0, 1.5","odds":"1.500","header":"Under"},{"goals":"1.5","odds":"3.000","header":"Over"},{"goals":"1.5","odds":"1.375","header":"Under"},{"goals":"1.5, 2.0","odds":"3.900","header":"Over"},{"goals":"1.5, 2.0","odds":"1.240","header":"Under"},{"goals":"2.0","odds":"6.600","header":"Over"},{"goals":"2.0","odds":"1.110","header":"Under"}],"asian_total_corners":[{"goals":"9.5","odds":"2.000","header":"Over"},{"goals":"9.5","odds":"1.800","header":"Under"}],"1st_half_asian_corners":[{"goals":"4.5","odds":"2.000","header":"Over"},{"goals":"4.5","odds":"1.800","header":"Under"}]}},"corners":{"updated_at":"1532570847","sp":{"corners":[{"opp":"Over 9","odds":"1.91"},{"opp":"Exactly 9","odds":"7.00"},{"opp":"Under 9","odds":"2.30"}],"total_corners":[{"opp":"Under 6","odds":"8.00"},{"opp":"6 - 8","odds":"3.00"},{"opp":"9 - 11","odds":"2.62"},{"opp":"12 - 14","odds":"4.75"},{"opp":"Over 14","odds":"12.00"}],"alternative_corners":[{"goals":"3","odds":"1.01","header":"Over"},{"goals":"3","odds":"29.00","header":"Exactly"},{"goals":"3","odds":"41.00","header":"Under"},{"goals":"4","odds":"1.03","header":"Over"},{"goals":"4","odds":"19.00","header":"Exactly"},{"goals":"4","odds":"23.00","header":"Under"},{"goals":"5","odds":"1.06","header":"Over"},{"goals":"5","odds":"13.00","header":"Exactly"},{"goals":"5","odds":"15.00","header":"Under"},{"goals":"6","odds":"1.17","header":"Over"},{"goals":"6","odds":"10.00","header":"Exactly"},{"goals":"6","odds":"8.00","header":"Under"},{"goals":"7","odds":"1.33","header":"Over"},{"goals":"7","odds":"8.00","header":"Exactly"},{"goals":"7","odds":"4.75","header":"Under"},{"goals":"8","odds":"1.57","header":"Over"},{"goals":"8","odds":"7.50","header":"Exactly"},{"goals":"8","odds":"3.20","header":"Under"},{"goals":"10","odds":"2.60","header":"Over"},{"goals":"10","odds":"7.50","header":"Exactly"},{"goals":"10","odds":"1.80","header":"Under"},{"goals":"11","odds":"3.50","header":"Over"},{"goals":"11","odds":"8.50","header":"Exactly"},{"goals":"11","odds":"1.44","header":"Under"},{"goals":"12","odds":"5.00","header":"Over"},{"goals":"12","odds":"10.00","header":"Exactly"},{"goals":"12","odds":"1.29","header":"Under"},{"goals":"13","odds":"7.50","header":"Over"},{"goals":"13","odds":"12.00","header":"Exactly"},{"goals":"13","odds":"1.14","header":"Under"},{"goals":"14","odds":"11.00","header":"Over"},{"goals":"14","odds":"17.00","header":"Exactly"},{"goals":"14","odds":"1.07","header":"Under"},{"goals":"15","odds":"15.00","header":"Over"},{"goals":"15","odds":"21.00","header":"Exactly"},{"goals":"15","odds":"1.04","header":"Under"},{"goals":"16","odds":"21.00","header":"Over"},{"goals":"16","odds":"26.00","header":"Exactly"},{"goals":"16","odds":"1.02","header":"Under"},{"goals":"17","odds":"29.00","header":"Over"},{"goals":"17","odds":"34.00","header":"Exactly"},{"goals":"17","odds":"1.01","header":"Under"}],"corners_2_way":[{"opp":"Over 9.5","odds":"1.91"},{"opp":"Under 9.5","odds":"1.80"}],"first_half_corners":[{"opp":"4","odds":"2.00","header":"Over"},{"opp":"4","odds":"5.00","header":"Exactly"},{"opp":"4","odds":"2.75","header":"Under"}],"asian_total_corners":[{"goals":"9.5","odds":"2.000","header":"Over"},{"goals":"9.5","odds":"1.800","header":"Under"}],"1st_half_asian_corners":[{"goals":"4.5","odds":"2.000","header":"Over"},{"goals":"4.5","odds":"1.800","header":"Under"}]}},"goals":{"updated_at":"1532570870","sp":{"goals_over_under":[{"goals":"2.5","odds":"2.05","header":"Over"},{"goals":"2.5","odds":"1.75","header":"Under"}],"alternative_total_goals":[{"goals":"0.5","odds":"1.07","header":"Over "},{"goals":"0.5","odds":"9.50","header":"Under"},{"goals":"1.5","odds":"1.30","header":"Over "},{"goals":"1.5","odds":"3.40","header":"Under"},{"goals":"3.5","odds":"3.50","header":"Over "},{"goals":"3.5","odds":"1.29","header":"Under"},{"goals":"4.5","odds":"7.00","header":"Over "},{"goals":"4.5","odds":"1.10","header":"Under"},{"goals":"5.5","odds":"17.00","header":"Over "},{"goals":"5.5","odds":"1.02","header":"Under"}],"result_total_goals":[{"opp":"Sanfrecce Hiroshima & Over 2.5","odds":"4.33"},{"opp":"Sanfrecce Hiroshima & Under 2.5","odds":"5.50"},{"opp":"Draw & Over 2.5","odds":"12.00"},{"opp":"Draw & Under  2.5","odds":"4.00"},{"opp":"Urawa Red Diamonds & Over 2.5","odds":"4.75"},{"opp":"Urawa Red Diamonds & Under 2.5","odds":"6.00"}],"total_goals_both_teams_to_score":[{"opp":"Over 2.5 & Yes","odds":"2.30"},{"opp":"Over 2.5 & No","odds":"11.00"},{"opp":"Under 2.5 & Yes","odds":"6.00"},{"opp":"Under 2.5 & No","odds":"2.30"}],"exact_total_goals":[{"opp":"0 Goals","odds":"9.50"},{"opp":"1 Goal","odds":"4.75"},{"opp":"2 Goals","odds":"3.40"},{"opp":"3 Goals","odds":"4.33"},{"opp":"4 Goals","odds":"6.00"},{"opp":"5 Goals","odds":"12.00"},{"opp":"6 Goals","odds":"26.00"},{"opp":"7+ Goals","odds":"34.00"}],"number_of_goals_in_match":[{"opp":"Under 2 goals","odds":"3.40"},{"opp":"2 or 3 goals","odds":"1.95"},{"opp":"Over 3 goals","odds":"3.50"}],"both_teams_to_score":[{"opp":"Yes","odds":"1.80"},{"opp":"No","odds":"1.95"}],"teams_to_score":[{"opp":"Both Teams","odds":"1.80"},{"opp":"Sanfrecce Hiroshima Only","odds":"4.33"},{"opp":"No Goal","odds":"9.50"},{"opp":"Urawa Red Diamonds Only","odds":"4.75"}],"both_teams_to_score_in_1st_half":[{"opp":"Yes","odds":"5.00"},{"opp":"No","odds":"1.17"}],"both_teams_to_score_in_2nd_half":[{"opp":"Yes","odds":"3.40"},{"opp":"No","odds":"1.30"}],"both_teams_to_score_1st_half_2nd_half":[{"opp":"Yes \/ Yes","odds":"17.00"},{"opp":"Yes \/ No","odds":"6.00"},{"opp":"No \/ Yes","odds":"3.75"},{"opp":"No \/ No","odds":"1.57"}],"first_half_goals":[{"goals":"0.5","odds":"1.44","header":"Over"},{"goals":"0.5","odds":"2.62","header":"Under"},{"goals":"1.5","odds":"3.00","header":"Over"},{"goals":"1.5","odds":"1.36","header":"Under"},{"goals":"2.5","odds":"9.00","header":"Over"},{"goals":"2.5","odds":"1.07","header":"Under"},{"goals":"3.5","odds":"23.00","header":"Over"},{"goals":"3.5","odds":"1.01","header":"Under"}],"exact_1st_half_goals":[{"opp":"0 Goals","odds":"2.62"},{"opp":"1 Goal","odds":"2.50"},{"opp":"2 Goals","odds":"4.33"},{"opp":"3 Goals","odds":"11.00"},{"opp":"4 Goals","odds":"34.00"},{"opp":"5+ Goals","odds":"81.00"}],"total_goal_minutes":[{"opp":"Over 135 minutes","odds":"2.10"},{"opp":"115 To 135 minutes inc.","odds":"8.50"},{"opp":"Under 115 minutes","odds":"1.91"}],"first_team_to_score":[{"opp":"Sanfrecce Hiroshima","odds":"1.83"},{"opp":"No Goals","odds":"9.50"},{"opp":"Urawa Red Diamonds","odds":"2.10"}],"early_goal":[{"opp":"Goal before 30:00","odds":"1.83"},{"opp":"No Goal before 30:00","odds":"1.83"}],"late_goal":[{"opp":"Goal after 72:59","odds":"1.83"},{"opp":"No Goal after 72:59","odds":"1.83"}],"time_of_first_goal_brackets":[{"opp":"1-10","odds":"4.50"},{"opp":"11-20","odds":"5.00"},{"opp":"21-30","odds":"6.00"},{"opp":"31-40","odds":"7.00"},{"opp":"41-50","odds":"8.00"},{"opp":"51-60","odds":"13.00"},{"opp":"61-70","odds":"17.00"},{"opp":"71-80","odds":"19.00"},{"opp":"81 - Full Time","odds":"19.00"},{"opp":"No Goal","odds":"9.50"}],"2nd_half_goals":[{"goals":"0.5","odds":"1.25","header":"Over"},{"goals":"0.5","odds":"3.75","header":"Under"},{"goals":"1.5","odds":"2.20","header":"Over"},{"goals":"1.5","odds":"1.62","header":"Under"},{"goals":"2.5","odds":"5.00","header":"Over"},{"goals":"2.5","odds":"1.17","header":"Under"},{"goals":"3.5","odds":"13.00","header":"Over"},{"goals":"3.5","odds":"1.04","header":"Under"}],"exact_2nd_half_goals":[{"opp":"0 Goals","odds":"3.75"},{"opp":"1 Goal","odds":"2.75"},{"opp":"2 Goals","odds":"3.60"},{"opp":"3 Goals","odds":"7.00"},{"opp":"4 Goals","odds":"19.00"},{"opp":"5+ Goals","odds":"29.00"}],"half_with_most_goals":[{"opp":"1st Half","odds":"3.20"},{"opp":"2nd Half","odds":"2.05"},{"opp":"Tie","odds":"3.50"}],"home_team_highest_scoring_half":[{"opp":"Sanfrecce Hiroshima - 1st Half","odds":"3.60"},{"opp":"Sanfrecce Hiroshima - 2nd Half","odds":"2.50"},{"opp":"Sanfrecce Hiroshima - Tie","odds":"2.30"}],"away_team_highest_scoring_half":[{"opp":"Urawa Red Diamonds - 1st Half","odds":"3.60"},{"opp":"Urawa Red Diamonds - 2nd Half","odds":"2.60"},{"opp":"Urawa Red Diamonds - Tie","odds":"2.25"}],"home_team_exact_goals":[{"opp":"Sanfrecce Hiroshima - 0 Goals","odds":"3.40"},{"opp":"Sanfrecce Hiroshima - 1 Goal","odds":"2.50"},{"opp":"Sanfrecce Hiroshima - 2 Goals","odds":"3.75"},{"opp":"Sanfrecce Hiroshima - 3+ Goals","odds":"6.00"}],"away_team_exact_goals":[{"opp":"Urawa Red Diamonds - 0 Goals","odds":"3.25"},{"opp":"Urawa Red Diamonds - 1 Goal","odds":"2.50"},{"opp":"Urawa Red Diamonds - 2 Goals","odds":"4.00"},{"opp":"Urawa Red Diamonds - 3+ Goals","odds":"6.50"}],"time_of_1st_team_goal":[{"opp":"Sanfrecce Hiroshima - Goal before 55:00","odds":"1.83"},{"opp":"Sanfrecce Hiroshima - No Goal before 55:00","odds":"1.83"},{"opp":"Urawa Red Diamonds - Goal before 57:00","odds":"1.83"},{"opp":"Urawa Red Diamonds - No Goal before 57:00","odds":"1.83"}],"goals_odd_even":[{"opp":"Even","odds":"1.90"},{"opp":"Odd","odds":"1.95"}],"home_team_odd_even_goals":[{"opp":"Sanfrecce Hiroshima - Even","odds":"1.73"},{"opp":"Sanfrecce Hiroshima - Odd","odds":"2.00"}],"away_team_odd_even_goals":[{"opp":"Urawa Red Diamonds - Even","odds":"1.73"},{"opp":"Urawa Red Diamonds - Odd","odds":"2.00"}],"1st_half_goals_odd_even":[{"opp":"Odd","odds":"2.10"},{"opp":"Even","odds":"1.73"}],"last_team_to_score":[{"opp":"Sanfrecce Hiroshima","odds":"1.83"},{"opp":"No Goal","odds":"9.50"},{"opp":"Urawa Red Diamonds","odds":"2.10"}],"first_10_minutes_(00:00_09:59)":[{"name":"Goals","handicap":"0.5","odds":"4.50","header":"Over"},{"name":"Goals","handicap":"0.5","odds":"1.18","header":"Under"}]}},"half":{"updated_at":"1532570887","sp":{"half_time_result":[{"opp":"1","odds":"3.20"},{"opp":"X","odds":"2.10"},{"opp":"2","odds":"3.40"}],"half_time_double_chance":[{"opp":"1X","odds":"1.30"},{"opp":"X2","odds":"1.36"},{"opp":"12","odds":"1.67"}],"half_time_result_both_teams_to_score":[{"opp":"Sanfrecce Hiroshima & Yes","odds":"21.00"},{"opp":"Sanfrecce Hiroshima & No","odds":"3.50"},{"opp":"Draw & Yes","odds":"7.50"},{"opp":"Draw & No","odds":"2.75"},{"opp":"Urawa Red Diamonds & Yes","odds":"23.00"},{"opp":"Urawa Red Diamonds & No","odds":"3.75"}],"half_time_result_total_goals":[{"opp":"Sanfrecce Hiroshima & Over 1.5","odds":"8.50"},{"opp":"Sanfrecce Hiroshima & Under 1.5","odds":"4.50"},{"opp":"Draw & Over 1.5","odds":"7.50"},{"opp":"Draw & Under 1.5","odds":"2.62"},{"opp":"Urawa Red Diamonds & Over 1.5","odds":"9.00"},{"opp":"Urawa Red Diamonds & Under 1.5","odds":"4.75"}],"half_time_correct_score":[{"opp":"1-0","odds":"4.50","header":"Home"},{"opp":"0-0","odds":"2.62","header":"X"},{"opp":"1-0","odds":"4.75","header":"Away"},{"opp":"2-0","odds":"15.00","header":"Home"},{"opp":"1-1","odds":"7.50","header":"X"},{"opp":"2-0","odds":"15.00","header":"Away"},{"opp":"2-1","odds":"23.00","header":"Home"},{"opp":"2-2","odds":"51.00","header":"X"},{"opp":"2-1","odds":"26.00","header":"Away"},{"opp":"3-0","odds":"51.00","header":"Home"},{"opp":"3-0","odds":"51.00","header":"Away"},{"opp":"3-1","odds":"67.00","header":"Home"},{"opp":"3-1","odds":"81.00","header":"Away"},{"opp":"3-2","odds":"201.00","header":"Home"},{"opp":"3-2","odds":"201.00","header":"Away"},{"opp":"4-0","odds":"201.00","header":"Home"},{"opp":"4-0","odds":"251.00","header":"Away"},{"opp":"4-1","odds":"401.00","header":"Home"},{"opp":"4-1","odds":"451.00","header":"Away"}],"both_teams_to_score_in_1st_half":[{"opp":"Yes","odds":"5.00"},{"opp":"No","odds":"1.17"}],"both_teams_to_score_in_2nd_half":[{"opp":"Yes","odds":"3.40"},{"opp":"No","odds":"1.30"}],"both_teams_to_score_1st_half_2nd_half":[{"opp":"Yes \/ Yes","odds":"17.00"},{"opp":"Yes \/ No","odds":"6.00"},{"opp":"No \/ Yes","odds":"3.75"},{"opp":"No \/ No","odds":"1.57"}],"1st_half_asian_handicap":[{"opp":"0.0","odds":"1.825","header":"Home"},{"opp":"0.0","odds":"1.975","header":"Away"}],"1st_half_goal_line":[{"goals":"1.0","odds":"2.000","header":"Over"},{"goals":"1.0","odds":"1.800","header":"Under"}],"alternative_1st_half_asian_handicap":[{"opp":"-0.5, -1.0","odds":"4.400","header":"Home"},{"opp":"+0.5, +1.0","odds":"1.200","header":"Away"},{"opp":"-0.5","odds":"3.100","header":"Home"},{"opp":"+0.5","odds":"1.350","header":"Away"},{"opp":"0.0, -0.5","odds":"2.500","header":"Home"},{"opp":"0.0, +0.5","odds":"1.500","header":"Away"},{"opp":"0.0, +0.5","odds":"1.450","header":"Home"},{"opp":"0.0, -0.5","odds":"2.675","header":"Away"},{"opp":"+0.5","odds":"1.300","header":"Home"},{"opp":"-0.5","odds":"3.450","header":"Away"},{"opp":"+0.5, +1.0","odds":"1.180","header":"Home"},{"opp":"-0.5, -1.0","odds":"4.650","header":"Away"}],"alternative_1st_half_goal_line":[{"goals":"0.5, 1.0","odds":"1.600","header":"Over"},{"goals":"0.5, 1.0","odds":"2.300","header":"Under"},{"goals":"1.0, 1.5","odds":"2.500","header":"Over"},{"goals":"1.0, 1.5","odds":"1.500","header":"Under"},{"goals":"1.5","odds":"3.000","header":"Over"},{"goals":"1.5","odds":"1.375","header":"Under"},{"goals":"1.5, 2.0","odds":"3.900","header":"Over"},{"goals":"1.5, 2.0","odds":"1.240","header":"Under"},{"goals":"2.0","odds":"6.600","header":"Over"},{"goals":"2.0","odds":"1.110","header":"Under"}],"1st_half_handicap":[{"opp":"Sanfrecce Hiroshima  -1.0","odds":"11.00"},{"opp":"Tie - Urawa Red Diamonds +1.0","odds":"3.75"},{"opp":"Urawa Red Diamonds  +1.0","odds":"1.36"}],"alternative_1st_half_handicap_result":[{"opp":"-2.0","odds":"23.00","header":"Home"},{"opp":"+2.0","odds":"11.00","header":"Tie"},{"opp":"+2.0","odds":"1.05","header":"Away"},{"opp":"+1.0","odds":"1.30","header":"Home"},{"opp":"-1.0","odds":"4.00","header":"Tie"},{"opp":"-1.0","odds":"12.00","header":"Away"}],"first_half_goals":[{"goals":"0.5","odds":"1.44","header":"Over"},{"goals":"0.5","odds":"2.62","header":"Under"},{"goals":"1.5","odds":"3.00","header":"Over"},{"goals":"1.5","odds":"1.36","header":"Under"},{"goals":"2.5","odds":"9.00","header":"Over"},{"goals":"2.5","odds":"1.07","header":"Under"},{"goals":"3.5","odds":"23.00","header":"Over"},{"goals":"3.5","odds":"1.01","header":"Under"}],"exact_1st_half_goals":[{"opp":"0 Goals","odds":"2.62"},{"opp":"1 Goal","odds":"2.50"},{"opp":"2 Goals","odds":"4.33"},{"opp":"3 Goals","odds":"11.00"},{"opp":"4 Goals","odds":"34.00"},{"opp":"5+ Goals","odds":"81.00"}],"first_half_corners":[{"opp":"4","odds":"2.00","header":"Over"},{"opp":"4","odds":"5.00","header":"Exactly"},{"opp":"4","odds":"2.75","header":"Under"}],"1st_half_asian_corners":[{"goals":"4.5","odds":"2.000","header":"Over"},{"goals":"4.5","odds":"1.800","header":"Under"}],"1st_half_goals_odd_even":[{"opp":"Odd","odds":"2.10"},{"opp":"Even","odds":"1.73"}],"to_score_in_half":[{"name":"1st Half","odds":"2.10","header":"Yes"},{"name":"1st Half","odds":"1.67","header":"No"},{"name":"2nd Half","odds":"1.80","header":"Yes"},{"name":"2nd Half","odds":"1.91","header":"No"},{"name":"1st Half","odds":"2.20","header":"Yes"},{"name":"1st Half","odds":"1.62","header":"No"},{"name":"2nd Half","odds":"1.83","header":"Yes"},{"name":"2nd Half","odds":"1.83","header":"No"}],"half_with_most_goals":[{"opp":"1st Half","odds":"3.20"},{"opp":"2nd Half","odds":"2.05"},{"opp":"Tie","odds":"3.50"}],"home_team_highest_scoring_half":[{"opp":"Sanfrecce Hiroshima - 1st Half","odds":"3.60"},{"opp":"Sanfrecce Hiroshima - 2nd Half","odds":"2.50"},{"opp":"Sanfrecce Hiroshima - Tie","odds":"2.30"}],"away_team_highest_scoring_half":[{"opp":"Urawa Red Diamonds - 1st Half","odds":"3.60"},{"opp":"Urawa Red Diamonds - 2nd Half","odds":"2.60"},{"opp":"Urawa Red Diamonds - Tie","odds":"2.25"}],"2nd_half_result":[{"opp":"1","odds":"2.75"},{"opp":"X","odds":"2.40"},{"opp":"2","odds":"3.00"}],"2nd_half_goals":[{"goals":"0.5","odds":"1.25","header":"Over"},{"goals":"0.5","odds":"3.75","header":"Under"},{"goals":"1.5","odds":"2.20","header":"Over"},{"goals":"1.5","odds":"1.62","header":"Under"},{"goals":"2.5","odds":"5.00","header":"Over"},{"goals":"2.5","odds":"1.17","header":"Under"},{"goals":"3.5","odds":"13.00","header":"Over"},{"goals":"3.5","odds":"1.04","header":"Under"}],"exact_2nd_half_goals":[{"opp":"0 Goals","odds":"3.75"},{"opp":"1 Goal","odds":"2.75"},{"opp":"2 Goals","odds":"3.60"},{"opp":"3 Goals","odds":"7.00"},{"opp":"4 Goals","odds":"19.00"},{"opp":"5+ Goals","odds":"29.00"}],"2nd_half_goals_odd_even":[{"opp":"Even","odds":"1.73"},{"opp":"Odd","odds":"2.00"}]}},"main":{"updated_at":"1532569751","sp":{"full_time_result":[{"opp":"1","odds":"2.50"},{"opp":"X","odds":"3.20"},{"opp":"2","odds":"2.88"}],"double_chance":[{"opp":"1X","odds":"1.42"},{"opp":"X2","odds":"1.55"},{"opp":"12","odds":"1.36"}],"correct_score":[{"opp":"1-0","odds":"8.00","header":"Home"},{"opp":"0-0","odds":"9.50","header":"X"},{"opp":"1-0","odds":"8.50","header":"Away"},{"opp":"2-0","odds":"12.00","header":"Home"},{"opp":"1-1","odds":"6.00","header":"X"},{"opp":"2-0","odds":"13.00","header":"Away"},{"opp":"2-1","odds":"10.00","header":"Home"},{"opp":"2-2","odds":"13.00","header":"X"},{"opp":"2-1","odds":"10.00","header":"Away"},{"opp":"3-0","odds":"26.00","header":"Home"},{"opp":"3-3","odds":"51.00","header":"X"},{"opp":"3-0","odds":"29.00","header":"Away"},{"opp":"3-1","odds":"21.00","header":"Home"},{"opp":"4-4","odds":"301.00","header":"X"},{"opp":"3-1","odds":"23.00","header":"Away"},{"opp":"3-2","odds":"29.00","header":"Home"},{"opp":"3-2","odds":"34.00","header":"Away"},{"opp":"4-0","odds":"51.00","header":"Home"},{"opp":"4-0","odds":"51.00","header":"Away"},{"opp":"4-1","odds":"41.00","header":"Home"},{"opp":"4-1","odds":"51.00","header":"Away"},{"opp":"4-2","odds":"67.00","header":"Home"},{"opp":"4-2","odds":"67.00","header":"Away"},{"opp":"4-3","odds":"126.00","header":"Home"},{"opp":"4-3","odds":"126.00","header":"Away"},{"opp":"5-0","odds":"151.00","header":"Home"},{"opp":"5-0","odds":"151.00","header":"Away"},{"opp":"5-1","odds":"126.00","header":"Home"},{"opp":"5-1","odds":"151.00","header":"Away"},{"opp":"5-2","odds":"151.00","header":"Home"},{"opp":"5-2","odds":"201.00","header":"Away"},{"opp":"5-3","odds":"401.00","header":"Home"},{"opp":"5-3","odds":"451.00","header":"Away"},{"opp":"6-1","odds":"451.00","header":"Home"}],"half_time_full_time":[{"opp":"Sanfrecce Hiroshima - Sanfrecce Hiroshima","odds":"4.00"},{"opp":"Sanfrecce Hiroshima - Draw","odds":"15.00"},{"opp":"Sanfrecce Hiroshima - Urawa Red Diamonds","odds":"29.00"},{"opp":"Draw - Sanfrecce Hiroshima","odds":"6.00"},{"opp":"Draw - Draw","odds":"5.00"},{"opp":"Draw - Urawa Red Diamonds","odds":"6.00"},{"opp":"Urawa Red Diamonds - Sanfrecce Hiroshima","odds":"29.00"},{"opp":"Urawa Red Diamonds - Draw","odds":"15.00"},{"opp":"Urawa Red Diamonds - Urawa Red Diamonds","odds":"4.50"}],"goals_over_under":[{"goals":"2.5","odds":"2.05","header":"Over"},{"goals":"2.5","odds":"1.75","header":"Under"}],"both_teams_to_score":[{"opp":"Yes","odds":"1.80"},{"opp":"No","odds":"1.95"}],"asian_handicap":[{"opp":"0.0","odds":"1.825","header":"Home"},{"opp":"0.0","odds":"2.025","header":"Away"}],"goal_line":[{"goals":"2.0, 2.5","odds":"1.800","header":"Over"},{"goals":"2.0, 2.5","odds":"2.050","header":"Under"}],"alternative_asian_handicap":[{"opp":"-1.5, -2.0","odds":"7.000","header":"Home"},{"opp":"+1.5, +2.0","odds":"1.100","header":"Away"},{"opp":"-1.5","odds":"5.250","header":"Home"},{"opp":"+1.5","odds":"1.160","header":"Away"},{"opp":"-1.0, -1.5","odds":"4.650","header":"Home"},{"opp":"+1.0, +1.5","odds":"1.180","header":"Away"},{"opp":"-1.0","odds":"4.150","header":"Home"},{"opp":"+1.0","odds":"1.220","header":"Away"},{"opp":"-0.5, -1.0","odds":"3.000","header":"Home"},{"opp":"+0.5, +1.0","odds":"1.375","header":"Away"},{"opp":"-0.5","odds":"2.425","header":"Home"},{"opp":"+0.5","odds":"1.525","header":"Away"},{"opp":"0.0, -0.5","odds":"2.150","header":"Home"},{"opp":"0.0, +0.5","odds":"1.675","header":"Away"},{"opp":"0.0, +0.5","odds":"1.575","header":"Home"},{"opp":"0.0, -0.5","odds":"2.350","header":"Away"},{"opp":"+0.5","odds":"1.425","header":"Home"},{"opp":"-0.5","odds":"2.750","header":"Away"},{"opp":"+0.5, +1.0","odds":"1.300","header":"Home"},{"opp":"-0.5, -1.0","odds":"3.450","header":"Away"},{"opp":"+1.0","odds":"1.175","header":"Home"},{"opp":"-1.0","odds":"4.800","header":"Away"},{"opp":"+1.0, +1.5","odds":"1.150","header":"Home"},{"opp":"-1.0, -1.5","odds":"5.500","header":"Away"},{"opp":"+1.5","odds":"1.130","header":"Home"},{"opp":"-1.5","odds":"5.900","header":"Away"}],"alternative_goal_line":[{"goals":"1.0, 1.5","odds":"1.210","header":"Over"},{"goals":"1.0, 1.5","odds":"4.250","header":"Under"},{"goals":"1.5","odds":"1.325","header":"Over"},{"goals":"1.5","odds":"3.300","header":"Under"},{"goals":"1.5, 2.0","odds":"1.400","header":"Over"},{"goals":"1.5, 2.0","odds":"2.850","header":"Under"},{"goals":"2.0","odds":"1.525","header":"Over"},{"goals":"2.0","odds":"2.425","header":"Under"},{"goals":"2.5","odds":"2.050","header":"Over"},{"goals":"2.5","odds":"1.750","header":"Under"},{"goals":"2.5, 3.0","odds":"2.350","header":"Over"},{"goals":"2.5, 3.0","odds":"1.575","header":"Under"},{"goals":"3.0","odds":"2.850","header":"Over"},{"goals":"3.0","odds":"1.400","header":"Under"},{"goals":"3.0, 3.5","odds":"3.100","header":"Over"},{"goals":"3.0, 3.5","odds":"1.350","header":"Under"},{"goals":"3.5","odds":"3.450","header":"Over"},{"goals":"3.5","odds":"1.300","header":"Under"},{"goals":"3.5, 4.0","odds":"4.400","header":"Over"},{"goals":"3.5, 4.0","odds":"1.200","header":"Under"},{"goals":"4.0","odds":"6.250","header":"Over"},{"goals":"4.0","odds":"1.120","header":"Under"},{"goals":"4.0, 4.5","odds":"6.800","header":"Over"},{"goals":"4.0, 4.5","odds":"1.105","header":"Under"}],"draw_no_bet":[{"opp":"Sanfrecce Hiroshima","odds":"1.80"},{"opp":"Urawa Red Diamonds","odds":"1.91"}],"result_both_teams_to_score":[{"name":"Sanfrecce Hiroshima","odds":"5.00","header":"Yes"},{"name":"Sanfrecce Hiroshima","odds":"4.33","header":"No"},{"name":"Urawa Red Diamonds","odds":"5.50","header":"Yes"},{"name":"Urawa Red Diamonds","odds":"4.75","header":"No"},{"name":"Draw","odds":"4.33","header":"Yes"},{"name":"Draw","odds":"9.50","header":"No"}],"handicap_result":[{"opp":"Sanfrecce Hiroshima (-1)","odds":"5.00"},{"opp":"Tie - (Urawa Red Diamonds +1)","odds":"4.00"},{"opp":"Urawa Red Diamonds (+1)","odds":"1.55"}],"alternative_handicap_result":[{"opp":"-3.0","odds":"19.00","header":"Home"},{"opp":"+3.0","odds":"13.00","header":"Tie"},{"opp":"+3.0","odds":"1.04","header":"Away"},{"opp":"-2.0","odds":"11.00","header":"Home"},{"opp":"+2.0","odds":"7.00","header":"Tie"},{"opp":"+2.0","odds":"1.12","header":"Away"},{"opp":"+1.0","odds":"1.42","header":"Home"},{"opp":"-1.0","odds":"4.33","header":"Tie"},{"opp":"-1.0","odds":"5.50","header":"Away"},{"opp":"+2.0","odds":"1.10","header":"Home"},{"opp":"-2.0","odds":"8.00","header":"Tie"},{"opp":"-2.0","odds":"13.00","header":"Away"}],"winning_margin":[{"goals":" 1","odds":"4.00","header":"Home"},{"goals":" 1","odds":"4.33","header":"Away"},{"goals":" 2","odds":"7.00","header":"Home"},{"goals":" 2","odds":"8.00","header":"Away"},{"goals":" 3","odds":"13.00","header":"Home"},{"goals":" 3","odds":"21.00","header":"Away"},{"goals":" 4+","odds":"19.00","header":"Home"},{"goals":" 4+","odds":"41.00","header":"Away"},{"goals":"Score Draw","odds":"4.33","header":"Home"},{"goals":"No Goal","odds":"9.50","header":"Home"}]}},"schedule":{"updated_at":"1532571137","sp":{"main":[{"odds":"1.800"},{"odds":"2.050"}]}},"specials":{"updated_at":"1532570900","sp":{"specials":[{"name":"To Win From Behind","odds":"10.00","header":"Home"},{"name":"To Win From Behind","odds":"11.00","header":"Away"},{"name":"To Win to Nil","odds":"4.33","header":"Home"},{"name":"To Win to Nil","odds":"4.75","header":"Away"},{"name":"To Win Either Half","odds":"1.80","header":"Home"},{"name":"To Win Either Half","odds":"1.83","header":"Away"},{"name":"To Win Both Halves","odds":"9.00","header":"Home"},{"name":"To Win Both Halves","odds":"11.00","header":"Away"},{"name":"To Score in Both Halves","odds":"3.75","header":"Home"},{"name":"To Score in Both Halves","odds":"4.00","header":"Away"}],"to_score_in_half":[{"name":"1st Half","odds":"2.10","header":"Yes"},{"name":"1st Half","odds":"1.67","header":"No"},{"name":"2nd Half","odds":"1.80","header":"Yes"},{"name":"2nd Half","odds":"1.91","header":"No"},{"name":"1st Half","odds":"2.20","header":"Yes"},{"name":"1st Half","odds":"1.62","header":"No"},{"name":"2nd Half","odds":"1.83","header":"Yes"},{"name":"2nd Half","odds":"1.83","header":"No"}]}}}]}}