{"odd":{"success":1,"results":[{"FI":"75378746","event_id":"676903","goals":{"updated_at":"1532570372","sp":{"goals_over_under":[{"goals":"2.5","odds":"1.65","header":"Over"},{"goals":"2.5","odds":"2.20","header":"Under"}],"first_team_to_score":[{"opp":"Seattle Sounders II","odds":"2.10"},{"opp":"No Goals","odds":"15.00"},{"opp":"Las Vegas Lights FC","odds":"1.73"}],"home_team_highest_scoring_half":[{"opp":"Seattle Sounders II - 1st Half","odds":"3.60"},{"opp":"Seattle Sounders II - 2nd Half","odds":"2.60"},{"opp":"Seattle Sounders II - Tie","odds":"2.25"}],"away_team_highest_scoring_half":[{"opp":"Las Vegas Lights FC - 1st Half","odds":"3.25"},{"opp":"Las Vegas Lights FC - 2nd Half","odds":"2.25"},{"opp":"Las Vegas Lights FC - Tie","odds":"2.75"}],"goals_odd_even":[{"opp":"Even","odds":"1.90"},{"opp":"Odd","odds":"1.95"}],"home_team_odd_even_goals":[{"opp":"Seattle Sounders II - Even","odds":"1.67"},{"opp":"Seattle Sounders II - Odd","odds":"2.10"}],"away_team_odd_even_goals":[{"opp":"Las Vegas Lights FC - Even","odds":"1.80"},{"opp":"Las Vegas Lights FC - Odd","odds":"1.91"}],"1st_half_goals_odd_even":[{"opp":"Odd","odds":"2.10"},{"opp":"Even","odds":"1.73"}]}},"half":{"updated_at":"1532570393","sp":{"half_time_result":[{"opp":"1","odds":"3.60"},{"opp":"X","odds":"2.38"},{"opp":"2","odds":"2.50"}],"half_time_double_chance":[{"opp":"1X","odds":"1.50"},{"opp":"X2","odds":"1.29"},{"opp":"12","odds":"1.53"}],"half_time_correct_score":[{"opp":"1-0","odds":"5.50","header":"Home"},{"opp":"0-0","odds":"3.25","header":"X"},{"opp":"1-0","odds":"4.33","header":"Away"},{"opp":"2-0","odds":"17.00","header":"Home"},{"opp":"1-1","odds":"8.50","header":"X"},{"opp":"2-0","odds":"9.50","header":"Away"},{"opp":"2-1","odds":"26.00","header":"Home"},{"opp":"2-2","odds":"51.00","header":"X"},{"opp":"2-1","odds":"21.00","header":"Away"},{"opp":"3-0","odds":"41.00","header":"Home"},{"opp":"3-0","odds":"26.00","header":"Away"},{"opp":"3-1","odds":"67.00","header":"Home"},{"opp":"3-1","odds":"51.00","header":"Away"},{"opp":"4-0","odds":"67.00","header":"Away"}],"1st_half_goals_odd_even":[{"opp":"Odd","odds":"2.10"},{"opp":"Even","odds":"1.73"}],"home_team_highest_scoring_half":[{"opp":"Seattle Sounders II - 1st Half","odds":"3.60"},{"opp":"Seattle Sounders II - 2nd Half","odds":"2.60"},{"opp":"Seattle Sounders II - Tie","odds":"2.25"}],"away_team_highest_scoring_half":[{"opp":"Las Vegas Lights FC - 1st Half","odds":"3.25"},{"opp":"Las Vegas Lights FC - 2nd Half","odds":"2.25"},{"opp":"Las Vegas Lights FC - Tie","odds":"2.75"}],"2nd_half_goals_odd_even":[{"opp":"Even","odds":"1.80"},{"opp":"Odd","odds":"1.91"}]}},"main":{"updated_at":"1532570352","sp":{"full_time_result":[{"opp":"1","odds":"3.10"},{"opp":"X","odds":"3.75"},{"opp":"2","odds":"1.91"}],"double_chance":[{"opp":"1X","odds":"1.80"},{"opp":"X2","odds":"1.36"},{"opp":"12","odds":"1.25"}],"correct_score":[{"opp":"1-0","odds":"13.00","header":"Home"},{"opp":"0-0","odds":"15.00","header":"X"},{"opp":"1-0","odds":"9.50","header":"Away"},{"opp":"2-0","odds":"19.00","header":"Home"},{"opp":"1-1","odds":"8.00","header":"X"},{"opp":"2-0","odds":"11.00","header":"Away"},{"opp":"2-1","odds":"13.00","header":"Home"},{"opp":"2-2","odds":"15.00","header":"X"},{"opp":"2-1","odds":"9.50","header":"Away"},{"opp":"3-0","odds":"34.00","header":"Home"},{"opp":"3-3","odds":"41.00","header":"X"},{"opp":"3-0","odds":"17.00","header":"Away"},{"opp":"3-1","odds":"23.00","header":"Home"},{"opp":"3-1","odds":"15.00","header":"Away"},{"opp":"3-2","odds":"29.00","header":"Home"},{"opp":"3-2","odds":"23.00","header":"Away"},{"opp":"4-0","odds":"51.00","header":"Home"},{"opp":"4-0","odds":"29.00","header":"Away"},{"opp":"4-1","odds":"51.00","header":"Home"},{"opp":"4-1","odds":"29.00","header":"Away"},{"opp":"4-2","odds":"51.00","header":"Home"},{"opp":"4-2","odds":"41.00","header":"Away"},{"opp":"4-3","odds":"81.00","header":"Home"},{"opp":"5-0","odds":"51.00","header":"Away"},{"opp":"5-1","odds":"51.00","header":"Away"},{"opp":"5-2","odds":"81.00","header":"Away"},{"opp":"4-3","odds":"67.00","header":"Away"}],"half_time_full_time":[{"opp":"Seattle Sounders II - Seattle Sounders II","odds":"5.50"},{"opp":"Seattle Sounders II - Draw","odds":"15.00"},{"opp":"Seattle Sounders II - Las Vegas Lights FC","odds":"21.00"},{"opp":"Draw - Seattle Sounders II","odds":"8.00"},{"opp":"Draw - Draw","odds":"6.50"},{"opp":"Draw - Las Vegas Lights FC","odds":"5.50"},{"opp":"Las Vegas Lights FC - Seattle Sounders II","odds":"26.00"},{"opp":"Las Vegas Lights FC - Draw","odds":"15.00"},{"opp":"Las Vegas Lights FC - Las Vegas Lights FC","odds":"3.10"}],"goals_over_under":[{"goals":"2.5","odds":"1.65","header":"Over"},{"goals":"2.5","odds":"2.20","header":"Under"}],"draw_no_bet":[{"opp":"Seattle Sounders II","odds":"2.50"},{"opp":"Las Vegas Lights FC","odds":"1.50"}]}},"schedule":{"updated_at":"1532570670","sp":{"main":[{"odds":"3.10"},{"odds":"3.75"},{"odds":"1.91"}]}}}]}}