{"odd":{"success":1,"results":[{"FI":"75227375","event_id":"790210","asian_lines":{"updated_at":"1532569721","sp":{"asian_handicap":[{"opp":"0.0","odds":"1.975","header":"Home"},{"opp":"0.0","odds":"1.875","header":"Away"}],"goal_line":[{"goals":"2.5","odds":"2.050","header":"Over"},{"goals":"2.5","odds":"1.800","header":"Under"}],"alternative_asian_handicap":[{"opp":"-1.5","odds":"5.750","header":"Home"},{"opp":"+1.5","odds":"1.140","header":"Away"},{"opp":"-1.0, -1.5","odds":"5.250","header":"Home"},{"opp":"+1.0, +1.5","odds":"1.160","header":"Away"},{"opp":"-1.0","odds":"4.500","header":"Home"},{"opp":"+1.0","odds":"1.190","header":"Away"},{"opp":"-0.5, -1.0","odds":"3.300","header":"Home"},{"opp":"+0.5, +1.0","odds":"1.325","header":"Away"},{"opp":"-0.5","odds":"2.675","header":"Home"},{"opp":"+0.5","odds":"1.450","header":"Away"},{"opp":"0.0, -0.5","odds":"2.300","header":"Home"},{"opp":"0.0, +0.5","odds":"1.600","header":"Away"},{"opp":"0.0, +0.5","odds":"1.650","header":"Home"},{"opp":"0.0, -0.5","odds":"2.200","header":"Away"},{"opp":"+0.5","odds":"1.500","header":"Home"},{"opp":"-0.5","odds":"2.500","header":"Away"},{"opp":"+0.5, +1.0","odds":"1.350","header":"Home"},{"opp":"-0.5, -1.0","odds":"3.100","header":"Away"},{"opp":"+1.0","odds":"1.210","header":"Home"},{"opp":"-1.0","odds":"4.250","header":"Away"},{"opp":"+1.0, +1.5","odds":"1.175","header":"Home"},{"opp":"-1.0, -1.5","odds":"4.800","header":"Away"},{"opp":"+1.5","odds":"1.150","header":"Home"},{"opp":"-1.5","odds":"5.500","header":"Away"}],"alternative_goal_line":[{"goals":"1.0, 1.5","odds":"1.200","header":"Over"},{"goals":"1.0, 1.5","odds":"4.400","header":"Under"},{"goals":"1.5","odds":"1.325","header":"Over"},{"goals":"1.5","odds":"3.300","header":"Under"},{"goals":"1.5, 2.0","odds":"1.400","header":"Over"},{"goals":"1.5, 2.0","odds":"2.850","header":"Under"},{"goals":"2.0","odds":"1.500","header":"Over"},{"goals":"2.0","odds":"2.500","header":"Under"},{"goals":"2.0, 2.5","odds":"1.750","header":"Over"},{"goals":"2.0, 2.5","odds":"2.050","header":"Under"},{"goals":"2.5, 3.0","odds":"2.300","header":"Over"},{"goals":"2.5, 3.0","odds":"1.600","header":"Under"},{"goals":"3.0","odds":"2.750","header":"Over"},{"goals":"3.0","odds":"1.425","header":"Under"},{"goals":"3.0, 3.5","odds":"3.100","header":"Over"},{"goals":"3.0, 3.5","odds":"1.350","header":"Under"},{"goals":"3.5","odds":"3.450","header":"Over"},{"goals":"3.5","odds":"1.300","header":"Under"},{"goals":"3.5, 4.0","odds":"4.250","header":"Over"},{"goals":"3.5, 4.0","odds":"1.210","header":"Under"},{"goals":"4.0","odds":"6.250","header":"Over"},{"goals":"4.0","odds":"1.120","header":"Under"},{"goals":"4.0, 4.5","odds":"6.600","header":"Over"},{"goals":"4.0, 4.5","odds":"1.110","header":"Under"},{"goals":"4.5","odds":"7.000","header":"Over"},{"goals":"4.5","odds":"1.100","header":"Under"}],"1st_half_asian_handicap":[{"opp":"0.0","odds":"1.925","header":"Home"},{"opp":"0.0","odds":"1.875","header":"Away"}],"1st_half_goal_line":[{"goals":"1.0","odds":"2.000","header":"Over"},{"goals":"1.0","odds":"1.800","header":"Under"}],"alternative_1st_half_asian_handicap":[{"opp":"-0.5, -1.0","odds":"4.500","header":"Home"},{"opp":"+0.5, +1.0","odds":"1.190","header":"Away"},{"opp":"-0.5","odds":"3.300","header":"Home"},{"opp":"+0.5","odds":"1.325","header":"Away"},{"opp":"0.0, -0.5","odds":"2.600","header":"Home"},{"opp":"0.0, +0.5","odds":"1.475","header":"Away"},{"opp":"0.0, +0.5","odds":"1.500","header":"Home"},{"opp":"0.0, -0.5","odds":"2.500","header":"Away"},{"opp":"+0.5","odds":"1.325","header":"Home"},{"opp":"-0.5","odds":"3.300","header":"Away"},{"opp":"+0.5, +1.0","odds":"1.200","header":"Home"},{"opp":"-0.5, -1.0","odds":"4.400","header":"Away"}],"alternative_1st_half_goal_line":[{"goals":"0.5, 1.0","odds":"1.600","header":"Over"},{"goals":"0.5, 1.0","odds":"2.300","header":"Under"},{"goals":"1.0, 1.5","odds":"2.500","header":"Over"},{"goals":"1.0, 1.5","odds":"1.500","header":"Under"},{"goals":"1.5","odds":"3.000","header":"Over"},{"goals":"1.5","odds":"1.375","header":"Under"},{"goals":"1.5, 2.0","odds":"3.900","header":"Over"},{"goals":"1.5, 2.0","odds":"1.240","header":"Under"},{"goals":"2.0","odds":"6.600","header":"Over"},{"goals":"2.0","odds":"1.110","header":"Under"}],"asian_total_corners":[{"goals":"9.5","odds":"1.900","header":"Over"},{"goals":"9.5","odds":"1.900","header":"Under"}],"1st_half_asian_corners":[{"goals":"4.5","odds":"1.900","header":"Over"},{"goals":"4.5","odds":"1.900","header":"Under"}]}},"corners":{"updated_at":"1532570685","sp":{"corners":[{"opp":"Over 10","odds":"2.38"},{"opp":"Exactly 10","odds":"7.50"},{"opp":"Under 10","odds":"1.83"}],"total_corners":[{"opp":"Under 6","odds":"9.50"},{"opp":"6 - 8","odds":"3.10"},{"opp":"9 - 11","odds":"2.60"},{"opp":"12 - 14","odds":"4.33"},{"opp":"Over 14","odds":"10.00"}],"alternative_corners":[{"goals":"3","odds":"1.01","header":"Over"},{"goals":"3","odds":"29.00","header":"Exactly"},{"goals":"3","odds":"41.00","header":"Under"},{"goals":"4","odds":"1.02","header":"Over"},{"goals":"4","odds":"21.00","header":"Exactly"},{"goals":"4","odds":"26.00","header":"Under"},{"goals":"5","odds":"1.06","header":"Over"},{"goals":"5","odds":"15.00","header":"Exactly"},{"goals":"5","odds":"15.00","header":"Under"},{"goals":"6","odds":"1.14","header":"Over"},{"goals":"6","odds":"11.00","header":"Exactly"},{"goals":"6","odds":"9.00","header":"Under"},{"goals":"7","odds":"1.29","header":"Over"},{"goals":"7","odds":"8.50","header":"Exactly"},{"goals":"7","odds":"5.50","header":"Under"},{"goals":"8","odds":"1.50","header":"Over"},{"goals":"8","odds":"7.50","header":"Exactly"},{"goals":"8","odds":"3.50","header":"Under"},{"goals":"9","odds":"1.83","header":"Over"},{"goals":"9","odds":"7.50","header":"Exactly"},{"goals":"9","odds":"2.50","header":"Under"},{"goals":"11","odds":"3.20","header":"Over"},{"goals":"11","odds":"8.50","header":"Exactly"},{"goals":"11","odds":"1.53","header":"Under"},{"goals":"12","odds":"4.50","header":"Over"},{"goals":"12","odds":"9.50","header":"Exactly"},{"goals":"12","odds":"1.33","header":"Under"},{"goals":"13","odds":"6.50","header":"Over"},{"goals":"13","odds":"12.00","header":"Exactly"},{"goals":"13","odds":"1.18","header":"Under"},{"goals":"14","odds":"10.00","header":"Over"},{"goals":"14","odds":"15.00","header":"Exactly"},{"goals":"14","odds":"1.10","header":"Under"},{"goals":"15","odds":"15.00","header":"Over"},{"goals":"15","odds":"19.00","header":"Exactly"},{"goals":"15","odds":"1.05","header":"Under"},{"goals":"16","odds":"19.00","header":"Over"},{"goals":"16","odds":"23.00","header":"Exactly"},{"goals":"16","odds":"1.03","header":"Under"},{"goals":"17","odds":"26.00","header":"Over"},{"goals":"17","odds":"29.00","header":"Exactly"},{"goals":"17","odds":"1.02","header":"Under"},{"goals":"18","odds":"41.00","header":"Over"},{"goals":"18","odds":"41.00","header":"Exactly"},{"goals":"18","odds":"1.01","header":"Under"}],"corners_2_way":[{"opp":"Over 9.5","odds":"1.83"},{"opp":"Under 9.5","odds":"1.83"}],"first_half_corners":[{"opp":"4","odds":"1.83","header":"Over"},{"opp":"4","odds":"5.00","header":"Exactly"},{"opp":"4","odds":"2.88","header":"Under"}],"asian_total_corners":[{"goals":"9.5","odds":"1.900","header":"Over"},{"goals":"9.5","odds":"1.900","header":"Under"}],"1st_half_asian_corners":[{"goals":"4.5","odds":"1.900","header":"Over"},{"goals":"4.5","odds":"1.900","header":"Under"}]}},"goals":{"updated_at":"1532570690","sp":{"goals_over_under":[{"goals":"2.5","odds":"2.05","header":"Over"},{"goals":"2.5","odds":"1.75","header":"Under"}],"alternative_total_goals":[{"goals":"0.5","odds":"1.07","header":"Over "},{"goals":"0.5","odds":"9.50","header":"Under"},{"goals":"1.5","odds":"1.30","header":"Over "},{"goals":"1.5","odds":"3.40","header":"Under"},{"goals":"3.5","odds":"3.50","header":"Over "},{"goals":"3.5","odds":"1.29","header":"Under"},{"goals":"4.5","odds":"7.00","header":"Over "},{"goals":"4.5","odds":"1.10","header":"Under"},{"goals":"5.5","odds":"15.00","header":"Over "},{"goals":"5.5","odds":"1.03","header":"Under"}],"result_total_goals":[{"opp":"Arka Gdynia & Over 2.5","odds":"4.50"},{"opp":"Arka Gdynia & Under 2.5","odds":"5.50"},{"opp":"Draw & Over 2.5","odds":"12.00"},{"opp":"Draw & Under  2.5","odds":"4.00"},{"opp":"Jagiellonia Bialystok & Over 2.5","odds":"4.33"},{"opp":"Jagiellonia Bialystok & Under 2.5","odds":"5.50"}],"total_goals_both_teams_to_score":[{"opp":"Over 2.5 & Yes","odds":"2.30"},{"opp":"Over 2.5 & No","odds":"11.00"},{"opp":"Under 2.5 & Yes","odds":"6.00"},{"opp":"Under 2.5 & No","odds":"2.30"}],"exact_total_goals":[{"opp":"0 Goals","odds":"9.50"},{"opp":"1 Goal","odds":"4.75"},{"opp":"2 Goals","odds":"3.50"},{"opp":"3 Goals","odds":"4.33"},{"opp":"4 Goals","odds":"6.00"},{"opp":"5 Goals","odds":"12.00"},{"opp":"6 Goals","odds":"23.00"},{"opp":"7+ Goals","odds":"29.00"}],"number_of_goals_in_match":[{"opp":"Under 2 goals","odds":"3.40"},{"opp":"2 or 3 goals","odds":"1.95"},{"opp":"Over 3 goals","odds":"3.50"}],"both_teams_to_score":[{"opp":"Yes","odds":"1.75"},{"opp":"No","odds":"2.00"}],"teams_to_score":[{"opp":"Both Teams","odds":"1.75"},{"opp":"Arka Gdynia Only","odds":"4.50"},{"opp":"No Goal","odds":"9.50"},{"opp":"Jagiellonia Bialystok Only","odds":"4.33"}],"both_teams_to_score_in_1st_half":[{"opp":"Yes","odds":"5.00"},{"opp":"No","odds":"1.17"}],"both_teams_to_score_in_2nd_half":[{"opp":"Yes","odds":"3.40"},{"opp":"No","odds":"1.30"}],"both_teams_to_score_1st_half_2nd_half":[{"opp":"Yes \/ Yes","odds":"15.00"},{"opp":"Yes \/ No","odds":"6.00"},{"opp":"No \/ Yes","odds":"3.75"},{"opp":"No \/ No","odds":"1.57"}],"first_half_goals":[{"goals":"0.5","odds":"1.44","header":"Over"},{"goals":"0.5","odds":"2.62","header":"Under"},{"goals":"1.5","odds":"3.00","header":"Over"},{"goals":"1.5","odds":"1.36","header":"Under"},{"goals":"2.5","odds":"9.00","header":"Over"},{"goals":"2.5","odds":"1.07","header":"Under"},{"goals":"3.5","odds":"23.00","header":"Over"},{"goals":"3.5","odds":"1.01","header":"Under"}],"exact_1st_half_goals":[{"opp":"0 Goals","odds":"2.62"},{"opp":"1 Goal","odds":"2.50"},{"opp":"2 Goals","odds":"4.33"},{"opp":"3 Goals","odds":"11.00"},{"opp":"4 Goals","odds":"34.00"},{"opp":"5+ Goals","odds":"81.00"}],"total_goal_minutes":[{"opp":"Over 135 minutes","odds":"2.10"},{"opp":"115 To 135 minutes inc.","odds":"8.50"},{"opp":"Under 115 minutes","odds":"1.91"}],"first_team_to_score":[{"opp":"Arka Gdynia","odds":"2.10"},{"opp":"No Goals","odds":"9.50"},{"opp":"Jagiellonia Bialystok","odds":"1.91"}],"early_goal":[{"opp":"Goal before 30:00","odds":"1.83"},{"opp":"No Goal before 30:00","odds":"1.83"}],"late_goal":[{"opp":"Goal after 72:59","odds":"1.83"},{"opp":"No Goal after 72:59","odds":"1.83"}],"time_of_first_goal_brackets":[{"opp":"1-10","odds":"4.50"},{"opp":"11-20","odds":"5.00"},{"opp":"21-30","odds":"6.00"},{"opp":"31-40","odds":"7.00"},{"opp":"41-50","odds":"8.00"},{"opp":"51-60","odds":"13.00"},{"opp":"61-70","odds":"17.00"},{"opp":"71-80","odds":"19.00"},{"opp":"81 - Full Time","odds":"19.00"},{"opp":"No Goal","odds":"9.50"}],"2nd_half_goals":[{"goals":"0.5","odds":"1.25","header":"Over"},{"goals":"0.5","odds":"3.75","header":"Under"},{"goals":"1.5","odds":"2.10","header":"Over"},{"goals":"1.5","odds":"1.67","header":"Under"},{"goals":"2.5","odds":"4.50","header":"Over"},{"goals":"2.5","odds":"1.18","header":"Under"},{"goals":"3.5","odds":"13.00","header":"Over"},{"goals":"3.5","odds":"1.04","header":"Under"}],"exact_2nd_half_goals":[{"opp":"0 Goals","odds":"3.75"},{"opp":"1 Goal","odds":"2.75"},{"opp":"2 Goals","odds":"3.60"},{"opp":"3 Goals","odds":"7.00"},{"opp":"4 Goals","odds":"17.00"},{"opp":"5+ Goals","odds":"29.00"}],"half_with_most_goals":[{"opp":"1st Half","odds":"3.20"},{"opp":"2nd Half","odds":"2.05"},{"opp":"Tie","odds":"3.50"}],"home_team_highest_scoring_half":[{"opp":"Arka Gdynia - 1st Half","odds":"3.60"},{"opp":"Arka Gdynia - 2nd Half","odds":"2.50"},{"opp":"Arka Gdynia - Tie","odds":"2.25"}],"away_team_highest_scoring_half":[{"opp":"Jagiellonia Bialystok - 1st Half","odds":"3.60"},{"opp":"Jagiellonia Bialystok - 2nd Half","odds":"2.50"},{"opp":"Jagiellonia Bialystok - Tie","odds":"2.30"}],"home_team_exact_goals":[{"opp":"Arka Gdynia - 0 Goals","odds":"3.25"},{"opp":"Arka Gdynia - 1 Goal","odds":"2.50"},{"opp":"Arka Gdynia - 2 Goals","odds":"4.00"},{"opp":"Arka Gdynia - 3+ Goals","odds":"6.50"}],"away_team_exact_goals":[{"opp":"Jagiellonia Bialystok - 0 Goals","odds":"3.40"},{"opp":"Jagiellonia Bialystok - 1 Goal","odds":"2.50"},{"opp":"Jagiellonia Bialystok - 2 Goals","odds":"3.75"},{"opp":"Jagiellonia Bialystok - 3+ Goals","odds":"6.00"}],"time_of_1st_team_goal":[{"opp":"Arka Gdynia - Goal before 56:00","odds":"1.83"},{"opp":"Arka Gdynia - No Goal before 56:00","odds":"1.83"},{"opp":"Jagiellonia Bialystok - Goal before 55:00","odds":"1.83"},{"opp":"Jagiellonia Bialystok - No Goal before 55:00","odds":"1.83"}],"goals_odd_even":[{"opp":"Even","odds":"1.90"},{"opp":"Odd","odds":"1.95"}],"home_team_odd_even_goals":[{"opp":"Arka Gdynia - Even","odds":"1.73"},{"opp":"Arka Gdynia - Odd","odds":"2.00"}],"away_team_odd_even_goals":[{"opp":"Jagiellonia Bialystok - Even","odds":"1.73"},{"opp":"Jagiellonia Bialystok - Odd","odds":"2.00"}],"1st_half_goals_odd_even":[{"opp":"Odd","odds":"2.10"},{"opp":"Even","odds":"1.73"}],"last_team_to_score":[{"opp":"Arka Gdynia","odds":"2.10"},{"opp":"No Goal","odds":"9.50"},{"opp":"Jagiellonia Bialystok","odds":"1.91"}],"first_10_minutes_(00:00_09:59)":[{"name":"Goals","handicap":"0.5","odds":"4.50","header":"Over"},{"name":"Goals","handicap":"0.5","odds":"1.18","header":"Under"}]}},"half":{"updated_at":"1532570155","sp":{"half_time_result":[{"opp":"1","odds":"3.40"},{"opp":"X","odds":"2.10"},{"opp":"2","odds":"3.25"}],"half_time_double_chance":[{"opp":"1X","odds":"1.33"},{"opp":"X2","odds":"1.30"},{"opp":"12","odds":"1.67"}],"half_time_result_both_teams_to_score":[{"opp":"Arka Gdynia & Yes","odds":"21.00"},{"opp":"Arka Gdynia & No","odds":"3.75"},{"opp":"Draw & Yes","odds":"7.50"},{"opp":"Draw & No","odds":"2.75"},{"opp":"Jagiellonia Bialystok & Yes","odds":"21.00"},{"opp":"Jagiellonia Bialystok & No","odds":"3.60"}],"half_time_result_total_goals":[{"opp":"Arka Gdynia & Over 1.5","odds":"9.00"},{"opp":"Arka Gdynia & Under 1.5","odds":"4.75"},{"opp":"Draw & Over 1.5","odds":"7.50"},{"opp":"Draw & Under 1.5","odds":"2.62"},{"opp":"Jagiellonia Bialystok & Over 1.5","odds":"8.50"},{"opp":"Jagiellonia Bialystok & Under 1.5","odds":"4.50"}],"half_time_correct_score":[{"opp":"1-0","odds":"4.75","header":"Home"},{"opp":"0-0","odds":"2.62","header":"X"},{"opp":"1-0","odds":"4.50","header":"Away"},{"opp":"2-0","odds":"15.00","header":"Home"},{"opp":"1-1","odds":"7.50","header":"X"},{"opp":"2-0","odds":"15.00","header":"Away"},{"opp":"2-1","odds":"26.00","header":"Home"},{"opp":"2-2","odds":"51.00","header":"X"},{"opp":"2-1","odds":"23.00","header":"Away"},{"opp":"3-0","odds":"51.00","header":"Home"},{"opp":"3-0","odds":"51.00","header":"Away"},{"opp":"3-1","odds":"81.00","header":"Home"},{"opp":"3-1","odds":"81.00","header":"Away"},{"opp":"3-2","odds":"201.00","header":"Home"},{"opp":"3-2","odds":"201.00","header":"Away"},{"opp":"4-0","odds":"251.00","header":"Home"},{"opp":"4-0","odds":"251.00","header":"Away"},{"opp":"4-1","odds":"451.00","header":"Home"},{"opp":"4-1","odds":"401.00","header":"Away"}],"both_teams_to_score_in_1st_half":[{"opp":"Yes","odds":"5.00"},{"opp":"No","odds":"1.17"}],"both_teams_to_score_in_2nd_half":[{"opp":"Yes","odds":"3.40"},{"opp":"No","odds":"1.30"}],"both_teams_to_score_1st_half_2nd_half":[{"opp":"Yes \/ Yes","odds":"15.00"},{"opp":"Yes \/ No","odds":"6.00"},{"opp":"No \/ Yes","odds":"3.75"},{"opp":"No \/ No","odds":"1.57"}],"1st_half_asian_handicap":[{"opp":"0.0","odds":"1.925","header":"Home"},{"opp":"0.0","odds":"1.875","header":"Away"}],"1st_half_goal_line":[{"goals":"1.0","odds":"2.000","header":"Over"},{"goals":"1.0","odds":"1.800","header":"Under"}],"alternative_1st_half_asian_handicap":[{"opp":"-0.5, -1.0","odds":"4.500","header":"Home"},{"opp":"+0.5, +1.0","odds":"1.190","header":"Away"},{"opp":"-0.5","odds":"3.300","header":"Home"},{"opp":"+0.5","odds":"1.325","header":"Away"},{"opp":"0.0, -0.5","odds":"2.600","header":"Home"},{"opp":"0.0, +0.5","odds":"1.475","header":"Away"},{"opp":"0.0, +0.5","odds":"1.500","header":"Home"},{"opp":"0.0, -0.5","odds":"2.500","header":"Away"},{"opp":"+0.5","odds":"1.325","header":"Home"},{"opp":"-0.5","odds":"3.300","header":"Away"},{"opp":"+0.5, +1.0","odds":"1.200","header":"Home"},{"opp":"-0.5, -1.0","odds":"4.400","header":"Away"}],"alternative_1st_half_goal_line":[{"goals":"0.5, 1.0","odds":"1.600","header":"Over"},{"goals":"0.5, 1.0","odds":"2.300","header":"Under"},{"goals":"1.0, 1.5","odds":"2.500","header":"Over"},{"goals":"1.0, 1.5","odds":"1.500","header":"Under"},{"goals":"1.5","odds":"3.000","header":"Over"},{"goals":"1.5","odds":"1.375","header":"Under"},{"goals":"1.5, 2.0","odds":"3.900","header":"Over"},{"goals":"1.5, 2.0","odds":"1.240","header":"Under"},{"goals":"2.0","odds":"6.600","header":"Over"},{"goals":"2.0","odds":"1.110","header":"Under"}],"1st_half_handicap":[{"opp":"Arka Gdynia  +1.0","odds":"1.33"},{"opp":"Tie - Jagiellonia Bialystok -1.0","odds":"4.00"},{"opp":"Jagiellonia Bialystok  -1.0","odds":"11.00"}],"alternative_1st_half_handicap_result":[{"opp":"-1.0","odds":"11.00","header":"Home"},{"opp":"+1.0","odds":"4.00","header":"Tie"},{"opp":"+1.0","odds":"1.30","header":"Away"},{"opp":"+2.0","odds":"1.04","header":"Home"},{"opp":"-2.0","odds":"13.00","header":"Tie"},{"opp":"-2.0","odds":"23.00","header":"Away"}],"first_half_goals":[{"goals":"0.5","odds":"1.44","header":"Over"},{"goals":"0.5","odds":"2.62","header":"Under"},{"goals":"1.5","odds":"3.00","header":"Over"},{"goals":"1.5","odds":"1.36","header":"Under"},{"goals":"2.5","odds":"9.00","header":"Over"},{"goals":"2.5","odds":"1.07","header":"Under"},{"goals":"3.5","odds":"23.00","header":"Over"},{"goals":"3.5","odds":"1.01","header":"Under"}],"exact_1st_half_goals":[{"opp":"0 Goals","odds":"2.62"},{"opp":"1 Goal","odds":"2.50"},{"opp":"2 Goals","odds":"4.33"},{"opp":"3 Goals","odds":"11.00"},{"opp":"4 Goals","odds":"34.00"},{"opp":"5+ Goals","odds":"81.00"}],"first_half_corners":[{"opp":"4","odds":"1.83","header":"Over"},{"opp":"4","odds":"5.00","header":"Exactly"},{"opp":"4","odds":"2.88","header":"Under"}],"1st_half_asian_corners":[{"goals":"4.5","odds":"1.900","header":"Over"},{"goals":"4.5","odds":"1.900","header":"Under"}],"1st_half_goals_odd_even":[{"opp":"Odd","odds":"2.10"},{"opp":"Even","odds":"1.73"}],"to_score_in_half":[{"name":"1st Half","odds":"2.20","header":"Yes"},{"name":"1st Half","odds":"1.62","header":"No"},{"name":"2nd Half","odds":"1.80","header":"Yes"},{"name":"2nd Half","odds":"1.91","header":"No"},{"name":"1st Half","odds":"2.20","header":"Yes"},{"name":"1st Half","odds":"1.62","header":"No"},{"name":"2nd Half","odds":"1.80","header":"Yes"},{"name":"2nd Half","odds":"1.91","header":"No"}],"half_with_most_goals":[{"opp":"1st Half","odds":"3.20"},{"opp":"2nd Half","odds":"2.05"},{"opp":"Tie","odds":"3.50"}],"home_team_highest_scoring_half":[{"opp":"Arka Gdynia - 1st Half","odds":"3.60"},{"opp":"Arka Gdynia - 2nd Half","odds":"2.50"},{"opp":"Arka Gdynia - Tie","odds":"2.25"}],"away_team_highest_scoring_half":[{"opp":"Jagiellonia Bialystok - 1st Half","odds":"3.60"},{"opp":"Jagiellonia Bialystok - 2nd Half","odds":"2.50"},{"opp":"Jagiellonia Bialystok - Tie","odds":"2.30"}],"2nd_half_result":[{"opp":"1","odds":"2.88"},{"opp":"X","odds":"2.40"},{"opp":"2","odds":"2.88"}],"2nd_half_goals":[{"goals":"0.5","odds":"1.25","header":"Over"},{"goals":"0.5","odds":"3.75","header":"Under"},{"goals":"1.5","odds":"2.10","header":"Over"},{"goals":"1.5","odds":"1.67","header":"Under"},{"goals":"2.5","odds":"4.50","header":"Over"},{"goals":"2.5","odds":"1.18","header":"Under"},{"goals":"3.5","odds":"13.00","header":"Over"},{"goals":"3.5","odds":"1.04","header":"Under"}],"exact_2nd_half_goals":[{"opp":"0 Goals","odds":"3.75"},{"opp":"1 Goal","odds":"2.75"},{"opp":"2 Goals","odds":"3.60"},{"opp":"3 Goals","odds":"7.00"},{"opp":"4 Goals","odds":"17.00"},{"opp":"5+ Goals","odds":"29.00"}],"2nd_half_goals_odd_even":[{"opp":"Even","odds":"1.80"},{"opp":"Odd","odds":"1.91"}]}},"main":{"updated_at":"1532569704","sp":{"full_time_result":[{"opp":"1","odds":"2.75"},{"opp":"X","odds":"3.20"},{"opp":"2","odds":"2.55"}],"double_chance":[{"opp":"1X","odds":"1.55"},{"opp":"X2","odds":"1.45"},{"opp":"12","odds":"1.36"}],"correct_score":[{"opp":"1-0","odds":"8.50","header":"Home"},{"opp":"0-0","odds":"9.50","header":"X"},{"opp":"1-0","odds":"8.50","header":"Away"},{"opp":"2-0","odds":"13.00","header":"Home"},{"opp":"1-1","odds":"6.00","header":"X"},{"opp":"2-0","odds":"13.00","header":"Away"},{"opp":"2-1","odds":"10.00","header":"Home"},{"opp":"2-2","odds":"13.00","header":"X"},{"opp":"2-1","odds":"10.00","header":"Away"},{"opp":"3-0","odds":"29.00","header":"Home"},{"opp":"3-3","odds":"51.00","header":"X"},{"opp":"3-0","odds":"26.00","header":"Away"},{"opp":"3-1","odds":"21.00","header":"Home"},{"opp":"4-4","odds":"301.00","header":"X"},{"opp":"3-1","odds":"21.00","header":"Away"},{"opp":"3-2","odds":"34.00","header":"Home"},{"opp":"3-2","odds":"29.00","header":"Away"},{"opp":"4-0","odds":"51.00","header":"Home"},{"opp":"4-0","odds":"51.00","header":"Away"},{"opp":"4-1","odds":"51.00","header":"Home"},{"opp":"4-1","odds":"51.00","header":"Away"},{"opp":"4-2","odds":"67.00","header":"Home"},{"opp":"4-2","odds":"67.00","header":"Away"},{"opp":"4-3","odds":"126.00","header":"Home"},{"opp":"4-3","odds":"126.00","header":"Away"},{"opp":"5-0","odds":"151.00","header":"Home"},{"opp":"5-0","odds":"151.00","header":"Away"},{"opp":"5-1","odds":"126.00","header":"Home"},{"opp":"5-1","odds":"126.00","header":"Away"},{"opp":"5-2","odds":"201.00","header":"Home"},{"opp":"5-2","odds":"151.00","header":"Away"},{"opp":"5-3","odds":"401.00","header":"Home"},{"opp":"5-3","odds":"401.00","header":"Away"},{"opp":"6-1","odds":"501.00","header":"Home"},{"opp":"6-1","odds":"501.00","header":"Away"}],"half_time_full_time":[{"opp":"Arka Gdynia - Arka Gdynia","odds":"4.33"},{"opp":"Arka Gdynia - Draw","odds":"15.00"},{"opp":"Arka Gdynia - Jagiellonia Bialystok","odds":"29.00"},{"opp":"Draw - Arka Gdynia","odds":"6.00"},{"opp":"Draw - Draw","odds":"5.00"},{"opp":"Draw - Jagiellonia Bialystok","odds":"6.00"},{"opp":"Jagiellonia Bialystok - Arka Gdynia","odds":"29.00"},{"opp":"Jagiellonia Bialystok - Draw","odds":"15.00"},{"opp":"Jagiellonia Bialystok - Jagiellonia Bialystok","odds":"4.33"}],"goals_over_under":[{"goals":"2.5","odds":"2.05","header":"Over"},{"goals":"2.5","odds":"1.75","header":"Under"}],"both_teams_to_score":[{"opp":"Yes","odds":"1.75"},{"opp":"No","odds":"2.00"}],"asian_handicap":[{"opp":"0.0","odds":"1.975","header":"Home"},{"opp":"0.0","odds":"1.875","header":"Away"}],"goal_line":[{"goals":"2.5","odds":"2.050","header":"Over"},{"goals":"2.5","odds":"1.800","header":"Under"}],"alternative_asian_handicap":[{"opp":"-1.5","odds":"5.750","header":"Home"},{"opp":"+1.5","odds":"1.140","header":"Away"},{"opp":"-1.0, -1.5","odds":"5.250","header":"Home"},{"opp":"+1.0, +1.5","odds":"1.160","header":"Away"},{"opp":"-1.0","odds":"4.500","header":"Home"},{"opp":"+1.0","odds":"1.190","header":"Away"},{"opp":"-0.5, -1.0","odds":"3.300","header":"Home"},{"opp":"+0.5, +1.0","odds":"1.325","header":"Away"},{"opp":"-0.5","odds":"2.675","header":"Home"},{"opp":"+0.5","odds":"1.450","header":"Away"},{"opp":"0.0, -0.5","odds":"2.300","header":"Home"},{"opp":"0.0, +0.5","odds":"1.600","header":"Away"},{"opp":"0.0, +0.5","odds":"1.650","header":"Home"},{"opp":"0.0, -0.5","odds":"2.200","header":"Away"},{"opp":"+0.5","odds":"1.500","header":"Home"},{"opp":"-0.5","odds":"2.500","header":"Away"},{"opp":"+0.5, +1.0","odds":"1.350","header":"Home"},{"opp":"-0.5, -1.0","odds":"3.100","header":"Away"},{"opp":"+1.0","odds":"1.210","header":"Home"},{"opp":"-1.0","odds":"4.250","header":"Away"},{"opp":"+1.0, +1.5","odds":"1.175","header":"Home"},{"opp":"-1.0, -1.5","odds":"4.800","header":"Away"},{"opp":"+1.5","odds":"1.150","header":"Home"},{"opp":"-1.5","odds":"5.500","header":"Away"}],"alternative_goal_line":[{"goals":"1.0, 1.5","odds":"1.200","header":"Over"},{"goals":"1.0, 1.5","odds":"4.400","header":"Under"},{"goals":"1.5","odds":"1.325","header":"Over"},{"goals":"1.5","odds":"3.300","header":"Under"},{"goals":"1.5, 2.0","odds":"1.400","header":"Over"},{"goals":"1.5, 2.0","odds":"2.850","header":"Under"},{"goals":"2.0","odds":"1.500","header":"Over"},{"goals":"2.0","odds":"2.500","header":"Under"},{"goals":"2.0, 2.5","odds":"1.750","header":"Over"},{"goals":"2.0, 2.5","odds":"2.050","header":"Under"},{"goals":"2.5, 3.0","odds":"2.300","header":"Over"},{"goals":"2.5, 3.0","odds":"1.600","header":"Under"},{"goals":"3.0","odds":"2.750","header":"Over"},{"goals":"3.0","odds":"1.425","header":"Under"},{"goals":"3.0, 3.5","odds":"3.100","header":"Over"},{"goals":"3.0, 3.5","odds":"1.350","header":"Under"},{"goals":"3.5","odds":"3.450","header":"Over"},{"goals":"3.5","odds":"1.300","header":"Under"},{"goals":"3.5, 4.0","odds":"4.250","header":"Over"},{"goals":"3.5, 4.0","odds":"1.210","header":"Under"},{"goals":"4.0","odds":"6.250","header":"Over"},{"goals":"4.0","odds":"1.120","header":"Under"},{"goals":"4.0, 4.5","odds":"6.600","header":"Over"},{"goals":"4.0, 4.5","odds":"1.110","header":"Under"},{"goals":"4.5","odds":"7.000","header":"Over"},{"goals":"4.5","odds":"1.100","header":"Under"}],"draw_no_bet":[{"opp":"Arka Gdynia","odds":"1.83"},{"opp":"Jagiellonia Bialystok","odds":"1.83"}],"result_both_teams_to_score":[{"name":"Arka Gdynia","odds":"5.50","header":"Yes"},{"name":"Arka Gdynia","odds":"4.75","header":"No"},{"name":"Jagiellonia Bialystok","odds":"5.50","header":"Yes"},{"name":"Jagiellonia Bialystok","odds":"4.50","header":"No"},{"name":"Draw","odds":"4.33","header":"Yes"},{"name":"Draw","odds":"9.50","header":"No"}],"handicap_result":[{"opp":"Arka Gdynia (+1)","odds":"1.55"},{"opp":"Tie - (Jagiellonia Bialystok -1)","odds":"4.33"},{"opp":"Jagiellonia Bialystok (-1)","odds":"5.00"}],"alternative_handicap_result":[{"opp":"-2.0","odds":"12.00","header":"Home"},{"opp":"+2.0","odds":"7.50","header":"Tie"},{"opp":"+2.0","odds":"1.11","header":"Away"},{"opp":"-1.0","odds":"5.50","header":"Home"},{"opp":"+1.0","odds":"4.33","header":"Tie"},{"opp":"+1.0","odds":"1.45","header":"Away"},{"opp":"+2.0","odds":"1.12","header":"Home"},{"opp":"-2.0","odds":"7.50","header":"Tie"},{"opp":"-2.0","odds":"12.00","header":"Away"},{"opp":"+3.0","odds":"1.04","header":"Home"},{"opp":"-3.0","odds":"13.00","header":"Tie"},{"opp":"-3.0","odds":"19.00","header":"Away"}],"winning_margin":[{"goals":" 1","odds":"4.33","header":"Home"},{"goals":" 1","odds":"4.33","header":"Away"},{"goals":" 2","odds":"7.50","header":"Home"},{"goals":" 2","odds":"7.50","header":"Away"},{"goals":" 3","odds":"21.00","header":"Home"},{"goals":" 3","odds":"13.00","header":"Away"},{"goals":" 4+","odds":"41.00","header":"Home"},{"goals":" 4+","odds":"19.00","header":"Away"},{"goals":"Score Draw","odds":"4.33","header":"Home"},{"goals":"No Goal","odds":"9.50","header":"Home"}]}},"schedule":{"updated_at":"1532571174","sp":{"main":[{"odds":"2.75"},{"odds":"3.20"},{"odds":"2.55"}]}},"specials":{"updated_at":"1532570174","sp":{"specials":[{"name":"To Win From Behind","odds":"11.00","header":"Home"},{"name":"To Win From Behind","odds":"10.00","header":"Away"},{"name":"To Win to Nil","odds":"4.75","header":"Home"},{"name":"To Win to Nil","odds":"4.50","header":"Away"},{"name":"To Win Either Half","odds":"1.83","header":"Home"},{"name":"To Win Either Half","odds":"1.80","header":"Away"},{"name":"To Win Both Halves","odds":"10.00","header":"Home"},{"name":"To Win Both Halves","odds":"10.00","header":"Away"},{"name":"To Score in Both Halves","odds":"4.00","header":"Home"},{"name":"To Score in Both Halves","odds":"4.00","header":"Away"}],"to_score_in_half":[{"name":"1st Half","odds":"2.20","header":"Yes"},{"name":"1st Half","odds":"1.62","header":"No"},{"name":"2nd Half","odds":"1.80","header":"Yes"},{"name":"2nd Half","odds":"1.91","header":"No"},{"name":"1st Half","odds":"2.20","header":"Yes"},{"name":"1st Half","odds":"1.62","header":"No"},{"name":"2nd Half","odds":"1.80","header":"Yes"},{"name":"2nd Half","odds":"1.91","header":"No"}]}}}]}}