{"odd":{"success":1,"results":[{"FI":"75096742","event_id":"789598","asian_lines":{"updated_at":"1532570650","sp":{"asian_handicap":[{"opp":"-1.0","odds":"1.800","header":"Home"},{"opp":"+1.0","odds":"2.050","header":"Away"}],"goal_line":[{"goals":"3.0","odds":"1.950","header":"Over"},{"goals":"3.0","odds":"1.900","header":"Under"}],"alternative_asian_handicap":[{"opp":"-2.5, -3.0","odds":"5.250","header":"Home"},{"opp":"+2.5, +3.0","odds":"1.160","header":"Away"},{"opp":"-2.5","odds":"4.100","header":"Home"},{"opp":"+2.5","odds":"1.225","header":"Away"},{"opp":"-2.0, -2.5","odds":"3.700","header":"Home"},{"opp":"+2.0, +2.5","odds":"1.260","header":"Away"},{"opp":"-2.0","odds":"3.450","header":"Home"},{"opp":"+2.0","odds":"1.300","header":"Away"},{"opp":"-1.5, -2.0","odds":"2.675","header":"Home"},{"opp":"+1.5, +2.0","odds":"1.450","header":"Away"},{"opp":"-1.5","odds":"2.300","header":"Home"},{"opp":"+1.5","odds":"1.600","header":"Away"},{"opp":"-1.0, -1.5","odds":"2.050","header":"Home"},{"opp":"+1.0, +1.5","odds":"1.750","header":"Away"},{"opp":"-0.5, -1.0","odds":"1.600","header":"Home"},{"opp":"+0.5, +1.0","odds":"2.300","header":"Away"},{"opp":"-0.5","odds":"1.475","header":"Home"},{"opp":"+0.5","odds":"2.600","header":"Away"},{"opp":"0.0, -0.5","odds":"1.325","header":"Home"},{"opp":"0.0, +0.5","odds":"3.300","header":"Away"},{"opp":"0.0","odds":"1.180","header":"Home"},{"opp":"0.0","odds":"4.650","header":"Away"},{"opp":"0.0, +0.5","odds":"1.150","header":"Home"},{"opp":"0.0, -0.5","odds":"5.500","header":"Away"},{"opp":"+0.5","odds":"1.130","header":"Home"},{"opp":"-0.5","odds":"5.900","header":"Away"}],"alternative_goal_line":[{"goals":"1.0, 1.5","odds":"1.105","header":"Over"},{"goals":"1.0, 1.5","odds":"6.800","header":"Under"},{"goals":"1.5","odds":"1.175","header":"Over"},{"goals":"1.5","odds":"4.800","header":"Under"},{"goals":"1.5, 2.0","odds":"1.200","header":"Over"},{"goals":"1.5, 2.0","odds":"4.400","header":"Under"},{"goals":"2.0","odds":"1.240","header":"Over"},{"goals":"2.0","odds":"3.900","header":"Under"},{"goals":"2.0, 2.5","odds":"1.400","header":"Over"},{"goals":"2.0, 2.5","odds":"2.850","header":"Under"},{"goals":"2.5","odds":"1.575","header":"Over"},{"goals":"2.5","odds":"2.350","header":"Under"},{"goals":"2.5, 3.0","odds":"1.700","header":"Over"},{"goals":"2.5, 3.0","odds":"2.100","header":"Under"},{"goals":"3.0, 3.5","odds":"2.150","header":"Over"},{"goals":"3.0, 3.5","odds":"1.675","header":"Under"},{"goals":"3.5","odds":"2.375","header":"Over"},{"goals":"3.5","odds":"1.550","header":"Under"},{"goals":"3.5, 4.0","odds":"2.750","header":"Over"},{"goals":"3.5, 4.0","odds":"1.425","header":"Under"},{"goals":"4.0","odds":"3.550","header":"Over"},{"goals":"4.0","odds":"1.275","header":"Under"},{"goals":"4.0, 4.5","odds":"3.800","header":"Over"},{"goals":"4.0, 4.5","odds":"1.250","header":"Under"},{"goals":"4.5","odds":"4.150","header":"Over"},{"goals":"4.5","odds":"1.220","header":"Under"},{"goals":"4.5, 5.0","odds":"5.250","header":"Over"},{"goals":"4.5, 5.0","odds":"1.160","header":"Under"}],"1st_half_asian_handicap":[{"opp":"-0.5","odds":"2.025","header":"Home"},{"opp":"+0.5","odds":"1.775","header":"Away"}],"1st_half_goal_line":[{"goals":"1.0, 1.5","odds":"1.975","header":"Over"},{"goals":"1.0, 1.5","odds":"1.825","header":"Under"}],"alternative_1st_half_asian_handicap":[{"opp":"-1.5, -2.0","odds":"6.800","header":"Home"},{"opp":"+1.5, +2.0","odds":"1.105","header":"Away"},{"opp":"-1.5","odds":"4.800","header":"Home"},{"opp":"+1.5","odds":"1.175","header":"Away"},{"opp":"-1.0, -1.5","odds":"4.150","header":"Home"},{"opp":"+1.0, +1.5","odds":"1.220","header":"Away"},{"opp":"-1.0","odds":"3.550","header":"Home"},{"opp":"+1.0","odds":"1.275","header":"Away"},{"opp":"-0.5, -1.0","odds":"2.425","header":"Home"},{"opp":"+0.5, +1.0","odds":"1.525","header":"Away"},{"opp":"0.0, -0.5","odds":"1.650","header":"Home"},{"opp":"0.0, +0.5","odds":"2.200","header":"Away"},{"opp":"0.0","odds":"1.300","header":"Home"},{"opp":"0.0","odds":"3.450","header":"Away"},{"opp":"0.0, +0.5","odds":"1.200","header":"Home"},{"opp":"0.0, -0.5","odds":"4.400","header":"Away"},{"opp":"+0.5","odds":"1.150","header":"Home"},{"opp":"-0.5","odds":"5.500","header":"Away"}],"alternative_1st_half_goal_line":[{"goals":"0.5, 1.0","odds":"1.375","header":"Over"},{"goals":"0.5, 1.0","odds":"3.000","header":"Under"},{"goals":"1.0","odds":"1.550","header":"Over"},{"goals":"1.0","odds":"2.375","header":"Under"},{"goals":"1.5","odds":"2.350","header":"Over"},{"goals":"1.5","odds":"1.575","header":"Under"},{"goals":"1.5, 2.0","odds":"2.850","header":"Over"},{"goals":"1.5, 2.0","odds":"1.400","header":"Under"},{"goals":"2.0","odds":"4.150","header":"Over"},{"goals":"2.0","odds":"1.220","header":"Under"},{"goals":"2.0, 2.5","odds":"4.650","header":"Over"},{"goals":"2.0, 2.5","odds":"1.180","header":"Under"},{"goals":"2.5","odds":"5.500","header":"Over"},{"goals":"2.5","odds":"1.150","header":"Under"}],"asian_total_corners":[{"goals":"10.0","odds":"2.000","header":"Over"},{"goals":"10.0","odds":"1.800","header":"Under"}],"1st_half_asian_corners":[{"goals":"4.5","odds":"1.825","header":"Over"},{"goals":"4.5","odds":"1.975","header":"Under"}]}},"corners":{"updated_at":"1532570660","sp":{"corners":[{"opp":"Over 10","odds":"2.20"},{"opp":"Exactly 10","odds":"7.50"},{"opp":"Under 10","odds":"2.00"}],"total_corners":[{"opp":"Under 6","odds":"11.00"},{"opp":"6 - 8","odds":"3.40"},{"opp":"9 - 11","odds":"2.60"},{"opp":"12 - 14","odds":"4.00"},{"opp":"Over 14","odds":"8.50"}],"alternative_corners":[{"goals":"4","odds":"1.02","header":"Over"},{"goals":"4","odds":"21.00","header":"Exactly"},{"goals":"4","odds":"29.00","header":"Under"},{"goals":"5","odds":"1.05","header":"Over"},{"goals":"5","odds":"15.00","header":"Exactly"},{"goals":"5","odds":"17.00","header":"Under"},{"goals":"6","odds":"1.11","header":"Over"},{"goals":"6","odds":"12.00","header":"Exactly"},{"goals":"6","odds":"10.00","header":"Under"},{"goals":"7","odds":"1.25","header":"Over"},{"goals":"7","odds":"9.00","header":"Exactly"},{"goals":"7","odds":"6.00","header":"Under"},{"goals":"8","odds":"1.44","header":"Over"},{"goals":"8","odds":"8.00","header":"Exactly"},{"goals":"8","odds":"3.75","header":"Under"},{"goals":"9","odds":"1.73","header":"Over"},{"goals":"9","odds":"7.50","header":"Exactly"},{"goals":"9","odds":"2.62","header":"Under"},{"goals":"11","odds":"2.88","header":"Over"},{"goals":"11","odds":"8.00","header":"Exactly"},{"goals":"11","odds":"1.62","header":"Under"},{"goals":"12","odds":"4.00","header":"Over"},{"goals":"12","odds":"9.50","header":"Exactly"},{"goals":"12","odds":"1.36","header":"Under"},{"goals":"13","odds":"6.00","header":"Over"},{"goals":"13","odds":"11.00","header":"Exactly"},{"goals":"13","odds":"1.22","header":"Under"},{"goals":"14","odds":"8.50","header":"Over"},{"goals":"14","odds":"13.00","header":"Exactly"},{"goals":"14","odds":"1.12","header":"Under"},{"goals":"15","odds":"13.00","header":"Over"},{"goals":"15","odds":"17.00","header":"Exactly"},{"goals":"15","odds":"1.06","header":"Under"},{"goals":"16","odds":"17.00","header":"Over"},{"goals":"16","odds":"21.00","header":"Exactly"},{"goals":"16","odds":"1.04","header":"Under"},{"goals":"17","odds":"23.00","header":"Over"},{"goals":"17","odds":"29.00","header":"Exactly"},{"goals":"17","odds":"1.02","header":"Under"},{"goals":"18","odds":"34.00","header":"Over"},{"goals":"18","odds":"34.00","header":"Exactly"},{"goals":"18","odds":"1.01","header":"Under"}],"corners_2_way":[{"opp":"Over 9.5","odds":"1.73"},{"opp":"Under 9.5","odds":"2.00"}],"first_half_corners":[{"opp":"5","odds":"2.62","header":"Over"},{"opp":"5","odds":"5.50","header":"Exactly"},{"opp":"5","odds":"1.95","header":"Under"}],"asian_total_corners":[{"goals":"10.0","odds":"2.000","header":"Over"},{"goals":"10.0","odds":"1.800","header":"Under"}],"1st_half_asian_corners":[{"goals":"4.5","odds":"1.825","header":"Over"},{"goals":"4.5","odds":"1.975","header":"Under"}]}},"goals":{"updated_at":"1532570944","sp":{"goals_over_under":[{"goals":"2.5","odds":"1.57","header":"Over"},{"goals":"2.5","odds":"2.35","header":"Under"}],"alternative_total_goals":[{"goals":"0.5","odds":"1.03","header":"Over "},{"goals":"0.5","odds":"15.00","header":"Under"},{"goals":"1.5","odds":"1.17","header":"Over "},{"goals":"1.5","odds":"5.00","header":"Under"},{"goals":"3.5","odds":"2.38","header":"Over "},{"goals":"3.5","odds":"1.53","header":"Under"},{"goals":"4.5","odds":"4.33","header":"Over "},{"goals":"4.5","odds":"1.20","header":"Under"},{"goals":"5.5","odds":"9.00","header":"Over "},{"goals":"5.5","odds":"1.07","header":"Under"},{"goals":"6.5","odds":"17.00","header":"Over "},{"goals":"6.5","odds":"1.02","header":"Under"}],"result_total_goals":[{"opp":"Zulte-Waregem & Over 2.5","odds":"2.10"},{"opp":"Zulte-Waregem & Under 2.5","odds":"4.50"},{"opp":"Draw & Over 2.5","odds":"12.00"},{"opp":"Draw & Under  2.5","odds":"6.00"},{"opp":"Waasland-Beveren & Over 2.5","odds":"9.00"},{"opp":"Waasland-Beveren & Under 2.5","odds":"13.00"}],"total_goals_both_teams_to_score":[{"opp":"Over 2.5 & Yes","odds":"2.00"},{"opp":"Over 2.5 & No","odds":"6.00"},{"opp":"Under 2.5 & Yes","odds":"8.00"},{"opp":"Under 2.5 & No","odds":"3.00"}],"exact_total_goals":[{"opp":"0 Goals","odds":"15.00"},{"opp":"1 Goal","odds":"6.50"},{"opp":"2 Goals","odds":"4.00"},{"opp":"3 Goals","odds":"4.00"},{"opp":"4 Goals","odds":"5.00"},{"opp":"5 Goals","odds":"8.00"},{"opp":"6 Goals","odds":"15.00"},{"opp":"7+ Goals","odds":"17.00"}],"number_of_goals_in_match":[{"opp":"Under 2 goals","odds":"5.00"},{"opp":"2 or 3 goals","odds":"2.10"},{"opp":"Over 3 goals","odds":"2.38"}],"both_teams_to_score":[{"opp":"Yes","odds":"1.67"},{"opp":"No","odds":"2.10"}],"teams_to_score":[{"opp":"Both Teams","odds":"1.67"},{"opp":"Zulte-Waregem Only","odds":"2.75"},{"opp":"No Goal","odds":"15.00"},{"opp":"Waasland-Beveren Only","odds":"12.00"}],"both_teams_to_score_in_1st_half":[{"opp":"Yes","odds":"4.00"},{"opp":"No","odds":"1.22"}],"both_teams_to_score_in_2nd_half":[{"opp":"Yes","odds":"3.00"},{"opp":"No","odds":"1.36"}],"both_teams_to_score_1st_half_2nd_half":[{"opp":"Yes \/ Yes","odds":"12.00"},{"opp":"Yes \/ No","odds":"5.50"},{"opp":"No \/ Yes","odds":"3.60"},{"opp":"No \/ No","odds":"1.73"}],"first_half_goals":[{"goals":"0.5","odds":"1.29","header":"Over"},{"goals":"0.5","odds":"3.50","header":"Under"},{"goals":"1.5","odds":"2.25","header":"Over"},{"goals":"1.5","odds":"1.57","header":"Under"},{"goals":"2.5","odds":"5.50","header":"Over"},{"goals":"2.5","odds":"1.14","header":"Under"},{"goals":"3.5","odds":"15.00","header":"Over"},{"goals":"3.5","odds":"1.03","header":"Under"}],"exact_1st_half_goals":[{"opp":"0 Goals","odds":"3.50"},{"opp":"1 Goal","odds":"2.62"},{"opp":"2 Goals","odds":"3.75"},{"opp":"3 Goals","odds":"7.50"},{"opp":"4 Goals","odds":"21.00"},{"opp":"5+ Goals","odds":"41.00"}],"total_goal_minutes":[{"opp":"Over 165 minutes","odds":"2.20"},{"opp":"145 To 165 minutes inc.","odds":"8.50"},{"opp":"Under 145 minutes","odds":"1.83"}],"first_team_to_score":[{"opp":"Zulte-Waregem","odds":"1.36"},{"opp":"No Goals","odds":"15.00"},{"opp":"Waasland-Beveren","odds":"3.20"}],"early_goal":[{"opp":"Goal before 25:00","odds":"1.83"},{"opp":"No Goal before 25:00","odds":"1.83"}],"late_goal":[{"opp":"Goal after 76:59","odds":"1.83"},{"opp":"No Goal after 76:59","odds":"1.83"}],"time_of_first_goal_brackets":[{"opp":"1-10","odds":"3.75"},{"opp":"11-20","odds":"4.50"},{"opp":"21-30","odds":"5.50"},{"opp":"31-40","odds":"7.00"},{"opp":"41-50","odds":"8.50"},{"opp":"51-60","odds":"13.00"},{"opp":"61-70","odds":"19.00"},{"opp":"71-80","odds":"23.00"},{"opp":"81 - Full Time","odds":"23.00"},{"opp":"No Goal","odds":"15.00"}],"2nd_half_goals":[{"goals":"0.5","odds":"1.17","header":"Over"},{"goals":"0.5","odds":"5.00","header":"Under"},{"goals":"1.5","odds":"1.73","header":"Over"},{"goals":"1.5","odds":"2.00","header":"Under"},{"goals":"2.5","odds":"3.50","header":"Over"},{"goals":"2.5","odds":"1.29","header":"Under"},{"goals":"3.5","odds":"8.00","header":"Over"},{"goals":"3.5","odds":"1.08","header":"Under"},{"goals":"4.5","odds":"19.00","header":"Over"},{"goals":"4.5","odds":"1.02","header":"Under"}],"exact_2nd_half_goals":[{"opp":"0 Goals","odds":"5.00"},{"opp":"1 Goal","odds":"3.00"},{"opp":"2 Goals","odds":"3.40"},{"opp":"3 Goals","odds":"5.50"},{"opp":"4 Goals","odds":"12.00"},{"opp":"5+ Goals","odds":"19.00"}],"half_with_most_goals":[{"opp":"1st Half","odds":"3.00"},{"opp":"2nd Half","odds":"1.95"},{"opp":"Tie","odds":"4.00"}],"home_team_highest_scoring_half":[{"opp":"Zulte-Waregem - 1st Half","odds":"3.10"},{"opp":"Zulte-Waregem - 2nd Half","odds":"2.20"},{"opp":"Zulte-Waregem - Tie","odds":"3.00"}],"away_team_highest_scoring_half":[{"opp":"Waasland-Beveren - 1st Half","odds":"4.00"},{"opp":"Waasland-Beveren - 2nd Half","odds":"2.88"},{"opp":"Waasland-Beveren - Tie","odds":"1.95"}],"home_team_exact_goals":[{"opp":"Zulte-Waregem - 0 Goals","odds":"8.00"},{"opp":"Zulte-Waregem - 1 Goal","odds":"3.50"},{"opp":"Zulte-Waregem - 2 Goals","odds":"3.25"},{"opp":"Zulte-Waregem - 3+ Goals","odds":"2.50"}],"away_team_exact_goals":[{"opp":"Waasland-Beveren - 0 Goals","odds":"2.50"},{"opp":"Waasland-Beveren - 1 Goal","odds":"2.40"},{"opp":"Waasland-Beveren - 2 Goals","odds":"4.75"},{"opp":"Waasland-Beveren - 3+ Goals","odds":"11.00"}],"time_of_1st_team_goal":[{"opp":"Zulte-Waregem - Goal before 35:00","odds":"1.83"},{"opp":"Zulte-Waregem - No Goal before 35:00","odds":"1.83"},{"opp":"Waasland-Beveren - Goal before 71:00","odds":"1.83"},{"opp":"Waasland-Beveren - No Goal before 71:00","odds":"1.83"}],"goals_odd_even":[{"opp":"Even","odds":"1.90"},{"opp":"Odd","odds":"1.95"}],"home_team_odd_even_goals":[{"opp":"Zulte-Waregem - Even","odds":"1.83"},{"opp":"Zulte-Waregem - Odd","odds":"1.83"}],"away_team_odd_even_goals":[{"opp":"Waasland-Beveren - Even","odds":"1.67"},{"opp":"Waasland-Beveren - Odd","odds":"2.10"}],"1st_half_goals_odd_even":[{"opp":"Odd","odds":"2.00"},{"opp":"Even","odds":"1.80"}],"last_team_to_score":[{"opp":"Zulte-Waregem","odds":"1.36"},{"opp":"No Goal","odds":"15.00"},{"opp":"Waasland-Beveren","odds":"3.20"}],"first_10_minutes_(00:00_09:59)":[{"name":"Goals","handicap":"0.5","odds":"3.75","header":"Over"},{"name":"Goals","handicap":"0.5","odds":"1.25","header":"Under"}]}},"half":{"updated_at":"1532570961","sp":{"half_time_result":[{"opp":"1","odds":"2.00"},{"opp":"X","odds":"2.50"},{"opp":"2","odds":"5.50"}],"half_time_double_chance":[{"opp":"1X","odds":"1.14"},{"opp":"X2","odds":"1.73"},{"opp":"12","odds":"1.50"}],"half_time_result_both_teams_to_score":[{"opp":"Zulte-Waregem & Yes","odds":"11.00"},{"opp":"Zulte-Waregem & No","odds":"2.30"},{"opp":"Draw & Yes","odds":"7.50"},{"opp":"Draw & No","odds":"3.50"},{"opp":"Waasland-Beveren & Yes","odds":"26.00"},{"opp":"Waasland-Beveren & No","odds":"6.50"}],"half_time_result_total_goals":[{"opp":"Zulte-Waregem & Over 1.5","odds":"3.75"},{"opp":"Zulte-Waregem & Under 1.5","odds":"3.60"},{"opp":"Draw & Over 1.5","odds":"7.50"},{"opp":"Draw & Under 1.5","odds":"3.50"},{"opp":"Waasland-Beveren & Over 1.5","odds":"15.00"},{"opp":"Waasland-Beveren & Under 1.5","odds":"7.50"}],"half_time_correct_score":[{"opp":"1-0","odds":"3.60","header":"Home"},{"opp":"0-0","odds":"3.50","header":"X"},{"opp":"1-0","odds":"7.50","header":"Away"},{"opp":"2-0","odds":"7.00","header":"Home"},{"opp":"1-1","odds":"7.50","header":"X"},{"opp":"2-0","odds":"29.00","header":"Away"},{"opp":"2-1","odds":"15.00","header":"Home"},{"opp":"2-2","odds":"51.00","header":"X"},{"opp":"2-1","odds":"29.00","header":"Away"},{"opp":"3-0","odds":"21.00","header":"Home"},{"opp":"3-0","odds":"101.00","header":"Away"},{"opp":"3-1","odds":"41.00","header":"Home"},{"opp":"3-1","odds":"101.00","header":"Away"},{"opp":"3-2","odds":"101.00","header":"Home"},{"opp":"3-2","odds":"201.00","header":"Away"},{"opp":"4-0","odds":"51.00","header":"Home"},{"opp":"4-1","odds":"101.00","header":"Home"},{"opp":"4-2","odds":"401.00","header":"Home"},{"opp":"5-0","odds":"201.00","header":"Home"},{"opp":"5-1","odds":"451.00","header":"Home"}],"both_teams_to_score_in_1st_half":[{"opp":"Yes","odds":"4.00"},{"opp":"No","odds":"1.22"}],"both_teams_to_score_in_2nd_half":[{"opp":"Yes","odds":"3.00"},{"opp":"No","odds":"1.36"}],"both_teams_to_score_1st_half_2nd_half":[{"opp":"Yes \/ Yes","odds":"12.00"},{"opp":"Yes \/ No","odds":"5.50"},{"opp":"No \/ Yes","odds":"3.60"},{"opp":"No \/ No","odds":"1.73"}],"1st_half_asian_handicap":[{"opp":"-0.5","odds":"2.025","header":"Home"},{"opp":"+0.5","odds":"1.775","header":"Away"}],"1st_half_goal_line":[{"goals":"1.0, 1.5","odds":"1.975","header":"Over"},{"goals":"1.0, 1.5","odds":"1.825","header":"Under"}],"alternative_1st_half_asian_handicap":[{"opp":"-1.5, -2.0","odds":"6.800","header":"Home"},{"opp":"+1.5, +2.0","odds":"1.105","header":"Away"},{"opp":"-1.5","odds":"4.800","header":"Home"},{"opp":"+1.5","odds":"1.175","header":"Away"},{"opp":"-1.0, -1.5","odds":"4.150","header":"Home"},{"opp":"+1.0, +1.5","odds":"1.220","header":"Away"},{"opp":"-1.0","odds":"3.550","header":"Home"},{"opp":"+1.0","odds":"1.275","header":"Away"},{"opp":"-0.5, -1.0","odds":"2.425","header":"Home"},{"opp":"+0.5, +1.0","odds":"1.525","header":"Away"},{"opp":"0.0, -0.5","odds":"1.650","header":"Home"},{"opp":"0.0, +0.5","odds":"2.200","header":"Away"},{"opp":"0.0","odds":"1.300","header":"Home"},{"opp":"0.0","odds":"3.450","header":"Away"},{"opp":"0.0, +0.5","odds":"1.200","header":"Home"},{"opp":"0.0, -0.5","odds":"4.400","header":"Away"},{"opp":"+0.5","odds":"1.150","header":"Home"},{"opp":"-0.5","odds":"5.500","header":"Away"}],"alternative_1st_half_goal_line":[{"goals":"0.5, 1.0","odds":"1.375","header":"Over"},{"goals":"0.5, 1.0","odds":"3.000","header":"Under"},{"goals":"1.0","odds":"1.550","header":"Over"},{"goals":"1.0","odds":"2.375","header":"Under"},{"goals":"1.5","odds":"2.350","header":"Over"},{"goals":"1.5","odds":"1.575","header":"Under"},{"goals":"1.5, 2.0","odds":"2.850","header":"Over"},{"goals":"1.5, 2.0","odds":"1.400","header":"Under"},{"goals":"2.0","odds":"4.150","header":"Over"},{"goals":"2.0","odds":"1.220","header":"Under"},{"goals":"2.0, 2.5","odds":"4.650","header":"Over"},{"goals":"2.0, 2.5","odds":"1.180","header":"Under"},{"goals":"2.5","odds":"5.500","header":"Over"},{"goals":"2.5","odds":"1.150","header":"Under"}],"1st_half_handicap":[{"opp":"Zulte-Waregem  -1.0","odds":"4.75"},{"opp":"Tie - Waasland-Beveren +1.0","odds":"3.00"},{"opp":"Waasland-Beveren  +1.0","odds":"1.73"}],"alternative_1st_half_handicap_result":[{"opp":"-2.0","odds":"13.00","header":"Home"},{"opp":"+2.0","odds":"6.00","header":"Tie"},{"opp":"+2.0","odds":"1.14","header":"Away"},{"opp":"+1.0","odds":"1.14","header":"Home"},{"opp":"-1.0","odds":"6.00","header":"Tie"},{"opp":"-1.0","odds":"19.00","header":"Away"}],"first_half_goals":[{"goals":"0.5","odds":"1.29","header":"Over"},{"goals":"0.5","odds":"3.50","header":"Under"},{"goals":"1.5","odds":"2.25","header":"Over"},{"goals":"1.5","odds":"1.57","header":"Under"},{"goals":"2.5","odds":"5.50","header":"Over"},{"goals":"2.5","odds":"1.14","header":"Under"},{"goals":"3.5","odds":"15.00","header":"Over"},{"goals":"3.5","odds":"1.03","header":"Under"}],"exact_1st_half_goals":[{"opp":"0 Goals","odds":"3.50"},{"opp":"1 Goal","odds":"2.62"},{"opp":"2 Goals","odds":"3.75"},{"opp":"3 Goals","odds":"7.50"},{"opp":"4 Goals","odds":"21.00"},{"opp":"5+ Goals","odds":"41.00"}],"first_half_corners":[{"opp":"5","odds":"2.62","header":"Over"},{"opp":"5","odds":"5.50","header":"Exactly"},{"opp":"5","odds":"1.95","header":"Under"}],"1st_half_asian_corners":[{"goals":"4.5","odds":"1.825","header":"Over"},{"goals":"4.5","odds":"1.975","header":"Under"}],"1st_half_goals_odd_even":[{"opp":"Odd","odds":"2.00"},{"opp":"Even","odds":"1.80"}],"to_score_in_half":[{"name":"1st Half","odds":"1.53","header":"Yes"},{"name":"1st Half","odds":"2.38","header":"No"},{"name":"2nd Half","odds":"1.36","header":"Yes"},{"name":"2nd Half","odds":"3.00","header":"No"},{"name":"1st Half","odds":"2.62","header":"Yes"},{"name":"1st Half","odds":"1.44","header":"No"},{"name":"2nd Half","odds":"2.10","header":"Yes"},{"name":"2nd Half","odds":"1.67","header":"No"}],"half_with_most_goals":[{"opp":"1st Half","odds":"3.00"},{"opp":"2nd Half","odds":"1.95"},{"opp":"Tie","odds":"4.00"}],"home_team_highest_scoring_half":[{"opp":"Zulte-Waregem - 1st Half","odds":"3.10"},{"opp":"Zulte-Waregem - 2nd Half","odds":"2.20"},{"opp":"Zulte-Waregem - Tie","odds":"3.00"}],"away_team_highest_scoring_half":[{"opp":"Waasland-Beveren - 1st Half","odds":"4.00"},{"opp":"Waasland-Beveren - 2nd Half","odds":"2.88"},{"opp":"Waasland-Beveren - Tie","odds":"1.95"}],"2nd_half_result":[{"opp":"1","odds":"1.80"},{"opp":"X","odds":"2.88"},{"opp":"2","odds":"5.00"}],"2nd_half_goals":[{"goals":"0.5","odds":"1.17","header":"Over"},{"goals":"0.5","odds":"5.00","header":"Under"},{"goals":"1.5","odds":"1.73","header":"Over"},{"goals":"1.5","odds":"2.00","header":"Under"},{"goals":"2.5","odds":"3.50","header":"Over"},{"goals":"2.5","odds":"1.29","header":"Under"},{"goals":"3.5","odds":"8.00","header":"Over"},{"goals":"3.5","odds":"1.08","header":"Under"},{"goals":"4.5","odds":"19.00","header":"Over"},{"goals":"4.5","odds":"1.02","header":"Under"}],"exact_2nd_half_goals":[{"opp":"0 Goals","odds":"5.00"},{"opp":"1 Goal","odds":"3.00"},{"opp":"2 Goals","odds":"3.40"},{"opp":"3 Goals","odds":"5.50"},{"opp":"4 Goals","odds":"12.00"},{"opp":"5+ Goals","odds":"19.00"}],"2nd_half_goals_odd_even":[{"opp":"Even","odds":"1.80"},{"opp":"Odd","odds":"1.91"}]}},"main":{"updated_at":"1532570101","sp":{"full_time_result":[{"opp":"1","odds":"1.50"},{"opp":"X","odds":"4.33"},{"opp":"2","odds":"6.00"}],"double_chance":[{"opp":"1X","odds":"1.14"},{"opp":"X2","odds":"2.62"},{"opp":"12","odds":"1.22"}],"correct_score":[{"opp":"1-0","odds":"8.50","header":"Home"},{"opp":"0-0","odds":"15.00","header":"X"},{"opp":"1-0","odds":"19.00","header":"Away"},{"opp":"2-0","odds":"8.00","header":"Home"},{"opp":"1-1","odds":"8.00","header":"X"},{"opp":"2-0","odds":"34.00","header":"Away"},{"opp":"2-1","odds":"8.00","header":"Home"},{"opp":"2-2","odds":"15.00","header":"X"},{"opp":"2-1","odds":"19.00","header":"Away"},{"opp":"3-0","odds":"11.00","header":"Home"},{"opp":"3-3","odds":"41.00","header":"X"},{"opp":"3-0","odds":"67.00","header":"Away"},{"opp":"3-1","odds":"11.00","header":"Home"},{"opp":"4-4","odds":"201.00","header":"X"},{"opp":"3-1","odds":"41.00","header":"Away"},{"opp":"3-2","odds":"21.00","header":"Home"},{"opp":"3-2","odds":"41.00","header":"Away"},{"opp":"4-0","odds":"21.00","header":"Home"},{"opp":"4-0","odds":"201.00","header":"Away"},{"opp":"4-1","odds":"21.00","header":"Home"},{"opp":"4-1","odds":"101.00","header":"Away"},{"opp":"4-2","odds":"34.00","header":"Home"},{"opp":"4-2","odds":"101.00","header":"Away"},{"opp":"4-3","odds":"67.00","header":"Home"},{"opp":"4-3","odds":"126.00","header":"Away"},{"opp":"5-0","odds":"41.00","header":"Home"},{"opp":"5-1","odds":"451.00","header":"Away"},{"opp":"5-1","odds":"41.00","header":"Home"},{"opp":"5-2","odds":"401.00","header":"Away"},{"opp":"5-2","odds":"51.00","header":"Home"},{"opp":"5-3","odds":"501.00","header":"Away"},{"opp":"5-3","odds":"126.00","header":"Home"},{"opp":"6-1","odds":"67.00","header":"Home"},{"opp":"5-4","odds":"451.00","header":"Home"},{"opp":"6-0","odds":"67.00","header":"Home"},{"opp":"6-2","odds":"126.00","header":"Home"},{"opp":"6-3","odds":"301.00","header":"Home"},{"opp":"7-0","odds":"201.00","header":"Home"},{"opp":"7-1","odds":"201.00","header":"Home"},{"opp":"7-2","odds":"351.00","header":"Home"}],"half_time_full_time":[{"opp":"Zulte-Waregem - Zulte-Waregem","odds":"2.20"},{"opp":"Zulte-Waregem - Draw","odds":"17.00"},{"opp":"Zulte-Waregem - Waasland-Beveren","odds":"41.00"},{"opp":"Draw - Zulte-Waregem","odds":"4.00"},{"opp":"Draw - Draw","odds":"7.00"},{"opp":"Draw - Waasland-Beveren","odds":"15.00"},{"opp":"Waasland-Beveren - Zulte-Waregem","odds":"19.00"},{"opp":"Waasland-Beveren - Draw","odds":"17.00"},{"opp":"Waasland-Beveren - Waasland-Beveren","odds":"10.00"}],"goals_over_under":[{"goals":"2.5","odds":"1.57","header":"Over"},{"goals":"2.5","odds":"2.35","header":"Under"}],"both_teams_to_score":[{"opp":"Yes","odds":"1.67"},{"opp":"No","odds":"2.10"}],"asian_handicap":[{"opp":"-1.0","odds":"1.800","header":"Home"},{"opp":"+1.0","odds":"2.050","header":"Away"}],"goal_line":[{"goals":"3.0","odds":"1.950","header":"Over"},{"goals":"3.0","odds":"1.900","header":"Under"}],"alternative_asian_handicap":[{"opp":"-2.5, -3.0","odds":"5.250","header":"Home"},{"opp":"+2.5, +3.0","odds":"1.160","header":"Away"},{"opp":"-2.5","odds":"4.100","header":"Home"},{"opp":"+2.5","odds":"1.225","header":"Away"},{"opp":"-2.0, -2.5","odds":"3.700","header":"Home"},{"opp":"+2.0, +2.5","odds":"1.260","header":"Away"},{"opp":"-2.0","odds":"3.450","header":"Home"},{"opp":"+2.0","odds":"1.300","header":"Away"},{"opp":"-1.5, -2.0","odds":"2.675","header":"Home"},{"opp":"+1.5, +2.0","odds":"1.450","header":"Away"},{"opp":"-1.5","odds":"2.300","header":"Home"},{"opp":"+1.5","odds":"1.600","header":"Away"},{"opp":"-1.0, -1.5","odds":"2.050","header":"Home"},{"opp":"+1.0, +1.5","odds":"1.750","header":"Away"},{"opp":"-0.5, -1.0","odds":"1.600","header":"Home"},{"opp":"+0.5, +1.0","odds":"2.300","header":"Away"},{"opp":"-0.5","odds":"1.475","header":"Home"},{"opp":"+0.5","odds":"2.600","header":"Away"},{"opp":"0.0, -0.5","odds":"1.325","header":"Home"},{"opp":"0.0, +0.5","odds":"3.300","header":"Away"},{"opp":"0.0","odds":"1.180","header":"Home"},{"opp":"0.0","odds":"4.650","header":"Away"},{"opp":"0.0, +0.5","odds":"1.150","header":"Home"},{"opp":"0.0, -0.5","odds":"5.500","header":"Away"},{"opp":"+0.5","odds":"1.130","header":"Home"},{"opp":"-0.5","odds":"5.900","header":"Away"}],"alternative_goal_line":[{"goals":"1.0, 1.5","odds":"1.105","header":"Over"},{"goals":"1.0, 1.5","odds":"6.800","header":"Under"},{"goals":"1.5","odds":"1.175","header":"Over"},{"goals":"1.5","odds":"4.800","header":"Under"},{"goals":"1.5, 2.0","odds":"1.200","header":"Over"},{"goals":"1.5, 2.0","odds":"4.400","header":"Under"},{"goals":"2.0","odds":"1.240","header":"Over"},{"goals":"2.0","odds":"3.900","header":"Under"},{"goals":"2.0, 2.5","odds":"1.400","header":"Over"},{"goals":"2.0, 2.5","odds":"2.850","header":"Under"},{"goals":"2.5","odds":"1.575","header":"Over"},{"goals":"2.5","odds":"2.350","header":"Under"},{"goals":"2.5, 3.0","odds":"1.700","header":"Over"},{"goals":"2.5, 3.0","odds":"2.100","header":"Under"},{"goals":"3.0, 3.5","odds":"2.150","header":"Over"},{"goals":"3.0, 3.5","odds":"1.675","header":"Under"},{"goals":"3.5","odds":"2.375","header":"Over"},{"goals":"3.5","odds":"1.550","header":"Under"},{"goals":"3.5, 4.0","odds":"2.750","header":"Over"},{"goals":"3.5, 4.0","odds":"1.425","header":"Under"},{"goals":"4.0","odds":"3.550","header":"Over"},{"goals":"4.0","odds":"1.275","header":"Under"},{"goals":"4.0, 4.5","odds":"3.800","header":"Over"},{"goals":"4.0, 4.5","odds":"1.250","header":"Under"},{"goals":"4.5","odds":"4.150","header":"Over"},{"goals":"4.5","odds":"1.220","header":"Under"},{"goals":"4.5, 5.0","odds":"5.250","header":"Over"},{"goals":"4.5, 5.0","odds":"1.160","header":"Under"}],"draw_no_bet":[{"opp":"Zulte-Waregem","odds":"1.18"},{"opp":"Waasland-Beveren","odds":"4.50"}],"result_both_teams_to_score":[{"name":"Zulte-Waregem","odds":"2.88","header":"Yes"},{"name":"Zulte-Waregem","odds":"2.75","header":"No"},{"name":"Waasland-Beveren","odds":"10.00","header":"Yes"},{"name":"Waasland-Beveren","odds":"12.00","header":"No"},{"name":"Draw","odds":"5.00","header":"Yes"},{"name":"Draw","odds":"15.00","header":"No"}],"handicap_result":[{"opp":"Zulte-Waregem (-1)","odds":"2.25"},{"opp":"Tie - (Waasland-Beveren +1)","odds":"3.75"},{"opp":"Waasland-Beveren (+1)","odds":"2.62"}],"alternative_handicap_result":[{"opp":"-3.0","odds":"8.00","header":"Home"},{"opp":"+3.0","odds":"6.50","header":"Tie"},{"opp":"+3.0","odds":"1.20","header":"Away"},{"opp":"-2.0","odds":"4.00","header":"Home"},{"opp":"+2.0","odds":"4.33","header":"Tie"},{"opp":"+2.0","odds":"1.57","header":"Away"},{"opp":"+1.0","odds":"1.14","header":"Home"},{"opp":"-1.0","odds":"7.50","header":"Tie"},{"opp":"-1.0","odds":"12.00","header":"Away"},{"opp":"+2.0","odds":"1.03","header":"Home"},{"opp":"-2.0","odds":"15.00","header":"Tie"},{"opp":"-2.0","odds":"19.00","header":"Away"}],"winning_margin":[{"goals":" 1","odds":"3.75","header":"Home"},{"goals":" 1","odds":"7.50","header":"Away"},{"goals":" 2","odds":"4.33","header":"Home"},{"goals":" 2","odds":"15.00","header":"Away"},{"goals":" 3","odds":"6.50","header":"Home"},{"goals":" 3","odds":"51.00","header":"Away"},{"goals":" 4+","odds":"8.00","header":"Home"},{"goals":" 4+","odds":"126.00","header":"Away"},{"goals":"Score Draw","odds":"5.00","header":"Home"},{"goals":"No Goal","odds":"15.00","header":"Home"}]}},"schedule":{"updated_at":"1532571078","sp":{"main":[{"odds":"1.50"},{"odds":"4.33"},{"odds":"6.00"}]}},"specials":{"updated_at":"1532570967","sp":{"specials":[{"name":"To Win From Behind","odds":"8.00","header":"Home"},{"name":"To Win From Behind","odds":"21.00","header":"Away"},{"name":"To Win to Nil","odds":"2.75","header":"Home"},{"name":"To Win to Nil","odds":"12.00","header":"Away"},{"name":"To Win Either Half","odds":"1.25","header":"Home"},{"name":"To Win Either Half","odds":"3.00","header":"Away"},{"name":"To Win Both Halves","odds":"3.50","header":"Home"},{"name":"To Win Both Halves","odds":"29.00","header":"Away"},{"name":"To Score in Both Halves","odds":"2.10","header":"Home"},{"name":"To Score in Both Halves","odds":"5.50","header":"Away"}],"to_score_in_half":[{"name":"1st Half","odds":"1.53","header":"Yes"},{"name":"1st Half","odds":"2.38","header":"No"},{"name":"2nd Half","odds":"1.36","header":"Yes"},{"name":"2nd Half","odds":"3.00","header":"No"},{"name":"1st Half","odds":"2.62","header":"Yes"},{"name":"1st Half","odds":"1.44","header":"No"},{"name":"2nd Half","odds":"2.10","header":"Yes"},{"name":"2nd Half","odds":"1.67","header":"No"}]}}}]}}