{"odd":{"success":1,"results":[{"FI":"75382883","event_id":"845359","asian_lines":{"updated_at":"1532570448","sp":{"asian_total_corners":[{"goals":"9.0","odds":"2.000","header":"Over"},{"goals":"9.0","odds":"1.800","header":"Under"}],"1st_half_asian_corners":[{"goals":"4.0","odds":"1.775","header":"Over"},{"goals":"4.0","odds":"2.025","header":"Under"}]}},"corners":{"updated_at":"1532570642","sp":{"corners":[{"opp":"Over 9","odds":"2.25"},{"opp":"Exactly 9","odds":"7.00"},{"opp":"Under 9","odds":"2.00"}],"total_corners":[{"opp":"Under 6","odds":"7.00"},{"opp":"6 - 8","odds":"2.75"},{"opp":"9 - 11","odds":"2.62"},{"opp":"12 - 14","odds":"5.50"},{"opp":"Over 14","odds":"17.00"}],"alternative_corners":[{"goals":"3","odds":"1.02","header":"Over"},{"goals":"3","odds":"26.00","header":"Exactly"},{"goals":"3","odds":"41.00","header":"Under"},{"goals":"4","odds":"1.04","header":"Over"},{"goals":"4","odds":"17.00","header":"Exactly"},{"goals":"4","odds":"21.00","header":"Under"},{"goals":"5","odds":"1.09","header":"Over"},{"goals":"5","odds":"12.00","header":"Exactly"},{"goals":"5","odds":"12.00","header":"Under"},{"goals":"6","odds":"1.22","header":"Over"},{"goals":"6","odds":"9.00","header":"Exactly"},{"goals":"6","odds":"7.00","header":"Under"},{"goals":"7","odds":"1.44","header":"Over"},{"goals":"7","odds":"7.50","header":"Exactly"},{"goals":"7","odds":"4.00","header":"Under"},{"goals":"8","odds":"1.73","header":"Over"},{"goals":"8","odds":"7.00","header":"Exactly"},{"goals":"8","odds":"2.75","header":"Under"},{"goals":"10","odds":"3.00","header":"Over"},{"goals":"10","odds":"8.00","header":"Exactly"},{"goals":"10","odds":"1.62","header":"Under"},{"goals":"11","odds":"4.33","header":"Over"},{"goals":"11","odds":"9.00","header":"Exactly"},{"goals":"11","odds":"1.36","header":"Under"},{"goals":"12","odds":"6.50","header":"Over"},{"goals":"12","odds":"11.00","header":"Exactly"},{"goals":"12","odds":"1.20","header":"Under"},{"goals":"13","odds":"9.50","header":"Over"},{"goals":"13","odds":"15.00","header":"Exactly"},{"goals":"13","odds":"1.10","header":"Under"},{"goals":"14","odds":"15.00","header":"Over"},{"goals":"14","odds":"19.00","header":"Exactly"},{"goals":"14","odds":"1.05","header":"Under"},{"goals":"15","odds":"19.00","header":"Over"},{"goals":"15","odds":"23.00","header":"Exactly"},{"goals":"15","odds":"1.03","header":"Under"},{"goals":"16","odds":"29.00","header":"Over"},{"goals":"16","odds":"29.00","header":"Exactly"},{"goals":"16","odds":"1.02","header":"Under"}],"corners_2_way":[{"opp":"Over 8.5","odds":"1.73"},{"opp":"Under 8.5","odds":"2.00"}],"first_half_corners":[{"opp":"4","odds":"2.20","header":"Over"},{"opp":"4","odds":"4.75","header":"Exactly"},{"opp":"4","odds":"2.40","header":"Under"}],"asian_total_corners":[{"goals":"9.0","odds":"2.000","header":"Over"},{"goals":"9.0","odds":"1.800","header":"Under"}],"1st_half_asian_corners":[{"goals":"4.0","odds":"1.775","header":"Over"},{"goals":"4.0","odds":"2.025","header":"Under"}]}},"goals":{"updated_at":"1532570655","sp":{"goals_over_under":[{"goals":"2.5","odds":"2.20","header":"Over"},{"goals":"2.5","odds":"1.65","header":"Under"}],"first_team_to_score":[{"opp":"APR FC","odds":"1.29"},{"opp":"No Goals","odds":"7.50"},{"opp":"Police FC","odds":"5.00"}],"home_team_highest_scoring_half":[{"opp":"APR FC - 1st Half","odds":"3.20"},{"opp":"APR FC - 2nd Half","odds":"2.25"},{"opp":"APR FC - Tie","odds":"2.88"}],"away_team_highest_scoring_half":[{"opp":"Police FC - 1st Half","odds":"5.50"},{"opp":"Police FC - 2nd Half","odds":"4.00"},{"opp":"Police FC - Tie","odds":"1.44"}],"goals_odd_even":[{"opp":"Even","odds":"1.90"},{"opp":"Odd","odds":"1.95"}],"home_team_odd_even_goals":[{"opp":"APR FC - Even","odds":"1.80"},{"opp":"APR FC - Odd","odds":"1.91"}],"away_team_odd_even_goals":[{"opp":"Police FC - Even","odds":"1.36"},{"opp":"Police FC - Odd","odds":"3.00"}],"1st_half_goals_odd_even":[{"opp":"Odd","odds":"2.20"},{"opp":"Even","odds":"1.67"}]}},"half":{"updated_at":"1532570675","sp":{"half_time_result":[{"opp":"1","odds":"1.95"},{"opp":"X","odds":"2.10"},{"opp":"2","odds":"7.50"}],"half_time_double_chance":[{"opp":"1X","odds":"1.10"},{"opp":"X2","odds":"1.80"},{"opp":"12","odds":"1.67"}],"half_time_correct_score":[{"opp":"1-0","odds":"3.20","header":"Home"},{"opp":"0-0","odds":"2.50","header":"X"},{"opp":"1-0","odds":"9.00","header":"Away"},{"opp":"2-0","odds":"7.00","header":"Home"},{"opp":"1-1","odds":"15.00","header":"X"},{"opp":"2-0","odds":"41.00","header":"Away"},{"opp":"2-1","odds":"34.00","header":"Home"},{"opp":"2-2","odds":"81.00","header":"X"},{"opp":"2-1","odds":"51.00","header":"Away"},{"opp":"3-0","odds":"19.00","header":"Home"},{"opp":"3-1","odds":"67.00","header":"Home"},{"opp":"4-0","odds":"41.00","header":"Home"}],"first_half_corners":[{"opp":"4","odds":"2.20","header":"Over"},{"opp":"4","odds":"4.75","header":"Exactly"},{"opp":"4","odds":"2.40","header":"Under"}],"1st_half_asian_corners":[{"goals":"4.0","odds":"1.775","header":"Over"},{"goals":"4.0","odds":"2.025","header":"Under"}],"1st_half_goals_odd_even":[{"opp":"Odd","odds":"2.20"},{"opp":"Even","odds":"1.67"}],"home_team_highest_scoring_half":[{"opp":"APR FC - 1st Half","odds":"3.20"},{"opp":"APR FC - 2nd Half","odds":"2.25"},{"opp":"APR FC - Tie","odds":"2.88"}],"away_team_highest_scoring_half":[{"opp":"Police FC - 1st Half","odds":"5.50"},{"opp":"Police FC - 2nd Half","odds":"4.00"},{"opp":"Police FC - Tie","odds":"1.44"}],"2nd_half_goals_odd_even":[{"opp":"Even","odds":"1.73"},{"opp":"Odd","odds":"2.00"}]}},"main":{"updated_at":"1532570635","sp":{"full_time_result":[{"opp":"1","odds":"1.40"},{"opp":"X","odds":"4.00"},{"opp":"2","odds":"7.00"}],"double_chance":[{"opp":"1X","odds":"1.08"},{"opp":"X2","odds":"2.75"},{"opp":"12","odds":"1.22"}],"correct_score":[{"opp":"1-0","odds":"5.00","header":"Home"},{"opp":"0-0","odds":"7.50","header":"X"},{"opp":"1-0","odds":"15.00","header":"Away"},{"opp":"2-0","odds":"5.50","header":"Home"},{"opp":"1-1","odds":"9.50","header":"X"},{"opp":"2-0","odds":"34.00","header":"Away"},{"opp":"2-1","odds":"11.00","header":"Home"},{"opp":"2-2","odds":"34.00","header":"X"},{"opp":"2-1","odds":"26.00","header":"Away"},{"opp":"3-0","odds":"8.00","header":"Home"},{"opp":"3-0","odds":"81.00","header":"Away"},{"opp":"3-1","odds":"17.00","header":"Home"},{"opp":"3-1","odds":"67.00","header":"Away"},{"opp":"3-2","odds":"41.00","header":"Home"},{"opp":"3-2","odds":"81.00","header":"Away"},{"opp":"4-0","odds":"15.00","header":"Home"},{"opp":"4-1","odds":"34.00","header":"Home"},{"opp":"4-2","odds":"81.00","header":"Home"},{"opp":"5-0","odds":"29.00","header":"Home"},{"opp":"5-1","odds":"51.00","header":"Home"},{"opp":"6-0","odds":"51.00","header":"Home"}],"half_time_full_time":[{"opp":"APR FC - APR FC","odds":"2.20"},{"opp":"APR FC - Draw","odds":"19.00"},{"opp":"APR FC - Police FC","odds":"41.00"},{"opp":"Draw - APR FC","odds":"3.75"},{"opp":"Draw - Draw","odds":"5.50"},{"opp":"Draw - Police FC","odds":"15.00"},{"opp":"Police FC - APR FC","odds":"26.00"},{"opp":"Police FC - Draw","odds":"23.00"},{"opp":"Police FC - Police FC","odds":"13.00"}],"goals_over_under":[{"goals":"2.5","odds":"2.20","header":"Over"},{"goals":"2.5","odds":"1.65","header":"Under"}],"draw_no_bet":[{"opp":"APR FC","odds":"1.12"},{"opp":"Police FC","odds":"5.50"}]}},"schedule":{"updated_at":"1532570504","sp":{"main":[{"odds":"1.40"},{"odds":"4.00"},{"odds":"7.00"}]}}}]}}