{"odd":{"success":1,"results":[{"FI":"75379493","event_id":"845764","asian_lines":{"updated_at":"1532570511","sp":{"asian_handicap":[{"opp":"+0.5","odds":"2.000","header":"Home"},{"opp":"-0.5","odds":"1.850","header":"Away"}],"goal_line":[{"goals":"2.5, 3.0","odds":"2.025","header":"Over"},{"goals":"2.5, 3.0","odds":"1.825","header":"Under"}],"alternative_asian_handicap":[{"opp":"-0.5, -1.0","odds":"5.250","header":"Home"},{"opp":"+0.5, +1.0","odds":"1.160","header":"Away"},{"opp":"-0.5","odds":"3.800","header":"Home"},{"opp":"+0.5","odds":"1.250","header":"Away"},{"opp":"0.0, -0.5","odds":"3.450","header":"Home"},{"opp":"0.0, +0.5","odds":"1.300","header":"Away"},{"opp":"0.0","odds":"3.000","header":"Home"},{"opp":"0.0","odds":"1.375","header":"Away"},{"opp":"0.0, +0.5","odds":"2.300","header":"Home"},{"opp":"0.0, -0.5","odds":"1.600","header":"Away"},{"opp":"+0.5, +1.0","odds":"1.725","header":"Home"},{"opp":"-0.5, -1.0","odds":"2.075","header":"Away"},{"opp":"+1.0","odds":"1.525","header":"Home"},{"opp":"-1.0","odds":"2.425","header":"Away"},{"opp":"+1.0, +1.5","odds":"1.400","header":"Home"},{"opp":"-1.0, -1.5","odds":"2.850","header":"Away"},{"opp":"+1.5","odds":"1.350","header":"Home"},{"opp":"-1.5","odds":"3.100","header":"Away"},{"opp":"+1.5, +2.0","odds":"1.240","header":"Home"},{"opp":"-1.5, -2.0","odds":"3.900","header":"Away"},{"opp":"+2.0","odds":"1.140","header":"Home"},{"opp":"-2.0","odds":"5.750","header":"Away"},{"opp":"+2.0, +2.5","odds":"1.125","header":"Home"},{"opp":"-2.0, -2.5","odds":"6.000","header":"Away"},{"opp":"+2.5","odds":"1.110","header":"Home"},{"opp":"-2.5","odds":"6.600","header":"Away"}],"alternative_goal_line":[{"goals":"1.0, 1.5","odds":"1.150","header":"Over"},{"goals":"1.0, 1.5","odds":"5.500","header":"Under"},{"goals":"1.5","odds":"1.250","header":"Over"},{"goals":"1.5","odds":"3.800","header":"Under"},{"goals":"1.5, 2.0","odds":"1.300","header":"Over"},{"goals":"1.5, 2.0","odds":"3.450","header":"Under"},{"goals":"2.0","odds":"1.375","header":"Over"},{"goals":"2.0","odds":"3.000","header":"Under"},{"goals":"2.0, 2.5","odds":"1.575","header":"Over"},{"goals":"2.0, 2.5","odds":"2.350","header":"Under"},{"goals":"2.5","odds":"1.775","header":"Over"},{"goals":"2.5","odds":"2.025","header":"Under"},{"goals":"3.0","odds":"2.300","header":"Over"},{"goals":"3.0","odds":"1.600","header":"Under"},{"goals":"3.0, 3.5","odds":"2.600","header":"Over"},{"goals":"3.0, 3.5","odds":"1.475","header":"Under"},{"goals":"3.5","odds":"2.850","header":"Over"},{"goals":"3.5","odds":"1.400","header":"Under"},{"goals":"3.5, 4.0","odds":"3.450","header":"Over"},{"goals":"3.5, 4.0","odds":"1.300","header":"Under"},{"goals":"4.0","odds":"4.650","header":"Over"},{"goals":"4.0","odds":"1.180","header":"Under"},{"goals":"4.0, 4.5","odds":"5.250","header":"Over"},{"goals":"4.0, 4.5","odds":"1.160","header":"Under"},{"goals":"4.5","odds":"5.500","header":"Over"},{"goals":"4.5","odds":"1.150","header":"Under"},{"goals":"4.5, 5.0","odds":"7.000","header":"Over"},{"goals":"4.5, 5.0","odds":"1.100","header":"Under"}],"1st_half_asian_handicap":[{"opp":"0.0, +0.5","odds":"1.800","header":"Home"},{"opp":"0.0, -0.5","odds":"2.000","header":"Away"}],"1st_half_goal_line":[{"goals":"1.0","odds":"1.750","header":"Over"},{"goals":"1.0","odds":"2.050","header":"Under"}],"alternative_1st_half_asian_handicap":[{"opp":"-0.5, -1.0","odds":"6.000","header":"Home"},{"opp":"+0.5, +1.0","odds":"1.125","header":"Away"},{"opp":"-0.5","odds":"4.150","header":"Home"},{"opp":"+0.5","odds":"1.220","header":"Away"},{"opp":"0.0, -0.5","odds":"3.450","header":"Home"},{"opp":"0.0, +0.5","odds":"1.300","header":"Away"},{"opp":"0.0","odds":"2.600","header":"Home"},{"opp":"0.0","odds":"1.475","header":"Away"},{"opp":"+0.5","odds":"1.525","header":"Home"},{"opp":"-0.5","odds":"2.425","header":"Away"},{"opp":"+0.5, +1.0","odds":"1.350","header":"Home"},{"opp":"-0.5, -1.0","odds":"3.100","header":"Away"},{"opp":"+1.0","odds":"1.150","header":"Home"},{"opp":"-1.0","odds":"5.500","header":"Away"},{"opp":"+1.0, +1.5","odds":"1.125","header":"Home"},{"opp":"-1.0, -1.5","odds":"6.000","header":"Away"},{"opp":"+1.5","odds":"1.100","header":"Home"},{"opp":"-1.5","odds":"7.000","header":"Away"}],"alternative_1st_half_goal_line":[{"goals":"0.5, 1.0","odds":"1.500","header":"Over"},{"goals":"0.5, 1.0","odds":"2.500","header":"Under"},{"goals":"1.0, 1.5","odds":"2.200","header":"Over"},{"goals":"1.0, 1.5","odds":"1.650","header":"Under"},{"goals":"1.5","odds":"2.675","header":"Over"},{"goals":"1.5","odds":"1.450","header":"Under"},{"goals":"1.5, 2.0","odds":"3.450","header":"Over"},{"goals":"1.5, 2.0","odds":"1.300","header":"Under"},{"goals":"2.0","odds":"5.500","header":"Over"},{"goals":"2.0","odds":"1.150","header":"Under"},{"goals":"2.0, 2.5","odds":"5.900","header":"Over"},{"goals":"2.0, 2.5","odds":"1.130","header":"Under"},{"goals":"2.5","odds":"6.600","header":"Over"},{"goals":"2.5","odds":"1.110","header":"Under"}],"asian_total_corners":[{"goals":"9.5","odds":"2.000","header":"Over"},{"goals":"9.5","odds":"1.800","header":"Under"}],"1st_half_asian_corners":[{"goals":"4.5","odds":"2.000","header":"Over"},{"goals":"4.5","odds":"1.800","header":"Under"}]}},"corners":{"updated_at":"1532570781","sp":{"corners":[{"opp":"Over 9","odds":"1.91"},{"opp":"Exactly 9","odds":"7.00"},{"opp":"Under 9","odds":"2.30"}],"total_corners":[{"opp":"Under 6","odds":"9.00"},{"opp":"6 - 8","odds":"2.88"},{"opp":"9 - 11","odds":"2.50"},{"opp":"12 - 14","odds":"4.75"},{"opp":"Over 14","odds":"13.00"}],"alternative_corners":[{"goals":"3","odds":"1.01","header":"Over"},{"goals":"3","odds":"29.00","header":"Exactly"},{"goals":"3","odds":"41.00","header":"Under"},{"goals":"4","odds":"1.02","header":"Over"},{"goals":"4","odds":"19.00","header":"Exactly"},{"goals":"4","odds":"26.00","header":"Under"},{"goals":"5","odds":"1.06","header":"Over"},{"goals":"5","odds":"15.00","header":"Exactly"},{"goals":"5","odds":"15.00","header":"Under"},{"goals":"6","odds":"1.14","header":"Over"},{"goals":"6","odds":"10.00","header":"Exactly"},{"goals":"6","odds":"9.00","header":"Under"},{"goals":"7","odds":"1.33","header":"Over"},{"goals":"7","odds":"8.00","header":"Exactly"},{"goals":"7","odds":"5.00","header":"Under"},{"goals":"8","odds":"1.57","header":"Over"},{"goals":"8","odds":"7.00","header":"Exactly"},{"goals":"8","odds":"3.25","header":"Under"},{"goals":"10","odds":"2.62","header":"Over"},{"goals":"10","odds":"7.50","header":"Exactly"},{"goals":"10","odds":"1.80","header":"Under"},{"goals":"11","odds":"3.60","header":"Over"},{"goals":"11","odds":"8.50","header":"Exactly"},{"goals":"11","odds":"1.44","header":"Under"},{"goals":"12","odds":"5.50","header":"Over"},{"goals":"12","odds":"10.00","header":"Exactly"},{"goals":"12","odds":"1.25","header":"Under"},{"goals":"13","odds":"8.50","header":"Over"},{"goals":"13","odds":"12.00","header":"Exactly"},{"goals":"13","odds":"1.14","header":"Under"},{"goals":"14","odds":"13.00","header":"Over"},{"goals":"14","odds":"17.00","header":"Exactly"},{"goals":"14","odds":"1.06","header":"Under"},{"goals":"15","odds":"17.00","header":"Over"},{"goals":"15","odds":"21.00","header":"Exactly"},{"goals":"15","odds":"1.04","header":"Under"},{"goals":"16","odds":"26.00","header":"Over"},{"goals":"16","odds":"26.00","header":"Exactly"},{"goals":"16","odds":"1.02","header":"Under"},{"goals":"17","odds":"34.00","header":"Over"},{"goals":"17","odds":"34.00","header":"Exactly"},{"goals":"17","odds":"1.01","header":"Under"}],"corners_2_way":[{"opp":"Over 9.5","odds":"1.91"},{"opp":"Under 9.5","odds":"1.80"}],"first_half_corners":[{"opp":"4","odds":"2.00","header":"Over"},{"opp":"4","odds":"4.75","header":"Exactly"},{"opp":"4","odds":"2.75","header":"Under"}],"asian_total_corners":[{"goals":"9.5","odds":"2.000","header":"Over"},{"goals":"9.5","odds":"1.800","header":"Under"}],"1st_half_asian_corners":[{"goals":"4.5","odds":"2.000","header":"Over"},{"goals":"4.5","odds":"1.800","header":"Under"}]}},"goals":{"updated_at":"1532570783","sp":{"goals_over_under":[{"goals":"2.5","odds":"1.80","header":"Over"},{"goals":"2.5","odds":"2.00","header":"Under"}],"alternative_total_goals":[{"goals":"0.5","odds":"1.05","header":"Over "},{"goals":"0.5","odds":"12.00","header":"Under"},{"goals":"1.5","odds":"1.25","header":"Over "},{"goals":"1.5","odds":"3.75","header":"Under"},{"goals":"3.5","odds":"2.75","header":"Over "},{"goals":"3.5","odds":"1.40","header":"Under"},{"goals":"4.5","odds":"5.50","header":"Over "},{"goals":"4.5","odds":"1.14","header":"Under"},{"goals":"5.5","odds":"11.00","header":"Over "},{"goals":"5.5","odds":"1.05","header":"Under"},{"goals":"6.5","odds":"23.00","header":"Over "},{"goals":"6.5","odds":"1.01","header":"Under"}],"result_total_goals":[{"opp":"Ukraine U19 & Over 2.5","odds":"6.00"},{"opp":"Ukraine U19 & Under 2.5","odds":"8.50"},{"opp":"Draw & Over 2.5","odds":"12.00"},{"opp":"Draw & Under  2.5","odds":"4.75"},{"opp":"Portugal U19 & Over 2.5","odds":"2.75"},{"opp":"Portugal U19 & Under 2.5","odds":"4.75"}],"total_goals_both_teams_to_score":[{"opp":"Over 2.5 & Yes","odds":"2.10"},{"opp":"Over 2.5 & No","odds":"8.50"},{"opp":"Under 2.5 & Yes","odds":"7.00"},{"opp":"Under 2.5 & No","odds":"2.60"}],"exact_total_goals":[{"opp":"0 Goals","odds":"12.00"},{"opp":"1 Goal","odds":"5.50"},{"opp":"2 Goals","odds":"3.75"},{"opp":"3 Goals","odds":"4.00"},{"opp":"4 Goals","odds":"5.50"},{"opp":"5 Goals","odds":"9.50"},{"opp":"6 Goals","odds":"19.00"},{"opp":"7+ Goals","odds":"23.00"}],"number_of_goals_in_match":[{"opp":"Under 2 goals","odds":"3.75"},{"opp":"2 or 3 goals","odds":"2.00"},{"opp":"Over 3 goals","odds":"2.75"}],"both_teams_to_score":[{"opp":"Yes","odds":"1.67"},{"opp":"No","odds":"2.10"}],"teams_to_score":[{"opp":"Both Teams","odds":"1.67"},{"opp":"Ukraine U19 Only","odds":"7.00"},{"opp":"No Goal","odds":"12.00"},{"opp":"Portugal U19 Only","odds":"3.25"}],"both_teams_to_score_in_1st_half":[{"opp":"Yes","odds":"4.33"},{"opp":"No","odds":"1.20"}],"both_teams_to_score_in_2nd_half":[{"opp":"Yes","odds":"3.25"},{"opp":"No","odds":"1.33"}],"both_teams_to_score_1st_half_2nd_half":[{"opp":"Yes \/ Yes","odds":"13.00"},{"opp":"Yes \/ No","odds":"6.00"},{"opp":"No \/ Yes","odds":"3.75"},{"opp":"No \/ No","odds":"1.62"}],"first_half_goals":[{"goals":"0.5","odds":"1.36","header":"Over"},{"goals":"0.5","odds":"3.00","header":"Under"},{"goals":"1.5","odds":"2.62","header":"Over"},{"goals":"1.5","odds":"1.44","header":"Under"},{"goals":"2.5","odds":"7.00","header":"Over"},{"goals":"2.5","odds":"1.10","header":"Under"},{"goals":"3.5","odds":"19.00","header":"Over"},{"goals":"3.5","odds":"1.02","header":"Under"}],"exact_1st_half_goals":[{"opp":"0 Goals","odds":"3.00"},{"opp":"1 Goal","odds":"2.60"},{"opp":"2 Goals","odds":"4.00"},{"opp":"3 Goals","odds":"9.00"},{"opp":"4 Goals","odds":"26.00"},{"opp":"5+ Goals","odds":"51.00"}],"total_goal_minutes":[{"opp":"Over 150 minutes","odds":"2.20"},{"opp":"130 To 150 minutes inc.","odds":"8.50"},{"opp":"Under 130 minutes","odds":"1.83"}],"first_team_to_score":[{"opp":"Ukraine U19","odds":"2.60"},{"opp":"No Goals","odds":"12.00"},{"opp":"Portugal U19","odds":"1.57"}],"early_goal":[{"opp":"Goal before 28:00","odds":"1.83"},{"opp":"No Goal before 28:00","odds":"1.83"}],"late_goal":[{"opp":"Goal after 74:59","odds":"1.83"},{"opp":"No Goal after 74:59","odds":"1.83"}],"time_of_first_goal_brackets":[{"opp":"1-10","odds":"4.33"},{"opp":"11-20","odds":"4.75"},{"opp":"21-30","odds":"6.00"},{"opp":"31-40","odds":"7.00"},{"opp":"41-50","odds":"8.00"},{"opp":"51-60","odds":"13.00"},{"opp":"61-70","odds":"17.00"},{"opp":"71-80","odds":"21.00"},{"opp":"81 - Full Time","odds":"21.00"},{"opp":"No Goal","odds":"12.00"}],"2nd_half_goals":[{"goals":"0.5","odds":"1.20","header":"Over"},{"goals":"0.5","odds":"4.33","header":"Under"},{"goals":"1.5","odds":"1.91","header":"Over"},{"goals":"1.5","odds":"1.80","header":"Under"},{"goals":"2.5","odds":"4.00","header":"Over"},{"goals":"2.5","odds":"1.22","header":"Under"},{"goals":"3.5","odds":"10.00","header":"Over"},{"goals":"3.5","odds":"1.06","header":"Under"},{"goals":"4.5","odds":"26.00","header":"Over"},{"goals":"4.5","odds":"1.01","header":"Under"}],"exact_2nd_half_goals":[{"opp":"0 Goals","odds":"4.33"},{"opp":"1 Goal","odds":"2.88"},{"opp":"2 Goals","odds":"3.50"},{"opp":"3 Goals","odds":"6.50"},{"opp":"4 Goals","odds":"15.00"},{"opp":"5+ Goals","odds":"26.00"}],"half_with_most_goals":[{"opp":"1st Half","odds":"3.10"},{"opp":"2nd Half","odds":"2.00"},{"opp":"Tie","odds":"3.60"}],"home_team_highest_scoring_half":[{"opp":"Ukraine U19 - 1st Half","odds":"3.75"},{"opp":"Ukraine U19 - 2nd Half","odds":"2.75"},{"opp":"Ukraine U19 - Tie","odds":"2.10"}],"away_team_highest_scoring_half":[{"opp":"Portugal U19 - 1st Half","odds":"3.25"},{"opp":"Portugal U19 - 2nd Half","odds":"2.30"},{"opp":"Portugal U19 - Tie","odds":"2.62"}],"home_team_exact_goals":[{"opp":"Ukraine U19 - 0 Goals","odds":"2.75"},{"opp":"Ukraine U19 - 1 Goal","odds":"2.50"},{"opp":"Ukraine U19 - 2 Goals","odds":"4.33"},{"opp":"Ukraine U19 - 3+ Goals","odds":"8.00"}],"away_team_exact_goals":[{"opp":"Portugal U19 - 0 Goals","odds":"5.00"},{"opp":"Portugal U19 - 1 Goal","odds":"2.88"},{"opp":"Portugal U19 - 2 Goals","odds":"3.40"},{"opp":"Portugal U19 - 3+ Goals","odds":"3.75"}],"time_of_1st_team_goal":[{"opp":"Ukraine U19 - Goal before 64:00","odds":"1.83"},{"opp":"Ukraine U19 - No Goal before 64:00","odds":"1.83"},{"opp":"Portugal U19 - Goal before 43:00","odds":"1.83"},{"opp":"Portugal U19 - No Goal before 43:00","odds":"1.83"}],"goals_odd_even":[{"opp":"Even","odds":"1.90"},{"opp":"Odd","odds":"1.95"}],"home_team_odd_even_goals":[{"opp":"Ukraine U19 - Even","odds":"1.67"},{"opp":"Ukraine U19 - Odd","odds":"2.10"}],"away_team_odd_even_goals":[{"opp":"Portugal U19 - Even","odds":"1.80"},{"opp":"Portugal U19 - Odd","odds":"1.91"}],"1st_half_goals_odd_even":[{"opp":"Odd","odds":"2.10"},{"opp":"Even","odds":"1.73"}],"last_team_to_score":[{"opp":"Ukraine U19","odds":"2.60"},{"opp":"No Goal","odds":"12.00"},{"opp":"Portugal U19","odds":"1.57"}],"first_10_minutes_(00:00_09:59)":[{"name":"Goals","handicap":"0.5","odds":"4.33","header":"Over"},{"name":"Goals","handicap":"0.5","odds":"1.20","header":"Under"}]}},"half":{"updated_at":"1532570805","sp":{"half_time_result":[{"opp":"1","odds":"4.33"},{"opp":"X","odds":"2.25"},{"opp":"2","odds":"2.50"}],"half_time_double_chance":[{"opp":"1X","odds":"1.50"},{"opp":"X2","odds":"1.20"},{"opp":"12","odds":"1.57"}],"half_time_result_both_teams_to_score":[{"opp":"Ukraine U19 & Yes","odds":"23.00"},{"opp":"Ukraine U19 & No","odds":"4.75"},{"opp":"Draw & Yes","odds":"7.50"},{"opp":"Draw & No","odds":"3.00"},{"opp":"Portugal U19 & Yes","odds":"15.00"},{"opp":"Portugal U19 & No","odds":"2.75"}],"half_time_result_total_goals":[{"opp":"Ukraine U19 & Over 1.5","odds":"12.00"},{"opp":"Ukraine U19 & Under 1.5","odds":"6.00"},{"opp":"Draw & Over 1.5","odds":"7.50"},{"opp":"Draw & Under 1.5","odds":"3.00"},{"opp":"Portugal U19 & Over 1.5","odds":"5.50"},{"opp":"Portugal U19 & Under 1.5","odds":"4.00"}],"half_time_correct_score":[{"opp":"1-0","odds":"6.00","header":"Home"},{"opp":"0-0","odds":"3.00","header":"X"},{"opp":"1-0","odds":"4.00","header":"Away"},{"opp":"2-0","odds":"21.00","header":"Home"},{"opp":"1-1","odds":"7.50","header":"X"},{"opp":"2-0","odds":"9.50","header":"Away"},{"opp":"2-1","odds":"29.00","header":"Home"},{"opp":"2-2","odds":"51.00","header":"X"},{"opp":"2-1","odds":"19.00","header":"Away"},{"opp":"3-0","odds":"67.00","header":"Home"},{"opp":"3-0","odds":"34.00","header":"Away"},{"opp":"3-1","odds":"81.00","header":"Home"},{"opp":"3-1","odds":"51.00","header":"Away"},{"opp":"3-2","odds":"201.00","header":"Home"},{"opp":"3-2","odds":"151.00","header":"Away"},{"opp":"4-0","odds":"101.00","header":"Away"},{"opp":"4-1","odds":"151.00","header":"Away"}],"both_teams_to_score_in_1st_half":[{"opp":"Yes","odds":"4.33"},{"opp":"No","odds":"1.20"}],"both_teams_to_score_in_2nd_half":[{"opp":"Yes","odds":"3.25"},{"opp":"No","odds":"1.33"}],"both_teams_to_score_1st_half_2nd_half":[{"opp":"Yes \/ Yes","odds":"13.00"},{"opp":"Yes \/ No","odds":"6.00"},{"opp":"No \/ Yes","odds":"3.75"},{"opp":"No \/ No","odds":"1.62"}],"1st_half_asian_handicap":[{"opp":"0.0, +0.5","odds":"1.800","header":"Home"},{"opp":"0.0, -0.5","odds":"2.000","header":"Away"}],"1st_half_goal_line":[{"goals":"1.0","odds":"1.750","header":"Over"},{"goals":"1.0","odds":"2.050","header":"Under"}],"alternative_1st_half_asian_handicap":[{"opp":"-0.5, -1.0","odds":"6.000","header":"Home"},{"opp":"+0.5, +1.0","odds":"1.125","header":"Away"},{"opp":"-0.5","odds":"4.150","header":"Home"},{"opp":"+0.5","odds":"1.220","header":"Away"},{"opp":"0.0, -0.5","odds":"3.450","header":"Home"},{"opp":"0.0, +0.5","odds":"1.300","header":"Away"},{"opp":"0.0","odds":"2.600","header":"Home"},{"opp":"0.0","odds":"1.475","header":"Away"},{"opp":"+0.5","odds":"1.525","header":"Home"},{"opp":"-0.5","odds":"2.425","header":"Away"},{"opp":"+0.5, +1.0","odds":"1.350","header":"Home"},{"opp":"-0.5, -1.0","odds":"3.100","header":"Away"},{"opp":"+1.0","odds":"1.150","header":"Home"},{"opp":"-1.0","odds":"5.500","header":"Away"},{"opp":"+1.0, +1.5","odds":"1.125","header":"Home"},{"opp":"-1.0, -1.5","odds":"6.000","header":"Away"},{"opp":"+1.5","odds":"1.100","header":"Home"},{"opp":"-1.5","odds":"7.000","header":"Away"}],"alternative_1st_half_goal_line":[{"goals":"0.5, 1.0","odds":"1.500","header":"Over"},{"goals":"0.5, 1.0","odds":"2.500","header":"Under"},{"goals":"1.0, 1.5","odds":"2.200","header":"Over"},{"goals":"1.0, 1.5","odds":"1.650","header":"Under"},{"goals":"1.5","odds":"2.675","header":"Over"},{"goals":"1.5","odds":"1.450","header":"Under"},{"goals":"1.5, 2.0","odds":"3.450","header":"Over"},{"goals":"1.5, 2.0","odds":"1.300","header":"Under"},{"goals":"2.0","odds":"5.500","header":"Over"},{"goals":"2.0","odds":"1.150","header":"Under"},{"goals":"2.0, 2.5","odds":"5.900","header":"Over"},{"goals":"2.0, 2.5","odds":"1.130","header":"Under"},{"goals":"2.5","odds":"6.600","header":"Over"},{"goals":"2.5","odds":"1.110","header":"Under"}],"1st_half_handicap":[{"opp":"Ukraine U19  +1.0","odds":"1.50"},{"opp":"Tie - Portugal U19 -1.0","odds":"3.25"},{"opp":"Portugal U19  -1.0","odds":"7.00"}],"alternative_1st_half_handicap_result":[{"opp":"-1.0","odds":"15.00","header":"Home"},{"opp":"+1.0","odds":"5.00","header":"Tie"},{"opp":"+1.0","odds":"1.20","header":"Away"},{"opp":"+2.0","odds":"1.08","header":"Home"},{"opp":"-2.0","odds":"8.00","header":"Tie"},{"opp":"-2.0","odds":"19.00","header":"Away"}],"first_half_goals":[{"goals":"0.5","odds":"1.36","header":"Over"},{"goals":"0.5","odds":"3.00","header":"Under"},{"goals":"1.5","odds":"2.62","header":"Over"},{"goals":"1.5","odds":"1.44","header":"Under"},{"goals":"2.5","odds":"7.00","header":"Over"},{"goals":"2.5","odds":"1.10","header":"Under"},{"goals":"3.5","odds":"19.00","header":"Over"},{"goals":"3.5","odds":"1.02","header":"Under"}],"exact_1st_half_goals":[{"opp":"0 Goals","odds":"3.00"},{"opp":"1 Goal","odds":"2.60"},{"opp":"2 Goals","odds":"4.00"},{"opp":"3 Goals","odds":"9.00"},{"opp":"4 Goals","odds":"26.00"},{"opp":"5+ Goals","odds":"51.00"}],"first_half_corners":[{"opp":"4","odds":"2.00","header":"Over"},{"opp":"4","odds":"4.75","header":"Exactly"},{"opp":"4","odds":"2.75","header":"Under"}],"1st_half_asian_corners":[{"goals":"4.5","odds":"2.000","header":"Over"},{"goals":"4.5","odds":"1.800","header":"Under"}],"1st_half_goals_odd_even":[{"opp":"Odd","odds":"2.10"},{"opp":"Even","odds":"1.73"}],"to_score_in_half":[{"name":"1st Half","odds":"2.50","header":"Yes"},{"name":"1st Half","odds":"1.50","header":"No"},{"name":"2nd Half","odds":"2.00","header":"Yes"},{"name":"2nd Half","odds":"1.73","header":"No"},{"name":"1st Half","odds":"1.80","header":"Yes"},{"name":"1st Half","odds":"1.91","header":"No"},{"name":"2nd Half","odds":"1.53","header":"Yes"},{"name":"2nd Half","odds":"2.38","header":"No"}],"half_with_most_goals":[{"opp":"1st Half","odds":"3.10"},{"opp":"2nd Half","odds":"2.00"},{"opp":"Tie","odds":"3.60"}],"home_team_highest_scoring_half":[{"opp":"Ukraine U19 - 1st Half","odds":"3.75"},{"opp":"Ukraine U19 - 2nd Half","odds":"2.75"},{"opp":"Ukraine U19 - Tie","odds":"2.10"}],"away_team_highest_scoring_half":[{"opp":"Portugal U19 - 1st Half","odds":"3.25"},{"opp":"Portugal U19 - 2nd Half","odds":"2.30"},{"opp":"Portugal U19 - Tie","odds":"2.62"}],"2nd_half_result":[{"opp":"1","odds":"3.75"},{"opp":"X","odds":"2.60"},{"opp":"2","odds":"2.20"}],"2nd_half_goals":[{"goals":"0.5","odds":"1.20","header":"Over"},{"goals":"0.5","odds":"4.33","header":"Under"},{"goals":"1.5","odds":"1.91","header":"Over"},{"goals":"1.5","odds":"1.80","header":"Under"},{"goals":"2.5","odds":"4.00","header":"Over"},{"goals":"2.5","odds":"1.22","header":"Under"},{"goals":"3.5","odds":"10.00","header":"Over"},{"goals":"3.5","odds":"1.06","header":"Under"},{"goals":"4.5","odds":"26.00","header":"Over"},{"goals":"4.5","odds":"1.01","header":"Under"}],"exact_2nd_half_goals":[{"opp":"0 Goals","odds":"4.33"},{"opp":"1 Goal","odds":"2.88"},{"opp":"2 Goals","odds":"3.50"},{"opp":"3 Goals","odds":"6.50"},{"opp":"4 Goals","odds":"15.00"},{"opp":"5+ Goals","odds":"26.00"}],"2nd_half_goals_odd_even":[{"opp":"Even","odds":"1.80"},{"opp":"Odd","odds":"1.91"}]}},"main":{"updated_at":"1532570484","sp":{"full_time_result":[{"opp":"1","odds":"3.75"},{"opp":"X","odds":"3.50"},{"opp":"2","odds":"1.83"}],"double_chance":[{"opp":"1X","odds":"1.83"},{"opp":"X2","odds":"1.25"},{"opp":"12","odds":"1.29"}],"correct_score":[{"opp":"1-0","odds":"13.00","header":"Home"},{"opp":"0-0","odds":"12.00","header":"X"},{"opp":"1-0","odds":"8.00","header":"Away"},{"opp":"2-0","odds":"21.00","header":"Home"},{"opp":"1-1","odds":"7.00","header":"X"},{"opp":"2-0","odds":"9.50","header":"Away"},{"opp":"2-1","odds":"13.00","header":"Home"},{"opp":"2-2","odds":"13.00","header":"X"},{"opp":"2-1","odds":"8.50","header":"Away"},{"opp":"3-0","odds":"41.00","header":"Home"},{"opp":"3-3","odds":"41.00","header":"X"},{"opp":"3-0","odds":"15.00","header":"Away"},{"opp":"3-1","odds":"29.00","header":"Home"},{"opp":"4-4","odds":"201.00","header":"X"},{"opp":"3-1","odds":"15.00","header":"Away"},{"opp":"3-2","odds":"34.00","header":"Home"},{"opp":"3-2","odds":"23.00","header":"Away"},{"opp":"4-0","odds":"101.00","header":"Home"},{"opp":"4-0","odds":"34.00","header":"Away"},{"opp":"4-1","odds":"67.00","header":"Home"},{"opp":"4-1","odds":"29.00","header":"Away"},{"opp":"4-2","odds":"81.00","header":"Home"},{"opp":"4-2","odds":"41.00","header":"Away"},{"opp":"4-3","odds":"126.00","header":"Home"},{"opp":"4-3","odds":"81.00","header":"Away"},{"opp":"5-0","odds":"351.00","header":"Home"},{"opp":"5-0","odds":"67.00","header":"Away"},{"opp":"5-1","odds":"201.00","header":"Home"},{"opp":"5-1","odds":"51.00","header":"Away"},{"opp":"5-2","odds":"251.00","header":"Home"},{"opp":"5-2","odds":"81.00","header":"Away"},{"opp":"5-3","odds":"201.00","header":"Away"},{"opp":"6-0","odds":"151.00","header":"Away"},{"opp":"6-1","odds":"151.00","header":"Away"},{"opp":"6-2","odds":"251.00","header":"Away"}],"half_time_full_time":[{"opp":"Ukraine U19 - Ukraine U19","odds":"6.50"},{"opp":"Ukraine U19 - Draw","odds":"15.00"},{"opp":"Ukraine U19 - Portugal U19","odds":"21.00"},{"opp":"Draw - Ukraine U19","odds":"9.00"},{"opp":"Draw - Draw","odds":"6.00"},{"opp":"Draw - Portugal U19","odds":"4.75"},{"opp":"Portugal U19 - Ukraine U19","odds":"34.00"},{"opp":"Portugal U19 - Draw","odds":"15.00"},{"opp":"Portugal U19 - Portugal U19","odds":"2.88"}],"goals_over_under":[{"goals":"2.5","odds":"1.80","header":"Over"},{"goals":"2.5","odds":"2.00","header":"Under"}],"both_teams_to_score":[{"opp":"Yes","odds":"1.67"},{"opp":"No","odds":"2.10"}],"asian_handicap":[{"opp":"+0.5","odds":"2.000","header":"Home"},{"opp":"-0.5","odds":"1.850","header":"Away"}],"goal_line":[{"goals":"2.5, 3.0","odds":"2.025","header":"Over"},{"goals":"2.5, 3.0","odds":"1.825","header":"Under"}],"alternative_asian_handicap":[{"opp":"-0.5, -1.0","odds":"5.250","header":"Home"},{"opp":"+0.5, +1.0","odds":"1.160","header":"Away"},{"opp":"-0.5","odds":"3.800","header":"Home"},{"opp":"+0.5","odds":"1.250","header":"Away"},{"opp":"0.0, -0.5","odds":"3.450","header":"Home"},{"opp":"0.0, +0.5","odds":"1.300","header":"Away"},{"opp":"0.0","odds":"3.000","header":"Home"},{"opp":"0.0","odds":"1.375","header":"Away"},{"opp":"0.0, +0.5","odds":"2.300","header":"Home"},{"opp":"0.0, -0.5","odds":"1.600","header":"Away"},{"opp":"+0.5, +1.0","odds":"1.725","header":"Home"},{"opp":"-0.5, -1.0","odds":"2.075","header":"Away"},{"opp":"+1.0","odds":"1.525","header":"Home"},{"opp":"-1.0","odds":"2.425","header":"Away"},{"opp":"+1.0, +1.5","odds":"1.400","header":"Home"},{"opp":"-1.0, -1.5","odds":"2.850","header":"Away"},{"opp":"+1.5","odds":"1.350","header":"Home"},{"opp":"-1.5","odds":"3.100","header":"Away"},{"opp":"+1.5, +2.0","odds":"1.240","header":"Home"},{"opp":"-1.5, -2.0","odds":"3.900","header":"Away"},{"opp":"+2.0","odds":"1.140","header":"Home"},{"opp":"-2.0","odds":"5.750","header":"Away"},{"opp":"+2.0, +2.5","odds":"1.125","header":"Home"},{"opp":"-2.0, -2.5","odds":"6.000","header":"Away"},{"opp":"+2.5","odds":"1.110","header":"Home"},{"opp":"-2.5","odds":"6.600","header":"Away"}],"alternative_goal_line":[{"goals":"1.0, 1.5","odds":"1.150","header":"Over"},{"goals":"1.0, 1.5","odds":"5.500","header":"Under"},{"goals":"1.5","odds":"1.250","header":"Over"},{"goals":"1.5","odds":"3.800","header":"Under"},{"goals":"1.5, 2.0","odds":"1.300","header":"Over"},{"goals":"1.5, 2.0","odds":"3.450","header":"Under"},{"goals":"2.0","odds":"1.375","header":"Over"},{"goals":"2.0","odds":"3.000","header":"Under"},{"goals":"2.0, 2.5","odds":"1.575","header":"Over"},{"goals":"2.0, 2.5","odds":"2.350","header":"Under"},{"goals":"2.5","odds":"1.775","header":"Over"},{"goals":"2.5","odds":"2.025","header":"Under"},{"goals":"3.0","odds":"2.300","header":"Over"},{"goals":"3.0","odds":"1.600","header":"Under"},{"goals":"3.0, 3.5","odds":"2.600","header":"Over"},{"goals":"3.0, 3.5","odds":"1.475","header":"Under"},{"goals":"3.5","odds":"2.850","header":"Over"},{"goals":"3.5","odds":"1.400","header":"Under"},{"goals":"3.5, 4.0","odds":"3.450","header":"Over"},{"goals":"3.5, 4.0","odds":"1.300","header":"Under"},{"goals":"4.0","odds":"4.650","header":"Over"},{"goals":"4.0","odds":"1.180","header":"Under"},{"goals":"4.0, 4.5","odds":"5.250","header":"Over"},{"goals":"4.0, 4.5","odds":"1.160","header":"Under"},{"goals":"4.5","odds":"5.500","header":"Over"},{"goals":"4.5","odds":"1.150","header":"Under"},{"goals":"4.5, 5.0","odds":"7.000","header":"Over"},{"goals":"4.5, 5.0","odds":"1.100","header":"Under"}],"draw_no_bet":[{"opp":"Ukraine U19","odds":"2.75"},{"opp":"Portugal U19","odds":"1.40"}],"result_both_teams_to_score":[{"name":"Ukraine U19","odds":"7.00","header":"Yes"},{"name":"Ukraine U19","odds":"7.50","header":"No"},{"name":"Portugal U19","odds":"3.60","header":"Yes"},{"name":"Portugal U19","odds":"3.40","header":"No"},{"name":"Draw","odds":"4.50","header":"Yes"},{"name":"Draw","odds":"12.00","header":"No"}],"handicap_result":[{"opp":"Ukraine U19 (+1)","odds":"1.83"},{"opp":"Tie - (Portugal U19 -1)","odds":"4.00"},{"opp":"Portugal U19 (-1)","odds":"3.20"}],"alternative_handicap_result":[{"opp":"-2.0","odds":"17.00","header":"Home"},{"opp":"+2.0","odds":"10.00","header":"Tie"},{"opp":"+2.0","odds":"1.06","header":"Away"},{"opp":"-1.0","odds":"8.00","header":"Home"},{"opp":"+1.0","odds":"5.50","header":"Tie"},{"opp":"+1.0","odds":"1.25","header":"Away"},{"opp":"+2.0","odds":"1.30","header":"Home"},{"opp":"-2.0","odds":"5.00","header":"Tie"},{"opp":"-2.0","odds":"6.50","header":"Away"},{"opp":"+3.0","odds":"1.08","header":"Home"},{"opp":"-3.0","odds":"9.00","header":"Tie"},{"opp":"-3.0","odds":"13.00","header":"Away"}],"winning_margin":[{"goals":" 1","odds":"5.50","header":"Home"},{"goals":" 1","odds":"4.00","header":"Away"},{"goals":" 2","odds":"10.00","header":"Home"},{"goals":" 2","odds":"5.00","header":"Away"},{"goals":" 3","odds":"34.00","header":"Home"},{"goals":" 3","odds":"9.00","header":"Away"},{"goals":" 4+","odds":"67.00","header":"Home"},{"goals":" 4+","odds":"13.00","header":"Away"},{"goals":"Score Draw","odds":"4.50","header":"Home"},{"goals":"No Goal","odds":"12.00","header":"Home"}]}},"schedule":{"updated_at":"1532570194","sp":{"main":[{"odds":"3.75"},{"odds":"3.50"},{"odds":"1.83"}]}},"specials":{"updated_at":"1532570809","sp":{"specials":[{"name":"To Win From Behind","odds":"15.00","header":"Home"},{"name":"To Win From Behind","odds":"9.00","header":"Away"},{"name":"To Win to Nil","odds":"7.50","header":"Home"},{"name":"To Win to Nil","odds":"3.40","header":"Away"},{"name":"To Win Either Half","odds":"2.25","header":"Home"},{"name":"To Win Either Half","odds":"1.44","header":"Away"},{"name":"To Win Both Halves","odds":"17.00","header":"Home"},{"name":"To Win Both Halves","odds":"5.50","header":"Away"},{"name":"To Score in Both Halves","odds":"5.00","header":"Home"},{"name":"To Score in Both Halves","odds":"2.75","header":"Away"}],"to_score_in_half":[{"name":"1st Half","odds":"2.50","header":"Yes"},{"name":"1st Half","odds":"1.50","header":"No"},{"name":"2nd Half","odds":"2.00","header":"Yes"},{"name":"2nd Half","odds":"1.73","header":"No"},{"name":"1st Half","odds":"1.80","header":"Yes"},{"name":"1st Half","odds":"1.91","header":"No"},{"name":"2nd Half","odds":"1.53","header":"Yes"},{"name":"2nd Half","odds":"2.38","header":"No"}]}}}]}}