{"odd":{"success":1,"results":[{"FI":"75226777","event_id":"825489","asian_lines":{"updated_at":"1532571047","sp":{"asian_handicap":[{"opp":"-1.5","odds":"2.100","header":"Home"},{"opp":"+1.5","odds":"1.775","header":"Away"}],"goal_line":[{"goals":"2.5","odds":"1.975","header":"Over"},{"goals":"2.5","odds":"1.875","header":"Under"}],"alternative_asian_handicap":[{"opp":"-3.0","odds":"6.800","header":"Home"},{"opp":"+3.0","odds":"1.105","header":"Away"},{"opp":"-2.5, -3.0","odds":"4.650","header":"Home"},{"opp":"+2.5, +3.0","odds":"1.180","header":"Away"},{"opp":"-2.5","odds":"3.700","header":"Home"},{"opp":"+2.5","odds":"1.260","header":"Away"},{"opp":"-2.0, -2.5","odds":"3.300","header":"Home"},{"opp":"+2.0, +2.5","odds":"1.325","header":"Away"},{"opp":"-2.0","odds":"3.000","header":"Home"},{"opp":"+2.0","odds":"1.375","header":"Away"},{"opp":"-1.5, -2.0","odds":"2.350","header":"Home"},{"opp":"+1.5, +2.0","odds":"1.575","header":"Away"},{"opp":"-1.0, -1.5","odds":"1.800","header":"Home"},{"opp":"+1.0, +1.5","odds":"2.000","header":"Away"},{"opp":"-1.0","odds":"1.575","header":"Home"},{"opp":"+1.0","odds":"2.350","header":"Away"},{"opp":"-0.5, -1.0","odds":"1.450","header":"Home"},{"opp":"+0.5, +1.0","odds":"2.675","header":"Away"},{"opp":"-0.5","odds":"1.350","header":"Home"},{"opp":"+0.5","odds":"3.100","header":"Away"},{"opp":"0.0, -0.5","odds":"1.230","header":"Home"},{"opp":"0.0, +0.5","odds":"4.000","header":"Away"},{"opp":"0.0","odds":"1.105","header":"Home"},{"opp":"0.0","odds":"6.800","header":"Away"}],"alternative_goal_line":[{"goals":"1.0, 1.5","odds":"1.180","header":"Over"},{"goals":"1.0, 1.5","odds":"4.650","header":"Under"},{"goals":"1.5","odds":"1.300","header":"Over"},{"goals":"1.5","odds":"3.450","header":"Under"},{"goals":"1.5, 2.0","odds":"1.350","header":"Over"},{"goals":"1.5, 2.0","odds":"3.100","header":"Under"},{"goals":"2.0","odds":"1.450","header":"Over"},{"goals":"2.0","odds":"2.675","header":"Under"},{"goals":"2.0, 2.5","odds":"1.700","header":"Over"},{"goals":"2.0, 2.5","odds":"2.100","header":"Under"},{"goals":"2.5, 3.0","odds":"2.200","header":"Over"},{"goals":"2.5, 3.0","odds":"1.650","header":"Under"},{"goals":"3.0","odds":"2.600","header":"Over"},{"goals":"3.0","odds":"1.475","header":"Under"},{"goals":"3.0, 3.5","odds":"3.000","header":"Over"},{"goals":"3.0, 3.5","odds":"1.375","header":"Under"},{"goals":"3.5","odds":"3.300","header":"Over"},{"goals":"3.5","odds":"1.325","header":"Under"},{"goals":"3.5, 4.0","odds":"4.000","header":"Over"},{"goals":"3.5, 4.0","odds":"1.230","header":"Under"},{"goals":"4.0","odds":"5.750","header":"Over"},{"goals":"4.0","odds":"1.140","header":"Under"},{"goals":"4.0, 4.5","odds":"6.000","header":"Over"},{"goals":"4.0, 4.5","odds":"1.125","header":"Under"},{"goals":"4.5","odds":"6.400","header":"Over"},{"goals":"4.5","odds":"1.115","header":"Under"}],"1st_half_asian_handicap":[{"opp":"-0.5","odds":"1.900","header":"Home"},{"opp":"+0.5","odds":"1.900","header":"Away"}],"1st_half_goal_line":[{"goals":"1.0","odds":"1.875","header":"Over"},{"goals":"1.0","odds":"1.925","header":"Under"}],"alternative_1st_half_asian_handicap":[{"opp":"-1.5, -2.0","odds":"6.600","header":"Home"},{"opp":"+1.5, +2.0","odds":"1.110","header":"Away"},{"opp":"-1.5","odds":"4.650","header":"Home"},{"opp":"+1.5","odds":"1.180","header":"Away"},{"opp":"-1.0, -1.5","odds":"4.000","header":"Home"},{"opp":"+1.0, +1.5","odds":"1.230","header":"Away"},{"opp":"-1.0","odds":"3.450","header":"Home"},{"opp":"+1.0","odds":"1.300","header":"Away"},{"opp":"-0.5, -1.0","odds":"2.300","header":"Home"},{"opp":"+0.5, +1.0","odds":"1.600","header":"Away"},{"opp":"0.0, -0.5","odds":"1.525","header":"Home"},{"opp":"0.0, +0.5","odds":"2.425","header":"Away"},{"opp":"0.0","odds":"1.170","header":"Home"},{"opp":"0.0","odds":"5.000","header":"Away"},{"opp":"0.0, +0.5","odds":"1.115","header":"Home"},{"opp":"0.0, -0.5","odds":"6.400","header":"Away"}],"alternative_1st_half_goal_line":[{"goals":"0.5, 1.0","odds":"1.550","header":"Over"},{"goals":"0.5, 1.0","odds":"2.375","header":"Under"},{"goals":"1.0, 1.5","odds":"2.350","header":"Over"},{"goals":"1.0, 1.5","odds":"1.575","header":"Under"},{"goals":"1.5","odds":"2.850","header":"Over"},{"goals":"1.5","odds":"1.400","header":"Under"},{"goals":"1.5, 2.0","odds":"3.700","header":"Over"},{"goals":"1.5, 2.0","odds":"1.260","header":"Under"},{"goals":"2.0","odds":"6.000","header":"Over"},{"goals":"2.0","odds":"1.125","header":"Under"},{"goals":"2.0, 2.5","odds":"6.600","header":"Over"},{"goals":"2.0, 2.5","odds":"1.110","header":"Under"}],"asian_total_corners":[{"goals":"9.0","odds":"1.925","header":"Over"},{"goals":"9.0","odds":"1.875","header":"Under"}],"1st_half_asian_corners":[{"goals":"4.0","odds":"1.725","header":"Over"},{"goals":"4.0","odds":"2.075","header":"Under"}]}},"corners":{"updated_at":"1532570619","sp":{"corners":[{"opp":"Over 9","odds":"2.10"},{"opp":"Exactly 9","odds":"7.00"},{"opp":"Under 9","odds":"2.10"}],"total_corners":[{"opp":"Under 6","odds":"7.00"},{"opp":"6 - 8","odds":"2.75"},{"opp":"9 - 11","odds":"2.62"},{"opp":"12 - 14","odds":"5.00"},{"opp":"Over 14","odds":"15.00"}],"alternative_corners":[{"goals":"3","odds":"1.02","header":"Over"},{"goals":"3","odds":"26.00","header":"Exactly"},{"goals":"3","odds":"41.00","header":"Under"},{"goals":"4","odds":"1.04","header":"Over"},{"goals":"4","odds":"17.00","header":"Exactly"},{"goals":"4","odds":"21.00","header":"Under"},{"goals":"5","odds":"1.08","header":"Over"},{"goals":"5","odds":"13.00","header":"Exactly"},{"goals":"5","odds":"13.00","header":"Under"},{"goals":"6","odds":"1.20","header":"Over"},{"goals":"6","odds":"9.00","header":"Exactly"},{"goals":"6","odds":"7.00","header":"Under"},{"goals":"7","odds":"1.40","header":"Over"},{"goals":"7","odds":"8.00","header":"Exactly"},{"goals":"7","odds":"4.33","header":"Under"},{"goals":"8","odds":"1.67","header":"Over"},{"goals":"8","odds":"7.00","header":"Exactly"},{"goals":"8","odds":"2.88","header":"Under"},{"goals":"10","odds":"2.88","header":"Over"},{"goals":"10","odds":"8.00","header":"Exactly"},{"goals":"10","odds":"1.67","header":"Under"},{"goals":"11","odds":"4.00","header":"Over"},{"goals":"11","odds":"9.00","header":"Exactly"},{"goals":"11","odds":"1.40","header":"Under"},{"goals":"12","odds":"6.00","header":"Over"},{"goals":"12","odds":"11.00","header":"Exactly"},{"goals":"12","odds":"1.22","header":"Under"},{"goals":"13","odds":"9.00","header":"Over"},{"goals":"13","odds":"13.00","header":"Exactly"},{"goals":"13","odds":"1.12","header":"Under"},{"goals":"14","odds":"13.00","header":"Over"},{"goals":"14","odds":"17.00","header":"Exactly"},{"goals":"14","odds":"1.06","header":"Under"},{"goals":"15","odds":"17.00","header":"Over"},{"goals":"15","odds":"21.00","header":"Exactly"},{"goals":"15","odds":"1.04","header":"Under"},{"goals":"16","odds":"26.00","header":"Over"},{"goals":"16","odds":"29.00","header":"Exactly"},{"goals":"16","odds":"1.02","header":"Under"},{"goals":"17","odds":"34.00","header":"Over"},{"goals":"17","odds":"41.00","header":"Exactly"},{"goals":"17","odds":"1.01","header":"Under"}],"corners_2_way":[{"opp":"Over 8.5","odds":"1.67"},{"opp":"Under 8.5","odds":"2.10"}],"first_half_corners":[{"opp":"4","odds":"2.10","header":"Over"},{"opp":"4","odds":"4.75","header":"Exactly"},{"opp":"4","odds":"2.50","header":"Under"}],"asian_total_corners":[{"goals":"9.0","odds":"1.925","header":"Over"},{"goals":"9.0","odds":"1.875","header":"Under"}],"1st_half_asian_corners":[{"goals":"4.0","odds":"1.725","header":"Over"},{"goals":"4.0","odds":"2.075","header":"Under"}]}},"goals":{"updated_at":"1532571076","sp":{"goals_over_under":[{"goals":"2.5","odds":"1.95","header":"Over"},{"goals":"2.5","odds":"1.85","header":"Under"}],"alternative_total_goals":[{"goals":"0.5","odds":"1.07","header":"Over "},{"goals":"0.5","odds":"9.00","header":"Under"},{"goals":"1.5","odds":"1.30","header":"Over "},{"goals":"1.5","odds":"3.40","header":"Under"},{"goals":"3.5","odds":"3.50","header":"Over "},{"goals":"3.5","odds":"1.29","header":"Under"},{"goals":"4.5","odds":"7.00","header":"Over "},{"goals":"4.5","odds":"1.10","header":"Under"},{"goals":"5.5","odds":"15.00","header":"Over "},{"goals":"5.5","odds":"1.03","header":"Under"}],"result_total_goals":[{"opp":"Spartak Moscow & Over 2.5","odds":"2.25"},{"opp":"Spartak Moscow & Under 2.5","odds":"3.00"},{"opp":"Draw & Over 2.5","odds":"23.00"},{"opp":"Draw & Under  2.5","odds":"5.00"},{"opp":"FC Orenburg & Over 2.5","odds":"19.00"},{"opp":"FC Orenburg & Under 2.5","odds":"13.00"}],"total_goals_both_teams_to_score":[{"opp":"Over 2.5 & Yes","odds":"3.00"},{"opp":"Over 2.5 & No","odds":"4.75"},{"opp":"Under 2.5 & Yes","odds":"9.00"},{"opp":"Under 2.5 & No","odds":"2.10"}],"exact_total_goals":[{"opp":"0 Goals","odds":"9.00"},{"opp":"1 Goal","odds":"4.50"},{"opp":"2 Goals","odds":"3.50"},{"opp":"3 Goals","odds":"4.00"},{"opp":"4 Goals","odds":"6.00"},{"opp":"5 Goals","odds":"12.00"},{"opp":"6 Goals","odds":"23.00"},{"opp":"7+ Goals","odds":"29.00"}],"number_of_goals_in_match":[{"opp":"Under 2 goals","odds":"3.40"},{"opp":"2 or 3 goals","odds":"1.95"},{"opp":"Over 3 goals","odds":"3.50"}],"both_teams_to_score":[{"opp":"Yes","odds":"2.38"},{"opp":"No","odds":"1.53"}],"teams_to_score":[{"opp":"Both Teams","odds":"2.38"},{"opp":"Spartak Moscow Only","odds":"1.91"},{"opp":"No Goal","odds":"9.00"},{"opp":"FC Orenburg Only","odds":"13.00"}],"both_teams_to_score_in_1st_half":[{"opp":"Yes","odds":"6.50"},{"opp":"No","odds":"1.11"}],"both_teams_to_score_in_2nd_half":[{"opp":"Yes","odds":"4.50"},{"opp":"No","odds":"1.18"}],"both_teams_to_score_1st_half_2nd_half":[{"opp":"Yes \/ Yes","odds":"26.00"},{"opp":"Yes \/ No","odds":"7.00"},{"opp":"No \/ Yes","odds":"4.75"},{"opp":"No \/ No","odds":"1.33"}],"first_half_goals":[{"goals":"0.5","odds":"1.40","header":"Over"},{"goals":"0.5","odds":"2.75","header":"Under"},{"goals":"1.5","odds":"3.00","header":"Over"},{"goals":"1.5","odds":"1.36","header":"Under"},{"goals":"2.5","odds":"8.00","header":"Over"},{"goals":"2.5","odds":"1.08","header":"Under"},{"goals":"3.5","odds":"23.00","header":"Over"},{"goals":"3.5","odds":"1.01","header":"Under"}],"exact_1st_half_goals":[{"opp":"0 Goals","odds":"2.75"},{"opp":"1 Goal","odds":"2.50"},{"opp":"2 Goals","odds":"4.33"},{"opp":"3 Goals","odds":"11.00"},{"opp":"4 Goals","odds":"34.00"},{"opp":"5+ Goals","odds":"67.00"}],"total_goal_minutes":[{"opp":"Over 140 minutes","odds":"2.20"},{"opp":"120 To 140 minutes inc.","odds":"8.50"},{"opp":"Under 120 minutes","odds":"1.83"}],"first_team_to_score":[{"opp":"Spartak Moscow","odds":"1.25"},{"opp":"No Goals","odds":"9.00"},{"opp":"FC Orenburg","odds":"4.75"}],"early_goal":[{"opp":"Goal before 29:00","odds":"1.83"},{"opp":"No Goal before 29:00","odds":"1.83"}],"late_goal":[{"opp":"Goal after 72:59","odds":"1.83"},{"opp":"No Goal after 72:59","odds":"1.83"}],"time_of_first_goal_brackets":[{"opp":"1-10","odds":"4.33"},{"opp":"11-20","odds":"5.00"},{"opp":"21-30","odds":"6.00"},{"opp":"31-40","odds":"7.00"},{"opp":"41-50","odds":"8.00"},{"opp":"51-60","odds":"13.00"},{"opp":"61-70","odds":"17.00"},{"opp":"71-80","odds":"19.00"},{"opp":"81 - Full Time","odds":"19.00"},{"opp":"No Goal","odds":"9.50"}],"2nd_half_goals":[{"goals":"0.5","odds":"1.25","header":"Over"},{"goals":"0.5","odds":"3.75","header":"Under"},{"goals":"1.5","odds":"2.20","header":"Over"},{"goals":"1.5","odds":"1.62","header":"Under"},{"goals":"2.5","odds":"5.00","header":"Over"},{"goals":"2.5","odds":"1.17","header":"Under"},{"goals":"3.5","odds":"13.00","header":"Over"},{"goals":"3.5","odds":"1.04","header":"Under"}],"exact_2nd_half_goals":[{"opp":"0 Goals","odds":"3.75"},{"opp":"1 Goal","odds":"2.75"},{"opp":"2 Goals","odds":"3.60"},{"opp":"3 Goals","odds":"7.00"},{"opp":"4 Goals","odds":"19.00"},{"opp":"5+ Goals","odds":"29.00"}],"half_with_most_goals":[{"opp":"1st Half","odds":"3.10"},{"opp":"2nd Half","odds":"2.10"},{"opp":"Tie","odds":"3.50"}],"home_team_highest_scoring_half":[{"opp":"Spartak Moscow - 1st Half","odds":"3.10"},{"opp":"Spartak Moscow - 2nd Half","odds":"2.20"},{"opp":"Spartak Moscow - Tie","odds":"2.88"}],"away_team_highest_scoring_half":[{"opp":"FC Orenburg - 1st Half","odds":"5.00"},{"opp":"FC Orenburg - 2nd Half","odds":"3.75"},{"opp":"FC Orenburg - Tie","odds":"1.53"}],"home_team_exact_goals":[{"opp":"Spartak Moscow - 0 Goals","odds":"6.00"},{"opp":"Spartak Moscow - 1 Goal","odds":"3.25"},{"opp":"Spartak Moscow - 2 Goals","odds":"3.25"},{"opp":"Spartak Moscow - 3+ Goals","odds":"2.75"}],"away_team_exact_goals":[{"opp":"FC Orenburg - 0 Goals","odds":"1.67"},{"opp":"FC Orenburg - 1 Goal","odds":"2.62"},{"opp":"FC Orenburg - 2 Goals","odds":"8.50"},{"opp":"FC Orenburg - 3+ Goals","odds":"26.00"}],"time_of_1st_team_goal":[{"opp":"Spartak Moscow - Goal before 37:00","odds":"1.83"},{"opp":"Spartak Moscow - No Goal before 37:00","odds":"1.83"},{"opp":"FC Orenburg - Goal before 79:00","odds":"2.38"},{"opp":"FC Orenburg - No Goal before 79:00","odds":"1.53"}],"goals_odd_even":[{"opp":"Even","odds":"1.90"},{"opp":"Odd","odds":"1.95"}],"home_team_odd_even_goals":[{"opp":"Spartak Moscow - Even","odds":"1.83"},{"opp":"Spartak Moscow - Odd","odds":"1.83"}],"away_team_odd_even_goals":[{"opp":"FC Orenburg - Even","odds":"1.44"},{"opp":"FC Orenburg - Odd","odds":"2.62"}],"1st_half_goals_odd_even":[{"opp":"Odd","odds":"2.10"},{"opp":"Even","odds":"1.73"}],"last_team_to_score":[{"opp":"Spartak Moscow","odds":"1.25"},{"opp":"No Goal","odds":"9.00"},{"opp":"FC Orenburg","odds":"4.75"}],"first_10_minutes_(00:00_09:59)":[{"name":"Goals","handicap":"0.5","odds":"4.33","header":"Over"},{"name":"Goals","handicap":"0.5","odds":"1.20","header":"Under"}]}},"half":{"updated_at":"1532571090","sp":{"half_time_result":[{"opp":"1","odds":"1.91"},{"opp":"X","odds":"2.30"},{"opp":"2","odds":"8.50"}],"half_time_double_chance":[{"opp":"1X","odds":"1.07"},{"opp":"X2","odds":"1.91"},{"opp":"12","odds":"1.62"}],"half_time_result_both_teams_to_score":[{"opp":"Spartak Moscow & Yes","odds":"17.00"},{"opp":"Spartak Moscow & No","odds":"2.00"},{"opp":"Draw & Yes","odds":"10.00"},{"opp":"Draw & No","odds":"2.75"},{"opp":"FC Orenburg & Yes","odds":"51.00"},{"opp":"FC Orenburg & No","odds":"9.00"}],"half_time_result_total_goals":[{"opp":"Spartak Moscow & Over 1.5","odds":"4.00"},{"opp":"Spartak Moscow & Under 1.5","odds":"3.00"},{"opp":"Draw & Over 1.5","odds":"11.00"},{"opp":"Draw & Under 1.5","odds":"2.75"},{"opp":"FC Orenburg & Over 1.5","odds":"34.00"},{"opp":"FC Orenburg & Under 1.5","odds":"9.50"}],"half_time_correct_score":[{"opp":"1-0","odds":"3.00","header":"Home"},{"opp":"0-0","odds":"2.75","header":"X"},{"opp":"1-0","odds":"9.50","header":"Away"},{"opp":"2-0","odds":"6.50","header":"Home"},{"opp":"1-1","odds":"11.00","header":"X"},{"opp":"2-0","odds":"51.00","header":"Away"},{"opp":"2-1","odds":"21.00","header":"Home"},{"opp":"2-2","odds":"81.00","header":"X"},{"opp":"2-1","odds":"51.00","header":"Away"},{"opp":"3-0","odds":"19.00","header":"Home"},{"opp":"3-0","odds":"351.00","header":"Away"},{"opp":"3-1","odds":"51.00","header":"Home"},{"opp":"3-1","odds":"401.00","header":"Away"},{"opp":"3-2","odds":"251.00","header":"Home"},{"opp":"4-0","odds":"51.00","header":"Home"},{"opp":"4-1","odds":"151.00","header":"Home"},{"opp":"5-0","odds":"201.00","header":"Home"}],"both_teams_to_score_in_1st_half":[{"opp":"Yes","odds":"6.50"},{"opp":"No","odds":"1.11"}],"both_teams_to_score_in_2nd_half":[{"opp":"Yes","odds":"4.50"},{"opp":"No","odds":"1.18"}],"both_teams_to_score_1st_half_2nd_half":[{"opp":"Yes \/ Yes","odds":"26.00"},{"opp":"Yes \/ No","odds":"7.00"},{"opp":"No \/ Yes","odds":"4.75"},{"opp":"No \/ No","odds":"1.33"}],"1st_half_asian_handicap":[{"opp":"-0.5","odds":"1.900","header":"Home"},{"opp":"+0.5","odds":"1.900","header":"Away"}],"1st_half_goal_line":[{"goals":"1.0","odds":"1.875","header":"Over"},{"goals":"1.0","odds":"1.925","header":"Under"}],"alternative_1st_half_asian_handicap":[{"opp":"-1.5, -2.0","odds":"6.600","header":"Home"},{"opp":"+1.5, +2.0","odds":"1.110","header":"Away"},{"opp":"-1.5","odds":"4.650","header":"Home"},{"opp":"+1.5","odds":"1.180","header":"Away"},{"opp":"-1.0, -1.5","odds":"4.000","header":"Home"},{"opp":"+1.0, +1.5","odds":"1.230","header":"Away"},{"opp":"-1.0","odds":"3.450","header":"Home"},{"opp":"+1.0","odds":"1.300","header":"Away"},{"opp":"-0.5, -1.0","odds":"2.300","header":"Home"},{"opp":"+0.5, +1.0","odds":"1.600","header":"Away"},{"opp":"0.0, -0.5","odds":"1.525","header":"Home"},{"opp":"0.0, +0.5","odds":"2.425","header":"Away"},{"opp":"0.0","odds":"1.170","header":"Home"},{"opp":"0.0","odds":"5.000","header":"Away"},{"opp":"0.0, +0.5","odds":"1.115","header":"Home"},{"opp":"0.0, -0.5","odds":"6.400","header":"Away"}],"alternative_1st_half_goal_line":[{"goals":"0.5, 1.0","odds":"1.550","header":"Over"},{"goals":"0.5, 1.0","odds":"2.375","header":"Under"},{"goals":"1.0, 1.5","odds":"2.350","header":"Over"},{"goals":"1.0, 1.5","odds":"1.575","header":"Under"},{"goals":"1.5","odds":"2.850","header":"Over"},{"goals":"1.5","odds":"1.400","header":"Under"},{"goals":"1.5, 2.0","odds":"3.700","header":"Over"},{"goals":"1.5, 2.0","odds":"1.260","header":"Under"},{"goals":"2.0","odds":"6.000","header":"Over"},{"goals":"2.0","odds":"1.125","header":"Under"},{"goals":"2.0, 2.5","odds":"6.600","header":"Over"},{"goals":"2.0, 2.5","odds":"1.110","header":"Under"}],"1st_half_handicap":[{"opp":"Spartak Moscow  -1.0","odds":"4.75"},{"opp":"Tie - FC Orenburg +1.0","odds":"2.75"},{"opp":"FC Orenburg  +1.0","odds":"1.91"}],"alternative_1st_half_handicap_result":[{"opp":"-2.0","odds":"13.00","header":"Home"},{"opp":"+2.0","odds":"6.00","header":"Tie"},{"opp":"+2.0","odds":"1.14","header":"Away"},{"opp":"+1.0","odds":"1.07","header":"Home"},{"opp":"-1.0","odds":"9.00","header":"Tie"},{"opp":"-1.0","odds":"29.00","header":"Away"}],"first_half_goals":[{"goals":"0.5","odds":"1.40","header":"Over"},{"goals":"0.5","odds":"2.75","header":"Under"},{"goals":"1.5","odds":"3.00","header":"Over"},{"goals":"1.5","odds":"1.36","header":"Under"},{"goals":"2.5","odds":"8.00","header":"Over"},{"goals":"2.5","odds":"1.08","header":"Under"},{"goals":"3.5","odds":"23.00","header":"Over"},{"goals":"3.5","odds":"1.01","header":"Under"}],"exact_1st_half_goals":[{"opp":"0 Goals","odds":"2.75"},{"opp":"1 Goal","odds":"2.50"},{"opp":"2 Goals","odds":"4.33"},{"opp":"3 Goals","odds":"11.00"},{"opp":"4 Goals","odds":"34.00"},{"opp":"5+ Goals","odds":"67.00"}],"first_half_corners":[{"opp":"4","odds":"2.10","header":"Over"},{"opp":"4","odds":"4.75","header":"Exactly"},{"opp":"4","odds":"2.50","header":"Under"}],"1st_half_asian_corners":[{"goals":"4.0","odds":"1.725","header":"Over"},{"goals":"4.0","odds":"2.075","header":"Under"}],"1st_half_goals_odd_even":[{"opp":"Odd","odds":"2.10"},{"opp":"Even","odds":"1.73"}],"to_score_in_half":[{"name":"1st Half","odds":"1.62","header":"Yes"},{"name":"1st Half","odds":"2.20","header":"No"},{"name":"2nd Half","odds":"1.40","header":"Yes"},{"name":"2nd Half","odds":"2.75","header":"No"},{"name":"1st Half","odds":"4.00","header":"Yes"},{"name":"1st Half","odds":"1.22","header":"No"},{"name":"2nd Half","odds":"3.25","header":"Yes"},{"name":"2nd Half","odds":"1.33","header":"No"}],"half_with_most_goals":[{"opp":"1st Half","odds":"3.10"},{"opp":"2nd Half","odds":"2.10"},{"opp":"Tie","odds":"3.50"}],"home_team_highest_scoring_half":[{"opp":"Spartak Moscow - 1st Half","odds":"3.10"},{"opp":"Spartak Moscow - 2nd Half","odds":"2.20"},{"opp":"Spartak Moscow - Tie","odds":"2.88"}],"away_team_highest_scoring_half":[{"opp":"FC Orenburg - 1st Half","odds":"5.00"},{"opp":"FC Orenburg - 2nd Half","odds":"3.75"},{"opp":"FC Orenburg - Tie","odds":"1.53"}],"2nd_half_result":[{"opp":"1","odds":"1.67"},{"opp":"X","odds":"2.62"},{"opp":"2","odds":"7.50"}],"2nd_half_goals":[{"goals":"0.5","odds":"1.25","header":"Over"},{"goals":"0.5","odds":"3.75","header":"Under"},{"goals":"1.5","odds":"2.20","header":"Over"},{"goals":"1.5","odds":"1.62","header":"Under"},{"goals":"2.5","odds":"5.00","header":"Over"},{"goals":"2.5","odds":"1.17","header":"Under"},{"goals":"3.5","odds":"13.00","header":"Over"},{"goals":"3.5","odds":"1.04","header":"Under"}],"exact_2nd_half_goals":[{"opp":"0 Goals","odds":"3.75"},{"opp":"1 Goal","odds":"2.75"},{"opp":"2 Goals","odds":"3.60"},{"opp":"3 Goals","odds":"7.00"},{"opp":"4 Goals","odds":"19.00"},{"opp":"5+ Goals","odds":"29.00"}],"2nd_half_goals_odd_even":[{"opp":"Even","odds":"1.80"},{"opp":"Odd","odds":"1.91"}]}},"main":{"updated_at":"1532571038","sp":{"full_time_result":[{"opp":"1","odds":"1.36"},{"opp":"X","odds":"4.50"},{"opp":"2","odds":"9.00"}],"double_chance":[{"opp":"1X","odds":"1.07"},{"opp":"X2","odds":"3.20"},{"opp":"12","odds":"1.20"}],"correct_score":[{"opp":"1-0","odds":"5.50","header":"Home"},{"opp":"0-0","odds":"9.00","header":"X"},{"opp":"1-0","odds":"17.00","header":"Away"},{"opp":"2-0","odds":"5.50","header":"Home"},{"opp":"1-1","odds":"9.00","header":"X"},{"opp":"2-0","odds":"41.00","header":"Away"},{"opp":"2-1","odds":"9.00","header":"Home"},{"opp":"2-2","odds":"26.00","header":"X"},{"opp":"2-1","odds":"26.00","header":"Away"},{"opp":"3-0","odds":"8.00","header":"Home"},{"opp":"3-3","odds":"101.00","header":"X"},{"opp":"3-0","odds":"126.00","header":"Away"},{"opp":"3-1","odds":"13.00","header":"Home"},{"opp":"3-1","odds":"81.00","header":"Away"},{"opp":"3-2","odds":"41.00","header":"Home"},{"opp":"3-2","odds":"81.00","header":"Away"},{"opp":"4-0","odds":"15.00","header":"Home"},{"opp":"4-1","odds":"401.00","header":"Away"},{"opp":"4-1","odds":"23.00","header":"Home"},{"opp":"4-2","odds":"401.00","header":"Away"},{"opp":"4-2","odds":"51.00","header":"Home"},{"opp":"4-3","odds":"201.00","header":"Home"},{"opp":"5-0","odds":"34.00","header":"Home"},{"opp":"5-1","odds":"41.00","header":"Home"},{"opp":"5-2","odds":"101.00","header":"Home"},{"opp":"5-3","odds":"451.00","header":"Home"},{"opp":"6-1","odds":"101.00","header":"Home"},{"opp":"6-0","odds":"67.00","header":"Home"},{"opp":"6-2","odds":"251.00","header":"Home"},{"opp":"7-0","odds":"151.00","header":"Home"},{"opp":"7-1","odds":"251.00","header":"Home"}],"half_time_full_time":[{"opp":"Spartak Moscow - Spartak Moscow","odds":"2.00"},{"opp":"Spartak Moscow - Draw","odds":"21.00"},{"opp":"Spartak Moscow - FC Orenburg","odds":"51.00"},{"opp":"Draw - Spartak Moscow","odds":"3.50"},{"opp":"Draw - Draw","odds":"6.00"},{"opp":"Draw - FC Orenburg","odds":"19.00"},{"opp":"FC Orenburg - Spartak Moscow","odds":"23.00"},{"opp":"FC Orenburg - Draw","odds":"21.00"},{"opp":"FC Orenburg - FC Orenburg","odds":"17.00"}],"goals_over_under":[{"goals":"2.5","odds":"1.95","header":"Over"},{"goals":"2.5","odds":"1.85","header":"Under"}],"both_teams_to_score":[{"opp":"Yes","odds":"2.38"},{"opp":"No","odds":"1.53"}],"goalscorers":[{"name":"Quincy Promes","odds":"4.50","header":"First"},{"name":"Quincy Promes","odds":"4.50","header":"Last"},{"name":"Quincy Promes","odds":"2.10","header":"Anytime"},{"name":"da Silva Luiz Adriano","odds":"5.50","header":"First"},{"name":"da Silva Luiz Adriano","odds":"5.50","header":"Last"},{"name":"da Silva Luiz Adriano","odds":"2.50","header":"Anytime"},{"name":"Mendes Ze Luis","odds":"5.50","header":"First"},{"name":"Mendes Ze Luis","odds":"5.50","header":"Last"},{"name":"Mendes Ze Luis","odds":"2.50","header":"Anytime"},{"name":"Ivelin Popov","odds":"6.50","header":"First"},{"name":"Ivelin Popov","odds":"6.50","header":"Last"},{"name":"Ivelin Popov","odds":"2.88","header":"Anytime"},{"name":"Lorenzo Melgarejo","odds":"6.50","header":"First"},{"name":"Lorenzo Melgarejo","odds":"6.50","header":"Last"},{"name":"Lorenzo Melgarejo","odds":"2.88","header":"Anytime"},{"name":"Sofiane Hanni","odds":"6.50","header":"First"},{"name":"Sofiane Hanni","odds":"6.50","header":"Last"},{"name":"Sofiane Hanni","odds":"2.88","header":"Anytime"},{"name":"Neves Pedro Rocha","odds":"7.00","header":"First"},{"name":"Neves Pedro Rocha","odds":"7.00","header":"Last"},{"name":"Neves Pedro Rocha","odds":"3.00","header":"Anytime"},{"name":"Aleksandr Tashaev","odds":"8.00","header":"First"},{"name":"Aleksandr Tashaev","odds":"8.00","header":"Last"},{"name":"Aleksandr Tashaev","odds":"3.40","header":"Anytime"},{"name":"Alexander Samedov","odds":"8.00","header":"First"},{"name":"Alexander Samedov","odds":"8.00","header":"Last"},{"name":"Alexander Samedov","odds":"3.40","header":"Anytime"},{"name":"Denis Glushakov","odds":"9.00","header":"First"},{"name":"Denis Glushakov","odds":"9.00","header":"Last"},{"name":"Denis Glushakov","odds":"3.75","header":"Anytime"},{"name":"Zelimkhan Bakaev","odds":"9.00","header":"First"},{"name":"Zelimkhan Bakaev","odds":"9.00","header":"Last"},{"name":"Zelimkhan Bakaev","odds":"3.75","header":"Anytime"},{"name":"Artem Timofeev","odds":"12.00","header":"First"},{"name":"Artem Timofeev","odds":"12.00","header":"Last"},{"name":"Artem Timofeev","odds":"5.00","header":"Anytime"},{"name":"Dmitri Kombarov","odds":"12.00","header":"First"},{"name":"Dmitri Kombarov","odds":"12.00","header":"Last"},{"name":"Dmitri Kombarov","odds":"5.00","header":"Anytime"},{"name":"Lucas Martins Fernando","odds":"12.00","header":"First"},{"name":"Lucas Martins Fernando","odds":"12.00","header":"Last"},{"name":"Lucas Martins Fernando","odds":"5.00","header":"Anytime"},{"name":"Sergei Eremenko","odds":"12.00","header":"First"},{"name":"Sergei Eremenko","odds":"12.00","header":"Last"},{"name":"Sergei Eremenko","odds":"5.00","header":"Anytime"},{"name":"Roman Zobnin","odds":"15.00","header":"First"},{"name":"Roman Zobnin","odds":"15.00","header":"Last"},{"name":"Roman Zobnin","odds":"6.00","header":"Anytime"},{"name":"Aleksey Sutormin","odds":"17.00","header":"First"},{"name":"Aleksey Sutormin","odds":"17.00","header":"Last"},{"name":"Aleksey Sutormin","odds":"6.50","header":"Anytime"},{"name":"Andrea Chukanov","odds":"17.00","header":"First"},{"name":"Andrea Chukanov","odds":"17.00","header":"Last"},{"name":"Andrea Chukanov","odds":"6.50","header":"Anytime"},{"name":"Andrey Kozlov","odds":"17.00","header":"First"},{"name":"Andrey Kozlov","odds":"17.00","header":"Last"},{"name":"Andrey Kozlov","odds":"6.50","header":"Anytime"},{"name":"Islam Mashukov","odds":"17.00","header":"First"},{"name":"Islam Mashukov","odds":"17.00","header":"Last"},{"name":"Islam Mashukov","odds":"6.50","header":"Anytime"},{"name":"Artem Kulishev","odds":"21.00","header":"First"},{"name":"Artem Kulishev","odds":"21.00","header":"Last"},{"name":"Artem Kulishev","odds":"8.50","header":"Anytime"},{"name":"Marko Petkovic","odds":"23.00","header":"First"},{"name":"Marko Petkovic","odds":"23.00","header":"Last"},{"name":"Marko Petkovic","odds":"9.50","header":"Anytime"},{"name":"Salvatore Bocchetti","odds":"23.00","header":"First"},{"name":"Salvatore Bocchetti","odds":"23.00","header":"Last"},{"name":"Salvatore Bocchetti","odds":"9.50","header":"Anytime"},{"name":"Samuel Gigot","odds":"23.00","header":"First"},{"name":"Samuel Gigot","odds":"23.00","header":"Last"},{"name":"Samuel Gigot","odds":"9.50","header":"Anytime"},{"name":"Artem Popov","odds":"26.00","header":"First"},{"name":"Artem Popov","odds":"26.00","header":"Last"},{"name":"Artem Popov","odds":"11.00","header":"Anytime"},{"name":"Denis Popovic","odds":"26.00","header":"First"},{"name":"Denis Popovic","odds":"26.00","header":"Last"},{"name":"Denis Popovic","odds":"11.00","header":"Anytime"},{"name":"Andrey Eshchenko","odds":"29.00","header":"First"},{"name":"Andrey Eshchenko","odds":"29.00","header":"Last"},{"name":"Andrey Eshchenko","odds":"12.00","header":"Anytime"},{"name":"Georgi Tigiev","odds":"29.00","header":"First"},{"name":"Georgi Tigiev","odds":"29.00","header":"Last"},{"name":"Georgi Tigiev","odds":"12.00","header":"Anytime"},{"name":"Ilya Kutepov","odds":"29.00","header":"First"},{"name":"Ilya Kutepov","odds":"29.00","header":"Last"},{"name":"Ilya Kutepov","odds":"12.00","header":"Anytime"},{"name":"Nikita Malyarov","odds":"29.00","header":"First"},{"name":"Nikita Malyarov","odds":"29.00","header":"Last"},{"name":"Nikita Malyarov","odds":"12.00","header":"Anytime"},{"name":"Grigori Chirkin","odds":"34.00","header":"First"},{"name":"Grigori Chirkin","odds":"34.00","header":"Last"},{"name":"Grigori Chirkin","odds":"15.00","header":"Anytime"},{"name":"Sergey Breev","odds":"34.00","header":"First"},{"name":"Sergey Breev","odds":"34.00","header":"Last"},{"name":"Sergey Breev","odds":"15.00","header":"Anytime"},{"name":"Sergey Terekhov","odds":"34.00","header":"First"},{"name":"Sergey Terekhov","odds":"34.00","header":"Last"},{"name":"Sergey Terekhov","odds":"15.00","header":"Anytime"},{"name":" Ade","odds":"41.00","header":"First"},{"name":" Ade","odds":"41.00","header":"Last"},{"name":" Ade","odds":"17.00","header":"Anytime"},{"name":"Andrey Mironov","odds":"41.00","header":"First"},{"name":"Andrey Mironov","odds":"41.00","header":"Last"},{"name":"Andrey Mironov","odds":"17.00","header":"Anytime"},{"name":"Vadim Afonin","odds":"41.00","header":"First"},{"name":"Vadim Afonin","odds":"41.00","header":"Last"},{"name":"Vadim Afonin","odds":"17.00","header":"Anytime"},{"name":"Vitali Shakhov","odds":"41.00","header":"First"},{"name":"Vitali Shakhov","odds":"41.00","header":"Last"},{"name":"Vitali Shakhov","odds":"17.00","header":"Anytime"},{"name":"Dmitri Andreev","odds":"51.00","header":"First"},{"name":"Dmitri Andreev","odds":"51.00","header":"Last"},{"name":"Dmitri Andreev","odds":"21.00","header":"Anytime"},{"name":"Mikhail Bakaev","odds":"51.00","header":"First"},{"name":"Mikhail Bakaev","odds":"51.00","header":"Last"},{"name":"Mikhail Bakaev","odds":"21.00","header":"Anytime"},{"name":"Silvije Begic","odds":"51.00","header":"First"},{"name":"Silvije Begic","odds":"51.00","header":"Last"},{"name":"Silvije Begic","odds":"21.00","header":"Anytime"},{"name":"Andrey Malykh","odds":"67.00","header":"First"},{"name":"Andrey Malykh","odds":"67.00","header":"Last"},{"name":"Andrey Malykh","odds":"26.00","header":"Anytime"},{"name":"No Goalscorer","odds":"9.00","header":"First"},{"name":"No Goalscorer","odds":"9.00","header":"Last"}],"multi_scorers":[{"name":"Quincy Promes","odds":"6.50","header":"2 or More"},{"name":"Quincy Promes","odds":"23.00","header":"3 or More"},{"name":"da Silva Luiz Adriano","odds":"9.00","header":"2 or More"},{"name":"da Silva Luiz Adriano","odds":"41.00","header":"3 or More"},{"name":"Mendes Ze Luis","odds":"9.00","header":"2 or More"},{"name":"Mendes Ze Luis","odds":"41.00","header":"3 or More"},{"name":"Ivelin Popov","odds":"12.00","header":"2 or More"},{"name":"Ivelin Popov","odds":"51.00","header":"3 or More"},{"name":"Lorenzo Melgarejo","odds":"12.00","header":"2 or More"},{"name":"Lorenzo Melgarejo","odds":"51.00","header":"3 or More"},{"name":"Sofiane Hanni","odds":"12.00","header":"2 or More"},{"name":"Sofiane Hanni","odds":"51.00","header":"3 or More"},{"name":"Neves Pedro Rocha","odds":"13.00","header":"2 or More"},{"name":"Neves Pedro Rocha","odds":"67.00","header":"3 or More"},{"name":"Aleksandr Tashaev","odds":"17.00","header":"2 or More"},{"name":"Aleksandr Tashaev","odds":"101.00","header":"3 or More"},{"name":"Alexander Samedov","odds":"17.00","header":"2 or More"},{"name":"Alexander Samedov","odds":"101.00","header":"3 or More"},{"name":"Denis Glushakov","odds":"21.00","header":"2 or More"},{"name":"Denis Glushakov","odds":"101.00","header":"3 or More"},{"name":"Zelimkhan Bakaev","odds":"21.00","header":"2 or More"},{"name":"Zelimkhan Bakaev","odds":"101.00","header":"3 or More"},{"name":"Artem Timofeev","odds":"34.00","header":"2 or More"},{"name":"Artem Timofeev","odds":"126.00","header":"3 or More"},{"name":"Dmitri Kombarov","odds":"34.00","header":"2 or More"},{"name":"Dmitri Kombarov","odds":"126.00","header":"3 or More"},{"name":"Lucas Martins Fernando","odds":"34.00","header":"2 or More"},{"name":"Lucas Martins Fernando","odds":"126.00","header":"3 or More"},{"name":"Sergei Eremenko","odds":"34.00","header":"2 or More"},{"name":"Sergei Eremenko","odds":"126.00","header":"3 or More"},{"name":"Roman Zobnin","odds":"51.00","header":"2 or More"},{"name":"Roman Zobnin","odds":"151.00","header":"3 or More"},{"name":"Aleksey Sutormin","odds":"67.00","header":"2 or More"},{"name":"Aleksey Sutormin","odds":"201.00","header":"3 or More"},{"name":"Andrea Chukanov","odds":"67.00","header":"2 or More"},{"name":"Andrea Chukanov","odds":"201.00","header":"3 or More"},{"name":"Andrey Kozlov","odds":"67.00","header":"2 or More"},{"name":"Andrey Kozlov","odds":"201.00","header":"3 or More"},{"name":"Islam Mashukov","odds":"67.00","header":"2 or More"},{"name":"Islam Mashukov","odds":"201.00","header":"3 or More"},{"name":"Artem Kulishev","odds":"101.00","header":"2 or More"},{"name":"Artem Kulishev","odds":"351.00","header":"3 or More"},{"name":"Artem Popov","odds":"101.00","header":"2 or More"},{"name":"Artem Popov","odds":"501.00","header":"3 or More"},{"name":"Denis Popovic","odds":"101.00","header":"2 or More"},{"name":"Denis Popovic","odds":"501.00","header":"3 or More"},{"name":"Marko Petkovic","odds":"101.00","header":"2 or More"},{"name":"Marko Petkovic","odds":"501.00","header":"3 or More"},{"name":"Salvatore Bocchetti","odds":"101.00","header":"2 or More"},{"name":"Salvatore Bocchetti","odds":"501.00","header":"3 or More"},{"name":"Samuel Gigot","odds":"101.00","header":"2 or More"},{"name":"Samuel Gigot","odds":"501.00","header":"3 or More"},{"name":"Andrey Eshchenko","odds":"126.00","header":"2 or More"},{"name":"Andrey Eshchenko","odds":"501.00","header":"3 or More"},{"name":"Georgi Tigiev","odds":"126.00","header":"2 or More"},{"name":"Georgi Tigiev","odds":"501.00","header":"3 or More"},{"name":"Grigori Chirkin","odds":"126.00","header":"2 or More"},{"name":"Grigori Chirkin","odds":"501.00","header":"3 or More"},{"name":"Ilya Kutepov","odds":"126.00","header":"2 or More"},{"name":"Ilya Kutepov","odds":"501.00","header":"3 or More"},{"name":"Nikita Malyarov","odds":"126.00","header":"2 or More"},{"name":"Nikita Malyarov","odds":"501.00","header":"3 or More"},{"name":"Sergey Breev","odds":"126.00","header":"2 or More"},{"name":"Sergey Breev","odds":"501.00","header":"3 or More"},{"name":"Sergey Terekhov","odds":"126.00","header":"2 or More"},{"name":"Sergey Terekhov","odds":"501.00","header":"3 or More"},{"name":" Ade","odds":"151.00","header":"2 or More"},{"name":" Ade","odds":"501.00","header":"3 or More"},{"name":"Andrey Mironov","odds":"151.00","header":"2 or More"},{"name":"Andrey Mironov","odds":"501.00","header":"3 or More"},{"name":"Vadim Afonin","odds":"151.00","header":"2 or More"},{"name":"Vadim Afonin","odds":"501.00","header":"3 or More"},{"name":"Vitali Shakhov","odds":"151.00","header":"2 or More"},{"name":"Vitali Shakhov","odds":"501.00","header":"3 or More"},{"name":"Dmitri Andreev","odds":"201.00","header":"2 or More"},{"name":"Dmitri Andreev","odds":"501.00","header":"3 or More"},{"name":"Mikhail Bakaev","odds":"201.00","header":"2 or More"},{"name":"Mikhail Bakaev","odds":"501.00","header":"3 or More"},{"name":"Silvije Begic","odds":"201.00","header":"2 or More"},{"name":"Silvije Begic","odds":"501.00","header":"3 or More"},{"name":"Andrey Malykh","odds":"251.00","header":"2 or More"},{"name":"Andrey Malykh","odds":"501.00","header":"3 or More"}],"asian_handicap":[{"opp":"-1.5","odds":"2.100","header":"Home"},{"opp":"+1.5","odds":"1.775","header":"Away"}],"goal_line":[{"goals":"2.5","odds":"1.975","header":"Over"},{"goals":"2.5","odds":"1.875","header":"Under"}],"alternative_asian_handicap":[{"opp":"-3.0","odds":"6.800","header":"Home"},{"opp":"+3.0","odds":"1.105","header":"Away"},{"opp":"-2.5, -3.0","odds":"4.650","header":"Home"},{"opp":"+2.5, +3.0","odds":"1.180","header":"Away"},{"opp":"-2.5","odds":"3.700","header":"Home"},{"opp":"+2.5","odds":"1.260","header":"Away"},{"opp":"-2.0, -2.5","odds":"3.300","header":"Home"},{"opp":"+2.0, +2.5","odds":"1.325","header":"Away"},{"opp":"-2.0","odds":"3.000","header":"Home"},{"opp":"+2.0","odds":"1.375","header":"Away"},{"opp":"-1.5, -2.0","odds":"2.350","header":"Home"},{"opp":"+1.5, +2.0","odds":"1.575","header":"Away"},{"opp":"-1.0, -1.5","odds":"1.800","header":"Home"},{"opp":"+1.0, +1.5","odds":"2.000","header":"Away"},{"opp":"-1.0","odds":"1.575","header":"Home"},{"opp":"+1.0","odds":"2.350","header":"Away"},{"opp":"-0.5, -1.0","odds":"1.450","header":"Home"},{"opp":"+0.5, +1.0","odds":"2.675","header":"Away"},{"opp":"-0.5","odds":"1.350","header":"Home"},{"opp":"+0.5","odds":"3.100","header":"Away"},{"opp":"0.0, -0.5","odds":"1.230","header":"Home"},{"opp":"0.0, +0.5","odds":"4.000","header":"Away"},{"opp":"0.0","odds":"1.105","header":"Home"},{"opp":"0.0","odds":"6.800","header":"Away"}],"alternative_goal_line":[{"goals":"1.0, 1.5","odds":"1.180","header":"Over"},{"goals":"1.0, 1.5","odds":"4.650","header":"Under"},{"goals":"1.5","odds":"1.300","header":"Over"},{"goals":"1.5","odds":"3.450","header":"Under"},{"goals":"1.5, 2.0","odds":"1.350","header":"Over"},{"goals":"1.5, 2.0","odds":"3.100","header":"Under"},{"goals":"2.0","odds":"1.450","header":"Over"},{"goals":"2.0","odds":"2.675","header":"Under"},{"goals":"2.0, 2.5","odds":"1.700","header":"Over"},{"goals":"2.0, 2.5","odds":"2.100","header":"Under"},{"goals":"2.5, 3.0","odds":"2.200","header":"Over"},{"goals":"2.5, 3.0","odds":"1.650","header":"Under"},{"goals":"3.0","odds":"2.600","header":"Over"},{"goals":"3.0","odds":"1.475","header":"Under"},{"goals":"3.0, 3.5","odds":"3.000","header":"Over"},{"goals":"3.0, 3.5","odds":"1.375","header":"Under"},{"goals":"3.5","odds":"3.300","header":"Over"},{"goals":"3.5","odds":"1.325","header":"Under"},{"goals":"3.5, 4.0","odds":"4.000","header":"Over"},{"goals":"3.5, 4.0","odds":"1.230","header":"Under"},{"goals":"4.0","odds":"5.750","header":"Over"},{"goals":"4.0","odds":"1.140","header":"Under"},{"goals":"4.0, 4.5","odds":"6.000","header":"Over"},{"goals":"4.0, 4.5","odds":"1.125","header":"Under"},{"goals":"4.5","odds":"6.400","header":"Over"},{"goals":"4.5","odds":"1.115","header":"Under"}],"draw_no_bet":[{"opp":"Spartak Moscow","odds":"1.10"},{"opp":"FC Orenburg","odds":"7.00"}],"result_both_teams_to_score":[{"name":"Spartak Moscow","odds":"4.00","header":"Yes"},{"name":"Spartak Moscow","odds":"1.95","header":"No"},{"name":"FC Orenburg","odds":"21.00","header":"Yes"},{"name":"FC Orenburg","odds":"13.00","header":"No"},{"name":"Draw","odds":"7.00","header":"Yes"},{"name":"Draw","odds":"9.00","header":"No"}],"handicap_result":[{"opp":"Spartak Moscow (-1)","odds":"2.00"},{"opp":"Tie - (FC Orenburg +1)","odds":"3.50"},{"opp":"FC Orenburg (+1)","odds":"3.20"}],"alternative_handicap_result":[{"opp":"-3.0","odds":"7.50","header":"Home"},{"opp":"+3.0","odds":"6.00","header":"Tie"},{"opp":"+3.0","odds":"1.22","header":"Away"},{"opp":"-2.0","odds":"3.75","header":"Home"},{"opp":"+2.0","odds":"4.00","header":"Tie"},{"opp":"+2.0","odds":"1.67","header":"Away"},{"opp":"+1.0","odds":"1.07","header":"Home"},{"opp":"-1.0","odds":"9.50","header":"Tie"},{"opp":"-1.0","odds":"19.00","header":"Away"},{"opp":"+2.0","odds":"1.02","header":"Home"},{"opp":"-2.0","odds":"21.00","header":"Tie"},{"opp":"-2.0","odds":"26.00","header":"Away"}],"winning_margin":[{"goals":" 1","odds":"3.50","header":"Home"},{"goals":" 1","odds":"9.50","header":"Away"},{"goals":" 2","odds":"4.00","header":"Home"},{"goals":" 2","odds":"21.00","header":"Away"},{"goals":" 3","odds":"6.00","header":"Home"},{"goals":" 3","odds":"126.00","header":"Away"},{"goals":" 4+","odds":"7.50","header":"Home"},{"goals":" 4+","odds":"501.00","header":"Away"},{"goals":"Score Draw","odds":"7.00","header":"Home"},{"goals":"No Goal","odds":"9.00","header":"Home"}]}},"player":{"updated_at":"1532571107","sp":{"goalscorers":[{"name":"Quincy Promes","odds":"4.50","header":"First"},{"name":"Quincy Promes","odds":"4.50","header":"Last"},{"name":"Quincy Promes","odds":"2.10","header":"Anytime"},{"name":"da Silva Luiz Adriano","odds":"5.50","header":"First"},{"name":"da Silva Luiz Adriano","odds":"5.50","header":"Last"},{"name":"da Silva Luiz Adriano","odds":"2.50","header":"Anytime"},{"name":"Mendes Ze Luis","odds":"5.50","header":"First"},{"name":"Mendes Ze Luis","odds":"5.50","header":"Last"},{"name":"Mendes Ze Luis","odds":"2.50","header":"Anytime"},{"name":"Ivelin Popov","odds":"6.50","header":"First"},{"name":"Ivelin Popov","odds":"6.50","header":"Last"},{"name":"Ivelin Popov","odds":"2.88","header":"Anytime"},{"name":"Lorenzo Melgarejo","odds":"6.50","header":"First"},{"name":"Lorenzo Melgarejo","odds":"6.50","header":"Last"},{"name":"Lorenzo Melgarejo","odds":"2.88","header":"Anytime"},{"name":"Sofiane Hanni","odds":"6.50","header":"First"},{"name":"Sofiane Hanni","odds":"6.50","header":"Last"},{"name":"Sofiane Hanni","odds":"2.88","header":"Anytime"},{"name":"Neves Pedro Rocha","odds":"7.00","header":"First"},{"name":"Neves Pedro Rocha","odds":"7.00","header":"Last"},{"name":"Neves Pedro Rocha","odds":"3.00","header":"Anytime"},{"name":"Aleksandr Tashaev","odds":"8.00","header":"First"},{"name":"Aleksandr Tashaev","odds":"8.00","header":"Last"},{"name":"Aleksandr Tashaev","odds":"3.40","header":"Anytime"},{"name":"Alexander Samedov","odds":"8.00","header":"First"},{"name":"Alexander Samedov","odds":"8.00","header":"Last"},{"name":"Alexander Samedov","odds":"3.40","header":"Anytime"},{"name":"Denis Glushakov","odds":"9.00","header":"First"},{"name":"Denis Glushakov","odds":"9.00","header":"Last"},{"name":"Denis Glushakov","odds":"3.75","header":"Anytime"},{"name":"Zelimkhan Bakaev","odds":"9.00","header":"First"},{"name":"Zelimkhan Bakaev","odds":"9.00","header":"Last"},{"name":"Zelimkhan Bakaev","odds":"3.75","header":"Anytime"},{"name":"Artem Timofeev","odds":"12.00","header":"First"},{"name":"Artem Timofeev","odds":"12.00","header":"Last"},{"name":"Artem Timofeev","odds":"5.00","header":"Anytime"},{"name":"Dmitri Kombarov","odds":"12.00","header":"First"},{"name":"Dmitri Kombarov","odds":"12.00","header":"Last"},{"name":"Dmitri Kombarov","odds":"5.00","header":"Anytime"},{"name":"Lucas Martins Fernando","odds":"12.00","header":"First"},{"name":"Lucas Martins Fernando","odds":"12.00","header":"Last"},{"name":"Lucas Martins Fernando","odds":"5.00","header":"Anytime"},{"name":"Sergei Eremenko","odds":"12.00","header":"First"},{"name":"Sergei Eremenko","odds":"12.00","header":"Last"},{"name":"Sergei Eremenko","odds":"5.00","header":"Anytime"},{"name":"Roman Zobnin","odds":"15.00","header":"First"},{"name":"Roman Zobnin","odds":"15.00","header":"Last"},{"name":"Roman Zobnin","odds":"6.00","header":"Anytime"},{"name":"Aleksey Sutormin","odds":"17.00","header":"First"},{"name":"Aleksey Sutormin","odds":"17.00","header":"Last"},{"name":"Aleksey Sutormin","odds":"6.50","header":"Anytime"},{"name":"Andrea Chukanov","odds":"17.00","header":"First"},{"name":"Andrea Chukanov","odds":"17.00","header":"Last"},{"name":"Andrea Chukanov","odds":"6.50","header":"Anytime"},{"name":"Andrey Kozlov","odds":"17.00","header":"First"},{"name":"Andrey Kozlov","odds":"17.00","header":"Last"},{"name":"Andrey Kozlov","odds":"6.50","header":"Anytime"},{"name":"Islam Mashukov","odds":"17.00","header":"First"},{"name":"Islam Mashukov","odds":"17.00","header":"Last"},{"name":"Islam Mashukov","odds":"6.50","header":"Anytime"},{"name":"Artem Kulishev","odds":"21.00","header":"First"},{"name":"Artem Kulishev","odds":"21.00","header":"Last"},{"name":"Artem Kulishev","odds":"8.50","header":"Anytime"},{"name":"Marko Petkovic","odds":"23.00","header":"First"},{"name":"Marko Petkovic","odds":"23.00","header":"Last"},{"name":"Marko Petkovic","odds":"9.50","header":"Anytime"},{"name":"Salvatore Bocchetti","odds":"23.00","header":"First"},{"name":"Salvatore Bocchetti","odds":"23.00","header":"Last"},{"name":"Salvatore Bocchetti","odds":"9.50","header":"Anytime"},{"name":"Samuel Gigot","odds":"23.00","header":"First"},{"name":"Samuel Gigot","odds":"23.00","header":"Last"},{"name":"Samuel Gigot","odds":"9.50","header":"Anytime"},{"name":"Artem Popov","odds":"26.00","header":"First"},{"name":"Artem Popov","odds":"26.00","header":"Last"},{"name":"Artem Popov","odds":"11.00","header":"Anytime"},{"name":"Denis Popovic","odds":"26.00","header":"First"},{"name":"Denis Popovic","odds":"26.00","header":"Last"},{"name":"Denis Popovic","odds":"11.00","header":"Anytime"},{"name":"Andrey Eshchenko","odds":"29.00","header":"First"},{"name":"Andrey Eshchenko","odds":"29.00","header":"Last"},{"name":"Andrey Eshchenko","odds":"12.00","header":"Anytime"},{"name":"Georgi Tigiev","odds":"29.00","header":"First"},{"name":"Georgi Tigiev","odds":"29.00","header":"Last"},{"name":"Georgi Tigiev","odds":"12.00","header":"Anytime"},{"name":"Ilya Kutepov","odds":"29.00","header":"First"},{"name":"Ilya Kutepov","odds":"29.00","header":"Last"},{"name":"Ilya Kutepov","odds":"12.00","header":"Anytime"},{"name":"Nikita Malyarov","odds":"29.00","header":"First"},{"name":"Nikita Malyarov","odds":"29.00","header":"Last"},{"name":"Nikita Malyarov","odds":"12.00","header":"Anytime"},{"name":"Grigori Chirkin","odds":"34.00","header":"First"},{"name":"Grigori Chirkin","odds":"34.00","header":"Last"},{"name":"Grigori Chirkin","odds":"15.00","header":"Anytime"},{"name":"Sergey Breev","odds":"34.00","header":"First"},{"name":"Sergey Breev","odds":"34.00","header":"Last"},{"name":"Sergey Breev","odds":"15.00","header":"Anytime"},{"name":"Sergey Terekhov","odds":"34.00","header":"First"},{"name":"Sergey Terekhov","odds":"34.00","header":"Last"},{"name":"Sergey Terekhov","odds":"15.00","header":"Anytime"},{"name":" Ade","odds":"41.00","header":"First"},{"name":" Ade","odds":"41.00","header":"Last"},{"name":" Ade","odds":"17.00","header":"Anytime"},{"name":"Andrey Mironov","odds":"41.00","header":"First"},{"name":"Andrey Mironov","odds":"41.00","header":"Last"},{"name":"Andrey Mironov","odds":"17.00","header":"Anytime"},{"name":"Vadim Afonin","odds":"41.00","header":"First"},{"name":"Vadim Afonin","odds":"41.00","header":"Last"},{"name":"Vadim Afonin","odds":"17.00","header":"Anytime"},{"name":"Vitali Shakhov","odds":"41.00","header":"First"},{"name":"Vitali Shakhov","odds":"41.00","header":"Last"},{"name":"Vitali Shakhov","odds":"17.00","header":"Anytime"},{"name":"Dmitri Andreev","odds":"51.00","header":"First"},{"name":"Dmitri Andreev","odds":"51.00","header":"Last"},{"name":"Dmitri Andreev","odds":"21.00","header":"Anytime"},{"name":"Mikhail Bakaev","odds":"51.00","header":"First"},{"name":"Mikhail Bakaev","odds":"51.00","header":"Last"},{"name":"Mikhail Bakaev","odds":"21.00","header":"Anytime"},{"name":"Silvije Begic","odds":"51.00","header":"First"},{"name":"Silvije Begic","odds":"51.00","header":"Last"},{"name":"Silvije Begic","odds":"21.00","header":"Anytime"},{"name":"Andrey Malykh","odds":"67.00","header":"First"},{"name":"Andrey Malykh","odds":"67.00","header":"Last"},{"name":"Andrey Malykh","odds":"26.00","header":"Anytime"},{"name":"No Goalscorer","odds":"9.00","header":"First"},{"name":"No Goalscorer","odds":"9.00","header":"Last"}],"multi_scorers":[{"name":"Quincy Promes","odds":"6.50","header":"2 or More"},{"name":"Quincy Promes","odds":"23.00","header":"3 or More"},{"name":"da Silva Luiz Adriano","odds":"9.00","header":"2 or More"},{"name":"da Silva Luiz Adriano","odds":"41.00","header":"3 or More"},{"name":"Mendes Ze Luis","odds":"9.00","header":"2 or More"},{"name":"Mendes Ze Luis","odds":"41.00","header":"3 or More"},{"name":"Ivelin Popov","odds":"12.00","header":"2 or More"},{"name":"Ivelin Popov","odds":"51.00","header":"3 or More"},{"name":"Lorenzo Melgarejo","odds":"12.00","header":"2 or More"},{"name":"Lorenzo Melgarejo","odds":"51.00","header":"3 or More"},{"name":"Sofiane Hanni","odds":"12.00","header":"2 or More"},{"name":"Sofiane Hanni","odds":"51.00","header":"3 or More"},{"name":"Neves Pedro Rocha","odds":"13.00","header":"2 or More"},{"name":"Neves Pedro Rocha","odds":"67.00","header":"3 or More"},{"name":"Aleksandr Tashaev","odds":"17.00","header":"2 or More"},{"name":"Aleksandr Tashaev","odds":"101.00","header":"3 or More"},{"name":"Alexander Samedov","odds":"17.00","header":"2 or More"},{"name":"Alexander Samedov","odds":"101.00","header":"3 or More"},{"name":"Denis Glushakov","odds":"21.00","header":"2 or More"},{"name":"Denis Glushakov","odds":"101.00","header":"3 or More"},{"name":"Zelimkhan Bakaev","odds":"21.00","header":"2 or More"},{"name":"Zelimkhan Bakaev","odds":"101.00","header":"3 or More"},{"name":"Artem Timofeev","odds":"34.00","header":"2 or More"},{"name":"Artem Timofeev","odds":"126.00","header":"3 or More"},{"name":"Dmitri Kombarov","odds":"34.00","header":"2 or More"},{"name":"Dmitri Kombarov","odds":"126.00","header":"3 or More"},{"name":"Lucas Martins Fernando","odds":"34.00","header":"2 or More"},{"name":"Lucas Martins Fernando","odds":"126.00","header":"3 or More"},{"name":"Sergei Eremenko","odds":"34.00","header":"2 or More"},{"name":"Sergei Eremenko","odds":"126.00","header":"3 or More"},{"name":"Roman Zobnin","odds":"51.00","header":"2 or More"},{"name":"Roman Zobnin","odds":"151.00","header":"3 or More"},{"name":"Aleksey Sutormin","odds":"67.00","header":"2 or More"},{"name":"Aleksey Sutormin","odds":"201.00","header":"3 or More"},{"name":"Andrea Chukanov","odds":"67.00","header":"2 or More"},{"name":"Andrea Chukanov","odds":"201.00","header":"3 or More"},{"name":"Andrey Kozlov","odds":"67.00","header":"2 or More"},{"name":"Andrey Kozlov","odds":"201.00","header":"3 or More"},{"name":"Islam Mashukov","odds":"67.00","header":"2 or More"},{"name":"Islam Mashukov","odds":"201.00","header":"3 or More"},{"name":"Artem Kulishev","odds":"101.00","header":"2 or More"},{"name":"Artem Kulishev","odds":"351.00","header":"3 or More"},{"name":"Artem Popov","odds":"101.00","header":"2 or More"},{"name":"Artem Popov","odds":"501.00","header":"3 or More"},{"name":"Denis Popovic","odds":"101.00","header":"2 or More"},{"name":"Denis Popovic","odds":"501.00","header":"3 or More"},{"name":"Marko Petkovic","odds":"101.00","header":"2 or More"},{"name":"Marko Petkovic","odds":"501.00","header":"3 or More"},{"name":"Salvatore Bocchetti","odds":"101.00","header":"2 or More"},{"name":"Salvatore Bocchetti","odds":"501.00","header":"3 or More"},{"name":"Samuel Gigot","odds":"101.00","header":"2 or More"},{"name":"Samuel Gigot","odds":"501.00","header":"3 or More"},{"name":"Andrey Eshchenko","odds":"126.00","header":"2 or More"},{"name":"Andrey Eshchenko","odds":"501.00","header":"3 or More"},{"name":"Georgi Tigiev","odds":"126.00","header":"2 or More"},{"name":"Georgi Tigiev","odds":"501.00","header":"3 or More"},{"name":"Grigori Chirkin","odds":"126.00","header":"2 or More"},{"name":"Grigori Chirkin","odds":"501.00","header":"3 or More"},{"name":"Ilya Kutepov","odds":"126.00","header":"2 or More"},{"name":"Ilya Kutepov","odds":"501.00","header":"3 or More"},{"name":"Nikita Malyarov","odds":"126.00","header":"2 or More"},{"name":"Nikita Malyarov","odds":"501.00","header":"3 or More"},{"name":"Sergey Breev","odds":"126.00","header":"2 or More"},{"name":"Sergey Breev","odds":"501.00","header":"3 or More"},{"name":"Sergey Terekhov","odds":"126.00","header":"2 or More"},{"name":"Sergey Terekhov","odds":"501.00","header":"3 or More"},{"name":" Ade","odds":"151.00","header":"2 or More"},{"name":" Ade","odds":"501.00","header":"3 or More"},{"name":"Andrey Mironov","odds":"151.00","header":"2 or More"},{"name":"Andrey Mironov","odds":"501.00","header":"3 or More"},{"name":"Vadim Afonin","odds":"151.00","header":"2 or More"},{"name":"Vadim Afonin","odds":"501.00","header":"3 or More"},{"name":"Vitali Shakhov","odds":"151.00","header":"2 or More"},{"name":"Vitali Shakhov","odds":"501.00","header":"3 or More"},{"name":"Dmitri Andreev","odds":"201.00","header":"2 or More"},{"name":"Dmitri Andreev","odds":"501.00","header":"3 or More"},{"name":"Mikhail Bakaev","odds":"201.00","header":"2 or More"},{"name":"Mikhail Bakaev","odds":"501.00","header":"3 or More"},{"name":"Silvije Begic","odds":"201.00","header":"2 or More"},{"name":"Silvije Begic","odds":"501.00","header":"3 or More"},{"name":"Andrey Malykh","odds":"251.00","header":"2 or More"},{"name":"Andrey Malykh","odds":"501.00","header":"3 or More"}],"team_goalscorer":[{"name":"Quincy Promes","odds":"3.20","header":"First"},{"name":"Quincy Promes","odds":"3.20","header":"Last"},{"name":"da Silva Luiz Adriano","odds":"4.00","header":"First"},{"name":"da Silva Luiz Adriano","odds":"4.00","header":"Last"},{"name":"Mendes Ze Luis","odds":"4.00","header":"First"},{"name":"Mendes Ze Luis","odds":"4.00","header":"Last"},{"name":"Ivelin Popov","odds":"4.33","header":"First"},{"name":"Ivelin Popov","odds":"4.33","header":"Last"},{"name":"Lorenzo Melgarejo","odds":"4.33","header":"First"},{"name":"Lorenzo Melgarejo","odds":"4.33","header":"Last"},{"name":"Sofiane Hanni","odds":"4.33","header":"First"},{"name":"Sofiane Hanni","odds":"4.33","header":"Last"},{"name":"Neves Pedro Rocha","odds":"4.75","header":"First"},{"name":"Neves Pedro Rocha","odds":"4.75","header":"Last"},{"name":"Aleksandr Tashaev","odds":"5.50","header":"First"},{"name":"Aleksandr Tashaev","odds":"5.50","header":"Last"},{"name":"Alexander Samedov","odds":"5.50","header":"First"},{"name":"Alexander Samedov","odds":"5.50","header":"Last"},{"name":"Denis Glushakov","odds":"6.00","header":"First"},{"name":"Denis Glushakov","odds":"6.00","header":"Last"},{"name":"Zelimkhan Bakaev","odds":"6.00","header":"First"},{"name":"Zelimkhan Bakaev","odds":"6.00","header":"Last"},{"name":"Artem Timofeev","odds":"8.00","header":"First"},{"name":"Artem Timofeev","odds":"8.00","header":"Last"},{"name":"Dmitri Kombarov","odds":"8.00","header":"First"},{"name":"Dmitri Kombarov","odds":"8.00","header":"Last"},{"name":"Lucas Martins Fernando","odds":"8.00","header":"First"},{"name":"Lucas Martins Fernando","odds":"8.00","header":"Last"},{"name":"Sergei Eremenko","odds":"8.00","header":"First"},{"name":"Sergei Eremenko","odds":"8.00","header":"Last"},{"name":"Roman Zobnin","odds":"10.00","header":"First"},{"name":"Roman Zobnin","odds":"10.00","header":"Last"},{"name":"Marko Petkovic","odds":"17.00","header":"First"},{"name":"Marko Petkovic","odds":"17.00","header":"Last"},{"name":"Salvatore Bocchetti","odds":"17.00","header":"First"},{"name":"Salvatore Bocchetti","odds":"17.00","header":"Last"},{"name":"Samuel Gigot","odds":"17.00","header":"First"},{"name":"Samuel Gigot","odds":"17.00","header":"Last"},{"name":"Andrey Eshchenko","odds":"19.00","header":"First"},{"name":"Andrey Eshchenko","odds":"19.00","header":"Last"},{"name":"Georgi Tigiev","odds":"19.00","header":"First"},{"name":"Georgi Tigiev","odds":"19.00","header":"Last"},{"name":"Ilya Kutepov","odds":"19.00","header":"First"},{"name":"Ilya Kutepov","odds":"19.00","header":"Last"},{"name":"No Goalscorer (Spartak Moscow)","odds":"6.00","header":"First"},{"name":"No Goalscorer (Spartak Moscow)","odds":"6.00","header":"Last"},{"name":"Aleksey Sutormin","odds":"7.50","header":"First"},{"name":"Aleksey Sutormin","odds":"7.50","header":"Last"},{"name":"Andrey Kozlov","odds":"7.50","header":"First"},{"name":"Andrey Kozlov","odds":"7.50","header":"Last"},{"name":"Islam Mashukov","odds":"7.50","header":"First"},{"name":"Islam Mashukov","odds":"7.50","header":"Last"},{"name":"Andrea Chukanov","odds":"8.00","header":"First"},{"name":"Andrea Chukanov","odds":"8.00","header":"Last"},{"name":"Artem Kulishev","odds":"9.00","header":"First"},{"name":"Artem Kulishev","odds":"9.00","header":"Last"},{"name":"Artem Popov","odds":"12.00","header":"First"},{"name":"Artem Popov","odds":"12.00","header":"Last"},{"name":"Denis Popovic","odds":"12.00","header":"First"},{"name":"Denis Popovic","odds":"12.00","header":"Last"},{"name":"Nikita Malyarov","odds":"13.00","header":"First"},{"name":"Nikita Malyarov","odds":"13.00","header":"Last"},{"name":"Grigori Chirkin","odds":"15.00","header":"First"},{"name":"Grigori Chirkin","odds":"15.00","header":"Last"},{"name":"Sergey Breev","odds":"15.00","header":"First"},{"name":"Sergey Breev","odds":"15.00","header":"Last"},{"name":"Sergey Terekhov","odds":"15.00","header":"First"},{"name":"Sergey Terekhov","odds":"15.00","header":"Last"},{"name":"Andrey Mironov","odds":"19.00","header":"First"},{"name":"Andrey Mironov","odds":"19.00","header":"Last"},{"name":"Vadim Afonin","odds":"19.00","header":"First"},{"name":"Vadim Afonin","odds":"19.00","header":"Last"},{"name":"Vitali Shakhov","odds":"19.00","header":"First"},{"name":"Vitali Shakhov","odds":"19.00","header":"Last"},{"name":" Ade","odds":"21.00","header":"First"},{"name":" Ade","odds":"21.00","header":"Last"},{"name":"Dmitri Andreev","odds":"23.00","header":"First"},{"name":"Dmitri Andreev","odds":"23.00","header":"Last"},{"name":"Mikhail Bakaev","odds":"23.00","header":"First"},{"name":"Mikhail Bakaev","odds":"23.00","header":"Last"},{"name":"Silvije Begic","odds":"23.00","header":"First"},{"name":"Silvije Begic","odds":"23.00","header":"Last"},{"name":"Andrey Malykh","odds":"29.00","header":"First"},{"name":"Andrey Malykh","odds":"29.00","header":"Last"},{"name":"No Goalscorer (FC Orenburg)","odds":"1.67","header":"First"},{"name":"No Goalscorer (FC Orenburg)","odds":"1.67","header":"Last"}]}},"schedule":{"updated_at":"1532570869","sp":{"main":[{"odds":"1.975"},{"odds":"1.875"}]}},"specials":{"updated_at":"1532571126","sp":{"specials":[{"name":"To Win From Behind","odds":"8.00","header":"Home"},{"name":"To Win From Behind","odds":"29.00","header":"Away"},{"name":"To Win to Nil","odds":"1.95","header":"Home"},{"name":"To Win to Nil","odds":"13.00","header":"Away"},{"name":"To Win Either Half","odds":"1.22","header":"Home"},{"name":"To Win Either Half","odds":"4.33","header":"Away"},{"name":"To Win Both Halves","odds":"3.25","header":"Home"},{"name":"To Win Both Halves","odds":"67.00","header":"Away"},{"name":"To Score in Both Halves","odds":"2.25","header":"Home"},{"name":"To Score in Both Halves","odds":"13.00","header":"Away"}],"to_score_in_half":[{"name":"1st Half","odds":"1.62","header":"Yes"},{"name":"1st Half","odds":"2.20","header":"No"},{"name":"2nd Half","odds":"1.40","header":"Yes"},{"name":"2nd Half","odds":"2.75","header":"No"},{"name":"1st Half","odds":"4.00","header":"Yes"},{"name":"1st Half","odds":"1.22","header":"No"},{"name":"2nd Half","odds":"3.25","header":"Yes"},{"name":"2nd Half","odds":"1.33","header":"No"}],"own_goal":[{"opp":"Yes","odds":"11.00"},{"opp":"No","odds":"1.05"}]}}}]}}